/inspire/hdd/global_user/mengweicheng-240108120092/lzy/fc-opd-storage/envs/fc-opd-verl071-cu128/lib/python3.12/site-packages/torch/cuda/__init__.py:63: FutureWarning: The pynvml package is deprecated. Please install nvidia-ml-py instead. If you did not install pynvml directly, please report this to the maintainers of the package that installed pynvml for you.
  import pynvml  # type: ignore[import]
INFO 07-11 14:07:18 [__init__.py:216] Automatically detected platform cuda.
2026-07-11 14:07:21,381	INFO worker.py:1814 -- Connecting to existing Ray cluster at address: 252.0.19.74:6379...
2026-07-11 14:07:21,393	INFO worker.py:2003 -- Connected to Ray cluster. View the dashboard at [1m[32mhttp://127.0.0.1:8265 [39m[22m
/inspire/hdd/global_user/mengweicheng-240108120092/lzy/fc-opd-storage/envs/fc-opd-verl071-cu128/lib/python3.12/site-packages/ray/_private/worker.py:2051: FutureWarning: Tip: In future versions of Ray, Ray will no longer override accelerator visible devices env var if num_gpus=0 or num_gpus=None (default). To enable this behavior and turn off this error message, set RAY_ACCEL_ENV_VAR_OVERRIDE_ON_ZERO=0
  warnings.warn(
[36m(pid=3016838)[0m /inspire/hdd/global_user/mengweicheng-240108120092/lzy/fc-opd-storage/envs/fc-opd-verl071-cu128/lib/python3.12/site-packages/torch/cuda/__init__.py:63: FutureWarning: The pynvml package is deprecated. Please install nvidia-ml-py instead. If you did not install pynvml directly, please report this to the maintainers of the package that installed pynvml for you.
[36m(pid=3016838)[0m   import pynvml  # type: ignore[import]
ray init kwargs: {'num_cpus': None, 'runtime_env': {'env_vars': {'TOKENIZERS_PARALLELISM': 'true', 'NCCL_DEBUG': 'WARN', 'VLLM_LOGGING_LEVEL': 'WARN', 'VLLM_ALLOW_RUNTIME_LORA_UPDATING': 'true', 'CUDA_DEVICE_MAX_CONNECTIONS': '1', 'VLLM_DISABLE_COMPILE_CACHE': '1', 'HCCL_HOST_SOCKET_PORT_RANGE': 'auto', 'HCCL_NPU_SOCKET_PORT_RANGE': 'auto'}, 'working_dir': None}}
[36m(TaskRunner pid=3016838)[0m TaskRunner hostname: opd-lzy-lowp--c24fb4f37218-h7ygf7nouj, PID: 3016838
[36m(TaskRunner pid=3016838)[0m {'actor_rollout_ref': {'actor': {'_target_': 'verl.workers.config.FSDPActorConfig',
[36m(TaskRunner pid=3016838)[0m                                  'calculate_entropy': False,
[36m(TaskRunner pid=3016838)[0m                                  'calculate_sum_pi_squared': False,
[36m(TaskRunner pid=3016838)[0m                                  'checkpoint': {'_target_': 'verl.trainer.config.CheckpointConfig',
[36m(TaskRunner pid=3016838)[0m                                                 'async_save': False,
[36m(TaskRunner pid=3016838)[0m                                                 'load_contents': ['model',
[36m(TaskRunner pid=3016838)[0m                                                                   'optimizer',
[36m(TaskRunner pid=3016838)[0m                                                                   'extra'],
[36m(TaskRunner pid=3016838)[0m                                                 'mbridge_config': {},
[36m(TaskRunner pid=3016838)[0m                                                 'save_contents': ['model',
[36m(TaskRunner pid=3016838)[0m                                                                   'optimizer',
[36m(TaskRunner pid=3016838)[0m                                                                   'extra']},
[36m(TaskRunner pid=3016838)[0m                                  'clip_ratio': 0.2,
[36m(TaskRunner pid=3016838)[0m                                  'clip_ratio_c': 3.0,
[36m(TaskRunner pid=3016838)[0m                                  'clip_ratio_high': 0.2,
[36m(TaskRunner pid=3016838)[0m                                  'clip_ratio_low': 0.2,
[36m(TaskRunner pid=3016838)[0m                                  'data_loader_seed': 42,
[36m(TaskRunner pid=3016838)[0m                                  'entropy_checkpointing': False,
[36m(TaskRunner pid=3016838)[0m                                  'entropy_coeff': 0,
[36m(TaskRunner pid=3016838)[0m                                  'entropy_from_logits_with_chunking': False,
[36m(TaskRunner pid=3016838)[0m                                  'freeze_vision_tower': False,
[36m(TaskRunner pid=3016838)[0m                                  'fsdp_config': {'_target_': 'verl.workers.config.FSDPEngineConfig',
[36m(TaskRunner pid=3016838)[0m                                                  'dtype': 'bfloat16',
[36m(TaskRunner pid=3016838)[0m                                                  'entropy_checkpointing': False,
[36m(TaskRunner pid=3016838)[0m                                                  'entropy_from_logits_with_chunking': False,
[36m(TaskRunner pid=3016838)[0m                                                  'forward_only': False,
[36m(TaskRunner pid=3016838)[0m                                                  'forward_prefetch': False,
[36m(TaskRunner pid=3016838)[0m                                                  'fsdp_size': -1,
[36m(TaskRunner pid=3016838)[0m                                                  'full_determinism': False,
[36m(TaskRunner pid=3016838)[0m                                                  'model_dtype': 'fp32',
[36m(TaskRunner pid=3016838)[0m                                                  'offload_policy': False,
[36m(TaskRunner pid=3016838)[0m                                                  'optimizer_offload': False,
[36m(TaskRunner pid=3016838)[0m                                                  'param_offload': False,
[36m(TaskRunner pid=3016838)[0m                                                  'qat': {'_target_': 'verl.workers.config.QATEngineConfig',
[36m(TaskRunner pid=3016838)[0m                                                          'activation_observer': 'static_minmax',
[36m(TaskRunner pid=3016838)[0m                                                          'enable': False,
[36m(TaskRunner pid=3016838)[0m                                                          'group_size': 16,
[36m(TaskRunner pid=3016838)[0m                                                          'ignore_patterns': ['lm_head',
[36m(TaskRunner pid=3016838)[0m                                                                              'embed_tokens',
[36m(TaskRunner pid=3016838)[0m                                                                              're:.*mlp.gate$'],
[36m(TaskRunner pid=3016838)[0m                                                          'mode': 'w4a16',
[36m(TaskRunner pid=3016838)[0m                                                          'quantization_config_path': None},
[36m(TaskRunner pid=3016838)[0m                                                  'reshard_after_forward': True,
[36m(TaskRunner pid=3016838)[0m                                                  'seed': 42,
[36m(TaskRunner pid=3016838)[0m                                                  'strategy': 'fsdp',
[36m(TaskRunner pid=3016838)[0m                                                  'ulysses_sequence_parallel_size': 1,
[36m(TaskRunner pid=3016838)[0m                                                  'use_orig_params': False,
[36m(TaskRunner pid=3016838)[0m                                                  'use_torch_compile': True,
[36m(TaskRunner pid=3016838)[0m                                                  'wrap_policy': {'min_num_params': 0}},
[36m(TaskRunner pid=3016838)[0m                                  'grad_clip': 1.0,
[36m(TaskRunner pid=3016838)[0m                                  'kl_loss_coef': 0.001,
[36m(TaskRunner pid=3016838)[0m                                  'kl_loss_type': 'low_var_kl',
[36m(TaskRunner pid=3016838)[0m                                  'loss_agg_mode': 'token-mean',
[36m(TaskRunner pid=3016838)[0m                                  'loss_scale_factor': None,
[36m(TaskRunner pid=3016838)[0m                                  'optim': {'_target_': 'verl.workers.config.FSDPOptimizerConfig',
[36m(TaskRunner pid=3016838)[0m                                            'betas': [0.9, 0.999],
[36m(TaskRunner pid=3016838)[0m                                            'clip_grad': 1.0,
[36m(TaskRunner pid=3016838)[0m                                            'lr': 1e-06,
[36m(TaskRunner pid=3016838)[0m                                            'lr_scheduler_type': 'constant',
[36m(TaskRunner pid=3016838)[0m                                            'lr_warmup_steps': -1,
[36m(TaskRunner pid=3016838)[0m                                            'lr_warmup_steps_ratio': 0.0,
[36m(TaskRunner pid=3016838)[0m                                            'min_lr_ratio': 0.0,
[36m(TaskRunner pid=3016838)[0m                                            'num_cycles': 0.5,
[36m(TaskRunner pid=3016838)[0m                                            'optimizer': 'AdamW',
[36m(TaskRunner pid=3016838)[0m                                            'optimizer_impl': 'torch.optim',
[36m(TaskRunner pid=3016838)[0m                                            'override_optimizer_config': None,
[36m(TaskRunner pid=3016838)[0m                                            'total_training_steps': -1,
[36m(TaskRunner pid=3016838)[0m                                            'warmup_style': None,
[36m(TaskRunner pid=3016838)[0m                                            'weight_decay': 0.01,
[36m(TaskRunner pid=3016838)[0m                                            'zero_indexed_step': True},
[36m(TaskRunner pid=3016838)[0m                                  'policy_loss': {'_target_': 'verl.workers.config.PolicyLossConfig',
[36m(TaskRunner pid=3016838)[0m                                                  'clip_cov_lb': 1.0,
[36m(TaskRunner pid=3016838)[0m                                                  'clip_cov_ratio': 0.0002,
[36m(TaskRunner pid=3016838)[0m                                                  'clip_cov_ub': 5.0,
[36m(TaskRunner pid=3016838)[0m                                                  'kl_cov_ratio': 0.0002,
[36m(TaskRunner pid=3016838)[0m                                                  'loss_mode': 'vanilla',
[36m(TaskRunner pid=3016838)[0m                                                  'ppo_kl_coef': 0.1},
[36m(TaskRunner pid=3016838)[0m                                  'ppo_epochs': 1,
[36m(TaskRunner pid=3016838)[0m                                  'ppo_max_token_len_per_gpu': 8192,
[36m(TaskRunner pid=3016838)[0m                                  'ppo_micro_batch_size': None,
[36m(TaskRunner pid=3016838)[0m                                  'ppo_micro_batch_size_per_gpu': 1,
[36m(TaskRunner pid=3016838)[0m                                  'ppo_mini_batch_size': 4,
[36m(TaskRunner pid=3016838)[0m                                  'profiler': {'_target_': 'verl.utils.profiler.ProfilerConfig',
[36m(TaskRunner pid=3016838)[0m                                               'all_ranks': False,
[36m(TaskRunner pid=3016838)[0m                                               'enable': False,
[36m(TaskRunner pid=3016838)[0m                                               'ranks': [],
[36m(TaskRunner pid=3016838)[0m                                               'save_path': 'outputs/profile',
[36m(TaskRunner pid=3016838)[0m                                               'tool': None,
[36m(TaskRunner pid=3016838)[0m                                               'tool_config': {'npu': {'_target_': 'verl.utils.profiler.config.NPUToolConfig',
[36m(TaskRunner pid=3016838)[0m                                                                       'analysis': True,
[36m(TaskRunner pid=3016838)[0m                                                                       'contents': [],
[36m(TaskRunner pid=3016838)[0m                                                                       'discrete': False,
[36m(TaskRunner pid=3016838)[0m                                                                       'level': 'level0'},
[36m(TaskRunner pid=3016838)[0m                                                               'nsys': {'_target_': 'verl.utils.profiler.config.NsightToolConfig',
[36m(TaskRunner pid=3016838)[0m                                                                        'discrete': False},
[36m(TaskRunner pid=3016838)[0m                                                               'torch': {'_target_': 'verl.utils.profiler.config.TorchProfilerToolConfig',
[36m(TaskRunner pid=3016838)[0m                                                                         'contents': [],
[36m(TaskRunner pid=3016838)[0m                                                                         'discrete': False},
[36m(TaskRunner pid=3016838)[0m                                                               'torch_memory': {'_target_': 'verl.utils.profiler.config.TorchMemoryToolConfig',
[36m(TaskRunner pid=3016838)[0m                                                                                'stack_depth': 32,
[36m(TaskRunner pid=3016838)[0m                                                                                'trace_alloc_max_entries': 100000}}},
[36m(TaskRunner pid=3016838)[0m                                  'qat': {'activation_observer': 'static_minmax',
[36m(TaskRunner pid=3016838)[0m                                          'enable': False,
[36m(TaskRunner pid=3016838)[0m                                          'group_size': 16,
[36m(TaskRunner pid=3016838)[0m                                          'ignore_patterns': ['lm_head',
[36m(TaskRunner pid=3016838)[0m                                                              'embed_tokens',
[36m(TaskRunner pid=3016838)[0m                                                              're:.*mlp.gate$'],
[36m(TaskRunner pid=3016838)[0m                                          'mode': 'w4a16',
[36m(TaskRunner pid=3016838)[0m                                          'quantization_config_path': None},
[36m(TaskRunner pid=3016838)[0m                                  'rollout_n': 1,
[36m(TaskRunner pid=3016838)[0m                                  'router_replay': {'_target_': 'verl.workers.config.RouterReplayConfig',
[36m(TaskRunner pid=3016838)[0m                                                    'mode': 'disabled',
[36m(TaskRunner pid=3016838)[0m                                                    'record_file': None,
[36m(TaskRunner pid=3016838)[0m                                                    'replay_file': None},
[36m(TaskRunner pid=3016838)[0m                                  'shuffle': False,
[36m(TaskRunner pid=3016838)[0m                                  'strategy': 'fsdp2',
[36m(TaskRunner pid=3016838)[0m                                  'sum_pi_squared_checkpointing': False,
[36m(TaskRunner pid=3016838)[0m                                  'tau_neg': 1.05,
[36m(TaskRunner pid=3016838)[0m                                  'tau_pos': 1.0,
[36m(TaskRunner pid=3016838)[0m                                  'ulysses_sequence_parallel_size': 1,
[36m(TaskRunner pid=3016838)[0m                                  'use_dynamic_bsz': True,
[36m(TaskRunner pid=3016838)[0m                                  'use_fused_kernels': False,
[36m(TaskRunner pid=3016838)[0m                                  'use_kl_loss': False,
[36m(TaskRunner pid=3016838)[0m                                  'use_prefix_grouper': False,
[36m(TaskRunner pid=3016838)[0m                                  'use_remove_padding': False,
[36m(TaskRunner pid=3016838)[0m                                  'use_torch_compile': True},
[36m(TaskRunner pid=3016838)[0m                        'hybrid_engine': True,
[36m(TaskRunner pid=3016838)[0m                        'model': {'_target_': 'verl.workers.config.HFModelConfig',
[36m(TaskRunner pid=3016838)[0m                                  'custom_chat_template': None,
[36m(TaskRunner pid=3016838)[0m                                  'enable_activation_offload': False,
[36m(TaskRunner pid=3016838)[0m                                  'enable_gradient_checkpointing': True,
[36m(TaskRunner pid=3016838)[0m                                  'exclude_modules': None,
[36m(TaskRunner pid=3016838)[0m                                  'external_lib': None,
[36m(TaskRunner pid=3016838)[0m                                  'fused_kernel_options': {'impl_backend': 'torch'},
[36m(TaskRunner pid=3016838)[0m                                  'hf_config_path': None,
[36m(TaskRunner pid=3016838)[0m                                  'lora_adapter_path': None,
[36m(TaskRunner pid=3016838)[0m                                  'lora_alpha': 16,
[36m(TaskRunner pid=3016838)[0m                                  'lora_rank': 0,
[36m(TaskRunner pid=3016838)[0m                                  'mtp': {'_target_': 'verl.workers.config.MtpConfig',
[36m(TaskRunner pid=3016838)[0m                                          'detach_encoder': False,
[36m(TaskRunner pid=3016838)[0m                                          'enable': False,
[36m(TaskRunner pid=3016838)[0m                                          'enable_rollout': False,
[36m(TaskRunner pid=3016838)[0m                                          'enable_train': False,
[36m(TaskRunner pid=3016838)[0m                                          'method': 'mtp',
[36m(TaskRunner pid=3016838)[0m                                          'mtp_loss_scaling_factor': 0.1,
[36m(TaskRunner pid=3016838)[0m                                          'num_speculative_tokens': 1,
[36m(TaskRunner pid=3016838)[0m                                          'speculative_algorithm': 'EAGLE',
[36m(TaskRunner pid=3016838)[0m                                          'speculative_eagle_topk': 1,
[36m(TaskRunner pid=3016838)[0m                                          'speculative_num_draft_tokens': 4,
[36m(TaskRunner pid=3016838)[0m                                          'speculative_num_steps': 3},
[36m(TaskRunner pid=3016838)[0m                                  'override_config': {'attn_implementation': 'sdpa'},
[36m(TaskRunner pid=3016838)[0m                                  'path': '/inspire/hdd/global_user/mengweicheng-240108120092/lzy/models/Qwen3-VL-4B-Instruct',
[36m(TaskRunner pid=3016838)[0m                                  'target_modules': 'all-linear',
[36m(TaskRunner pid=3016838)[0m                                  'tiled_mlp': {'enabled': False,
[36m(TaskRunner pid=3016838)[0m                                                'num_shards': 4},
[36m(TaskRunner pid=3016838)[0m                                  'tokenizer_path': None,
[36m(TaskRunner pid=3016838)[0m                                  'trust_remote_code': False,
[36m(TaskRunner pid=3016838)[0m                                  'use_fused_kernels': False,
[36m(TaskRunner pid=3016838)[0m                                  'use_liger': False,
[36m(TaskRunner pid=3016838)[0m                                  'use_remove_padding': False,
[36m(TaskRunner pid=3016838)[0m                                  'use_shm': False},
[36m(TaskRunner pid=3016838)[0m                        'nccl_timeout': 600,
[36m(TaskRunner pid=3016838)[0m                        'ref': {'_target_': 'verl.workers.config.FSDPActorConfig',
[36m(TaskRunner pid=3016838)[0m                                'entropy_checkpointing': False,
[36m(TaskRunner pid=3016838)[0m                                'entropy_from_logits_with_chunking': False,
[36m(TaskRunner pid=3016838)[0m                                'fsdp_config': {'_target_': 'verl.workers.config.FSDPEngineConfig',
[36m(TaskRunner pid=3016838)[0m                                                'dtype': 'bfloat16',
[36m(TaskRunner pid=3016838)[0m                                                'entropy_checkpointing': False,
[36m(TaskRunner pid=3016838)[0m                                                'entropy_from_logits_with_chunking': False,
[36m(TaskRunner pid=3016838)[0m                                                'forward_only': True,
[36m(TaskRunner pid=3016838)[0m                                                'forward_prefetch': False,
[36m(TaskRunner pid=3016838)[0m                                                'fsdp_size': -1,
[36m(TaskRunner pid=3016838)[0m                                                'full_determinism': False,
[36m(TaskRunner pid=3016838)[0m                                                'model_dtype': 'fp32',
[36m(TaskRunner pid=3016838)[0m                                                'offload_policy': False,
[36m(TaskRunner pid=3016838)[0m                                                'optimizer_offload': False,
[36m(TaskRunner pid=3016838)[0m                                                'param_offload': False,
[36m(TaskRunner pid=3016838)[0m                                                'qat': {'_target_': 'verl.workers.config.QATEngineConfig',
[36m(TaskRunner pid=3016838)[0m                                                        'activation_observer': 'static_minmax',
[36m(TaskRunner pid=3016838)[0m                                                        'enable': False,
[36m(TaskRunner pid=3016838)[0m                                                        'group_size': 16,
[36m(TaskRunner pid=3016838)[0m                                                        'ignore_patterns': ['lm_head',
[36m(TaskRunner pid=3016838)[0m                                                                            'embed_tokens',
[36m(TaskRunner pid=3016838)[0m                                                                            're:.*mlp.gate$'],
[36m(TaskRunner pid=3016838)[0m                                                        'mode': 'w4a16',
[36m(TaskRunner pid=3016838)[0m                                                        'quantization_config_path': None},
[36m(TaskRunner pid=3016838)[0m                                                'reshard_after_forward': True,
[36m(TaskRunner pid=3016838)[0m                                                'seed': 42,
[36m(TaskRunner pid=3016838)[0m                                                'strategy': 'fsdp',
[36m(TaskRunner pid=3016838)[0m                                                'ulysses_sequence_parallel_size': 1,
[36m(TaskRunner pid=3016838)[0m                                                'use_orig_params': False,
[36m(TaskRunner pid=3016838)[0m                                                'use_torch_compile': True,
[36m(TaskRunner pid=3016838)[0m                                                'wrap_policy': {'min_num_params': 0}},
[36m(TaskRunner pid=3016838)[0m                                'log_prob_max_token_len_per_gpu': 8192,
[36m(TaskRunner pid=3016838)[0m                                'log_prob_micro_batch_size': None,
[36m(TaskRunner pid=3016838)[0m                                'log_prob_micro_batch_size_per_gpu': None,
[36m(TaskRunner pid=3016838)[0m                                'log_prob_use_dynamic_bsz': True,
[36m(TaskRunner pid=3016838)[0m                                'profiler': {'_target_': 'verl.utils.profiler.ProfilerConfig',
[36m(TaskRunner pid=3016838)[0m                                             'all_ranks': False,
[36m(TaskRunner pid=3016838)[0m                                             'enable': False,
[36m(TaskRunner pid=3016838)[0m                                             'ranks': [],
[36m(TaskRunner pid=3016838)[0m                                             'save_path': 'outputs/profile',
[36m(TaskRunner pid=3016838)[0m                                             'tool': None,
[36m(TaskRunner pid=3016838)[0m                                             'tool_config': {'npu': {'_target_': 'verl.utils.profiler.config.NPUToolConfig',
[36m(TaskRunner pid=3016838)[0m                                                                     'analysis': True,
[36m(TaskRunner pid=3016838)[0m                                                                     'contents': [],
[36m(TaskRunner pid=3016838)[0m                                                                     'discrete': False,
[36m(TaskRunner pid=3016838)[0m                                                                     'level': 'level0'},
[36m(TaskRunner pid=3016838)[0m                                                             'nsys': {'_target_': 'verl.utils.profiler.config.NsightToolConfig',
[36m(TaskRunner pid=3016838)[0m                                                                      'discrete': False},
[36m(TaskRunner pid=3016838)[0m                                                             'torch': {'_target_': 'verl.utils.profiler.config.TorchProfilerToolConfig',
[36m(TaskRunner pid=3016838)[0m                                                                       'contents': [],
[36m(TaskRunner pid=3016838)[0m                                                                       'discrete': False},
[36m(TaskRunner pid=3016838)[0m                                                             'torch_memory': {'_target_': 'verl.utils.profiler.config.TorchMemoryToolConfig',
[36m(TaskRunner pid=3016838)[0m                                                                              'stack_depth': 32,
[36m(TaskRunner pid=3016838)[0m                                                                              'trace_alloc_max_entries': 100000}}},
[36m(TaskRunner pid=3016838)[0m                                'rollout_n': 1,
[36m(TaskRunner pid=3016838)[0m                                'router_replay': {'_target_': 'verl.workers.config.RouterReplayConfig',
[36m(TaskRunner pid=3016838)[0m                                                  'mode': 'disabled',
[36m(TaskRunner pid=3016838)[0m                                                  'record_file': None,
[36m(TaskRunner pid=3016838)[0m                                                  'replay_file': None},
[36m(TaskRunner pid=3016838)[0m                                'strategy': 'fsdp2',
[36m(TaskRunner pid=3016838)[0m                                'ulysses_sequence_parallel_size': 1,
[36m(TaskRunner pid=3016838)[0m                                'use_torch_compile': True},
[36m(TaskRunner pid=3016838)[0m                        'rollout': {'_target_': 'verl.workers.config.RolloutConfig',
[36m(TaskRunner pid=3016838)[0m                                    'agent': {'_target_': 'verl.workers.config.AgentLoopConfig',
[36m(TaskRunner pid=3016838)[0m                                              'agent_loop_config_path': None,
[36m(TaskRunner pid=3016838)[0m                                              'custom_async_server': {'_target_': 'verl.workers.config.CustomAsyncServerConfig',
[36m(TaskRunner pid=3016838)[0m                                                                      'name': None,
[36m(TaskRunner pid=3016838)[0m                                                                      'path': None},
[36m(TaskRunner pid=3016838)[0m                                              'default_agent_loop': 'single_turn_agent',
[36m(TaskRunner pid=3016838)[0m                                              'num_workers': 4},
[36m(TaskRunner pid=3016838)[0m                                    'calculate_log_probs': False,
[36m(TaskRunner pid=3016838)[0m                                    'checkpoint_engine': {'_target_': 'verl.workers.config.CheckpointEngineConfig',
[36m(TaskRunner pid=3016838)[0m                                                          'backend': 'naive',
[36m(TaskRunner pid=3016838)[0m                                                          'engine_kwargs': {},
[36m(TaskRunner pid=3016838)[0m                                                          'update_weights_bucket_megabytes': 2048},
[36m(TaskRunner pid=3016838)[0m                                    'cudagraph_capture_sizes': None,
[36m(TaskRunner pid=3016838)[0m                                    'data_parallel_size': 1,
[36m(TaskRunner pid=3016838)[0m                                    'disable_log_stats': True,
[36m(TaskRunner pid=3016838)[0m                                    'do_sample': True,
[36m(TaskRunner pid=3016838)[0m                                    'dtype': 'bfloat16',
[36m(TaskRunner pid=3016838)[0m                                    'enable_chunked_prefill': True,
[36m(TaskRunner pid=3016838)[0m                                    'enable_prefix_caching': True,
[36m(TaskRunner pid=3016838)[0m                                    'enable_rollout_routing_replay': False,
[36m(TaskRunner pid=3016838)[0m                                    'enforce_eager': False,
[36m(TaskRunner pid=3016838)[0m                                    'engine_kwargs': {'sglang': {},
[36m(TaskRunner pid=3016838)[0m                                                      'trtllm': {},
[36m(TaskRunner pid=3016838)[0m                                                      'vllm': {}},
[36m(TaskRunner pid=3016838)[0m                                    'expert_parallel_size': 1,
[36m(TaskRunner pid=3016838)[0m                                    'free_cache_engine': True,
[36m(TaskRunner pid=3016838)[0m                                    'gpu_memory_utilization': 0.45,
[36m(TaskRunner pid=3016838)[0m                                    'ignore_eos': False,
[36m(TaskRunner pid=3016838)[0m                                    'layered_summon': False,
[36m(TaskRunner pid=3016838)[0m                                    'load_format': 'dummy',
[36m(TaskRunner pid=3016838)[0m                                    'log_prob_max_token_len_per_gpu': 8192,
[36m(TaskRunner pid=3016838)[0m                                    'log_prob_micro_batch_size': None,
[36m(TaskRunner pid=3016838)[0m                                    'log_prob_micro_batch_size_per_gpu': 4,
[36m(TaskRunner pid=3016838)[0m                                    'log_prob_use_dynamic_bsz': True,
[36m(TaskRunner pid=3016838)[0m                                    'logprobs_mode': 'processed_logprobs',
[36m(TaskRunner pid=3016838)[0m                                    'max_model_len': 7168,
[36m(TaskRunner pid=3016838)[0m                                    'max_num_batched_tokens': 8192,
[36m(TaskRunner pid=3016838)[0m                                    'max_num_seqs': 1024,
[36m(TaskRunner pid=3016838)[0m                                    'mode': 'async',
[36m(TaskRunner pid=3016838)[0m                                    'mtp': {'_target_': 'verl.workers.config.MtpConfig',
[36m(TaskRunner pid=3016838)[0m                                            'detach_encoder': False,
[36m(TaskRunner pid=3016838)[0m                                            'enable': False,
[36m(TaskRunner pid=3016838)[0m                                            'enable_rollout': False,
[36m(TaskRunner pid=3016838)[0m                                            'enable_train': False,
[36m(TaskRunner pid=3016838)[0m                                            'method': 'mtp',
[36m(TaskRunner pid=3016838)[0m                                            'mtp_loss_scaling_factor': 0.1,
[36m(TaskRunner pid=3016838)[0m                                            'num_speculative_tokens': 1,
[36m(TaskRunner pid=3016838)[0m                                            'speculative_algorithm': 'EAGLE',
[36m(TaskRunner pid=3016838)[0m                                            'speculative_eagle_topk': 1,
[36m(TaskRunner pid=3016838)[0m                                            'speculative_num_draft_tokens': 4,
[36m(TaskRunner pid=3016838)[0m                                            'speculative_num_steps': 3},
[36m(TaskRunner pid=3016838)[0m                                    'multi_stage_wake_up': False,
[36m(TaskRunner pid=3016838)[0m                                    'multi_turn': {'_target_': 'verl.workers.config.MultiTurnConfig',
[36m(TaskRunner pid=3016838)[0m                                                   'enable': False,
[36m(TaskRunner pid=3016838)[0m                                                   'format': 'hermes',
[36m(TaskRunner pid=3016838)[0m                                                   'interaction_config_path': None,
[36m(TaskRunner pid=3016838)[0m                                                   'max_assistant_turns': None,
[36m(TaskRunner pid=3016838)[0m                                                   'max_parallel_calls': 1,
[36m(TaskRunner pid=3016838)[0m                                                   'max_tool_response_length': 256,
[36m(TaskRunner pid=3016838)[0m                                                   'max_user_turns': None,
[36m(TaskRunner pid=3016838)[0m                                                   'num_repeat_rollouts': None,
[36m(TaskRunner pid=3016838)[0m                                                   'tokenization_sanity_check_mode': 'strict',
[36m(TaskRunner pid=3016838)[0m                                                   'tool_config_path': None,
[36m(TaskRunner pid=3016838)[0m                                                   'tool_response_truncate_side': 'middle',
[36m(TaskRunner pid=3016838)[0m                                                   'use_inference_chat_template': False},
[36m(TaskRunner pid=3016838)[0m                                    'n': 1,
[36m(TaskRunner pid=3016838)[0m                                    'n_gpus_per_node': 4,
[36m(TaskRunner pid=3016838)[0m                                    'name': 'vllm',
[36m(TaskRunner pid=3016838)[0m                                    'nnodes': 0,
[36m(TaskRunner pid=3016838)[0m                                    'over_sample_rate': 0,
[36m(TaskRunner pid=3016838)[0m                                    'pipeline_model_parallel_size': 1,
[36m(TaskRunner pid=3016838)[0m                                    'profiler': {'_target_': 'verl.utils.profiler.ProfilerConfig',
[36m(TaskRunner pid=3016838)[0m                                                 'all_ranks': False,
[36m(TaskRunner pid=3016838)[0m                                                 'enable': False,
[36m(TaskRunner pid=3016838)[0m                                                 'ranks': [],
[36m(TaskRunner pid=3016838)[0m                                                 'save_path': 'outputs/profile',
[36m(TaskRunner pid=3016838)[0m                                                 'tool': None,
[36m(TaskRunner pid=3016838)[0m                                                 'tool_config': {'npu': {'_target_': 'verl.utils.profiler.config.NPUToolConfig',
[36m(TaskRunner pid=3016838)[0m                                                                         'analysis': True,
[36m(TaskRunner pid=3016838)[0m                                                                         'contents': [],
[36m(TaskRunner pid=3016838)[0m                                                                         'discrete': False,
[36m(TaskRunner pid=3016838)[0m                                                                         'level': 'level0'},
[36m(TaskRunner pid=3016838)[0m                                                                 'torch': {'_target_': 'verl.utils.profiler.config.TorchProfilerToolConfig',
[36m(TaskRunner pid=3016838)[0m                                                                           'contents': [],
[36m(TaskRunner pid=3016838)[0m                                                                           'discrete': False}}},
[36m(TaskRunner pid=3016838)[0m                                    'prometheus': {'_target_': 'verl.workers.config.PrometheusConfig',
[36m(TaskRunner pid=3016838)[0m                                                   'enable': False,
[36m(TaskRunner pid=3016838)[0m                                                   'file': '/tmp/ray/session_latest/metrics/prometheus/prometheus.yml',
[36m(TaskRunner pid=3016838)[0m                                                   'port': 9090,
[36m(TaskRunner pid=3016838)[0m                                                   'served_model_name': '/inspire/hdd/global_user/mengweicheng-240108120092/lzy/models/Qwen3-VL-4B-Instruct'},
[36m(TaskRunner pid=3016838)[0m                                    'prompt_length': 6144,
[36m(TaskRunner pid=3016838)[0m                                    'qat': {'_target_': 'verl.workers.config.QATEngineConfig',
[36m(TaskRunner pid=3016838)[0m                                            'activation_observer': 'static_minmax',
[36m(TaskRunner pid=3016838)[0m                                            'enable': False,
[36m(TaskRunner pid=3016838)[0m                                            'group_size': 16,
[36m(TaskRunner pid=3016838)[0m                                            'ignore_patterns': ['lm_head',
[36m(TaskRunner pid=3016838)[0m                                                                'embed_tokens',
[36m(TaskRunner pid=3016838)[0m                                                                're:.*mlp.gate$'],
[36m(TaskRunner pid=3016838)[0m                                            'mode': 'w4a16',
[36m(TaskRunner pid=3016838)[0m                                            'quantization_config_path': None},
[36m(TaskRunner pid=3016838)[0m                                    'quantization': None,
[36m(TaskRunner pid=3016838)[0m                                    'quantization_config_file': None,
[36m(TaskRunner pid=3016838)[0m                                    'response_length': 1024,
[36m(TaskRunner pid=3016838)[0m                                    'scheduling_policy': 'fcfs',
[36m(TaskRunner pid=3016838)[0m                                    'skip_dump_dir': '/tmp/rollout_dump',
[36m(TaskRunner pid=3016838)[0m                                    'skip_rollout': False,
[36m(TaskRunner pid=3016838)[0m                                    'skip_tokenizer_init': True,
[36m(TaskRunner pid=3016838)[0m                                    'temperature': 1.0,
[36m(TaskRunner pid=3016838)[0m                                    'tensor_model_parallel_size': 1,
[36m(TaskRunner pid=3016838)[0m                                    'top_k': -1,
[36m(TaskRunner pid=3016838)[0m                                    'top_p': 0.99,
[36m(TaskRunner pid=3016838)[0m                                    'trace': {'_target_': 'verl.workers.config.TraceConfig',
[36m(TaskRunner pid=3016838)[0m                                              'backend': None,
[36m(TaskRunner pid=3016838)[0m                                              'experiment_name': 'qwen3vl_geometry3k_gkd_concise_boxed_prompt_20260711_140550',
[36m(TaskRunner pid=3016838)[0m                                              'max_samples_per_step_per_worker': None,
[36m(TaskRunner pid=3016838)[0m                                              'project_name': 'qwen3vl_geometry3k_distill',
[36m(TaskRunner pid=3016838)[0m                                              'token2text': False},
[36m(TaskRunner pid=3016838)[0m                                    'val_kwargs': {'_target_': 'verl.workers.config.SamplingConfig',
[36m(TaskRunner pid=3016838)[0m                                                   'do_sample': False,
[36m(TaskRunner pid=3016838)[0m                                                   'n': 1,
[36m(TaskRunner pid=3016838)[0m                                                   'temperature': 0,
[36m(TaskRunner pid=3016838)[0m                                                   'top_k': -1,
[36m(TaskRunner pid=3016838)[0m                                                   'top_p': 1.0}}},
[36m(TaskRunner pid=3016838)[0m  'algorithm': {'_target_': 'verl.trainer.config.AlgoConfig',
[36m(TaskRunner pid=3016838)[0m                'adv_estimator': 'grpo',
[36m(TaskRunner pid=3016838)[0m                'fc_opd': {'compute_hook_loss': False,
[36m(TaskRunner pid=3016838)[0m                           'conditions': ['full'],
[36m(TaskRunner pid=3016838)[0m                           'include_tail': False,
[36m(TaskRunner pid=3016838)[0m                           'loss_coef': 1.0,
[36m(TaskRunner pid=3016838)[0m                           'loss_mode': 'gkd',
[36m(TaskRunner pid=3016838)[0m                           'post_rollout_hook': 'dual_track_opd.fc_opd.verl_post_rollout_hook.fc_opd_post_rollout_hook',
[36m(TaskRunner pid=3016838)[0m                           'renormalize_topk': True,
[36m(TaskRunner pid=3016838)[0m                           'teacher_url': 'http://127.0.0.1:18080'},
[36m(TaskRunner pid=3016838)[0m                'gamma': 1.0,
[36m(TaskRunner pid=3016838)[0m                'kl_ctrl': {'_target_': 'verl.trainer.config.KLControlConfig',
[36m(TaskRunner pid=3016838)[0m                            'horizon': 10000,
[36m(TaskRunner pid=3016838)[0m                            'kl_coef': 0.001,
[36m(TaskRunner pid=3016838)[0m                            'target_kl': 0.1,
[36m(TaskRunner pid=3016838)[0m                            'type': 'fixed'},
[36m(TaskRunner pid=3016838)[0m                'kl_penalty': 'kl',
[36m(TaskRunner pid=3016838)[0m                'lam': 1.0,
[36m(TaskRunner pid=3016838)[0m                'norm_adv_by_std_in_grpo': True,
[36m(TaskRunner pid=3016838)[0m                'pf_ppo': {'reweight_method': 'pow', 'weight_pow': 2.0},
[36m(TaskRunner pid=3016838)[0m                'rollout_correction': {'bypass_mode': False,
[36m(TaskRunner pid=3016838)[0m                                       'loss_type': 'ppo_clip',
[36m(TaskRunner pid=3016838)[0m                                       'rollout_is': None,
[36m(TaskRunner pid=3016838)[0m                                       'rollout_is_batch_normalize': False,
[36m(TaskRunner pid=3016838)[0m                                       'rollout_is_threshold': 2.0,
[36m(TaskRunner pid=3016838)[0m                                       'rollout_rs': None,
[36m(TaskRunner pid=3016838)[0m                                       'rollout_rs_threshold': None},
[36m(TaskRunner pid=3016838)[0m                'use_kl_in_reward': False,
[36m(TaskRunner pid=3016838)[0m                'use_pf_ppo': False},
[36m(TaskRunner pid=3016838)[0m  'critic': {'_target_': 'verl.workers.config.FSDPCriticConfig',
[36m(TaskRunner pid=3016838)[0m             'checkpoint': {'_target_': 'verl.trainer.config.CheckpointConfig',
[36m(TaskRunner pid=3016838)[0m                            'async_save': False,
[36m(TaskRunner pid=3016838)[0m                            'load_contents': ['model', 'optimizer', 'extra'],
[36m(TaskRunner pid=3016838)[0m                            'mbridge_config': {},
[36m(TaskRunner pid=3016838)[0m                            'save_contents': ['model', 'optimizer', 'extra']},
[36m(TaskRunner pid=3016838)[0m             'cliprange_value': 0.5,
[36m(TaskRunner pid=3016838)[0m             'data_loader_seed': 42,
[36m(TaskRunner pid=3016838)[0m             'enable': None,
[36m(TaskRunner pid=3016838)[0m             'forward_max_token_len_per_gpu': 32768,
[36m(TaskRunner pid=3016838)[0m             'forward_micro_batch_size': None,
[36m(TaskRunner pid=3016838)[0m             'forward_micro_batch_size_per_gpu': None,
[36m(TaskRunner pid=3016838)[0m             'grad_clip': 1.0,
[36m(TaskRunner pid=3016838)[0m             'loss_agg_mode': 'token-mean',
[36m(TaskRunner pid=3016838)[0m             'model': {'_target_': 'verl.workers.config.FSDPCriticModelCfg',
[36m(TaskRunner pid=3016838)[0m                       'enable_activation_offload': False,
[36m(TaskRunner pid=3016838)[0m                       'enable_gradient_checkpointing': True,
[36m(TaskRunner pid=3016838)[0m                       'external_lib': None,
[36m(TaskRunner pid=3016838)[0m                       'fsdp_config': {'_target_': 'verl.workers.config.FSDPEngineConfig',
[36m(TaskRunner pid=3016838)[0m                                       'dtype': 'bfloat16',
[36m(TaskRunner pid=3016838)[0m                                       'entropy_checkpointing': False,
[36m(TaskRunner pid=3016838)[0m                                       'entropy_from_logits_with_chunking': False,
[36m(TaskRunner pid=3016838)[0m                                       'forward_only': False,
[36m(TaskRunner pid=3016838)[0m                                       'forward_prefetch': False,
[36m(TaskRunner pid=3016838)[0m                                       'fsdp_size': -1,
[36m(TaskRunner pid=3016838)[0m                                       'full_determinism': False,
[36m(TaskRunner pid=3016838)[0m                                       'model_dtype': 'fp32',
[36m(TaskRunner pid=3016838)[0m                                       'offload_policy': False,
[36m(TaskRunner pid=3016838)[0m                                       'optimizer_offload': False,
[36m(TaskRunner pid=3016838)[0m                                       'param_offload': False,
[36m(TaskRunner pid=3016838)[0m                                       'qat': {'_target_': 'verl.workers.config.QATEngineConfig',
[36m(TaskRunner pid=3016838)[0m                                               'activation_observer': 'static_minmax',
[36m(TaskRunner pid=3016838)[0m                                               'enable': False,
[36m(TaskRunner pid=3016838)[0m                                               'group_size': 16,
[36m(TaskRunner pid=3016838)[0m                                               'ignore_patterns': ['lm_head',
[36m(TaskRunner pid=3016838)[0m                                                                   'embed_tokens',
[36m(TaskRunner pid=3016838)[0m                                                                   're:.*mlp.gate$'],
[36m(TaskRunner pid=3016838)[0m                                               'mode': 'w4a16',
[36m(TaskRunner pid=3016838)[0m                                               'quantization_config_path': None},
[36m(TaskRunner pid=3016838)[0m                                       'reshard_after_forward': True,
[36m(TaskRunner pid=3016838)[0m                                       'seed': 42,
[36m(TaskRunner pid=3016838)[0m                                       'strategy': 'fsdp',
[36m(TaskRunner pid=3016838)[0m                                       'ulysses_sequence_parallel_size': 1,
[36m(TaskRunner pid=3016838)[0m                                       'use_orig_params': False,
[36m(TaskRunner pid=3016838)[0m                                       'use_torch_compile': True,
[36m(TaskRunner pid=3016838)[0m                                       'wrap_policy': {'min_num_params': 0}},
[36m(TaskRunner pid=3016838)[0m                       'lora_alpha': 16,
[36m(TaskRunner pid=3016838)[0m                       'lora_rank': 0,
[36m(TaskRunner pid=3016838)[0m                       'override_config': {},
[36m(TaskRunner pid=3016838)[0m                       'path': '~/models/deepseek-llm-7b-chat',
[36m(TaskRunner pid=3016838)[0m                       'target_modules': 'all-linear',
[36m(TaskRunner pid=3016838)[0m                       'tiled_mlp': {'enabled': False, 'num_shards': 4},
[36m(TaskRunner pid=3016838)[0m                       'tokenizer_path': '/inspire/hdd/global_user/mengweicheng-240108120092/lzy/models/Qwen3-VL-4B-Instruct',
[36m(TaskRunner pid=3016838)[0m                       'trust_remote_code': False,
[36m(TaskRunner pid=3016838)[0m                       'use_remove_padding': False,
[36m(TaskRunner pid=3016838)[0m                       'use_shm': False},
[36m(TaskRunner pid=3016838)[0m             'optim': {'_target_': 'verl.workers.config.FSDPOptimizerConfig',
[36m(TaskRunner pid=3016838)[0m                       'betas': [0.9, 0.999],
[36m(TaskRunner pid=3016838)[0m                       'clip_grad': 1.0,
[36m(TaskRunner pid=3016838)[0m                       'lr': 1e-05,
[36m(TaskRunner pid=3016838)[0m                       'lr_scheduler_type': 'constant',
[36m(TaskRunner pid=3016838)[0m                       'lr_warmup_steps': -1,
[36m(TaskRunner pid=3016838)[0m                       'lr_warmup_steps_ratio': 0.0,
[36m(TaskRunner pid=3016838)[0m                       'min_lr_ratio': 0.0,
[36m(TaskRunner pid=3016838)[0m                       'num_cycles': 0.5,
[36m(TaskRunner pid=3016838)[0m                       'optimizer': 'AdamW',
[36m(TaskRunner pid=3016838)[0m                       'optimizer_impl': 'torch.optim',
[36m(TaskRunner pid=3016838)[0m                       'override_optimizer_config': None,
[36m(TaskRunner pid=3016838)[0m                       'total_training_steps': -1,
[36m(TaskRunner pid=3016838)[0m                       'warmup_style': None,
[36m(TaskRunner pid=3016838)[0m                       'weight_decay': 0.01,
[36m(TaskRunner pid=3016838)[0m                       'zero_indexed_step': True},
[36m(TaskRunner pid=3016838)[0m             'ppo_epochs': 1,
[36m(TaskRunner pid=3016838)[0m             'ppo_max_token_len_per_gpu': 32768,
[36m(TaskRunner pid=3016838)[0m             'ppo_micro_batch_size': None,
[36m(TaskRunner pid=3016838)[0m             'ppo_micro_batch_size_per_gpu': None,
[36m(TaskRunner pid=3016838)[0m             'ppo_mini_batch_size': 4,
[36m(TaskRunner pid=3016838)[0m             'profiler': {'_target_': 'verl.utils.profiler.ProfilerConfig',
[36m(TaskRunner pid=3016838)[0m                          'all_ranks': False,
[36m(TaskRunner pid=3016838)[0m                          'enable': False,
[36m(TaskRunner pid=3016838)[0m                          'ranks': [],
[36m(TaskRunner pid=3016838)[0m                          'save_path': 'outputs/profile',
[36m(TaskRunner pid=3016838)[0m                          'tool': None,
[36m(TaskRunner pid=3016838)[0m                          'tool_config': {'npu': {'_target_': 'verl.utils.profiler.config.NPUToolConfig',
[36m(TaskRunner pid=3016838)[0m                                                  'analysis': True,
[36m(TaskRunner pid=3016838)[0m                                                  'contents': [],
[36m(TaskRunner pid=3016838)[0m                                                  'discrete': False,
[36m(TaskRunner pid=3016838)[0m                                                  'level': 'level0'},
[36m(TaskRunner pid=3016838)[0m                                          'nsys': {'_target_': 'verl.utils.profiler.config.NsightToolConfig',
[36m(TaskRunner pid=3016838)[0m                                                   'discrete': False},
[36m(TaskRunner pid=3016838)[0m                                          'torch': {'_target_': 'verl.utils.profiler.config.TorchProfilerToolConfig',
[36m(TaskRunner pid=3016838)[0m                                                    'contents': [],
[36m(TaskRunner pid=3016838)[0m                                                    'discrete': False},
[36m(TaskRunner pid=3016838)[0m                                          'torch_memory': {'_target_': 'verl.utils.profiler.config.TorchMemoryToolConfig',
[36m(TaskRunner pid=3016838)[0m                                                           'stack_depth': 32,
[36m(TaskRunner pid=3016838)[0m                                                           'trace_alloc_max_entries': 100000}}},
[36m(TaskRunner pid=3016838)[0m             'rollout_n': 1,
[36m(TaskRunner pid=3016838)[0m             'shuffle': False,
[36m(TaskRunner pid=3016838)[0m             'strategy': 'fsdp',
[36m(TaskRunner pid=3016838)[0m             'ulysses_sequence_parallel_size': 1,
[36m(TaskRunner pid=3016838)[0m             'use_dynamic_bsz': True},
[36m(TaskRunner pid=3016838)[0m  'data': {'apply_chat_template_kwargs': {},
[36m(TaskRunner pid=3016838)[0m           'custom_cls': {'name': 'FCOPDDataset',
[36m(TaskRunner pid=3016838)[0m                          'path': 'file:///inspire/hdd/global_user/mengweicheng-240108120092/lzy/projects/Dual-Track-OPD/src/dual_track_opd/fc_opd/verl_dataset.py'},
[36m(TaskRunner pid=3016838)[0m           'datagen': {'name': None, 'path': None},
[36m(TaskRunner pid=3016838)[0m           'dataloader_num_workers': 2,
[36m(TaskRunner pid=3016838)[0m           'filter_overlong_prompts': False,
[36m(TaskRunner pid=3016838)[0m           'filter_overlong_prompts_workers': 1,
[36m(TaskRunner pid=3016838)[0m           'image_key': 'images',
[36m(TaskRunner pid=3016838)[0m           'image_patch_size': 14,
[36m(TaskRunner pid=3016838)[0m           'max_prompt_length': 6144,
[36m(TaskRunner pid=3016838)[0m           'max_response_length': 1024,
[36m(TaskRunner pid=3016838)[0m           'prompt_key': 'prompt',
[36m(TaskRunner pid=3016838)[0m           'return_full_prompt': False,
[36m(TaskRunner pid=3016838)[0m           'return_multi_modal_inputs': True,
[36m(TaskRunner pid=3016838)[0m           'return_raw_chat': True,
[36m(TaskRunner pid=3016838)[0m           'return_raw_input_ids': False,
[36m(TaskRunner pid=3016838)[0m           'reward_fn_key': 'data_source',
[36m(TaskRunner pid=3016838)[0m           'sampler': {'class_name': None, 'class_path': None},
[36m(TaskRunner pid=3016838)[0m           'seed': None,
[36m(TaskRunner pid=3016838)[0m           'shuffle': True,
[36m(TaskRunner pid=3016838)[0m           'tokenizer': None,
[36m(TaskRunner pid=3016838)[0m           'tool_config_path': None,
[36m(TaskRunner pid=3016838)[0m           'train_batch_size': 4,
[36m(TaskRunner pid=3016838)[0m           'train_files': '/inspire/hdd/global_user/mengweicheng-240108120092/lzy/fc-opd-storage/outputs/fc_opd/geometry3k_gkd/train.parquet',
[36m(TaskRunner pid=3016838)[0m           'train_max_samples': -1,
[36m(TaskRunner pid=3016838)[0m           'truncation': 'error',
[36m(TaskRunner pid=3016838)[0m           'trust_remote_code': False,
[36m(TaskRunner pid=3016838)[0m           'use_shm': False,
[36m(TaskRunner pid=3016838)[0m           'val_batch_size': None,
[36m(TaskRunner pid=3016838)[0m           'val_files': '/inspire/hdd/global_user/mengweicheng-240108120092/lzy/fc-opd-storage/outputs/fc_opd/geometry3k_gkd/val.parquet',
[36m(TaskRunner pid=3016838)[0m           'val_max_samples': -1,
[36m(TaskRunner pid=3016838)[0m           'validation_shuffle': False,
[36m(TaskRunner pid=3016838)[0m           'video_key': 'videos'},
[36m(TaskRunner pid=3016838)[0m  'global_profiler': {'_target_': 'verl.utils.profiler.ProfilerConfig',
[36m(TaskRunner pid=3016838)[0m                      'global_tool_config': {'nsys': {'_target_': 'verl.utils.profiler.config.NsightToolConfig',
[36m(TaskRunner pid=3016838)[0m                                                      'controller_nsight_options': {'cuda-graph-trace': 'graph',
[36m(TaskRunner pid=3016838)[0m                                                                                    'cuda-memory-usage': 'true',
[36m(TaskRunner pid=3016838)[0m                                                                                    'trace': 'cuda,nvtx,cublas,ucx'},
[36m(TaskRunner pid=3016838)[0m                                                      'discrete': False,
[36m(TaskRunner pid=3016838)[0m                                                      'worker_nsight_options': {'capture-range': 'cudaProfilerApi',
[36m(TaskRunner pid=3016838)[0m                                                                                'capture-range-end': None,
[36m(TaskRunner pid=3016838)[0m                                                                                'cuda-graph-trace': 'graph',
[36m(TaskRunner pid=3016838)[0m                                                                                'cuda-memory-usage': 'true',
[36m(TaskRunner pid=3016838)[0m                                                                                'kill': 'none',
[36m(TaskRunner pid=3016838)[0m                                                                                'trace': 'cuda,nvtx,cublas,ucx'}},
[36m(TaskRunner pid=3016838)[0m                                             'torch_memory': {'context': 'all',
[36m(TaskRunner pid=3016838)[0m                                                              'kw_args': {},
[36m(TaskRunner pid=3016838)[0m                                                              'stack_depth': 32,
[36m(TaskRunner pid=3016838)[0m                                                              'stacks': 'all',
[36m(TaskRunner pid=3016838)[0m                                                              'trace_alloc_max_entries': 100000}},
[36m(TaskRunner pid=3016838)[0m                      'profile_continuous_steps': False,
[36m(TaskRunner pid=3016838)[0m                      'save_path': 'outputs/profile',
[36m(TaskRunner pid=3016838)[0m                      'steps': None,
[36m(TaskRunner pid=3016838)[0m                      'tool': None},
[36m(TaskRunner pid=3016838)[0m  'model_engine': 'dp',
[36m(TaskRunner pid=3016838)[0m  'ray_kwargs': {'ray_init': {'num_cpus': None}, 'timeline_json_file': None},
[36m(TaskRunner pid=3016838)[0m  'reward': {'custom_reward_function': {'name': 'compute_score',
[36m(TaskRunner pid=3016838)[0m                                        'path': 'file:///inspire/hdd/global_user/mengweicheng-240108120092/lzy/projects/Dual-Track-OPD/src/dual_track_opd/fc_opd/smoke_reward.py'},
[36m(TaskRunner pid=3016838)[0m             'num_workers': 8,
[36m(TaskRunner pid=3016838)[0m             'reward_manager': {'_target_': 'verl.workers.config.reward_model.RewardManagerConfig',
[36m(TaskRunner pid=3016838)[0m                                'module': {'_target_': 'verl.trainer.config.config.ModuleConfig',
[36m(TaskRunner pid=3016838)[0m                                           'name': 'custom_reward_manager',
[36m(TaskRunner pid=3016838)[0m                                           'path': None},
[36m(TaskRunner pid=3016838)[0m                                'name': 'naive',
[36m(TaskRunner pid=3016838)[0m                                'source': 'register'},
[36m(TaskRunner pid=3016838)[0m             'reward_model': {'enable': False,
[36m(TaskRunner pid=3016838)[0m                              'enable_resource_pool': False,
[36m(TaskRunner pid=3016838)[0m                              'model_path': None,
[36m(TaskRunner pid=3016838)[0m                              'n_gpus_per_node': 8,
[36m(TaskRunner pid=3016838)[0m                              'nnodes': 0,
[36m(TaskRunner pid=3016838)[0m                              'rollout': {'_target_': 'verl.workers.config.RolloutConfig',
[36m(TaskRunner pid=3016838)[0m                                          'cudagraph_capture_sizes': None,
[36m(TaskRunner pid=3016838)[0m                                          'data_parallel_size': 1,
[36m(TaskRunner pid=3016838)[0m                                          'disable_log_stats': True,[36m(TaskRunner pid=3016838)[0m /inspire/hdd/global_user/mengweicheng-240108120092/lzy/projects/Dual-Track-OPD/third_party/verl/verl/trainer/main_ppo.py:302: UserWarning: Disabled critic as algorithm.adv_estimator != gae. If it is not intended, please set critic.enable=True
[36m(TaskRunner pid=3016838)[0m   use_critic=need_critic(config),
[36m(TaskRunner pid=3016838)[0m Map:   0%|          | 0/1901 [00:00<?, ? examples/s]
[36m(TaskRunner pid=3016838)[0m Map:  53%|█████▎    | 1000/1901 [00:00<00:00, 5908.33 examples/s]
[36m(TaskRunner pid=3016838)[0m Map: 100%|██████████| 1901/1901 [00:00<00:00, 6825.26 examples/s]Map: 100%|██████████| 1901/1901 [00:00<00:00, 6366.34 examples/s]
[36m(TaskRunner pid=3016838)[0m Map:   0%|          | 0/200 [00:00<?, ? examples/s]Map: 100%|██████████| 200/200 [00:00<00:00, 3588.54 examples/s]
[36m(TaskRunner pid=3016838)[0m /inspire/hdd/global_user/mengweicheng-240108120092/lzy/projects/Dual-Track-OPD/third_party/verl/verl/trainer/ppo/ray_trainer.py:286: UserWarning: Disabled critic as algorithm.adv_estimator != gae. If it is not intended, please set critic.enable=True
[36m(TaskRunner pid=3016838)[0m   self.use_critic = need_critic(self.config)
[36m(pid=3120645)[0m /inspire/hdd/global_user/mengweicheng-240108120092/lzy/fc-opd-storage/envs/fc-opd-verl071-cu128/lib/python3.12/site-packages/torch/cuda/__init__.py:63: FutureWarning: The pynvml package is deprecated. Please install nvidia-ml-py instead. If you did not install pynvml directly, please report this to the maintainers of the package that installed pynvml for you.
[36m(pid=3120645)[0m   import pynvml  # type: ignore[import]

[36m(TaskRunner pid=3016838)[0m                                          'dtype': 'bfloat16',
[36m(TaskRunner pid=3016838)[0m                                          'enable_chunked_prefill': True,
[36m(TaskRunner pid=3016838)[0m                                          'enable_prefix_caching': True,
[36m(TaskRunner pid=3016838)[0m                                          'enforce_eager': True,
[36m(TaskRunner pid=3016838)[0m                                          'engine_kwargs': {},
[36m(TaskRunner pid=3016838)[0m                                          'expert_parallel_size': 1,
[36m(TaskRunner pid=3016838)[0m                                          'free_cache_engine': True,
[36m(TaskRunner pid=3016838)[0m                                          'gpu_memory_utilization': 0.5,
[36m(TaskRunner pid=3016838)[0m                                          'limit_images': None,
[36m(TaskRunner pid=3016838)[0m                                          'load_format': 'auto',
[36m(TaskRunner pid=3016838)[0m                                          'max_model_len': None,
[36m(TaskRunner pid=3016838)[0m                                          'max_num_batched_tokens': 8192,
[36m(TaskRunner pid=3016838)[0m                                          'max_num_seqs': 1024,
[36m(TaskRunner pid=3016838)[0m                                          'name': '???',
[36m(TaskRunner pid=3016838)[0m                                          'prompt_length': 2048,
[36m(TaskRunner pid=3016838)[0m                                          'response_length': 2048,
[36m(TaskRunner pid=3016838)[0m                                          'skip_tokenizer_init': False,
[36m(TaskRunner pid=3016838)[0m                                          'tensor_model_parallel_size': 2}},
[36m(TaskRunner pid=3016838)[0m             'sandbox_fusion': {'max_concurrent': 64,
[36m(TaskRunner pid=3016838)[0m                                'memory_limit_mb': 1024,
[36m(TaskRunner pid=3016838)[0m                                'url': None}},
[36m(TaskRunner pid=3016838)[0m  'trainer': {'balance_batch': True,
[36m(TaskRunner pid=3016838)[0m              'critic_warmup': 0,
[36m(TaskRunner pid=3016838)[0m              'default_hdfs_dir': None,
[36m(TaskRunner pid=3016838)[0m              'default_local_dir': '/inspire/hdd/global_user/mengweicheng-240108120092/lzy/projects/Dual-Track-OPD/checkpoints/gkd_geometry3k/qwen3vl_geometry3k_gkd_concise_boxed_prompt_20260711_140550',
[36m(TaskRunner pid=3016838)[0m              'del_local_ckpt_after_load': False,
[36m(TaskRunner pid=3016838)[0m              'device': 'cuda',
[36m(TaskRunner pid=3016838)[0m              'esi_redundant_time': 0,
[36m(TaskRunner pid=3016838)[0m              'experiment_name': 'qwen3vl_geometry3k_gkd_concise_boxed_prompt_20260711_140550',
[36m(TaskRunner pid=3016838)[0m              'log_val_generations': 0,
[36m(TaskRunner pid=3016838)[0m              'logger': ['console'],
[36m(TaskRunner pid=3016838)[0m              'max_actor_ckpt_to_keep': None,
[36m(TaskRunner pid=3016838)[0m              'max_critic_ckpt_to_keep': None,
[36m(TaskRunner pid=3016838)[0m              'n_gpus_per_node': 4,
[36m(TaskRunner pid=3016838)[0m              'nnodes': 1,
[36m(TaskRunner pid=3016838)[0m              'project_name': 'qwen3vl_geometry3k_distill',
[36m(TaskRunner pid=3016838)[0m              'ray_wait_register_center_timeout': 300,
[36m(TaskRunner pid=3016838)[0m              'resume_from_path': None,
[36m(TaskRunner pid=3016838)[0m              'resume_mode': 'disable',
[36m(TaskRunner pid=3016838)[0m              'rollout_data_dir': '/inspire/hdd/global_user/mengweicheng-240108120092/lzy/projects/Dual-Track-OPD/runs/gkd_geometry3k/qwen3vl_geometry3k_gkd_concise_boxed_prompt_20260711_140550/rollouts',
[36m(TaskRunner pid=3016838)[0m              'save_freq': 10,
[36m(TaskRunner pid=3016838)[0m              'test_freq': 10,
[36m(TaskRunner pid=3016838)[0m              'total_epochs': 100,
[36m(TaskRunner pid=3016838)[0m              'total_training_steps': 30,
[36m(TaskRunner pid=3016838)[0m              'use_legacy_worker_impl': 'auto',
[36m(TaskRunner pid=3016838)[0m              'val_before_train': True,
[36m(TaskRunner pid=3016838)[0m              'val_only': False,
[36m(TaskRunner pid=3016838)[0m              'validation_data_dir': '/inspire/hdd/global_user/mengweicheng-240108120092/lzy/projects/Dual-Track-OPD/runs/gkd_geometry3k/qwen3vl_geometry3k_gkd_concise_boxed_prompt_20260711_140550/validation'},
[36m(TaskRunner pid=3016838)[0m  'transfer_queue': {'enable': False}}
[36m(TaskRunner pid=3016838)[0m [validate_config] All configuration checks passed successfully!
[36m(TaskRunner pid=3016838)[0m Using dataset class: FCOPDDataset
[36m(TaskRunner pid=3016838)[0m dataset len: 1901
[36m(TaskRunner pid=3016838)[0m Using dataset class: FCOPDDataset
[36m(TaskRunner pid=3016838)[0m dataset len: 200
[36m(TaskRunner pid=3016838)[0m Size of train dataloader: 475, Size of val dataloader: 1
[36m(TaskRunner pid=3016838)[0m Total training steps: 30
[36m(TaskRunner pid=3016838)[0m colocated worker base class <class 'verl.single_controller.base.worker.Worker'>
[36m(WorkerDict pid=3120645)[0m [Gloo] Rank 2 is connected to 3 peer ranks. Expected number of connected peer ranks is : 3
[36m(WorkerDict pid=3120620)[0m Model config after override: Qwen3VLConfig {
[36m(WorkerDict pid=3120620)[0m   "architectures": [
[36m(WorkerDict pid=3120620)[0m     "Qwen3VLForConditionalGeneration"
[36m(WorkerDict pid=3120620)[0m   ],
[36m(WorkerDict pid=3120620)[0m   "attn_implementation": "sdpa",
[36m(WorkerDict pid=3120620)[0m   "eos_token_id": 151645,
[36m(WorkerDict pid=3120620)[0m   "image_token_id": 151655,
[36m(WorkerDict pid=3120620)[0m   "model_type": "qwen3_vl",
[36m(WorkerDict pid=3120620)[0m   "pad_token_id": 151643,
[36m(WorkerDict pid=3120620)[0m   "text_config": {
[36m(WorkerDict pid=3120620)[0m     "attention_bias": false,
[36m(WorkerDict pid=3120620)[0m     "attention_dropout": 0.0,
[36m(WorkerDict pid=3120620)[0m     "bos_token_id": 151643,
[36m(WorkerDict pid=3120620)[0m     "dtype": "bfloat16",
[36m(WorkerDict pid=3120620)[0m     "eos_token_id": 151645,
[36m(WorkerDict pid=3120620)[0m     "head_dim": 128,
[36m(WorkerDict pid=3120620)[0m     "hidden_act": "silu",
[36m(WorkerDict pid=3120620)[0m     "hidden_size": 2560,
[36m(WorkerDict pid=3120620)[0m     "initializer_range": 0.02,
[36m(WorkerDict pid=3120620)[0m     "intermediate_size": 9728,
[36m(WorkerDict pid=3120620)[0m     "max_position_embeddings": 262144,
[36m(WorkerDict pid=3120620)[0m     "model_type": "qwen3_vl_text",
[36m(WorkerDict pid=3120620)[0m     "num_attention_heads": 32,
[36m(WorkerDict pid=3120620)[0m     "num_hidden_layers": 36,
[36m(WorkerDict pid=3120620)[0m     "num_key_value_heads": 8,
[36m(WorkerDict pid=3120620)[0m     "rms_norm_eps": 1e-06,
[36m(WorkerDict pid=3120620)[0m     "rope_scaling": {
[36m(WorkerDict pid=3120620)[0m       "mrope_interleaved": true,
[36m(WorkerDict pid=3120620)[0m       "mrope_section": [
[36m(WorkerDict pid=3120620)[0m         24,
[36m(WorkerDict pid=3120620)[0m         20,
[36m(WorkerDict pid=3120620)[0m         20
[36m(WorkerDict pid=3120620)[0m       ],
[36m(WorkerDict pid=3120620)[0m       "rope_type": "default"
[36m(WorkerDict pid=3120620)[0m     },
[36m(WorkerDict pid=3120620)[0m     "rope_theta": 5000000,
[36m(WorkerDict pid=3120620)[0m     "tie_word_embeddings": true,
[36m(WorkerDict pid=3120620)[0m     "use_cache": true,
[36m(WorkerDict pid=3120620)[0m     "vocab_size": 151936
[36m(WorkerDict pid=3120620)[0m   },
[36m(WorkerDict pid=3120620)[0m   "tie_word_embeddings": true,
[36m(WorkerDict pid=3120620)[0m   "transformers_version": "4.57.3",
[36m(WorkerDict pid=3120620)[0m   "video_token_id": 151656,
[36m(WorkerDict pid=3120620)[0m   "vision_config": {
[36m(WorkerDict pid=3120620)[0m     "deepstack_visual_indexes": [
[36m(WorkerDict pid=3120620)[0m       5,
[36m(WorkerDict pid=3120620)[0m       11,
[36m(WorkerDict pid=3120620)[0m       17[36m(WorkerDict pid=3120645)[0m `torch_dtype` is deprecated! Use `dtype` instead!
[36m(WorkerDict pid=3120645)[0m Loading checkpoint shards:   0%|          | 0/2 [00:00<?, ?it/s]
[36m(pid=3120620)[0m /inspire/hdd/global_user/mengweicheng-240108120092/lzy/fc-opd-storage/envs/fc-opd-verl071-cu128/lib/python3.12/site-packages/torch/cuda/__init__.py:63: FutureWarning: The pynvml package is deprecated. Please install nvidia-ml-py instead. If you did not install pynvml directly, please report this to the maintainers of the package that installed pynvml for you.[32m [repeated 3x across cluster] (Ray deduplicates logs by default. Set RAY_DEDUP_LOGS=0 to disable log deduplication, or see https://docs.ray.io/en/master/ray-observability/user-guides/configure-logging.html#log-deduplication for more options.)[0m
[36m(pid=3120620)[0m   import pynvml  # type: ignore[import][32m [repeated 3x across cluster][0m
[36m(WorkerDict pid=3120645)[0m Loading checkpoint shards:  50%|█████     | 1/2 [00:06<00:06,  6.47s/it]
[36m(WorkerDict pid=3120620)[0m `torch_dtype` is deprecated! Use `dtype` instead![32m [repeated 3x across cluster][0m
[36m(WorkerDict pid=3120620)[0m Loading checkpoint shards:   0%|          | 0/2 [00:00<?, ?it/s][32m [repeated 3x across cluster][0m
[36m(WorkerDict pid=3120645)[0m Loading checkpoint shards: 100%|██████████| 2/2 [00:11<00:00,  5.63s/it]Loading checkpoint shards: 100%|██████████| 2/2 [00:11<00:00,  5.75s/it]
[36m(WorkerDict pid=3120655)[0m Loading checkpoint shards:  50%|█████     | 1/2 [00:06<00:06,  6.64s/it][32m [repeated 3x across cluster][0m
[36m(pid=3202220)[0m /inspire/hdd/global_user/mengweicheng-240108120092/lzy/fc-opd-storage/envs/fc-opd-verl071-cu128/lib/python3.12/site-packages/torch/cuda/__init__.py:63: FutureWarning: The pynvml package is deprecated. Please install nvidia-ml-py instead. If you did not install pynvml directly, please report this to the maintainers of the package that installed pynvml for you.
[36m(pid=3202220)[0m   import pynvml  # type: ignore[import]
[36m(WorkerDict pid=3120655)[0m Loading checkpoint shards: 100%|██████████| 2/2 [00:11<00:00,  5.82s/it]Loading checkpoint shards: 100%|██████████| 2/2 [00:11<00:00,  5.95s/it][32m [repeated 3x across cluster][0m
[36m(vLLMHttpServer pid=3209627)[0m WARNING:2026-07-11 14:09:22,043:agent loop only support torch and npu profiler, got None
[36m(vLLMHttpServer pid=3209627)[0m INFO:2026-07-11 14:09:22,043:vLLMHttpServer, replica_rank: 0, node_rank: 0, CUDA_VISIBLE_DEVICES: 1, master_address: 252.0.19.74, master_port: 41029, data_parallel_rpc_port: 38269, data_parallel_master_port: 44959
[36m(vLLMHttpServer pid=3209627)[0m INFO:2026-07-11 14:09:22,048:override_generation_config: {'temperature': 1.0, 'top_k': -1, 'top_p': 0.99, 'repetition_penalty': 1.0, 'max_new_tokens': 1024}
[36m(vLLMHttpServer pid=3209627)[0m INFO:2026-07-11 14:09:22,048:enable_sleep_mode: True
[36m(vLLMHttpServer pid=3209627)[0m `torch_dtype` is deprecated! Use `dtype` instead!
[36m(pid=3209757)[0m /inspire/hdd/global_user/mengweicheng-240108120092/lzy/fc-opd-storage/envs/fc-opd-verl071-cu128/lib/python3.12/site-packages/torch/cuda/__init__.py:63: FutureWarning: The pynvml package is deprecated. Please install nvidia-ml-py instead. If you did not install pynvml directly, please report this to the maintainers of the package that installed pynvml for you.[32m [repeated 11x across cluster][0m
[36m(pid=3209757)[0m   import pynvml  # type: ignore[import][32m [repeated 11x across cluster][0m
[36m(vLLMHttpServer pid=3209757)[0m WARNING:2026-07-11 14:09:22,088:agent loop only support torch and npu profiler, got None[32m [repeated 3x across cluster][0m
[36m(vLLMHttpServer pid=3209757)[0m INFO:2026-07-11 14:09:22,088:vLLMHttpServer, replica_rank: 3, node_rank: 0, CUDA_VISIBLE_DEVICES: 4, master_address: 252.0.19.74, master_port: 38623, data_parallel_rpc_port: 36283, data_parallel_master_port: 34055[32m [repeated 3x across cluster][0m
[36m(vLLMHttpServer pid=3209757)[0m INFO:2026-07-11 14:09:22,096:override_generation_config: {'temperature': 1.0, 'top_k': -1, 'top_p': 0.99, 'repetition_penalty': 1.0, 'max_new_tokens': 1024}[32m [repeated 3x across cluster][0m
[36m(vLLMHttpServer pid=3209757)[0m INFO:2026-07-11 14:09:22,096:enable_sleep_mode: True[32m [repeated 3x across cluster][0m
[36m(vLLMHttpServer pid=3209757)[0m `torch_dtype` is deprecated! Use `dtype` instead![32m [repeated 3x across cluster][0m
[36m(vLLMHttpServer pid=3209627)[0m /inspire/hdd/global_user/mengweicheng-240108120092/lzy/fc-opd-storage/envs/fc-opd-verl071-cu128/lib/python3.12/site-packages/torch/cuda/__init__.py:63: FutureWarning: The pynvml package is deprecated. Please install nvidia-ml-py instead. If you did not install pynvml directly, please report this to the maintainers of the package that installed pynvml for you.[32m [repeated 5x across cluster][0m
[36m(vLLMHttpServer pid=3209627)[0m   import pynvml  # type: ignore[import][32m [repeated 5x across cluster][0m
[36m(vLLMHttpServer pid=3209627)[0m W0711 14:09:37.051000 3239030 site-packages/torch/utils/cpp_extension.py:2425] TORCH_CUDA_ARCH_LIST is not set, all archs for visible cards are included for compilation. 
[36m(vLLMHttpServer pid=3209627)[0m W0711 14:09:37.051000 3239030 site-packages/torch/utils/cpp_extension.py:2425] If this is not desired, please set os.environ['TORCH_CUDA_ARCH_LIST'] to specific architectures.
[36m(vLLMHttpServer pid=3209757)[0m /inspire/hdd/global_user/mengweicheng-240108120092/lzy/fc-opd-storage/envs/fc-opd-verl071-cu128/lib/python3.12/site-packages/torch/cuda/__init__.py:63: FutureWarning: The pynvml package is deprecated. Please install nvidia-ml-py instead. If you did not install pynvml directly, please report this to the maintainers of the package that installed pynvml for you.[32m [repeated 3x across cluster][0m
[36m(vLLMHttpServer pid=3209757)[0m   import pynvml  # type: ignore[import][32m [repeated 3x across cluster][0m
[36m(vLLMHttpServer pid=3209564)[0m [1;36m(Worker pid=3239073)[0;0m 2026-07-11 14:10:21,295 - INFO - autotuner.py:256 - flashinfer.jit: [Autotuner]: Autotuning process starts ...
[36m(vLLMHttpServer pid=3209757)[0m W0711 14:09:37.051000 3239055 site-packages/torch/utils/cpp_extension.py:2425] TORCH_CUDA_ARCH_LIST is not set, all archs for visible cards are included for compilation. [32m [repeated 3x across cluster][0m
[36m(vLLMHttpServer pid=3209757)[0m W0711 14:09:37.051000 3239055 site-packages/torch/utils/cpp_extension.py:2425] If this is not desired, please set os.environ['TORCH_CUDA_ARCH_LIST'] to specific architectures.[32m [repeated 3x across cluster][0m
[36m(vLLMHttpServer pid=3209564)[0m [1;36m(Worker pid=3239073)[0;0m 2026-07-11 14:10:21,377 - INFO - autotuner.py:262 - flashinfer.jit: [Autotuner]: Autotuning process ends
[36m(vLLMHttpServer pid=3209564)[0m [1;36m(Worker pid=3239073)[0;0m Capturing CUDA graphs (mixed prefill-decode, PIECEWISE):   0%|          | 0/67 [00:00<?, ?it/s]
[36m(vLLMHttpServer pid=3209564)[0m Capturing CUDA graphs (mixed prefill-decode, PIECEWISE):   4%|▍         | 3/67 [00:00<00:02, 21.71it/s]
[36m(vLLMHttpServer pid=3209564)[0m Capturing CUDA graphs (mixed prefill-decode, PIECEWISE):   9%|▉         | 6/67 [00:00<00:02, 22.81it/s]
[36m(vLLMHttpServer pid=3209564)[0m Capturing CUDA graphs (mixed prefill-decode, PIECEWISE):  13%|█▎        | 9/67 [00:00<00:02, 22.79it/s]
[36m(vLLMHttpServer pid=3209564)[0m Capturing CUDA graphs (mixed prefill-decode, PIECEWISE):  18%|█▊        | 12/67 [00:00<00:02, 22.54it/s]
[36m(vLLMHttpServer pid=3209564)[0m Capturing CUDA graphs (mixed prefill-decode, PIECEWISE):  93%|█████████▎| 62/67 [00:03<00:00, 16.36it/s]
[36m(vLLMHttpServer pid=3209564)[0m Capturing CUDA graphs (mixed prefill-decode, PIECEWISE):  96%|█████████▌| 64/67 [00:03<00:00, 17.23it/s]
[36m(vLLMHttpServer pid=3209564)[0m Capturing CUDA graphs (mixed prefill-decode, PIECEWISE):  99%|█████████▊| 66/67 [00:03<00:00, 15.87it/s]
[36m(vLLMHttpServer pid=3209564)[0m Capturing CUDA graphs (mixed prefill-decode, PIECEWISE): 100%|██████████| 67/67 [00:03<00:00, 19.37it/s]
[36m(vLLMHttpServer pid=3209564)[0m [1;36m(Worker pid=3239073)[0;0m Capturing CUDA graphs (decode, FULL):   0%|          | 0/67 [00:00<?, ?it/s]
[36m(vLLMHttpServer pid=3209564)[0m Capturing CUDA graphs (decode, FULL):   1%|▏         | 1/67 [00:00<00:09,  7.09it/s]
[36m(vLLMHttpServer pid=3209564)[0m Capturing CUDA graphs (decode, FULL):   6%|▌         | 4/67 [00:00<00:04, 14.86it/s]
[36m(vLLMHttpServer pid=3209564)[0m Capturing CUDA graphs (decode, FULL):  10%|█         | 7/67 [00:00<00:03, 19.70it/s]
[36m(vLLMHttpServer pid=3209564)[0m Capturing CUDA graphs (decode, FULL):  15%|█▍        | 10/67 [00:00<00:02, 22.29it/s]
[36m(vLLMHttpServer pid=3209564)[0m Capturing CUDA graphs (decode, FULL):  19%|█▉        | 13/67 [00:00<00:02, 19.18it/s]
[36m(vLLMHttpServer pid=3209690)[0m Capturing CUDA graphs (mixed prefill-decode, PIECEWISE): 100%|██████████| 67/67 [00:03<00:00, 13.67it/s]Capturing CUDA graphs (mixed prefill-decode, PIECEWISE): 100%|██████████| 67/67 [00:03<00:00, 17.98it/s]
[36m(vLLMHttpServer pid=3209564)[0m Capturing CUDA graphs (decode, FULL):  25%|██▌       | 17/67 [00:00<00:02, 22.75it/s]
[36m(vLLMHttpServer pid=3209627)[0m [1;36m(Worker pid=3239030)[0;0m 2026-07-11 14:10:22,628 - INFO - autotuner.py:256 - flashinfer.jit: [Autotuner]: Autotuning process starts ...[32m [repeated 3x across cluster][0m
[36m(vLLMHttpServer pid=3209757)[0m [1;36m(Worker pid=3239055)[0;0m 2026-07-11 14:10:22,677 - INFO - autotuner.py:262 - flashinfer.jit: [Autotuner]: Autotuning process ends[32m [repeated 3x across cluster][0m
[36m(vLLMHttpServer pid=3209627)[0m [1;36m(Worker pid=3239030)[0;0m Capturing CUDA graphs (mixed prefill-decode, PIECEWISE):   0%|          | 0/67 [00:00<?, ?it/s][32m [repeated 3x across cluster][0m
[36m(vLLMHttpServer pid=3209757)[0m Capturing CUDA graphs (mixed prefill-decode, PIECEWISE):  90%|████████▉ | 60/67 [00:03<00:00, 13.09it/s][32m [repeated 91x across cluster][0m
[36m(vLLMHttpServer pid=3209564)[0m Capturing CUDA graphs (decode, FULL):  94%|█████████▍| 63/67 [00:03<00:00, 18.22it/s]
[36m(vLLMHttpServer pid=3209564)[0m Capturing CUDA graphs (decode, FULL):  99%|█████████▊| 66/67 [00:03<00:00, 17.34it/s]
[36m(vLLMHttpServer pid=3209564)[0m Capturing CUDA graphs (decode, FULL): 100%|██████████| 67/67 [00:03<00:00, 19.61it/s]
[36m(vLLMHttpServer pid=3209757)[0m Capturing CUDA graphs (decode, FULL):  60%|█████▉    | 40/67 [00:02<00:01, 20.31it/s]Capturing CUDA graphs (decode, FULL):  64%|██████▍   | 43/67 [00:02<00:01, 22.28it/s]
[36m(vLLMHttpServer pid=3209690)[0m Capturing CUDA graphs (decode, FULL): 100%|██████████| 67/67 [00:03<00:00, 22.34it/s]Capturing CUDA graphs (decode, FULL): 100%|██████████| 67/67 [00:03<00:00, 19.97it/s]
[36m(vLLMHttpServer pid=3209627)[0m Capturing CUDA graphs (mixed prefill-decode, PIECEWISE): 100%|██████████| 67/67 [00:04<00:00, 16.61it/s][32m [repeated 8x across cluster][0m
[36m(vLLMHttpServer pid=3209757)[0m [1;36m(Worker pid=3239055)[0;0m Capturing CUDA graphs (decode, FULL):   0%|          | 0/67 [00:00<?, ?it/s][32m [repeated 3x across cluster][0m
[36m(vLLMHttpServer pid=3209757)[0m Capturing CUDA graphs (decode, FULL):  91%|█████████ | 61/67 [00:03<00:00, 20.31it/s][32m [repeated 72x across cluster][0m

[36m(WorkerDict pid=3120620)[0m     ],
[36m(WorkerDict pid=3120620)[0m     "depth": 24,
[36m(WorkerDict pid=3120620)[0m     "hidden_act": "gelu_pytorch_tanh",
[36m(WorkerDict pid=3120620)[0m     "hidden_size": 1024,
[36m(WorkerDict pid=3120620)[0m     "in_channels": 3,
[36m(WorkerDict pid=3120620)[0m     "initializer_range": 0.02,
[36m(WorkerDict pid=3120620)[0m     "intermediate_size": 4096,
[36m(WorkerDict pid=3120620)[0m     "model_type": "qwen3_vl",
[36m(WorkerDict pid=3120620)[0m     "num_heads": 16,
[36m(WorkerDict pid=3120620)[0m     "num_position_embeddings": 2304,
[36m(WorkerDict pid=3120620)[0m     "out_hidden_size": 2560,
[36m(WorkerDict pid=3120620)[0m     "patch_size": 16,
[36m(WorkerDict pid=3120620)[0m     "spatial_merge_size": 2,
[36m(WorkerDict pid=3120620)[0m     "temporal_patch_size": 2
[36m(WorkerDict pid=3120620)[0m   },
[36m(WorkerDict pid=3120620)[0m   "vision_end_token_id": 151653,
[36m(WorkerDict pid=3120620)[0m   "vision_start_token_id": 151652
[36m(WorkerDict pid=3120620)[0m }
[36m(WorkerDict pid=3120620)[0m 
[36m(WorkerDict pid=3120645)[0m Monkey patch Qwen3VLForConditionalGeneration model forward
[36m(WorkerDict pid=3120645)[0m Skipping monkey patch for Qwen3VLForConditionalGeneration as use_fused_kernels is False or fused_kernels_backend is torch
[36m(WorkerDict pid=3120620)[0m [Gloo] Rank 0 is connected to 3 peer ranks. Expected number of connected peer ranks is : 3[32m [repeated 3x across cluster][0m
[36m(WorkerDict pid=3120620)[0m Qwen3VLForConditionalGeneration contains 4.44B parameters
[36m(WorkerDict pid=3120620)[0m wrap_policy: functools.partial(<function _or_policy at 0x7f5d8242ccc0>, policies=[functools.partial(<function transformer_auto_wrap_policy at 0x7f5d8242cb80>, transformer_layer_cls={<class 'transformers.models.qwen3_vl.modeling_qwen3_vl.Qwen3VLVisionBlock'>, <class 'transformers.models.qwen3_vl.modeling_qwen3_vl.Qwen3VLTextDecoderLayer'>})])
[36m(WorkerDict pid=3120620)[0m Total steps: 30, num_warmup_steps: 0
[36m(WorkerDict pid=3120620)[0m Actor use_remove_padding=False
[36m(WorkerDict pid=3120620)[0m Actor use_fused_kernels=False
[36m(WorkerDict pid=3120620)[0m Actor use_prefix_grouper=False
[36m(WorkerDict pid=3120655)[0m Monkey patch Qwen3VLForConditionalGeneration model forward[32m [repeated 3x across cluster][0m
[36m(WorkerDict pid=3120655)[0m Skipping monkey patch for Qwen3VLForConditionalGeneration as use_fused_kernels is False or fused_kernels_backend is torch[32m [repeated 3x across cluster][0m
[36m(WorkerDict pid=3120645)[0m [Gloo] Rank 2 is connected to 3 peer ranks. Expected number of connected peer ranks is : 3
[36m(WorkerDict pid=3120645)[0m [Gloo] Rank 0 is connected to 0 peer ranks. Expected number of connected peer ranks is : 0
[36m(WorkerDict pid=3120645)[0m [Gloo] Rank 0 is connected to 0 peer ranks. Expected number of connected peer ranks is : 0
[36m(WorkerDict pid=3120620)[0m NCCL version 2.27.3+cuda12.9
[36m(TaskRunner pid=3016838)[0m WARNING 07-11 14:09:11 [api_server.py:1213] LoRA dynamic loading & unloading is enabled in the API server. This should ONLY be used for local development!
[36m(WorkerDict pid=3120620)[0m [Gloo] Rank 0 is connected to 0 peer ranks. Expected number of connected peer ranks is : 0[32m [repeated 9x across cluster][0m
[36m(pid=3209627)[0m WARNING 07-11 14:09:20 [api_server.py:1213] LoRA dynamic loading & unloading is enabled in the API server. This should ONLY be used for local development!
[36m(pid=3209564)[0m WARNING 07-11 14:09:21 [api_server.py:1213] LoRA dynamic loading & unloading is enabled in the API server. This should ONLY be used for local development!
[36m(vLLMHttpServer pid=3209627)[0m ['serve',
[36m(vLLMHttpServer pid=3209627)[0m  '/inspire/hdd/global_user/mengweicheng-240108120092/lzy/models/Qwen3-VL-4B-Instruct',
[36m(vLLMHttpServer pid=3209627)[0m  '--dtype',
[36m(vLLMHttpServer pid=3209627)[0m  'bfloat16',
[36m(vLLMHttpServer pid=3209627)[0m  '--load_format',
[36m(vLLMHttpServer pid=3209627)[0m  'dummy',
[36m(vLLMHttpServer pid=3209627)[0m  '--distributed_executor_backend',
[36m(vLLMHttpServer pid=3209627)[0m  'mp',
[36m(vLLMHttpServer pid=3209627)[0m  '--worker_extension_cls',
[36m(vLLMHttpServer pid=3209627)[0m  'verl.workers.rollout.vllm_rollout.utils.vLLMColocateWorkerExtension',
[36m(vLLMHttpServer pid=3209627)[0m  '--max_model_len',
[36m(vLLMHttpServer pid=3209627)[0m  '7168',
[36m(vLLMHttpServer pid=3209627)[0m  '--max_num_seqs',
[36m(vLLMHttpServer pid=3209627)[0m  '1024',
[36m(vLLMHttpServer pid=3209627)[0m  '--enable_chunked_prefill',
[36m(vLLMHttpServer pid=3209627)[0m  '--max_num_batched_tokens',
[36m(vLLMHttpServer pid=3209627)[0m  '8192',
[36m(vLLMHttpServer pid=3209627)[0m  '--enable_prefix_caching',
[36m(vLLMHttpServer pid=3209627)[0m  '--enable_sleep_mode',
[36m(vLLMHttpServer pid=3209627)[0m  '--logprobs_mode',
[36m(vLLMHttpServer pid=3209627)[0m  'processed_logprobs',
[36m(vLLMHttpServer pid=3209627)[0m  '--gpu_memory_utilization',
[36m(vLLMHttpServer pid=3209627)[0m  '0.45',
[36m(vLLMHttpServer pid=3209627)[0m  '--disable_log_stats',
[36m(vLLMHttpServer pid=3209627)[0m  '--tensor_parallel_size',
[36m(vLLMHttpServer pid=3209627)[0m  '1',
[36m(vLLMHttpServer pid=3209627)[0m  '--seed',
[36m(vLLMHttpServer pid=3209627)[0m  '0',
[36m(vLLMHttpServer pid=3209627)[0m  '--override_generation_config',
[36m(vLLMHttpServer pid=3209627)[0m  '{"temperature": 1.0, "top_k": -1, "top_p": 0.99, "repetition_penalty": 1.0, '
[36m(vLLMHttpServer pid=3209627)[0m  '"max_new_tokens": 1024}',
[36m(vLLMHttpServer pid=3209627)[0m  '--hf_overrides',
[36m(vLLMHttpServer pid=3209627)[0m  '{}',
[36m(vLLMHttpServer pid=3209627)[0m  '--scheduling_policy',
[36m(vLLMHttpServer pid=3209627)[0m  'fcfs',
[36m(vLLMHttpServer pid=3209627)[0m  '--compilation_config',
[36m(vLLMHttpServer pid=3209627)[0m  '{"cudagraph_mode": "FULL_AND_PIECEWISE"}']
[36m(vLLMHttpServer pid=3209627)[0m WARNING 07-11 14:09:22 [__init__.py:3036] We must use the `spawn` multiprocessing start method. Overriding VLLM_WORKER_MULTIPROC_METHOD to 'spawn'. See https://docs.vllm.ai/en/latest/usage/troubleshooting.html#python-multiprocessing for more information. Reasons: In a Ray actor and can only be spawned; CUDA is initialized
[36m(vLLMHttpServer pid=3209564)[0m [Gloo] Rank 0 is connected to 0 peer ranks. Expected number of connected peer ranks is : 0
[36m(vLLMHttpServer pid=3209564)[0m [Gloo] Rank 0 is connected to 0 peer ranks. Expected number of connected peer ranks is : 0
[36m(vLLMHttpServer pid=3209564)[0m [Gloo] Rank 0 is connected to 0 peer ranks. Expected number of connected peer ranks is : 0
[36m(vLLMHttpServer pid=3209564)[0m [Gloo] Rank 0 is connected to 0 peer ranks. Expected number of connected peer ranks is : 0
[36m(vLLMHttpServer pid=3209564)[0m [Gloo] Rank 0 is connected to 0 peer ranks. Expected number of connected peer ranks is : 0
[36m(vLLMHttpServer pid=3209564)[0m [Gloo] Rank 0 is connected to 0 peer ranks. Expected number of connected peer ranks is : 0
[36m(pid=3209757)[0m WARNING 07-11 14:09:21 [api_server.py:1213] LoRA dynamic loading & unloading is enabled in the API server. This should ONLY be used for local development![32m [repeated 2x across cluster][0m
[36m(vLLMHttpServer pid=3209757)[0m WARNING 07-11 14:09:22 [__init__.py:3036] We must use the `spawn` multiprocessing start method. Overriding VLLM_WORKER_MULTIPROC_METHOD to 'spawn'. See https://docs.vllm.ai/en/latest/usage/troubleshooting.html#python-multiprocessing for more information. Reasons: In a Ray actor and can only be spawned; CUDA is initialized[32m [repeated 3x across cluster][0m
[36m(vLLMHttpServer pid=3209564)[0m WARNING 07-11 14:10:33 [model.py:1389] Default sampling parameters have been overridden by the model's Hugging Face generation config recommended from the model creator. If this is not intended, please relaunch vLLM instance with `--generation-config vllm`.
[36m(vLLMHttpServer pid=3209757)[0m [Gloo] Rank 0 is connected to 0 peer ranks. Expected number of connected peer ranks is : 0[32m [repeated 18x across cluster][0m[36m(vLLMHttpServer pid=3209627)[0m INFO:2026-07-11 14:10:35,284:Initializing a V1 LLM engine with config: model='/inspire/hdd/global_user/mengweicheng-240108120092/lzy/models/Qwen3-VL-4B-Instruct', speculative_config=None, tokenizer='/inspire/hdd/global_user/mengweicheng-240108120092/lzy/models/Qwen3-VL-4B-Instruct', skip_tokenizer_init=False, tokenizer_mode=auto, revision=None, tokenizer_revision=None, trust_remote_code=False, dtype=torch.bfloat16, max_seq_len=7168, download_dir=None, load_format=dummy, tensor_parallel_size=1, pipeline_parallel_size=1, data_parallel_size=1, disable_custom_all_reduce=False, quantization=None, enforce_eager=False, kv_cache_dtype=auto, device_config=cuda, structured_outputs_config=StructuredOutputsConfig(backend='auto', disable_fallback=False, disable_any_whitespace=False, disable_additional_properties=False, reasoning_parser=''), observability_config=ObservabilityConfig(show_hidden_metrics_for_version=None, otlp_traces_endpoint=None, collect_detailed_traces=None), seed=0, served_model_name=/inspire/hdd/global_user/mengweicheng-240108120092/lzy/models/Qwen3-VL-4B-Instruct, enable_prefix_caching=True, chunked_prefill_enabled=True, pooler_config=None, compilation_config={"level":3,"debug_dump_path":"","cache_dir":"","backend":"","custom_ops":[],"splitting_ops":["vllm.unified_attention","vllm.unified_attention_with_output","vllm.mamba_mixer2","vllm.mamba_mixer","vllm.short_conv","vllm.linear_attention","vllm.plamo2_mamba_mixer","vllm.gdn_attention","vllm.sparse_attn_indexer"],"use_inductor":true,"compile_sizes":[],"inductor_compile_config":{"enable_auto_functionalized_v2":false},"inductor_passes":{},"cudagraph_mode":[2,1],"use_cudagraph":true,"cudagraph_num_of_warmups":1,"cudagraph_capture_sizes":[512,504,496,488,480,472,464,456,448,440,432,424,416,408,400,392,384,376,368,360,352,344,336,328,320,312,304,296,288,280,272,264,256,248,240,232,224,216,208,200,192,184,176,168,160,152,144,136,128,120,112,104,96,88,80,72,64,56,48,40,32,24,16,8,4,2,1],"cudagraph_copy_inputs":false,"full_cuda_graph":false,"use_inductor_graph_partition":false,"pass_config":{},"max_capture_size":512,"local_cache_dir":null}
[36m(vLLMHttpServer pid=3209757)[0m Capturing CUDA graphs (mixed prefill-decode, PIECEWISE): 100%|██████████| 67/67 [00:04<00:00, 13.42it/s]Capturing CUDA graphs (mixed prefill-decode, PIECEWISE): 100%|██████████| 67/67 [00:04<00:00, 16.54it/s]
[36m(vLLMHttpServer pid=3209757)[0m Capturing CUDA graphs (decode, FULL):  96%|█████████▌| 64/67 [00:03<00:00, 19.56it/s][32m [repeated 3x across cluster][0m
[36m(vLLMHttpServer pid=3209757)[0m Capturing CUDA graphs (decode, FULL): 100%|██████████| 67/67 [00:03<00:00, 21.78it/s]Capturing CUDA graphs (decode, FULL): 100%|██████████| 67/67 [00:03<00:00, 19.64it/s][32m [repeated 2x across cluster][0m
[36m(pid=3371115)[0m /inspire/hdd/global_user/mengweicheng-240108120092/lzy/fc-opd-storage/envs/fc-opd-verl071-cu128/lib/python3.12/site-packages/torch/cuda/__init__.py:63: FutureWarning: The pynvml package is deprecated. Please install nvidia-ml-py instead. If you did not install pynvml directly, please report this to the maintainers of the package that installed pynvml for you.
[36m(pid=3371115)[0m   import pynvml  # type: ignore[import]
[36m(WorkerDict pid=3120620)[0m INFO:2026-07-11 14:10:38,114:update_weights done, time cost: 0.73s
[36m(AgentLoopWorker pid=3371102)[0m You're using a Qwen2TokenizerFast tokenizer. Please note that with a fast tokenizer, using the `__call__` method is faster than using a method to encode the text followed by a call to the `pad` method to get a padded encoding.
[36m(pid=3371128)[0m /inspire/hdd/global_user/mengweicheng-240108120092/lzy/fc-opd-storage/envs/fc-opd-verl071-cu128/lib/python3.12/site-packages/torch/cuda/__init__.py:63: FutureWarning: The pynvml package is deprecated. Please install nvidia-ml-py instead. If you did not install pynvml directly, please report this to the maintainers of the package that installed pynvml for you.[32m [repeated 3x across cluster][0m
[36m(pid=3371128)[0m   import pynvml  # type: ignore[import][32m [repeated 3x across cluster][0m
[36m(TaskRunner pid=3016838)[0m Training Progress:   0%|          | 0/30 [00:00<?, ?it/s]
[36m(AgentLoopWorker pid=3371140)[0m You're using a Qwen2TokenizerFast tokenizer. Please note that with a fast tokenizer, using the `__call__` method is faster than using a method to encode the text followed by a call to the `pad` method to get a padded encoding.[32m [repeated 3x across cluster][0m
[36m(TaskRunner pid=3016838)[0m WARNING:2026-07-11 14:11:06,257:========================================================================
[36m(TaskRunner pid=3016838)[0m WARNING:2026-07-11 14:11:06,257:  Qwen3-VL Online GKD Pipeline Verification
[36m(TaskRunner pid=3016838)[0m WARNING:2026-07-11 14:11:06,257:========================================================================
[36m(TaskRunner pid=3016838)[0m WARNING:2026-07-11 14:11:06,257:  C          = 1  conditions: ['full']
[36m(TaskRunner pid=3016838)[0m WARNING:2026-07-11 14:11:06,257:  loss_mode  = gkd
[36m(TaskRunner pid=3016838)[0m WARNING:2026-07-11 14:11:06,257:  batch      = [B=4, T=1024]
[36m(TaskRunner pid=3016838)[0m WARNING:2026-07-11 14:11:06,257:  top_k      = 256
[36m(TaskRunner pid=3016838)[0m WARNING:2026-07-11 14:11:06,257:  exact_lp   = torch.Size([4, 1, 1024])  (None=tail-fallback)
[36m(TaskRunner pid=3016838)[0m WARNING:2026-07-11 14:11:06,257:  Student    = raw image + canonical question  (choices allowed, no XML)
[36m(TaskRunner pid=3016838)[0m WARNING:2026-07-11 14:11:06,257:  Teacher    = raw image + same canonical question  (no format bias)
[36m(TaskRunner pid=3016838)[0m WARNING:2026-07-11 14:11:06,257:  KL         = forward
[36m(TaskRunner pid=3016838)[0m WARNING:2026-07-11 14:11:06,257:  Objective  = forward KL on the full-image teacher distribution (pure distillation, no GRPO)
[36m(TaskRunner pid=3016838)[0m WARNING:2026-07-11 14:11:06,257:  Routing    = uniform over teacher-valid response tokens
[36m(TaskRunner pid=3016838)[0m WARNING:2026-07-11 14:11:06,257:  Update     = current rollout -> immediate teacher score -> actor backward
[36m(TaskRunner pid=3016838)[0m WARNING:2026-07-11 14:11:06,257:========================================================================
[36m(TaskRunner pid=3016838)[0m ========================================================================
[36m(TaskRunner pid=3016838)[0m   Qwen3-VL Online GKD Pipeline Verification
[36m(TaskRunner pid=3016838)[0m ========================================================================
[36m(TaskRunner pid=3016838)[0m   C          = 1  conditions: ['full']
[36m(TaskRunner pid=3016838)[0m   loss_mode  = gkd
[36m(TaskRunner pid=3016838)[0m   batch      = [B=4, T=1024]
[36m(TaskRunner pid=3016838)[0m   top_k      = 256
[36m(TaskRunner pid=3016838)[0m   exact_lp   = torch.Size([4, 1, 1024])  (None=tail-fallback)
[36m(TaskRunner pid=3016838)[0m   Student    = raw image + canonical question  (choices allowed, no XML)
[36m(TaskRunner pid=3016838)[0m   Teacher    = raw image + same canonical question  (no format bias)
[36m(TaskRunner pid=3016838)[0m   KL         = forward
[36m(TaskRunner pid=3016838)[0m   Objective  = forward KL on the full-image teacher distribution (pure distillation, no GRPO)
[36m(TaskRunner pid=3016838)[0m   Routing    = uniform over teacher-valid response tokens
[36m(TaskRunner pid=3016838)[0m   Update     = current rollout -> immediate teacher score -> actor backward
[36m(TaskRunner pid=3016838)[0m ========================================================================
[36m(WorkerDict pid=3120620)[0m INFO:2026-07-11 14:11:13,064:update_weights done, time cost: 0.65s
[36m(TaskRunner pid=3016838)[0m Training Progress:   3%|▎         | 1/30 [00:15<07:42, 15.96s/it]
[36m(TaskRunner pid=3016838)[0m WARNING:2026-07-11 14:11:21,329:========================================================================
[36m(TaskRunner pid=3016838)[0m WARNING:2026-07-11 14:11:21,329:  Qwen3-VL Online GKD Pipeline Verification
[36m(TaskRunner pid=3016838)[0m WARNING:2026-07-11 14:11:21,329:========================================================================
[36m(TaskRunner pid=3016838)[0m WARNING:2026-07-11 14:11:21,329:  C          = 1  conditions: ['full']
[36m(TaskRunner pid=3016838)[0m WARNING:2026-07-11 14:11:21,329:  loss_mode  = gkd
[36m(TaskRunner pid=3016838)[0m WARNING:2026-07-11 14:11:21,329:  batch      = [B=4, T=1024]
[36m(TaskRunner pid=3016838)[0m WARNING:2026-07-11 14:11:21,329:  top_k      = 256
[36m(TaskRunner pid=3016838)[0m WARNING:2026-07-11 14:11:21,329:  exact_lp   = torch.Size([4, 1, 1024])  (None=tail-fallback)
[36m(TaskRunner pid=3016838)[0m WARNING:2026-07-11 14:11:21,329:  Student    = raw image + canonical question  (choices allowed, no XML)
[36m(TaskRunner pid=3016838)[0m WARNING:2026-07-11 14:11:21,329:  Teacher    = raw image + same canonical question  (no format bias)
[36m(TaskRunner pid=3016838)[0m WARNING:2026-07-11 14:11:21,329:  KL         = forward
[36m(TaskRunner pid=3016838)[0m WARNING:2026-07-11 14:11:21,329:  Objective  = forward KL on the full-image teacher distribution (pure distillation, no GRPO)
[36m(TaskRunner pid=3016838)[0m WARNING:2026-07-11 14:11:21,329:  Routing    = uniform over teacher-valid response tokens
[36m(TaskRunner pid=3016838)[0m WARNING:2026-07-11 14:11:21,329:  Update     = current rollout -> immediate teacher score -> actor backward
[36m(TaskRunner pid=3016838)[0m WARNING:2026-07-11 14:11:21,329:========================================================================
[36m(TaskRunner pid=3016838)[0m ========================================================================
[36m(TaskRunner pid=3016838)[0m   Qwen3-VL Online GKD Pipeline Verification
[36m(TaskRunner pid=3016838)[0m ========================================================================
[36m(TaskRunner pid=3016838)[0m   C          = 1  conditions: ['full']
[36m(TaskRunner pid=3016838)[0m   loss_mode  = gkd
[36m(TaskRunner pid=3016838)[0m   batch      = [B=4, T=1024]
[36m(TaskRunner pid=3016838)[0m   top_k      = 256
[36m(TaskRunner pid=3016838)[0m   exact_lp   = torch.Size([4, 1, 1024])  (None=tail-fallback)
[36m(TaskRunner pid=3016838)[0m   Student    = raw image + canonical question  (choices allowed, no XML)
[36m(TaskRunner pid=3016838)[0m   Teacher    = raw image + same canonical question  (no format bias)
[36m(TaskRunner pid=3016838)[0m   KL         = forward
[36m(TaskRunner pid=3016838)[0m   Objective  = forward KL on the full-image teacher distribution (pure distillation, no GRPO)
[36m(TaskRunner pid=3016838)[0m   Routing    = uniform over teacher-valid response tokens
[36m(TaskRunner pid=3016838)[0m   Update     = current rollout -> immediate teacher score -> actor backward
[36m(TaskRunner pid=3016838)[0m ========================================================================
[36m(WorkerDict pid=3120620)[0m INFO:2026-07-11 14:11:25,867:update_weights done, time cost: 0.73s

[36m(TaskRunner pid=3016838)[0m AgentLoopManager: ['252.0.19.74:37965', '252.0.19.74:45527', '252.0.19.74:33831', '252.0.19.74:41805']
[36m(WorkerDict pid=3120645)[0m WARNING 07-11 14:10:37 [api_server.py:1213] LoRA dynamic loading & unloading is enabled in the API server. This should ONLY be used for local development!
[36m(TaskRunner pid=3016838)[0m test_gen_batch meta info: {'eos_token_id': 151645, 'pad_token_id': 151643, 'recompute_log_prob': False, 'do_sample': False, 'validate': True, 'global_steps': 0}
[36m(vLLMHttpServer pid=3209757)[0m WARNING 07-11 14:10:35 [model.py:1389] Default sampling parameters have been overridden by the model's Hugging Face generation config recommended from the model creator. If this is not intended, please relaunch vLLM instance with `--generation-config vllm`.[32m [repeated 3x across cluster][0m
[36m(AgentLoopWorker pid=3371115)[0m WARNING 07-11 14:10:45 [api_server.py:1213] LoRA dynamic loading & unloading is enabled in the API server. This should ONLY be used for local development![32m [repeated 4x across cluster][0m
[36m(AgentLoopWorker pid=3371115)[0m Using dataset class: FCOPDDataset
[36m(TaskRunner pid=3016838)[0m validation generation end
[36m(AgentLoopWorker pid=3371140)[0m WARNING 07-11 14:10:45 [api_server.py:1213] LoRA dynamic loading & unloading is enabled in the API server. This should ONLY be used for local development![32m [repeated 3x across cluster][0m
[36m(AgentLoopWorker pid=3371140)[0m Using dataset class: FCOPDDataset[32m [repeated 3x across cluster][0m
[36m(TaskRunner pid=3016838)[0m Dumped generations to /inspire/hdd/global_user/mengweicheng-240108120092/lzy/projects/Dual-Track-OPD/runs/gkd_geometry3k/qwen3vl_geometry3k_gkd_concise_boxed_prompt_20260711_140550/validation/0.jsonl
[36m(TaskRunner pid=3016838)[0m ("Initial validation metrics: {'val-core/geometry3k/reward/mean@1': 0.36, "
[36m(TaskRunner pid=3016838)[0m  "'val-aux/geometry3k/score/mean@1': 0.36, 'val-aux/num_turns/min': 2, "
[36m(TaskRunner pid=3016838)[0m  "'val-aux/num_turns/max': 2, 'val-aux/num_turns/mean': 2.0}")
[36m(TaskRunner pid=3016838)[0m step:0 - val-core/geometry3k/reward/mean@1:0.36 - val-aux/geometry3k/score/mean@1:0.36 - val-aux/num_turns/min:2 - val-aux/num_turns/max:2 - val-aux/num_turns/mean:2.0
[36m(TaskRunner pid=3016838)[0m Dumped generations to /inspire/hdd/global_user/mengweicheng-240108120092/lzy/projects/Dual-Track-OPD/runs/gkd_geometry3k/qwen3vl_geometry3k_gkd_concise_boxed_prompt_20260711_140550/rollouts/1.jsonl
[36m(TaskRunner pid=3016838)[0m step:1 - fc_opd/hook_loss:0.0 - fc_opd/hook_num_samples:4.0 - fc_opd/hook_active_weight:3156.0 - fc_opd/is_plain_gkd:1.0 - fc_opd/teacher_valid_ratio:1.0 - fc_opd/teacher_topk_mass_mean:0.9999556541442871 - fc_opd/teacher_eos_in_topk_ratio:0.0069708493538200855 - fc_opd/teacher_eos_prob_lower_bound_mean:0.000632053823210299 - fc_opd/teacher_first_eos_prob_lower_bound_mean:0.0 - fc_opd/rollout_first_token_eos_ratio:0.0 - fc_opd/online/loss:0.0 - fc_opd/online/num_samples:4.0 - global_seqlen/min:306 - global_seqlen/max:1339 - global_seqlen/minmax_diff:1033 - global_seqlen/balanced_min:306 - global_seqlen/balanced_max:1339 - global_seqlen/mean:965.0 - actor/entropy:0.4382758140563965 - perf/mfu/actor_infer:0 - actor/pg_loss:-0.4999995231628418 - actor/kl_loss:0.0 - actor/fc_opd_loss:0.22656206088140607 - actor/pg_clipfrac:0.0 - actor/ppo_kl:0.0 - actor/pg_clipfrac_lower:0.0 - actor/fc_opd_denominator:3156.0 - actor/fc_opd_dp_world_size:4.0 - actor/grad_norm:8.95601749420166 - perf/mfu/actor:0.006755541107724233 - perf/max_memory_allocated_gb:21.354175567626953 - perf/max_memory_reserved_gb:22.572265625 - perf/cpu_memory_used_gb:167.5012607574463 - actor/lr:1e-06 - training/global_step:1 - training/epoch:0 - critic/score/mean:0.5 - critic/score/max:1.0 - critic/score/min:0.0 - critic/rewards/mean:0.5 - critic/rewards/max:1.0 - critic/rewards/min:0.0 - critic/advantages/mean:0.35107699036598206 - critic/advantages/max:0.9999990463256836 - critic/advantages/min:0.0 - critic/returns/mean:0.35107699036598206 - critic/returns/max:0.9999990463256836 - critic/returns/min:0.0 - response_length/mean:789.0 - response_length/max:1024.0 - response_length/min:211.0 - response_length/clip_ratio:0.5 - response_length_non_aborted/mean:789.0 - response_length_non_aborted/max:1024.0 - response_length_non_aborted/min:211.0 - response_length_non_aborted/clip_ratio:0.5 - response/aborted_ratio:0.0 - prompt_length/mean:176.0 - prompt_length/max:315.0 - prompt_length/min:95.0 - prompt_length/clip_ratio:0.0 - num_turns/min:2 - num_turns/max:2 - num_turns/mean:2.0 - timing_s/start_profile:0.00023560691624879837 - timing_s/agent_loop/num_preempted/min:-1 - timing_s/agent_loop/num_preempted/max:-1 - timing_s/agent_loop/num_preempted/mean:-1.0 - timing_s/agent_loop/generate_sequences/min:1.0556406415998936 - timing_s/agent_loop/generate_sequences/max:4.920673007145524 - timing_s/agent_loop/generate_sequences/mean:3.7978469415102154 - timing_s/agent_loop/tool_calls/min:0.0 - timing_s/agent_loop/tool_calls/max:0.0 - timing_s/agent_loop/tool_calls/mean:0.0 - timing_s/agent_loop/slowest/generate_sequences:4.920673007145524 - timing_s/agent_loop/slowest/tool_calls:0.0 - timing_s/agent_loop/slowest/prompt_length:153 - timing_s/agent_loop/slowest/response_length:1024 - timing_s/agent_loop/slowest/num_preempted:-1 - timing_s/gen:6.0790566466748714 - timing_s/fc_opd:2.4216988207772374 - timing_s/reward:1.7228536307811737e-05 - timing_s/old_log_prob:1.1896176161244512 - timing_s/adv:0.0005377782508730888 - timing_s/update_actor:3.9058321341872215 - timing_s/update_weights:2.2017157915979624 - timing_s/dump_rollout_generations:0.007253136485815048 - timing_s/step:15.813861537724733 - timing_s/stop_profile:4.680640995502472e-05 - timing_per_token_ms/gen:1.926190318971759 - timing_per_token_ms/adv:0.00013932079038162922 - timing_per_token_ms/update_actor:1.0118736098930625 - perf/total_num_tokens:3860 - perf/time_per_step:15.813861537724733 - perf/throughput:61.022413639954145
[36m(TaskRunner pid=3016838)[0m Dumped generations to /inspire/hdd/global_user/mengweicheng-240108120092/lzy/projects/Dual-Track-OPD/runs/gkd_geometry3k/qwen3vl_geometry3k_gkd_concise_boxed_prompt_20260711_140550/rollouts/2.jsonl
[36m(TaskRunner pid=3016838)[0m step:2 - fc_opd/hook_loss:0.0 - fc_opd/hook_num_samples:4.0 - fc_opd/hook_active_weight:2351.0 - fc_opd/is_plain_gkd:1.0 - fc_opd/teacher_valid_ratio:1.0 - fc_opd/teacher_topk_mass_mean:0.9999900460243225 - fc_opd/teacher_eos_in_topk_ratio:0.014887281693518162 - fc_opd/teacher_eos_prob_lower_bound_mean:0.0011538793332874775 - fc_opd/teacher_first_eos_prob_lower_bound_mean:0.0 - fc_opd/rollout_first_token_eos_ratio:0.0 - fc_opd/online/loss:0.0 - fc_opd/online/num_samples:4.0 - global_seqlen/min:388 - global_seqlen/max:1158 - global_seqlen/minmax_diff:770 - global_seqlen/balanced_min:388 - global_seqlen/balanced_max:1158 - global_seqlen/mean:738.5 - actor/entropy:0.28036192059516907 - perf/mfu/actor_infer:0 - actor/pg_loss:-0.7499992847442627 - actor/kl_loss:0.0 - actor/fc_opd_loss:0.13962710555642843 - actor/pg_clipfrac:0.0 - actor/ppo_kl:0.0 - actor/pg_clipfrac_lower:0.0 - actor/fc_opd_denominator:2351.0 - actor/fc_opd_dp_world_size:4.0 - actor/grad_norm:6.18906831741333 - perf/mfu/actor:0.00964278222108627 - perf/max_memory_allocated_gb:21.354175567626953 - perf/max_memory_reserved_gb:25.677734375 - perf/cpu_memory_used_gb:167.6812744140625 - actor/lr:1e-06 - training/global_step:2 - training/epoch:0 - critic/score/mean:0.75 - critic/score/max:1.0 - critic/score/min:0.0 - critic/rewards/mean:0.75 - critic/rewards/max:1.0 - critic/rewards/min:0.0 - critic/advantages/mean:0.6261160373687744 - critic/advantages/max:0.9999990463256836 - critic/advantages/min:0.0 - critic/returns/mean:0.6261160373687744 - critic/returns/max:0.9999990463256836 - critic/returns/min:0.0 - response_length/mean:587.75 - response_length/max:1024.0 - response_length/min:159.0 - response_length/clip_ratio:0.25 - response_length_non_aborted/mean:587.75 - response_length_non_aborted/max:1024.0 - response_length_non_aborted/min:159.0 - response_length_non_aborted/clip_ratio:0.25 - response/aborted_ratio:0.0 - prompt_length/mean:150.75 - prompt_length/max:254.0 - prompt_length/min:99.0 - prompt_length/clip_ratio:0.0 - num_turns/min:2 - num_turns/max:2 - num_turns/mean:2.0 - timing_s/start_profile:3.2850541174411774e-05 - timing_s/agent_loop/num_preempted/min:-1 - timing_s/agent_loop/num_preempted/max:-1 - timing_s/agent_loop/num_preempted/mean:-1.0 - timing_s/agent_loop/generate_sequences/min:0.817102306522429 - timing_s/agent_loop/generate_sequences/max:4.928816847503185 - timing_s/agent_loop/generate_sequences/mean:2.8476733656134456 - timing_s/agent_loop/tool_calls/min:0.0 - timing_s/agent_loop/tool_calls/max:0.0 - timing_s/agent_loop/tool_calls/mean:0.0 - timing_s/agent_loop/slowest/generate_sequences:4.928816847503185 - timing_s/agent_loop/slowest/tool_calls:0.0 - timing_s/agent_loop/slowest/prompt_length:134 - timing_s/agent_loop/slowest/response_length:1024 - timing_s/agent_loop/slowest/num_preempted:-1 - timing_s/gen:5.901570831425488 - timing_s/fc_opd:1.8526274776086211 - timing_s/reward:1.4806166291236877e-05 - timing_s/old_log_prob:0.5974648026749492 - timing_s/adv:0.00037441961467266083 - timing_s/update_actor:2.0837783105671406 - timing_s/update_weights:2.3777005383744836 - timing_s/dump_rollout_generations:0.004401086829602718 - timing_s/step:12.825148355215788 - timing_s/stop_profile:3.958400338888168e-05 - timing_per_token_ms/gen:2.510238550159714 - timing_per_token_ms/adv:0.00012675003881945188 - timing_per_token_ms/update_actor:0.705409042168971 - perf/total_num_tokens:2954 - perf/time_per_step:12.825148355215788 - perf/throughput:57.58217991292581[36m(TaskRunner pid=3016838)[0m Training Progress:   7%|▋         | 2/30 [00:28<06:35, 14.12s/it]
[36m(TaskRunner pid=3016838)[0m WARNING:2026-07-11 14:11:35,170:========================================================================
[36m(TaskRunner pid=3016838)[0m WARNING:2026-07-11 14:11:35,170:  Qwen3-VL Online GKD Pipeline Verification
[36m(TaskRunner pid=3016838)[0m WARNING:2026-07-11 14:11:35,170:========================================================================
[36m(TaskRunner pid=3016838)[0m WARNING:2026-07-11 14:11:35,170:  C          = 1  conditions: ['full']
[36m(TaskRunner pid=3016838)[0m WARNING:2026-07-11 14:11:35,170:  loss_mode  = gkd
[36m(TaskRunner pid=3016838)[0m WARNING:2026-07-11 14:11:35,170:  batch      = [B=4, T=1024]
[36m(TaskRunner pid=3016838)[0m WARNING:2026-07-11 14:11:35,170:  top_k      = 256
[36m(TaskRunner pid=3016838)[0m WARNING:2026-07-11 14:11:35,170:  exact_lp   = torch.Size([4, 1, 1024])  (None=tail-fallback)
[36m(TaskRunner pid=3016838)[0m WARNING:2026-07-11 14:11:35,170:  Student    = raw image + canonical question  (choices allowed, no XML)
[36m(TaskRunner pid=3016838)[0m WARNING:2026-07-11 14:11:35,170:  Teacher    = raw image + same canonical question  (no format bias)
[36m(TaskRunner pid=3016838)[0m WARNING:2026-07-11 14:11:35,170:  KL         = forward
[36m(TaskRunner pid=3016838)[0m WARNING:2026-07-11 14:11:35,170:  Objective  = forward KL on the full-image teacher distribution (pure distillation, no GRPO)
[36m(TaskRunner pid=3016838)[0m WARNING:2026-07-11 14:11:35,170:  Routing    = uniform over teacher-valid response tokens
[36m(TaskRunner pid=3016838)[0m WARNING:2026-07-11 14:11:35,170:  Update     = current rollout -> immediate teacher score -> actor backward
[36m(TaskRunner pid=3016838)[0m WARNING:2026-07-11 14:11:35,170:========================================================================
[36m(TaskRunner pid=3016838)[0m ========================================================================
[36m(TaskRunner pid=3016838)[0m   Qwen3-VL Online GKD Pipeline Verification
[36m(TaskRunner pid=3016838)[0m ========================================================================
[36m(TaskRunner pid=3016838)[0m   C          = 1  conditions: ['full']
[36m(TaskRunner pid=3016838)[0m   loss_mode  = gkd
[36m(TaskRunner pid=3016838)[0m   batch      = [B=4, T=1024]
[36m(TaskRunner pid=3016838)[0m   top_k      = 256
[36m(TaskRunner pid=3016838)[0m   exact_lp   = torch.Size([4, 1, 1024])  (None=tail-fallback)
[36m(TaskRunner pid=3016838)[0m   Student    = raw image + canonical question  (choices allowed, no XML)
[36m(TaskRunner pid=3016838)[0m   Teacher    = raw image + same canonical question  (no format bias)
[36m(TaskRunner pid=3016838)[0m   KL         = forward
[36m(TaskRunner pid=3016838)[0m   Objective  = forward KL on the full-image teacher distribution (pure distillation, no GRPO)
[36m(TaskRunner pid=3016838)[0m   Routing    = uniform over teacher-valid response tokens
[36m(TaskRunner pid=3016838)[0m   Update     = current rollout -> immediate teacher score -> actor backward
[36m(TaskRunner pid=3016838)[0m ========================================================================
[36m(WorkerDict pid=3120620)[0m INFO:2026-07-11 14:11:39,796:update_weights done, time cost: 0.68s
[36m(TaskRunner pid=3016838)[0m Training Progress:  10%|█         | 3/30 [00:42<06:20, 14.08s/it]
[36m(TaskRunner pid=3016838)[0m WARNING:2026-07-11 14:11:48,602:========================================================================
[36m(TaskRunner pid=3016838)[0m WARNING:2026-07-11 14:11:48,602:  Qwen3-VL Online GKD Pipeline Verification
[36m(TaskRunner pid=3016838)[0m WARNING:2026-07-11 14:11:48,602:========================================================================
[36m(TaskRunner pid=3016838)[0m WARNING:2026-07-11 14:11:48,602:  C          = 1  conditions: ['full']
[36m(TaskRunner pid=3016838)[0m WARNING:2026-07-11 14:11:48,602:  loss_mode  = gkd
[36m(TaskRunner pid=3016838)[0m WARNING:2026-07-11 14:11:48,602:  batch      = [B=4, T=1024]
[36m(TaskRunner pid=3016838)[0m WARNING:2026-07-11 14:11:48,602:  top_k      = 256
[36m(TaskRunner pid=3016838)[0m WARNING:2026-07-11 14:11:48,602:  exact_lp   = torch.Size([4, 1, 1024])  (None=tail-fallback)
[36m(TaskRunner pid=3016838)[0m WARNING:2026-07-11 14:11:48,602:  Student    = raw image + canonical question  (choices allowed, no XML)
[36m(TaskRunner pid=3016838)[0m WARNING:2026-07-11 14:11:48,602:  Teacher    = raw image + same canonical question  (no format bias)
[36m(TaskRunner pid=3016838)[0m WARNING:2026-07-11 14:11:48,602:  KL         = forward
[36m(TaskRunner pid=3016838)[0m WARNING:2026-07-11 14:11:48,602:  Objective  = forward KL on the full-image teacher distribution (pure distillation, no GRPO)
[36m(TaskRunner pid=3016838)[0m WARNING:2026-07-11 14:11:48,602:  Routing    = uniform over teacher-valid response tokens
[36m(TaskRunner pid=3016838)[0m WARNING:2026-07-11 14:11:48,602:  Update     = current rollout -> immediate teacher score -> actor backward
[36m(TaskRunner pid=3016838)[0m WARNING:2026-07-11 14:11:48,602:========================================================================
[36m(TaskRunner pid=3016838)[0m ========================================================================
[36m(TaskRunner pid=3016838)[0m   Qwen3-VL Online GKD Pipeline Verification
[36m(TaskRunner pid=3016838)[0m ========================================================================
[36m(TaskRunner pid=3016838)[0m   C          = 1  conditions: ['full']
[36m(TaskRunner pid=3016838)[0m   loss_mode  = gkd
[36m(TaskRunner pid=3016838)[0m   batch      = [B=4, T=1024]
[36m(TaskRunner pid=3016838)[0m   top_k      = 256
[36m(TaskRunner pid=3016838)[0m   exact_lp   = torch.Size([4, 1, 1024])  (None=tail-fallback)
[36m(TaskRunner pid=3016838)[0m   Student    = raw image + canonical question  (choices allowed, no XML)
[36m(TaskRunner pid=3016838)[0m   Teacher    = raw image + same canonical question  (no format bias)
[36m(TaskRunner pid=3016838)[0m   KL         = forward
[36m(TaskRunner pid=3016838)[0m   Objective  = forward KL on the full-image teacher distribution (pure distillation, no GRPO)
[36m(TaskRunner pid=3016838)[0m   Routing    = uniform over teacher-valid response tokens
[36m(TaskRunner pid=3016838)[0m   Update     = current rollout -> immediate teacher score -> actor backward
[36m(TaskRunner pid=3016838)[0m ========================================================================
[36m(WorkerDict pid=3120620)[0m INFO:2026-07-11 14:11:52,936:update_weights done, time cost: 0.69s
[36m(TaskRunner pid=3016838)[0m Training Progress:  13%|█▎        | 4/30 [00:55<05:55, 13.68s/it]
[36m(TaskRunner pid=3016838)[0m WARNING:2026-07-11 14:12:01,779:========================================================================
[36m(TaskRunner pid=3016838)[0m WARNING:2026-07-11 14:12:01,779:  Qwen3-VL Online GKD Pipeline Verification
[36m(TaskRunner pid=3016838)[0m WARNING:2026-07-11 14:12:01,779:========================================================================
[36m(TaskRunner pid=3016838)[0m WARNING:2026-07-11 14:12:01,779:  C          = 1  conditions: ['full']
[36m(TaskRunner pid=3016838)[0m WARNING:2026-07-11 14:12:01,779:  loss_mode  = gkd
[36m(TaskRunner pid=3016838)[0m WARNING:2026-07-11 14:12:01,779:  batch      = [B=4, T=1024]
[36m(TaskRunner pid=3016838)[0m WARNING:2026-07-11 14:12:01,780:  top_k      = 256
[36m(TaskRunner pid=3016838)[0m WARNING:2026-07-11 14:12:01,780:  exact_lp   = torch.Size([4, 1, 1024])  (None=tail-fallback)
[36m(TaskRunner pid=3016838)[0m WARNING:2026-07-11 14:12:01,780:  Student    = raw image + canonical question  (choices allowed, no XML)
[36m(TaskRunner pid=3016838)[0m WARNING:2026-07-11 14:12:01,780:  Teacher    = raw image + same canonical question  (no format bias)
[36m(TaskRunner pid=3016838)[0m WARNING:2026-07-11 14:12:01,780:  KL         = forward
[36m(TaskRunner pid=3016838)[0m WARNING:2026-07-11 14:12:01,780:  Objective  = forward KL on the full-image teacher distribution (pure distillation, no GRPO)
[36m(TaskRunner pid=3016838)[0m WARNING:2026-07-11 14:12:01,780:  Routing    = uniform over teacher-valid response tokens
[36m(TaskRunner pid=3016838)[0m WARNING:2026-07-11 14:12:01,780:  Update     = current rollout -> immediate teacher score -> actor backward
[36m(TaskRunner pid=3016838)[0m WARNING:2026-07-11 14:12:01,780:========================================================================
[36m(TaskRunner pid=3016838)[0m ========================================================================
[36m(TaskRunner pid=3016838)[0m   Qwen3-VL Online GKD Pipeline Verification
[36m(TaskRunner pid=3016838)[0m ========================================================================
[36m(TaskRunner pid=3016838)[0m   C          = 1  conditions: ['full']
[36m(TaskRunner pid=3016838)[0m   loss_mode  = gkd
[36m(TaskRunner pid=3016838)[0m   batch      = [B=4, T=1024]
[36m(TaskRunner pid=3016838)[0m   top_k      = 256
[36m(TaskRunner pid=3016838)[0m   exact_lp   = torch.Size([4, 1, 1024])  (None=tail-fallback)
[36m(TaskRunner pid=3016838)[0m   Student    = raw image + canonical question  (choices allowed, no XML)
[36m(TaskRunner pid=3016838)[0m   Teacher    = raw image + same canonical question  (no format bias)
[36m(TaskRunner pid=3016838)[0m   KL         = forward
[36m(TaskRunner pid=3016838)[0m   Objective  = forward KL on the full-image teacher distribution (pure distillation, no GRPO)
[36m(TaskRunner pid=3016838)[0m   Routing    = uniform over teacher-valid response tokens
[36m(TaskRunner pid=3016838)[0m   Update     = current rollout -> immediate teacher score -> actor backward
[36m(TaskRunner pid=3016838)[0m ========================================================================
[36m(WorkerDict pid=3120620)[0m INFO:2026-07-11 14:12:06,462:update_weights done, time cost: 0.77s

[36m(TaskRunner pid=3016838)[0m Dumped generations to /inspire/hdd/global_user/mengweicheng-240108120092/lzy/projects/Dual-Track-OPD/runs/gkd_geometry3k/qwen3vl_geometry3k_gkd_concise_boxed_prompt_20260711_140550/rollouts/3.jsonl
[36m(TaskRunner pid=3016838)[0m step:3 - fc_opd/hook_loss:0.0 - fc_opd/hook_num_samples:4.0 - fc_opd/hook_active_weight:3621.0 - fc_opd/is_plain_gkd:1.0 - fc_opd/teacher_valid_ratio:1.0 - fc_opd/teacher_topk_mass_mean:0.9999781250953674 - fc_opd/teacher_eos_in_topk_ratio:0.0071803368628025055 - fc_opd/teacher_eos_prob_lower_bound_mean:0.0002761655196081847 - fc_opd/teacher_first_eos_prob_lower_bound_mean:0.0 - fc_opd/rollout_first_token_eos_ratio:0.0 - fc_opd/online/loss:0.0 - fc_opd/online/num_samples:4.0 - global_seqlen/min:653 - global_seqlen/max:1272 - global_seqlen/minmax_diff:619 - global_seqlen/balanced_min:653 - global_seqlen/balanced_max:1272 - global_seqlen/mean:1072.25 - actor/entropy:0.3926377296447754 - perf/mfu/actor_infer:0 - actor/pg_loss:-0.2499997764825821 - actor/kl_loss:0.0 - actor/fc_opd_loss:0.20745952986180782 - actor/pg_clipfrac:0.0 - actor/ppo_kl:0.0 - actor/pg_clipfrac_lower:0.0 - actor/fc_opd_denominator:3621.0 - actor/fc_opd_dp_world_size:4.0 - actor/grad_norm:6.895900726318359 - perf/mfu/actor:0.013289553965495133 - perf/max_memory_allocated_gb:21.354175567626953 - perf/max_memory_reserved_gb:25.677734375 - perf/cpu_memory_used_gb:167.5322971343994 - actor/lr:1e-06 - training/global_step:3 - training/epoch:0 - critic/score/mean:0.25 - critic/score/max:1.0 - critic/score/min:0.0 - critic/rewards/mean:0.25 - critic/rewards/max:1.0 - critic/rewards/min:0.0 - critic/advantages/mean:0.1516154408454895 - critic/advantages/max:0.9999990463256836 - critic/advantages/min:0.0 - critic/returns/mean:0.1516154408454895 - critic/returns/max:0.9999990463256836 - critic/returns/min:0.0 - response_length/mean:905.25 - response_length/max:1024.0 - response_length/min:549.0 - response_length/clip_ratio:0.75 - response_length_non_aborted/mean:905.25 - response_length_non_aborted/max:1024.0 - response_length_non_aborted/min:549.0 - response_length_non_aborted/clip_ratio:0.75 - response/aborted_ratio:0.0 - prompt_length/mean:167.0 - prompt_length/max:248.0 - prompt_length/min:104.0 - prompt_length/clip_ratio:0.0 - num_turns/min:2 - num_turns/max:2 - num_turns/mean:2.0 - timing_s/start_profile:5.514267832040787e-05 - timing_s/agent_loop/num_preempted/min:-1 - timing_s/agent_loop/num_preempted/max:-1 - timing_s/agent_loop/num_preempted/mean:-1.0 - timing_s/agent_loop/generate_sequences/min:2.639970637857914 - timing_s/agent_loop/generate_sequences/max:4.974775517359376 - timing_s/agent_loop/generate_sequences/mean:4.3705607450101525 - timing_s/agent_loop/tool_calls/min:0.0 - timing_s/agent_loop/tool_calls/max:0.0 - timing_s/agent_loop/tool_calls/mean:0.0 - timing_s/agent_loop/slowest/generate_sequences:4.974775517359376 - timing_s/agent_loop/slowest/tool_calls:0.0 - timing_s/agent_loop/slowest/prompt_length:203 - timing_s/agent_loop/slowest/response_length:1024 - timing_s/agent_loop/slowest/num_preempted:-1 - timing_s/gen:6.21358357463032 - timing_s/fc_opd:2.5461398493498564 - timing_s/reward:1.8266960978507996e-05 - timing_s/old_log_prob:0.6900634365156293 - timing_s/adv:0.0004021916538476944 - timing_s/update_actor:2.18813381716609 - timing_s/update_weights:2.3808715473860502 - timing_s/dump_rollout_generations:0.004890398122370243 - timing_s/step:14.03160151746124 - timing_s/stop_profile:4.569441080093384e-05 - timing_per_token_ms/gen:1.7159855218531677 - timing_per_token_ms/adv:9.37728267306352e-05 - timing_per_token_ms/update_actor:0.510173424380063 - perf/total_num_tokens:4289 - perf/time_per_step:14.03160151746124 - perf/throughput:76.41679381114608
[36m(TaskRunner pid=3016838)[0m Dumped generations to /inspire/hdd/global_user/mengweicheng-240108120092/lzy/projects/Dual-Track-OPD/runs/gkd_geometry3k/qwen3vl_geometry3k_gkd_concise_boxed_prompt_20260711_140550/rollouts/4.jsonl
[36m(TaskRunner pid=3016838)[0m step:4 - fc_opd/hook_loss:0.0 - fc_opd/hook_num_samples:4.0 - fc_opd/hook_active_weight:2668.0 - fc_opd/is_plain_gkd:1.0 - fc_opd/teacher_valid_ratio:1.0 - fc_opd/teacher_topk_mass_mean:0.9999871850013733 - fc_opd/teacher_eos_in_topk_ratio:0.021739130839705467 - fc_opd/teacher_eos_prob_lower_bound_mean:0.001126744202338159 - fc_opd/teacher_first_eos_prob_lower_bound_mean:0.0 - fc_opd/rollout_first_token_eos_ratio:0.0 - fc_opd/online/loss:0.0 - fc_opd/online/num_samples:4.0 - global_seqlen/min:713 - global_seqlen/max:1428 - global_seqlen/minmax_diff:715 - global_seqlen/balanced_min:713 - global_seqlen/balanced_max:1428 - global_seqlen/mean:1029.5 - actor/entropy:0.2942717671394348 - perf/mfu/actor_infer:0 - actor/pg_loss:-0.7499992698431015 - actor/kl_loss:0.0 - actor/fc_opd_loss:0.17381891794502735 - actor/pg_clipfrac:0.0 - actor/ppo_kl:0.0 - actor/pg_clipfrac_lower:0.0 - actor/fc_opd_denominator:2668.0 - actor/fc_opd_dp_world_size:4.0 - actor/grad_norm:7.046998023986816 - perf/mfu/actor:0.014627072934205163 - perf/max_memory_allocated_gb:21.354175567626953 - perf/max_memory_reserved_gb:25.873046875 - perf/cpu_memory_used_gb:167.55543899536133 - actor/lr:1e-06 - training/global_step:4 - training/epoch:0 - critic/score/mean:0.75 - critic/score/max:1.0 - critic/score/min:0.0 - critic/rewards/mean:0.75 - critic/rewards/max:1.0 - critic/rewards/min:0.0 - critic/advantages/mean:0.6161912679672241 - critic/advantages/max:0.9999990463256836 - critic/advantages/min:0.0 - critic/returns/mean:0.6161912679672241 - critic/returns/max:0.9999990463256836 - critic/returns/min:0.0 - response_length/mean:667.0 - response_length/max:1024.0 - response_length/min:460.0 - response_length/clip_ratio:0.25 - response_length_non_aborted/mean:667.0 - response_length_non_aborted/max:1024.0 - response_length_non_aborted/min:460.0 - response_length_non_aborted/clip_ratio:0.25 - response/aborted_ratio:0.0 - prompt_length/mean:362.5 - prompt_length/max:739.0 - prompt_length/min:113.0 - prompt_length/clip_ratio:0.0 - num_turns/min:2 - num_turns/max:2 - num_turns/mean:2.0 - timing_s/start_profile:5.577225238084793e-05 - timing_s/agent_loop/num_preempted/min:-1 - timing_s/agent_loop/num_preempted/max:-1 - timing_s/agent_loop/num_preempted/mean:-1.0 - timing_s/agent_loop/generate_sequences/min:2.3155257925391197 - timing_s/agent_loop/generate_sequences/max:4.984053866006434 - timing_s/agent_loop/generate_sequences/mean:3.2595600218046457 - timing_s/agent_loop/tool_calls/min:0.0 - timing_s/agent_loop/tool_calls/max:0.0 - timing_s/agent_loop/tool_calls/mean:0.0 - timing_s/agent_loop/slowest/generate_sequences:4.984053866006434 - timing_s/agent_loop/slowest/tool_calls:0.0 - timing_s/agent_loop/slowest/prompt_length:404 - timing_s/agent_loop/slowest/response_length:1024 - timing_s/agent_loop/slowest/num_preempted:-1 - timing_s/gen:6.022941010072827 - timing_s/fc_opd:2.1187572674825788 - timing_s/reward:1.6442500054836273e-05 - timing_s/old_log_prob:0.6453552581369877 - timing_s/adv:0.00039341114461421967 - timing_s/update_actor:2.1105382228270173 - timing_s/update_weights:2.1400545546784997 - timing_s/dump_rollout_generations:0.004413005895912647 - timing_s/step:13.050764735788107 - timing_s/stop_profile:4.4737011194229126e-05 - timing_per_token_ms/gen:2.257474141706457 - timing_per_token_ms/adv:9.553451787620681e-05 - timing_per_token_ms/update_actor:0.5125153527991786 - perf/total_num_tokens:4118 - perf/time_per_step:13.050764735788107 - perf/throughput:78.88426623589969
[36m(TaskRunner pid=3016838)[0m Dumped generations to /inspire/hdd/global_user/mengweicheng-240108120092/lzy/projects/Dual-Track-OPD/runs/gkd_geometry3k/qwen3vl_geometry3k_gkd_concise_boxed_prompt_20260711_140550/rollouts/5.jsonl
[36m(TaskRunner pid=3016838)[0m step:5 - fc_opd/hook_loss:0.0 - fc_opd/hook_num_samples:4.0 - fc_opd/hook_active_weight:3386.0 - fc_opd/is_plain_gkd:1.0 - fc_opd/teacher_valid_ratio:1.0 - fc_opd/teacher_topk_mass_mean:0.9999716877937317 - fc_opd/teacher_eos_in_topk_ratio:0.004134672228246927 - fc_opd/teacher_eos_prob_lower_bound_mean:0.00029532640473917127 - fc_opd/teacher_first_eos_prob_lower_bound_mean:0.0 - fc_opd/rollout_first_token_eos_ratio:0.0 - fc_opd/online/loss:0.0 - fc_opd/online/num_samples:4.0 - global_seqlen/min:535 - global_seqlen/max:1127 - global_seqlen/minmax_diff:592 - global_seqlen/balanced_min:535 - global_seqlen/balanced_max:1127 - global_seqlen/mean:976.25 - actor/entropy:0.4549658000469208 - perf/mfu/actor_infer:0 - actor/pg_loss:-0.2499997615814209 - actor/kl_loss:0.0 - actor/fc_opd_loss:0.22070715576410294 - actor/pg_clipfrac:0.0 - actor/ppo_kl:0.0 - actor/pg_clipfrac_lower:0.0 - actor/fc_opd_denominator:3386.0 - actor/fc_opd_dp_world_size:4.0 - actor/grad_norm:7.054226875305176 - perf/mfu/actor:0.011965586056952734 - perf/max_memory_allocated_gb:21.354175567626953 - perf/max_memory_reserved_gb:25.873046875 - perf/cpu_memory_used_gb:167.56154823303223 - actor/lr:1e-06 - training/global_step:5 - training/epoch:0 - critic/score/mean:0.25 - critic/score/max:1.0 - critic/score/min:0.0 - critic/rewards/mean:0.25 - critic/rewards/max:1.0 - critic/rewards/min:0.0 - critic/advantages/mean:0.09273470938205719 - critic/advantages/max:0.9999990463256836 - critic/advantages/min:0.0 - critic/returns/mean:0.09273470938205719 - critic/returns/max:0.9999990463256836 - critic/returns/min:0.0 - response_length/mean:846.5 - response_length/max:1024.0 - response_length/min:314.0 - response_length/clip_ratio:0.75 - response_length_non_aborted/mean:846.5 - response_length_non_aborted/max:1024.0 - response_length_non_aborted/min:314.0 - response_length_non_aborted/clip_ratio:0.75 - response/aborted_ratio:0.0 - prompt_length/mean:129.75 - prompt_length/max:221.0 - prompt_length/min:92.0 - prompt_length/clip_ratio:0.0 - num_turns/min:2 - num_turns/max:2 - num_turns/mean:2.0 - timing_s/start_profile:6.03972002863884e-05 - timing_s/agent_loop/num_preempted/min:-1 - timing_s/agent_loop/num_preempted/max:-1 - timing_s/agent_loop/num_preempted/mean:-1.0 - timing_s/agent_loop/generate_sequences/min:1.556246716529131 - timing_s/agent_loop/generate_sequences/max:4.9399406015872955 - timing_s/agent_loop/generate_sequences/mean:4.0667129347566515 - timing_s/agent_loop/tool_calls/min:0.0 - timing_s/agent_loop/tool_calls/max:0.0 - timing_s/agent_loop/tool_calls/mean:0.0 - timing_s/agent_loop/slowest/generate_sequences:4.9399406015872955 - timing_s/agent_loop/slowest/tool_calls:0.0 - timing_s/agent_loop/slowest/prompt_length:103 - timing_s/agent_loop/slowest/response_length:1024 - timing_s/agent_loop/slowest/num_preempted:-1 - timing_s/gen:5.964459213428199 - timing_s/fc_opd:2.286128212697804 - timing_s/reward:1.4415942132472992e-05 - timing_s/old_log_prob:0.7045766785740852 - timing_s/adv:0.0004118494689464569 - timing_s/update_actor:2.175328708253801 - timing_s/update_weights:2.3054871344938874 - timing_s/dump_rollout_generations:0.007970399223268032 - timing_s/step:13.448715259321034 - timing_s/stop_profile:4.7511421144008636e-05 - timing_per_token_ms/gen:1.7615059697070878 - timing_per_token_ms/adv:0.00010546721355863173 - timing_per_token_ms/update_actor:0.5570624092839439 - perf/total_num_tokens:3905 - perf/time_per_step:13.448715259321034 - perf/throughput:72.59057695666363[36m(TaskRunner pid=3016838)[0m Training Progress:  17%|█▋        | 5/30 [01:09<05:40, 13.60s/it]
[36m(TaskRunner pid=3016838)[0m WARNING:2026-07-11 14:12:15,686:========================================================================
[36m(TaskRunner pid=3016838)[0m WARNING:2026-07-11 14:12:15,686:  Qwen3-VL Online GKD Pipeline Verification
[36m(TaskRunner pid=3016838)[0m WARNING:2026-07-11 14:12:15,686:========================================================================
[36m(TaskRunner pid=3016838)[0m WARNING:2026-07-11 14:12:15,686:  C          = 1  conditions: ['full']
[36m(TaskRunner pid=3016838)[0m WARNING:2026-07-11 14:12:15,686:  loss_mode  = gkd
[36m(TaskRunner pid=3016838)[0m WARNING:2026-07-11 14:12:15,686:  batch      = [B=4, T=1024]
[36m(TaskRunner pid=3016838)[0m WARNING:2026-07-11 14:12:15,686:  top_k      = 256
[36m(TaskRunner pid=3016838)[0m WARNING:2026-07-11 14:12:15,686:  exact_lp   = torch.Size([4, 1, 1024])  (None=tail-fallback)
[36m(TaskRunner pid=3016838)[0m WARNING:2026-07-11 14:12:15,686:  Student    = raw image + canonical question  (choices allowed, no XML)
[36m(TaskRunner pid=3016838)[0m WARNING:2026-07-11 14:12:15,686:  Teacher    = raw image + same canonical question  (no format bias)
[36m(TaskRunner pid=3016838)[0m WARNING:2026-07-11 14:12:15,686:  KL         = forward
[36m(TaskRunner pid=3016838)[0m WARNING:2026-07-11 14:12:15,686:  Objective  = forward KL on the full-image teacher distribution (pure distillation, no GRPO)
[36m(TaskRunner pid=3016838)[0m WARNING:2026-07-11 14:12:15,686:  Routing    = uniform over teacher-valid response tokens
[36m(TaskRunner pid=3016838)[0m WARNING:2026-07-11 14:12:15,686:  Update     = current rollout -> immediate teacher score -> actor backward
[36m(TaskRunner pid=3016838)[0m WARNING:2026-07-11 14:12:15,686:========================================================================
[36m(TaskRunner pid=3016838)[0m ========================================================================
[36m(TaskRunner pid=3016838)[0m   Qwen3-VL Online GKD Pipeline Verification
[36m(TaskRunner pid=3016838)[0m ========================================================================
[36m(TaskRunner pid=3016838)[0m   C          = 1  conditions: ['full']
[36m(TaskRunner pid=3016838)[0m   loss_mode  = gkd
[36m(TaskRunner pid=3016838)[0m   batch      = [B=4, T=1024]
[36m(TaskRunner pid=3016838)[0m   top_k      = 256
[36m(TaskRunner pid=3016838)[0m   exact_lp   = torch.Size([4, 1, 1024])  (None=tail-fallback)
[36m(TaskRunner pid=3016838)[0m   Student    = raw image + canonical question  (choices allowed, no XML)
[36m(TaskRunner pid=3016838)[0m   Teacher    = raw image + same canonical question  (no format bias)
[36m(TaskRunner pid=3016838)[0m   KL         = forward
[36m(TaskRunner pid=3016838)[0m   Objective  = forward KL on the full-image teacher distribution (pure distillation, no GRPO)
[36m(TaskRunner pid=3016838)[0m   Routing    = uniform over teacher-valid response tokens
[36m(TaskRunner pid=3016838)[0m   Update     = current rollout -> immediate teacher score -> actor backward
[36m(TaskRunner pid=3016838)[0m ========================================================================
[36m(WorkerDict pid=3120620)[0m INFO:2026-07-11 14:12:20,016:update_weights done, time cost: 0.78s
[36m(TaskRunner pid=3016838)[0m Training Progress:  20%|██        | 6/30 [01:22<05:26, 13.60s/it]
[36m(TaskRunner pid=3016838)[0m WARNING:2026-07-11 14:12:28,874:========================================================================
[36m(TaskRunner pid=3016838)[0m WARNING:2026-07-11 14:12:28,875:  Qwen3-VL Online GKD Pipeline Verification
[36m(TaskRunner pid=3016838)[0m WARNING:2026-07-11 14:12:28,875:========================================================================
[36m(TaskRunner pid=3016838)[0m WARNING:2026-07-11 14:12:28,875:  C          = 1  conditions: ['full']
[36m(TaskRunner pid=3016838)[0m WARNING:2026-07-11 14:12:28,875:  loss_mode  = gkd
[36m(TaskRunner pid=3016838)[0m WARNING:2026-07-11 14:12:28,875:  batch      = [B=4, T=1024]
[36m(TaskRunner pid=3016838)[0m WARNING:2026-07-11 14:12:28,875:  top_k      = 256
[36m(TaskRunner pid=3016838)[0m WARNING:2026-07-11 14:12:28,875:  exact_lp   = torch.Size([4, 1, 1024])  (None=tail-fallback)
[36m(TaskRunner pid=3016838)[0m WARNING:2026-07-11 14:12:28,875:  Student    = raw image + canonical question  (choices allowed, no XML)
[36m(TaskRunner pid=3016838)[0m WARNING:2026-07-11 14:12:28,875:  Teacher    = raw image + same canonical question  (no format bias)
[36m(TaskRunner pid=3016838)[0m WARNING:2026-07-11 14:12:28,875:  KL         = forward
[36m(TaskRunner pid=3016838)[0m WARNING:2026-07-11 14:12:28,875:  Objective  = forward KL on the full-image teacher distribution (pure distillation, no GRPO)
[36m(TaskRunner pid=3016838)[0m WARNING:2026-07-11 14:12:28,875:  Routing    = uniform over teacher-valid response tokens
[36m(TaskRunner pid=3016838)[0m WARNING:2026-07-11 14:12:28,875:  Update     = current rollout -> immediate teacher score -> actor backward
[36m(TaskRunner pid=3016838)[0m WARNING:2026-07-11 14:12:28,875:========================================================================
[36m(TaskRunner pid=3016838)[0m ========================================================================
[36m(TaskRunner pid=3016838)[0m   Qwen3-VL Online GKD Pipeline Verification
[36m(TaskRunner pid=3016838)[0m ========================================================================
[36m(TaskRunner pid=3016838)[0m   C          = 1  conditions: ['full']
[36m(TaskRunner pid=3016838)[0m   loss_mode  = gkd
[36m(TaskRunner pid=3016838)[0m   batch      = [B=4, T=1024]
[36m(TaskRunner pid=3016838)[0m   top_k      = 256
[36m(TaskRunner pid=3016838)[0m   exact_lp   = torch.Size([4, 1, 1024])  (None=tail-fallback)
[36m(TaskRunner pid=3016838)[0m   Student    = raw image + canonical question  (choices allowed, no XML)
[36m(TaskRunner pid=3016838)[0m   Teacher    = raw image + same canonical question  (no format bias)
[36m(TaskRunner pid=3016838)[0m   KL         = forward
[36m(TaskRunner pid=3016838)[0m   Objective  = forward KL on the full-image teacher distribution (pure distillation, no GRPO)
[36m(TaskRunner pid=3016838)[0m   Routing    = uniform over teacher-valid response tokens
[36m(TaskRunner pid=3016838)[0m   Update     = current rollout -> immediate teacher score -> actor backward
[36m(TaskRunner pid=3016838)[0m ========================================================================
[36m(WorkerDict pid=3120620)[0m INFO:2026-07-11 14:12:33,883:update_weights done, time cost: 0.68s
[36m(TaskRunner pid=3016838)[0m Training Progress:  23%|██▎       | 7/30 [01:36<05:14, 13.68s/it]
[36m(TaskRunner pid=3016838)[0m WARNING:2026-07-11 14:12:42,357:========================================================================
[36m(TaskRunner pid=3016838)[0m WARNING:2026-07-11 14:12:42,358:  Qwen3-VL Online GKD Pipeline Verification
[36m(TaskRunner pid=3016838)[0m WARNING:2026-07-11 14:12:42,358:========================================================================
[36m(TaskRunner pid=3016838)[0m WARNING:2026-07-11 14:12:42,358:  C          = 1  conditions: ['full']
[36m(TaskRunner pid=3016838)[0m WARNING:2026-07-11 14:12:42,358:  loss_mode  = gkd
[36m(TaskRunner pid=3016838)[0m WARNING:2026-07-11 14:12:42,358:  batch      = [B=4, T=1024]
[36m(TaskRunner pid=3016838)[0m WARNING:2026-07-11 14:12:42,358:  top_k      = 256
[36m(TaskRunner pid=3016838)[0m WARNING:2026-07-11 14:12:42,358:  exact_lp   = torch.Size([4, 1, 1024])  (None=tail-fallback)
[36m(TaskRunner pid=3016838)[0m WARNING:2026-07-11 14:12:42,358:  Student    = raw image + canonical question  (choices allowed, no XML)
[36m(TaskRunner pid=3016838)[0m WARNING:2026-07-11 14:12:42,358:  Teacher    = raw image + same canonical question  (no format bias)
[36m(TaskRunner pid=3016838)[0m WARNING:2026-07-11 14:12:42,358:  KL         = forward
[36m(TaskRunner pid=3016838)[0m WARNING:2026-07-11 14:12:42,358:  Objective  = forward KL on the full-image teacher distribution (pure distillation, no GRPO)
[36m(TaskRunner pid=3016838)[0m WARNING:2026-07-11 14:12:42,358:  Routing    = uniform over teacher-valid response tokens
[36m(TaskRunner pid=3016838)[0m WARNING:2026-07-11 14:12:42,358:  Update     = current rollout -> immediate teacher score -> actor backward
[36m(TaskRunner pid=3016838)[0m WARNING:2026-07-11 14:12:42,358:========================================================================
[36m(TaskRunner pid=3016838)[0m ========================================================================
[36m(TaskRunner pid=3016838)[0m   Qwen3-VL Online GKD Pipeline Verification
[36m(TaskRunner pid=3016838)[0m ========================================================================
[36m(TaskRunner pid=3016838)[0m   C          = 1  conditions: ['full']
[36m(TaskRunner pid=3016838)[0m   loss_mode  = gkd
[36m(TaskRunner pid=3016838)[0m   batch      = [B=4, T=1024]
[36m(TaskRunner pid=3016838)[0m   top_k      = 256
[36m(TaskRunner pid=3016838)[0m   exact_lp   = torch.Size([4, 1, 1024])  (None=tail-fallback)
[36m(TaskRunner pid=3016838)[0m   Student    = raw image + canonical question  (choices allowed, no XML)
[36m(TaskRunner pid=3016838)[0m   Teacher    = raw image + same canonical question  (no format bias)
[36m(TaskRunner pid=3016838)[0m   KL         = forward
[36m(TaskRunner pid=3016838)[0m   Objective  = forward KL on the full-image teacher distribution (pure distillation, no GRPO)
[36m(TaskRunner pid=3016838)[0m   Routing    = uniform over teacher-valid response tokens
[36m(TaskRunner pid=3016838)[0m   Update     = current rollout -> immediate teacher score -> actor backward
[36m(TaskRunner pid=3016838)[0m ========================================================================
[36m(WorkerDict pid=3120620)[0m INFO:2026-07-11 14:12:46,746:update_weights done, time cost: 0.64s

[36m(TaskRunner pid=3016838)[0m Dumped generations to /inspire/hdd/global_user/mengweicheng-240108120092/lzy/projects/Dual-Track-OPD/runs/gkd_geometry3k/qwen3vl_geometry3k_gkd_concise_boxed_prompt_20260711_140550/rollouts/6.jsonl
[36m(TaskRunner pid=3016838)[0m step:6 - fc_opd/hook_loss:0.0 - fc_opd/hook_num_samples:4.0 - fc_opd/hook_active_weight:3613.0 - fc_opd/is_plain_gkd:1.0 - fc_opd/teacher_valid_ratio:1.0 - fc_opd/teacher_topk_mass_mean:0.9999778866767883 - fc_opd/teacher_eos_in_topk_ratio:0.006642679218202829 - fc_opd/teacher_eos_prob_lower_bound_mean:0.0002759980270639062 - fc_opd/teacher_first_eos_prob_lower_bound_mean:0.0 - fc_opd/rollout_first_token_eos_ratio:0.0 - fc_opd/online/loss:0.0 - fc_opd/online/num_samples:4.0 - global_seqlen/min:741 - global_seqlen/max:1188 - global_seqlen/minmax_diff:447 - global_seqlen/balanced_min:741 - global_seqlen/balanced_max:1188 - global_seqlen/mean:1064.25 - actor/entropy:0.3720369338989258 - perf/mfu/actor_infer:0 - actor/pg_loss:0.0 - actor/kl_loss:0.0 - actor/fc_opd_loss:0.1756820809096098 - actor/pg_clipfrac:0.0 - actor/ppo_kl:0.0 - actor/pg_clipfrac_lower:0.0 - actor/fc_opd_denominator:3613.0 - actor/fc_opd_dp_world_size:4.0 - actor/grad_norm:5.449002265930176 - perf/mfu/actor:0.013593277094154256 - perf/max_memory_allocated_gb:21.354175567626953 - perf/max_memory_reserved_gb:25.873046875 - perf/cpu_memory_used_gb:167.61037063598633 - actor/lr:1e-06 - training/global_step:6 - training/epoch:0 - critic/score/mean:0.0 - critic/score/max:0.0 - critic/score/min:0.0 - critic/rewards/mean:0.0 - critic/rewards/max:0.0 - critic/rewards/min:0.0 - critic/advantages/mean:0.0 - critic/advantages/max:0.0 - critic/advantages/min:0.0 - critic/returns/mean:0.0 - critic/returns/max:0.0 - critic/returns/min:0.0 - response_length/mean:903.25 - response_length/max:1024.0 - response_length/min:541.0 - response_length/clip_ratio:0.75 - response_length_non_aborted/mean:903.25 - response_length_non_aborted/max:1024.0 - response_length_non_aborted/min:541.0 - response_length_non_aborted/clip_ratio:0.75 - response/aborted_ratio:0.0 - prompt_length/mean:161.0 - prompt_length/max:200.0 - prompt_length/min:137.0 - prompt_length/clip_ratio:0.0 - num_turns/min:2 - num_turns/max:2 - num_turns/mean:2.0 - timing_s/start_profile:5.365908145904541e-05 - timing_s/agent_loop/num_preempted/min:-1 - timing_s/agent_loop/num_preempted/max:-1 - timing_s/agent_loop/num_preempted/mean:-1.0 - timing_s/agent_loop/generate_sequences/min:2.629565958864987 - timing_s/agent_loop/generate_sequences/max:4.908895363099873 - timing_s/agent_loop/generate_sequences/mean:4.321570977102965 - timing_s/agent_loop/tool_calls/min:0.0 - timing_s/agent_loop/tool_calls/max:0.0 - timing_s/agent_loop/tool_calls/mean:0.0 - timing_s/agent_loop/slowest/generate_sequences:4.908895363099873 - timing_s/agent_loop/slowest/tool_calls:0.0 - timing_s/agent_loop/slowest/prompt_length:143 - timing_s/agent_loop/slowest/response_length:1024 - timing_s/agent_loop/slowest/num_preempted:-1 - timing_s/gen:5.982307565398514 - timing_s/fc_opd:2.717745072208345 - timing_s/reward:1.4186836779117584e-05 - timing_s/old_log_prob:0.5993294417858124 - timing_s/adv:0.00038545113056898117 - timing_s/update_actor:2.078824780881405 - timing_s/update_weights:2.187152632512152 - timing_s/dump_rollout_generations:0.004654449410736561 - timing_s/step:13.575383142568171 - timing_s/stop_profile:4.462152719497681e-05 - timing_per_token_ms/gen:1.6557729215052628 - timing_per_token_ms/adv:9.054525030983819e-05 - timing_per_token_ms/update_actor:0.4883309327886786 - perf/total_num_tokens:4257 - perf/time_per_step:13.575383142568171 - perf/throughput:78.39557740826066
[36m(TaskRunner pid=3016838)[0m Dumped generations to /inspire/hdd/global_user/mengweicheng-240108120092/lzy/projects/Dual-Track-OPD/runs/gkd_geometry3k/qwen3vl_geometry3k_gkd_concise_boxed_prompt_20260711_140550/rollouts/7.jsonl
[36m(TaskRunner pid=3016838)[0m step:7 - fc_opd/hook_loss:0.0 - fc_opd/hook_num_samples:4.0 - fc_opd/hook_active_weight:3047.0 - fc_opd/is_plain_gkd:1.0 - fc_opd/teacher_valid_ratio:1.0 - fc_opd/teacher_topk_mass_mean:0.9999740123748779 - fc_opd/teacher_eos_in_topk_ratio:0.0075484081171453 - fc_opd/teacher_eos_prob_lower_bound_mean:0.0007041830103844404 - fc_opd/teacher_first_eos_prob_lower_bound_mean:0.0 - fc_opd/rollout_first_token_eos_ratio:0.0 - fc_opd/online/loss:0.0 - fc_opd/online/num_samples:4.0 - global_seqlen/min:422 - global_seqlen/max:1329 - global_seqlen/minmax_diff:907 - global_seqlen/balanced_min:422 - global_seqlen/balanced_max:1329 - global_seqlen/mean:952.75 - actor/entropy:0.4746556580066681 - perf/mfu/actor_infer:0 - actor/pg_loss:0.0 - actor/kl_loss:0.0 - actor/fc_opd_loss:0.22585933282971382 - actor/pg_clipfrac:0.0 - actor/ppo_kl:0.0 - actor/pg_clipfrac_lower:0.0 - actor/fc_opd_denominator:3047.0 - actor/fc_opd_dp_world_size:4.0 - actor/grad_norm:7.067716121673584 - perf/mfu/actor:0.011617932913211039 - perf/max_memory_allocated_gb:21.354175567626953 - perf/max_memory_reserved_gb:25.873046875 - perf/cpu_memory_used_gb:167.63202095031738 - actor/lr:1e-06 - training/global_step:7 - training/epoch:0 - critic/score/mean:0.0 - critic/score/max:0.0 - critic/score/min:0.0 - critic/rewards/mean:0.0 - critic/rewards/max:0.0 - critic/rewards/min:0.0 - critic/advantages/mean:0.0 - critic/advantages/max:0.0 - critic/advantages/min:0.0 - critic/returns/mean:0.0 - critic/returns/max:0.0 - critic/returns/min:0.0 - response_length/mean:761.75 - response_length/max:1024.0 - response_length/min:202.0 - response_length/clip_ratio:0.5 - response_length_non_aborted/mean:761.75 - response_length_non_aborted/max:1024.0 - response_length_non_aborted/min:202.0 - response_length_non_aborted/clip_ratio:0.5 - response/aborted_ratio:0.0 - prompt_length/mean:191.0 - prompt_length/max:305.0 - prompt_length/min:88.0 - prompt_length/clip_ratio:0.0 - num_turns/min:2 - num_turns/max:2 - num_turns/mean:2.0 - timing_s/start_profile:5.5427663028240204e-05 - timing_s/agent_loop/num_preempted/min:-1 - timing_s/agent_loop/num_preempted/max:-1 - timing_s/agent_loop/num_preempted/mean:-1.0 - timing_s/agent_loop/generate_sequences/min:1.0205051619559526 - timing_s/agent_loop/generate_sequences/max:4.904072028584778 - timing_s/agent_loop/generate_sequences/mean:3.670371850486845 - timing_s/agent_loop/tool_calls/min:0.0 - timing_s/agent_loop/tool_calls/max:0.0 - timing_s/agent_loop/tool_calls/mean:0.0 - timing_s/agent_loop/slowest/generate_sequences:4.904072028584778 - timing_s/agent_loop/slowest/tool_calls:0.0 - timing_s/agent_loop/slowest/prompt_length:88 - timing_s/agent_loop/slowest/response_length:1024 - timing_s/agent_loop/slowest/num_preempted:-1 - timing_s/gen:6.080282147042453 - timing_s/fc_opd:2.222960928454995 - timing_s/reward:1.730397343635559e-05 - timing_s/old_log_prob:0.6791501604020596 - timing_s/adv:0.0003930879756808281 - timing_s/update_actor:2.2518217423930764 - timing_s/update_weights:2.6045292876660824 - timing_s/dump_rollout_generations:0.0045661311596632 - timing_s/step:13.849217154085636 - timing_s/stop_profile:4.614889621734619e-05 - timing_per_token_ms/gen:1.9954979150122918 - timing_per_token_ms/adv:0.0001031456246866513 - timing_per_token_ms/update_actor:0.5908742436087842 - perf/total_num_tokens:3811 - perf/time_per_step:13.849217154085636 - perf/throughput:68.79450220180357
[36m(TaskRunner pid=3016838)[0m Dumped generations to /inspire/hdd/global_user/mengweicheng-240108120092/lzy/projects/Dual-Track-OPD/runs/gkd_geometry3k/qwen3vl_geometry3k_gkd_concise_boxed_prompt_20260711_140550/rollouts/8.jsonl
[36m(TaskRunner pid=3016838)[0m step:8 - fc_opd/hook_loss:0.0 - fc_opd/hook_num_samples:4.0 - fc_opd/hook_active_weight:2773.0 - fc_opd/is_plain_gkd:1.0 - fc_opd/teacher_valid_ratio:1.0 - fc_opd/teacher_topk_mass_mean:0.9999808073043823 - fc_opd/teacher_eos_in_topk_ratio:0.011900468729436398 - fc_opd/teacher_eos_prob_lower_bound_mean:0.0007216504891403019 - fc_opd/teacher_first_eos_prob_lower_bound_mean:0.0 - fc_opd/rollout_first_token_eos_ratio:0.0 - fc_opd/online/loss:0.0 - fc_opd/online/num_samples:4.0 - global_seqlen/min:434 - global_seqlen/max:1163 - global_seqlen/minmax_diff:729 - global_seqlen/balanced_min:434 - global_seqlen/balanced_max:1163 - global_seqlen/mean:802.75 - actor/entropy:0.3844192624092102 - perf/mfu/actor_infer:0 - actor/pg_loss:-0.499999538064003 - actor/kl_loss:0.0 - actor/fc_opd_loss:0.1820922363549471 - actor/pg_clipfrac:0.0 - actor/ppo_kl:0.0 - actor/pg_clipfrac_lower:0.0 - actor/fc_opd_denominator:2773.0 - actor/fc_opd_dp_world_size:4.0 - actor/grad_norm:7.2012128829956055 - perf/mfu/actor:0.009628207051510958 - perf/max_memory_allocated_gb:21.354175567626953 - perf/max_memory_reserved_gb:25.873046875 - perf/cpu_memory_used_gb:167.56964111328125 - actor/lr:1e-06 - training/global_step:8 - training/epoch:0 - critic/score/mean:0.5 - critic/score/max:1.0 - critic/score/min:0.0 - critic/rewards/mean:0.5 - critic/rewards/max:1.0 - critic/rewards/min:0.0 - critic/advantages/mean:0.2614494264125824 - critic/advantages/max:0.9999990463256836 - critic/advantages/min:0.0 - critic/returns/mean:0.2614494264125824 - critic/returns/max:0.9999990463256836 - critic/returns/min:0.0 - response_length/mean:693.25 - response_length/max:1024.0 - response_length/min:327.0 - response_length/clip_ratio:0.5 - response_length_non_aborted/mean:693.25 - response_length_non_aborted/max:1024.0 - response_length_non_aborted/min:327.0 - response_length_non_aborted/clip_ratio:0.5 - response/aborted_ratio:0.0 - prompt_length/mean:109.5 - prompt_length/max:139.0 - prompt_length/min:86.0 - prompt_length/clip_ratio:0.0 - num_turns/min:2 - num_turns/max:2 - num_turns/mean:2.0 - timing_s/start_profile:5.325768142938614e-05 - timing_s/agent_loop/num_preempted/min:-1 - timing_s/agent_loop/num_preempted/max:-1 - timing_s/agent_loop/num_preempted/mean:-1.0 - timing_s/agent_loop/generate_sequences/min:1.6073637567460537 - timing_s/agent_loop/generate_sequences/max:4.927853141911328 - timing_s/agent_loop/generate_sequences/mean:3.345231542829424 - timing_s/agent_loop/tool_calls/min:0.0 - timing_s/agent_loop/tool_calls/max:0.0 - timing_s/agent_loop/tool_calls/mean:0.0 - timing_s/agent_loop/slowest/generate_sequences:4.927853141911328 - timing_s/agent_loop/slowest/tool_calls:0.0 - timing_s/agent_loop/slowest/prompt_length:139 - timing_s/agent_loop/slowest/response_length:1024 - timing_s/agent_loop/slowest/num_preempted:-1 - timing_s/gen:5.952061251737177 - timing_s/fc_opd:1.979494396597147 - timing_s/reward:1.2818723917007446e-05 - timing_s/old_log_prob:0.6501786354929209 - timing_s/adv:0.00035575125366449356 - timing_s/update_actor:2.210823508910835 - timing_s/update_weights:2.0130496649071574 - timing_s/dump_rollout_generations:0.0045980531722307205 - timing_s/step:12.817592528648674 - timing_s/stop_profile:4.282686859369278e-05 - timing_per_token_ms/gen:2.1464339169625593 - timing_per_token_ms/adv:0.00011079142125957445 - timing_per_token_ms/update_actor:0.6885155742481578 - perf/total_num_tokens:3211 - perf/time_per_step:12.817592528648674 - perf/throughput:62.628765753457124[36m(TaskRunner pid=3016838)[0m Training Progress:  27%|██▋       | 8/30 [01:49<04:55, 13.41s/it]
[36m(TaskRunner pid=3016838)[0m WARNING:2026-07-11 14:12:55,155:========================================================================
[36m(TaskRunner pid=3016838)[0m WARNING:2026-07-11 14:12:55,156:  Qwen3-VL Online GKD Pipeline Verification
[36m(TaskRunner pid=3016838)[0m WARNING:2026-07-11 14:12:55,156:========================================================================
[36m(TaskRunner pid=3016838)[0m WARNING:2026-07-11 14:12:55,156:  C          = 1  conditions: ['full']
[36m(TaskRunner pid=3016838)[0m WARNING:2026-07-11 14:12:55,156:  loss_mode  = gkd
[36m(TaskRunner pid=3016838)[0m WARNING:2026-07-11 14:12:55,156:  batch      = [B=4, T=1024]
[36m(TaskRunner pid=3016838)[0m WARNING:2026-07-11 14:12:55,156:  top_k      = 256
[36m(TaskRunner pid=3016838)[0m WARNING:2026-07-11 14:12:55,156:  exact_lp   = torch.Size([4, 1, 1024])  (None=tail-fallback)
[36m(TaskRunner pid=3016838)[0m WARNING:2026-07-11 14:12:55,156:  Student    = raw image + canonical question  (choices allowed, no XML)
[36m(TaskRunner pid=3016838)[0m WARNING:2026-07-11 14:12:55,156:  Teacher    = raw image + same canonical question  (no format bias)
[36m(TaskRunner pid=3016838)[0m WARNING:2026-07-11 14:12:55,156:  KL         = forward
[36m(TaskRunner pid=3016838)[0m WARNING:2026-07-11 14:12:55,156:  Objective  = forward KL on the full-image teacher distribution (pure distillation, no GRPO)
[36m(TaskRunner pid=3016838)[0m WARNING:2026-07-11 14:12:55,156:  Routing    = uniform over teacher-valid response tokens
[36m(TaskRunner pid=3016838)[0m WARNING:2026-07-11 14:12:55,156:  Update     = current rollout -> immediate teacher score -> actor backward
[36m(TaskRunner pid=3016838)[0m WARNING:2026-07-11 14:12:55,156:========================================================================
[36m(TaskRunner pid=3016838)[0m ========================================================================
[36m(TaskRunner pid=3016838)[0m   Qwen3-VL Online GKD Pipeline Verification
[36m(TaskRunner pid=3016838)[0m ========================================================================
[36m(TaskRunner pid=3016838)[0m   C          = 1  conditions: ['full']
[36m(TaskRunner pid=3016838)[0m   loss_mode  = gkd
[36m(TaskRunner pid=3016838)[0m   batch      = [B=4, T=1024]
[36m(TaskRunner pid=3016838)[0m   top_k      = 256
[36m(TaskRunner pid=3016838)[0m   exact_lp   = torch.Size([4, 1, 1024])  (None=tail-fallback)
[36m(TaskRunner pid=3016838)[0m   Student    = raw image + canonical question  (choices allowed, no XML)
[36m(TaskRunner pid=3016838)[0m   Teacher    = raw image + same canonical question  (no format bias)
[36m(TaskRunner pid=3016838)[0m   KL         = forward
[36m(TaskRunner pid=3016838)[0m   Objective  = forward KL on the full-image teacher distribution (pure distillation, no GRPO)
[36m(TaskRunner pid=3016838)[0m   Routing    = uniform over teacher-valid response tokens
[36m(TaskRunner pid=3016838)[0m   Update     = current rollout -> immediate teacher score -> actor backward
[36m(TaskRunner pid=3016838)[0m ========================================================================
[36m(WorkerDict pid=3120620)[0m INFO:2026-07-11 14:13:00,030:update_weights done, time cost: 0.67s
[36m(TaskRunner pid=3016838)[0m Training Progress:  30%|███       | 9/30 [02:02<04:41, 13.39s/it]
[36m(TaskRunner pid=3016838)[0m WARNING:2026-07-11 14:13:08,126:========================================================================
[36m(TaskRunner pid=3016838)[0m WARNING:2026-07-11 14:13:08,126:  Qwen3-VL Online GKD Pipeline Verification
[36m(TaskRunner pid=3016838)[0m WARNING:2026-07-11 14:13:08,126:========================================================================
[36m(TaskRunner pid=3016838)[0m WARNING:2026-07-11 14:13:08,126:  C          = 1  conditions: ['full']
[36m(TaskRunner pid=3016838)[0m WARNING:2026-07-11 14:13:08,126:  loss_mode  = gkd
[36m(TaskRunner pid=3016838)[0m WARNING:2026-07-11 14:13:08,126:  batch      = [B=4, T=1024]
[36m(TaskRunner pid=3016838)[0m WARNING:2026-07-11 14:13:08,126:  top_k      = 256
[36m(TaskRunner pid=3016838)[0m WARNING:2026-07-11 14:13:08,126:  exact_lp   = torch.Size([4, 1, 1024])  (None=tail-fallback)
[36m(TaskRunner pid=3016838)[0m WARNING:2026-07-11 14:13:08,126:  Student    = raw image + canonical question  (choices allowed, no XML)
[36m(TaskRunner pid=3016838)[0m WARNING:2026-07-11 14:13:08,126:  Teacher    = raw image + same canonical question  (no format bias)
[36m(TaskRunner pid=3016838)[0m WARNING:2026-07-11 14:13:08,126:  KL         = forward
[36m(TaskRunner pid=3016838)[0m WARNING:2026-07-11 14:13:08,126:  Objective  = forward KL on the full-image teacher distribution (pure distillation, no GRPO)
[36m(TaskRunner pid=3016838)[0m WARNING:2026-07-11 14:13:08,126:  Routing    = uniform over teacher-valid response tokens
[36m(TaskRunner pid=3016838)[0m WARNING:2026-07-11 14:13:08,126:  Update     = current rollout -> immediate teacher score -> actor backward
[36m(TaskRunner pid=3016838)[0m WARNING:2026-07-11 14:13:08,126:========================================================================
[36m(TaskRunner pid=3016838)[0m ========================================================================
[36m(TaskRunner pid=3016838)[0m   Qwen3-VL Online GKD Pipeline Verification
[36m(TaskRunner pid=3016838)[0m ========================================================================
[36m(TaskRunner pid=3016838)[0m   C          = 1  conditions: ['full']
[36m(TaskRunner pid=3016838)[0m   loss_mode  = gkd
[36m(TaskRunner pid=3016838)[0m   batch      = [B=4, T=1024]
[36m(TaskRunner pid=3016838)[0m   top_k      = 256
[36m(TaskRunner pid=3016838)[0m   exact_lp   = torch.Size([4, 1, 1024])  (None=tail-fallback)
[36m(TaskRunner pid=3016838)[0m   Student    = raw image + canonical question  (choices allowed, no XML)
[36m(TaskRunner pid=3016838)[0m   Teacher    = raw image + same canonical question  (no format bias)
[36m(TaskRunner pid=3016838)[0m   KL         = forward
[36m(TaskRunner pid=3016838)[0m   Objective  = forward KL on the full-image teacher distribution (pure distillation, no GRPO)
[36m(TaskRunner pid=3016838)[0m   Routing    = uniform over teacher-valid response tokens
[36m(TaskRunner pid=3016838)[0m   Update     = current rollout -> immediate teacher score -> actor backward
[36m(TaskRunner pid=3016838)[0m ========================================================================
[36m(WorkerDict pid=3120645)[0m INFO:2026-07-11 14:13:13,839:[Rank 2] Saved model to /inspire/hdd/global_user/mengweicheng-240108120092/lzy/projects/Dual-Track-OPD/checkpoints/gkd_geometry3k/qwen3vl_geometry3k_gkd_concise_boxed_prompt_20260711_140550/global_step_10/actor/model_world_size_4_rank_2.pt
[36m(WorkerDict pid=3120645)[0m INFO:2026-07-11 14:13:19,515:[Rank 2] Saved optim to /inspire/hdd/global_user/mengweicheng-240108120092/lzy/projects/Dual-Track-OPD/checkpoints/gkd_geometry3k/qwen3vl_geometry3k_gkd_concise_boxed_prompt_20260711_140550/global_step_10/actor/optim_world_size_4_rank_2.pt
[36m(WorkerDict pid=3120645)[0m INFO:2026-07-11 14:13:19,517:[Rank 2] Saved extra_state to /inspire/hdd/global_user/mengweicheng-240108120092/lzy/projects/Dual-Track-OPD/checkpoints/gkd_geometry3k/qwen3vl_geometry3k_gkd_concise_boxed_prompt_20260711_140550/global_step_10/actor/extra_state_world_size_4_rank_2.pt
[36m(WorkerDict pid=3120620)[0m INFO:2026-07-11 14:13:13,850:[Rank 0] Saved model to /inspire/hdd/global_user/mengweicheng-240108120092/lzy/projects/Dual-Track-OPD/checkpoints/gkd_geometry3k/qwen3vl_geometry3k_gkd_concise_boxed_prompt_20260711_140550/global_step_10/actor/model_world_size_4_rank_0.pt[32m [repeated 3x across cluster][0m
[36m(WorkerDict pid=3120620)[0m INFO:2026-07-11 14:13:20,091:[Rank 0] Saved model config and tokenizer class to /inspire/hdd/global_user/mengweicheng-240108120092/lzy/projects/Dual-Track-OPD/checkpoints/gkd_geometry3k/qwen3vl_geometry3k_gkd_concise_boxed_prompt_20260711_140550/global_step_10/actor/huggingface
[36m(WorkerDict pid=3120620)[0m INFO:2026-07-11 14:13:21,664:update_weights done, time cost: 0.60s

[36m(TaskRunner pid=3016838)[0m Dumped generations to /inspire/hdd/global_user/mengweicheng-240108120092/lzy/projects/Dual-Track-OPD/runs/gkd_geometry3k/qwen3vl_geometry3k_gkd_concise_boxed_prompt_20260711_140550/rollouts/9.jsonl
[36m(TaskRunner pid=3016838)[0m step:9 - fc_opd/hook_loss:0.0 - fc_opd/hook_num_samples:4.0 - fc_opd/hook_active_weight:2628.0 - fc_opd/is_plain_gkd:1.0 - fc_opd/teacher_valid_ratio:1.0 - fc_opd/teacher_topk_mass_mean:0.9999688863754272 - fc_opd/teacher_eos_in_topk_ratio:0.007229832466691732 - fc_opd/teacher_eos_prob_lower_bound_mean:0.0007606680737808347 - fc_opd/teacher_first_eos_prob_lower_bound_mean:0.0 - fc_opd/rollout_first_token_eos_ratio:0.0 - fc_opd/online/loss:0.0 - fc_opd/online/num_samples:4.0 - global_seqlen/min:388 - global_seqlen/max:1243 - global_seqlen/minmax_diff:855 - global_seqlen/balanced_min:388 - global_seqlen/balanced_max:1243 - global_seqlen/mean:824.0 - actor/entropy:0.45413267612457275 - perf/mfu/actor_infer:0 - actor/pg_loss:-0.2499997615814209 - actor/kl_loss:0.0 - actor/fc_opd_loss:0.18947006668895483 - actor/pg_clipfrac:0.0 - actor/ppo_kl:0.0 - actor/pg_clipfrac_lower:0.0 - actor/fc_opd_denominator:2628.0 - actor/fc_opd_dp_world_size:4.0 - actor/grad_norm:5.827145099639893 - perf/mfu/actor:0.009896598186593183 - perf/max_memory_allocated_gb:21.354175567626953 - perf/max_memory_reserved_gb:25.873046875 - perf/cpu_memory_used_gb:167.50671195983887 - actor/lr:1e-06 - training/global_step:9 - training/epoch:0 - critic/score/mean:0.25 - critic/score/max:1.0 - critic/score/min:0.0 - critic/rewards/mean:0.25 - critic/rewards/max:1.0 - critic/rewards/min:0.0 - critic/advantages/mean:0.09284617751836777 - critic/advantages/max:0.9999990463256836 - critic/advantages/min:0.0 - critic/returns/mean:0.09284617751836777 - critic/returns/max:0.9999990463256836 - critic/returns/min:0.0 - response_length/mean:657.0 - response_length/max:1024.0 - response_length/min:244.0 - response_length/clip_ratio:0.5 - response_length_non_aborted/mean:657.0 - response_length_non_aborted/max:1024.0 - response_length_non_aborted/min:244.0 - response_length_non_aborted/clip_ratio:0.5 - response/aborted_ratio:0.0 - prompt_length/mean:167.0 - prompt_length/max:219.0 - prompt_length/min:109.0 - prompt_length/clip_ratio:0.0 - num_turns/min:2 - num_turns/max:2 - num_turns/mean:2.0 - timing_s/start_profile:5.4212287068367004e-05 - timing_s/agent_loop/num_preempted/min:-1 - timing_s/agent_loop/num_preempted/max:-1 - timing_s/agent_loop/num_preempted/mean:-1.0 - timing_s/agent_loop/generate_sequences/min:1.2162261502817273 - timing_s/agent_loop/generate_sequences/max:4.94877634383738 - timing_s/agent_loop/generate_sequences/mean:3.185565336374566 - timing_s/agent_loop/tool_calls/min:0.0 - timing_s/agent_loop/tool_calls/max:0.0 - timing_s/agent_loop/tool_calls/mean:0.0 - timing_s/agent_loop/slowest/generate_sequences:4.94877634383738 - timing_s/agent_loop/slowest/tool_calls:0.0 - timing_s/agent_loop/slowest/prompt_length:219 - timing_s/agent_loop/slowest/response_length:1024 - timing_s/agent_loop/slowest/num_preempted:-1 - timing_s/gen:5.944941775873303 - timing_s/fc_opd:1.958336633630097 - timing_s/reward:1.7920508980751038e-05 - timing_s/old_log_prob:0.6129687409847975 - timing_s/adv:0.00039569195359945297 - timing_s/update_actor:2.28365655336529 - timing_s/update_weights:2.5131423473358154 - timing_s/dump_rollout_generations:0.004844130016863346 - timing_s/step:13.32530421949923 - timing_s/stop_profile:4.296004772186279e-05 - timing_per_token_ms/gen:2.2621544048224136 - timing_per_token_ms/adv:0.00012005217038818355 - timing_per_token_ms/update_actor:0.6928569640064594 - perf/total_num_tokens:3296 - perf/time_per_step:13.32530421949923 - perf/throughput:61.83723736635007
[36m(TaskRunner pid=3016838)[0m local_global_step_folder: /inspire/hdd/global_user/mengweicheng-240108120092/lzy/projects/Dual-Track-OPD/checkpoints/gkd_geometry3k/qwen3vl_geometry3k_gkd_concise_boxed_prompt_20260711_140550/global_step_10
[36m(TaskRunner pid=3016838)[0m Dumped generations to /inspire/hdd/global_user/mengweicheng-240108120092/lzy/projects/Dual-Track-OPD/runs/gkd_geometry3k/qwen3vl_geometry3k_gkd_concise_boxed_prompt_20260711_140550/rollouts/10.jsonl
[36m(TaskRunner pid=3016838)[0m test_gen_batch meta info: {'eos_token_id': 151645, 'pad_token_id': 151643, 'recompute_log_prob': False, 'do_sample': False, 'validate': True, 'global_steps': 10}
[36m(TaskRunner pid=3016838)[0m validation generation end
[36m(TaskRunner pid=3016838)[0m Dumped generations to /inspire/hdd/global_user/mengweicheng-240108120092/lzy/projects/Dual-Track-OPD/runs/gkd_geometry3k/qwen3vl_geometry3k_gkd_concise_boxed_prompt_20260711_140550/validation/10.jsonl
[36m(TaskRunner pid=3016838)[0m step:10 - fc_opd/hook_loss:0.0 - fc_opd/hook_num_samples:4.0 - fc_opd/hook_active_weight:2086.0 - fc_opd/is_plain_gkd:1.0 - fc_opd/teacher_valid_ratio:1.0 - fc_opd/teacher_topk_mass_mean:0.9999833703041077 - fc_opd/teacher_eos_in_topk_ratio:0.016778523102402687 - fc_opd/teacher_eos_prob_lower_bound_mean:0.0013092098524793983 - fc_opd/teacher_first_eos_prob_lower_bound_mean:0.0 - fc_opd/rollout_first_token_eos_ratio:0.0 - fc_opd/online/loss:0.0 - fc_opd/online/num_samples:4.0 - global_seqlen/min:254 - global_seqlen/max:1127 - global_seqlen/minmax_diff:873 - global_seqlen/balanced_min:254 - global_seqlen/balanced_max:1127 - global_seqlen/mean:691.75 - actor/entropy:0.3695164620876312 - perf/mfu/actor_infer:0 - actor/pg_loss:-0.7499992847442627 - actor/kl_loss:0.0 - actor/fc_opd_loss:0.21428496204316616 - actor/pg_clipfrac:0.0 - actor/ppo_kl:0.0 - actor/pg_clipfrac_lower:0.0 - actor/fc_opd_denominator:2086.0 - actor/fc_opd_dp_world_size:4.0 - actor/grad_norm:10.561108589172363 - perf/mfu/actor:0.008825279567531617 - perf/max_memory_allocated_gb:21.354175567626953 - perf/max_memory_reserved_gb:25.873046875 - perf/cpu_memory_used_gb:167.5561065673828 - actor/lr:1e-06 - val-core/geometry3k/reward/mean@1:0.37 - val-aux/geometry3k/score/mean@1:0.37 - val-aux/num_turns/min:2 - val-aux/num_turns/max:2 - val-aux/num_turns/mean:2.0 - training/global_step:10 - training/epoch:0 - critic/score/mean:0.75 - critic/score/max:1.0 - critic/score/min:0.0 - critic/rewards/mean:0.75 - critic/rewards/max:1.0 - critic/rewards/min:0.0 - critic/advantages/mean:0.5091078877449036 - critic/advantages/max:0.9999990463256836 - critic/advantages/min:0.0 - critic/returns/mean:0.5091078877449036 - critic/returns/max:0.9999990463256836 - critic/returns/min:0.0 - response_length/mean:521.5 - response_length/max:1024.0 - response_length/min:158.0 - response_length/clip_ratio:0.25 - response_length_non_aborted/mean:521.5 - response_length_non_aborted/max:1024.0 - response_length_non_aborted/min:158.0 - response_length_non_aborted/clip_ratio:0.25 - response/aborted_ratio:0.0 - prompt_length/mean:170.25 - prompt_length/max:344.0 - prompt_length/min:96.0 - prompt_length/clip_ratio:0.0 - num_turns/min:2 - num_turns/max:2 - num_turns/mean:2.0 - timing_s/start_profile:5.619321018457413e-05 - timing_s/agent_loop/num_preempted/min:-1 - timing_s/agent_loop/num_preempted/max:-1 - timing_s/agent_loop/num_preempted/mean:-1.0 - timing_s/agent_loop/generate_sequences/min:0.8039907477796078 - timing_s/agent_loop/generate_sequences/max:4.8713552774861455 - timing_s/agent_loop/generate_sequences/mean:2.5160429538227618 - timing_s/agent_loop/tool_calls/min:0.0 - timing_s/agent_loop/tool_calls/max:0.0 - timing_s/agent_loop/tool_calls/mean:0.0 - timing_s/agent_loop/slowest/generate_sequences:4.8713552774861455 - timing_s/agent_loop/slowest/tool_calls:0.0 - timing_s/agent_loop/slowest/prompt_length:103 - timing_s/agent_loop/slowest/response_length:1024 - timing_s/agent_loop/slowest/num_preempted:-1 - timing_s/gen:5.885087067261338 - timing_s/fc_opd:1.65245411824435 - timing_s/reward:1.5198253095149994e-05 - timing_s/old_log_prob:0.6030581537634134 - timing_s/adv:0.0003864141181111336 - timing_s/update_actor:2.1887509813532233 - timing_s/save_checkpoint:9.172218753956258 - timing_s/update_weights:2.032681090757251 - timing_s/dump_rollout_generations:0.010050782933831215 - timing_s/step:21.54895546566695 - timing_s/testing:10.751642072573304 - timing_s/stop_profile:8.041691035032272e-05 - timing_per_token_ms/gen:2.82123061709556 - timing_per_token_ms/adv:0.00013965092812111803 - timing_per_token_ms/update_actor:0.7910195089820106 - perf/total_num_tokens:2767 - perf/time_per_step:21.54895546566695 - perf/throughput:32.10132394129898[36m(TaskRunner pid=3016838)[0m Training Progress:  33%|███▎      | 10/30 [02:35<06:24, 19.23s/it]
[36m(WorkerDict pid=3120620)[0m INFO:2026-07-11 14:13:19,589:[Rank 0] Saved optim to /inspire/hdd/global_user/mengweicheng-240108120092/lzy/projects/Dual-Track-OPD/checkpoints/gkd_geometry3k/qwen3vl_geometry3k_gkd_concise_boxed_prompt_20260711_140550/global_step_10/actor/optim_world_size_4_rank_0.pt[32m [repeated 3x across cluster][0m
[36m(WorkerDict pid=3120620)[0m INFO:2026-07-11 14:13:19,591:[Rank 0] Saved extra_state to /inspire/hdd/global_user/mengweicheng-240108120092/lzy/projects/Dual-Track-OPD/checkpoints/gkd_geometry3k/qwen3vl_geometry3k_gkd_concise_boxed_prompt_20260711_140550/global_step_10/actor/extra_state_world_size_4_rank_0.pt[32m [repeated 3x across cluster][0m
[36m(TaskRunner pid=3016838)[0m WARNING:2026-07-11 14:13:38,309:========================================================================
[36m(TaskRunner pid=3016838)[0m WARNING:2026-07-11 14:13:38,309:  Qwen3-VL Online GKD Pipeline Verification
[36m(TaskRunner pid=3016838)[0m WARNING:2026-07-11 14:13:38,309:========================================================================
[36m(TaskRunner pid=3016838)[0m WARNING:2026-07-11 14:13:38,309:  C          = 1  conditions: ['full']
[36m(TaskRunner pid=3016838)[0m WARNING:2026-07-11 14:13:38,309:  loss_mode  = gkd
[36m(TaskRunner pid=3016838)[0m WARNING:2026-07-11 14:13:38,309:  batch      = [B=4, T=1024]
[36m(TaskRunner pid=3016838)[0m WARNING:2026-07-11 14:13:38,309:  top_k      = 256
[36m(TaskRunner pid=3016838)[0m WARNING:2026-07-11 14:13:38,309:  exact_lp   = torch.Size([4, 1, 1024])  (None=tail-fallback)
[36m(TaskRunner pid=3016838)[0m WARNING:2026-07-11 14:13:38,309:  Student    = raw image + canonical question  (choices allowed, no XML)
[36m(TaskRunner pid=3016838)[0m WARNING:2026-07-11 14:13:38,309:  Teacher    = raw image + same canonical question  (no format bias)
[36m(TaskRunner pid=3016838)[0m WARNING:2026-07-11 14:13:38,309:  KL         = forward
[36m(TaskRunner pid=3016838)[0m WARNING:2026-07-11 14:13:38,309:  Objective  = forward KL on the full-image teacher distribution (pure distillation, no GRPO)
[36m(TaskRunner pid=3016838)[0m WARNING:2026-07-11 14:13:38,309:  Routing    = uniform over teacher-valid response tokens
[36m(TaskRunner pid=3016838)[0m WARNING:2026-07-11 14:13:38,309:  Update     = current rollout -> immediate teacher score -> actor backward
[36m(TaskRunner pid=3016838)[0m WARNING:2026-07-11 14:13:38,309:========================================================================
[36m(TaskRunner pid=3016838)[0m ========================================================================
[36m(TaskRunner pid=3016838)[0m   Qwen3-VL Online GKD Pipeline Verification
[36m(TaskRunner pid=3016838)[0m ========================================================================
[36m(TaskRunner pid=3016838)[0m   C          = 1  conditions: ['full']
[36m(TaskRunner pid=3016838)[0m   loss_mode  = gkd
[36m(TaskRunner pid=3016838)[0m   batch      = [B=4, T=1024]
[36m(TaskRunner pid=3016838)[0m   top_k      = 256
[36m(TaskRunner pid=3016838)[0m   exact_lp   = torch.Size([4, 1, 1024])  (None=tail-fallback)
[36m(TaskRunner pid=3016838)[0m   Student    = raw image + canonical question  (choices allowed, no XML)
[36m(TaskRunner pid=3016838)[0m   Teacher    = raw image + same canonical question  (no format bias)
[36m(TaskRunner pid=3016838)[0m   KL         = forward
[36m(TaskRunner pid=3016838)[0m   Objective  = forward KL on the full-image teacher distribution (pure distillation, no GRPO)
[36m(TaskRunner pid=3016838)[0m   Routing    = uniform over teacher-valid response tokens
[36m(TaskRunner pid=3016838)[0m   Update     = current rollout -> immediate teacher score -> actor backward
[36m(TaskRunner pid=3016838)[0m ========================================================================
[36m(WorkerDict pid=3120620)[0m INFO:2026-07-11 14:13:42,970:update_weights done, time cost: 0.75s
[36m(TaskRunner pid=3016838)[0m Training Progress:  37%|███▋      | 11/30 [02:45<05:15, 16.60s/it]
[36m(TaskRunner pid=3016838)[0m WARNING:2026-07-11 14:13:51,597:========================================================================
[36m(TaskRunner pid=3016838)[0m WARNING:2026-07-11 14:13:51,597:  Qwen3-VL Online GKD Pipeline Verification
[36m(TaskRunner pid=3016838)[0m WARNING:2026-07-11 14:13:51,597:========================================================================
[36m(TaskRunner pid=3016838)[0m WARNING:2026-07-11 14:13:51,597:  C          = 1  conditions: ['full']
[36m(TaskRunner pid=3016838)[0m WARNING:2026-07-11 14:13:51,597:  loss_mode  = gkd
[36m(TaskRunner pid=3016838)[0m WARNING:2026-07-11 14:13:51,597:  batch      = [B=4, T=1024]
[36m(TaskRunner pid=3016838)[0m WARNING:2026-07-11 14:13:51,597:  top_k      = 256
[36m(TaskRunner pid=3016838)[0m WARNING:2026-07-11 14:13:51,597:  exact_lp   = torch.Size([4, 1, 1024])  (None=tail-fallback)
[36m(TaskRunner pid=3016838)[0m WARNING:2026-07-11 14:13:51,597:  Student    = raw image + canonical question  (choices allowed, no XML)
[36m(TaskRunner pid=3016838)[0m WARNING:2026-07-11 14:13:51,597:  Teacher    = raw image + same canonical question  (no format bias)
[36m(TaskRunner pid=3016838)[0m WARNING:2026-07-11 14:13:51,597:  KL         = forward
[36m(TaskRunner pid=3016838)[0m WARNING:2026-07-11 14:13:51,597:  Objective  = forward KL on the full-image teacher distribution (pure distillation, no GRPO)
[36m(TaskRunner pid=3016838)[0m WARNING:2026-07-11 14:13:51,597:  Routing    = uniform over teacher-valid response tokens
[36m(TaskRunner pid=3016838)[0m WARNING:2026-07-11 14:13:51,597:  Update     = current rollout -> immediate teacher score -> actor backward
[36m(TaskRunner pid=3016838)[0m WARNING:2026-07-11 14:13:51,597:========================================================================
[36m(TaskRunner pid=3016838)[0m ========================================================================
[36m(TaskRunner pid=3016838)[0m   Qwen3-VL Online GKD Pipeline Verification
[36m(TaskRunner pid=3016838)[0m ========================================================================
[36m(TaskRunner pid=3016838)[0m   C          = 1  conditions: ['full']
[36m(TaskRunner pid=3016838)[0m   loss_mode  = gkd
[36m(TaskRunner pid=3016838)[0m   batch      = [B=4, T=1024]
[36m(TaskRunner pid=3016838)[0m   top_k      = 256
[36m(TaskRunner pid=3016838)[0m   exact_lp   = torch.Size([4, 1, 1024])  (None=tail-fallback)
[36m(TaskRunner pid=3016838)[0m   Student    = raw image + canonical question  (choices allowed, no XML)
[36m(TaskRunner pid=3016838)[0m   Teacher    = raw image + same canonical question  (no format bias)
[36m(TaskRunner pid=3016838)[0m   KL         = forward
[36m(TaskRunner pid=3016838)[0m   Objective  = forward KL on the full-image teacher distribution (pure distillation, no GRPO)
[36m(TaskRunner pid=3016838)[0m   Routing    = uniform over teacher-valid response tokens
[36m(TaskRunner pid=3016838)[0m   Update     = current rollout -> immediate teacher score -> actor backward
[36m(TaskRunner pid=3016838)[0m ========================================================================
[36m(WorkerDict pid=3120620)[0m INFO:2026-07-11 14:13:56,437:update_weights done, time cost: 0.74s
[36m(TaskRunner pid=3016838)[0m Training Progress:  40%|████      | 12/30 [02:59<04:41, 15.63s/it]
[36m(TaskRunner pid=3016838)[0m WARNING:2026-07-11 14:14:04,517:========================================================================
[36m(TaskRunner pid=3016838)[0m WARNING:2026-07-11 14:14:04,517:  Qwen3-VL Online GKD Pipeline Verification
[36m(TaskRunner pid=3016838)[0m WARNING:2026-07-11 14:14:04,517:========================================================================
[36m(TaskRunner pid=3016838)[0m WARNING:2026-07-11 14:14:04,517:  C          = 1  conditions: ['full']
[36m(TaskRunner pid=3016838)[0m WARNING:2026-07-11 14:14:04,517:  loss_mode  = gkd
[36m(TaskRunner pid=3016838)[0m WARNING:2026-07-11 14:14:04,517:  batch      = [B=4, T=1024]
[36m(TaskRunner pid=3016838)[0m WARNING:2026-07-11 14:14:04,517:  top_k      = 256
[36m(TaskRunner pid=3016838)[0m WARNING:2026-07-11 14:14:04,517:  exact_lp   = torch.Size([4, 1, 1024])  (None=tail-fallback)
[36m(TaskRunner pid=3016838)[0m WARNING:2026-07-11 14:14:04,518:  Student    = raw image + canonical question  (choices allowed, no XML)
[36m(TaskRunner pid=3016838)[0m WARNING:2026-07-11 14:14:04,518:  Teacher    = raw image + same canonical question  (no format bias)
[36m(TaskRunner pid=3016838)[0m WARNING:2026-07-11 14:14:04,518:  KL         = forward
[36m(TaskRunner pid=3016838)[0m WARNING:2026-07-11 14:14:04,518:  Objective  = forward KL on the full-image teacher distribution (pure distillation, no GRPO)
[36m(TaskRunner pid=3016838)[0m WARNING:2026-07-11 14:14:04,518:  Routing    = uniform over teacher-valid response tokens
[36m(TaskRunner pid=3016838)[0m WARNING:2026-07-11 14:14:04,518:  Update     = current rollout -> immediate teacher score -> actor backward
[36m(TaskRunner pid=3016838)[0m WARNING:2026-07-11 14:14:04,518:========================================================================
[36m(TaskRunner pid=3016838)[0m ========================================================================
[36m(TaskRunner pid=3016838)[0m   Qwen3-VL Online GKD Pipeline Verification
[36m(TaskRunner pid=3016838)[0m ========================================================================
[36m(TaskRunner pid=3016838)[0m   C          = 1  conditions: ['full']
[36m(TaskRunner pid=3016838)[0m   loss_mode  = gkd
[36m(TaskRunner pid=3016838)[0m   batch      = [B=4, T=1024]
[36m(TaskRunner pid=3016838)[0m   top_k      = 256
[36m(TaskRunner pid=3016838)[0m   exact_lp   = torch.Size([4, 1, 1024])  (None=tail-fallback)
[36m(TaskRunner pid=3016838)[0m   Student    = raw image + canonical question  (choices allowed, no XML)
[36m(TaskRunner pid=3016838)[0m   Teacher    = raw image + same canonical question  (no format bias)
[36m(TaskRunner pid=3016838)[0m   KL         = forward
[36m(TaskRunner pid=3016838)[0m   Objective  = forward KL on the full-image teacher distribution (pure distillation, no GRPO)
[36m(TaskRunner pid=3016838)[0m   Routing    = uniform over teacher-valid response tokens
[36m(TaskRunner pid=3016838)[0m   Update     = current rollout -> immediate teacher score -> actor backward
[36m(TaskRunner pid=3016838)[0m ========================================================================
[36m(WorkerDict pid=3120620)[0m INFO:2026-07-11 14:14:08,994:update_weights done, time cost: 0.59s

[36m(TaskRunner pid=3016838)[0m Dumped generations to /inspire/hdd/global_user/mengweicheng-240108120092/lzy/projects/Dual-Track-OPD/runs/gkd_geometry3k/qwen3vl_geometry3k_gkd_concise_boxed_prompt_20260711_140550/rollouts/11.jsonl
[36m(TaskRunner pid=3016838)[0m step:11 - fc_opd/hook_loss:0.0 - fc_opd/hook_num_samples:4.0 - fc_opd/hook_active_weight:1650.0 - fc_opd/is_plain_gkd:1.0 - fc_opd/teacher_valid_ratio:1.0 - fc_opd/teacher_topk_mass_mean:0.9999952912330627 - fc_opd/teacher_eos_in_topk_ratio:0.022424241527915 - fc_opd/teacher_eos_prob_lower_bound_mean:0.0024620003532618284 - fc_opd/teacher_first_eos_prob_lower_bound_mean:0.0 - fc_opd/rollout_first_token_eos_ratio:0.0 - fc_opd/online/loss:0.0 - fc_opd/online/num_samples:4.0 - global_seqlen/min:274 - global_seqlen/max:864 - global_seqlen/minmax_diff:590 - global_seqlen/balanced_min:274 - global_seqlen/balanced_max:864 - global_seqlen/mean:624.25 - actor/entropy:0.295942485332489 - perf/mfu/actor_infer:0 - actor/pg_loss:-0.7499992847442627 - actor/kl_loss:0.0 - actor/fc_opd_loss:0.1877050194889307 - actor/pg_clipfrac:0.0 - actor/ppo_kl:0.0 - actor/pg_clipfrac_lower:0.0 - actor/fc_opd_denominator:1650.0 - actor/fc_opd_dp_world_size:4.0 - actor/grad_norm:15.690115928649902 - perf/mfu/actor:0.008161815585464388 - perf/max_memory_allocated_gb:21.354175567626953 - perf/max_memory_reserved_gb:25.873046875 - perf/cpu_memory_used_gb:169.34333038330078 - actor/lr:1e-06 - training/global_step:11 - training/epoch:0 - critic/score/mean:0.75 - critic/score/max:1.0 - critic/score/min:0.0 - critic/rewards/mean:0.75 - critic/rewards/max:1.0 - critic/rewards/min:0.0 - critic/advantages/mean:0.6406054496765137 - critic/advantages/max:0.9999990463256836 - critic/advantages/min:0.0 - critic/returns/mean:0.6406054496765137 - critic/returns/max:0.9999990463256836 - critic/returns/min:0.0 - response_length/mean:412.5 - response_length/max:593.0 - response_length/min:175.0 - response_length/clip_ratio:0.0 - response_length_non_aborted/mean:412.5 - response_length_non_aborted/max:593.0 - response_length_non_aborted/min:175.0 - response_length_non_aborted/clip_ratio:0.0 - response/aborted_ratio:0.0 - prompt_length/mean:211.75 - prompt_length/max:335.0 - prompt_length/min:99.0 - prompt_length/clip_ratio:0.0 - num_turns/min:2 - num_turns/max:2 - num_turns/mean:2.0 - timing_s/start_profile:4.459172487258911e-05 - timing_s/agent_loop/num_preempted/min:-1 - timing_s/agent_loop/num_preempted/max:-1 - timing_s/agent_loop/num_preempted/mean:-1.0 - timing_s/agent_loop/generate_sequences/min:0.8512790510430932 - timing_s/agent_loop/generate_sequences/max:2.854207817465067 - timing_s/agent_loop/generate_sequences/mean:1.9966112449765205 - timing_s/agent_loop/tool_calls/min:0.0 - timing_s/agent_loop/tool_calls/max:0.0 - timing_s/agent_loop/tool_calls/mean:0.0 - timing_s/agent_loop/slowest/generate_sequences:2.854207817465067 - timing_s/agent_loop/slowest/tool_calls:0.0 - timing_s/agent_loop/slowest/prompt_length:117 - timing_s/agent_loop/slowest/response_length:593 - timing_s/agent_loop/slowest/num_preempted:-1 - timing_s/gen:3.9717479897662997 - timing_s/fc_opd:1.4337086314335465 - timing_s/reward:1.3780780136585236e-05 - timing_s/old_log_prob:0.7027639914304018 - timing_s/adv:0.00038191303610801697 - timing_s/update_actor:2.209195040166378 - timing_s/update_weights:2.2797659132629633 - timing_s/dump_rollout_generations:0.030009319074451923 - timing_s/step:10.635121176950634 - timing_s/stop_profile:4.2001716792583466e-05 - timing_per_token_ms/gen:2.407119993797757 - timing_per_token_ms/adv:0.00015294875294674288 - timing_per_token_ms/update_actor:0.8847397037110044 - perf/total_num_tokens:2497 - perf/time_per_step:10.635121176950634 - perf/throughput:58.697027482200134
[36m(TaskRunner pid=3016838)[0m Dumped generations to /inspire/hdd/global_user/mengweicheng-240108120092/lzy/projects/Dual-Track-OPD/runs/gkd_geometry3k/qwen3vl_geometry3k_gkd_concise_boxed_prompt_20260711_140550/rollouts/12.jsonl
[36m(TaskRunner pid=3016838)[0m step:12 - fc_opd/hook_loss:0.0 - fc_opd/hook_num_samples:4.0 - fc_opd/hook_active_weight:3016.0 - fc_opd/is_plain_gkd:1.0 - fc_opd/teacher_valid_ratio:1.0 - fc_opd/teacher_topk_mass_mean:0.9999743103981018 - fc_opd/teacher_eos_in_topk_ratio:0.01690981350839138 - fc_opd/teacher_eos_prob_lower_bound_mean:0.0004470728454180062 - fc_opd/teacher_first_eos_prob_lower_bound_mean:0.0 - fc_opd/rollout_first_token_eos_ratio:0.0 - fc_opd/online/loss:0.0 - fc_opd/online/num_samples:4.0 - global_seqlen/min:245 - global_seqlen/max:1288 - global_seqlen/minmax_diff:1043 - global_seqlen/balanced_min:245 - global_seqlen/balanced_max:1288 - global_seqlen/mean:930.25 - actor/entropy:0.3455670475959778 - perf/mfu/actor_infer:0 - actor/pg_loss:-0.4999995082616806 - actor/kl_loss:0.0 - actor/fc_opd_loss:0.13505443651229143 - actor/pg_clipfrac:0.0 - actor/ppo_kl:0.0 - actor/pg_clipfrac_lower:0.0 - actor/fc_opd_denominator:3016.0 - actor/fc_opd_dp_world_size:4.0 - actor/grad_norm:4.478140830993652 - perf/mfu/actor:0.011618689832439237 - perf/max_memory_allocated_gb:21.354175567626953 - perf/max_memory_reserved_gb:25.873046875 - perf/cpu_memory_used_gb:169.36908531188965 - actor/lr:1e-06 - training/global_step:12 - training/epoch:0 - critic/score/mean:0.5 - critic/score/max:1.0 - critic/score/min:0.0 - critic/rewards/mean:0.5 - critic/rewards/max:1.0 - critic/rewards/min:0.0 - critic/advantages/mean:0.3209545910358429 - critic/advantages/max:0.9999990463256836 - critic/advantages/min:0.0 - critic/returns/mean:0.3209545910358429 - critic/returns/max:0.9999990463256836 - critic/returns/min:0.0 - response_length/mean:754.0 - response_length/max:1024.0 - response_length/min:153.0 - response_length/clip_ratio:0.5 - response_length_non_aborted/mean:754.0 - response_length_non_aborted/max:1024.0 - response_length_non_aborted/min:153.0 - response_length_non_aborted/clip_ratio:0.5 - response/aborted_ratio:0.0 - prompt_length/mean:176.25 - prompt_length/max:264.0 - prompt_length/min:92.0 - prompt_length/clip_ratio:0.0 - num_turns/min:2 - num_turns/max:2 - num_turns/mean:2.0 - timing_s/start_profile:5.305372178554535e-05 - timing_s/agent_loop/num_preempted/min:-1 - timing_s/agent_loop/num_preempted/max:-1 - timing_s/agent_loop/num_preempted/mean:-1.0 - timing_s/agent_loop/generate_sequences/min:0.7530264193192124 - timing_s/agent_loop/generate_sequences/max:4.931723086163402 - timing_s/agent_loop/generate_sequences/mean:3.6145663573406637 - timing_s/agent_loop/tool_calls/min:0.0 - timing_s/agent_loop/tool_calls/max:0.0 - timing_s/agent_loop/tool_calls/mean:0.0 - timing_s/agent_loop/slowest/generate_sequences:4.931723086163402 - timing_s/agent_loop/slowest/tool_calls:0.0 - timing_s/agent_loop/slowest/prompt_length:233 - timing_s/agent_loop/slowest/response_length:1024 - timing_s/agent_loop/slowest/num_preempted:-1 - timing_s/gen:5.917141897603869 - timing_s/fc_opd:2.1296761697158217 - timing_s/reward:1.918710768222809e-05 - timing_s/old_log_prob:0.5912877209484577 - timing_s/adv:0.0004006922245025635 - timing_s/update_actor:2.2669777050614357 - timing_s/update_weights:2.4719988480210304 - timing_s/dump_rollout_generations:0.00461981724947691 - timing_s/step:13.389157266356051 - timing_s/stop_profile:4.531349986791611e-05 - timing_per_token_ms/gen:1.961917074802344 - timing_per_token_ms/adv:0.00010768401625975906 - timing_per_token_ms/update_actor:0.6092388350071044 - perf/total_num_tokens:3721 - perf/time_per_step:13.389157266356051 - perf/throughput:69.47786044290551
[36m(TaskRunner pid=3016838)[0m Dumped generations to /inspire/hdd/global_user/mengweicheng-240108120092/lzy/projects/Dual-Track-OPD/runs/gkd_geometry3k/qwen3vl_geometry3k_gkd_concise_boxed_prompt_20260711_140550/rollouts/13.jsonl
[36m(TaskRunner pid=3016838)[0m step:13 - fc_opd/hook_loss:0.0 - fc_opd/hook_num_samples:4.0 - fc_opd/hook_active_weight:2070.0 - fc_opd/is_plain_gkd:1.0 - fc_opd/teacher_valid_ratio:1.0 - fc_opd/teacher_topk_mass_mean:0.9999848008155823 - fc_opd/teacher_eos_in_topk_ratio:0.015942029654979706 - fc_opd/teacher_eos_prob_lower_bound_mean:0.0016607989091426134 - fc_opd/teacher_first_eos_prob_lower_bound_mean:0.0 - fc_opd/rollout_first_token_eos_ratio:0.0 - fc_opd/online/loss:0.0 - fc_opd/online/num_samples:4.0 - global_seqlen/min:402 - global_seqlen/max:1215 - global_seqlen/minmax_diff:813 - global_seqlen/balanced_min:402 - global_seqlen/balanced_max:1215 - global_seqlen/mean:697.5 - actor/entropy:0.29043030738830566 - perf/mfu/actor_infer:0 - actor/pg_loss:-0.7499992847442627 - actor/kl_loss:0.0 - actor/fc_opd_loss:0.12860797671601176 - actor/pg_clipfrac:0.0 - actor/ppo_kl:0.0 - actor/pg_clipfrac_lower:0.0 - actor/fc_opd_denominator:2070.0 - actor/fc_opd_dp_world_size:4.0 - actor/grad_norm:4.649769306182861 - perf/mfu/actor:0.00904783615407701 - perf/max_memory_allocated_gb:21.354175567626953 - perf/max_memory_reserved_gb:25.873046875 - perf/cpu_memory_used_gb:168.84733390808105 - actor/lr:1e-06 - training/global_step:13 - training/epoch:0 - critic/score/mean:0.75 - critic/score/max:1.0 - critic/score/min:0.0 - critic/rewards/mean:0.75 - critic/rewards/max:1.0 - critic/rewards/min:0.0 - critic/advantages/mean:0.505313515663147 - critic/advantages/max:0.9999990463256836 - critic/advantages/min:0.0 - critic/returns/mean:0.505313515663147 - critic/returns/max:0.9999990463256836 - critic/returns/min:0.0 - response_length/mean:517.5 - response_length/max:1024.0 - response_length/min:210.0 - response_length/clip_ratio:0.25 - response_length_non_aborted/mean:517.5 - response_length_non_aborted/max:1024.0 - response_length_non_aborted/min:210.0 - response_length_non_aborted/clip_ratio:0.25 - response/aborted_ratio:0.0 - prompt_length/mean:180.0 - prompt_length/max:203.0 - prompt_length/min:134.0 - prompt_length/clip_ratio:0.0 - num_turns/min:2 - num_turns/max:2 - num_turns/mean:2.0 - timing_s/start_profile:5.353987216949463e-05 - timing_s/agent_loop/num_preempted/min:-1 - timing_s/agent_loop/num_preempted/max:-1 - timing_s/agent_loop/num_preempted/mean:-1.0 - timing_s/agent_loop/generate_sequences/min:1.0316334180533886 - timing_s/agent_loop/generate_sequences/max:4.923177496530116 - timing_s/agent_loop/generate_sequences/mean:2.490925420774147 - timing_s/agent_loop/tool_calls/min:0.0 - timing_s/agent_loop/tool_calls/max:0.0 - timing_s/agent_loop/tool_calls/mean:0.0 - timing_s/agent_loop/slowest/generate_sequences:4.923177496530116 - timing_s/agent_loop/slowest/tool_calls:0.0 - timing_s/agent_loop/slowest/prompt_length:191 - timing_s/agent_loop/slowest/response_length:1024 - timing_s/agent_loop/slowest/num_preempted:-1 - timing_s/gen:5.96239261329174 - timing_s/fc_opd:1.603868213482201 - timing_s/reward:1.5028752386569977e-05 - timing_s/old_log_prob:0.6695230817422271 - timing_s/adv:0.0003872392699122429 - timing_s/update_actor:2.1301728524267673 - timing_s/update_weights:2.2296724813058972 - timing_s/dump_rollout_generations:0.004325455985963345 - timing_s/step:12.604466395452619 - timing_s/stop_profile:4.769954830408096e-05 - timing_per_token_ms/gen:2.8803829049718552 - timing_per_token_ms/adv:0.0001387954372445315 - timing_per_token_ms/update_actor:0.7635028144898808 - perf/total_num_tokens:2790 - perf/time_per_step:12.604466395452619 - perf/throughput:55.33752704133837[36m(TaskRunner pid=3016838)[0m Training Progress:  43%|████▎     | 13/30 [03:11<04:10, 14.72s/it]
[36m(TaskRunner pid=3016838)[0m WARNING:2026-07-11 14:14:17,905:========================================================================
[36m(TaskRunner pid=3016838)[0m WARNING:2026-07-11 14:14:17,905:  Qwen3-VL Online GKD Pipeline Verification
[36m(TaskRunner pid=3016838)[0m WARNING:2026-07-11 14:14:17,905:========================================================================
[36m(TaskRunner pid=3016838)[0m WARNING:2026-07-11 14:14:17,905:  C          = 1  conditions: ['full']
[36m(TaskRunner pid=3016838)[0m WARNING:2026-07-11 14:14:17,905:  loss_mode  = gkd
[36m(TaskRunner pid=3016838)[0m WARNING:2026-07-11 14:14:17,905:  batch      = [B=4, T=1024]
[36m(TaskRunner pid=3016838)[0m WARNING:2026-07-11 14:14:17,905:  top_k      = 256
[36m(TaskRunner pid=3016838)[0m WARNING:2026-07-11 14:14:17,905:  exact_lp   = torch.Size([4, 1, 1024])  (None=tail-fallback)
[36m(TaskRunner pid=3016838)[0m WARNING:2026-07-11 14:14:17,905:  Student    = raw image + canonical question  (choices allowed, no XML)
[36m(TaskRunner pid=3016838)[0m WARNING:2026-07-11 14:14:17,905:  Teacher    = raw image + same canonical question  (no format bias)
[36m(TaskRunner pid=3016838)[0m WARNING:2026-07-11 14:14:17,905:  KL         = forward
[36m(TaskRunner pid=3016838)[0m WARNING:2026-07-11 14:14:17,905:  Objective  = forward KL on the full-image teacher distribution (pure distillation, no GRPO)
[36m(TaskRunner pid=3016838)[0m WARNING:2026-07-11 14:14:17,905:  Routing    = uniform over teacher-valid response tokens
[36m(TaskRunner pid=3016838)[0m WARNING:2026-07-11 14:14:17,905:  Update     = current rollout -> immediate teacher score -> actor backward
[36m(TaskRunner pid=3016838)[0m WARNING:2026-07-11 14:14:17,905:========================================================================
[36m(TaskRunner pid=3016838)[0m ========================================================================
[36m(TaskRunner pid=3016838)[0m   Qwen3-VL Online GKD Pipeline Verification
[36m(TaskRunner pid=3016838)[0m ========================================================================
[36m(TaskRunner pid=3016838)[0m   C          = 1  conditions: ['full']
[36m(TaskRunner pid=3016838)[0m   loss_mode  = gkd
[36m(TaskRunner pid=3016838)[0m   batch      = [B=4, T=1024]
[36m(TaskRunner pid=3016838)[0m   top_k      = 256
[36m(TaskRunner pid=3016838)[0m   exact_lp   = torch.Size([4, 1, 1024])  (None=tail-fallback)
[36m(TaskRunner pid=3016838)[0m   Student    = raw image + canonical question  (choices allowed, no XML)
[36m(TaskRunner pid=3016838)[0m   Teacher    = raw image + same canonical question  (no format bias)
[36m(TaskRunner pid=3016838)[0m   KL         = forward
[36m(TaskRunner pid=3016838)[0m   Objective  = forward KL on the full-image teacher distribution (pure distillation, no GRPO)
[36m(TaskRunner pid=3016838)[0m   Routing    = uniform over teacher-valid response tokens
[36m(TaskRunner pid=3016838)[0m   Update     = current rollout -> immediate teacher score -> actor backward
[36m(TaskRunner pid=3016838)[0m ========================================================================
[36m(WorkerDict pid=3120620)[0m INFO:2026-07-11 14:14:22,125:update_weights done, time cost: 0.62s
[36m(TaskRunner pid=3016838)[0m Training Progress:  47%|████▋     | 14/30 [03:25<03:47, 14.24s/it]
[36m(TaskRunner pid=3016838)[0m WARNING:2026-07-11 14:14:26,470:========================================================================
[36m(TaskRunner pid=3016838)[0m WARNING:2026-07-11 14:14:26,470:  Qwen3-VL Online GKD Pipeline Verification
[36m(TaskRunner pid=3016838)[0m WARNING:2026-07-11 14:14:26,470:========================================================================
[36m(TaskRunner pid=3016838)[0m WARNING:2026-07-11 14:14:26,470:  C          = 1  conditions: ['full']
[36m(TaskRunner pid=3016838)[0m WARNING:2026-07-11 14:14:26,470:  loss_mode  = gkd
[36m(TaskRunner pid=3016838)[0m WARNING:2026-07-11 14:14:26,470:  batch      = [B=4, T=1024]
[36m(TaskRunner pid=3016838)[0m WARNING:2026-07-11 14:14:26,470:  top_k      = 256
[36m(TaskRunner pid=3016838)[0m WARNING:2026-07-11 14:14:26,470:  exact_lp   = torch.Size([4, 1, 1024])  (None=tail-fallback)
[36m(TaskRunner pid=3016838)[0m WARNING:2026-07-11 14:14:26,470:  Student    = raw image + canonical question  (choices allowed, no XML)
[36m(TaskRunner pid=3016838)[0m WARNING:2026-07-11 14:14:26,470:  Teacher    = raw image + same canonical question  (no format bias)
[36m(TaskRunner pid=3016838)[0m WARNING:2026-07-11 14:14:26,470:  KL         = forward
[36m(TaskRunner pid=3016838)[0m WARNING:2026-07-11 14:14:26,470:  Objective  = forward KL on the full-image teacher distribution (pure distillation, no GRPO)
[36m(TaskRunner pid=3016838)[0m WARNING:2026-07-11 14:14:26,470:  Routing    = uniform over teacher-valid response tokens
[36m(TaskRunner pid=3016838)[0m WARNING:2026-07-11 14:14:26,470:  Update     = current rollout -> immediate teacher score -> actor backward
[36m(TaskRunner pid=3016838)[0m WARNING:2026-07-11 14:14:26,470:========================================================================
[36m(TaskRunner pid=3016838)[0m ========================================================================
[36m(TaskRunner pid=3016838)[0m   Qwen3-VL Online GKD Pipeline Verification
[36m(TaskRunner pid=3016838)[0m ========================================================================
[36m(TaskRunner pid=3016838)[0m   C          = 1  conditions: ['full']
[36m(TaskRunner pid=3016838)[0m   loss_mode  = gkd
[36m(TaskRunner pid=3016838)[0m   batch      = [B=4, T=1024]
[36m(TaskRunner pid=3016838)[0m   top_k      = 256
[36m(TaskRunner pid=3016838)[0m   exact_lp   = torch.Size([4, 1, 1024])  (None=tail-fallback)
[36m(TaskRunner pid=3016838)[0m   Student    = raw image + canonical question  (choices allowed, no XML)
[36m(TaskRunner pid=3016838)[0m   Teacher    = raw image + same canonical question  (no format bias)
[36m(TaskRunner pid=3016838)[0m   KL         = forward
[36m(TaskRunner pid=3016838)[0m   Objective  = forward KL on the full-image teacher distribution (pure distillation, no GRPO)
[36m(TaskRunner pid=3016838)[0m   Routing    = uniform over teacher-valid response tokens
[36m(TaskRunner pid=3016838)[0m   Update     = current rollout -> immediate teacher score -> actor backward
[36m(TaskRunner pid=3016838)[0m ========================================================================
[36m(WorkerDict pid=3120620)[0m INFO:2026-07-11 14:14:31,579:update_weights done, time cost: 0.77s
[36m(TaskRunner pid=3016838)[0m Training Progress:  50%|█████     | 15/30 [03:34<03:12, 12.80s/it]
[36m(TaskRunner pid=3016838)[0m WARNING:2026-07-11 14:14:40,196:========================================================================
[36m(TaskRunner pid=3016838)[0m WARNING:2026-07-11 14:14:40,196:  Qwen3-VL Online GKD Pipeline Verification
[36m(TaskRunner pid=3016838)[0m WARNING:2026-07-11 14:14:40,196:========================================================================
[36m(TaskRunner pid=3016838)[0m WARNING:2026-07-11 14:14:40,196:  C          = 1  conditions: ['full']
[36m(TaskRunner pid=3016838)[0m WARNING:2026-07-11 14:14:40,196:  loss_mode  = gkd
[36m(TaskRunner pid=3016838)[0m WARNING:2026-07-11 14:14:40,196:  batch      = [B=4, T=1024]
[36m(TaskRunner pid=3016838)[0m WARNING:2026-07-11 14:14:40,196:  top_k      = 256
[36m(TaskRunner pid=3016838)[0m WARNING:2026-07-11 14:14:40,196:  exact_lp   = torch.Size([4, 1, 1024])  (None=tail-fallback)
[36m(TaskRunner pid=3016838)[0m WARNING:2026-07-11 14:14:40,196:  Student    = raw image + canonical question  (choices allowed, no XML)
[36m(TaskRunner pid=3016838)[0m WARNING:2026-07-11 14:14:40,196:  Teacher    = raw image + same canonical question  (no format bias)
[36m(TaskRunner pid=3016838)[0m WARNING:2026-07-11 14:14:40,196:  KL         = forward
[36m(TaskRunner pid=3016838)[0m WARNING:2026-07-11 14:14:40,196:  Objective  = forward KL on the full-image teacher distribution (pure distillation, no GRPO)
[36m(TaskRunner pid=3016838)[0m WARNING:2026-07-11 14:14:40,196:  Routing    = uniform over teacher-valid response tokens
[36m(TaskRunner pid=3016838)[0m WARNING:2026-07-11 14:14:40,196:  Update     = current rollout -> immediate teacher score -> actor backward
[36m(TaskRunner pid=3016838)[0m WARNING:2026-07-11 14:14:40,196:========================================================================
[36m(TaskRunner pid=3016838)[0m ========================================================================
[36m(TaskRunner pid=3016838)[0m   Qwen3-VL Online GKD Pipeline Verification
[36m(TaskRunner pid=3016838)[0m ========================================================================
[36m(TaskRunner pid=3016838)[0m   C          = 1  conditions: ['full']
[36m(TaskRunner pid=3016838)[0m   loss_mode  = gkd
[36m(TaskRunner pid=3016838)[0m   batch      = [B=4, T=1024]
[36m(TaskRunner pid=3016838)[0m   top_k      = 256
[36m(TaskRunner pid=3016838)[0m   exact_lp   = torch.Size([4, 1, 1024])  (None=tail-fallback)
[36m(TaskRunner pid=3016838)[0m   Student    = raw image + canonical question  (choices allowed, no XML)
[36m(TaskRunner pid=3016838)[0m   Teacher    = raw image + same canonical question  (no format bias)
[36m(TaskRunner pid=3016838)[0m   KL         = forward
[36m(TaskRunner pid=3016838)[0m   Objective  = forward KL on the full-image teacher distribution (pure distillation, no GRPO)
[36m(TaskRunner pid=3016838)[0m   Routing    = uniform over teacher-valid response tokens
[36m(TaskRunner pid=3016838)[0m   Update     = current rollout -> immediate teacher score -> actor backward
[36m(TaskRunner pid=3016838)[0m ========================================================================
[36m(WorkerDict pid=3120620)[0m INFO:2026-07-11 14:14:45,034:update_weights done, time cost: 0.67s

[36m(TaskRunner pid=3016838)[0m Dumped generations to /inspire/hdd/global_user/mengweicheng-240108120092/lzy/projects/Dual-Track-OPD/runs/gkd_geometry3k/qwen3vl_geometry3k_gkd_concise_boxed_prompt_20260711_140550/rollouts/14.jsonl
[36m(TaskRunner pid=3016838)[0m step:14 - fc_opd/hook_loss:0.0 - fc_opd/hook_num_samples:4.0 - fc_opd/hook_active_weight:3725.0 - fc_opd/is_plain_gkd:1.0 - fc_opd/teacher_valid_ratio:1.0 - fc_opd/teacher_topk_mass_mean:0.999968409538269 - fc_opd/teacher_eos_in_topk_ratio:0.009395972825586796 - fc_opd/teacher_eos_prob_lower_bound_mean:0.00026846275432035327 - fc_opd/teacher_first_eos_prob_lower_bound_mean:0.0 - fc_opd/rollout_first_token_eos_ratio:0.0 - fc_opd/online/loss:0.0 - fc_opd/online/num_samples:4.0 - global_seqlen/min:750 - global_seqlen/max:1186 - global_seqlen/minmax_diff:436 - global_seqlen/balanced_min:750 - global_seqlen/balanced_max:1186 - global_seqlen/mean:1061.25 - actor/entropy:0.4581553637981415 - perf/mfu/actor_infer:0 - actor/pg_loss:0.0 - actor/kl_loss:0.0 - actor/fc_opd_loss:0.18015212193131447 - actor/pg_clipfrac:0.0 - actor/ppo_kl:0.0 - actor/pg_clipfrac_lower:0.0 - actor/fc_opd_denominator:3725.0 - actor/fc_opd_dp_world_size:4.0 - actor/grad_norm:4.706669330596924 - perf/mfu/actor:0.013600380803321764 - perf/max_memory_allocated_gb:21.354175567626953 - perf/max_memory_reserved_gb:25.873046875 - perf/cpu_memory_used_gb:168.738037109375 - actor/lr:1e-06 - training/global_step:14 - training/epoch:0 - critic/score/mean:0.0 - critic/score/max:0.0 - critic/score/min:0.0 - critic/rewards/mean:0.0 - critic/rewards/max:0.0 - critic/rewards/min:0.0 - critic/advantages/mean:0.0 - critic/advantages/max:0.0 - critic/advantages/min:0.0 - critic/returns/mean:0.0 - critic/returns/max:0.0 - critic/returns/min:0.0 - response_length/mean:931.25 - response_length/max:1024.0 - response_length/min:653.0 - response_length/clip_ratio:0.75 - response_length_non_aborted/mean:931.25 - response_length_non_aborted/max:1024.0 - response_length_non_aborted/min:653.0 - response_length_non_aborted/clip_ratio:0.75 - response/aborted_ratio:0.0 - prompt_length/mean:130.0 - prompt_length/max:162.0 - prompt_length/min:97.0 - prompt_length/clip_ratio:0.0 - num_turns/min:2 - num_turns/max:2 - num_turns/mean:2.0 - timing_s/start_profile:5.014333873987198e-05 - timing_s/agent_loop/num_preempted/min:-1 - timing_s/agent_loop/num_preempted/max:-1 - timing_s/agent_loop/num_preempted/mean:-1.0 - timing_s/agent_loop/generate_sequences/min:3.115158488973975 - timing_s/agent_loop/generate_sequences/max:4.927248558960855 - timing_s/agent_loop/generate_sequences/mean:4.4521879779640585 - timing_s/agent_loop/tool_calls/min:0.0 - timing_s/agent_loop/tool_calls/max:0.0 - timing_s/agent_loop/tool_calls/mean:0.0 - timing_s/agent_loop/slowest/generate_sequences:4.927248558960855 - timing_s/agent_loop/slowest/tool_calls:0.0 - timing_s/agent_loop/slowest/prompt_length:132 - timing_s/agent_loop/slowest/response_length:1024 - timing_s/agent_loop/slowest/num_preempted:-1 - timing_s/gen:5.938076795078814 - timing_s/fc_opd:2.4074973249807954 - timing_s/reward:1.378823071718216e-05 - timing_s/old_log_prob:0.596359726972878 - timing_s/adv:0.000354645773768425 - timing_s/update_actor:2.073716905899346 - timing_s/update_weights:2.1021691244095564 - timing_s/dump_rollout_generations:0.004694994539022446 - timing_s/step:13.130980564281344 - timing_s/stop_profile:4.197470843791962e-05 - timing_per_token_ms/gen:1.5941145758600843 - timing_per_token_ms/adv:8.354435188891048e-05 - timing_per_token_ms/update_actor:0.4885081050410709 - perf/total_num_tokens:4245 - perf/time_per_step:13.130980564281344 - perf/throughput:80.82031610699303
[36m(TaskRunner pid=3016838)[0m Dumped generations to /inspire/hdd/global_user/mengweicheng-240108120092/lzy/projects/Dual-Track-OPD/runs/gkd_geometry3k/qwen3vl_geometry3k_gkd_concise_boxed_prompt_20260711_140550/rollouts/15.jsonl
[36m(TaskRunner pid=3016838)[0m step:15 - fc_opd/hook_loss:0.0 - fc_opd/hook_num_samples:4.0 - fc_opd/hook_active_weight:1084.0 - fc_opd/is_plain_gkd:1.0 - fc_opd/teacher_valid_ratio:1.0 - fc_opd/teacher_topk_mass_mean:0.9999997615814209 - fc_opd/teacher_eos_in_topk_ratio:0.03782287985086441 - fc_opd/teacher_eos_prob_lower_bound_mean:0.003689457895234227 - fc_opd/teacher_first_eos_prob_lower_bound_mean:0.0 - fc_opd/rollout_first_token_eos_ratio:0.0 - fc_opd/online/loss:0.0 - fc_opd/online/num_samples:4.0 - global_seqlen/min:392 - global_seqlen/max:508 - global_seqlen/minmax_diff:116 - global_seqlen/balanced_min:392 - global_seqlen/balanced_max:508 - global_seqlen/mean:450.0 - actor/entropy:0.1566210687160492 - perf/mfu/actor_infer:0 - actor/pg_loss:-0.7499992847442627 - actor/kl_loss:0.0 - actor/fc_opd_loss:0.09576041903346777 - actor/pg_clipfrac:0.0 - actor/ppo_kl:0.0 - actor/pg_clipfrac_lower:0.0 - actor/fc_opd_denominator:1084.0 - actor/fc_opd_dp_world_size:4.0 - actor/grad_norm:5.383500099182129 - perf/mfu/actor:0.005360660949975647 - perf/max_memory_allocated_gb:21.354175567626953 - perf/max_memory_reserved_gb:25.873046875 - perf/cpu_memory_used_gb:168.79627323150635 - actor/lr:1e-06 - training/global_step:15 - training/epoch:0 - critic/score/mean:0.75 - critic/score/max:1.0 - critic/score/min:0.0 - critic/rewards/mean:0.75 - critic/rewards/max:1.0 - critic/rewards/min:0.0 - critic/advantages/mean:0.7250915765762329 - critic/advantages/max:0.9999990463256836 - critic/advantages/min:0.0 - critic/returns/mean:0.7250915765762329 - critic/returns/max:0.9999990463256836 - critic/returns/min:0.0 - response_length/mean:271.0 - response_length/max:345.0 - response_length/min:187.0 - response_length/clip_ratio:0.0 - response_length_non_aborted/mean:271.0 - response_length_non_aborted/max:345.0 - response_length_non_aborted/min:187.0 - response_length_non_aborted/clip_ratio:0.0 - response/aborted_ratio:0.0 - prompt_length/mean:179.0 - prompt_length/max:253.0 - prompt_length/min:94.0 - prompt_length/clip_ratio:0.0 - num_turns/min:2 - num_turns/max:2 - num_turns/mean:2.0 - timing_s/start_profile:5.6469812989234924e-05 - timing_s/agent_loop/num_preempted/min:-1 - timing_s/agent_loop/num_preempted/max:-1 - timing_s/agent_loop/num_preempted/mean:-1.0 - timing_s/agent_loop/generate_sequences/min:0.9267601286992431 - timing_s/agent_loop/generate_sequences/max:1.6802483517676592 - timing_s/agent_loop/generate_sequences/mean:1.323951906291768 - timing_s/agent_loop/tool_calls/min:0.0 - timing_s/agent_loop/tool_calls/max:0.0 - timing_s/agent_loop/tool_calls/mean:0.0 - timing_s/agent_loop/slowest/generate_sequences:1.6802483517676592 - timing_s/agent_loop/slowest/tool_calls:0.0 - timing_s/agent_loop/slowest/prompt_length:163 - timing_s/agent_loop/slowest/response_length:345 - timing_s/agent_loop/slowest/num_preempted:-1 - timing_s/gen:2.644377864897251 - timing_s/fc_opd:1.1244218200445175 - timing_s/reward:1.5674158930778503e-05 - timing_s/old_log_prob:0.7553930589929223 - timing_s/adv:0.0003925692290067673 - timing_s/update_actor:2.4078406766057014 - timing_s/update_weights:2.517027171328664 - timing_s/dump_rollout_generations:0.004154898226261139 - timing_s/step:9.4576655915007 - timing_s/stop_profile:4.404410719871521e-05 - timing_per_token_ms/gen:2.4394629749974643 - timing_per_token_ms/adv:0.0002180940161148707 - timing_per_token_ms/update_actor:1.3376892647809453 - perf/total_num_tokens:1800 - perf/time_per_step:9.4576655915007 - perf/throughput:47.58045160788943
[36m(TaskRunner pid=3016838)[0m Dumped generations to /inspire/hdd/global_user/mengweicheng-240108120092/lzy/projects/Dual-Track-OPD/runs/gkd_geometry3k/qwen3vl_geometry3k_gkd_concise_boxed_prompt_20260711_140550/rollouts/16.jsonl
[36m(TaskRunner pid=3016838)[0m step:16 - fc_opd/hook_loss:0.0 - fc_opd/hook_num_samples:4.0 - fc_opd/hook_active_weight:3010.0 - fc_opd/is_plain_gkd:1.0 - fc_opd/teacher_valid_ratio:1.0 - fc_opd/teacher_topk_mass_mean:0.9999852180480957 - fc_opd/teacher_eos_in_topk_ratio:0.017607973888516426 - fc_opd/teacher_eos_prob_lower_bound_mean:0.0009959647431969643 - fc_opd/teacher_first_eos_prob_lower_bound_mean:0.0 - fc_opd/rollout_first_token_eos_ratio:0.0 - fc_opd/online/loss:0.0 - fc_opd/online/num_samples:4.0 - global_seqlen/min:523 - global_seqlen/max:1175 - global_seqlen/minmax_diff:652 - global_seqlen/balanced_min:523 - global_seqlen/balanced_max:1175 - global_seqlen/mean:943.0 - actor/entropy:0.31359419226646423 - perf/mfu/actor_infer:0 - actor/pg_loss:0.0 - actor/kl_loss:0.0 - actor/fc_opd_loss:0.14116895385086536 - actor/pg_clipfrac:0.0 - actor/ppo_kl:0.0 - actor/pg_clipfrac_lower:0.0 - actor/fc_opd_denominator:3010.0 - actor/fc_opd_dp_world_size:4.0 - actor/grad_norm:4.709481716156006 - perf/mfu/actor:0.011467792550879681 - perf/max_memory_allocated_gb:21.354175567626953 - perf/max_memory_reserved_gb:25.873046875 - perf/cpu_memory_used_gb:168.77623176574707 - actor/lr:1e-06 - training/global_step:16 - training/epoch:0 - critic/score/mean:0.0 - critic/score/max:0.0 - critic/score/min:0.0 - critic/rewards/mean:0.0 - critic/rewards/max:0.0 - critic/rewards/min:0.0 - critic/advantages/mean:0.0 - critic/advantages/max:0.0 - critic/advantages/min:0.0 - critic/returns/mean:0.0 - critic/returns/max:0.0 - critic/returns/min:0.0 - response_length/mean:752.5 - response_length/max:1024.0 - response_length/min:415.0 - response_length/clip_ratio:0.25 - response_length_non_aborted/mean:752.5 - response_length_non_aborted/max:1024.0 - response_length_non_aborted/min:415.0 - response_length_non_aborted/clip_ratio:0.25 - response/aborted_ratio:0.0 - prompt_length/mean:190.5 - prompt_length/max:284.0 - prompt_length/min:108.0 - prompt_length/clip_ratio:0.0 - num_turns/min:2 - num_turns/max:2 - num_turns/mean:2.0 - timing_s/start_profile:5.781929939985275e-05 - timing_s/agent_loop/num_preempted/min:-1 - timing_s/agent_loop/num_preempted/max:-1 - timing_s/agent_loop/num_preempted/mean:-1.0 - timing_s/agent_loop/generate_sequences/min:1.9875222193077207 - timing_s/agent_loop/generate_sequences/max:4.908518499694765 - timing_s/agent_loop/generate_sequences/mean:3.6149254681076854 - timing_s/agent_loop/tool_calls/min:0.0 - timing_s/agent_loop/tool_calls/max:0.0 - timing_s/agent_loop/tool_calls/mean:0.0 - timing_s/agent_loop/slowest/generate_sequences:4.908518499694765 - timing_s/agent_loop/slowest/tool_calls:0.0 - timing_s/agent_loop/slowest/prompt_length:113 - timing_s/agent_loop/slowest/response_length:1024 - timing_s/agent_loop/slowest/num_preempted:-1 - timing_s/gen:5.931717322207987 - timing_s/fc_opd:2.0898861195892096 - timing_s/reward:1.4512799680233002e-05 - timing_s/old_log_prob:0.775268467143178 - timing_s/adv:0.00040196720510721207 - timing_s/update_actor:2.2560872733592987 - timing_s/update_weights:2.314772411249578 - timing_s/dump_rollout_generations:0.0048430562019348145 - timing_s/step:13.378740225918591 - timing_s/stop_profile:4.4045038521289825e-05 - timing_per_token_ms/gen:1.970670206713617 - timing_per_token_ms/adv:0.00010656606710159386 - timing_per_token_ms/update_actor:0.5981143354611078 - perf/total_num_tokens:3772 - perf/time_per_step:13.378740225918591 - perf/throughput:70.48496226671097[36m(TaskRunner pid=3016838)[0m Training Progress:  53%|█████▎    | 16/30 [03:47<03:01, 12.98s/it]
[36m(TaskRunner pid=3016838)[0m WARNING:2026-07-11 14:14:53,180:========================================================================
[36m(TaskRunner pid=3016838)[0m WARNING:2026-07-11 14:14:53,180:  Qwen3-VL Online GKD Pipeline Verification
[36m(TaskRunner pid=3016838)[0m WARNING:2026-07-11 14:14:53,180:========================================================================
[36m(TaskRunner pid=3016838)[0m WARNING:2026-07-11 14:14:53,181:  C          = 1  conditions: ['full']
[36m(TaskRunner pid=3016838)[0m WARNING:2026-07-11 14:14:53,181:  loss_mode  = gkd
[36m(TaskRunner pid=3016838)[0m WARNING:2026-07-11 14:14:53,181:  batch      = [B=4, T=1024]
[36m(TaskRunner pid=3016838)[0m WARNING:2026-07-11 14:14:53,181:  top_k      = 256
[36m(TaskRunner pid=3016838)[0m WARNING:2026-07-11 14:14:53,181:  exact_lp   = torch.Size([4, 1, 1024])  (None=tail-fallback)
[36m(TaskRunner pid=3016838)[0m WARNING:2026-07-11 14:14:53,181:  Student    = raw image + canonical question  (choices allowed, no XML)
[36m(TaskRunner pid=3016838)[0m WARNING:2026-07-11 14:14:53,181:  Teacher    = raw image + same canonical question  (no format bias)
[36m(TaskRunner pid=3016838)[0m WARNING:2026-07-11 14:14:53,181:  KL         = forward
[36m(TaskRunner pid=3016838)[0m WARNING:2026-07-11 14:14:53,181:  Objective  = forward KL on the full-image teacher distribution (pure distillation, no GRPO)
[36m(TaskRunner pid=3016838)[0m WARNING:2026-07-11 14:14:53,181:  Routing    = uniform over teacher-valid response tokens
[36m(TaskRunner pid=3016838)[0m WARNING:2026-07-11 14:14:53,181:  Update     = current rollout -> immediate teacher score -> actor backward
[36m(TaskRunner pid=3016838)[0m WARNING:2026-07-11 14:14:53,181:========================================================================
[36m(TaskRunner pid=3016838)[0m ========================================================================
[36m(TaskRunner pid=3016838)[0m   Qwen3-VL Online GKD Pipeline Verification
[36m(TaskRunner pid=3016838)[0m ========================================================================
[36m(TaskRunner pid=3016838)[0m   C          = 1  conditions: ['full']
[36m(TaskRunner pid=3016838)[0m   loss_mode  = gkd
[36m(TaskRunner pid=3016838)[0m   batch      = [B=4, T=1024]
[36m(TaskRunner pid=3016838)[0m   top_k      = 256
[36m(TaskRunner pid=3016838)[0m   exact_lp   = torch.Size([4, 1, 1024])  (None=tail-fallback)
[36m(TaskRunner pid=3016838)[0m   Student    = raw image + canonical question  (choices allowed, no XML)
[36m(TaskRunner pid=3016838)[0m   Teacher    = raw image + same canonical question  (no format bias)
[36m(TaskRunner pid=3016838)[0m   KL         = forward
[36m(TaskRunner pid=3016838)[0m   Objective  = forward KL on the full-image teacher distribution (pure distillation, no GRPO)
[36m(TaskRunner pid=3016838)[0m   Routing    = uniform over teacher-valid response tokens
[36m(TaskRunner pid=3016838)[0m   Update     = current rollout -> immediate teacher score -> actor backward
[36m(TaskRunner pid=3016838)[0m ========================================================================
[36m(WorkerDict pid=3120620)[0m INFO:2026-07-11 14:14:57,756:update_weights done, time cost: 0.79s
[36m(TaskRunner pid=3016838)[0m Training Progress:  57%|█████▋    | 17/30 [04:00<02:47, 12.91s/it]
[36m(TaskRunner pid=3016838)[0m WARNING:2026-07-11 14:15:06,135:========================================================================
[36m(TaskRunner pid=3016838)[0m WARNING:2026-07-11 14:15:06,136:  Qwen3-VL Online GKD Pipeline Verification
[36m(TaskRunner pid=3016838)[0m WARNING:2026-07-11 14:15:06,136:========================================================================
[36m(TaskRunner pid=3016838)[0m WARNING:2026-07-11 14:15:06,136:  C          = 1  conditions: ['full']
[36m(TaskRunner pid=3016838)[0m WARNING:2026-07-11 14:15:06,136:  loss_mode  = gkd
[36m(TaskRunner pid=3016838)[0m WARNING:2026-07-11 14:15:06,136:  batch      = [B=4, T=1024]
[36m(TaskRunner pid=3016838)[0m WARNING:2026-07-11 14:15:06,136:  top_k      = 256
[36m(TaskRunner pid=3016838)[0m WARNING:2026-07-11 14:15:06,136:  exact_lp   = torch.Size([4, 1, 1024])  (None=tail-fallback)
[36m(TaskRunner pid=3016838)[0m WARNING:2026-07-11 14:15:06,136:  Student    = raw image + canonical question  (choices allowed, no XML)
[36m(TaskRunner pid=3016838)[0m WARNING:2026-07-11 14:15:06,136:  Teacher    = raw image + same canonical question  (no format bias)
[36m(TaskRunner pid=3016838)[0m WARNING:2026-07-11 14:15:06,136:  KL         = forward
[36m(TaskRunner pid=3016838)[0m WARNING:2026-07-11 14:15:06,136:  Objective  = forward KL on the full-image teacher distribution (pure distillation, no GRPO)
[36m(TaskRunner pid=3016838)[0m WARNING:2026-07-11 14:15:06,136:  Routing    = uniform over teacher-valid response tokens
[36m(TaskRunner pid=3016838)[0m WARNING:2026-07-11 14:15:06,136:  Update     = current rollout -> immediate teacher score -> actor backward
[36m(TaskRunner pid=3016838)[0m WARNING:2026-07-11 14:15:06,136:========================================================================
[36m(TaskRunner pid=3016838)[0m ========================================================================
[36m(TaskRunner pid=3016838)[0m   Qwen3-VL Online GKD Pipeline Verification
[36m(TaskRunner pid=3016838)[0m ========================================================================
[36m(TaskRunner pid=3016838)[0m   C          = 1  conditions: ['full']
[36m(TaskRunner pid=3016838)[0m   loss_mode  = gkd
[36m(TaskRunner pid=3016838)[0m   batch      = [B=4, T=1024]
[36m(TaskRunner pid=3016838)[0m   top_k      = 256
[36m(TaskRunner pid=3016838)[0m   exact_lp   = torch.Size([4, 1, 1024])  (None=tail-fallback)
[36m(TaskRunner pid=3016838)[0m   Student    = raw image + canonical question  (choices allowed, no XML)
[36m(TaskRunner pid=3016838)[0m   Teacher    = raw image + same canonical question  (no format bias)
[36m(TaskRunner pid=3016838)[0m   KL         = forward
[36m(TaskRunner pid=3016838)[0m   Objective  = forward KL on the full-image teacher distribution (pure distillation, no GRPO)
[36m(TaskRunner pid=3016838)[0m   Routing    = uniform over teacher-valid response tokens
[36m(TaskRunner pid=3016838)[0m   Update     = current rollout -> immediate teacher score -> actor backward
[36m(TaskRunner pid=3016838)[0m ========================================================================
[36m(WorkerDict pid=3120620)[0m INFO:2026-07-11 14:15:10,615:update_weights done, time cost: 0.60s
[36m(TaskRunner pid=3016838)[0m Training Progress:  60%|██████    | 18/30 [04:13<02:34, 12.91s/it]
[36m(TaskRunner pid=3016838)[0m WARNING:2026-07-11 14:15:19,385:========================================================================
[36m(TaskRunner pid=3016838)[0m WARNING:2026-07-11 14:15:19,385:  Qwen3-VL Online GKD Pipeline Verification
[36m(TaskRunner pid=3016838)[0m WARNING:2026-07-11 14:15:19,385:========================================================================
[36m(TaskRunner pid=3016838)[0m WARNING:2026-07-11 14:15:19,385:  C          = 1  conditions: ['full']
[36m(TaskRunner pid=3016838)[0m WARNING:2026-07-11 14:15:19,385:  loss_mode  = gkd
[36m(TaskRunner pid=3016838)[0m WARNING:2026-07-11 14:15:19,385:  batch      = [B=4, T=1024]
[36m(TaskRunner pid=3016838)[0m WARNING:2026-07-11 14:15:19,385:  top_k      = 256
[36m(TaskRunner pid=3016838)[0m WARNING:2026-07-11 14:15:19,385:  exact_lp   = torch.Size([4, 1, 1024])  (None=tail-fallback)
[36m(TaskRunner pid=3016838)[0m WARNING:2026-07-11 14:15:19,385:  Student    = raw image + canonical question  (choices allowed, no XML)
[36m(TaskRunner pid=3016838)[0m WARNING:2026-07-11 14:15:19,385:  Teacher    = raw image + same canonical question  (no format bias)
[36m(TaskRunner pid=3016838)[0m WARNING:2026-07-11 14:15:19,386:  KL         = forward
[36m(TaskRunner pid=3016838)[0m WARNING:2026-07-11 14:15:19,386:  Objective  = forward KL on the full-image teacher distribution (pure distillation, no GRPO)
[36m(TaskRunner pid=3016838)[0m WARNING:2026-07-11 14:15:19,386:  Routing    = uniform over teacher-valid response tokens
[36m(TaskRunner pid=3016838)[0m WARNING:2026-07-11 14:15:19,386:  Update     = current rollout -> immediate teacher score -> actor backward
[36m(TaskRunner pid=3016838)[0m WARNING:2026-07-11 14:15:19,386:========================================================================
[36m(TaskRunner pid=3016838)[0m ========================================================================
[36m(TaskRunner pid=3016838)[0m   Qwen3-VL Online GKD Pipeline Verification
[36m(TaskRunner pid=3016838)[0m ========================================================================
[36m(TaskRunner pid=3016838)[0m   C          = 1  conditions: ['full']
[36m(TaskRunner pid=3016838)[0m   loss_mode  = gkd
[36m(TaskRunner pid=3016838)[0m   batch      = [B=4, T=1024]
[36m(TaskRunner pid=3016838)[0m   top_k      = 256
[36m(TaskRunner pid=3016838)[0m   exact_lp   = torch.Size([4, 1, 1024])  (None=tail-fallback)
[36m(TaskRunner pid=3016838)[0m   Student    = raw image + canonical question  (choices allowed, no XML)
[36m(TaskRunner pid=3016838)[0m   Teacher    = raw image + same canonical question  (no format bias)
[36m(TaskRunner pid=3016838)[0m   KL         = forward
[36m(TaskRunner pid=3016838)[0m   Objective  = forward KL on the full-image teacher distribution (pure distillation, no GRPO)
[36m(TaskRunner pid=3016838)[0m   Routing    = uniform over teacher-valid response tokens
[36m(TaskRunner pid=3016838)[0m   Update     = current rollout -> immediate teacher score -> actor backward
[36m(TaskRunner pid=3016838)[0m ========================================================================
[36m(WorkerDict pid=3120620)[0m INFO:2026-07-11 14:15:23,639:update_weights done, time cost: 0.61s

[36m(TaskRunner pid=3016838)[0m Dumped generations to /inspire/hdd/global_user/mengweicheng-240108120092/lzy/projects/Dual-Track-OPD/runs/gkd_geometry3k/qwen3vl_geometry3k_gkd_concise_boxed_prompt_20260711_140550/rollouts/17.jsonl
[36m(TaskRunner pid=3016838)[0m step:17 - fc_opd/hook_loss:0.0 - fc_opd/hook_num_samples:4.0 - fc_opd/hook_active_weight:2228.0 - fc_opd/is_plain_gkd:1.0 - fc_opd/teacher_valid_ratio:1.0 - fc_opd/teacher_topk_mass_mean:0.9999870657920837 - fc_opd/teacher_eos_in_topk_ratio:0.018402153626084328 - fc_opd/teacher_eos_prob_lower_bound_mean:0.0013465526280924678 - fc_opd/teacher_first_eos_prob_lower_bound_mean:0.0 - fc_opd/rollout_first_token_eos_ratio:0.0 - fc_opd/online/loss:0.0 - fc_opd/online/num_samples:4.0 - global_seqlen/min:471 - global_seqlen/max:1162 - global_seqlen/minmax_diff:691 - global_seqlen/balanced_min:471 - global_seqlen/balanced_max:1162 - global_seqlen/mean:795.0 - actor/entropy:0.32625842094421387 - perf/mfu/actor_infer:0 - actor/pg_loss:-0.7499992698431015 - actor/kl_loss:0.0 - actor/fc_opd_loss:0.11763042211532593 - actor/pg_clipfrac:0.0 - actor/ppo_kl:0.0 - actor/pg_clipfrac_lower:0.0 - actor/fc_opd_denominator:2228.0 - actor/fc_opd_dp_world_size:4.0 - actor/grad_norm:3.8484160900115967 - perf/mfu/actor:0.010514743228020706 - perf/max_memory_allocated_gb:21.354175567626953 - perf/max_memory_reserved_gb:25.873046875 - perf/cpu_memory_used_gb:168.87696933746338 - actor/lr:1e-06 - training/global_step:17 - training/epoch:0 - critic/score/mean:0.75 - critic/score/max:1.0 - critic/score/min:0.0 - critic/rewards/mean:0.75 - critic/rewards/max:1.0 - critic/rewards/min:0.0 - critic/advantages/mean:0.5403944849967957 - critic/advantages/max:0.9999990463256836 - critic/advantages/min:0.0 - critic/returns/mean:0.5403944849967957 - critic/returns/max:0.9999990463256836 - critic/returns/min:0.0 - response_length/mean:557.0 - response_length/max:1024.0 - response_length/min:246.0 - response_length/clip_ratio:0.25 - response_length_non_aborted/mean:557.0 - response_length_non_aborted/max:1024.0 - response_length_non_aborted/min:246.0 - response_length_non_aborted/clip_ratio:0.25 - response/aborted_ratio:0.0 - prompt_length/mean:238.0 - prompt_length/max:483.0 - prompt_length/min:106.0 - prompt_length/clip_ratio:0.0 - num_turns/min:2 - num_turns/max:2 - num_turns/mean:2.0 - timing_s/start_profile:5.309469997882843e-05 - timing_s/agent_loop/num_preempted/min:-1 - timing_s/agent_loop/num_preempted/max:-1 - timing_s/agent_loop/num_preempted/mean:-1.0 - timing_s/agent_loop/generate_sequences/min:1.2336949612945318 - timing_s/agent_loop/generate_sequences/max:4.883868909440935 - timing_s/agent_loop/generate_sequences/mean:2.698294566012919 - timing_s/agent_loop/tool_calls/min:0.0 - timing_s/agent_loop/tool_calls/max:0.0 - timing_s/agent_loop/tool_calls/mean:0.0 - timing_s/agent_loop/slowest/generate_sequences:4.883868909440935 - timing_s/agent_loop/slowest/tool_calls:0.0 - timing_s/agent_loop/slowest/prompt_length:138 - timing_s/agent_loop/slowest/response_length:1024 - timing_s/agent_loop/slowest/num_preempted:-1 - timing_s/gen:5.8689924301579595 - timing_s/fc_opd:1.7477795630693436 - timing_s/reward:1.1856667697429657e-05 - timing_s/old_log_prob:0.6122103575617075 - timing_s/adv:0.00037924107164144516 - timing_s/update_actor:2.157148964703083 - timing_s/update_weights:2.3306918926537037 - timing_s/dump_rollout_generations:0.0043914662674069405 - timing_s/step:12.728517460636795 - timing_s/stop_profile:4.4492073357105255e-05 - timing_per_token_ms/gen:2.634197679604111 - timing_per_token_ms/adv:0.00011925819862938527 - timing_per_token_ms/update_actor:0.6783487310387054 - perf/total_num_tokens:3180 - perf/time_per_step:12.728517460636795 - perf/throughput:62.45817727465544
[36m(TaskRunner pid=3016838)[0m Dumped generations to /inspire/hdd/global_user/mengweicheng-240108120092/lzy/projects/Dual-Track-OPD/runs/gkd_geometry3k/qwen3vl_geometry3k_gkd_concise_boxed_prompt_20260711_140550/rollouts/18.jsonl
[36m(TaskRunner pid=3016838)[0m step:18 - fc_opd/hook_loss:0.0 - fc_opd/hook_num_samples:4.0 - fc_opd/hook_active_weight:2478.0 - fc_opd/is_plain_gkd:1.0 - fc_opd/teacher_valid_ratio:1.0 - fc_opd/teacher_topk_mass_mean:0.9999894499778748 - fc_opd/teacher_eos_in_topk_ratio:0.016949152573943138 - fc_opd/teacher_eos_prob_lower_bound_mean:0.0012119284365326166 - fc_opd/teacher_first_eos_prob_lower_bound_mean:0.0 - fc_opd/rollout_first_token_eos_ratio:0.0 - fc_opd/online/loss:0.0 - fc_opd/online/num_samples:4.0 - global_seqlen/min:590 - global_seqlen/max:1325 - global_seqlen/minmax_diff:735 - global_seqlen/balanced_min:590 - global_seqlen/balanced_max:1325 - global_seqlen/mean:841.5 - actor/entropy:0.32692256569862366 - perf/mfu/actor_infer:0 - actor/pg_loss:-0.499999538064003 - actor/kl_loss:0.0 - actor/fc_opd_loss:0.13920525088906288 - actor/pg_clipfrac:0.0 - actor/ppo_kl:0.0 - actor/pg_clipfrac_lower:0.0 - actor/fc_opd_denominator:2478.0 - actor/fc_opd_dp_world_size:4.0 - actor/grad_norm:5.331636905670166 - perf/mfu/actor:0.01086459534328374 - perf/max_memory_allocated_gb:21.354175567626953 - perf/max_memory_reserved_gb:25.873046875 - perf/cpu_memory_used_gb:168.86600494384766 - actor/lr:1e-06 - training/global_step:18 - training/epoch:0 - critic/score/mean:0.5 - critic/score/max:1.0 - critic/score/min:0.0 - critic/rewards/mean:0.5 - critic/rewards/max:1.0 - critic/rewards/min:0.0 - critic/advantages/mean:0.3672312796115875 - critic/advantages/max:0.9999990463256836 - critic/advantages/min:0.0 - critic/returns/mean:0.3672312796115875 - critic/returns/max:0.9999990463256836 - critic/returns/min:0.0 - response_length/mean:619.5 - response_length/max:1024.0 - response_length/min:358.0 - response_length/clip_ratio:0.25 - response_length_non_aborted/mean:619.5 - response_length_non_aborted/max:1024.0 - response_length_non_aborted/min:358.0 - response_length_non_aborted/clip_ratio:0.25 - response/aborted_ratio:0.0 - prompt_length/mean:222.0 - prompt_length/max:301.0 - prompt_length/min:119.0 - prompt_length/clip_ratio:0.0 - num_turns/min:2 - num_turns/max:2 - num_turns/mean:2.0 - timing_s/start_profile:5.3034164011478424e-05 - timing_s/agent_loop/num_preempted/min:-1 - timing_s/agent_loop/num_preempted/max:-1 - timing_s/agent_loop/num_preempted/mean:-1.0 - timing_s/agent_loop/generate_sequences/min:1.745966856367886 - timing_s/agent_loop/generate_sequences/max:4.93055537622422 - timing_s/agent_loop/generate_sequences/mean:2.982829974964261 - timing_s/agent_loop/tool_calls/min:0.0 - timing_s/agent_loop/tool_calls/max:0.0 - timing_s/agent_loop/tool_calls/mean:0.0 - timing_s/agent_loop/slowest/generate_sequences:4.93055537622422 - timing_s/agent_loop/slowest/tool_calls:0.0 - timing_s/agent_loop/slowest/prompt_length:301 - timing_s/agent_loop/slowest/response_length:1024 - timing_s/agent_loop/slowest/num_preempted:-1 - timing_s/gen:5.989570576697588 - timing_s/fc_opd:1.844518443569541 - timing_s/reward:1.733098179101944e-05 - timing_s/old_log_prob:0.6347087528556585 - timing_s/adv:0.0003853999078273773 - timing_s/update_actor:2.1758159017190337 - timing_s/update_weights:2.235472888685763 - timing_s/dump_rollout_generations:0.004482096992433071 - timing_s/step:12.892285937443376 - timing_s/stop_profile:4.417821764945984e-05 - timing_per_token_ms/gen:2.4170986992322794 - timing_per_token_ms/adv:0.00011449789299684413 - timing_per_token_ms/update_actor:0.64640995297654 - perf/total_num_tokens:3366 - perf/time_per_step:12.892285937443376 - perf/throughput:65.27158985483027
[36m(TaskRunner pid=3016838)[0m Dumped generations to /inspire/hdd/global_user/mengweicheng-240108120092/lzy/projects/Dual-Track-OPD/runs/gkd_geometry3k/qwen3vl_geometry3k_gkd_concise_boxed_prompt_20260711_140550/rollouts/19.jsonl
[36m(TaskRunner pid=3016838)[0m step:19 - fc_opd/hook_loss:0.0 - fc_opd/hook_num_samples:4.0 - fc_opd/hook_active_weight:2991.0 - fc_opd/is_plain_gkd:1.0 - fc_opd/teacher_valid_ratio:1.0 - fc_opd/teacher_topk_mass_mean:0.9999662637710571 - fc_opd/teacher_eos_in_topk_ratio:0.01170177198946476 - fc_opd/teacher_eos_prob_lower_bound_mean:0.0006686855340376496 - fc_opd/teacher_first_eos_prob_lower_bound_mean:0.0 - fc_opd/rollout_first_token_eos_ratio:0.0 - fc_opd/online/loss:0.0 - fc_opd/online/num_samples:4.0 - global_seqlen/min:597 - global_seqlen/max:1130 - global_seqlen/minmax_diff:533 - global_seqlen/balanced_min:597 - global_seqlen/balanced_max:1130 - global_seqlen/mean:878.5 - actor/entropy:0.5413517355918884 - perf/mfu/actor_infer:0 - actor/pg_loss:-0.2499997615814209 - actor/kl_loss:0.0 - actor/fc_opd_loss:0.18946821428835392 - actor/pg_clipfrac:0.0 - actor/ppo_kl:0.0 - actor/pg_clipfrac_lower:0.0 - actor/fc_opd_denominator:2991.0 - actor/fc_opd_dp_world_size:4.0 - actor/grad_norm:4.617080211639404 - perf/mfu/actor:0.011259107742596976 - perf/max_memory_allocated_gb:21.354175567626953 - perf/max_memory_reserved_gb:25.873046875 - perf/cpu_memory_used_gb:168.78771209716797 - actor/lr:1e-06 - training/global_step:19 - training/epoch:0 - critic/score/mean:0.25 - critic/score/max:1.0 - critic/score/min:0.0 - critic/rewards/mean:0.25 - critic/rewards/max:1.0 - critic/rewards/min:0.0 - critic/advantages/mean:0.13139404356479645 - critic/advantages/max:0.9999990463256836 - critic/advantages/min:0.0 - critic/returns/mean:0.13139404356479645 - critic/returns/max:0.9999990463256836 - critic/returns/min:0.0 - response_length/mean:747.75 - response_length/max:1024.0 - response_length/min:393.0 - response_length/clip_ratio:0.5 - response_length_non_aborted/mean:747.75 - response_length_non_aborted/max:1024.0 - response_length_non_aborted/min:393.0 - response_length_non_aborted/clip_ratio:0.5 - response/aborted_ratio:0.0 - prompt_length/mean:130.75 - prompt_length/max:204.0 - prompt_length/min:99.0 - prompt_length/clip_ratio:0.0 - num_turns/min:2 - num_turns/max:2 - num_turns/mean:2.0 - timing_s/start_profile:5.4582953453063965e-05 - timing_s/agent_loop/num_preempted/min:-1 - timing_s/agent_loop/num_preempted/max:-1 - timing_s/agent_loop/num_preempted/mean:-1.0 - timing_s/agent_loop/generate_sequences/min:1.891162522137165 - timing_s/agent_loop/generate_sequences/max:4.907261905260384 - timing_s/agent_loop/generate_sequences/mean:3.583118715090677 - timing_s/agent_loop/tool_calls/min:0.0 - timing_s/agent_loop/tool_calls/max:0.0 - timing_s/agent_loop/tool_calls/mean:0.0 - timing_s/agent_loop/slowest/generate_sequences:4.907261905260384 - timing_s/agent_loop/slowest/tool_calls:0.0 - timing_s/agent_loop/slowest/prompt_length:106 - timing_s/agent_loop/slowest/response_length:1024 - timing_s/agent_loop/slowest/num_preempted:-1 - timing_s/gen:6.07832994312048 - timing_s/fc_opd:2.105653265491128 - timing_s/reward:1.9609928131103516e-05 - timing_s/old_log_prob:0.5730522470548749 - timing_s/adv:0.0003894465044140816 - timing_s/update_actor:2.0907544689252973 - timing_s/update_weights:2.1156580802053213 - timing_s/dump_rollout_generations:0.004843292757868767 - timing_s/step:12.975709222257137 - timing_s/stop_profile:4.384573549032211e-05 - timing_per_token_ms/gen:2.032206600842688 - timing_per_token_ms/adv:0.00011082712134720591 - timing_per_token_ms/update_actor:0.594978505670261 - perf/total_num_tokens:3514 - perf/time_per_step:12.975709222257137 - perf/throughput:67.70342837932246[36m(TaskRunner pid=3016838)[0m Training Progress:  63%|██████▎   | 19/30 [04:26<02:22, 12.93s/it]
[36m(TaskRunner pid=3016838)[0m WARNING:2026-07-11 14:15:32,392:========================================================================
[36m(TaskRunner pid=3016838)[0m WARNING:2026-07-11 14:15:32,392:  Qwen3-VL Online GKD Pipeline Verification
[36m(TaskRunner pid=3016838)[0m WARNING:2026-07-11 14:15:32,392:========================================================================
[36m(TaskRunner pid=3016838)[0m WARNING:2026-07-11 14:15:32,392:  C          = 1  conditions: ['full']
[36m(TaskRunner pid=3016838)[0m WARNING:2026-07-11 14:15:32,392:  loss_mode  = gkd
[36m(TaskRunner pid=3016838)[0m WARNING:2026-07-11 14:15:32,392:  batch      = [B=4, T=1024]
[36m(TaskRunner pid=3016838)[0m WARNING:2026-07-11 14:15:32,392:  top_k      = 256
[36m(TaskRunner pid=3016838)[0m WARNING:2026-07-11 14:15:32,392:  exact_lp   = torch.Size([4, 1, 1024])  (None=tail-fallback)
[36m(TaskRunner pid=3016838)[0m WARNING:2026-07-11 14:15:32,392:  Student    = raw image + canonical question  (choices allowed, no XML)
[36m(TaskRunner pid=3016838)[0m WARNING:2026-07-11 14:15:32,392:  Teacher    = raw image + same canonical question  (no format bias)
[36m(TaskRunner pid=3016838)[0m WARNING:2026-07-11 14:15:32,392:  KL         = forward
[36m(TaskRunner pid=3016838)[0m WARNING:2026-07-11 14:15:32,392:  Objective  = forward KL on the full-image teacher distribution (pure distillation, no GRPO)
[36m(TaskRunner pid=3016838)[0m WARNING:2026-07-11 14:15:32,392:  Routing    = uniform over teacher-valid response tokens
[36m(TaskRunner pid=3016838)[0m WARNING:2026-07-11 14:15:32,392:  Update     = current rollout -> immediate teacher score -> actor backward
[36m(TaskRunner pid=3016838)[0m WARNING:2026-07-11 14:15:32,392:========================================================================
[36m(TaskRunner pid=3016838)[0m ========================================================================
[36m(TaskRunner pid=3016838)[0m   Qwen3-VL Online GKD Pipeline Verification
[36m(TaskRunner pid=3016838)[0m ========================================================================
[36m(TaskRunner pid=3016838)[0m   C          = 1  conditions: ['full']
[36m(TaskRunner pid=3016838)[0m   loss_mode  = gkd
[36m(TaskRunner pid=3016838)[0m   batch      = [B=4, T=1024]
[36m(TaskRunner pid=3016838)[0m   top_k      = 256
[36m(TaskRunner pid=3016838)[0m   exact_lp   = torch.Size([4, 1, 1024])  (None=tail-fallback)
[36m(TaskRunner pid=3016838)[0m   Student    = raw image + canonical question  (choices allowed, no XML)
[36m(TaskRunner pid=3016838)[0m   Teacher    = raw image + same canonical question  (no format bias)
[36m(TaskRunner pid=3016838)[0m   KL         = forward
[36m(TaskRunner pid=3016838)[0m   Objective  = forward KL on the full-image teacher distribution (pure distillation, no GRPO)
[36m(TaskRunner pid=3016838)[0m   Routing    = uniform over teacher-valid response tokens
[36m(TaskRunner pid=3016838)[0m   Update     = current rollout -> immediate teacher score -> actor backward
[36m(TaskRunner pid=3016838)[0m ========================================================================
[36m(WorkerDict pid=3120645)[0m INFO:2026-07-11 14:15:38,161:[Rank 2] Saved model to /inspire/hdd/global_user/mengweicheng-240108120092/lzy/projects/Dual-Track-OPD/checkpoints/gkd_geometry3k/qwen3vl_geometry3k_gkd_concise_boxed_prompt_20260711_140550/global_step_20/actor/model_world_size_4_rank_2.pt
[36m(WorkerDict pid=3120655)[0m INFO:2026-07-11 14:15:43,683:[Rank 3] Saved optim to /inspire/hdd/global_user/mengweicheng-240108120092/lzy/projects/Dual-Track-OPD/checkpoints/gkd_geometry3k/qwen3vl_geometry3k_gkd_concise_boxed_prompt_20260711_140550/global_step_20/actor/optim_world_size_4_rank_3.pt
[36m(WorkerDict pid=3120655)[0m INFO:2026-07-11 14:15:43,685:[Rank 3] Saved extra_state to /inspire/hdd/global_user/mengweicheng-240108120092/lzy/projects/Dual-Track-OPD/checkpoints/gkd_geometry3k/qwen3vl_geometry3k_gkd_concise_boxed_prompt_20260711_140550/global_step_20/actor/extra_state_world_size_4_rank_3.pt
[36m(WorkerDict pid=3120620)[0m INFO:2026-07-11 14:15:38,143:[Rank 0] Saved model to /inspire/hdd/global_user/mengweicheng-240108120092/lzy/projects/Dual-Track-OPD/checkpoints/gkd_geometry3k/qwen3vl_geometry3k_gkd_concise_boxed_prompt_20260711_140550/global_step_20/actor/model_world_size_4_rank_0.pt[32m [repeated 3x across cluster][0m
[36m(WorkerDict pid=3120620)[0m INFO:2026-07-11 14:15:44,274:[Rank 0] Saved model config and tokenizer class to /inspire/hdd/global_user/mengweicheng-240108120092/lzy/projects/Dual-Track-OPD/checkpoints/gkd_geometry3k/qwen3vl_geometry3k_gkd_concise_boxed_prompt_20260711_140550/global_step_20/actor/huggingface
[36m(WorkerDict pid=3120620)[0m INFO:2026-07-11 14:15:46,097:update_weights done, time cost: 0.63s
[36m(TaskRunner pid=3016838)[0m Training Progress:  67%|██████▋   | 20/30 [04:59<03:10, 19.05s/it]
[36m(WorkerDict pid=3120633)[0m INFO:2026-07-11 14:15:43,830:[Rank 1] Saved optim to /inspire/hdd/global_user/mengweicheng-240108120092/lzy/projects/Dual-Track-OPD/checkpoints/gkd_geometry3k/qwen3vl_geometry3k_gkd_concise_boxed_prompt_20260711_140550/global_step_20/actor/optim_world_size_4_rank_1.pt[32m [repeated 3x across cluster][0m
[36m(WorkerDict pid=3120633)[0m INFO:2026-07-11 14:15:43,833:[Rank 1] Saved extra_state to /inspire/hdd/global_user/mengweicheng-240108120092/lzy/projects/Dual-Track-OPD/checkpoints/gkd_geometry3k/qwen3vl_geometry3k_gkd_concise_boxed_prompt_20260711_140550/global_step_20/actor/extra_state_world_size_4_rank_1.pt[32m [repeated 3x across cluster][0m
[36m(TaskRunner pid=3016838)[0m WARNING:2026-07-11 14:16:05,582:========================================================================
[36m(TaskRunner pid=3016838)[0m WARNING:2026-07-11 14:16:05,582:  Qwen3-VL Online GKD Pipeline Verification
[36m(TaskRunner pid=3016838)[0m WARNING:2026-07-11 14:16:05,582:========================================================================
[36m(TaskRunner pid=3016838)[0m WARNING:2026-07-11 14:16:05,582:  C          = 1  conditions: ['full']
[36m(TaskRunner pid=3016838)[0m WARNING:2026-07-11 14:16:05,582:  loss_mode  = gkd
[36m(TaskRunner pid=3016838)[0m WARNING:2026-07-11 14:16:05,582:  batch      = [B=4, T=1024]
[36m(TaskRunner pid=3016838)[0m WARNING:2026-07-11 14:16:05,582:  top_k      = 256
[36m(TaskRunner pid=3016838)[0m WARNING:2026-07-11 14:16:05,582:  exact_lp   = torch.Size([4, 1, 1024])  (None=tail-fallback)
[36m(TaskRunner pid=3016838)[0m WARNING:2026-07-11 14:16:05,582:  Student    = raw image + canonical question  (choices allowed, no XML)
[36m(TaskRunner pid=3016838)[0m WARNING:2026-07-11 14:16:05,582:  Teacher    = raw image + same canonical question  (no format bias)
[36m(TaskRunner pid=3016838)[0m WARNING:2026-07-11 14:16:05,582:  KL         = forward
[36m(TaskRunner pid=3016838)[0m WARNING:2026-07-11 14:16:05,582:  Objective  = forward KL on the full-image teacher distribution (pure distillation, no GRPO)
[36m(TaskRunner pid=3016838)[0m WARNING:2026-07-11 14:16:05,582:  Routing    = uniform over teacher-valid response tokens
[36m(TaskRunner pid=3016838)[0m WARNING:2026-07-11 14:16:05,582:  Update     = current rollout -> immediate teacher score -> actor backward
[36m(TaskRunner pid=3016838)[0m WARNING:2026-07-11 14:16:05,582:========================================================================
[36m(TaskRunner pid=3016838)[0m ========================================================================
[36m(TaskRunner pid=3016838)[0m   Qwen3-VL Online GKD Pipeline Verification
[36m(TaskRunner pid=3016838)[0m ========================================================================
[36m(TaskRunner pid=3016838)[0m   C          = 1  conditions: ['full']
[36m(TaskRunner pid=3016838)[0m   loss_mode  = gkd
[36m(TaskRunner pid=3016838)[0m   batch      = [B=4, T=1024]
[36m(TaskRunner pid=3016838)[0m   top_k      = 256
[36m(TaskRunner pid=3016838)[0m   exact_lp   = torch.Size([4, 1, 1024])  (None=tail-fallback)
[36m(TaskRunner pid=3016838)[0m   Student    = raw image + canonical question  (choices allowed, no XML)
[36m(TaskRunner pid=3016838)[0m   Teacher    = raw image + same canonical question  (no format bias)
[36m(TaskRunner pid=3016838)[0m   KL         = forward
[36m(TaskRunner pid=3016838)[0m   Objective  = forward KL on the full-image teacher distribution (pure distillation, no GRPO)
[36m(TaskRunner pid=3016838)[0m   Routing    = uniform over teacher-valid response tokens
[36m(TaskRunner pid=3016838)[0m   Update     = current rollout -> immediate teacher score -> actor backward
[36m(TaskRunner pid=3016838)[0m ========================================================================
[36m(WorkerDict pid=3120620)[0m INFO:2026-07-11 14:16:10,005:update_weights done, time cost: 0.64s

[36m(TaskRunner pid=3016838)[0m local_global_step_folder: /inspire/hdd/global_user/mengweicheng-240108120092/lzy/projects/Dual-Track-OPD/checkpoints/gkd_geometry3k/qwen3vl_geometry3k_gkd_concise_boxed_prompt_20260711_140550/global_step_20
[36m(TaskRunner pid=3016838)[0m Dumped generations to /inspire/hdd/global_user/mengweicheng-240108120092/lzy/projects/Dual-Track-OPD/runs/gkd_geometry3k/qwen3vl_geometry3k_gkd_concise_boxed_prompt_20260711_140550/rollouts/20.jsonl
[36m(TaskRunner pid=3016838)[0m test_gen_batch meta info: {'eos_token_id': 151645, 'pad_token_id': 151643, 'recompute_log_prob': False, 'do_sample': False, 'validate': True, 'global_steps': 20}
[36m(TaskRunner pid=3016838)[0m validation generation end
[36m(TaskRunner pid=3016838)[0m Dumped generations to /inspire/hdd/global_user/mengweicheng-240108120092/lzy/projects/Dual-Track-OPD/runs/gkd_geometry3k/qwen3vl_geometry3k_gkd_concise_boxed_prompt_20260711_140550/validation/20.jsonl
[36m(TaskRunner pid=3016838)[0m step:20 - fc_opd/hook_loss:0.0 - fc_opd/hook_num_samples:4.0 - fc_opd/hook_active_weight:2728.0 - fc_opd/is_plain_gkd:1.0 - fc_opd/teacher_valid_ratio:1.0 - fc_opd/teacher_topk_mass_mean:0.9999114871025085 - fc_opd/teacher_eos_in_topk_ratio:0.009530792012810707 - fc_opd/teacher_eos_prob_lower_bound_mean:0.0007331370143219829 - fc_opd/teacher_first_eos_prob_lower_bound_mean:0.0 - fc_opd/rollout_first_token_eos_ratio:0.0 - fc_opd/online/loss:0.0 - fc_opd/online/num_samples:4.0 - global_seqlen/min:529 - global_seqlen/max:1338 - global_seqlen/minmax_diff:809 - global_seqlen/balanced_min:529 - global_seqlen/balanced_max:1338 - global_seqlen/mean:947.25 - actor/entropy:0.6954594850540161 - perf/mfu/actor_infer:0 - actor/pg_loss:-0.4999995231628418 - actor/kl_loss:0.0 - actor/fc_opd_loss:0.21592878550291061 - actor/pg_clipfrac:0.0 - actor/ppo_kl:0.0 - actor/pg_clipfrac_lower:0.0 - actor/fc_opd_denominator:2728.0 - actor/fc_opd_dp_world_size:4.0 - actor/grad_norm:5.171736717224121 - perf/mfu/actor:0.012389102920190326 - perf/max_memory_allocated_gb:21.354175567626953 - perf/max_memory_reserved_gb:25.873046875 - perf/cpu_memory_used_gb:168.8798599243164 - actor/lr:1e-06 - val-core/geometry3k/reward/mean@1:0.405 - val-aux/geometry3k/score/mean@1:0.405 - val-aux/num_turns/min:2 - val-aux/num_turns/max:2 - val-aux/num_turns/mean:2.0 - training/global_step:20 - training/epoch:0 - critic/score/mean:0.5 - critic/score/max:1.0 - critic/score/min:0.0 - critic/rewards/mean:0.5 - critic/rewards/max:1.0 - critic/rewards/min:0.0 - critic/advantages/mean:0.24926665425300598 - critic/advantages/max:0.9999990463256836 - critic/advantages/min:0.0 - critic/returns/mean:0.24926665425300598 - critic/returns/max:0.9999990463256836 - critic/returns/min:0.0 - response_length/mean:682.0 - response_length/max:1024.0 - response_length/min:297.0 - response_length/clip_ratio:0.5 - response_length_non_aborted/mean:682.0 - response_length_non_aborted/max:1024.0 - response_length_non_aborted/min:297.0 - response_length_non_aborted/clip_ratio:0.5 - response/aborted_ratio:0.0 - prompt_length/mean:265.25 - prompt_length/max:497.0 - prompt_length/min:104.0 - prompt_length/clip_ratio:0.0 - num_turns/min:2 - num_turns/max:2 - num_turns/mean:2.0 - timing_s/start_profile:5.276501178741455e-05 - timing_s/agent_loop/num_preempted/min:-1 - timing_s/agent_loop/num_preempted/max:-1 - timing_s/agent_loop/num_preempted/mean:-1.0 - timing_s/agent_loop/generate_sequences/min:1.4705962026491761 - timing_s/agent_loop/generate_sequences/max:4.938165764324367 - timing_s/agent_loop/generate_sequences/mean:3.2852251729927957 - timing_s/agent_loop/tool_calls/min:0.0 - timing_s/agent_loop/tool_calls/max:0.0 - timing_s/agent_loop/tool_calls/mean:0.0 - timing_s/agent_loop/slowest/generate_sequences:4.938165764324367 - timing_s/agent_loop/slowest/tool_calls:0.0 - timing_s/agent_loop/slowest/prompt_length:314 - timing_s/agent_loop/slowest/response_length:1024 - timing_s/agent_loop/slowest/num_preempted:-1 - timing_s/gen:6.172939057461917 - timing_s/fc_opd:2.027800560928881 - timing_s/reward:1.7061829566955566e-05 - timing_s/old_log_prob:0.6586050223559141 - timing_s/adv:0.00039191916584968567 - timing_s/update_actor:2.1789870839565992 - timing_s/save_checkpoint:9.041708423756063 - timing_s/update_weights:2.3742184014990926 - timing_s/dump_rollout_generations:0.004722977988421917 - timing_s/step:22.46372542809695 - timing_s/testing:10.83518853969872 - timing_s/stop_profile:8.228141814470291e-05 - timing_per_token_ms/gen:2.2628075723834007 - timing_per_token_ms/adv:0.00010343604271567318 - timing_per_token_ms/update_actor:0.5750823657842701 - perf/total_num_tokens:3789 - perf/time_per_step:22.46372542809695 - perf/throughput:42.167983357524854
[36m(TaskRunner pid=3016838)[0m Dumped generations to /inspire/hdd/global_user/mengweicheng-240108120092/lzy/projects/Dual-Track-OPD/runs/gkd_geometry3k/qwen3vl_geometry3k_gkd_concise_boxed_prompt_20260711_140550/rollouts/21.jsonl
[36m(TaskRunner pid=3016838)[0m step:21 - fc_opd/hook_loss:0.0 - fc_opd/hook_num_samples:4.0 - fc_opd/hook_active_weight:2989.0 - fc_opd/is_plain_gkd:1.0 - fc_opd/teacher_valid_ratio:1.0 - fc_opd/teacher_topk_mass_mean:0.9999586939811707 - fc_opd/teacher_eos_in_topk_ratio:0.008698561228811741 - fc_opd/teacher_eos_prob_lower_bound_mean:0.0009880138095468283 - fc_opd/teacher_first_eos_prob_lower_bound_mean:0.0 - fc_opd/rollout_first_token_eos_ratio:0.0 - fc_opd/online/loss:0.0 - fc_opd/online/num_samples:4.0 - global_seqlen/min:293 - global_seqlen/max:1222 - global_seqlen/minmax_diff:929 - global_seqlen/balanced_min:293 - global_seqlen/balanced_max:1222 - global_seqlen/mean:905.5 - actor/entropy:0.5472868084907532 - perf/mfu/actor_infer:0 - actor/pg_loss:0.0 - actor/kl_loss:0.0 - actor/fc_opd_loss:0.1672344938851893 - actor/pg_clipfrac:0.0 - actor/ppo_kl:0.0 - actor/pg_clipfrac_lower:0.0 - actor/fc_opd_denominator:2989.0 - actor/fc_opd_dp_world_size:4.0 - actor/grad_norm:5.266014575958252 - perf/mfu/actor:0.011413429301065217 - perf/max_memory_allocated_gb:21.354175567626953 - perf/max_memory_reserved_gb:25.873046875 - perf/cpu_memory_used_gb:170.12363052368164 - actor/lr:1e-06 - training/global_step:21 - training/epoch:0 - critic/score/mean:0.0 - critic/score/max:0.0 - critic/score/min:0.0 - critic/rewards/mean:0.0 - critic/rewards/max:0.0 - critic/rewards/min:0.0 - critic/advantages/mean:0.0 - critic/advantages/max:0.0 - critic/advantages/min:0.0 - critic/returns/mean:0.0 - critic/returns/max:0.0 - critic/returns/min:0.0 - response_length/mean:747.25 - response_length/max:1024.0 - response_length/min:184.0 - response_length/clip_ratio:0.5 - response_length_non_aborted/mean:747.25 - response_length_non_aborted/max:1024.0 - response_length_non_aborted/min:184.0 - response_length_non_aborted/clip_ratio:0.5 - response/aborted_ratio:0.0 - prompt_length/mean:158.25 - prompt_length/max:198.0 - prompt_length/min:109.0 - prompt_length/clip_ratio:0.0 - num_turns/min:2 - num_turns/max:2 - num_turns/mean:2.0 - timing_s/start_profile:4.511792212724686e-05 - timing_s/agent_loop/num_preempted/min:-1 - timing_s/agent_loop/num_preempted/max:-1 - timing_s/agent_loop/num_preempted/mean:-1.0 - timing_s/agent_loop/generate_sequences/min:0.8956366069614887 - timing_s/agent_loop/generate_sequences/max:4.871260981075466 - timing_s/agent_loop/generate_sequences/mean:3.5599128159228712 - timing_s/agent_loop/tool_calls/min:0.0 - timing_s/agent_loop/tool_calls/max:0.0 - timing_s/agent_loop/tool_calls/mean:0.0 - timing_s/agent_loop/slowest/generate_sequences:4.871260981075466 - timing_s/agent_loop/slowest/tool_calls:0.0 - timing_s/agent_loop/slowest/prompt_length:198 - timing_s/agent_loop/slowest/response_length:1024 - timing_s/agent_loop/slowest/num_preempted:-1 - timing_s/gen:5.950893077999353 - timing_s/fc_opd:2.1324275759980083 - timing_s/reward:1.4657154679298401e-05 - timing_s/old_log_prob:0.6170402560383081 - timing_s/adv:0.0004328591749072075 - timing_s/update_actor:2.13196134660393 - timing_s/update_weights:2.3279838766902685 - timing_s/dump_rollout_generations:0.004893696866929531 - timing_s/step:13.175344938412309 - timing_s/stop_profile:3.878772258758545e-05 - timing_per_token_ms/gen:1.9909311067244408 - timing_per_token_ms/adv:0.00011950833100695955 - timing_per_token_ms/update_actor:0.5886143971849613 - perf/total_num_tokens:3622 - perf/time_per_step:13.175344938412309 - perf/throughput:68.72685339417892[36m(TaskRunner pid=3016838)[0m Training Progress:  70%|███████   | 21/30 [05:13<02:35, 17.29s/it]
[36m(TaskRunner pid=3016838)[0m WARNING:2026-07-11 14:16:18,835:========================================================================
[36m(TaskRunner pid=3016838)[0m WARNING:2026-07-11 14:16:18,836:  Qwen3-VL Online GKD Pipeline Verification
[36m(TaskRunner pid=3016838)[0m WARNING:2026-07-11 14:16:18,836:========================================================================
[36m(TaskRunner pid=3016838)[0m WARNING:2026-07-11 14:16:18,836:  C          = 1  conditions: ['full']
[36m(TaskRunner pid=3016838)[0m WARNING:2026-07-11 14:16:18,836:  loss_mode  = gkd
[36m(TaskRunner pid=3016838)[0m WARNING:2026-07-11 14:16:18,836:  batch      = [B=4, T=1024]
[36m(TaskRunner pid=3016838)[0m WARNING:2026-07-11 14:16:18,836:  top_k      = 256
[36m(TaskRunner pid=3016838)[0m WARNING:2026-07-11 14:16:18,836:  exact_lp   = torch.Size([4, 1, 1024])  (None=tail-fallback)
[36m(TaskRunner pid=3016838)[0m WARNING:2026-07-11 14:16:18,836:  Student    = raw image + canonical question  (choices allowed, no XML)
[36m(TaskRunner pid=3016838)[0m WARNING:2026-07-11 14:16:18,836:  Teacher    = raw image + same canonical question  (no format bias)
[36m(TaskRunner pid=3016838)[0m WARNING:2026-07-11 14:16:18,836:  KL         = forward
[36m(TaskRunner pid=3016838)[0m WARNING:2026-07-11 14:16:18,836:  Objective  = forward KL on the full-image teacher distribution (pure distillation, no GRPO)
[36m(TaskRunner pid=3016838)[0m WARNING:2026-07-11 14:16:18,836:  Routing    = uniform over teacher-valid response tokens
[36m(TaskRunner pid=3016838)[0m WARNING:2026-07-11 14:16:18,836:  Update     = current rollout -> immediate teacher score -> actor backward
[36m(TaskRunner pid=3016838)[0m WARNING:2026-07-11 14:16:18,836:========================================================================
[36m(TaskRunner pid=3016838)[0m ========================================================================
[36m(TaskRunner pid=3016838)[0m   Qwen3-VL Online GKD Pipeline Verification
[36m(TaskRunner pid=3016838)[0m ========================================================================
[36m(TaskRunner pid=3016838)[0m   C          = 1  conditions: ['full']
[36m(TaskRunner pid=3016838)[0m   loss_mode  = gkd
[36m(TaskRunner pid=3016838)[0m   batch      = [B=4, T=1024]
[36m(TaskRunner pid=3016838)[0m   top_k      = 256
[36m(TaskRunner pid=3016838)[0m   exact_lp   = torch.Size([4, 1, 1024])  (None=tail-fallback)
[36m(TaskRunner pid=3016838)[0m   Student    = raw image + canonical question  (choices allowed, no XML)
[36m(TaskRunner pid=3016838)[0m   Teacher    = raw image + same canonical question  (no format bias)
[36m(TaskRunner pid=3016838)[0m   KL         = forward
[36m(TaskRunner pid=3016838)[0m   Objective  = forward KL on the full-image teacher distribution (pure distillation, no GRPO)
[36m(TaskRunner pid=3016838)[0m   Routing    = uniform over teacher-valid response tokens
[36m(TaskRunner pid=3016838)[0m   Update     = current rollout -> immediate teacher score -> actor backward
[36m(TaskRunner pid=3016838)[0m ========================================================================
[36m(WorkerDict pid=3120620)[0m INFO:2026-07-11 14:16:23,126:update_weights done, time cost: 0.62s
[36m(TaskRunner pid=3016838)[0m Training Progress:  73%|███████▎  | 22/30 [05:26<02:07, 15.99s/it]
[36m(TaskRunner pid=3016838)[0m WARNING:2026-07-11 14:16:32,253:========================================================================
[36m(TaskRunner pid=3016838)[0m WARNING:2026-07-11 14:16:32,253:  Qwen3-VL Online GKD Pipeline Verification
[36m(TaskRunner pid=3016838)[0m WARNING:2026-07-11 14:16:32,253:========================================================================
[36m(TaskRunner pid=3016838)[0m WARNING:2026-07-11 14:16:32,253:  C          = 1  conditions: ['full']
[36m(TaskRunner pid=3016838)[0m WARNING:2026-07-11 14:16:32,253:  loss_mode  = gkd
[36m(TaskRunner pid=3016838)[0m WARNING:2026-07-11 14:16:32,253:  batch      = [B=4, T=1024]
[36m(TaskRunner pid=3016838)[0m WARNING:2026-07-11 14:16:32,253:  top_k      = 256
[36m(TaskRunner pid=3016838)[0m WARNING:2026-07-11 14:16:32,253:  exact_lp   = torch.Size([4, 1, 1024])  (None=tail-fallback)
[36m(TaskRunner pid=3016838)[0m WARNING:2026-07-11 14:16:32,253:  Student    = raw image + canonical question  (choices allowed, no XML)
[36m(TaskRunner pid=3016838)[0m WARNING:2026-07-11 14:16:32,253:  Teacher    = raw image + same canonical question  (no format bias)
[36m(TaskRunner pid=3016838)[0m WARNING:2026-07-11 14:16:32,253:  KL         = forward
[36m(TaskRunner pid=3016838)[0m WARNING:2026-07-11 14:16:32,253:  Objective  = forward KL on the full-image teacher distribution (pure distillation, no GRPO)
[36m(TaskRunner pid=3016838)[0m WARNING:2026-07-11 14:16:32,253:  Routing    = uniform over teacher-valid response tokens
[36m(TaskRunner pid=3016838)[0m WARNING:2026-07-11 14:16:32,253:  Update     = current rollout -> immediate teacher score -> actor backward
[36m(TaskRunner pid=3016838)[0m WARNING:2026-07-11 14:16:32,253:========================================================================
[36m(TaskRunner pid=3016838)[0m ========================================================================
[36m(TaskRunner pid=3016838)[0m   Qwen3-VL Online GKD Pipeline Verification
[36m(TaskRunner pid=3016838)[0m ========================================================================
[36m(TaskRunner pid=3016838)[0m   C          = 1  conditions: ['full']
[36m(TaskRunner pid=3016838)[0m   loss_mode  = gkd
[36m(TaskRunner pid=3016838)[0m   batch      = [B=4, T=1024]
[36m(TaskRunner pid=3016838)[0m   top_k      = 256
[36m(TaskRunner pid=3016838)[0m   exact_lp   = torch.Size([4, 1, 1024])  (None=tail-fallback)
[36m(TaskRunner pid=3016838)[0m   Student    = raw image + canonical question  (choices allowed, no XML)
[36m(TaskRunner pid=3016838)[0m   Teacher    = raw image + same canonical question  (no format bias)
[36m(TaskRunner pid=3016838)[0m   KL         = forward
[36m(TaskRunner pid=3016838)[0m   Objective  = forward KL on the full-image teacher distribution (pure distillation, no GRPO)
[36m(TaskRunner pid=3016838)[0m   Routing    = uniform over teacher-valid response tokens
[36m(TaskRunner pid=3016838)[0m   Update     = current rollout -> immediate teacher score -> actor backward
[36m(TaskRunner pid=3016838)[0m ========================================================================
[36m(WorkerDict pid=3120620)[0m INFO:2026-07-11 14:16:36,786:update_weights done, time cost: 0.64s
[36m(TaskRunner pid=3016838)[0m Training Progress:  77%|███████▋  | 23/30 [05:39<01:47, 15.31s/it]
[36m(TaskRunner pid=3016838)[0m WARNING:2026-07-11 14:16:44,763:========================================================================
[36m(TaskRunner pid=3016838)[0m WARNING:2026-07-11 14:16:44,763:  Qwen3-VL Online GKD Pipeline Verification
[36m(TaskRunner pid=3016838)[0m WARNING:2026-07-11 14:16:44,763:========================================================================
[36m(TaskRunner pid=3016838)[0m WARNING:2026-07-11 14:16:44,763:  C          = 1  conditions: ['full']
[36m(TaskRunner pid=3016838)[0m WARNING:2026-07-11 14:16:44,763:  loss_mode  = gkd
[36m(TaskRunner pid=3016838)[0m WARNING:2026-07-11 14:16:44,763:  batch      = [B=4, T=1024]
[36m(TaskRunner pid=3016838)[0m WARNING:2026-07-11 14:16:44,763:  top_k      = 256
[36m(TaskRunner pid=3016838)[0m WARNING:2026-07-11 14:16:44,763:  exact_lp   = torch.Size([4, 1, 1024])  (None=tail-fallback)
[36m(TaskRunner pid=3016838)[0m WARNING:2026-07-11 14:16:44,763:  Student    = raw image + canonical question  (choices allowed, no XML)
[36m(TaskRunner pid=3016838)[0m WARNING:2026-07-11 14:16:44,763:  Teacher    = raw image + same canonical question  (no format bias)
[36m(TaskRunner pid=3016838)[0m WARNING:2026-07-11 14:16:44,763:  KL         = forward
[36m(TaskRunner pid=3016838)[0m WARNING:2026-07-11 14:16:44,763:  Objective  = forward KL on the full-image teacher distribution (pure distillation, no GRPO)
[36m(TaskRunner pid=3016838)[0m WARNING:2026-07-11 14:16:44,763:  Routing    = uniform over teacher-valid response tokens
[36m(TaskRunner pid=3016838)[0m WARNING:2026-07-11 14:16:44,764:  Update     = current rollout -> immediate teacher score -> actor backward
[36m(TaskRunner pid=3016838)[0m WARNING:2026-07-11 14:16:44,764:========================================================================
[36m(TaskRunner pid=3016838)[0m ========================================================================
[36m(TaskRunner pid=3016838)[0m   Qwen3-VL Online GKD Pipeline Verification
[36m(TaskRunner pid=3016838)[0m ========================================================================
[36m(TaskRunner pid=3016838)[0m   C          = 1  conditions: ['full']
[36m(TaskRunner pid=3016838)[0m   loss_mode  = gkd
[36m(TaskRunner pid=3016838)[0m   batch      = [B=4, T=1024]
[36m(TaskRunner pid=3016838)[0m   top_k      = 256
[36m(TaskRunner pid=3016838)[0m   exact_lp   = torch.Size([4, 1, 1024])  (None=tail-fallback)
[36m(TaskRunner pid=3016838)[0m   Student    = raw image + canonical question  (choices allowed, no XML)
[36m(TaskRunner pid=3016838)[0m   Teacher    = raw image + same canonical question  (no format bias)
[36m(TaskRunner pid=3016838)[0m   KL         = forward
[36m(TaskRunner pid=3016838)[0m   Objective  = forward KL on the full-image teacher distribution (pure distillation, no GRPO)
[36m(TaskRunner pid=3016838)[0m   Routing    = uniform over teacher-valid response tokens
[36m(TaskRunner pid=3016838)[0m   Update     = current rollout -> immediate teacher score -> actor backward
[36m(TaskRunner pid=3016838)[0m ========================================================================
[36m(WorkerDict pid=3120620)[0m INFO:2026-07-11 14:16:48,882:update_weights done, time cost: 0.64s

[36m(TaskRunner pid=3016838)[0m Dumped generations to /inspire/hdd/global_user/mengweicheng-240108120092/lzy/projects/Dual-Track-OPD/runs/gkd_geometry3k/qwen3vl_geometry3k_gkd_concise_boxed_prompt_20260711_140550/rollouts/22.jsonl
[36m(TaskRunner pid=3016838)[0m step:22 - fc_opd/hook_loss:0.0 - fc_opd/hook_num_samples:4.0 - fc_opd/hook_active_weight:3244.0 - fc_opd/is_plain_gkd:1.0 - fc_opd/teacher_valid_ratio:1.0 - fc_opd/teacher_topk_mass_mean:0.9999699592590332 - fc_opd/teacher_eos_in_topk_ratio:0.013871762901544571 - fc_opd/teacher_eos_prob_lower_bound_mean:0.0006233258172869682 - fc_opd/teacher_first_eos_prob_lower_bound_mean:0.0 - fc_opd/rollout_first_token_eos_ratio:0.0 - fc_opd/online/loss:0.0 - fc_opd/online/num_samples:4.0 - global_seqlen/min:708 - global_seqlen/max:1461 - global_seqlen/minmax_diff:753 - global_seqlen/balanced_min:708 - global_seqlen/balanced_max:1461 - global_seqlen/mean:1034.0 - actor/entropy:0.4318690598011017 - perf/mfu/actor_infer:0 - actor/pg_loss:-0.2499997615814209 - actor/kl_loss:0.0 - actor/fc_opd_loss:0.12812138441950083 - actor/pg_clipfrac:0.0 - actor/ppo_kl:0.0 - actor/pg_clipfrac_lower:0.0 - actor/fc_opd_denominator:3244.0 - actor/fc_opd_dp_world_size:4.0 - actor/grad_norm:3.6858456134796143 - perf/mfu/actor:0.013837477063367349 - perf/max_memory_allocated_gb:21.354175567626953 - perf/max_memory_reserved_gb:25.873046875 - perf/cpu_memory_used_gb:170.22600555419922 - actor/lr:1e-06 - training/global_step:22 - training/epoch:0 - critic/score/mean:0.25 - critic/score/max:1.0 - critic/score/min:0.0 - critic/rewards/mean:0.25 - critic/rewards/max:1.0 - critic/rewards/min:0.0 - critic/advantages/mean:0.17909972369670868 - critic/advantages/max:0.9999990463256836 - critic/advantages/min:0.0 - critic/returns/mean:0.17909972369670868 - critic/returns/max:0.9999990463256836 - critic/returns/min:0.0 - response_length/mean:811.0 - response_length/max:1024.0 - response_length/min:581.0 - response_length/clip_ratio:0.5 - response_length_non_aborted/mean:811.0 - response_length_non_aborted/max:1024.0 - response_length_non_aborted/min:581.0 - response_length_non_aborted/clip_ratio:0.5 - response/aborted_ratio:0.0 - prompt_length/mean:223.0 - prompt_length/max:437.0 - prompt_length/min:94.0 - prompt_length/clip_ratio:0.0 - num_turns/min:2 - num_turns/max:2 - num_turns/mean:2.0 - timing_s/start_profile:5.455035716295242e-05 - timing_s/agent_loop/num_preempted/min:-1 - timing_s/agent_loop/num_preempted/max:-1 - timing_s/agent_loop/num_preempted/mean:-1.0 - timing_s/agent_loop/generate_sequences/min:2.8173576705157757 - timing_s/agent_loop/generate_sequences/max:4.944558206945658 - timing_s/agent_loop/generate_sequences/mean:3.9037150053773075 - timing_s/agent_loop/tool_calls/min:0.0 - timing_s/agent_loop/tool_calls/max:0.0 - timing_s/agent_loop/tool_calls/mean:0.0 - timing_s/agent_loop/slowest/generate_sequences:4.944558206945658 - timing_s/agent_loop/slowest/tool_calls:0.0 - timing_s/agent_loop/slowest/prompt_length:234 - timing_s/agent_loop/slowest/response_length:1024 - timing_s/agent_loop/slowest/num_preempted:-1 - timing_s/gen:5.8719107042998075 - timing_s/fc_opd:2.2765455497428775 - timing_s/reward:1.4478340744972229e-05 - timing_s/old_log_prob:0.6073907986283302 - timing_s/adv:0.000416044145822525 - timing_s/update_actor:2.082174798473716 - timing_s/update_weights:2.0889215357601643 - timing_s/dump_rollout_generations:0.0049347104504704475 - timing_s/step:12.939306903630495 - timing_s/stop_profile:4.5212917029857635e-05 - timing_per_token_ms/gen:1.8100834476879801 - timing_per_token_ms/adv:0.00010059094434780586 - timing_per_token_ms/update_actor:0.5034271756464497 - perf/total_num_tokens:4136 - perf/time_per_step:12.939306903630495 - perf/throughput:79.91154454415805
[36m(TaskRunner pid=3016838)[0m Dumped generations to /inspire/hdd/global_user/mengweicheng-240108120092/lzy/projects/Dual-Track-OPD/runs/gkd_geometry3k/qwen3vl_geometry3k_gkd_concise_boxed_prompt_20260711_140550/rollouts/23.jsonl
[36m(TaskRunner pid=3016838)[0m step:23 - fc_opd/hook_loss:0.0 - fc_opd/hook_num_samples:4.0 - fc_opd/hook_active_weight:4096.0 - fc_opd/is_plain_gkd:1.0 - fc_opd/teacher_valid_ratio:1.0 - fc_opd/teacher_topk_mass_mean:0.9999472498893738 - fc_opd/teacher_eos_in_topk_ratio:0.00390625 - fc_opd/teacher_eos_prob_lower_bound_mean:1.7364346405202014e-08 - fc_opd/teacher_first_eos_prob_lower_bound_mean:0.0 - fc_opd/rollout_first_token_eos_ratio:0.0 - fc_opd/online/loss:0.0 - fc_opd/online/num_samples:4.0 - global_seqlen/min:1126 - global_seqlen/max:1273 - global_seqlen/minmax_diff:147 - global_seqlen/balanced_min:1126 - global_seqlen/balanced_max:1273 - global_seqlen/mean:1172.5 - actor/entropy:0.6915400624275208 - perf/mfu/actor_infer:0 - actor/pg_loss:0.0 - actor/kl_loss:0.0 - actor/fc_opd_loss:0.18201688677072525 - actor/pg_clipfrac:0.0 - actor/ppo_kl:0.0 - actor/pg_clipfrac_lower:0.0 - actor/fc_opd_denominator:4096.0 - actor/fc_opd_dp_world_size:4.0 - actor/grad_norm:3.3390443325042725 - perf/mfu/actor:0.014167490639087392 - perf/max_memory_allocated_gb:21.354175567626953 - perf/max_memory_reserved_gb:25.873046875 - perf/cpu_memory_used_gb:169.5445737838745 - actor/lr:1e-06 - training/global_step:23 - training/epoch:0 - critic/score/mean:0.0 - critic/score/max:0.0 - critic/score/min:0.0 - critic/rewards/mean:0.0 - critic/rewards/max:0.0 - critic/rewards/min:0.0 - critic/advantages/mean:0.0 - critic/advantages/max:0.0 - critic/advantages/min:0.0 - critic/returns/mean:0.0 - critic/returns/max:0.0 - critic/returns/min:0.0 - response_length/mean:1024.0 - response_length/max:1024.0 - response_length/min:1024.0 - response_length/clip_ratio:1.0 - response_length_non_aborted/mean:1024.0 - response_length_non_aborted/max:1024.0 - response_length_non_aborted/min:1024.0 - response_length_non_aborted/clip_ratio:1.0 - response/aborted_ratio:0.0 - prompt_length/mean:148.5 - prompt_length/max:249.0 - prompt_length/min:102.0 - prompt_length/clip_ratio:0.0 - num_turns/min:2 - num_turns/max:2 - num_turns/mean:2.0 - timing_s/start_profile:6.892811506986618e-05 - timing_s/agent_loop/num_preempted/min:-1 - timing_s/agent_loop/num_preempted/max:-1 - timing_s/agent_loop/num_preempted/mean:-1.0 - timing_s/agent_loop/generate_sequences/min:4.851967382244766 - timing_s/agent_loop/generate_sequences/max:4.8934229565784335 - timing_s/agent_loop/generate_sequences/mean:4.876188940601423 - timing_s/agent_loop/tool_calls/min:0.0 - timing_s/agent_loop/tool_calls/max:0.0 - timing_s/agent_loop/tool_calls/mean:0.0 - timing_s/agent_loop/slowest/generate_sequences:4.8934229565784335 - timing_s/agent_loop/slowest/tool_calls:0.0 - timing_s/agent_loop/slowest/prompt_length:102 - timing_s/agent_loop/slowest/response_length:1024 - timing_s/agent_loop/slowest/num_preempted:-1 - timing_s/gen:5.9628611747175455 - timing_s/fc_opd:2.6538825249299407 - timing_s/reward:1.4253892004489899e-05 - timing_s/old_log_prob:0.6439964212477207 - timing_s/adv:0.0004177168011665344 - timing_s/update_actor:2.2379021970555186 - timing_s/update_weights:2.197632188908756 - timing_s/dump_rollout_generations:0.004775990732014179 - timing_s/step:13.705809694714844 - timing_s/stop_profile:4.7118403017520905e-05 - timing_per_token_ms/gen:1.4557766539837758 - timing_per_token_ms/adv:8.906541602697962e-05 - timing_per_token_ms/update_actor:0.4771646475598121 - perf/total_num_tokens:4690 - perf/time_per_step:13.705809694714844 - perf/throughput:85.54766380946707
[36m(TaskRunner pid=3016838)[0m Dumped generations to /inspire/hdd/global_user/mengweicheng-240108120092/lzy/projects/Dual-Track-OPD/runs/gkd_geometry3k/qwen3vl_geometry3k_gkd_concise_boxed_prompt_20260711_140550/rollouts/24.jsonl
[36m(TaskRunner pid=3016838)[0m step:24 - fc_opd/hook_loss:0.0 - fc_opd/hook_num_samples:4.0 - fc_opd/hook_active_weight:1873.0 - fc_opd/is_plain_gkd:1.0 - fc_opd/teacher_valid_ratio:1.0 - fc_opd/teacher_topk_mass_mean:0.9999806880950928 - fc_opd/teacher_eos_in_topk_ratio:0.020822210237383842 - fc_opd/teacher_eos_prob_lower_bound_mean:0.0015042595332488418 - fc_opd/teacher_first_eos_prob_lower_bound_mean:0.0 - fc_opd/rollout_first_token_eos_ratio:0.0 - fc_opd/online/loss:0.0 - fc_opd/online/num_samples:4.0 - global_seqlen/min:371 - global_seqlen/max:1226 - global_seqlen/minmax_diff:855 - global_seqlen/balanced_min:371 - global_seqlen/balanced_max:1226 - global_seqlen/mean:602.75 - actor/entropy:0.34917211532592773 - perf/mfu/actor_infer:0 - actor/pg_loss:-0.4999995231628418 - actor/kl_loss:0.0 - actor/fc_opd_loss:0.10177766438573599 - actor/pg_clipfrac:0.0 - actor/ppo_kl:0.0 - actor/pg_clipfrac_lower:0.0 - actor/fc_opd_denominator:1873.0 - actor/fc_opd_dp_world_size:4.0 - actor/grad_norm:3.418843984603882 - perf/mfu/actor:0.007922331377330524 - perf/max_memory_allocated_gb:21.354175567626953 - perf/max_memory_reserved_gb:25.873046875 - perf/cpu_memory_used_gb:169.557035446167 - actor/lr:1e-06 - training/global_step:24 - training/epoch:0 - critic/score/mean:0.5 - critic/score/max:1.0 - critic/score/min:0.0 - critic/rewards/mean:0.5 - critic/rewards/max:1.0 - critic/rewards/min:0.0 - critic/advantages/mean:0.3096633553504944 - critic/advantages/max:0.9999990463256836 - critic/advantages/min:0.0 - critic/returns/mean:0.3096633553504944 - critic/returns/max:0.9999990463256836 - critic/returns/min:0.0 - response_length/mean:468.25 - response_length/max:1024.0 - response_length/min:262.0 - response_length/clip_ratio:0.25 - response_length_non_aborted/mean:468.25 - response_length_non_aborted/max:1024.0 - response_length_non_aborted/min:262.0 - response_length_non_aborted/clip_ratio:0.25 - response/aborted_ratio:0.0 - prompt_length/mean:134.5 - prompt_length/max:202.0 - prompt_length/min:102.0 - prompt_length/clip_ratio:0.0 - num_turns/min:2 - num_turns/max:2 - num_turns/mean:2.0 - timing_s/start_profile:5.473010241985321e-05 - timing_s/agent_loop/num_preempted/min:-1 - timing_s/agent_loop/num_preempted/max:-1 - timing_s/agent_loop/num_preempted/mean:-1.0 - timing_s/agent_loop/generate_sequences/min:1.2650138000026345 - timing_s/agent_loop/generate_sequences/max:4.871640956029296 - timing_s/agent_loop/generate_sequences/mean:2.2419840777292848 - timing_s/agent_loop/tool_calls/min:0.0 - timing_s/agent_loop/tool_calls/max:0.0 - timing_s/agent_loop/tool_calls/mean:0.0 - timing_s/agent_loop/slowest/generate_sequences:4.871640956029296 - timing_s/agent_loop/slowest/tool_calls:0.0 - timing_s/agent_loop/slowest/prompt_length:202 - timing_s/agent_loop/slowest/response_length:1024 - timing_s/agent_loop/slowest/num_preempted:-1 - timing_s/gen:5.948546915315092 - timing_s/fc_opd:1.4667170504108071 - timing_s/reward:9.947456419467926e-06 - timing_s/old_log_prob:0.5829199282452464 - timing_s/adv:0.0003553992137312889 - timing_s/update_actor:2.061203571036458 - timing_s/update_weights:1.948647172190249 - timing_s/dump_rollout_generations:0.004327104426920414 - timing_s/step:12.01932209637016 - timing_s/stop_profile:4.181545227766037e-05 - timing_per_token_ms/gen:3.1759460306006897 - timing_per_token_ms/adv:0.00014740738852396886 - timing_per_token_ms/update_actor:0.8549164541835164 - perf/total_num_tokens:2411 - perf/time_per_step:12.01932209637016 - perf/throughput:50.1484189513509[36m(TaskRunner pid=3016838)[0m Training Progress:  80%|████████  | 24/30 [05:51<01:25, 14.32s/it]
[36m(TaskRunner pid=3016838)[0m WARNING:2026-07-11 14:16:57,283:========================================================================
[36m(TaskRunner pid=3016838)[0m WARNING:2026-07-11 14:16:57,283:  Qwen3-VL Online GKD Pipeline Verification
[36m(TaskRunner pid=3016838)[0m WARNING:2026-07-11 14:16:57,283:========================================================================
[36m(TaskRunner pid=3016838)[0m WARNING:2026-07-11 14:16:57,283:  C          = 1  conditions: ['full']
[36m(TaskRunner pid=3016838)[0m WARNING:2026-07-11 14:16:57,283:  loss_mode  = gkd
[36m(TaskRunner pid=3016838)[0m WARNING:2026-07-11 14:16:57,283:  batch      = [B=4, T=1024]
[36m(TaskRunner pid=3016838)[0m WARNING:2026-07-11 14:16:57,283:  top_k      = 256
[36m(TaskRunner pid=3016838)[0m WARNING:2026-07-11 14:16:57,283:  exact_lp   = torch.Size([4, 1, 1024])  (None=tail-fallback)
[36m(TaskRunner pid=3016838)[0m WARNING:2026-07-11 14:16:57,283:  Student    = raw image + canonical question  (choices allowed, no XML)
[36m(TaskRunner pid=3016838)[0m WARNING:2026-07-11 14:16:57,283:  Teacher    = raw image + same canonical question  (no format bias)
[36m(TaskRunner pid=3016838)[0m WARNING:2026-07-11 14:16:57,283:  KL         = forward
[36m(TaskRunner pid=3016838)[0m WARNING:2026-07-11 14:16:57,283:  Objective  = forward KL on the full-image teacher distribution (pure distillation, no GRPO)
[36m(TaskRunner pid=3016838)[0m WARNING:2026-07-11 14:16:57,283:  Routing    = uniform over teacher-valid response tokens
[36m(TaskRunner pid=3016838)[0m WARNING:2026-07-11 14:16:57,283:  Update     = current rollout -> immediate teacher score -> actor backward
[36m(TaskRunner pid=3016838)[0m WARNING:2026-07-11 14:16:57,283:========================================================================
[36m(TaskRunner pid=3016838)[0m ========================================================================
[36m(TaskRunner pid=3016838)[0m   Qwen3-VL Online GKD Pipeline Verification
[36m(TaskRunner pid=3016838)[0m ========================================================================
[36m(TaskRunner pid=3016838)[0m   C          = 1  conditions: ['full']
[36m(TaskRunner pid=3016838)[0m   loss_mode  = gkd
[36m(TaskRunner pid=3016838)[0m   batch      = [B=4, T=1024]
[36m(TaskRunner pid=3016838)[0m   top_k      = 256
[36m(TaskRunner pid=3016838)[0m   exact_lp   = torch.Size([4, 1, 1024])  (None=tail-fallback)
[36m(TaskRunner pid=3016838)[0m   Student    = raw image + canonical question  (choices allowed, no XML)
[36m(TaskRunner pid=3016838)[0m   Teacher    = raw image + same canonical question  (no format bias)
[36m(TaskRunner pid=3016838)[0m   KL         = forward
[36m(TaskRunner pid=3016838)[0m   Objective  = forward KL on the full-image teacher distribution (pure distillation, no GRPO)
[36m(TaskRunner pid=3016838)[0m   Routing    = uniform over teacher-valid response tokens
[36m(TaskRunner pid=3016838)[0m   Update     = current rollout -> immediate teacher score -> actor backward
[36m(TaskRunner pid=3016838)[0m ========================================================================
[36m(WorkerDict pid=3120620)[0m INFO:2026-07-11 14:17:02,233:update_weights done, time cost: 0.71s
[36m(TaskRunner pid=3016838)[0m Training Progress:  83%|████████▎ | 25/30 [06:05<01:10, 14.04s/it]
[36m(TaskRunner pid=3016838)[0m WARNING:2026-07-11 14:17:10,287:========================================================================
[36m(TaskRunner pid=3016838)[0m WARNING:2026-07-11 14:17:10,287:  Qwen3-VL Online GKD Pipeline Verification
[36m(TaskRunner pid=3016838)[0m WARNING:2026-07-11 14:17:10,287:========================================================================
[36m(TaskRunner pid=3016838)[0m WARNING:2026-07-11 14:17:10,287:  C          = 1  conditions: ['full']
[36m(TaskRunner pid=3016838)[0m WARNING:2026-07-11 14:17:10,287:  loss_mode  = gkd
[36m(TaskRunner pid=3016838)[0m WARNING:2026-07-11 14:17:10,287:  batch      = [B=4, T=1024]
[36m(TaskRunner pid=3016838)[0m WARNING:2026-07-11 14:17:10,287:  top_k      = 256
[36m(TaskRunner pid=3016838)[0m WARNING:2026-07-11 14:17:10,287:  exact_lp   = torch.Size([4, 1, 1024])  (None=tail-fallback)
[36m(TaskRunner pid=3016838)[0m WARNING:2026-07-11 14:17:10,287:  Student    = raw image + canonical question  (choices allowed, no XML)
[36m(TaskRunner pid=3016838)[0m WARNING:2026-07-11 14:17:10,287:  Teacher    = raw image + same canonical question  (no format bias)
[36m(TaskRunner pid=3016838)[0m WARNING:2026-07-11 14:17:10,287:  KL         = forward
[36m(TaskRunner pid=3016838)[0m WARNING:2026-07-11 14:17:10,287:  Objective  = forward KL on the full-image teacher distribution (pure distillation, no GRPO)
[36m(TaskRunner pid=3016838)[0m WARNING:2026-07-11 14:17:10,287:  Routing    = uniform over teacher-valid response tokens
[36m(TaskRunner pid=3016838)[0m WARNING:2026-07-11 14:17:10,287:  Update     = current rollout -> immediate teacher score -> actor backward
[36m(TaskRunner pid=3016838)[0m WARNING:2026-07-11 14:17:10,287:========================================================================
[36m(TaskRunner pid=3016838)[0m ========================================================================
[36m(TaskRunner pid=3016838)[0m   Qwen3-VL Online GKD Pipeline Verification
[36m(TaskRunner pid=3016838)[0m ========================================================================
[36m(TaskRunner pid=3016838)[0m   C          = 1  conditions: ['full']
[36m(TaskRunner pid=3016838)[0m   loss_mode  = gkd
[36m(TaskRunner pid=3016838)[0m   batch      = [B=4, T=1024]
[36m(TaskRunner pid=3016838)[0m   top_k      = 256
[36m(TaskRunner pid=3016838)[0m   exact_lp   = torch.Size([4, 1, 1024])  (None=tail-fallback)
[36m(TaskRunner pid=3016838)[0m   Student    = raw image + canonical question  (choices allowed, no XML)
[36m(TaskRunner pid=3016838)[0m   Teacher    = raw image + same canonical question  (no format bias)
[36m(TaskRunner pid=3016838)[0m   KL         = forward
[36m(TaskRunner pid=3016838)[0m   Objective  = forward KL on the full-image teacher distribution (pure distillation, no GRPO)
[36m(TaskRunner pid=3016838)[0m   Routing    = uniform over teacher-valid response tokens
[36m(TaskRunner pid=3016838)[0m   Update     = current rollout -> immediate teacher score -> actor backward
[36m(TaskRunner pid=3016838)[0m ========================================================================
[36m(WorkerDict pid=3120620)[0m INFO:2026-07-11 14:17:14,750:update_weights done, time cost: 0.66s
[36m(TaskRunner pid=3016838)[0m Training Progress:  87%|████████▋ | 26/30 [06:17<00:54, 13.62s/it]
[36m(TaskRunner pid=3016838)[0m WARNING:2026-07-11 14:17:22,841:========================================================================
[36m(TaskRunner pid=3016838)[0m WARNING:2026-07-11 14:17:22,842:  Qwen3-VL Online GKD Pipeline Verification
[36m(TaskRunner pid=3016838)[0m WARNING:2026-07-11 14:17:22,842:========================================================================
[36m(TaskRunner pid=3016838)[0m WARNING:2026-07-11 14:17:22,842:  C          = 1  conditions: ['full']
[36m(TaskRunner pid=3016838)[0m WARNING:2026-07-11 14:17:22,842:  loss_mode  = gkd
[36m(TaskRunner pid=3016838)[0m WARNING:2026-07-11 14:17:22,842:  batch      = [B=4, T=1024]
[36m(TaskRunner pid=3016838)[0m WARNING:2026-07-11 14:17:22,842:  top_k      = 256
[36m(TaskRunner pid=3016838)[0m WARNING:2026-07-11 14:17:22,842:  exact_lp   = torch.Size([4, 1, 1024])  (None=tail-fallback)
[36m(TaskRunner pid=3016838)[0m WARNING:2026-07-11 14:17:22,842:  Student    = raw image + canonical question  (choices allowed, no XML)
[36m(TaskRunner pid=3016838)[0m WARNING:2026-07-11 14:17:22,842:  Teacher    = raw image + same canonical question  (no format bias)
[36m(TaskRunner pid=3016838)[0m WARNING:2026-07-11 14:17:22,842:  KL         = forward
[36m(TaskRunner pid=3016838)[0m WARNING:2026-07-11 14:17:22,842:  Objective  = forward KL on the full-image teacher distribution (pure distillation, no GRPO)
[36m(TaskRunner pid=3016838)[0m WARNING:2026-07-11 14:17:22,842:  Routing    = uniform over teacher-valid response tokens
[36m(TaskRunner pid=3016838)[0m WARNING:2026-07-11 14:17:22,842:  Update     = current rollout -> immediate teacher score -> actor backward
[36m(TaskRunner pid=3016838)[0m WARNING:2026-07-11 14:17:22,842:========================================================================
[36m(TaskRunner pid=3016838)[0m ========================================================================
[36m(TaskRunner pid=3016838)[0m   Qwen3-VL Online GKD Pipeline Verification
[36m(TaskRunner pid=3016838)[0m ========================================================================
[36m(TaskRunner pid=3016838)[0m   C          = 1  conditions: ['full']
[36m(TaskRunner pid=3016838)[0m   loss_mode  = gkd
[36m(TaskRunner pid=3016838)[0m   batch      = [B=4, T=1024]
[36m(TaskRunner pid=3016838)[0m   top_k      = 256
[36m(TaskRunner pid=3016838)[0m   exact_lp   = torch.Size([4, 1, 1024])  (None=tail-fallback)
[36m(TaskRunner pid=3016838)[0m   Student    = raw image + canonical question  (choices allowed, no XML)
[36m(TaskRunner pid=3016838)[0m   Teacher    = raw image + same canonical question  (no format bias)
[36m(TaskRunner pid=3016838)[0m   KL         = forward
[36m(TaskRunner pid=3016838)[0m   Objective  = forward KL on the full-image teacher distribution (pure distillation, no GRPO)
[36m(TaskRunner pid=3016838)[0m   Routing    = uniform over teacher-valid response tokens
[36m(TaskRunner pid=3016838)[0m   Update     = current rollout -> immediate teacher score -> actor backward
[36m(TaskRunner pid=3016838)[0m ========================================================================
[36m(WorkerDict pid=3120620)[0m INFO:2026-07-11 14:17:27,270:update_weights done, time cost: 0.65s

[36m(TaskRunner pid=3016838)[0m Dumped generations to /inspire/hdd/global_user/mengweicheng-240108120092/lzy/projects/Dual-Track-OPD/runs/gkd_geometry3k/qwen3vl_geometry3k_gkd_concise_boxed_prompt_20260711_140550/rollouts/25.jsonl
[36m(TaskRunner pid=3016838)[0m step:25 - fc_opd/hook_loss:0.0 - fc_opd/hook_num_samples:4.0 - fc_opd/hook_active_weight:2283.0 - fc_opd/is_plain_gkd:1.0 - fc_opd/teacher_valid_ratio:1.0 - fc_opd/teacher_topk_mass_mean:0.9999691843986511 - fc_opd/teacher_eos_in_topk_ratio:0.01839684695005417 - fc_opd/teacher_eos_prob_lower_bound_mean:0.0013140450464561582 - fc_opd/teacher_first_eos_prob_lower_bound_mean:0.0 - fc_opd/rollout_first_token_eos_ratio:0.0 - fc_opd/online/loss:0.0 - fc_opd/online/num_samples:4.0 - global_seqlen/min:391 - global_seqlen/max:1368 - global_seqlen/minmax_diff:977 - global_seqlen/balanced_min:391 - global_seqlen/balanced_max:1368 - global_seqlen/mean:751.5 - actor/entropy:0.40034228563308716 - perf/mfu/actor_infer:0 - actor/pg_loss:-0.7499992996454239 - actor/kl_loss:0.0 - actor/fc_opd_loss:0.13353520911186934 - actor/pg_clipfrac:0.0 - actor/ppo_kl:0.0 - actor/pg_clipfrac_lower:0.0 - actor/fc_opd_denominator:2283.0 - actor/fc_opd_dp_world_size:4.0 - actor/grad_norm:3.656909227371216 - perf/mfu/actor:0.009064480590724826 - perf/max_memory_allocated_gb:21.354175567626953 - perf/max_memory_reserved_gb:25.873046875 - perf/cpu_memory_used_gb:169.5340394973755 - actor/lr:1e-06 - training/global_step:25 - training/epoch:0 - critic/score/mean:0.75 - critic/score/max:1.0 - critic/score/min:0.0 - critic/rewards/mean:0.75 - critic/rewards/max:1.0 - critic/rewards/min:0.0 - critic/advantages/mean:0.5514668822288513 - critic/advantages/max:0.9999990463256836 - critic/advantages/min:0.0 - critic/returns/mean:0.5514668822288513 - critic/returns/max:0.9999990463256836 - critic/returns/min:0.0 - response_length/mean:570.75 - response_length/max:1024.0 - response_length/min:254.0 - response_length/clip_ratio:0.25 - response_length_non_aborted/mean:570.75 - response_length_non_aborted/max:1024.0 - response_length_non_aborted/min:254.0 - response_length_non_aborted/clip_ratio:0.25 - response/aborted_ratio:0.0 - prompt_length/mean:180.75 - prompt_length/max:344.0 - prompt_length/min:106.0 - prompt_length/clip_ratio:0.0 - num_turns/min:2 - num_turns/max:2 - num_turns/mean:2.0 - timing_s/start_profile:5.665048956871033e-05 - timing_s/agent_loop/num_preempted/min:-1 - timing_s/agent_loop/num_preempted/max:-1 - timing_s/agent_loop/num_preempted/mean:-1.0 - timing_s/agent_loop/generate_sequences/min:1.2419300433248281 - timing_s/agent_loop/generate_sequences/max:4.910625203512609 - timing_s/agent_loop/generate_sequences/mean:2.7436212396714836 - timing_s/agent_loop/tool_calls/min:0.0 - timing_s/agent_loop/tool_calls/max:0.0 - timing_s/agent_loop/tool_calls/mean:0.0 - timing_s/agent_loop/slowest/generate_sequences:4.910625203512609 - timing_s/agent_loop/slowest/tool_calls:0.0 - timing_s/agent_loop/slowest/prompt_length:344 - timing_s/agent_loop/slowest/response_length:1024 - timing_s/agent_loop/slowest/num_preempted:-1 - timing_s/gen:6.162353121675551 - timing_s/fc_opd:1.7453523566946387 - timing_s/reward:1.987908035516739e-05 - timing_s/old_log_prob:0.6016420954838395 - timing_s/adv:0.00040913932025432587 - timing_s/update_actor:2.3010564940050244 - timing_s/update_weights:2.5664550848305225 - timing_s/dump_rollout_generations:0.004456566646695137 - timing_s/step:13.388904064893723 - timing_s/stop_profile:4.086736589670181e-05 - timing_per_token_ms/gen:2.6992348320961677 - timing_per_token_ms/adv:0.00013610755830150562 - timing_per_token_ms/update_actor:0.7654878556237606 - perf/total_num_tokens:3006 - perf/time_per_step:13.388904064893723 - perf/throughput:56.12856708492408
[36m(TaskRunner pid=3016838)[0m Dumped generations to /inspire/hdd/global_user/mengweicheng-240108120092/lzy/projects/Dual-Track-OPD/runs/gkd_geometry3k/qwen3vl_geometry3k_gkd_concise_boxed_prompt_20260711_140550/rollouts/26.jsonl
[36m(TaskRunner pid=3016838)[0m step:26 - fc_opd/hook_loss:0.0 - fc_opd/hook_num_samples:4.0 - fc_opd/hook_active_weight:2191.0 - fc_opd/is_plain_gkd:1.0 - fc_opd/teacher_valid_ratio:1.0 - fc_opd/teacher_topk_mass_mean:0.9999899864196777 - fc_opd/teacher_eos_in_topk_ratio:0.012323140166699886 - fc_opd/teacher_eos_prob_lower_bound_mean:0.001369100296869874 - fc_opd/teacher_first_eos_prob_lower_bound_mean:0.0 - fc_opd/rollout_first_token_eos_ratio:0.0 - fc_opd/online/loss:0.0 - fc_opd/online/num_samples:4.0 - global_seqlen/min:282 - global_seqlen/max:1160 - global_seqlen/minmax_diff:878 - global_seqlen/balanced_min:282 - global_seqlen/balanced_max:1160 - global_seqlen/mean:663.75 - actor/entropy:0.32221922278404236 - perf/mfu/actor_infer:0 - actor/pg_loss:-0.2499997466802597 - actor/kl_loss:0.0 - actor/fc_opd_loss:0.10603338154032826 - actor/pg_clipfrac:0.0 - actor/ppo_kl:0.0 - actor/pg_clipfrac_lower:0.0 - actor/fc_opd_denominator:2191.0 - actor/fc_opd_dp_world_size:4.0 - actor/grad_norm:3.0011258125305176 - perf/mfu/actor:0.008445119662167242 - perf/max_memory_allocated_gb:21.354175567626953 - perf/max_memory_reserved_gb:25.873046875 - perf/cpu_memory_used_gb:169.44590759277344 - actor/lr:1e-06 - training/global_step:26 - training/epoch:0 - critic/score/mean:0.25 - critic/score/max:1.0 - critic/score/min:0.0 - critic/rewards/mean:0.25 - critic/rewards/max:1.0 - critic/rewards/min:0.0 - critic/advantages/mean:0.19534440338611603 - critic/advantages/max:0.9999990463256836 - critic/advantages/min:0.0 - critic/returns/mean:0.19534440338611603 - critic/returns/max:0.9999990463256836 - critic/returns/min:0.0 - response_length/mean:547.75 - response_length/max:1024.0 - response_length/min:192.0 - response_length/clip_ratio:0.25 - response_length_non_aborted/mean:547.75 - response_length_non_aborted/max:1024.0 - response_length_non_aborted/min:192.0 - response_length_non_aborted/clip_ratio:0.25 - response/aborted_ratio:0.0 - prompt_length/mean:116.0 - prompt_length/max:136.0 - prompt_length/min:90.0 - prompt_length/clip_ratio:0.0 - num_turns/min:2 - num_turns/max:2 - num_turns/mean:2.0 - timing_s/start_profile:7.490348070859909e-05 - timing_s/agent_loop/num_preempted/min:-1 - timing_s/agent_loop/num_preempted/max:-1 - timing_s/agent_loop/num_preempted/mean:-1.0 - timing_s/agent_loop/generate_sequences/min:0.956132709980011 - timing_s/agent_loop/generate_sequences/max:4.898425684310496 - timing_s/agent_loop/generate_sequences/mean:2.6415359207894653 - timing_s/agent_loop/tool_calls/min:0.0 - timing_s/agent_loop/tool_calls/max:0.0 - timing_s/agent_loop/tool_calls/mean:0.0 - timing_s/agent_loop/slowest/generate_sequences:4.898425684310496 - timing_s/agent_loop/slowest/tool_calls:0.0 - timing_s/agent_loop/slowest/prompt_length:136 - timing_s/agent_loop/slowest/response_length:1024 - timing_s/agent_loop/slowest/num_preempted:-1 - timing_s/gen:5.924208270385861 - timing_s/fc_opd:1.5900495676323771 - timing_s/reward:1.4505349099636078e-05 - timing_s/old_log_prob:0.6127903675660491 - timing_s/adv:0.0004073651507496834 - timing_s/update_actor:2.1022312557324767 - timing_s/update_weights:2.3718819655478 - timing_s/dump_rollout_generations:0.004633096046745777 - timing_s/step:12.610443361103535 - timing_s/stop_profile:4.5515596866607666e-05 - timing_per_token_ms/gen:2.7038832817826846 - timing_per_token_ms/adv:0.00015343320178895796 - timing_per_token_ms/update_actor:0.791800849616752 - perf/total_num_tokens:2655 - perf/time_per_step:12.610443361103535 - perf/throughput:52.63494557592744
[36m(TaskRunner pid=3016838)[0m Dumped generations to /inspire/hdd/global_user/mengweicheng-240108120092/lzy/projects/Dual-Track-OPD/runs/gkd_geometry3k/qwen3vl_geometry3k_gkd_concise_boxed_prompt_20260711_140550/rollouts/27.jsonl
[36m(TaskRunner pid=3016838)[0m step:27 - fc_opd/hook_loss:0.0 - fc_opd/hook_num_samples:4.0 - fc_opd/hook_active_weight:1758.0 - fc_opd/is_plain_gkd:1.0 - fc_opd/teacher_valid_ratio:1.0 - fc_opd/teacher_topk_mass_mean:0.9999603033065796 - fc_opd/teacher_eos_in_topk_ratio:0.019340159371495247 - fc_opd/teacher_eos_prob_lower_bound_mean:0.0011625495972111821 - fc_opd/teacher_first_eos_prob_lower_bound_mean:0.0 - fc_opd/rollout_first_token_eos_ratio:0.0 - fc_opd/online/loss:0.0 - fc_opd/online/num_samples:4.0 - global_seqlen/min:247 - global_seqlen/max:1299 - global_seqlen/minmax_diff:1052 - global_seqlen/balanced_min:247 - global_seqlen/balanced_max:1299 - global_seqlen/mean:604.5 - actor/entropy:0.5815586447715759 - perf/mfu/actor_infer:0 - actor/pg_loss:-0.7499992847442627 - actor/kl_loss:0.0 - actor/fc_opd_loss:0.1340647884644568 - actor/pg_clipfrac:0.0 - actor/ppo_kl:0.0 - actor/pg_clipfrac_lower:0.0 - actor/fc_opd_denominator:1758.0 - actor/fc_opd_dp_world_size:4.0 - actor/grad_norm:3.707127809524536 - perf/mfu/actor:0.008024444891419987 - perf/max_memory_allocated_gb:21.354175567626953 - perf/max_memory_reserved_gb:25.873046875 - perf/cpu_memory_used_gb:169.48923110961914 - actor/lr:1e-06 - training/global_step:27 - training/epoch:0 - critic/score/mean:0.75 - critic/score/max:1.0 - critic/score/min:0.0 - critic/rewards/mean:0.75 - critic/rewards/max:1.0 - critic/rewards/min:0.0 - critic/advantages/mean:0.4175194799900055 - critic/advantages/max:0.9999990463256836 - critic/advantages/min:0.0 - critic/returns/mean:0.4175194799900055 - critic/returns/max:0.9999990463256836 - critic/returns/min:0.0 - response_length/mean:439.5 - response_length/max:1024.0 - response_length/min:141.0 - response_length/clip_ratio:0.25 - response_length_non_aborted/mean:439.5 - response_length_non_aborted/max:1024.0 - response_length_non_aborted/min:141.0 - response_length_non_aborted/clip_ratio:0.25 - response/aborted_ratio:0.0 - prompt_length/mean:165.0 - prompt_length/max:275.0 - prompt_length/min:106.0 - prompt_length/clip_ratio:0.0 - num_turns/min:2 - num_turns/max:2 - num_turns/mean:2.0 - timing_s/start_profile:5.462672561407089e-05 - timing_s/agent_loop/num_preempted/min:-1 - timing_s/agent_loop/num_preempted/max:-1 - timing_s/agent_loop/num_preempted/mean:-1.0 - timing_s/agent_loop/generate_sequences/min:0.6959818582981825 - timing_s/agent_loop/generate_sequences/max:4.899170185439289 - timing_s/agent_loop/generate_sequences/mean:2.124236725270748 - timing_s/agent_loop/tool_calls/min:0.0 - timing_s/agent_loop/tool_calls/max:0.0 - timing_s/agent_loop/tool_calls/mean:0.0 - timing_s/agent_loop/slowest/generate_sequences:4.899170185439289 - timing_s/agent_loop/slowest/tool_calls:0.0 - timing_s/agent_loop/slowest/prompt_length:275 - timing_s/agent_loop/slowest/response_length:1024 - timing_s/agent_loop/slowest/num_preempted:-1 - timing_s/gen:5.925221603363752 - timing_s/fc_opd:1.5264233341440558 - timing_s/reward:1.248437911272049e-05 - timing_s/old_log_prob:0.5924459379166365 - timing_s/adv:0.0003619743511080742 - timing_s/update_actor:2.0948791345581412 - timing_s/update_weights:2.297782976180315 - timing_s/dump_rollout_generations:0.004539321176707745 - timing_s/step:12.448716747574508 - timing_s/stop_profile:4.1835010051727295e-05 - timing_per_token_ms/gen:3.370433221481088 - timing_per_token_ms/adv:0.0001496998970670282 - timing_per_token_ms/update_actor:0.8663685420008855 - perf/total_num_tokens:2418 - perf/time_per_step:12.448716747574508 - perf/throughput:48.559221987099995[36m(TaskRunner pid=3016838)[0m Training Progress:  90%|█████████ | 27/30 [06:30<00:39, 13.27s/it]
[36m(TaskRunner pid=3016838)[0m WARNING:2026-07-11 14:17:36,166:========================================================================
[36m(TaskRunner pid=3016838)[0m WARNING:2026-07-11 14:17:36,167:  Qwen3-VL Online GKD Pipeline Verification
[36m(TaskRunner pid=3016838)[0m WARNING:2026-07-11 14:17:36,167:========================================================================
[36m(TaskRunner pid=3016838)[0m WARNING:2026-07-11 14:17:36,167:  C          = 1  conditions: ['full']
[36m(TaskRunner pid=3016838)[0m WARNING:2026-07-11 14:17:36,167:  loss_mode  = gkd
[36m(TaskRunner pid=3016838)[0m WARNING:2026-07-11 14:17:36,167:  batch      = [B=4, T=1024]
[36m(TaskRunner pid=3016838)[0m WARNING:2026-07-11 14:17:36,167:  top_k      = 256
[36m(TaskRunner pid=3016838)[0m WARNING:2026-07-11 14:17:36,167:  exact_lp   = torch.Size([4, 1, 1024])  (None=tail-fallback)
[36m(TaskRunner pid=3016838)[0m WARNING:2026-07-11 14:17:36,167:  Student    = raw image + canonical question  (choices allowed, no XML)
[36m(TaskRunner pid=3016838)[0m WARNING:2026-07-11 14:17:36,167:  Teacher    = raw image + same canonical question  (no format bias)
[36m(TaskRunner pid=3016838)[0m WARNING:2026-07-11 14:17:36,167:  KL         = forward
[36m(TaskRunner pid=3016838)[0m WARNING:2026-07-11 14:17:36,167:  Objective  = forward KL on the full-image teacher distribution (pure distillation, no GRPO)
[36m(TaskRunner pid=3016838)[0m WARNING:2026-07-11 14:17:36,167:  Routing    = uniform over teacher-valid response tokens
[36m(TaskRunner pid=3016838)[0m WARNING:2026-07-11 14:17:36,167:  Update     = current rollout -> immediate teacher score -> actor backward
[36m(TaskRunner pid=3016838)[0m WARNING:2026-07-11 14:17:36,167:========================================================================
[36m(TaskRunner pid=3016838)[0m ========================================================================
[36m(TaskRunner pid=3016838)[0m   Qwen3-VL Online GKD Pipeline Verification
[36m(TaskRunner pid=3016838)[0m ========================================================================
[36m(TaskRunner pid=3016838)[0m   C          = 1  conditions: ['full']
[36m(TaskRunner pid=3016838)[0m   loss_mode  = gkd
[36m(TaskRunner pid=3016838)[0m   batch      = [B=4, T=1024]
[36m(TaskRunner pid=3016838)[0m   top_k      = 256
[36m(TaskRunner pid=3016838)[0m   exact_lp   = torch.Size([4, 1, 1024])  (None=tail-fallback)
[36m(TaskRunner pid=3016838)[0m   Student    = raw image + canonical question  (choices allowed, no XML)
[36m(TaskRunner pid=3016838)[0m   Teacher    = raw image + same canonical question  (no format bias)
[36m(TaskRunner pid=3016838)[0m   KL         = forward
[36m(TaskRunner pid=3016838)[0m   Objective  = forward KL on the full-image teacher distribution (pure distillation, no GRPO)
[36m(TaskRunner pid=3016838)[0m   Routing    = uniform over teacher-valid response tokens
[36m(TaskRunner pid=3016838)[0m   Update     = current rollout -> immediate teacher score -> actor backward
[36m(TaskRunner pid=3016838)[0m ========================================================================
[36m(WorkerDict pid=3120620)[0m INFO:2026-07-11 14:17:40,837:update_weights done, time cost: 0.72s
[36m(TaskRunner pid=3016838)[0m Training Progress:  93%|█████████▎| 28/30 [06:43<00:26, 13.35s/it]
[36m(TaskRunner pid=3016838)[0m WARNING:2026-07-11 14:17:45,550:========================================================================
[36m(TaskRunner pid=3016838)[0m WARNING:2026-07-11 14:17:45,550:  Qwen3-VL Online GKD Pipeline Verification
[36m(TaskRunner pid=3016838)[0m WARNING:2026-07-11 14:17:45,550:========================================================================
[36m(TaskRunner pid=3016838)[0m WARNING:2026-07-11 14:17:45,550:  C          = 1  conditions: ['full']
[36m(TaskRunner pid=3016838)[0m WARNING:2026-07-11 14:17:45,550:  loss_mode  = gkd
[36m(TaskRunner pid=3016838)[0m WARNING:2026-07-11 14:17:45,550:  batch      = [B=4, T=1024]
[36m(TaskRunner pid=3016838)[0m WARNING:2026-07-11 14:17:45,550:  top_k      = 256
[36m(TaskRunner pid=3016838)[0m WARNING:2026-07-11 14:17:45,550:  exact_lp   = torch.Size([4, 1, 1024])  (None=tail-fallback)
[36m(TaskRunner pid=3016838)[0m WARNING:2026-07-11 14:17:45,550:  Student    = raw image + canonical question  (choices allowed, no XML)
[36m(TaskRunner pid=3016838)[0m WARNING:2026-07-11 14:17:45,550:  Teacher    = raw image + same canonical question  (no format bias)
[36m(TaskRunner pid=3016838)[0m WARNING:2026-07-11 14:17:45,550:  KL         = forward
[36m(TaskRunner pid=3016838)[0m WARNING:2026-07-11 14:17:45,550:  Objective  = forward KL on the full-image teacher distribution (pure distillation, no GRPO)
[36m(TaskRunner pid=3016838)[0m WARNING:2026-07-11 14:17:45,550:  Routing    = uniform over teacher-valid response tokens
[36m(TaskRunner pid=3016838)[0m WARNING:2026-07-11 14:17:45,550:  Update     = current rollout -> immediate teacher score -> actor backward
[36m(TaskRunner pid=3016838)[0m WARNING:2026-07-11 14:17:45,550:========================================================================
[36m(TaskRunner pid=3016838)[0m ========================================================================
[36m(TaskRunner pid=3016838)[0m   Qwen3-VL Online GKD Pipeline Verification
[36m(TaskRunner pid=3016838)[0m ========================================================================
[36m(TaskRunner pid=3016838)[0m   C          = 1  conditions: ['full']
[36m(TaskRunner pid=3016838)[0m   loss_mode  = gkd
[36m(TaskRunner pid=3016838)[0m   batch      = [B=4, T=1024]
[36m(TaskRunner pid=3016838)[0m   top_k      = 256
[36m(TaskRunner pid=3016838)[0m   exact_lp   = torch.Size([4, 1, 1024])  (None=tail-fallback)
[36m(TaskRunner pid=3016838)[0m   Student    = raw image + canonical question  (choices allowed, no XML)
[36m(TaskRunner pid=3016838)[0m   Teacher    = raw image + same canonical question  (no format bias)
[36m(TaskRunner pid=3016838)[0m   KL         = forward
[36m(TaskRunner pid=3016838)[0m   Objective  = forward KL on the full-image teacher distribution (pure distillation, no GRPO)
[36m(TaskRunner pid=3016838)[0m   Routing    = uniform over teacher-valid response tokens
[36m(TaskRunner pid=3016838)[0m   Update     = current rollout -> immediate teacher score -> actor backward
[36m(TaskRunner pid=3016838)[0m ========================================================================
[36m(WorkerDict pid=3120620)[0m INFO:2026-07-11 14:17:49,794:update_weights done, time cost: 0.62s
[36m(TaskRunner pid=3016838)[0m Training Progress:  97%|█████████▋| 29/30 [06:52<00:12, 12.03s/it]
[36m(TaskRunner pid=3016838)[0m WARNING:2026-07-11 14:17:58,251:========================================================================
[36m(TaskRunner pid=3016838)[0m WARNING:2026-07-11 14:17:58,252:  Qwen3-VL Online GKD Pipeline Verification
[36m(TaskRunner pid=3016838)[0m WARNING:2026-07-11 14:17:58,252:========================================================================
[36m(TaskRunner pid=3016838)[0m WARNING:2026-07-11 14:17:58,252:  C          = 1  conditions: ['full']
[36m(TaskRunner pid=3016838)[0m WARNING:2026-07-11 14:17:58,252:  loss_mode  = gkd
[36m(TaskRunner pid=3016838)[0m WARNING:2026-07-11 14:17:58,252:  batch      = [B=4, T=1024]
[36m(TaskRunner pid=3016838)[0m WARNING:2026-07-11 14:17:58,252:  top_k      = 256
[36m(TaskRunner pid=3016838)[0m WARNING:2026-07-11 14:17:58,252:  exact_lp   = torch.Size([4, 1, 1024])  (None=tail-fallback)
[36m(TaskRunner pid=3016838)[0m WARNING:2026-07-11 14:17:58,252:  Student    = raw image + canonical question  (choices allowed, no XML)
[36m(TaskRunner pid=3016838)[0m WARNING:2026-07-11 14:17:58,252:  Teacher    = raw image + same canonical question  (no format bias)
[36m(TaskRunner pid=3016838)[0m WARNING:2026-07-11 14:17:58,252:  KL         = forward
[36m(TaskRunner pid=3016838)[0m WARNING:2026-07-11 14:17:58,252:  Objective  = forward KL on the full-image teacher distribution (pure distillation, no GRPO)
[36m(TaskRunner pid=3016838)[0m WARNING:2026-07-11 14:17:58,252:  Routing    = uniform over teacher-valid response tokens
[36m(TaskRunner pid=3016838)[0m WARNING:2026-07-11 14:17:58,252:  Update     = current rollout -> immediate teacher score -> actor backward
[36m(TaskRunner pid=3016838)[0m WARNING:2026-07-11 14:17:58,252:========================================================================
[36m(TaskRunner pid=3016838)[0m ========================================================================
[36m(TaskRunner pid=3016838)[0m   Qwen3-VL Online GKD Pipeline Verification
[36m(TaskRunner pid=3016838)[0m ========================================================================
[36m(TaskRunner pid=3016838)[0m   C          = 1  conditions: ['full']
[36m(TaskRunner pid=3016838)[0m   loss_mode  = gkd
[36m(TaskRunner pid=3016838)[0m   batch      = [B=4, T=1024]
[36m(TaskRunner pid=3016838)[0m   top_k      = 256
[36m(TaskRunner pid=3016838)[0m   exact_lp   = torch.Size([4, 1, 1024])  (None=tail-fallback)
[36m(TaskRunner pid=3016838)[0m   Student    = raw image + canonical question  (choices allowed, no XML)
[36m(TaskRunner pid=3016838)[0m   Teacher    = raw image + same canonical question  (no format bias)
[36m(TaskRunner pid=3016838)[0m   KL         = forward
[36m(TaskRunner pid=3016838)[0m   Objective  = forward KL on the full-image teacher distribution (pure distillation, no GRPO)
[36m(TaskRunner pid=3016838)[0m   Routing    = uniform over teacher-valid response tokens
[36m(TaskRunner pid=3016838)[0m   Update     = current rollout -> immediate teacher score -> actor backward
[36m(TaskRunner pid=3016838)[0m ========================================================================
[36m(WorkerDict pid=3120655)[0m INFO:2026-07-11 14:18:03,980:[Rank 3] Saved model to /inspire/hdd/global_user/mengweicheng-240108120092/lzy/projects/Dual-Track-OPD/checkpoints/gkd_geometry3k/qwen3vl_geometry3k_gkd_concise_boxed_prompt_20260711_140550/global_step_30/actor/model_world_size_4_rank_3.pt
[36m(WorkerDict pid=3120655)[0m INFO:2026-07-11 14:18:09,637:[Rank 3] Saved optim to /inspire/hdd/global_user/mengweicheng-240108120092/lzy/projects/Dual-Track-OPD/checkpoints/gkd_geometry3k/qwen3vl_geometry3k_gkd_concise_boxed_prompt_20260711_140550/global_step_30/actor/optim_world_size_4_rank_3.pt
[36m(WorkerDict pid=3120655)[0m INFO:2026-07-11 14:18:09,640:[Rank 3] Saved extra_state to /inspire/hdd/global_user/mengweicheng-240108120092/lzy/projects/Dual-Track-OPD/checkpoints/gkd_geometry3k/qwen3vl_geometry3k_gkd_concise_boxed_prompt_20260711_140550/global_step_30/actor/extra_state_world_size_4_rank_3.pt
[36m(WorkerDict pid=3120620)[0m INFO:2026-07-11 14:18:04,056:[Rank 0] Saved model to /inspire/hdd/global_user/mengweicheng-240108120092/lzy/projects/Dual-Track-OPD/checkpoints/gkd_geometry3k/qwen3vl_geometry3k_gkd_concise_boxed_prompt_20260711_140550/global_step_30/actor/model_world_size_4_rank_0.pt[32m [repeated 3x across cluster][0m
[36m(WorkerDict pid=3120620)[0m INFO:2026-07-11 14:18:10,304:[Rank 0] Saved model config and tokenizer class to /inspire/hdd/global_user/mengweicheng-240108120092/lzy/projects/Dual-Track-OPD/checkpoints/gkd_geometry3k/qwen3vl_geometry3k_gkd_concise_boxed_prompt_20260711_140550/global_step_30/actor/huggingface
[36m(WorkerDict pid=3120620)[0m INFO:2026-07-11 14:18:12,190:update_weights done, time cost: 0.78s

[36m(TaskRunner pid=3016838)[0m Dumped generations to /inspire/hdd/global_user/mengweicheng-240108120092/lzy/projects/Dual-Track-OPD/runs/gkd_geometry3k/qwen3vl_geometry3k_gkd_concise_boxed_prompt_20260711_140550/rollouts/28.jsonl
[36m(TaskRunner pid=3016838)[0m step:28 - fc_opd/hook_loss:0.0 - fc_opd/hook_num_samples:4.0 - fc_opd/hook_active_weight:3301.0 - fc_opd/is_plain_gkd:1.0 - fc_opd/teacher_valid_ratio:1.0 - fc_opd/teacher_topk_mass_mean:0.9999545812606812 - fc_opd/teacher_eos_in_topk_ratio:0.007876400835812092 - fc_opd/teacher_eos_prob_lower_bound_mean:0.0003013534296769649 - fc_opd/teacher_first_eos_prob_lower_bound_mean:0.0 - fc_opd/rollout_first_token_eos_ratio:0.0 - fc_opd/online/loss:0.0 - fc_opd/online/num_samples:4.0 - global_seqlen/min:328 - global_seqlen/max:1385 - global_seqlen/minmax_diff:1057 - global_seqlen/balanced_min:328 - global_seqlen/balanced_max:1385 - global_seqlen/mean:1008.5 - actor/entropy:0.6160791516304016 - perf/mfu/actor_infer:0 - actor/pg_loss:0.0 - actor/kl_loss:0.0 - actor/fc_opd_loss:0.17825751565396786 - actor/pg_clipfrac:0.0 - actor/ppo_kl:0.0 - actor/pg_clipfrac_lower:0.0 - actor/fc_opd_denominator:3301.0 - actor/fc_opd_dp_world_size:4.0 - actor/grad_norm:3.783022165298462 - perf/mfu/actor:0.012920576105482329 - perf/max_memory_allocated_gb:21.354175567626953 - perf/max_memory_reserved_gb:25.873046875 - perf/cpu_memory_used_gb:169.43950271606445 - actor/lr:1e-06 - training/global_step:28 - training/epoch:0 - critic/score/mean:0.0 - critic/score/max:0.0 - critic/score/min:0.0 - critic/rewards/mean:0.0 - critic/rewards/max:0.0 - critic/rewards/min:0.0 - critic/advantages/mean:0.0 - critic/advantages/max:0.0 - critic/advantages/min:0.0 - critic/returns/mean:0.0 - critic/returns/max:0.0 - critic/returns/min:0.0 - response_length/mean:825.25 - response_length/max:1024.0 - response_length/min:229.0 - response_length/clip_ratio:0.75 - response_length_non_aborted/mean:825.25 - response_length_non_aborted/max:1024.0 - response_length_non_aborted/min:229.0 - response_length_non_aborted/clip_ratio:0.75 - response/aborted_ratio:0.0 - prompt_length/mean:183.25 - prompt_length/max:361.0 - prompt_length/min:88.0 - prompt_length/clip_ratio:0.0 - num_turns/min:2 - num_turns/max:2 - num_turns/mean:2.0 - timing_s/start_profile:6.143935024738312e-05 - timing_s/agent_loop/num_preempted/min:-1 - timing_s/agent_loop/num_preempted/max:-1 - timing_s/agent_loop/num_preempted/mean:-1.0 - timing_s/agent_loop/generate_sequences/min:1.1150505179539323 - timing_s/agent_loop/generate_sequences/max:4.947226804681122 - timing_s/agent_loop/generate_sequences/mean:3.959022785536945 - timing_s/agent_loop/tool_calls/min:0.0 - timing_s/agent_loop/tool_calls/max:0.0 - timing_s/agent_loop/tool_calls/mean:0.0 - timing_s/agent_loop/slowest/generate_sequences:4.947226804681122 - timing_s/agent_loop/slowest/tool_calls:0.0 - timing_s/agent_loop/slowest/prompt_length:361 - timing_s/agent_loop/slowest/response_length:1024 - timing_s/agent_loop/slowest/num_preempted:-1 - timing_s/gen:6.021858927793801 - timing_s/fc_opd:2.2958139115944505 - timing_s/reward:1.825578510761261e-05 - timing_s/old_log_prob:0.6362654073163867 - timing_s/adv:0.0003916742280125618 - timing_s/update_actor:2.139260700903833 - timing_s/update_weights:2.413876228965819 - timing_s/dump_rollout_generations:0.00470000971108675 - timing_s/step:13.516531744971871 - timing_s/stop_profile:4.1375868022441864e-05 - timing_per_token_ms/gen:1.8242529317763712 - timing_per_token_ms/adv:9.709326425695632e-05 - timing_per_token_ms/update_actor:0.5303075609578168 - perf/total_num_tokens:4034 - perf/time_per_step:13.516531744971871 - perf/throughput:74.61233539995646
[36m(TaskRunner pid=3016838)[0m Dumped generations to /inspire/hdd/global_user/mengweicheng-240108120092/lzy/projects/Dual-Track-OPD/runs/gkd_geometry3k/qwen3vl_geometry3k_gkd_concise_boxed_prompt_20260711_140550/rollouts/29.jsonl
[36m(TaskRunner pid=3016838)[0m step:29 - fc_opd/hook_loss:0.0 - fc_opd/hook_num_samples:4.0 - fc_opd/hook_active_weight:1190.0 - fc_opd/is_plain_gkd:1.0 - fc_opd/teacher_valid_ratio:1.0 - fc_opd/teacher_topk_mass_mean:0.9999894499778748 - fc_opd/teacher_eos_in_topk_ratio:0.03613445535302162 - fc_opd/teacher_eos_prob_lower_bound_mean:0.0033564860932528973 - fc_opd/teacher_first_eos_prob_lower_bound_mean:0.0 - fc_opd/rollout_first_token_eos_ratio:0.0 - fc_opd/online/loss:0.0 - fc_opd/online/num_samples:4.0 - global_seqlen/min:376 - global_seqlen/max:652 - global_seqlen/minmax_diff:276 - global_seqlen/balanced_min:376 - global_seqlen/balanced_max:652 - global_seqlen/mean:459.75 - actor/entropy:0.30602020025253296 - perf/mfu/actor_infer:0 - actor/pg_loss:-0.9999990463256836 - actor/kl_loss:0.0 - actor/fc_opd_loss:0.1069954726845026 - actor/pg_clipfrac:0.0 - actor/ppo_kl:0.0 - actor/pg_clipfrac_lower:0.0 - actor/fc_opd_denominator:1190.0 - actor/fc_opd_dp_world_size:4.0 - actor/grad_norm:5.05244255065918 - perf/mfu/actor:0.006191145575143231 - perf/max_memory_allocated_gb:21.354175567626953 - perf/max_memory_reserved_gb:25.873046875 - perf/cpu_memory_used_gb:169.40286827087402 - actor/lr:1e-06 - training/global_step:29 - training/epoch:0 - critic/score/mean:1.0 - critic/score/max:1.0 - critic/score/min:1.0 - critic/rewards/mean:1.0 - critic/rewards/max:1.0 - critic/rewards/min:1.0 - critic/advantages/mean:0.9999991059303284 - critic/advantages/max:0.9999990463256836 - critic/advantages/min:0.9999990463256836 - critic/returns/mean:0.9999991059303284 - critic/returns/max:0.9999990463256836 - critic/returns/min:0.9999990463256836 - response_length/mean:297.5 - response_length/max:418.0 - response_length/min:206.0 - response_length/clip_ratio:0.0 - response_length_non_aborted/mean:297.5 - response_length_non_aborted/max:418.0 - response_length_non_aborted/min:206.0 - response_length_non_aborted/clip_ratio:0.0 - response/aborted_ratio:0.0 - prompt_length/mean:162.25 - prompt_length/max:234.0 - prompt_length/min:104.0 - prompt_length/clip_ratio:0.0 - num_turns/min:2 - num_turns/max:2 - num_turns/mean:2.0 - timing_s/start_profile:5.4037198424339294e-05 - timing_s/agent_loop/num_preempted/min:-1 - timing_s/agent_loop/num_preempted/max:-1 - timing_s/agent_loop/num_preempted/mean:-1.0 - timing_s/agent_loop/generate_sequences/min:1.0576843777671456 - timing_s/agent_loop/generate_sequences/max:1.985756903886795 - timing_s/agent_loop/generate_sequences/mean:1.4475127051118761 - timing_s/agent_loop/tool_calls/min:0.0 - timing_s/agent_loop/tool_calls/max:0.0 - timing_s/agent_loop/tool_calls/mean:0.0 - timing_s/agent_loop/slowest/generate_sequences:1.985756903886795 - timing_s/agent_loop/slowest/tool_calls:0.0 - timing_s/agent_loop/slowest/prompt_length:234 - timing_s/agent_loop/slowest/response_length:418 - timing_s/agent_loop/slowest/num_preempted:-1 - timing_s/gen:3.021806590259075 - timing_s/fc_opd:1.155643922276795 - timing_s/reward:1.2477859854698181e-05 - timing_s/old_log_prob:0.5992539171129465 - timing_s/adv:0.00035432539880275726 - timing_s/update_actor:2.088790586218238 - timing_s/update_weights:2.070972607471049 - timing_s/dump_rollout_generations:0.004391721449792385 - timing_s/step:8.948210872709751 - timing_s/stop_profile:4.322640597820282e-05 - timing_per_token_ms/gen:2.5393332691252732 - timing_per_token_ms/adv:0.00019267286503684463 - timing_per_token_ms/update_actor:1.1358295738000206 - perf/total_num_tokens:1839 - perf/time_per_step:8.948210872709751 - perf/throughput:51.37898587103544
[36m(TaskRunner pid=3016838)[0m local_global_step_folder: /inspire/hdd/global_user/mengweicheng-240108120092/lzy/projects/Dual-Track-OPD/checkpoints/gkd_geometry3k/qwen3vl_geometry3k_gkd_concise_boxed_prompt_20260711_140550/global_step_30
[36m(TaskRunner pid=3016838)[0m Dumped generations to /inspire/hdd/global_user/mengweicheng-240108120092/lzy/projects/Dual-Track-OPD/runs/gkd_geometry3k/qwen3vl_geometry3k_gkd_concise_boxed_prompt_20260711_140550/rollouts/30.jsonl
[36m(TaskRunner pid=3016838)[0m test_gen_batch meta info: {'eos_token_id': 151645, 'pad_token_id': 151643, 'recompute_log_prob': False, 'do_sample': False, 'validate': True, 'global_steps': 30}
[36m(TaskRunner pid=3016838)[0m validation generation end
[36m(TaskRunner pid=3016838)[0m Training Progress: 100%|██████████| 30/30 [07:25<00:00, 18.35s/it]Training Progress: 100%|██████████| 30/30 [07:25<00:00, 14.86s/it]
[36m(WorkerDict pid=3120620)[0m INFO:2026-07-11 14:18:09,806:[Rank 0] Saved optim to /inspire/hdd/global_user/mengweicheng-240108120092/lzy/projects/Dual-Track-OPD/checkpoints/gkd_geometry3k/qwen3vl_geometry3k_gkd_concise_boxed_prompt_20260711_140550/global_step_30/actor/optim_world_size_4_rank_0.pt[32m [repeated 3x across cluster][0m
[36m(WorkerDict pid=3120620)[0m INFO:2026-07-11 14:18:09,808:[Rank 0] Saved extra_state to /inspire/hdd/global_user/mengweicheng-240108120092/lzy/projects/Dual-Track-OPD/checkpoints/gkd_geometry3k/qwen3vl_geometry3k_gkd_concise_boxed_prompt_20260711_140550/global_step_30/actor/extra_state_world_size_4_rank_0.pt[32m [repeated 3x across cluster][0m
[36m(TaskRunner pid=3016838)[0m Traceback (most recent call last):
[36m(TaskRunner pid=3016838)[0m   File "/inspire/hdd/global_user/mengweicheng-240108120092/lzy/fc-opd-storage/envs/fc-opd-verl071-cu128/lib/python3.12/site-packages/ray/_private/workers/default_worker.py", line 323, in <module>
[36m(TaskRunner pid=3016838)[0m     worker.main_loop()
[36m(TaskRunner pid=3016838)[0m   File "/inspire/hdd/global_user/mengweicheng-240108120092/lzy/fc-opd-storage/envs/fc-opd-verl071-cu128/lib/python3.12/site-packages/ray/_private/worker.py", line 1039, in main_loop
[36m(TaskRunner pid=3016838)[0m     self.core_worker.run_task_loop()
[36m(TaskRunner pid=3016838)[0m   File "/inspire/hdd/global_user/mengweicheng-240108120092/lzy/fc-opd-storage/envs/fc-opd-verl071-cu128/lib/python3.12/site-packages/torch/utils/data/_utils/signal_handling.py", line 73, in handler
[36m(TaskRunner pid=3016838)[0m     _error_if_any_worker_fails()
[36m(TaskRunner pid=3016838)[0m RuntimeError: DataLoader worker (pid 3418460) is killed by signal: Killed. 
[36m(TaskRunner pid=3016838)[0m Dumped generations to /inspire/hdd/global_user/mengweicheng-240108120092/lzy/projects/Dual-Track-OPD/runs/gkd_geometry3k/qwen3vl_geometry3k_gkd_concise_boxed_prompt_20260711_140550/validation/30.jsonl
[36m(TaskRunner pid=3016838)[0m step:30 - fc_opd/hook_loss:0.0 - fc_opd/hook_num_samples:4.0 - fc_opd/hook_active_weight:2482.0 - fc_opd/is_plain_gkd:1.0 - fc_opd/teacher_valid_ratio:1.0 - fc_opd/teacher_topk_mass_mean:0.9999838471412659 - fc_opd/teacher_eos_in_topk_ratio:0.014504431746900082 - fc_opd/teacher_eos_prob_lower_bound_mean:0.0012056236155331135 - fc_opd/teacher_first_eos_prob_lower_bound_mean:0.0 - fc_opd/rollout_first_token_eos_ratio:0.0 - fc_opd/online/loss:0.0 - fc_opd/online/num_samples:4.0 - global_seqlen/min:510 - global_seqlen/max:1383 - global_seqlen/minmax_diff:873 - global_seqlen/balanced_min:510 - global_seqlen/balanced_max:1383 - global_seqlen/mean:879.5 - actor/entropy:0.3892041742801666 - perf/mfu/actor_infer:0 - actor/pg_loss:-0.2499997615814209 - actor/kl_loss:0.0 - actor/fc_opd_loss:0.12200806476175785 - actor/pg_clipfrac:0.0 - actor/ppo_kl:0.0 - actor/pg_clipfrac_lower:0.0 - actor/fc_opd_denominator:2482.0 - actor/fc_opd_dp_world_size:4.0 - actor/grad_norm:37.056907653808594 - perf/mfu/actor:0.011619693169556739 - perf/max_memory_allocated_gb:21.354175567626953 - perf/max_memory_reserved_gb:25.873046875 - perf/cpu_memory_used_gb:169.54222202301025 - actor/lr:1e-06 - val-core/geometry3k/reward/mean@1:0.42 - val-aux/geometry3k/score/mean@1:0.42 - val-aux/num_turns/min:2 - val-aux/num_turns/max:2 - val-aux/num_turns/mean:2.0 - training/global_step:30 - training/epoch:0 - critic/score/mean:0.25 - critic/score/max:1.0 - critic/score/min:0.0 - critic/rewards/mean:0.25 - critic/rewards/max:1.0 - critic/rewards/min:0.0 - critic/advantages/mean:0.0918613076210022 - critic/advantages/max:0.9999990463256836 - critic/advantages/min:0.0 - critic/returns/mean:0.0918613076210022 - critic/returns/max:0.9999990463256836 - critic/returns/min:0.0 - response_length/mean:620.5 - response_length/max:1024.0 - response_length/min:228.0 - response_length/clip_ratio:0.25 - response_length_non_aborted/mean:620.5 - response_length_non_aborted/max:1024.0 - response_length_non_aborted/min:228.0 - response_length_non_aborted/clip_ratio:0.25 - response/aborted_ratio:0.0 - prompt_length/mean:259.0 - prompt_length/max:359.0 - prompt_length/min:129.0 - prompt_length/clip_ratio:0.0 - num_turns/min:2 - num_turns/max:2 - num_turns/mean:2.0 - timing_s/start_profile:5.6422315537929535e-05 - timing_s/agent_loop/num_preempted/min:-1 - timing_s/agent_loop/num_preempted/max:-1 - timing_s/agent_loop/num_preempted/mean:-1.0 - timing_s/agent_loop/generate_sequences/min:1.1409929227083921 - timing_s/agent_loop/generate_sequences/max:4.934441755525768 - timing_s/agent_loop/generate_sequences/mean:2.9910607803612947 - timing_s/agent_loop/tool_calls/min:0.0 - timing_s/agent_loop/tool_calls/max:0.0 - timing_s/agent_loop/tool_calls/mean:0.0 - timing_s/agent_loop/slowest/generate_sequences:4.934441755525768 - timing_s/agent_loop/slowest/tool_calls:0.0 - timing_s/agent_loop/slowest/prompt_length:359 - timing_s/agent_loop/slowest/response_length:1024 - timing_s/agent_loop/slowest/num_preempted:-1 - timing_s/gen:6.052469131536782 - timing_s/fc_opd:1.8682834655046463 - timing_s/reward:1.4533288776874542e-05 - timing_s/old_log_prob:0.716215050779283 - timing_s/adv:0.00038972310721874237 - timing_s/update_actor:2.1583183258771896 - timing_s/save_checkpoint:9.170275630429387 - timing_s/update_weights:2.3839018577709794 - timing_s/dump_rollout_generations:0.0045537399128079414 - timing_s/step:22.36165115982294 - timing_s/testing:10.732653424143791 - timing_s/stop_profile:7.87731260061264e-05 - timing_per_token_ms/gen:2.438545177895561 - timing_per_token_ms/adv:0.00011077973485467378 - timing_per_token_ms/update_actor:0.6135071989417822 - perf/total_num_tokens:3518 - perf/time_per_step:22.36165115982294 - perf/throughput:39.330727132538094
[36m(TaskRunner pid=3016838)[0m ("Final validation metrics: {'val-core/geometry3k/reward/mean@1': 0.42, "
[36m(TaskRunner pid=3016838)[0m  "'val-aux/geometry3k/score/mean@1': 0.42, 'val-aux/num_turns/min': 2, "
[36m(TaskRunner pid=3016838)[0m  "'val-aux/num_turns/max': 2, 'val-aux/num_turns/mean': 2.0}")
