Running: Vision-OPD-Qwen3.5-4B
Teacher model source: legacy
Teacher regularization: ema
Teacher update rate: 0.05
ray init kwargs: {'num_cpus': None, 'runtime_env': {'env_vars': {'TOKENIZERS_PARALLELISM': 'true', 'NCCL_DEBUG': 'WARN', 'VLLM_LOGGING_LEVEL': 'WARN', 'VLLM_ALLOW_RUNTIME_LORA_UPDATING': 'true', 'VLLM_ALLREDUCE_USE_SYMM_MEM': '0', 'CUDA_DEVICE_MAX_CONNECTIONS': '1', 'NCCL_CUMEM_ENABLE': '0'}, 'working_dir': None}}
2026-06-24 07:50:33,738	INFO worker.py:1998 -- Started a local Ray instance. View the dashboard at [1m[32mhttp://127.0.0.1:8265 [39m[22m
/inspire/hdd/global_user/mengweicheng-240108120092/lzy/envs/vision-opd-cu128/lib/python3.12/site-packages/ray/_private/worker.py:2046: FutureWarning: Tip: In future versions of Ray, Ray will no longer override accelerator visible devices env var if num_gpus=0 or num_gpus=None (default). To enable this behavior and turn off this error message, set RAY_ACCEL_ENV_VAR_OVERRIDE_ON_ZERO=0
  warnings.warn(
[36m(TaskRunner pid=1871981)[0m TaskRunner hostname: distributed-rl--lzy--64d03f736800-e5kxcsauxg, PID: 1871981
[36m(TaskRunner pid=1871981)[0m {'actor_rollout_ref': {'actor': {'_target_': 'verl.workers.config.FSDPActorConfig',
[36m(TaskRunner pid=1871981)[0m                                  'calculate_entropy': False,
[36m(TaskRunner pid=1871981)[0m                                  'calculate_sum_pi_squared': False,
[36m(TaskRunner pid=1871981)[0m                                  'checkpoint': {'_target_': 'verl.trainer.config.CheckpointConfig',
[36m(TaskRunner pid=1871981)[0m                                                 'async_save': False,
[36m(TaskRunner pid=1871981)[0m                                                 'load_contents': ['model',
[36m(TaskRunner pid=1871981)[0m                                                                   'optimizer',
[36m(TaskRunner pid=1871981)[0m                                                                   'extra'],
[36m(TaskRunner pid=1871981)[0m                                                 'save_contents': ['model',
[36m(TaskRunner pid=1871981)[0m                                                                   'optimizer',
[36m(TaskRunner pid=1871981)[0m                                                                   'extra']},
[36m(TaskRunner pid=1871981)[0m                                  'clip_ratio': 0.2,
[36m(TaskRunner pid=1871981)[0m                                  'clip_ratio_c': 3.0,
[36m(TaskRunner pid=1871981)[0m                                  'clip_ratio_high': 0.3,
[36m(TaskRunner pid=1871981)[0m                                  'clip_ratio_low': 0.2,
[36m(TaskRunner pid=1871981)[0m                                  'data_loader_seed': 42,
[36m(TaskRunner pid=1871981)[0m                                  'entropy_checkpointing': False,
[36m(TaskRunner pid=1871981)[0m                                  'entropy_coeff': 0,
[36m(TaskRunner pid=1871981)[0m                                  'entropy_from_logits_with_chunking': False,
[36m(TaskRunner pid=1871981)[0m                                  'freeze_vision_tower': False,
[36m(TaskRunner pid=1871981)[0m                                  'fsdp_config': {'_target_': 'verl.workers.config.FSDPEngineConfig',
[36m(TaskRunner pid=1871981)[0m                                                  'dtype': 'bfloat16',
[36m(TaskRunner pid=1871981)[0m                                                  'entropy_checkpointing': False,
[36m(TaskRunner pid=1871981)[0m                                                  'entropy_from_logits_with_chunking': False,
[36m(TaskRunner pid=1871981)[0m                                                  'forward_only': False,
[36m(TaskRunner pid=1871981)[0m                                                  'forward_prefetch': False,
[36m(TaskRunner pid=1871981)[0m                                                  'fsdp_size': -1,
[36m(TaskRunner pid=1871981)[0m                                                  'full_determinism': False,
[36m(TaskRunner pid=1871981)[0m                                                  'model_dtype': 'fp32',
[36m(TaskRunner pid=1871981)[0m                                                  'offload_policy': False,
[36m(TaskRunner pid=1871981)[0m                                                  'optimizer_offload': True,
[36m(TaskRunner pid=1871981)[0m                                                  'param_offload': True,
[36m(TaskRunner pid=1871981)[0m                                                  'reshard_after_forward': True,
[36m(TaskRunner pid=1871981)[0m                                                  'seed': 42,
[36m(TaskRunner pid=1871981)[0m                                                  'strategy': 'fsdp',
[36m(TaskRunner pid=1871981)[0m                                                  'ulysses_sequence_parallel_size': 1,
[36m(TaskRunner pid=1871981)[0m                                                  'use_orig_params': False,
[36m(TaskRunner pid=1871981)[0m                                                  'use_torch_compile': True,
[36m(TaskRunner pid=1871981)[0m                                                  'wrap_policy': {'min_num_params': 0}},
[36m(TaskRunner pid=1871981)[0m                                  'grad_clip': 1.0,
[36m(TaskRunner pid=1871981)[0m                                  'kl_loss_coef': 0.001,
[36m(TaskRunner pid=1871981)[0m                                  'kl_loss_type': 'low_var_kl',
[36m(TaskRunner pid=1871981)[0m                                  'loss_agg_mode': 'token-mean',
[36m(TaskRunner pid=1871981)[0m                                  'loss_scale_factor': None,
[36m(TaskRunner pid=1871981)[0m                                  'optim': {'_target_': 'verl.workers.config.FSDPOptimizerConfig',
[36m(TaskRunner pid=1871981)[0m                                            'betas': [0.9, 0.999],
[36m(TaskRunner pid=1871981)[0m                                            'clip_grad': 1.0,
[36m(TaskRunner pid=1871981)[0m                                            'lr': 2e-06,
[36m(TaskRunner pid=1871981)[0m                                            'lr_scheduler_type': 'constant',
[36m(TaskRunner pid=1871981)[0m                                            'lr_warmup_steps': 10,
[36m(TaskRunner pid=1871981)[0m                                            'lr_warmup_steps_ratio': 0.0,
[36m(TaskRunner pid=1871981)[0m                                            'min_lr_ratio': 0.0,
[36m(TaskRunner pid=1871981)[0m                                            'num_cycles': 0.5,
[36m(TaskRunner pid=1871981)[0m                                            'optimizer': 'AdamW',
[36m(TaskRunner pid=1871981)[0m                                            'optimizer_impl': 'torch.optim',
[36m(TaskRunner pid=1871981)[0m                                            'override_optimizer_config': None,
[36m(TaskRunner pid=1871981)[0m                                            'total_training_steps': -1,
[36m(TaskRunner pid=1871981)[0m                                            'warmup_style': None,
[36m(TaskRunner pid=1871981)[0m                                            'weight_decay': 0.01},
[36m(TaskRunner pid=1871981)[0m                                  'policy_loss': {'_target_': 'verl.workers.config.PolicyLossConfig',
[36m(TaskRunner pid=1871981)[0m                                                  'clip_cov_lb': 1.0,
[36m(TaskRunner pid=1871981)[0m                                                  'clip_cov_ratio': 0.0002,
[36m(TaskRunner pid=1871981)[0m                                                  'clip_cov_ub': 5.0,
[36m(TaskRunner pid=1871981)[0m                                                  'kl_cov_ratio': 0.0002,
[36m(TaskRunner pid=1871981)[0m                                                  'loss_mode': 'vopd',
[36m(TaskRunner pid=1871981)[0m                                                  'ppo_kl_coef': 0.1},
[36m(TaskRunner pid=1871981)[0m                                  'ppo_epochs': 1,
[36m(TaskRunner pid=1871981)[0m                                  'ppo_max_token_len_per_gpu': 9216,
[36m(TaskRunner pid=1871981)[0m                                  'ppo_micro_batch_size': None,
[36m(TaskRunner pid=1871981)[0m                                  'ppo_micro_batch_size_per_gpu': 1,
[36m(TaskRunner pid=1871981)[0m                                  'ppo_mini_batch_size': 96,
[36m(TaskRunner pid=1871981)[0m                                  'profiler': {'_target_': 'verl.utils.profiler.ProfilerConfig',
[36m(TaskRunner pid=1871981)[0m                                               'all_ranks': False,
[36m(TaskRunner pid=1871981)[0m                                               'enable': False,
[36m(TaskRunner pid=1871981)[0m                                               'ranks': [],
[36m(TaskRunner pid=1871981)[0m                                               'save_path': 'outputs/profile',
[36m(TaskRunner pid=1871981)[0m                                               'tool': None,
[36m(TaskRunner pid=1871981)[0m                                               'tool_config': {'npu': {'_target_': 'verl.utils.profiler.config.NPUToolConfig',
[36m(TaskRunner pid=1871981)[0m                                                                       'analysis': True,
[36m(TaskRunner pid=1871981)[0m                                                                       'contents': [],
[36m(TaskRunner pid=1871981)[0m                                                                       'discrete': False,
[36m(TaskRunner pid=1871981)[0m                                                                       'level': 'level0'},
[36m(TaskRunner pid=1871981)[0m                                                               'nsys': {'_target_': 'verl.utils.profiler.config.NsightToolConfig',
[36m(TaskRunner pid=1871981)[0m                                                                        'discrete': False},
[36m(TaskRunner pid=1871981)[0m                                                               'torch': {'_target_': 'verl.utils.profiler.config.TorchProfilerToolConfig',
[36m(TaskRunner pid=1871981)[0m                                                                         'step_end': None,
[36m(TaskRunner pid=1871981)[0m                                                                         'step_start': 0},
[36m(TaskRunner pid=1871981)[0m                                                               'torch_memory': {'_target_': 'verl.utils.profiler.config.TorchMemoryToolConfig',
[36m(TaskRunner pid=1871981)[0m                                                                                'stack_depth': 32,
[36m(TaskRunner pid=1871981)[0m                                                                                'trace_alloc_max_entries': 100000}}},
[36m(TaskRunner pid=1871981)[0m                                  'rollout_n': 8,
[36m(TaskRunner pid=1871981)[0m                                  'router_replay': {'_target_': 'verl.workers.config.RouterReplayConfig',
[36m(TaskRunner pid=1871981)[0m                                                    'mode': 'disabled',
[36m(TaskRunner pid=1871981)[0m                                                    'record_file': None,
[36m(TaskRunner pid=1871981)[0m                                                    'replay_file': None},
[36m(TaskRunner pid=1871981)[0m                                  'self_distillation': {'_target_': 'verl.workers.config.SelfDistillationConfig',
[36m(TaskRunner pid=1871981)[0m                                                        'alpha': 0.5,
[36m(TaskRunner pid=1871981)[0m                                                        'answer_hint_template': '\n'
[36m(TaskRunner pid=1871981)[0m                                                                                '\n'
[36m(TaskRunner pid=1871981)[0m                                                                                'Here '
[36m(TaskRunner pid=1871981)[0m                                                                                'is '
[36m(TaskRunner pid=1871981)[0m                                                                                'a '
[36m(TaskRunner pid=1871981)[0m                                                                                'reference '
[36m(TaskRunner pid=1871981)[0m                                                                                'solution '
[36m(TaskRunner pid=1871981)[0m                                                                                'to '
[36m(TaskRunner pid=1871981)[0m                                                                                'this '
[36m(TaskRunner pid=1871981)[0m                                                                                'problem:\n'
[36m(TaskRunner pid=1871981)[0m                                                                                '{answer}\n'
[36m(TaskRunner pid=1871981)[0m                                                                                '\n'
[36m(TaskRunner pid=1871981)[0m                                                                                'After '
[36m(TaskRunner pid=1871981)[0m                                                                                'understanding '
[36m(TaskRunner pid=1871981)[0m                                                                                'the '
[36m(TaskRunner pid=1871981)[0m                                                                                'reference '
[36m(TaskRunner pid=1871981)[0m                                                                                'solution, '
[36m(TaskRunner pid=1871981)[0m                                                                                'please '
[36m(TaskRunner pid=1871981)[0m                                                                                'try '
[36m(TaskRunner pid=1871981)[0m                                                                                'to '
[36m(TaskRunner pid=1871981)[0m                                                                                'solve '
[36m(TaskRunner pid=1871981)[0m                                                                                'this '
[36m(TaskRunner pid=1871981)[0m                                                                                'problem '
[36m(TaskRunner pid=1871981)[0m                                                                                'using '
[36m(TaskRunner pid=1871981)[0m                                                                                'your '
[36m(TaskRunner pid=1871981)[0m                                                                                'own '
[36m(TaskRunner pid=1871981)[0m                                                                                'approach '
[36m(TaskRunner pid=1871981)[0m                                                                                'below:',
[36m(TaskRunner pid=1871981)[0m                                                        'distillation_add_tail': True,
[36m(TaskRunner pid=1871981)[0m                                                        'distillation_topk': 100,
[36m(TaskRunner pid=1871981)[0m                                                        'dont_reprompt_on_self_success': True,
[36m(TaskRunner pid=1871981)[0m                                                        'environment_feedback_only_without_solution': True,
[36m(TaskRunner pid=1871981)[0m                                                        'fallback_to_policy_loss_on_missing_teacher': False,
[36m(TaskRunner pid=1871981)[0m                                                        'feedback_template': '\n'
[36m(TaskRunner pid=1871981)[0m                                                                             'The '
[36m(TaskRunner pid=1871981)[0m                                                                             'following '
[36m(TaskRunner pid=1871981)[0m                                                                             'is '
[36m(TaskRunner pid=1871981)[0m                                                                             'feedback '
[36m(TaskRunner pid=1871981)[0m                                                                             'from '
[36m(TaskRunner pid=1871981)[0m                                                                             'your '
[36m(TaskRunner pid=1871981)[0m                                                                             'unsuccessful '
[36m(TaskRunner pid=1871981)[0m                                                                             'earlier '
[36m(TaskRunner pid=1871981)[0m                                                                             'attempt:\n'
[36m(TaskRunner pid=1871981)[0m                                                                             '\n'
[36m(TaskRunner pid=1871981)[0m                                                                             '{feedback_raw}',
[36m(TaskRunner pid=1871981)[0m                                                        'full_logit_distillation': True,
[36m(TaskRunner pid=1871981)[0m                                                        'gamma': 1.0,
[36m(TaskRunner pid=1871981)[0m                                                        'include_environment_feedback': False,
[36m(TaskRunner pid=1871981)[0m                                                        'is_clip': 2.0,
[36m(TaskRunner pid=1871981)[0m                                                        'log_prob_dump_dir': None,
[36m(TaskRunner pid=1871981)[0m                                                        'max_reprompt_len': 10240,
[36m(TaskRunner pid=1871981)[0m                                                        'remove_thinking_from_demonstration': True,
[36m(TaskRunner pid=1871981)[0m                                                        'reprompt_template': '{prompt}{solution}{feedback}\n'
[36m(TaskRunner pid=1871981)[0m                                                                             '\n'
[36m(TaskRunner pid=1871981)[0m                                                                             'Correctly '
[36m(TaskRunner pid=1871981)[0m                                                                             'solve '
[36m(TaskRunner pid=1871981)[0m                                                                             'the '
[36m(TaskRunner pid=1871981)[0m                                                                             'original '
[36m(TaskRunner pid=1871981)[0m                                                                             'question.',
[36m(TaskRunner pid=1871981)[0m                                                        'reprompt_truncation': 'right',
[36m(TaskRunner pid=1871981)[0m                                                        'solution_template': '\n'
[36m(TaskRunner pid=1871981)[0m                                                                             'Correct '
[36m(TaskRunner pid=1871981)[0m                                                                             'solution:\n'
[36m(TaskRunner pid=1871981)[0m                                                                             '\n'
[36m(TaskRunner pid=1871981)[0m                                                                             '{successful_previous_attempt}',
[36m(TaskRunner pid=1871981)[0m                                                        'success_reward_threshold': 0.5,
[36m(TaskRunner pid=1871981)[0m                                                        'teacher_always_on': True,
[36m(TaskRunner pid=1871981)[0m                                                        'teacher_image_key': 'bbox_images',
[36m(TaskRunner pid=1871981)[0m                                                        'teacher_model_path': None,
[36m(TaskRunner pid=1871981)[0m                                                        'teacher_model_source': 'legacy',
[36m(TaskRunner pid=1871981)[0m                                                        'teacher_prompt_mode': None,
[36m(TaskRunner pid=1871981)[0m                                                        'teacher_regularization': 'ema',
[36m(TaskRunner pid=1871981)[0m                                                        'teacher_update_interval': None,
[36m(TaskRunner pid=1871981)[0m                                                        'teacher_update_rate': 0.05},
[36m(TaskRunner pid=1871981)[0m                                  'shuffle': False,
[36m(TaskRunner pid=1871981)[0m                                  'strategy': 'fsdp',
[36m(TaskRunner pid=1871981)[0m                                  'sum_pi_squared_checkpointing': False,
[36m(TaskRunner pid=1871981)[0m                                  'tau_neg': 1.05,
[36m(TaskRunner pid=1871981)[0m                                  'tau_pos': 1.0,
[36m(TaskRunner pid=1871981)[0m                                  'ulysses_sequence_parallel_size': 1,
[36m(TaskRunner pid=1871981)[0m                                  'use_dynamic_bsz': True,
[36m(TaskRunner pid=1871981)[0m                                  'use_fused_kernels': False,
[36m(TaskRunner pid=1871981)[0m                                  'use_kl_loss': False,
[36m(TaskRunner pid=1871981)[0m                                  'use_prefix_grouper': False,
[36m(TaskRunner pid=1871981)[0m                                  'use_remove_padding': True,
[36m(TaskRunner pid=1871981)[0m                                  'use_torch_compile': True},
[36m(TaskRunner pid=1871981)[0m                        'hybrid_engine': True,
[36m(TaskRunner pid=1871981)[0m                        'model': {'_target_': 'verl.workers.config.HFModelConfig',
[36m(TaskRunner pid=1871981)[0m                                  'custom_chat_template': None,
[36m(TaskRunner pid=1871981)[0m                                  'custom_chat_template_file': '/inspire/hdd/global_user/mengweicheng-240108120092/lzy/projects/Dual-Track-OPD/third_party/Vision-OPD/chat_templates/perception_chat_template_qwen35.jinja',
[36m(TaskRunner pid=1871981)[0m                                  'enable_activation_offload': False,
[36m(TaskRunner pid=1871981)[0m                                  'enable_gradient_checkpointing': True,
[36m(TaskRunner pid=1871981)[0m                                  'exclude_modules': None,
[36m(TaskRunner pid=1871981)[0m                                  'external_lib': None,
[36m(TaskRunner pid=1871981)[0m                                  'fused_kernel_options': {'impl_backend': 'torch'},
[36m(TaskRunner pid=1871981)[0m                                  'hf_config_path': None,
[36m(TaskRunner pid=1871981)[0m                                  'lora_adapter_path': None,
[36m(TaskRunner pid=1871981)[0m                                  'lora_alpha': 16,
[36m(TaskRunner pid=1871981)[0m                                  'lora_rank': 0,
[36m(TaskRunner pid=1871981)[0m                                  'override_config': {},
[36m(TaskRunner pid=1871981)[0m                                  'path': '/inspire/hdd/global_user/mengweicheng-240108120092/lzy/models/Qwen3.5-4B',
[36m(TaskRunner pid=1871981)[0m                                  'target_modules': 'all-linear',
[36m(TaskRunner pid=1871981)[0m                                  'tiled_mlp': {'enabled': False,
[36m(TaskRunner pid=1871981)[0m                                                'num_shards': 4},
[36m(TaskRunner pid=1871981)[0m                                  'tokenizer_path': None,
[36m(TaskRunner pid=1871981)[0m                                  'trust_remote_code': True,
[36m(TaskRunner pid=1871981)[0m                                  'use_fused_kernels': False,
[36m(TaskRunner pid=1871981)[0m                                  'use_liger': False,
[36m(TaskRunner pid=1871981)[0m                                  'use_remove_padding': True,
[36m(TaskRunner pid=1871981)[0m                                  'use_shm': False},
[36m(TaskRunner pid=1871981)[0m                        'nccl_timeout': 600,
[36m(TaskRunner pid=1871981)[0m                        'ref': {'_target_': 'verl.workers.config.FSDPActorConfig',
[36m(TaskRunner pid=1871981)[0m                                'entropy_checkpointing': False,
[36m(TaskRunner pid=1871981)[0m                                'entropy_from_logits_with_chunking': False,
[36m(TaskRunner pid=1871981)[0m                                'fsdp_config': {'_target_': 'verl.workers.config.FSDPEngineConfig',
[36m(TaskRunner pid=1871981)[0m                                                'dtype': 'bfloat16',
[36m(TaskRunner pid=1871981)[0m                                                'entropy_checkpointing': False,
[36m(TaskRunner pid=1871981)[0m                                                'entropy_from_logits_with_chunking': False,
[36m(TaskRunner pid=1871981)[0m                                                'forward_only': True,
[36m(TaskRunner pid=1871981)[0m                                                'forward_prefetch': False,
[36m(TaskRunner pid=1871981)[0m                                                'fsdp_size': -1,
[36m(TaskRunner pid=1871981)[0m                                                'full_determinism': False,
[36m(TaskRunner pid=1871981)[0m                                                'model_dtype': 'fp32',
[36m(TaskRunner pid=1871981)[0m                                                'offload_policy': False,
[36m(TaskRunner pid=1871981)[0m                                                'optimizer_offload': False,
[36m(TaskRunner pid=1871981)[0m                                                'param_offload': True,
[36m(TaskRunner pid=1871981)[0m                                                'reshard_after_forward': True,
[36m(TaskRunner pid=1871981)[0m                                                'seed': 42,
[36m(TaskRunner pid=1871981)[0m                                                'strategy': 'fsdp',
[36m(TaskRunner pid=1871981)[0m                                                'ulysses_sequence_parallel_size': 1,
[36m(TaskRunner pid=1871981)[0m                                                'use_orig_params': False,
[36m(TaskRunner pid=1871981)[0m                                                'use_torch_compile': True,
[36m(TaskRunner pid=1871981)[0m                                                'wrap_policy': {'min_num_params': 0}},
[36m(TaskRunner pid=1871981)[0m                                'log_prob_max_token_len_per_gpu': 9216,
[36m(TaskRunner pid=1871981)[0m                                'log_prob_micro_batch_size': None,
[36m(TaskRunner pid=1871981)[0m                                'log_prob_micro_batch_size_per_gpu': 1,
[36m(TaskRunner pid=1871981)[0m                                'log_prob_use_dynamic_bsz': True,
[36m(TaskRunner pid=1871981)[0m                                'profiler': {'_target_': 'verl.utils.profiler.ProfilerConfig',
[36m(TaskRunner pid=1871981)[0m                                             'all_ranks': False,
[36m(TaskRunner pid=1871981)[0m                                             'enable': False,
[36m(TaskRunner pid=1871981)[0m                                             'ranks': [],
[36m(TaskRunner pid=1871981)[0m                                             'save_path': 'outputs/profile',
[36m(TaskRunner pid=1871981)[0m                                             'tool': None,
[36m(TaskRunner pid=1871981)[0m                                             'tool_config': {'npu': {'_target_': 'verl.utils.profiler.config.NPUToolConfig',
[36m(TaskRunner pid=1871981)[0m                                                                     'analysis': True,
[36m(TaskRunner pid=1871981)[0m                                                                     'contents': [],
[36m(TaskRunner pid=1871981)[0m                                                                     'discrete': False,
[36m(TaskRunner pid=1871981)[0m                                                                     'level': 'level0'},
[36m(TaskRunner pid=1871981)[0m                                                             'nsys': {'_target_': 'verl.utils.profiler.config.NsightToolConfig',
[36m(TaskRunner pid=1871981)[0m                                                                      'discrete': False},
[36m(TaskRunner pid=1871981)[0m                                                             'torch': {'_target_': 'verl.utils.profiler.config.TorchProfilerToolConfig',
[36m(TaskRunner pid=1871981)[0m                                                                       'step_end': None,
[36m(TaskRunner pid=1871981)[0m                                                                       'step_start': 0},
[36m(TaskRunner pid=1871981)[0m                                                             'torch_memory': {'_target_': 'verl.utils.profiler.config.TorchMemoryToolConfig',
[36m(TaskRunner pid=1871981)[0m                                                                              'stack_depth': 32,
[36m(TaskRunner pid=1871981)[0m                                                                              'trace_alloc_max_entries': 100000}}},
[36m(TaskRunner pid=1871981)[0m                                'rollout_n': 8,
[36m(TaskRunner pid=1871981)[0m                                'router_replay': {'_target_': 'verl.workers.config.RouterReplayConfig',
[36m(TaskRunner pid=1871981)[0m                                                  'mode': 'disabled',
[36m(TaskRunner pid=1871981)[0m                                                  'record_file': None,
[36m(TaskRunner pid=1871981)[0m                                                  'replay_file': None},
[36m(TaskRunner pid=1871981)[0m                                'strategy': 'fsdp',
[36m(TaskRunner pid=1871981)[0m                                'ulysses_sequence_parallel_size': 1,
[36m(TaskRunner pid=1871981)[0m                                'use_torch_compile': True},
[36m(TaskRunner pid=1871981)[0m                        'rollout': {'_target_': 'verl.workers.config.RolloutConfig',
[36m(TaskRunner pid=1871981)[0m                                    'agent': {'_target_': 'verl.workers.config.AgentLoopConfig',
[36m(TaskRunner pid=1871981)[0m                                              'agent_loop_config_path': None,
[36m(TaskRunner pid=1871981)[0m                                              'custom_async_server': {'_target_': 'verl.workers.config.CustomAsyncServerConfig',
[36m(TaskRunner pid=1871981)[0m                                                                      'name': None,
[36m(TaskRunner pid=1871981)[0m                                                                      'path': None},
[36m(TaskRunner pid=1871981)[0m                                              'default_agent_loop': 'single_turn_agent',
[36m(TaskRunner pid=1871981)[0m                                              'num_workers': 8},
[36m(TaskRunner pid=1871981)[0m                                    'calculate_log_probs': True,
[36m(TaskRunner pid=1871981)[0m                                    'cudagraph_capture_sizes': None,
[36m(TaskRunner pid=1871981)[0m                                    'data_parallel_size': 1,
[36m(TaskRunner pid=1871981)[0m                                    'disable_log_stats': True,
[36m(TaskRunner pid=1871981)[0m                                    'do_sample': True,
[36m(TaskRunner pid=1871981)[0m                                    'dtype': 'bfloat16',
[36m(TaskRunner pid=1871981)[0m                                    'enable_chunked_prefill': True,
[36m(TaskRunner pid=1871981)[0m                                    'enable_prefix_caching': True,
[36m(TaskRunner pid=1871981)[0m                                    'enable_rollout_routing_replay': False,
[36m(TaskRunner pid=1871981)[0m                                    'enforce_eager': False,
[36m(TaskRunner pid=1871981)[0m                                    'engine_kwargs': {'sglang': {},
[36m(TaskRunner pid=1871981)[0m                                                      'vllm': {'compilation_config': {'pass_config': {'fuse_allreduce_rms': False}},
[36m(TaskRunner pid=1871981)[0m                                                               'kernel_config': {'enable_flashinfer_autotune': False}}},
[36m(TaskRunner pid=1871981)[0m                                    'expert_parallel_size': 1,
[36m(TaskRunner pid=1871981)[0m                                    'free_cache_engine': True,
[36m(TaskRunner pid=1871981)[0m                                    'gpu_memory_utilization': 0.7,
[36m(TaskRunner pid=1871981)[0m                                    'ignore_eos': False,
[36m(TaskRunner pid=1871981)[0m                                    'layered_summon': False,
[36m(TaskRunner pid=1871981)[0m                                    'load_format': 'dummy',
[36m(TaskRunner pid=1871981)[0m                                    'log_prob_max_token_len_per_gpu': 9216,
[36m(TaskRunner pid=1871981)[0m                                    'log_prob_micro_batch_size': None,
[36m(TaskRunner pid=1871981)[0m                                    'log_prob_micro_batch_size_per_gpu': 1,
[36m(TaskRunner pid=1871981)[0m                                    'log_prob_use_dynamic_bsz': True,
[36m(TaskRunner pid=1871981)[0m                                    'logprobs_mode': 'processed_logprobs',
[36m(TaskRunner pid=1871981)[0m                                    'max_model_len': 9216,
[36m(TaskRunner pid=1871981)[0m                                    'max_num_batched_tokens': 9216,
[36m(TaskRunner pid=1871981)[0m                                    'max_num_seqs': 1024,
[36m(TaskRunner pid=1871981)[0m                                    'mode': 'async',
[36m(TaskRunner pid=1871981)[0m                                    'multi_stage_wake_up': False,
[36m(TaskRunner pid=1871981)[0m                                    'multi_turn': {'_target_': 'verl.workers.config.MultiTurnConfig',
[36m(TaskRunner pid=1871981)[0m                                                   'enable': False,
[36m(TaskRunner pid=1871981)[0m                                                   'format': 'hermes',
[36m(TaskRunner pid=1871981)[0m                                                   'interaction_config_path': None,
[36m(TaskRunner pid=1871981)[0m                                                   'max_assistant_turns': None,
[36m(TaskRunner pid=1871981)[0m                                                   'max_parallel_calls': 1,
[36m(TaskRunner pid=1871981)[0m                                                   'max_tool_response_length': 256,
[36m(TaskRunner pid=1871981)[0m                                                   'max_user_turns': None,
[36m(TaskRunner pid=1871981)[0m                                                   'num_repeat_rollouts': None,
[36m(TaskRunner pid=1871981)[0m                                                   'tokenization_sanity_check_mode': 'strict',
[36m(TaskRunner pid=1871981)[0m                                                   'tool_config_path': None,
[36m(TaskRunner pid=1871981)[0m                                                   'tool_response_truncate_side': 'middle',
[36m(TaskRunner pid=1871981)[0m                                                   'use_inference_chat_template': False},
[36m(TaskRunner pid=1871981)[0m                                    'n': 8,
[36m(TaskRunner pid=1871981)[0m                                    'name': 'vllm',
[36m(TaskRunner pid=1871981)[0m                                    'over_sample_rate': 0,
[36m(TaskRunner pid=1871981)[0m                                    'pipeline_model_parallel_size': 1,
[36m(TaskRunner pid=1871981)[0m                                    'profiler': {'_target_': 'verl.utils.profiler.ProfilerConfig',
[36m(TaskRunner pid=1871981)[0m                                                 'all_ranks': False,
[36m(TaskRunner pid=1871981)[0m                                                 'enable': False,
[36m(TaskRunner pid=1871981)[0m                                                 'ranks': [],
[36m(TaskRunner pid=1871981)[0m                                                 'save_path': 'outputs/profile',
[36m(TaskRunner pid=1871981)[0m                                                 'tool': None,
[36m(TaskRunner pid=1871981)[0m                                                 'tool_config': {'npu': {'_target_': 'verl.utils.profiler.config.NPUToolConfig',
[36m(TaskRunner pid=1871981)[0m                                                                         'analysis': True,
[36m(TaskRunner pid=1871981)[0m                                                                         'contents': [],
[36m(TaskRunner pid=1871981)[0m                                                                         'discrete': False,
[36m(TaskRunner pid=1871981)[0m                                                                         'level': 'level0'},
[36m(TaskRunner pid=1871981)[0m                                                                 'nsys': {'_target_': 'verl.utils.profiler.config.NsightToolConfig',
[36m(TaskRunner pid=1871981)[0m                                                                          'discrete': False},
[36m(TaskRunner pid=1871981)[0m                                                                 'torch': {'_target_': 'verl.utils.profiler.config.TorchProfilerToolConfig',
[36m(TaskRunner pid=1871981)[0m                                                                           'step_end': None,
[36m(TaskRunner pid=1871981)[0m                                                                           'step_start': 0},
[36m(TaskRunner pid=1871981)[0m                                                                 'torch_memory': {'_target_': 'verl.utils.profiler.config.TorchMemoryToolConfig',
[36m(TaskRunner pid=1871981)[0m                                                                                  'stack_depth': 32,
[36m(TaskRunner pid=1871981)[0m                                                                                  'trace_alloc_max_entries': 100000}}},
[36m(TaskRunner pid=1871981)[0m                                    'prometheus': {'_target_': 'verl.workers.config.PrometheusConfig',
[36m(TaskRunner pid=1871981)[0m                                                   'enable': False,
[36m(TaskRunner pid=1871981)[0m                                                   'file': '/tmp/ray/session_latest/metrics/prometheus/prometheus.yml',
[36m(TaskRunner pid=1871981)[0m                                                   'port': 9090,
[36m(TaskRunner pid=1871981)[0m                                                   'served_model_name': '/inspire/hdd/global_user/mengweicheng-240108120092/lzy/models/Qwen3.5-4B'},
[36m(TaskRunner pid=1871981)[0m                                    'prompt_length': 8192,
[36m(TaskRunner pid=1871981)[0m                                    'quantization': None,
[36m(TaskRunner pid=1871981)[0m                                    'quantization_config_file': None,
[36m(TaskRunner pid=1871981)[0m                                    'response_length': 1024,
[36m(TaskRunner pid=1871981)[0m                                    'scheduling_policy': 'fcfs',
[36m(TaskRunner pid=1871981)[0m                                    'skip_dump_dir': '/tmp/rollout_dump',
[36m(TaskRunner pid=1871981)[0m                                    'skip_rollout': False,
[36m(TaskRunner pid=1871981)[0m                                    'skip_tokenizer_init': True,
[36m(TaskRunner pid=1871981)[0m                                    'temperature': 1.0,
[36m(TaskRunner pid=1871981)[0m                                    'tensor_model_parallel_size': 1,
[36m(TaskRunner pid=1871981)[0m                                    'top_k': -1,
[36m(TaskRunner pid=1871981)[0m                                    'top_p': 1,
[36m(TaskRunner pid=1871981)[0m                                    'trace': {'_target_': 'verl.workers.config.TraceConfig',
[36m(TaskRunner pid=1871981)[0m                                              'backend': None,
[36m(TaskRunner pid=1871981)[0m                                              'max_samples_per_step_per_worker': None,
[36m(TaskRunner pid=1871981)[0m                                              'token2text': False},
[36m(TaskRunner pid=1871981)[0m                                    'update_weights_bucket_megabytes': 512,
[36m(TaskRunner pid=1871981)[0m                                    'val_kwargs': {'_target_': 'verl.workers.config.SamplingConfig',
[36m(TaskRunner pid=1871981)[0m                                                   'do_sample': False,
[36m(TaskRunner pid=1871981)[0m                                                   'n': 1,
[36m(TaskRunner pid=1871981)[0m                                                   'temperature': 0,
[36m(TaskRunner pid=1871981)[0m                                                   'top_k': -1,
[36m(TaskRunner pid=1871981)[0m                                                   'top_p': 1.0}}},
[36m(TaskRunner pid=1871981)[0m  'algorithm': {'_target_': 'verl.trainer.config.AlgoConfig',
[36m(TaskRunner pid=1871981)[0m                'adv_estimator': 'grpo',
[36m(TaskRunner pid=1871981)[0m                'gamma': 1.0,
[36m(TaskRunner pid=1871981)[0m                'kl_ctrl': {'_target_': 'verl.trainer.config.KLControlConfig',
[36m(TaskRunner pid=1871981)[0m                            'horizon': 10000,
[36m(TaskRunner pid=1871981)[0m                            'kl_coef': 0.001,
[36m(TaskRunner pid=1871981)[0m                            'target_kl': 0.1,
[36m(TaskRunner pid=1871981)[0m                            'type': 'fixed'},
[36m(TaskRunner pid=1871981)[0m                'kl_penalty': 'kl',
[36m(TaskRunner pid=1871981)[0m                'lam': 1.0,
[36m(TaskRunner pid=1871981)[0m                'norm_adv_by_std_in_grpo': False,
[36m(TaskRunner pid=1871981)[0m                'pf_ppo': {'reweight_method': 'pow', 'weight_pow': 2.0},
[36m(TaskRunner pid=1871981)[0m                'rollout_correction': {'bypass_mode': False,
[36m(TaskRunner pid=1871981)[0m                                       'loss_type': 'ppo_clip',
[36m(TaskRunner pid=1871981)[0m                                       'rollout_is': 'token',
[36m(TaskRunner pid=1871981)[0m                                       'rollout_is_batch_normalize': False,
[36m(TaskRunner pid=1871981)[0m                                       'rollout_is_threshold': 2.0,
[36m(TaskRunner pid=1871981)[0m                                       'rollout_rs': None,
[36m(TaskRunner pid=1871981)[0m                                       'rollout_rs_threshold': None},
[36m(TaskRunner pid=1871981)[0m                'use_kl_in_reward': False,
[36m(TaskRunner pid=1871981)[0m                'use_pf_ppo': False},
[36m(TaskRunner pid=1871981)[0m  'critic': {'_target_': 'verl.workers.config.FSDPCriticConfig',
[36m(TaskRunner pid=1871981)[0m             'checkpoint': {'_target_': 'verl.trainer.config.CheckpointConfig',
[36m(TaskRunner pid=1871981)[0m                            'async_save': False,
[36m(TaskRunner pid=1871981)[0m                            'load_contents': ['model', 'optimizer', 'extra'],
[36m(TaskRunner pid=1871981)[0m                            'save_contents': ['model', 'optimizer', 'extra']},
[36m(TaskRunner pid=1871981)[0m             'cliprange_value': 0.5,
[36m(TaskRunner pid=1871981)[0m             'data_loader_seed': 42,
[36m(TaskRunner pid=1871981)[0m             'enable': None,
[36m(TaskRunner pid=1871981)[0m             'forward_max_token_len_per_gpu': 32768,
[36m(TaskRunner pid=1871981)[0m             'forward_micro_batch_size': None,
[36m(TaskRunner pid=1871981)[0m             'forward_micro_batch_size_per_gpu': None,
[36m(TaskRunner pid=1871981)[0m             'grad_clip': 1.0,
[36m(TaskRunner pid=1871981)[0m             'loss_agg_mode': 'token-mean',
[36m(TaskRunner pid=1871981)[0m             'model': {'_target_': 'verl.workers.config.FSDPCriticModelCfg',
[36m(TaskRunner pid=1871981)[0m                       'enable_activation_offload': False,
[36m(TaskRunner pid=1871981)[0m                       'enable_gradient_checkpointing': True,
[36m(TaskRunner pid=1871981)[0m                       'external_lib': None,
[36m(TaskRunner pid=1871981)[0m                       'fsdp_config': {'_target_': 'verl.workers.config.FSDPEngineConfig',
[36m(TaskRunner pid=1871981)[0m                                       'dtype': 'bfloat16',
[36m(TaskRunner pid=1871981)[0m                                       'entropy_checkpointing': False,
[36m(TaskRunner pid=1871981)[0m                                       'entropy_from_logits_with_chunking': False,
[36m(TaskRunner pid=1871981)[0m                                       'forward_only': False,
[36m(TaskRunner pid=1871981)[0m                                       'forward_prefetch': False,
[36m(TaskRunner pid=1871981)[0m                                       'fsdp_size': -1,
[36m(TaskRunner pid=1871981)[0m                                       'full_determinism': False,
[36m(TaskRunner pid=1871981)[0m                                       'model_dtype': 'fp32',
[36m(TaskRunner pid=1871981)[0m                                       'offload_policy': False,
[36m(TaskRunner pid=1871981)[0m                                       'optimizer_offload': False,
[36m(TaskRunner pid=1871981)[0m                                       'param_offload': False,
[36m(TaskRunner pid=1871981)[0m                                       'reshard_after_forward': True,
[36m(TaskRunner pid=1871981)[0m                                       'seed': 42,
[36m(TaskRunner pid=1871981)[0m                                       'strategy': 'fsdp',
[36m(TaskRunner pid=1871981)[0m                                       'ulysses_sequence_parallel_size': 1,
[36m(TaskRunner pid=1871981)[0m                                       'use_orig_params': False,
[36m(TaskRunner pid=1871981)[0m                                       'use_torch_compile': True,
[36m(TaskRunner pid=1871981)[0m                                       'wrap_policy': {'min_num_params': 0}},
[36m(TaskRunner pid=1871981)[0m                       'lora_alpha': 16,
[36m(TaskRunner pid=1871981)[0m                       'lora_rank': 0,
[36m(TaskRunner pid=1871981)[0m                       'override_config': {},
[36m(TaskRunner pid=1871981)[0m                       'path': '/inspire/hdd/global_user/mengweicheng-240108120092/lzy/models/Qwen3.5-4B',
[36m(TaskRunner pid=1871981)[0m                       'target_modules': 'all-linear',
[36m(TaskRunner pid=1871981)[0m                       'tiled_mlp': {'enabled': False, 'num_shards': 4},
[36m(TaskRunner pid=1871981)[0m                       'tokenizer_path': '/inspire/hdd/global_user/mengweicheng-240108120092/lzy/models/Qwen3.5-4B',
[36m(TaskRunner pid=1871981)[0m                       'trust_remote_code': True,
[36m(TaskRunner pid=1871981)[0m                       'use_remove_padding': False,
[36m(TaskRunner pid=1871981)[0m                       'use_shm': False},
[36m(TaskRunner pid=1871981)[0m             'optim': {'_target_': 'verl.workers.config.FSDPOptimizerConfig',
[36m(TaskRunner pid=1871981)[0m                       'betas': [0.9, 0.999],
[36m(TaskRunner pid=1871981)[0m                       'clip_grad': 1.0,
[36m(TaskRunner pid=1871981)[0m                       'lr': 1e-05,
[36m(TaskRunner pid=1871981)[0m                       'lr_scheduler_type': 'constant',
[36m(TaskRunner pid=1871981)[0m                       'lr_warmup_steps': -1,
[36m(TaskRunner pid=1871981)[0m                       'lr_warmup_steps_ratio': 0.0,
[36m(TaskRunner pid=1871981)[0m                       'min_lr_ratio': 0.0,
[36m(TaskRunner pid=1871981)[0m                       'num_cycles': 0.5,
[36m(TaskRunner pid=1871981)[0m                       'optimizer': 'AdamW',
[36m(TaskRunner pid=1871981)[0m                       'optimizer_impl': 'torch.optim',
[36m(TaskRunner pid=1871981)[0m                       'override_optimizer_config': None,
[36m(TaskRunner pid=1871981)[0m                       'total_training_steps': -1,
[36m(TaskRunner pid=1871981)[0m                       'warmup_style': None,
[36m(TaskRunner pid=1871981)[0m                       'weight_decay': 0.01},
[36m(TaskRunner pid=1871981)[0m             'ppo_epochs': 1,
[36m(TaskRunner pid=1871981)[0m             'ppo_max_token_len_per_gpu': 32768,
[36m(TaskRunner pid=1871981)[0m             'ppo_micro_batch_size': None,
[36m(TaskRunner pid=1871981)[0m             'ppo_micro_batch_size_per_gpu': None,
[36m(TaskRunner pid=1871981)[0m             'ppo_mini_batch_size': 96,
[36m(TaskRunner pid=1871981)[0m             'profiler': {'_target_': 'verl.utils.profiler.ProfilerConfig',
[36m(TaskRunner pid=1871981)[0m                          'all_ranks': False,
[36m(TaskRunner pid=1871981)[0m                          'enable': False,
[36m(TaskRunner pid=1871981)[0m                          'ranks': [],
[36m(TaskRunner pid=1871981)[0m                          'save_path': 'outputs/profile',
[36m(TaskRunner pid=1871981)[0m                          'tool': None,
[36m(TaskRunner pid=1871981)[0m                          'tool_config': {'npu': {'_target_': 'verl.utils.profiler.config.NPUToolConfig',
[36m(TaskRunner pid=1871981)[0m                                                  'analysis': True,
[36m(TaskRunner pid=1871981)[0m                                                  'contents': [],
[36m(TaskRunner pid=1871981)[0m                                                  'discrete': False,
[36m(TaskRunner pid=1871981)[0m                                                  'level': 'level0'},
[36m(TaskRunner pid=1871981)[0m                                          'nsys': {'_target_': 'verl.utils.profiler.config.NsightToolConfig',
[36m(TaskRunner pid=1871981)[0m                                                   'discrete': False},
[36m(TaskRunner pid=1871981)[0m                                          'torch': {'_target_': 'verl.utils.profiler.config.TorchProfilerToolConfig',
[36m(TaskRunner pid=1871981)[0m                                                    'step_end': None,
[36m(TaskRunner pid=1871981)[0m                                                    'step_start': 0},
[36m(TaskRunner pid=1871981)[0m                                          'torch_memory': {'_target_': 'verl.utils.profiler.config.TorchMemoryToolConfig',
[36m(TaskRunner pid=1871981)[0m                                                           'stack_depth': 32,
[36m(TaskRunner pid=1871981)[0m                                                           'trace_alloc_max_entries': 100000}}},
[36m(TaskRunner pid=1871981)[0m             'rollout_n': 8,
[36m(TaskRunner pid=1871981)[0m             'shuffle': False,
[36m(TaskRunner pid=1871981)[0m             'strategy': 'fsdp',
[36m(TaskRunner pid=1871981)[0m             'ulysses_sequence_parallel_size': 1,
[36m(TaskRunner pid=1871981)[0m             'use_dynamic_bsz': True},
[36m(TaskRunner pid=1871981)[0m  'custom_reward_function': {'name': 'compute_score', 'path': None},
[36m(TaskRunner pid=1871981)[0m  'data': {'apply_chat_template_kwargs': {},
[36m(TaskRunner pid=1871981)[0m           'custom_cls': {'name': None, 'path': None},
[36m(TaskRunner pid=1871981)[0m           'datagen': {'name': None, 'path': None},
[36m(TaskRunner pid=1871981)[0m           'dataloader_num_workers': 8,
[36m(TaskRunner pid=1871981)[0m           'filter_overlong_prompts': False,
[36m(TaskRunner pid=1871981)[0m           'filter_overlong_prompts_workers': 1,
[36m(TaskRunner pid=1871981)[0m           'image_key': 'images',
[36m(TaskRunner pid=1871981)[0m           'image_patch_size': 14,
[36m(TaskRunner pid=1871981)[0m           'max_prompt_length': 8192,
[36m(TaskRunner pid=1871981)[0m           'max_response_length': 1024,
[36m(TaskRunner pid=1871981)[0m           'prompt_key': 'prompt',
[36m(TaskRunner pid=1871981)[0m           'return_full_prompt': False,
[36m(TaskRunner pid=1871981)[0m           'return_multi_modal_inputs': True,
[36m(TaskRunner pid=1871981)[0m           'return_raw_chat': True,
[36m(TaskRunner pid=1871981)[0m           'return_raw_input_ids': False,
[36m(TaskRunner pid=1871981)[0m           'reward_fn_key': 'data_source',
[36m(TaskRunner pid=1871981)[0m           'sampler': {'class_name': None, 'class_path': None},
[36m(TaskRunner pid=1871981)[0m           'seed': None,
[36m(TaskRunner pid=1871981)[0m           'shuffle': True,
[36m(TaskRunner pid=1871981)[0m           'tokenizer': None,
[36m(TaskRunner pid=1871981)[0m           'tool_config_path': None,
[36m(TaskRunner pid=1871981)[0m           'train_batch_size': 96,
[36m(TaskRunner pid=1871981)[0m           'train_files': ['/inspire/hdd/global_user/mengweicheng-240108120092/lzy/projects/Dual-Track-OPD/third_party/Vision-OPD/data/train.parquet'],
[36m(TaskRunner pid=1871981)[0m           'train_max_samples': -1,
[36m(TaskRunner pid=1871981)[0m           'truncation': 'error',
[36m(TaskRunner pid=1871981)[0m           'trust_remote_code': True,
[36m(TaskRunner pid=1871981)[0m           'use_shm': False,
[36m(TaskRunner pid=1871981)[0m           'val_batch_size': None,
[36m(TaskRunner pid=1871981)[0m           'val_files': [],
[36m(TaskRunner pid=1871981)[0m           'val_max_samples': -1,
[36m(TaskRunner pid=1871981)[0m           'validation_shuffle': False,
[36m(TaskRunner pid=1871981)[0m           'video_key': 'videos'},
[36m(TaskRunner pid=1871981)[0m  'global_profiler': {'_target_': 'verl.utils.profiler.ProfilerConfig',
[36m(TaskRunner pid=1871981)[0m                      'global_tool_config': {'nsys': {'_target_': 'verl.utils.profiler.config.NsightToolConfig',
[36m(TaskRunner pid=1871981)[0m                                                      'controller_nsight_options': {'cuda-graph-trace': 'graph',
[36m(TaskRunner pid=1871981)[0m                                                                                    'cuda-memory-usage': 'true',
[36m(TaskRunner pid=1871981)[0m                                                                                    'trace': 'cuda,nvtx,cublas,ucx'},
[36m(TaskRunner pid=1871981)[0m                                                      'discrete': False,
[36m(TaskRunner pid=1871981)[0m                                                      'worker_nsight_options': {'capture-range': 'cudaProfilerApi',
[36m(TaskRunner pid=1871981)[0m                                                                                'capture-range-end': None,
[36m(TaskRunner pid=1871981)[0m                                                                                'cuda-graph-trace': 'graph',
[36m(TaskRunner pid=1871981)[0m                                                                                'cuda-memory-usage': 'true',
[36m(TaskRunner pid=1871981)[0m                                                                                'kill': 'none',
[36m(TaskRunner pid=1871981)[0m                                                                                'trace': 'cuda,nvtx,cublas,ucx'}},
[36m(TaskRunner pid=1871981)[0m                                             'torch_memory': {'context': 'all',
[36m(TaskRunner pid=1871981)[0m                                                              'kw_args': {},
[36m(TaskRunner pid=1871981)[0m                                                              'stack_depth': 32,
[36m(TaskRunner pid=1871981)[0m                                                              'stacks': 'all',
[36m(TaskRunner pid=1871981)[0m                                                              'trace_alloc_max_entries': 100000}},
[36m(TaskRunner pid=1871981)[0m                      'profile_continuous_steps': False,
[36m(TaskRunner pid=1871981)[0m                      'save_path': 'outputs/profile',
[36m(TaskRunner pid=1871981)[0m                      'steps': None,
[36m(TaskRunner pid=1871981)[0m                      'tool': None},
[36m(TaskRunner pid=1871981)[0m  'max_model_len': 18944,
[36m(TaskRunner pid=1871981)[0m  'ray_kwargs': {'ray_init': {'num_cpus': None}, 'timeline_json_file': None},
[36m(TaskRunner pid=1871981)[0m  'reward_manager': {'_target_': 'verl.trainer.config.config.RewardManagerConfig',
[36m(TaskRunner pid=1871981)[0m                     'module': {'_target_': 'verl.trainer.config.config.ModuleConfig',
[36m(TaskRunner pid=1871981)[0m                                'name': 'custom_reward_manager',
[36m(TaskRunner pid=1871981)[0m                                'path': None},
[36m(TaskRunner pid=1871981)[0m                     'name': 'naive',
[36m(TaskRunner pid=1871981)[0m                     'source': 'register'},
[36m(TaskRunner pid=1871981)[0m  'reward_model': {'enable': False,
[36m(TaskRunner pid=1871981)[0m                   'enable_resource_pool': False,
[36m(TaskRunner pid=1871981)[0m                   'forward_max_token_len_per_gpu': 32768,
[36m(TaskRunner pid=1871981)[0m                   'launch_reward_fn_async': False,
[36m(TaskRunner pid=1871981)[0m                   'max_length': None,
[36m(TaskRunner pid=1871981)[0m                   'micro_batch_size': None,
[36m(TaskRunner pid=1871981)[0m                   'micro_batch_size_per_gpu': None,
[36m(TaskRunner pid=1871981)[0m                   'model': {'external_lib': None,
[36m(TaskRunner pid=1871981)[0m                             'fsdp_config': {'_target_': 'verl.workers.config.FSDPEngineConfig',
[36m(TaskRunner pid=1871981)[0m                                             'forward_prefetch': False,
[36m(TaskRunner pid=1871981)[0m                                             'fsdp_size': -1,
[36m(TaskRunner pid=1871981)[0m                                             'param_offload': False,
[36m(TaskRunner pid=1871981)[0m                                             'reshard_after_forward': True,
[36m(TaskRunner pid=1871981)[0m                                             'wrap_policy': {'min_num_params': 0}},
[36m(TaskRunner pid=1871981)[0m                             'input_tokenizer': '/inspire/hdd/global_user/mengweicheng-240108120092/lzy/models/Qwen3.5-4B',
[36m(TaskRunner pid=1871981)[0m                             'override_config': {},
[36m(TaskRunner pid=1871981)[0m                             'path': '~/models/FsfairX-LLaMA3-RM-v0.1',
[36m(TaskRunner pid=1871981)[0m                             'trust_remote_code': False,
[36m(TaskRunner pid=1871981)[0m                             'use_fused_kernels': False,
[36m(TaskRunner pid=1871981)[0m                             'use_remove_padding': False,
[36m(TaskRunner pid=1871981)[0m                             'use_shm': False},
[36m(TaskRunner pid=1871981)[0m                   'n_gpus_per_node': 8,
[36m(TaskRunner pid=1871981)[0m                   'nnodes': 0,
[36m(TaskRunner pid=1871981)[0m                   'num_workers': 1,
[36m(TaskRunner pid=1871981)[0m                   'profiler': {'_target_': 'verl.utils.profiler.ProfilerConfig',
[36m(TaskRunner pid=1871981)[0m                                'all_ranks': False,
[36m(TaskRunner pid=1871981)[0m                                'enable': False,
[36m(TaskRunner pid=1871981)[0m                                'ranks': [],
[36m(TaskRunner pid=1871981)[0m                                'save_path': 'outputs/profile',
[36m(TaskRunner pid=1871981)[0m                                'tool': None,
[36m(TaskRunner pid=1871981)[0m                                'tool_config': {'npu': {'_target_': 'verl.utils.profiler.config.NPUToolConfig',
[36m(TaskRunner pid=1871981)[0m                                                        'analysis': True,
[36m(TaskRunner pid=1871981)[0m                                                        'contents': [],
[36m(TaskRunner pid=1871981)[0m                                                        'discrete': False,
[36m(TaskRunner pid=1871981)[0m                                                        'level': 'level0'},
[36m(TaskRunner pid=1871981)[0m                                                'nsys': {'_target_': 'verl.utils.profiler.config.NsightToolConfig',
[36m(TaskRunner pid=1871981)[0m                                                         'discrete': False},
[36m(TaskRunner pid=1871981)[0m                                                'torch': {'_target_': 'verl.utils.profiler.config.TorchProfilerToolConfig',
[36m(TaskRunner pid=1871981)[0m                                                          'step_end': None,
[36m(TaskRunner pid=1871981)[0m                                                          'step_start': 0},
[36m(TaskRunner pid=1871981)[0m                                                'torch_memory': {'_target_': 'verl.utils.profiler.config.TorchMemoryToolConfig',
[36m(TaskRunner pid=1871981)[0m                                                                 'stack_depth': 32,
[36m(TaskRunner pid=1871981)[0m                                                                 'trace_alloc_max_entries': 100000}}},
[36m(TaskRunner pid=1871981)[0m                   'reward_loop_class_name': None,
[36m(TaskRunner pid=1871981)[0m                   'reward_loop_module_path': None,
[36m(TaskRunner pid=1871981)[0m                   'reward_loop_source': 'register',
[36m(TaskRunner pid=1871981)[0m                   'reward_manager': 'naive',
[36m(TaskRunner pid=1871981)[0m                   'rollout': {'_target_': 'verl.workers.config.RolloutConfig',
[36m(TaskRunner pid=1871981)[0m                               'cudagraph_capture_sizes': None,
[36m(TaskRunner pid=1871981)[0m                               'data_parallel_size': 1,
[36m(TaskRunner pid=1871981)[0m                               'disable_log_stats': True,
[36m(TaskRunner pid=1871981)[0m                               'dtype': 'bfloat16',
[36m(TaskRunner pid=1871981)[0m                               'enable_chunked_prefill': True,
[36m(TaskRunner pid=1871981)[0m                               'enable_prefix_caching': True,
[36m(TaskRunner pid=1871981)[0m                               'enforce_eager': True,
[36m(TaskRunner pid=1871981)[0m                               'engine_kwargs': {},
[36m(TaskRunner pid=1871981)[0m                               'expert_parallel_size': 1,
[36m(TaskRunner pid=1871981)[0m                               'free_cache_engine': True,
[36m(TaskRunner pid=1871981)[0m                               'gpu_memory_utilization': 0.5,
[36m(TaskRunner pid=1871981)[0m                               'limit_images': None,
[36m(TaskRunner pid=1871981)[0m                               'load_format': 'auto',
[36m(TaskRunner pid=1871981)[0m                               'max_model_len': None,
[36m(TaskRunner pid=1871981)[0m                               'max_num_batched_tokens': 8192,
[36m(TaskRunner pid=1871981)[0m                               'max_num_seqs': 1024,
[36m(TaskRunner pid=1871981)[0m                               'name': '???',
[36m(TaskRunner pid=1871981)[0m                               'prompt_length': 2048,
[36m(TaskRunner pid=1871981)[0m                               'response_length': 2048,
[36m(TaskRunner pid=1871981)[0m                               'skip_tokenizer_init': False,
[36m(TaskRunner pid=1871981)[0m                               'tensor_model_parallel_size': 2},
[36m(TaskRunner pid=1871981)[0m                   'sandbox_fusion': {'max_concurrent': 64,
[36m(TaskRunner pid=1871981)[0m                                      'memory_limit_mb': 1024,
[36m(TaskRunner pid=1871981)[0m                                      'url': None},
[36m(TaskRunner pid=1871981)[0m                   'strategy': 'fsdp',
[36m(TaskRunner pid=1871981)[0m                   'ulysses_sequence_parallel_size': 1,
[36m(TaskRunner pid=1871981)[0m                   'use_dynamic_bsz': True,
[36m(TaskRunner pid=1871981)[0m                   'use_reward_loop': False},
[36m(TaskRunner pid=1871981)[0m  'trainer': {'balance_batch': True,
[36m(TaskRunner pid=1871981)[0m              'critic_warmup': 0,
[36m(TaskRunner pid=1871981)[0m              'default_hdfs_dir': None,
[36m(TaskRunner pid=1871981)[0m              'default_local_dir': '/inspire/hdd/global_user/mengweicheng-240108120092/lzy/projects/Dual-Track-OPD/third_party/Vision-OPD/checkpoints/Vision-OPD-Qwen3.5-4B',
[36m(TaskRunner pid=1871981)[0m              'del_local_ckpt_after_load': False,
[36m(TaskRunner pid=1871981)[0m              'device': 'cuda',
[36m(TaskRunner pid=1871981)[0m              'esi_redundant_time': 0,
[36m(TaskRunner pid=1871981)[0m              'experiment_name': 'Vision-OPD-Qwen3.5-4B',
[36m(TaskRunner pid=1871981)[0m              'group_name': 'Vision-OPD-Qwen3.5-4B',
[36m(TaskRunner pid=1871981)[0m              'log_val_generations': 0,
[36m(TaskRunner pid=1871981)[0m              'logger': ['console', 'tensorboard'],
[36m(TaskRunner pid=1871981)[0m              'max_actor_ckpt_to_keep': None,
[36m(TaskRunner pid=1871981)[0m              'max_critic_ckpt_to_keep': None,
[36m(TaskRunner pid=1871981)[0m              'n_gpus_per_node': 8,
[36m(TaskRunner pid=1871981)[0m              'nnodes': 1,
[36m(TaskRunner pid=1871981)[0m              'project_name': 'Vision-OPD',
[36m(TaskRunner pid=1871981)[0m              'ray_wait_register_center_timeout': 300,
[36m(TaskRunner pid=1871981)[0m              'resume_from_path': None,
[36m(TaskRunner pid=1871981)[0m              'resume_mode': 'auto',
[36m(TaskRunner pid=1871981)[0m              'rollout_data_dir': '/inspire/hdd/global_user/mengweicheng-240108120092/lzy/projects/Dual-Track-OPD/third_party/Vision-OPD/rollouts/Vision-OPD-Qwen3.5-4B',
[36m(TaskRunner pid=1871981)[0m              'save_freq': -1,
[36m(TaskRunner pid=1871981)[0m              'test_freq': -1,
[36m(TaskRunner pid=1871981)[0m              'total_epochs': 1,
[36m(TaskRunner pid=1871981)[0m              'total_training_steps': None,
[36m(TaskRunner pid=1871981)[0m              'use_legacy_worker_impl': 'auto',
[36m(TaskRunner pid=1871981)[0m              'val_before_train': False,
[36m(TaskRunner pid=1871981)[0m              'val_only': False,
[36m(TaskRunner pid=1871981)[0m              'validation_data_dir': None},
[36m(TaskRunner pid=1871981)[0m  'transfer_queue': {'enable': False},
[36m(TaskRunner pid=1871981)[0m  'vars': {'ckpt_dir': './checkpoints', 'dir': './data', 'log_dir': './output'}}
[36m(TaskRunner pid=1871981)[0m [validate_config] All configuration checks passed successfully!
[36m(TaskRunner pid=1871981)[0m /inspire/hdd/global_user/mengweicheng-240108120092/lzy/projects/Dual-Track-OPD/third_party/Vision-OPD/verl/trainer/main_ppo.py:315: UserWarning: Disabled critic as algorithm.adv_estimator != gae. If it is not intended, please set critic.enable=True
[36m(TaskRunner pid=1871981)[0m   use_critic=need_critic(config),
[36m(TaskRunner pid=1871981)[0m /inspire/hdd/global_user/mengweicheng-240108120092/lzy/projects/Dual-Track-OPD/third_party/Vision-OPD/verl/utils/profiler/config.py:52: UserWarning: Torch profiler tool config is not fully supported now.
[36m(TaskRunner pid=1871981)[0m   warnings.warn("Torch profiler tool config is not fully supported now.", stacklevel=1)
[36m(TaskRunner pid=1871981)[0m The `use_fast` parameter is deprecated and will be removed in a future version. Use `backend="torchvision"` instead of `use_fast=True`, or `backend="pil"` instead of `use_fast=False`.
[36m(TaskRunner pid=1871981)[0m Using dataset class: RLHFDataset
[36m(TaskRunner pid=1871981)[0m dataset len: 6241
[36m(TaskRunner pid=1871981)[0m Size of train dataloader: 65, Size of val dataloader: 0
[36m(TaskRunner pid=1871981)[0m Total training steps: 65
[36m(TaskRunner pid=1871981)[0m colocated worker base class <class 'verl.single_controller.base.worker.Worker'>
[36m(TaskRunner pid=1871981)[0m bind role actor_rollout_ref method chat_completion to class <class 'verl.single_controller.ray.base.create_colocated_worker_cls.<locals>.WorkerDict'>
[36m(TaskRunner pid=1871981)[0m bind role actor_rollout_ref method generate to class <class 'verl.single_controller.ray.base.create_colocated_worker_cls.<locals>.WorkerDict'>
[36m(TaskRunner pid=1871981)[0m bind role actor_rollout_ref method get_zeromq_address to class <class 'verl.single_controller.ray.base.create_colocated_worker_cls.<locals>.WorkerDict'>
[36m(TaskRunner pid=1871981)[0m bind role actor_rollout_ref method sleep to class <class 'verl.single_controller.ray.base.create_colocated_worker_cls.<locals>.WorkerDict'>
[36m(TaskRunner pid=1871981)[0m bind role actor_rollout_ref method wake_up to class <class 'verl.single_controller.ray.base.create_colocated_worker_cls.<locals>.WorkerDict'>
[36m(TaskRunner pid=1871981)[0m /inspire/hdd/global_user/mengweicheng-240108120092/lzy/projects/Dual-Track-OPD/third_party/Vision-OPD/verl/trainer/ppo/ray_trainer.py:384: UserWarning: Disabled critic as algorithm.adv_estimator != gae. If it is not intended, please set critic.enable=True
[36m(TaskRunner pid=1871981)[0m   self.use_critic = need_critic(self.config)
[36m(WorkerDict pid=1922409)[0m [Gloo] Rank 0 is connected to 7 peer ranks. Expected number of connected peer ranks is : 7
[36m(WorkerDict pid=1922409)[0m Model config after override: Qwen3_5Config {
[36m(WorkerDict pid=1922409)[0m   "architectures": [
[36m(WorkerDict pid=1922409)[0m     "Qwen3_5ForConditionalGeneration"
[36m(WorkerDict pid=1922409)[0m   ],
[36m(WorkerDict pid=1922409)[0m   "bos_token_id": null,
[36m(WorkerDict pid=1922409)[0m   "eos_token_id": 248046,
[36m(WorkerDict pid=1922409)[0m   "image_token_id": 248056,
[36m(WorkerDict pid=1922409)[0m   "model_type": "qwen3_5",
[36m(WorkerDict pid=1922409)[0m   "pad_token_id": 248044,
[36m(WorkerDict pid=1922409)[0m   "text_config": {
[36m(WorkerDict pid=1922409)[0m     "attention_bias": false,
[36m(WorkerDict pid=1922409)[0m     "attention_dropout": 0.0,
[36m(WorkerDict pid=1922409)[0m     "attn_output_gate": true,
[36m(WorkerDict pid=1922409)[0m     "bos_token_id": null,
[36m(WorkerDict pid=1922409)[0m     "dtype": "bfloat16",
[36m(WorkerDict pid=1922409)[0m     "eos_token_id": 248044,
[36m(WorkerDict pid=1922409)[0m     "full_attention_interval": 4,
[36m(WorkerDict pid=1922409)[0m     "head_dim": 256,
[36m(WorkerDict pid=1922409)[0m     "hidden_act": "silu",
[36m(WorkerDict pid=1922409)[0m     "hidden_size": 2560,
[36m(WorkerDict pid=1922409)[0m     "initializer_range": 0.02,
[36m(WorkerDict pid=1922409)[0m     "intermediate_size": 9216,
[36m(WorkerDict pid=1922409)[0m     "layer_types": [
[36m(WorkerDict pid=1922409)[0m       "linear_attention",
[36m(WorkerDict pid=1922409)[0m       "linear_attention",
[36m(WorkerDict pid=1922409)[0m       "linear_attention",
[36m(WorkerDict pid=1922409)[0m       "full_attention",
[36m(WorkerDict pid=1922409)[0m       "linear_attention",
[36m(WorkerDict pid=1922409)[0m       "linear_attention",
[36m(WorkerDict pid=1922409)[0m       "linear_attention",
[36m(WorkerDict pid=1922409)[0m       "full_attention",
[36m(WorkerDict pid=1922409)[0m       "linear_attention",
[36m(WorkerDict pid=1922409)[0m       "linear_attention",
[36m(WorkerDict pid=1922409)[0m       "linear_attention",
[36m(WorkerDict pid=1922409)[0m       "full_attention",
[36m(WorkerDict pid=1922409)[0m       "linear_attention",
[36m(WorkerDict pid=1922409)[0m       "linear_attention",
[36m(WorkerDict pid=1922409)[0m       "linear_attention",
[36m(WorkerDict pid=1922409)[0m       "full_attention",
[36m(WorkerDict pid=1922409)[0m       "linear_attention",
[36m(WorkerDict pid=1922409)[0m       "linear_attention",
[36m(WorkerDict pid=1922409)[0m       "linear_attention",
[36m(WorkerDict pid=1922409)[0m       "full_attention",
[36m(WorkerDict pid=1922409)[0m       "linear_attention",
[36m(WorkerDict pid=1922409)[0m       "linear_attention",
[36m(WorkerDict pid=1922409)[0m       "linear_attention",
[36m(WorkerDict pid=1922409)[0m       "full_attention",
[36m(WorkerDict pid=1922409)[0m       "linear_attention",
[36m(WorkerDict pid=1922409)[0m       "linear_attention",
[36m(WorkerDict pid=1922409)[0m       "linear_attention",
[36m(WorkerDict pid=1922409)[0m       "full_attention",
[36m(WorkerDict pid=1922409)[0m       "linear_attention",
[36m(WorkerDict pid=1922409)[0m       "linear_attention",
[36m(WorkerDict pid=1922409)[0m       "linear_attention",
[36m(WorkerDict pid=1922409)[0m       "full_attention"
[36m(WorkerDict pid=1922409)[0m     ],
[36m(WorkerDict pid=1922409)[0m     "linear_conv_kernel_dim": 4,
[36m(WorkerDict pid=1922409)[0m     "linear_key_head_dim": 128,
[36m(WorkerDict pid=1922409)[0m     "linear_num_key_heads": 16,
[36m(WorkerDict pid=1922409)[0m     "linear_num_value_heads": 32,
[36m(WorkerDict pid=1922409)[0m     "linear_value_head_dim": 128,
[36m(WorkerDict pid=1922409)[0m     "mamba_ssm_dtype": "float32",
[36m(WorkerDict pid=1922409)[0m     "max_position_embeddings": 262144,
[36m(WorkerDict pid=1922409)[0m     "mlp_only_layers": [],
[36m(WorkerDict pid=1922409)[0m     "model_type": "qwen3_5_text",
[36m(WorkerDict pid=1922409)[0m     "mtp_num_hidden_layers": 1,
[36m(WorkerDict pid=1922409)[0m     "mtp_use_dedicated_embeddings": false,
[36m(WorkerDict pid=1922409)[0m     "num_attention_heads": 16,
[36m(WorkerDict pid=1922409)[0m     "num_hidden_layers": 32,
[36m(WorkerDict pid=1922409)[0m     "num_key_value_heads": 4,
[36m(WorkerDict pid=1922409)[0m     "pad_token_id": null,
[36m(WorkerDict pid=1922409)[0m     "partial_rotary_factor": 0.25,
[36m(WorkerDict pid=1922409)[0m     "rms_norm_eps": 1e-06,
[36m(WorkerDict pid=1922409)[0m     "rope_parameters": {
[36m(WorkerDict pid=1922409)[0m       "mrope_interleaved": true,
[36m(WorkerDict pid=1922409)[0m       "mrope_section": [
[36m(WorkerDict pid=1922409)[0m         11,
[36m(WorkerDict pid=1922409)[0m         11,
[36m(WorkerDict pid=1922409)[0m         10
[36m(WorkerDict pid=1922409)[0m       ],
[36m(WorkerDict pid=1922409)[0m       "partial_rotary_factor": 0.25,
[36m(WorkerDict pid=1922409)[0m       "rope_theta": 10000000,
[36m(WorkerDict pid=1922409)[0m       "rope_type": "default"
[36m(WorkerDict pid=1922409)[0m     },
[36m(WorkerDict pid=1922409)[0m     "tie_word_embeddings": true,
[36m(WorkerDict pid=1922409)[0m     "use_cache": true,
[36m(WorkerDict pid=1922409)[0m     "vocab_size": 248320
[36m(WorkerDict pid=1922409)[0m   },
[36m(WorkerDict pid=1922409)[0m   "tie_word_embeddings": true,
[36m(WorkerDict pid=1922409)[0m   "transformers_version": "5.5.0",
[36m(WorkerDict pid=1922409)[0m   "video_token_id": 248057,
[36m(WorkerDict pid=1922409)[0m   "vision_config": {
[36m(WorkerDict pid=1922409)[0m     "deepstack_visual_indexes": [],
[36m(WorkerDict pid=1922409)[0m     "depth": 24,
[36m(WorkerDict pid=1922409)[0m     "hidden_act": "gelu_pytorch_tanh",
[36m(WorkerDict pid=1922409)[0m     "hidden_size": 1024,
[36m(WorkerDict pid=1922409)[0m     "in_channels": 3,
[36m(WorkerDict pid=1922409)[0m     "initializer_range": 0.02,
[36m(WorkerDict pid=1922409)[0m     "intermediate_size": 4096,
[36m(WorkerDict pid=1922409)[0m     "model_type": "qwen3_5",
[36m(WorkerDict pid=1922409)[0m     "num_heads": 16,
[36m(WorkerDict pid=1922409)[0m     "num_position_embeddings": 2304,
[36m(WorkerDict pid=1922409)[0m     "out_hidden_size": 2560,
[36m(WorkerDict pid=1922409)[0m     "patch_size": 16,
[36m(WorkerDict pid=1922409)[0m     "spatial_merge_size": 2,
[36m(WorkerDict pid=1922409)[0m     "temporal_patch_size": 2
[36m(WorkerDict pid=1922409)[0m   },
[36m(WorkerDict pid=1922409)[0m   "vision_end_token_id": 248054,
[36m(WorkerDict pid=1922409)[0m   "vision_start_token_id": 248053
[36m(WorkerDict pid=1922409)[0m }
[36m(WorkerDict pid=1922409)[0m 
[36m(WorkerDict pid=1922431)[0m Flash Attention 2 only supports torch.float16 and torch.bfloat16 dtypes, but the current dype in Qwen3_5ForConditionalGeneration is torch.float32. You should run training or inference using Automatic Mixed-Precision via the `with torch.autocast(device_type='torch_device'):` decorator, or load the model with the `dtype` argument. Example: `model = AutoModel.from_pretrained("meta-llama/Llama-3.2-1B", attn_implementation="flash_attention_2", dtype=torch.float16)`
[36m(WorkerDict pid=1922431)[0m Flash Attention 2 only supports torch.float16 and torch.bfloat16 dtypes, but the current dype in Qwen3_5Model is torch.float32. You should run training or inference using Automatic Mixed-Precision via the `with torch.autocast(device_type='torch_device'):` decorator, or load the model with the `dtype` argument. Example: `model = AutoModel.from_pretrained("meta-llama/Llama-3.2-1B", attn_implementation="flash_attention_2", dtype=torch.float16)`
[36m(WorkerDict pid=1922431)[0m Flash Attention 2 only supports torch.float16 and torch.bfloat16 dtypes, but the current dype in Qwen3_5VisionModel is torch.float32. You should run training or inference using Automatic Mixed-Precision via the `with torch.autocast(device_type='torch_device'):` decorator, or load the model with the `dtype` argument. Example: `model = AutoModel.from_pretrained("meta-llama/Llama-3.2-1B", attn_implementation="flash_attention_2", dtype=torch.float16)`
[36m(WorkerDict pid=1922431)[0m Flash Attention 2 only supports torch.float16 and torch.bfloat16 dtypes, but the current dype in Qwen3_5TextModel is torch.float32. You should run training or inference using Automatic Mixed-Precision via the `with torch.autocast(device_type='torch_device'):` decorator, or load the model with the `dtype` argument. Example: `model = AutoModel.from_pretrained("meta-llama/Llama-3.2-1B", attn_implementation="flash_attention_2", dtype=torch.float16)`
[36m(WorkerDict pid=1922431)[0m The fast path is not available because one of the required library is not installed. Falling back to torch implementation. To install follow https://github.com/fla-org/flash-linear-attention#installation and https://github.com/Dao-AILab/causal-conv1d
[36m(WorkerDict pid=1922431)[0m Loading weights:   0%|          | 0/723 [00:00<?, ?it/s]
[36m(WorkerDict pid=1922431)[0m Loading weights:   0%|          | 1/723 [00:01<17:38,  1.47s/it]
[36m(WorkerDict pid=1922451)[0m Loading weights:  63%|██████▎   | 452/723 [00:02<00:01, 220.59it/s]Loading weights:  82%|████████▏ | 590/723 [00:02<00:00, 362.37it/s]
[36m(WorkerDict pid=1922431)[0m Loading weights:  99%|█████████▉| 716/723 [00:02<00:00, 445.07it/s]Loading weights: 100%|██████████| 723/723 [00:02<00:00, 264.09it/s]
[36m(WorkerDict pid=1922431)[0m Monkey patch Qwen3_5ForConditionalGeneration model forward
[36m(WorkerDict pid=1922431)[0m Monkey patch _flash_attention_forward in transformers.integrations.flash_attention
[36m(WorkerDict pid=1922431)[0m Skipping monkey patch for Qwen3_5ForConditionalGeneration as use_fused_kernels is False or fused_kernels_backend is torch
[36m(WorkerDict pid=1922451)[0m [Gloo] Rank 6 is connected to 7 peer ranks. Expected number of connected peer ranks is : 7[32m [repeated 7x across cluster] (Ray deduplicates logs by default. Set RAY_DEDUP_LOGS=0 to disable log deduplication, or see https://docs.ray.io/en/master/ray-observability/user-guides/configure-logging.html#log-deduplication for more options.)[0m
[36m(WorkerDict pid=1922409)[0m Loading weights: 100%|██████████| 723/723 [00:03<00:00, 237.47it/s]
[36m(WorkerDict pid=1922409)[0m Qwen3_5ForConditionalGeneration contains 4.54B parameters
[36m(WorkerDict pid=1922409)[0m wrap_policy: functools.partial(<function _or_policy at 0x7f952c5360c0>, policies=[functools.partial(<function transformer_auto_wrap_policy at 0x7f952c535f80>, transformer_layer_cls={<class 'transformers.models.qwen3_5.modeling_qwen3_5.Qwen3_5VisionBlock'>, <class 'transformers.models.qwen3_5.modeling_qwen3_5.Qwen3_5DecoderLayer'>})])
[36m(WorkerDict pid=1922409)[0m NCCL version 2.27.5+cuda12.9
[36m(WorkerDict pid=1922409)[0m Total steps: 65, num_warmup_steps: 10
[36m(WorkerDict pid=1922418)[0m Monkey patch Qwen3_5ForConditionalGeneration model forward[32m [repeated 7x across cluster][0m
[36m(WorkerDict pid=1922418)[0m Monkey patch _flash_attention_forward in transformers.integrations.flash_attention[32m [repeated 7x across cluster][0m
[36m(WorkerDict pid=1922418)[0m Skipping monkey patch for Qwen3_5ForConditionalGeneration as use_fused_kernels is False or fused_kernels_backend is torch[32m [repeated 7x across cluster][0m
[36m(WorkerDict pid=1922418)[0m /inspire/hdd/global_user/mengweicheng-240108120092/lzy/projects/Dual-Track-OPD/third_party/Vision-OPD/verl/utils/profiler/config.py:52: UserWarning: Torch profiler tool config is not fully supported now.
[36m(WorkerDict pid=1922418)[0m   warnings.warn("Torch profiler tool config is not fully supported now.", stacklevel=1)
[36m(WorkerDict pid=1922418)[0m Flash Attention 2 only supports torch.float16 and torch.bfloat16 dtypes, but the current dype in Qwen3_5TextModel is torch.float32. You should run training or inference using Automatic Mixed-Precision via the `with torch.autocast(device_type='torch_device'):` decorator, or load the model with the `dtype` argument. Example: `model = AutoModel.from_pretrained("meta-llama/Llama-3.2-1B", attn_implementation="flash_attention_2", dtype=torch.float16)`[32m [repeated 28x across cluster][0m
[36m(WorkerDict pid=1922418)[0m The fast path is not available because one of the required library is not installed. Falling back to torch implementation. To install follow https://github.com/fla-org/flash-linear-attention#installation and https://github.com/Dao-AILab/causal-conv1d[32m [repeated 7x across cluster][0m
[36m(WorkerDict pid=1922438)[0m Loading weights:   0%|          | 0/723 [00:00<?, ?it/s][32m [repeated 7x across cluster][0m
[36m(WorkerDict pid=1922418)[0m Loading weights:  78%|███████▊  | 562/723 [00:02<00:00, 277.86it/s][32m [repeated 38x across cluster][0m
[36m(WorkerDict pid=1922418)[0m Loading weights:  98%|█████████▊| 705/723 [00:03<00:00, 402.77it/s]Loading weights: 100%|██████████| 723/723 [00:03<00:00, 232.44it/s][32m [repeated 2x across cluster][0m
[36m(WorkerDict pid=1922438)[0m Loading weights: 100%|██████████| 723/723 [00:02<00:00, 243.86it/s][32m [repeated 4x across cluster][0m
[36m(WorkerDict pid=1922409)[0m Actor use_remove_padding=True
[36m(WorkerDict pid=1922409)[0m Actor use_fused_kernels=False
[36m(WorkerDict pid=1922409)[0m Actor use_prefix_grouper=False
[36m(WorkerDict pid=1922451)[0m [Gloo] Rank 0 is connected to 0 peer ranks. Expected number of connected peer ranks is : 0
[36m(WorkerDict pid=1922451)[0m [Gloo] Rank 0 is connected to 0 peer ranks. Expected number of connected peer ranks is : 0
[36m(WorkerDict pid=1922451)[0m /inspire/hdd/global_user/mengweicheng-240108120092/lzy/projects/Dual-Track-OPD/third_party/Vision-OPD/verl/workers/fsdp_workers.py:666: FutureWarning: FSDP.state_dict_type() and FSDP.set_state_dict_type() are being deprecated. Please use APIs, get_state_dict() and set_state_dict(), which can support different parallelisms, FSDP1, FSDP2, DDP. API doc: https://pytorch.org/docs/stable/distributed.checkpoint.html#torch.distributed.checkpoint.state_dict.get_state_dict .Tutorial: https://pytorch.org/tutorials/recipes/distributed_checkpoint_recipe.html .
[36m(WorkerDict pid=1922451)[0m   FSDP.set_state_dict_type(
[36m(WorkerDict pid=1922409)[0m reference model: /inspire/hdd/global_user/mengweicheng-240108120092/lzy/models/Qwen3.5-4B
[36m(WorkerDict pid=1922431)[0m /inspire/hdd/global_user/mengweicheng-240108120092/lzy/projects/Dual-Track-OPD/third_party/Vision-OPD/verl/utils/profiler/config.py:52: UserWarning: Torch profiler tool config is not fully supported now.[32m [repeated 7x across cluster][0m
[36m(WorkerDict pid=1922431)[0m   warnings.warn("Torch profiler tool config is not fully supported now.", stacklevel=1)[32m [repeated 7x across cluster][0m
[36m(WorkerDict pid=1922451)[0m Loading weights:   0%|          | 0/723 [00:00<?, ?it/s]
[36m(WorkerDict pid=1922431)[0m Loading weights:   0%|          | 0/723 [00:00<?, ?it/s]
[36m(WorkerDict pid=1922409)[0m Model config after override: Qwen3_5Config {
[36m(WorkerDict pid=1922409)[0m   "architectures": [
[36m(WorkerDict pid=1922409)[0m     "Qwen3_5ForConditionalGeneration"
[36m(WorkerDict pid=1922409)[0m   ],
[36m(WorkerDict pid=1922409)[0m   "bos_token_id": null,
[36m(WorkerDict pid=1922409)[0m   "eos_token_id": 248046,
[36m(WorkerDict pid=1922409)[0m   "image_token_id": 248056,
[36m(WorkerDict pid=1922409)[0m   "model_type": "qwen3_5",
[36m(WorkerDict pid=1922409)[0m   "pad_token_id": 248044,
[36m(WorkerDict pid=1922409)[0m   "text_config": {
[36m(WorkerDict pid=1922409)[0m     "attention_bias": false,
[36m(WorkerDict pid=1922409)[0m     "attention_dropout": 0.0,
[36m(WorkerDict pid=1922409)[0m     "attn_output_gate": true,
[36m(WorkerDict pid=1922409)[0m     "bos_token_id": null,
[36m(WorkerDict pid=1922409)[0m     "dtype": "bfloat16",
[36m(WorkerDict pid=1922409)[0m     "eos_token_id": 248044,
[36m(WorkerDict pid=1922409)[0m     "full_attention_interval": 4,
[36m(WorkerDict pid=1922409)[0m     "head_dim": 256,
[36m(WorkerDict pid=1922409)[0m     "hidden_act": "silu",
[36m(WorkerDict pid=1922409)[0m     "hidden_size": 2560,
[36m(WorkerDict pid=1922409)[0m     "initializer_range": 0.02,
[36m(WorkerDict pid=1922409)[0m     "intermediate_size": 9216,
[36m(WorkerDict pid=1922409)[0m     "layer_types": [
[36m(WorkerDict pid=1922409)[0m       "linear_attention",
[36m(WorkerDict pid=1922409)[0m       "linear_attention",
[36m(WorkerDict pid=1922409)[0m       "linear_attention",
[36m(WorkerDict pid=1922409)[0m       "full_attention",
[36m(WorkerDict pid=1922409)[0m       "linear_attention",
[36m(WorkerDict pid=1922409)[0m       "linear_attention",
[36m(WorkerDict pid=1922409)[0m       "linear_attention",
[36m(WorkerDict pid=1922409)[0m       "full_attention",
[36m(WorkerDict pid=1922409)[0m       "linear_attention",
[36m(WorkerDict pid=1922409)[0m       "linear_attention",
[36m(WorkerDict pid=1922409)[0m       "linear_attention",
[36m(WorkerDict pid=1922409)[0m       "full_attention",
[36m(WorkerDict pid=1922409)[0m       "linear_attention",
[36m(WorkerDict pid=1922409)[0m       "linear_attention",
[36m(WorkerDict pid=1922409)[0m       "linear_attention",
[36m(WorkerDict pid=1922409)[0m       "full_attention",
[36m(WorkerDict pid=1922409)[0m       "linear_attention",
[36m(WorkerDict pid=1922409)[0m       "linear_attention",
[36m(WorkerDict pid=1922409)[0m       "linear_attention",
[36m(WorkerDict pid=1922409)[0m       "full_attention",
[36m(WorkerDict pid=1922409)[0m       "linear_attention",
[36m(WorkerDict pid=1922409)[0m       "linear_attention",
[36m(WorkerDict pid=1922409)[0m       "linear_attention",
[36m(WorkerDict pid=1922409)[0m       "full_attention",
[36m(WorkerDict pid=1922409)[0m       "linear_attention",
[36m(WorkerDict pid=1922409)[0m       "linear_attention",
[36m(WorkerDict pid=1922409)[0m       "linear_attention",
[36m(WorkerDict pid=1922409)[0m       "full_attention",
[36m(WorkerDict pid=1922409)[0m       "linear_attention",
[36m(WorkerDict pid=1922409)[0m       "linear_attention",
[36m(WorkerDict pid=1922409)[0m       "linear_attention",
[36m(WorkerDict pid=1922409)[0m       "full_attention"
[36m(WorkerDict pid=1922409)[0m     ],
[36m(WorkerDict pid=1922409)[0m     "linear_conv_kernel_dim": 4,
[36m(WorkerDict pid=1922409)[0m     "linear_key_head_dim": 128,
[36m(WorkerDict pid=1922409)[0m     "linear_num_key_heads": 16,
[36m(WorkerDict pid=1922409)[0m     "linear_num_value_heads": 32,
[36m(WorkerDict pid=1922409)[0m     "linear_value_head_dim": 128,
[36m(WorkerDict pid=1922409)[0m     "mamba_ssm_dtype": "float32",
[36m(WorkerDict pid=1922409)[0m     "max_position_embeddings": 262144,
[36m(WorkerDict pid=1922409)[0m     "mlp_only_layers": [],
[36m(WorkerDict pid=1922409)[0m     "model_type": "qwen3_5_text",
[36m(WorkerDict pid=1922409)[0m     "mtp_num_hidden_layers": 1,
[36m(WorkerDict pid=1922409)[0m     "mtp_use_dedicated_embeddings": false,
[36m(WorkerDict pid=1922409)[0m     "num_attention_heads": 16,
[36m(WorkerDict pid=1922409)[0m     "num_hidden_layers": 32,
[36m(WorkerDict pid=1922409)[0m     "num_key_value_heads": 4,
[36m(WorkerDict pid=1922409)[0m     "pad_token_id": null,
[36m(WorkerDict pid=1922409)[0m     "partial_rotary_factor": 0.25,
[36m(WorkerDict pid=1922409)[0m     "rms_norm_eps": 1e-06,
[36m(WorkerDict pid=1922409)[0m     "rope_parameters": {
[36m(WorkerDict pid=1922409)[0m       "mrope_interleaved": true,
[36m(WorkerDict pid=1922409)[0m       "mrope_section": [
[36m(WorkerDict pid=1922409)[0m         11,
[36m(WorkerDict pid=1922409)[0m         11,
[36m(WorkerDict pid=1922409)[0m         10
[36m(WorkerDict pid=1922409)[0m       ],
[36m(WorkerDict pid=1922409)[0m       "partial_rotary_factor": 0.25,
[36m(WorkerDict pid=1922409)[0m       "rope_theta": 10000000,
[36m(WorkerDict pid=1922409)[0m       "rope_type": "default"
[36m(WorkerDict pid=1922409)[0m     },
[36m(WorkerDict pid=1922409)[0m     "tie_word_embeddings": true,
[36m(WorkerDict pid=1922409)[0m     "use_cache": true,
[36m(WorkerDict pid=1922409)[0m     "vocab_size": 248320
[36m(WorkerDict pid=1922409)[0m   },
[36m(WorkerDict pid=1922409)[0m   "tie_word_embeddings": true,
[36m(WorkerDict pid=1922409)[0m   "transformers_version": "5.5.0",
[36m(WorkerDict pid=1922409)[0m   "video_token_id": 248057,
[36m(WorkerDict pid=1922409)[0m   "vision_config": {
[36m(WorkerDict pid=1922409)[0m     "deepstack_visual_indexes": [],
[36m(WorkerDict pid=1922409)[0m     "depth": 24,
[36m(WorkerDict pid=1922409)[0m     "hidden_act": "gelu_pytorch_tanh",
[36m(WorkerDict pid=1922409)[0m     "hidden_size": 1024,
[36m(WorkerDict pid=1922409)[0m     "in_channels": 3,
[36m(WorkerDict pid=1922409)[0m     "initializer_range": 0.02,
[36m(WorkerDict pid=1922409)[0m     "intermediate_size": 4096,
[36m(WorkerDict pid=1922409)[0m     "model_type": "qwen3_5",
[36m(WorkerDict pid=1922409)[0m     "num_heads": 16,
[36m(WorkerDict pid=1922409)[0m     "num_position_embeddings": 2304,
[36m(WorkerDict pid=1922409)[0m     "out_hidden_size": 2560,
[36m(WorkerDict pid=1922409)[0m     "patch_size": 16,
[36m(WorkerDict pid=1922409)[0m     "spatial_merge_size": 2,
[36m(WorkerDict pid=1922409)[0m     "temporal_patch_size": 2
[36m(WorkerDict pid=1922409)[0m   },
[36m(WorkerDict pid=1922409)[0m   "vision_end_token_id": 248054,
[36m(WorkerDict pid=1922409)[0m   "vision_start_token_id": 248053
[36m(WorkerDict pid=1922409)[0m }
[36m(WorkerDict pid=1922409)[0m 
[36m(WorkerDict pid=1922451)[0m Loading weights:   0%|          | 1/723 [00:01<16:26,  1.37s/it]
[36m(WorkerDict pid=1922451)[0m Loading weights:  33%|███▎      | 238/723 [00:01<00:02, 219.17it/s]
[36m(WorkerDict pid=1922451)[0m Loading weights:  92%|█████████▏| 662/723 [00:02<00:00, 437.79it/s]
[36m(WorkerDict pid=1922445)[0m /inspire/hdd/global_user/mengweicheng-240108120092/lzy/projects/Dual-Track-OPD/third_party/Vision-OPD/verl/workers/fsdp_workers.py:666: FutureWarning: FSDP.state_dict_type() and FSDP.set_state_dict_type() are being deprecated. Please use APIs, get_state_dict() and set_state_dict(), which can support different parallelisms, FSDP1, FSDP2, DDP. API doc: https://pytorch.org/docs/stable/distributed.checkpoint.html#torch.distributed.checkpoint.state_dict.get_state_dict .Tutorial: https://pytorch.org/tutorials/recipes/distributed_checkpoint_recipe.html .[32m [repeated 7x across cluster][0m
[36m(WorkerDict pid=1922445)[0m   FSDP.set_state_dict_type([32m [repeated 7x across cluster][0m
[36m(WorkerDict pid=1922451)[0m Loading weights: 100%|██████████| 723/723 [00:02<00:00, 270.92it/s]
[36m(WorkerDict pid=1922451)[0m Monkey patch Qwen3_5ForConditionalGeneration model forward
[36m(WorkerDict pid=1922451)[0m Monkey patch _flash_attention_forward in transformers.integrations.flash_attention
[36m(WorkerDict pid=1922451)[0m Skipping monkey patch for Qwen3_5ForConditionalGeneration as use_fused_kernels is False or fused_kernels_backend is torch
[36m(WorkerDict pid=1922445)[0m [Gloo] Rank 0 is connected to 0 peer ranks. Expected number of connected peer ranks is : 0[32m [repeated 14x across cluster][0m
[36m(WorkerDict pid=1922418)[0m Loading weights:  99%|█████████▉| 716/723 [00:03<00:00, 402.13it/s]Loading weights: 100%|██████████| 723/723 [00:03<00:00, 231.66it/s]
[36m(WorkerDict pid=1922409)[0m Qwen3_5ForConditionalGeneration contains 4.54B parameters
[36m(WorkerDict pid=1922409)[0m wrap_policy: functools.partial(<function _or_policy at 0x7f952c5360c0>, policies=[functools.partial(<function transformer_auto_wrap_policy at 0x7f952c535f80>, transformer_layer_cls={<class 'transformers.models.qwen3_5.modeling_qwen3_5.Qwen3_5VisionBlock'>, <class 'transformers.models.qwen3_5.modeling_qwen3_5.Qwen3_5DecoderLayer'>})])
[36m(WorkerDict pid=1922409)[0m Ref use_remove_padding=True
[36m(WorkerDict pid=1922409)[0m Ref use_fused_kernels=False
[36m(WorkerDict pid=1922409)[0m Ref use_prefix_grouper=False
[36m(WorkerDict pid=1922438)[0m Monkey patch Qwen3_5ForConditionalGeneration model forward[32m [repeated 7x across cluster][0m
[36m(WorkerDict pid=1922438)[0m Monkey patch _flash_attention_forward in transformers.integrations.flash_attention[32m [repeated 7x across cluster][0m
[36m(WorkerDict pid=1922438)[0m Skipping monkey patch for Qwen3_5ForConditionalGeneration as use_fused_kernels is False or fused_kernels_backend is torch[32m [repeated 7x across cluster][0m
[36m(TaskRunner pid=1871981)[0m W0624 07:51:54.758000 1871981 site-packages/torch/utils/cpp_extension.py:118] No CUDA runtime is found, using CUDA_HOME='/inspire/hdd/global_user/mengweicheng-240108120092/lzy/envs/cuda128-toolchain'
[36m(WorkerDict pid=1922445)[0m Loading weights:   0%|          | 0/723 [00:00<?, ?it/s][32m [repeated 6x across cluster][0m
[36m(WorkerDict pid=1922438)[0m Loading weights:  77%|███████▋  | 554/723 [00:03<00:00, 255.48it/s][32m [repeated 38x across cluster][0m
[36m(WorkerDict pid=1922445)[0m Loading weights: 100%|██████████| 723/723 [00:03<00:00, 233.60it/s][32m [repeated 5x across cluster][0m
[36m(WorkerDict pid=1922438)[0m Loading weights:  97%|█████████▋| 698/723 [00:03<00:00, 376.38it/s]Loading weights: 100%|██████████| 723/723 [00:03<00:00, 214.63it/s][32m [repeated 2x across cluster][0m
[36m(TaskRunner pid=1871981)[0m /inspire/hdd/global_user/mengweicheng-240108120092/lzy/projects/Dual-Track-OPD/third_party/Vision-OPD/verl/utils/profiler/config.py:52: UserWarning: Torch profiler tool config is not fully supported now.
[36m(TaskRunner pid=1871981)[0m   warnings.warn("Torch profiler tool config is not fully supported now.", stacklevel=1)
[36m(pid=1990474)[0m W0624 07:52:05.198000 1990474 site-packages/torch/utils/cpp_extension.py:118] No CUDA runtime is found, using CUDA_HOME='/inspire/hdd/global_user/mengweicheng-240108120092/lzy/envs/cuda128-toolchain'
[36m(pid=1990606)[0m W0624 07:52:05.197000 1990606 site-packages/torch/utils/cpp_extension.py:118] No CUDA runtime is found, using CUDA_HOME='/inspire/hdd/global_user/mengweicheng-240108120092/lzy/envs/cuda128-toolchain'
[36m(vLLMHttpServer pid=1990474)[0m ['serve',
[36m(vLLMHttpServer pid=1990474)[0m  '/inspire/hdd/global_user/mengweicheng-240108120092/lzy/models/Qwen3.5-4B',
[36m(vLLMHttpServer pid=1990474)[0m  '--dtype',
[36m(vLLMHttpServer pid=1990474)[0m  'bfloat16',
[36m(vLLMHttpServer pid=1990474)[0m  '--load_format',
[36m(vLLMHttpServer pid=1990474)[0m  'dummy',
[36m(vLLMHttpServer pid=1990474)[0m  '--trust_remote_code',
[36m(vLLMHttpServer pid=1990474)[0m  '--max_model_len',
[36m(vLLMHttpServer pid=1990474)[0m  '262144',
[36m(vLLMHttpServer pid=1990474)[0m  '--max_num_seqs',
[36m(vLLMHttpServer pid=1990474)[0m  '1024',
[36m(vLLMHttpServer pid=1990474)[0m  '--enable_chunked_prefill',
[36m(vLLMHttpServer pid=1990474)[0m  '--max_num_batched_tokens',
[36m(vLLMHttpServer pid=1990474)[0m  '9216',
[36m(vLLMHttpServer pid=1990474)[0m  '--enable_prefix_caching',
[36m(vLLMHttpServer pid=1990474)[0m  '--enable_sleep_mode',
[36m(vLLMHttpServer pid=1990474)[0m  '--logprobs_mode',
[36m(vLLMHttpServer pid=1990474)[0m  'processed_logprobs',
[36m(vLLMHttpServer pid=1990474)[0m  '--disable_custom_all_reduce',
[36m(vLLMHttpServer pid=1990474)[0m  '--gpu_memory_utilization',
[36m(vLLMHttpServer pid=1990474)[0m  '0.7',
[36m(vLLMHttpServer pid=1990474)[0m  '--disable_log_stats',
[36m(vLLMHttpServer pid=1990474)[0m  '--tensor_parallel_size',
[36m(vLLMHttpServer pid=1990474)[0m  '1',
[36m(vLLMHttpServer pid=1990474)[0m  '--seed',
[36m(vLLMHttpServer pid=1990474)[0m  '0',
[36m(vLLMHttpServer pid=1990474)[0m  '--override_generation_config',
[36m(vLLMHttpServer pid=1990474)[0m  '{"temperature": 1.0, "top_k": -1, "top_p": 1, "repetition_penalty": 1.0, '
[36m(vLLMHttpServer pid=1990474)[0m  '"max_new_tokens": 1024}',
[36m(vLLMHttpServer pid=1990474)[0m  '--hf_overrides',
[36m(vLLMHttpServer pid=1990474)[0m  '{}',
[36m(vLLMHttpServer pid=1990474)[0m  '--scheduling_policy',
[36m(vLLMHttpServer pid=1990474)[0m  'fcfs',
[36m(vLLMHttpServer pid=1990474)[0m  '--compilation_config',
[36m(vLLMHttpServer pid=1990474)[0m  '{"pass_config": {"fuse_allreduce_rms": false}}',
[36m(vLLMHttpServer pid=1990474)[0m  '--kernel_config',
[36m(vLLMHttpServer pid=1990474)[0m  '{"enable_flashinfer_autotune": false}']
[36m(vLLMHttpServer pid=1990474)[0m WARNING 06-24 07:52:09 [envs.py:1717] Unknown vLLM environment variable detected: VLLM_USE_V1
[36m(vLLMHttpServer pid=1990474)[0m Using blocking ray.get inside async actor. This blocks the event loop. Please use `await` on object ref with asyncio.gather if you want to yield execution to the event loop instead.
[36m(vLLMHttpServer pid=1990474)[0m The argument `trust_remote_code` is to be used with Auto classes. It has no effect here and is ignored.
[36m(vLLMHttpServer pid=1990474)[0m `layer_type_validation` is deprecated and will be removed in v5.20. Use `PreTrainedConfig.validate_layer_type` instead
[36m(vLLMHttpServer pid=1990474)[0m `layer_type_validation` is deprecated and will be removed in v5.20. Use `PreTrainedConfig.validate_layer_type` instead
[36m(vLLMHttpServer pid=1990474)[0m `layer_type_validation` is deprecated and will be removed in v5.20. Use `PreTrainedConfig.validate_layer_type` instead
[36m(vLLMHttpServer pid=1990474)[0m WARNING 06-24 07:52:09 [config.py:372] Mamba cache mode is set to 'align' for Qwen3_5ForConditionalGeneration by default when prefix caching is enabled
[36m(vLLMHttpServer pid=1990474)[0m WARNING 06-24 07:52:09 [vllm.py:743] Async scheduling will be disabled because it is not supported with the `<class 'verl.workers.rollout.vllm_rollout.vllm_async_server.ExternalZeroMQDistributedExecutor'>` distributed executor backend (only `mp`, `uni`, and `external_launcher` are supported).
[36m(vLLMHttpServer pid=1990474)[0m `Qwen2VLImageProcessorFast` is deprecated. The `Fast` suffix for image processors has been removed; use `Qwen2VLImageProcessor` instead.
[36m(pid=1990935)[0m W0624 07:52:05.222000 1990935 site-packages/torch/utils/cpp_extension.py:118] No CUDA runtime is found, using CUDA_HOME='/inspire/hdd/global_user/mengweicheng-240108120092/lzy/envs/cuda128-toolchain'[32m [repeated 6x across cluster][0m
[36m(vLLMHttpServer pid=1990674)[0m Using blocking ray.get inside async actor. This blocks the event loop. Please use `await` on object ref with asyncio.gather if you want to yield execution to the event loop instead.[32m [repeated 7x across cluster][0m
[36m(vLLMHttpServer pid=1990738)[0m The argument `trust_remote_code` is to be used with Auto classes. It has no effect here and is ignored.[32m [repeated 11x across cluster][0m
[36m(vLLMHttpServer pid=1990738)[0m `layer_type_validation` is deprecated and will be removed in v5.20. Use `PreTrainedConfig.validate_layer_type` instead[32m [repeated 33x across cluster][0m
[36m(vLLMHttpServer pid=1990674)[0m `Qwen2VLImageProcessorFast` is deprecated. The `Fast` suffix for image processors has been removed; use `Qwen2VLImageProcessor` instead.[32m [repeated 7x across cluster][0m
[36m(vLLMHttpServer pid=1990474)[0m The `use_fast` parameter is deprecated and will be removed in a future version. Use `backend="torchvision"` instead of `use_fast=True`, or `backend="pil"` instead of `use_fast=False`.
[36m(vLLMHttpServer pid=1990474)[0m WARNING 06-24 07:52:18 [system_utils.py:152] We must use the `spawn` multiprocessing start method. Overriding VLLM_WORKER_MULTIPROC_METHOD to 'spawn'. See https://docs.vllm.ai/en/latest/usage/troubleshooting.html#python-multiprocessing for more information. Reasons: In a Ray actor and can only be spawned
[36m(vLLMHttpServer pid=1990674)[0m WARNING 06-24 07:52:10 [envs.py:1717] Unknown vLLM environment variable detected: VLLM_USE_V1[32m [repeated 7x across cluster][0m
[36m(vLLMHttpServer pid=1990935)[0m WARNING 06-24 07:52:10 [config.py:372] Mamba cache mode is set to 'align' for Qwen3_5ForConditionalGeneration by default when prefix caching is enabled[32m [repeated 7x across cluster][0m
[36m(vLLMHttpServer pid=1990674)[0m WARNING 06-24 07:52:10 [vllm.py:743] Async scheduling will be disabled because it is not supported with the `<class 'verl.workers.rollout.vllm_rollout.vllm_async_server.ExternalZeroMQDistributedExecutor'>` distributed executor backend (only `mp`, `uni`, and `external_launcher` are supported).[32m [repeated 7x across cluster][0m
[36m(vLLMHttpServer pid=1990474)[0m W0624 07:52:26.545000 2026664 site-packages/torch/utils/cpp_extension.py:118] No CUDA runtime is found, using CUDA_HOME='/inspire/hdd/global_user/mengweicheng-240108120092/lzy/envs/cuda128-toolchain'
[36m(vLLMHttpServer pid=1990935)[0m The argument `trust_remote_code` is to be used with Auto classes. It has no effect here and is ignored.[32m [repeated 4x across cluster][0m
[36m(vLLMHttpServer pid=1990935)[0m `layer_type_validation` is deprecated and will be removed in v5.20. Use `PreTrainedConfig.validate_layer_type` instead[32m [repeated 12x across cluster][0m
[36m(vLLMHttpServer pid=1990606)[0m The `use_fast` parameter is deprecated and will be removed in a future version. Use `backend="torchvision"` instead of `use_fast=True`, or `backend="pil"` instead of `use_fast=False`.[32m [repeated 7x across cluster][0m
[36m(WorkerDict pid=1922409)[0m WARNING 06-24 07:52:29 [worker_base.py:287] Missing `shared_worker_lock` argument from executor. This argument is needed for mm_processor_cache_type='shm'.
[36m(vLLMHttpServer pid=1990606)[0m WARNING 06-24 07:52:20 [system_utils.py:152] We must use the `spawn` multiprocessing start method. Overriding VLLM_WORKER_MULTIPROC_METHOD to 'spawn'. See https://docs.vllm.ai/en/latest/usage/troubleshooting.html#python-multiprocessing for more information. Reasons: In a Ray actor and can only be spawned[32m [repeated 7x across cluster][0m
[36m(WorkerDict pid=1922409)[0m `Qwen2VLImageProcessorFast` is deprecated. The `Fast` suffix for image processors has been removed; use `Qwen2VLImageProcessor` instead.
[36m(vLLMHttpServer pid=1990935)[0m W0624 07:52:26.731000 2028929 site-packages/torch/utils/cpp_extension.py:118] No CUDA runtime is found, using CUDA_HOME='/inspire/hdd/global_user/mengweicheng-240108120092/lzy/envs/cuda128-toolchain'[32m [repeated 7x across cluster][0m
[36m(WorkerDict pid=1922431)[0m The `use_fast` parameter is deprecated and will be removed in a future version. Use `backend="torchvision"` instead of `use_fast=True`, or `backend="pil"` instead of `use_fast=False`.
[36m(WorkerDict pid=1922451)[0m The `use_fast` parameter is deprecated and will be removed in a future version. Use `backend="torchvision"` instead of `use_fast=True`, or `backend="pil"` instead of `use_fast=False`.
[36m(WorkerDict pid=1922451)[0m <frozen importlib._bootstrap_external>:1301: FutureWarning: The cuda.cudart module is deprecated and will be removed in a future release, please switch to use the cuda.bindings.runtime module instead.
[36m(WorkerDict pid=1922451)[0m <frozen importlib._bootstrap_external>:1301: FutureWarning: The cuda.nvrtc module is deprecated and will be removed in a future release, please switch to use the cuda.bindings.nvrtc module instead.
[36m(WorkerDict pid=1922431)[0m `Qwen2VLImageProcessorFast` is deprecated. The `Fast` suffix for image processors has been removed; use `Qwen2VLImageProcessor` instead.[32m [repeated 7x across cluster][0m
[36m(WorkerDict pid=1922457)[0m The `use_fast` parameter is deprecated and will be removed in a future version. Use `backend="torchvision"` instead of `use_fast=True`, or `backend="pil"` instead of `use_fast=False`.[32m [repeated 6x across cluster][0m
[36m(WorkerDict pid=1922409)[0m Capturing CUDA graphs (mixed prefill-decode, PIECEWISE):   0%|          | 0/51 [00:00<?, ?it/s]
[36m(WorkerDict pid=1922457)[0m <frozen importlib._bootstrap_external>:1301: FutureWarning: The cuda.cudart module is deprecated and will be removed in a future release, please switch to use the cuda.bindings.runtime module instead.[32m [repeated 7x across cluster][0m
[36m(WorkerDict pid=1922457)[0m <frozen importlib._bootstrap_external>:1301: FutureWarning: The cuda.nvrtc module is deprecated and will be removed in a future release, please switch to use the cuda.bindings.nvrtc module instead.[32m [repeated 7x across cluster][0m
[36m(WorkerDict pid=1922409)[0m Capturing CUDA graphs (mixed prefill-decode, PIECEWISE):   2%|▏         | 1/51 [00:00<00:06,  7.75it/s]
[36m(WorkerDict pid=1922409)[0m Capturing CUDA graphs (mixed prefill-decode, PIECEWISE):  10%|▉         | 5/51 [00:00<00:02, 16.85it/s]
[36m(WorkerDict pid=1922409)[0m Capturing CUDA graphs (mixed prefill-decode, PIECEWISE):  16%|█▌        | 8/51 [00:00<00:02, 19.92it/s]
[36m(WorkerDict pid=1922409)[0m Capturing CUDA graphs (mixed prefill-decode, PIECEWISE):  20%|█▉        | 10/51 [00:00<00:02, 17.58it/s]
[36m(WorkerDict pid=1922409)[0m Capturing CUDA graphs (mixed prefill-decode, PIECEWISE):  25%|██▌       | 13/51 [00:00<00:01, 19.60it/s]
[36m(WorkerDict pid=1922409)[0m Capturing CUDA graphs (mixed prefill-decode, PIECEWISE):  31%|███▏      | 16/51 [00:00<00:01, 18.16it/s]
[36m(WorkerDict pid=1922409)[0m Capturing CUDA graphs (mixed prefill-decode, PIECEWISE):  35%|███▌      | 18/51 [00:01<00:01, 18.07it/s]
[36m(WorkerDict pid=1922409)[0m Capturing CUDA graphs (mixed prefill-decode, PIECEWISE):  41%|████      | 21/51 [00:01<00:01, 20.58it/s]
[36m(WorkerDict pid=1922409)[0m Capturing CUDA graphs (mixed prefill-decode, PIECEWISE):  47%|████▋     | 24/51 [00:01<00:01, 20.31it/s]
[36m(WorkerDict pid=1922409)[0m Capturing CUDA graphs (mixed prefill-decode, PIECEWISE):  53%|█████▎    | 27/51 [00:01<00:01, 20.46it/s]
[36m(WorkerDict pid=1922409)[0m Capturing CUDA graphs (mixed prefill-decode, PIECEWISE):  59%|█████▉    | 30/51 [00:01<00:01, 20.65it/s]
[36m(WorkerDict pid=1922409)[0m Capturing CUDA graphs (mixed prefill-decode, PIECEWISE):  65%|██████▍   | 33/51 [00:01<00:00, 20.68it/s]
[36m(WorkerDict pid=1922409)[0m Capturing CUDA graphs (mixed prefill-decode, PIECEWISE):  71%|███████   | 36/51 [00:01<00:00, 20.95it/s]
[36m(WorkerDict pid=1922409)[0m Capturing CUDA graphs (mixed prefill-decode, PIECEWISE):  76%|███████▋  | 39/51 [00:02<00:00, 19.87it/s]
[36m(WorkerDict pid=1922409)[0m Capturing CUDA graphs (mixed prefill-decode, PIECEWISE):  82%|████████▏ | 42/51 [00:02<00:00, 19.97it/s]
[36m(WorkerDict pid=1922409)[0m Capturing CUDA graphs (mixed prefill-decode, PIECEWISE):  88%|████████▊ | 45/51 [00:02<00:00, 20.03it/s]
[36m(WorkerDict pid=1922409)[0m Capturing CUDA graphs (mixed prefill-decode, PIECEWISE):  94%|█████████▍| 48/51 [00:02<00:00, 19.92it/s]
[36m(WorkerDict pid=1922409)[0m Capturing CUDA graphs (mixed prefill-decode, PIECEWISE): 100%|██████████| 51/51 [00:02<00:00, 21.21it/s]Capturing CUDA graphs (mixed prefill-decode, PIECEWISE): 100%|██████████| 51/51 [00:02<00:00, 19.79it/s]
[36m(WorkerDict pid=1922409)[0m Capturing CUDA graphs (decode, FULL):   0%|          | 0/51 [00:00<?, ?it/s]
[36m(WorkerDict pid=1922409)[0m Capturing CUDA graphs (decode, FULL):   2%|▏         | 1/51 [00:00<00:08,  5.68it/s]
[36m(WorkerDict pid=1922409)[0m Capturing CUDA graphs (decode, FULL):   8%|▊         | 4/51 [00:00<00:03, 13.80it/s]
[36m(WorkerDict pid=1922409)[0m Capturing CUDA graphs (decode, FULL):  14%|█▎        | 7/51 [00:00<00:02, 17.88it/s]
[36m(WorkerDict pid=1922409)[0m Capturing CUDA graphs (decode, FULL):  20%|█▉        | 10/51 [00:00<00:02, 19.68it/s]
[36m(WorkerDict pid=1922409)[0m Capturing CUDA graphs (decode, FULL):  27%|██▋       | 14/51 [00:00<00:01, 22.30it/s]
[36m(WorkerDict pid=1922409)[0m Capturing CUDA graphs (decode, FULL):  33%|███▎      | 17/51 [00:00<00:01, 22.60it/s]
[36m(WorkerDict pid=1922409)[0m Capturing CUDA graphs (decode, FULL):  39%|███▉      | 20/51 [00:00<00:01, 23.11it/s]
[36m(WorkerDict pid=1922409)[0m Capturing CUDA graphs (decode, FULL):  45%|████▌     | 23/51 [00:01<00:01, 23.81it/s]
[36m(WorkerDict pid=1922409)[0m Capturing CUDA graphs (decode, FULL):  51%|█████     | 26/51 [00:01<00:01, 23.47it/s]
[36m(WorkerDict pid=1922409)[0m Capturing CUDA graphs (decode, FULL):  57%|█████▋    | 29/51 [00:01<00:00, 23.27it/s]
[36m(WorkerDict pid=1922409)[0m Capturing CUDA graphs (decode, FULL):  63%|██████▎   | 32/51 [00:01<00:00, 24.07it/s]
[36m(WorkerDict pid=1922409)[0m Capturing CUDA graphs (decode, FULL):  69%|██████▊   | 35/51 [00:01<00:00, 24.86it/s]
[36m(WorkerDict pid=1922409)[0m Capturing CUDA graphs (decode, FULL):  75%|███████▍  | 38/51 [00:01<00:00, 25.26it/s]
[36m(WorkerDict pid=1922409)[0m Capturing CUDA graphs (decode, FULL):  80%|████████  | 41/51 [00:01<00:00, 25.63it/s]
[36m(WorkerDict pid=1922409)[0m Capturing CUDA graphs (decode, FULL):  86%|████████▋ | 44/51 [00:01<00:00, 25.79it/s]
[36m(WorkerDict pid=1922409)[0m Capturing CUDA graphs (decode, FULL):  92%|█████████▏| 47/51 [00:02<00:00, 26.19it/s]
[36m(WorkerDict pid=1922409)[0m Capturing CUDA graphs (decode, FULL): 100%|██████████| 51/51 [00:02<00:00, 17.63it/s]Capturing CUDA graphs (decode, FULL): 100%|██████████| 51/51 [00:02<00:00, 21.27it/s]
[36m(vLLMHttpServer pid=1990674)[0m (EngineCore pid=2028347) `Qwen2VLImageProcessorFast` is deprecated. The `Fast` suffix for image processors has been removed; use `Qwen2VLImageProcessor` instead.
[36m(vLLMHttpServer pid=1990674)[0m (EngineCore pid=2028347) The `use_fast` parameter is deprecated and will be removed in a future version. Use `backend="torchvision"` instead of `use_fast=True`, or `backend="pil"` instead of `use_fast=False`.
[36m(vLLMHttpServer pid=1990674)[0m WARNING 06-24 07:53:09 [api_router.py:30] LoRA dynamic loading & unloading is enabled in the API server. This should ONLY be used for local development!
[36m(WorkerDict pid=1922457)[0m WARNING 06-24 07:52:29 [worker_base.py:287] Missing `shared_worker_lock` argument from executor. This argument is needed for mm_processor_cache_type='shm'.[32m [repeated 7x across cluster][0m
[36m(vLLMHttpServer pid=1990674)[0m WARNING 06-24 07:53:09 [model.py:1376] Default vLLM sampling parameters have been overridden by the model's `generation_config.json`: `{'repetition_penalty': 1.0, 'temperature': 1.0, 'top_k': -1, 'top_p': 1, 'max_tokens': 1024}`. If this is not intended, please relaunch vLLM instance with `--generation-config vllm`.
[36m(vLLMHttpServer pid=1990674)[0m The argument `trust_remote_code` is to be used with Auto classes. It has no effect here and is ignored.
[36m(vLLMHttpServer pid=1990674)[0m `layer_type_validation` is deprecated and will be removed in v5.20. Use `PreTrainedConfig.validate_layer_type` instead
[36m(vLLMHttpServer pid=1990674)[0m `layer_type_validation` is deprecated and will be removed in v5.20. Use `PreTrainedConfig.validate_layer_type` instead
[36m(vLLMHttpServer pid=1990674)[0m `layer_type_validation` is deprecated and will be removed in v5.20. Use `PreTrainedConfig.validate_layer_type` instead
[36m(vLLMHttpServer pid=1990674)[0m The argument `trust_remote_code` is to be used with Auto classes. It has no effect here and is ignored.
[36m(vLLMHttpServer pid=1990674)[0m `layer_type_validation` is deprecated and will be removed in v5.20. Use `PreTrainedConfig.validate_layer_type` instead
[36m(vLLMHttpServer pid=1990674)[0m `layer_type_validation` is deprecated and will be removed in v5.20. Use `PreTrainedConfig.validate_layer_type` instead
[36m(vLLMHttpServer pid=1990674)[0m `layer_type_validation` is deprecated and will be removed in v5.20. Use `PreTrainedConfig.validate_layer_type` instead
[36m(vLLMHttpServer pid=1990674)[0m The argument `trust_remote_code` is to be used with Auto classes. It has no effect here and is ignored.
[36m(vLLMHttpServer pid=1990674)[0m `layer_type_validation` is deprecated and will be removed in v5.20. Use `PreTrainedConfig.validate_layer_type` instead
[36m(vLLMHttpServer pid=1990674)[0m `layer_type_validation` is deprecated and will be removed in v5.20. Use `PreTrainedConfig.validate_layer_type` instead
[36m(vLLMHttpServer pid=1990674)[0m `layer_type_validation` is deprecated and will be removed in v5.20. Use `PreTrainedConfig.validate_layer_type` instead
[36m(vLLMHttpServer pid=1990868)[0m (EngineCore pid=2028902) `Qwen2VLImageProcessorFast` is deprecated. The `Fast` suffix for image processors has been removed; use `Qwen2VLImageProcessor` instead.[32m [repeated 7x across cluster][0m
[36m(vLLMHttpServer pid=1990868)[0m (EngineCore pid=2028902) The `use_fast` parameter is deprecated and will be removed in a future version. Use `backend="torchvision"` instead of `use_fast=True`, or `backend="pil"` instead of `use_fast=False`.[32m [repeated 7x across cluster][0m
[36m(vLLMHttpServer pid=1990674)[0m The argument `trust_remote_code` is to be used with Auto classes. It has no effect here and is ignored.[32m [repeated 23x across cluster][0m
[36m(vLLMHttpServer pid=1990674)[0m `layer_type_validation` is deprecated and will be removed in v5.20. Use `PreTrainedConfig.validate_layer_type` instead[32m [repeated 69x across cluster][0m
[36m(TaskRunner pid=1871981)[0m AgentLoopManager: ['10.247.97.220:43499', '10.247.97.220:33429', '10.247.97.220:33173', '10.247.97.220:45473', '10.247.97.220:36251', '10.247.97.220:35801', '10.247.97.220:37165', '10.247.97.220:45105']
[36m(vLLMHttpServer pid=1990868)[0m WARNING 06-24 07:53:10 [api_router.py:30] LoRA dynamic loading & unloading is enabled in the API server. This should ONLY be used for local development![32m [repeated 7x across cluster][0m
[36m(vLLMHttpServer pid=1990868)[0m WARNING 06-24 07:53:10 [model.py:1376] Default vLLM sampling parameters have been overridden by the model's `generation_config.json`: `{'repetition_penalty': 1.0, 'temperature': 1.0, 'top_k': -1, 'top_p': 1, 'max_tokens': 1024}`. If this is not intended, please relaunch vLLM instance with `--generation-config vllm`.[32m [repeated 7x across cluster][0m
[36m(WorkerDict pid=1922431)[0m /inspire/hdd/global_user/mengweicheng-240108120092/lzy/projects/Dual-Track-OPD/third_party/Vision-OPD/verl/utils/device.py:134: FutureWarning: torch.cuda._set_allocator_settings is deprecated. Use torch._C._accelerator_setAllocatorSettings instead.
[36m(WorkerDict pid=1922431)[0m   torch.cuda.memory._set_allocator_settings(f"expandable_segments:{enable}")
[36m(TaskRunner pid=1871981)[0m Saving tensorboard log to tensorboard_log/Vision-OPD/Vision-OPD-Qwen3.5-4B.
[36m(TaskRunner pid=1871981)[0m Checkpoint tracker file does not exist: /inspire/hdd/global_user/mengweicheng-240108120092/lzy/projects/Dual-Track-OPD/third_party/Vision-OPD/checkpoints/Vision-OPD-Qwen3.5-4B/latest_checkpointed_iteration.txt
[36m(TaskRunner pid=1871981)[0m Training from scratch
[36m(TaskRunner pid=1871981)[0m Training Progress:   0%|          | 0/65 [00:00<?, ?it/s]
[36m(vLLMHttpServer pid=1990868)[0m The argument `trust_remote_code` is to be used with Auto classes. It has no effect here and is ignored.[32m [repeated 14x across cluster][0m
[36m(vLLMHttpServer pid=1990868)[0m `layer_type_validation` is deprecated and will be removed in v5.20. Use `PreTrainedConfig.validate_layer_type` instead[32m [repeated 42x across cluster][0m
[36m(AgentLoopWorker pid=2113461)[0m W0624 07:53:28.161000 2113461 site-packages/torch/utils/cpp_extension.py:118] No CUDA runtime is found, using CUDA_HOME='/inspire/hdd/global_user/mengweicheng-240108120092/lzy/envs/cuda128-toolchain'
[36m(WorkerDict pid=1922451)[0m /inspire/hdd/global_user/mengweicheng-240108120092/lzy/projects/Dual-Track-OPD/third_party/Vision-OPD/verl/utils/device.py:134: FutureWarning: torch.cuda._set_allocator_settings is deprecated. Use torch._C._accelerator_setAllocatorSettings instead.[32m [repeated 7x across cluster][0m
[36m(WorkerDict pid=1922451)[0m   torch.cuda.memory._set_allocator_settings(f"expandable_segments:{enable}")[32m [repeated 7x across cluster][0m
[36m(AgentLoopWorker pid=2113461)[0m Using dataset class: RLHFDataset
[36m(AgentLoopWorker pid=2113494)[0m Keyword argument `video_metadatas` is not a valid argument for this processor and will be ignored.
[36m(AgentLoopWorker pid=2113478)[0m W0624 07:53:28.304000 2113478 site-packages/torch/utils/cpp_extension.py:118] No CUDA runtime is found, using CUDA_HOME='/inspire/hdd/global_user/mengweicheng-240108120092/lzy/envs/cuda128-toolchain'[32m [repeated 7x across cluster][0m
[36m(vLLMHttpServer pid=1990738)[0m WARNING 06-24 07:53:44 [input_processor.py:227] Passing raw prompts to InputProcessor is deprecated and will be removed in v0.18. You should instead pass the outputs of Renderer.render_cmpl() or Renderer.render_chat().
[36m(AgentLoopWorker pid=2113478)[0m Using dataset class: RLHFDataset[32m [repeated 7x across cluster][0m
[36m(WorkerDict pid=1922424)[0m /inspire/hdd/global_user/mengweicheng-240108120092/lzy/projects/Dual-Track-OPD/third_party/Vision-OPD/verl/utils/device.py:134: FutureWarning: torch.cuda._set_allocator_settings is deprecated. Use torch._C._accelerator_setAllocatorSettings instead.
[36m(WorkerDict pid=1922424)[0m   torch.cuda.memory._set_allocator_settings(f"expandable_segments:{enable}")
[36m(AgentLoopWorker pid=2113421)[0m Keyword argument `video_metadatas` is not a valid argument for this processor and will be ignored.[32m [repeated 7x across cluster][0m
[36m(TaskRunner pid=1871981)[0m Dumped generations to /inspire/hdd/global_user/mengweicheng-240108120092/lzy/projects/Dual-Track-OPD/third_party/Vision-OPD/rollouts/Vision-OPD-Qwen3.5-4B/1.jsonl
[36m(TaskRunner pid=1871981)[0m step:1 - global_seqlen/min:325128 - global_seqlen/max:344366 - global_seqlen/minmax_diff:19238 - global_seqlen/balanced_min:330174 - global_seqlen/balanced_max:330201 - global_seqlen/mean:330190.625 - self_distillation/teacher_always_on_fraction:1.0 - self_distillation/teacher_image_swap_fraction:1.0 - self_distillation/policy_fallback_fraction:0.0 - self_distillation/grpo_fallback_count:0.0 - rollout_corr/rollout_is_mean:1.0 - rollout_corr/rollout_is_ratio_fraction_high:0.0 - rollout_corr/rollout_is_ratio_fraction_low:0.0 - rollout_corr/rollout_is_max:1.0 - rollout_corr/rollout_is_min:1.0 - rollout_corr/rollout_is_std:0.0 - rollout_corr/rollout_is_eff_sample_size:1.0 - rollout_corr/rollout_is_seq_mean:1.0 - rollout_corr/rollout_is_seq_std:0.0 - rollout_corr/rollout_is_seq_max:1.0 - rollout_corr/rollout_is_seq_min:1.0 - rollout_corr/rollout_is_seq_max_deviation:0.0 - rollout_corr/rollout_is_seq_fraction_high:0.0 - rollout_corr/rollout_is_seq_fraction_low:0.0 - rollout_corr/training_ppl:1.79950340754456 - rollout_corr/training_log_ppl:0.5269950885429151 - rollout_corr/kl:0.1303704295298505 - rollout_corr/k3_kl:0.1313212234249982 - rollout_corr/rollout_ppl:1.6124994030429258 - rollout_corr/rollout_log_ppl:0.4271780286605159 - rollout_corr/log_ppl_diff:0.09981705966593937 - rollout_corr/log_ppl_abs_diff:0.12646371203785142 - rollout_corr/log_ppl_diff_max:1.1011974811553955 - rollout_corr/log_ppl_diff_min:-0.5972665548324585 - rollout_corr/ppl_ratio:1.1216627653274271 - rollout_corr/chi2_token:2.8333525508642197 - rollout_corr/chi2_seq:0.0071446492026249475 - actor/pg_loss:0.04079650969773259 - actor/kl_loss:0.0 - actor/grpo_loss:0.0 - actor/vopd_loss:0.04079650969773259 - actor/vopd_loss_weighted:0.04079650969773259 - actor/policy_fallback_fraction:0.0 - self_distillation/raw_jsd_token_mean:0.040966126495429 - self_distillation/weighted_jsd_token_mean:0.040966126495429 - self_distillation/self_distillation_mask.mean():1.0 - self_distillation/num_distill_tokens:235.65625 - self_distillation/empty_target_batch:0.0 - actor/grad_norm:1.9239972829818726 - timing_s/update_actor/student_forward:50.535794326104224 - timing_s/update_actor/teacher_forward:10.668998857028782 - timing_s/update_actor/loss_compute:0.048627263866364956 - timing_s/update_actor/backward:83.28746330644935 - timing_s/update_actor/optimizer_step:0.05125836841762066 - timing_s/update_actor/teacher_ema_update:1.6100704232230783 - perf/mfu/actor:0.10955427944324785 - perf/max_memory_allocated_gb:146.89300680160522 - perf/max_memory_reserved_gb:163.7890625 - perf/cpu_memory_used_gb:504.906587600708 - actor/lr:0.0 - training/global_step:1 - training/epoch:0 - response_length/mean:88.37109375 - response_length/max:1024.0 - response_length/min:2.0 - response_length/clip_ratio:0.014322916977107525 - response_length_non_aborted/mean:88.37109375 - response_length_non_aborted/max:1024.0 - response_length_non_aborted/min:2.0 - response_length_non_aborted/clip_ratio:0.014322916977107525 - response/aborted_ratio:0.0 - prompt_length/mean:3351.114501953125 - prompt_length/max:4310.0 - prompt_length/min:2330.0 - prompt_length/clip_ratio:0.0 - num_turns/min:2 - num_turns/max:2 - num_turns/mean:2.0 - timing_s/start_profile:0.0002016853541135788 - timing_s/agent_loop/generate_sequences/min:4.479800966568291 - timing_s/agent_loop/generate_sequences/max:38.26517229992896 - timing_s/agent_loop/generate_sequences/mean:19.241405549011688 - timing_s/agent_loop/tool_calls/min:0.0 - timing_s/agent_loop/tool_calls/max:0.0 - timing_s/agent_loop/tool_calls/mean:0.0 - timing_s/agent_loop/slowest/generate_sequences:38.26517229992896 - timing_s/agent_loop/slowest/tool_calls:0.0 - timing_s/agent_loop/slowest/prompt_length:2989 - timing_s/agent_loop/slowest/response_length:220 - timing_s/gen:138.36730536725372 - timing_s/adv:18.956174776889384 - timing_s/update_actor:237.94891045615077 - timing_s/dump_rollout_generations:0.5823309235274792 - timing_s/step:396.0760894799605 - timing_s/stop_profile:3.165844827890396e-05 - timing_per_token_ms/gen:2.0387408885832077 - timing_per_token_ms/update_actor:0.09008012812907346 - timing_per_token_ms/adv:0.007176223877074563 - perf/total_num_tokens:2641525 - perf/time_per_step:396.0760894799605 - perf/throughput:833.6545269206563
[36m(vLLMHttpServer pid=1990474)[0m WARNING 06-24 07:53:45 [input_processor.py:227] Passing raw prompts to InputProcessor is deprecated and will be removed in v0.18. You should instead pass the outputs of Renderer.render_cmpl() or Renderer.render_chat().[32m [repeated 7x across cluster][0m
[36m(TaskRunner pid=1871981)[0m Training Progress:   2%|▏         | 1/65 [06:36<7:02:41, 396.27s/it]
[36m(WorkerDict pid=1922445)[0m /inspire/hdd/global_user/mengweicheng-240108120092/lzy/projects/Dual-Track-OPD/third_party/Vision-OPD/verl/utils/device.py:134: FutureWarning: torch.cuda._set_allocator_settings is deprecated. Use torch._C._accelerator_setAllocatorSettings instead.[32m [repeated 3x across cluster][0m
[36m(WorkerDict pid=1922445)[0m   torch.cuda.memory._set_allocator_settings(f"expandable_segments:{enable}")[32m [repeated 3x across cluster][0m
[36m(TaskRunner pid=1871981)[0m Dumped generations to /inspire/hdd/global_user/mengweicheng-240108120092/lzy/projects/Dual-Track-OPD/third_party/Vision-OPD/rollouts/Vision-OPD-Qwen3.5-4B/2.jsonl
[36m(TaskRunner pid=1871981)[0m step:2 - global_seqlen/min:315285 - global_seqlen/max:354838 - global_seqlen/minmax_diff:39553 - global_seqlen/balanced_min:330229 - global_seqlen/balanced_max:330269 - global_seqlen/mean:330248.625 - self_distillation/teacher_always_on_fraction:1.0 - self_distillation/teacher_image_swap_fraction:1.0 - self_distillation/policy_fallback_fraction:0.0 - self_distillation/grpo_fallback_count:0.0 - rollout_corr/rollout_is_mean:1.0 - rollout_corr/rollout_is_ratio_fraction_high:0.0 - rollout_corr/rollout_is_ratio_fraction_low:0.0 - rollout_corr/rollout_is_max:1.0 - rollout_corr/rollout_is_min:1.0 - rollout_corr/rollout_is_std:0.0 - rollout_corr/rollout_is_eff_sample_size:1.0 - rollout_corr/rollout_is_seq_mean:1.0 - rollout_corr/rollout_is_seq_std:0.0 - rollout_corr/rollout_is_seq_max:1.0 - rollout_corr/rollout_is_seq_min:1.0 - rollout_corr/rollout_is_seq_max_deviation:0.0 - rollout_corr/rollout_is_seq_fraction_high:0.0 - rollout_corr/rollout_is_seq_fraction_low:0.0 - rollout_corr/training_ppl:1.864631448768907 - rollout_corr/training_log_ppl:0.555220284137047 - rollout_corr/kl:0.12864635663128057 - rollout_corr/k3_kl:0.12580653447407206 - rollout_corr/rollout_ppl:1.7344364830189283 - rollout_corr/rollout_log_ppl:0.44595037654249203 - rollout_corr/log_ppl_diff:0.10926990544895589 - rollout_corr/log_ppl_abs_diff:0.13856988741059062 - rollout_corr/log_ppl_diff_max:1.192443609237671 - rollout_corr/log_ppl_diff_min:-1.0815606117248535 - rollout_corr/ppl_ratio:1.1362797731740608 - rollout_corr/chi2_token:2.3909147555629415 - rollout_corr/chi2_seq:11306.199917894684 - actor/pg_loss:0.04026200567750493 - actor/kl_loss:0.0 - actor/grpo_loss:0.0 - actor/vopd_loss:0.04026200567750493 - actor/vopd_loss_weighted:0.04026200567750493 - actor/policy_fallback_fraction:0.0 - self_distillation/raw_jsd_token_mean:0.03977734301911874 - self_distillation/weighted_jsd_token_mean:0.03977734301911874 - self_distillation/self_distillation_mask.mean():1.0 - self_distillation/num_distill_tokens:200.87847222222223 - self_distillation/empty_target_batch:0.0 - actor/grad_norm:1.9536932706832886 - timing_s/update_actor/student_forward:27.810211796313524 - timing_s/update_actor/teacher_forward:8.254082654602826 - timing_s/update_actor/loss_compute:0.05844093579798937 - timing_s/update_actor/backward:60.73104256018996 - timing_s/update_actor/optimizer_step:0.01472510490566492 - timing_s/update_actor/teacher_ema_update:1.8531024120748043 - perf/mfu/actor:0.16297194439646784 - perf/max_memory_allocated_gb:151.09792852401733 - perf/max_memory_reserved_gb:167.95703125 - perf/cpu_memory_used_gb:595.6406373977661 - actor/lr:2e-07 - training/global_step:2 - training/epoch:0 - response_length/mean:75.32942962646484 - response_length/max:1024.0 - response_length/min:2.0 - response_length/clip_ratio:0.00390625 - response_length_non_aborted/mean:75.32942962646484 - response_length_non_aborted/max:1024.0 - response_length_non_aborted/min:2.0 - response_length_non_aborted/clip_ratio:0.00390625 - response/aborted_ratio:0.0 - prompt_length/mean:3364.760498046875 - prompt_length/max:5907.0 - prompt_length/min:2712.0 - prompt_length/clip_ratio:0.0 - num_turns/min:2 - num_turns/max:2 - num_turns/mean:2.0 - timing_s/start_profile:2.401508390903473e-05 - timing_s/agent_loop/generate_sequences/min:5.719732789322734 - timing_s/agent_loop/generate_sequences/max:39.14762935973704 - timing_s/agent_loop/generate_sequences/mean:20.04598181277591 - timing_s/agent_loop/tool_calls/min:0.0 - timing_s/agent_loop/tool_calls/max:0.0 - timing_s/agent_loop/tool_calls/mean:0.0 - timing_s/agent_loop/slowest/generate_sequences:39.14762935973704 - timing_s/agent_loop/slowest/tool_calls:0.0 - timing_s/agent_loop/slowest/prompt_length:3367 - timing_s/agent_loop/slowest/response_length:171 - timing_s/gen:132.789844061248 - timing_s/adv:25.768923934549093 - timing_s/update_actor:191.18956817034632 - timing_s/dump_rollout_generations:0.6127310590818524 - timing_s/step:350.6149038700387 - timing_s/stop_profile:2.9151327908039093e-05 - timing_per_token_ms/gen:2.2952974618645188 - timing_per_token_ms/update_actor:0.07236576994466908 - timing_per_token_ms/adv:0.009753607579194726 - perf/total_num_tokens:2641989 - perf/time_per_step:350.6149038700387 - perf/throughput:941.9126835589744
[36m(TaskRunner pid=1871981)[0m Training Progress:   3%|▎         | 2/65 [12:28<6:28:58, 370.46s/it]
[36m(WorkerDict pid=1922424)[0m /inspire/hdd/global_user/mengweicheng-240108120092/lzy/projects/Dual-Track-OPD/third_party/Vision-OPD/verl/utils/device.py:134: FutureWarning: torch.cuda._set_allocator_settings is deprecated. Use torch._C._accelerator_setAllocatorSettings instead.[32m [repeated 8x across cluster][0m
[36m(WorkerDict pid=1922424)[0m   torch.cuda.memory._set_allocator_settings(f"expandable_segments:{enable}")[32m [repeated 8x across cluster][0m
[36m(TaskRunner pid=1871981)[0m Dumped generations to /inspire/hdd/global_user/mengweicheng-240108120092/lzy/projects/Dual-Track-OPD/third_party/Vision-OPD/rollouts/Vision-OPD-Qwen3.5-4B/3.jsonl
[36m(TaskRunner pid=1871981)[0m step:3 - global_seqlen/min:314615 - global_seqlen/max:356573 - global_seqlen/minmax_diff:41958 - global_seqlen/balanced_min:332655 - global_seqlen/balanced_max:332694 - global_seqlen/mean:332687.125 - self_distillation/teacher_always_on_fraction:1.0 - self_distillation/teacher_image_swap_fraction:1.0 - self_distillation/policy_fallback_fraction:0.0 - self_distillation/grpo_fallback_count:0.0 - rollout_corr/rollout_is_mean:1.0 - rollout_corr/rollout_is_ratio_fraction_high:0.0 - rollout_corr/rollout_is_ratio_fraction_low:0.0 - rollout_corr/rollout_is_max:1.0 - rollout_corr/rollout_is_min:1.0 - rollout_corr/rollout_is_std:0.0 - rollout_corr/rollout_is_eff_sample_size:1.0 - rollout_corr/rollout_is_seq_mean:1.0 - rollout_corr/rollout_is_seq_std:0.0 - rollout_corr/rollout_is_seq_max:1.0 - rollout_corr/rollout_is_seq_min:1.0 - rollout_corr/rollout_is_seq_max_deviation:0.0 - rollout_corr/rollout_is_seq_fraction_high:0.0 - rollout_corr/rollout_is_seq_fraction_low:0.0 - rollout_corr/training_ppl:2.00811434355942 - rollout_corr/training_log_ppl:0.5633343154614843 - rollout_corr/kl:0.12046915034397591 - rollout_corr/k3_kl:0.114132825955371 - rollout_corr/rollout_ppl:1.7027696544254147 - rollout_corr/rollout_log_ppl:0.44982895451421673 - rollout_corr/log_ppl_diff:0.11350536226165933 - rollout_corr/log_ppl_abs_diff:0.13802105732060768 - rollout_corr/log_ppl_diff_max:2.1413373947143555 - rollout_corr/log_ppl_diff_min:-0.7089931964874268 - rollout_corr/ppl_ratio:1.1510244660280846 - rollout_corr/chi2_token:0.8744780046714319 - rollout_corr/chi2_seq:-0.09255406562540983 - actor/pg_loss:0.03794880486748298 - actor/kl_loss:0.0 - actor/grpo_loss:0.0 - actor/vopd_loss:0.03794880486748298 - actor/vopd_loss_weighted:0.03794880486748298 - actor/policy_fallback_fraction:0.0 - self_distillation/raw_jsd_token_mean:0.03793718244855267 - self_distillation/weighted_jsd_token_mean:0.03793718244855267 - self_distillation/self_distillation_mask.mean():1.0 - self_distillation/num_distill_tokens:231.73310810810813 - self_distillation/empty_target_batch:0.0 - actor/grad_norm:2.361449718475342 - timing_s/update_actor/student_forward:28.735305396839976 - timing_s/update_actor/teacher_forward:8.2223753714934 - timing_s/update_actor/loss_compute:0.038977949880063534 - timing_s/update_actor/backward:61.33421025052667 - timing_s/update_actor/optimizer_step:0.014586612582206726 - timing_s/update_actor/teacher_ema_update:1.5983743872493505 - perf/mfu/actor:0.1624729942979688 - perf/max_memory_allocated_gb:151.09792852401733 - perf/max_memory_reserved_gb:168.005859375 - perf/cpu_memory_used_gb:598.7290048599243 - actor/lr:4e-07 - training/global_step:3 - training/epoch:0 - response_length/mean:89.31380462646484 - response_length/max:1024.0 - response_length/min:2.0 - response_length/clip_ratio:0.01692708395421505 - response_length_non_aborted/mean:89.31380462646484 - response_length_non_aborted/max:1024.0 - response_length_non_aborted/min:2.0 - response_length_non_aborted/clip_ratio:0.01692708395421505 - response/aborted_ratio:0.0 - prompt_length/mean:3376.177001953125 - prompt_length/max:4261.0 - prompt_length/min:2296.0 - prompt_length/clip_ratio:0.0 - num_turns/min:2 - num_turns/max:2 - num_turns/mean:2.0 - timing_s/start_profile:4.6430155634880066e-05 - timing_s/agent_loop/generate_sequences/min:7.210640248842537 - timing_s/agent_loop/generate_sequences/max:38.710317527875304 - timing_s/agent_loop/generate_sequences/mean:19.887449021766468 - timing_s/agent_loop/tool_calls/min:0.0 - timing_s/agent_loop/tool_calls/max:0.0 - timing_s/agent_loop/tool_calls/mean:0.0 - timing_s/agent_loop/slowest/generate_sequences:38.710317527875304 - timing_s/agent_loop/slowest/tool_calls:0.0 - timing_s/agent_loop/slowest/prompt_length:3417 - timing_s/agent_loop/slowest/response_length:1024 - timing_s/gen:129.10828137397766 - timing_s/adv:22.21127482969314 - timing_s/update_actor:190.68530978355557 - timing_s/dump_rollout_generations:0.6313556730747223 - timing_s/step:343.5129267433658 - timing_s/stop_profile:3.0430033802986145e-05 - timing_per_token_ms/gen:1.8822369829862764 - timing_per_token_ms/update_actor:0.071645885673948 - timing_per_token_ms/adv:0.008345406675150541 - perf/total_num_tokens:2661497 - perf/time_per_step:343.5129267433658 - perf/throughput:968.4850237049343
[36m(TaskRunner pid=1871981)[0m Training Progress:   5%|▍         | 3/65 [18:14<6:11:07, 359.16s/it]
[36m(TaskRunner pid=1871981)[0m Dumped generations to /inspire/hdd/global_user/mengweicheng-240108120092/lzy/projects/Dual-Track-OPD/third_party/Vision-OPD/rollouts/Vision-OPD-Qwen3.5-4B/4.jsonl
[36m(TaskRunner pid=1871981)[0m step:4 - global_seqlen/min:319067 - global_seqlen/max:340089 - global_seqlen/minmax_diff:21022 - global_seqlen/balanced_min:330967 - global_seqlen/balanced_max:330991 - global_seqlen/mean:330977.375 - self_distillation/teacher_always_on_fraction:1.0 - self_distillation/teacher_image_swap_fraction:1.0 - self_distillation/policy_fallback_fraction:0.0 - self_distillation/grpo_fallback_count:0.0 - rollout_corr/rollout_is_mean:1.0 - rollout_corr/rollout_is_ratio_fraction_high:0.0 - rollout_corr/rollout_is_ratio_fraction_low:0.0 - rollout_corr/rollout_is_max:1.0 - rollout_corr/rollout_is_min:1.0 - rollout_corr/rollout_is_std:0.0 - rollout_corr/rollout_is_eff_sample_size:1.0 - rollout_corr/rollout_is_seq_mean:1.0 - rollout_corr/rollout_is_seq_std:0.0 - rollout_corr/rollout_is_seq_max:1.0 - rollout_corr/rollout_is_seq_min:1.0 - rollout_corr/rollout_is_seq_max_deviation:0.0 - rollout_corr/rollout_is_seq_fraction_high:0.0 - rollout_corr/rollout_is_seq_fraction_low:0.0 - rollout_corr/training_ppl:1.9411089527938101 - rollout_corr/training_log_ppl:0.5816385119429064 - rollout_corr/kl:0.12021934989075413 - rollout_corr/k3_kl:0.11402185913337032 - rollout_corr/rollout_ppl:1.7103060111403465 - rollout_corr/rollout_log_ppl:0.474050448069142 - rollout_corr/log_ppl_diff:0.10758806445195054 - rollout_corr/log_ppl_abs_diff:0.13553585257290657 - rollout_corr/log_ppl_diff_max:1.6172469854354858 - rollout_corr/log_ppl_diff_min:-1.2524781227111816 - rollout_corr/ppl_ratio:1.1370088511870966 - rollout_corr/chi2_token:2.5196404597825475 - rollout_corr/chi2_seq:13.441695381990737 - actor/pg_loss:0.03925830693212144 - actor/kl_loss:0.0 - actor/grpo_loss:0.0 - actor/vopd_loss:0.03925830693212144 - actor/vopd_loss_weighted:0.03925830693212144 - actor/policy_fallback_fraction:0.0 - self_distillation/raw_jsd_token_mean:0.0397371813823055 - self_distillation/weighted_jsd_token_mean:0.0397371813823055 - self_distillation/self_distillation_mask.mean():1.0 - self_distillation/num_distill_tokens:250.26041666666669 - self_distillation/empty_target_batch:0.0 - actor/grad_norm:1.7479206323623657 - timing_s/update_actor/student_forward:28.698405775241554 - timing_s/update_actor/teacher_forward:9.144471853971481 - timing_s/update_actor/loss_compute:0.046436676755547523 - timing_s/update_actor/backward:60.805127491243184 - timing_s/update_actor/optimizer_step:0.01500597782433033 - timing_s/update_actor/teacher_ema_update:1.6127555891871452 - perf/mfu/actor:0.16053013215205883 - perf/max_memory_allocated_gb:151.19853830337524 - perf/max_memory_reserved_gb:168.138671875 - perf/cpu_memory_used_gb:601.6390156745911 - actor/lr:6e-07 - training/global_step:4 - training/epoch:0 - response_length/mean:93.84765625 - response_length/max:1024.0 - response_length/min:2.0 - response_length/clip_ratio:0.013020833022892475 - response_length_non_aborted/mean:93.84765625 - response_length_non_aborted/max:1024.0 - response_length_non_aborted/min:2.0 - response_length_non_aborted/clip_ratio:0.013020833022892475 - response/aborted_ratio:0.0 - prompt_length/mean:3353.833251953125 - prompt_length/max:4605.0 - prompt_length/min:2614.0 - prompt_length/clip_ratio:0.0 - num_turns/min:2 - num_turns/max:2 - num_turns/mean:2.0 - timing_s/start_profile:2.4794600903987885e-05 - timing_s/agent_loop/generate_sequences/min:6.104585345834494 - timing_s/agent_loop/generate_sequences/max:38.941517328843474 - timing_s/agent_loop/generate_sequences/mean:19.98455980181825 - timing_s/agent_loop/tool_calls/min:0.0 - timing_s/agent_loop/tool_calls/max:0.0 - timing_s/agent_loop/tool_calls/mean:0.0 - timing_s/agent_loop/slowest/generate_sequences:38.941517328843474 - timing_s/agent_loop/slowest/tool_calls:0.0 - timing_s/agent_loop/slowest/prompt_length:3364 - timing_s/agent_loop/slowest/response_length:453 - timing_s/gen:124.70544869918376 - timing_s/adv:26.06609473004937 - timing_s/update_actor:190.50694360025227 - timing_s/dump_rollout_generations:0.881686981767416 - timing_s/step:342.38423638325185 - timing_s/stop_profile:2.9945746064186096e-05 - timing_per_token_ms/gen:1.730217810602619 - timing_per_token_ms/update_actor:0.07194862775750618 - timing_per_token_ms/adv:0.009844364259811328 - perf/total_num_tokens:2647819 - perf/time_per_step:342.38423638325185 - perf/throughput:966.6840345696189
[36m(TaskRunner pid=1871981)[0m Training Progress:   6%|▌         | 4/65 [23:59<5:59:39, 353.76s/it]
[36m(TaskRunner pid=1871981)[0m Dumped generations to /inspire/hdd/global_user/mengweicheng-240108120092/lzy/projects/Dual-Track-OPD/third_party/Vision-OPD/rollouts/Vision-OPD-Qwen3.5-4B/5.jsonl
[36m(TaskRunner pid=1871981)[0m step:5 - global_seqlen/min:313015 - global_seqlen/max:341995 - global_seqlen/minmax_diff:28980 - global_seqlen/balanced_min:330090 - global_seqlen/balanced_max:330121 - global_seqlen/mean:330102.75 - self_distillation/teacher_always_on_fraction:1.0 - self_distillation/teacher_image_swap_fraction:1.0 - self_distillation/policy_fallback_fraction:0.0 - self_distillation/grpo_fallback_count:0.0 - rollout_corr/rollout_is_mean:1.0 - rollout_corr/rollout_is_ratio_fraction_high:0.0 - rollout_corr/rollout_is_ratio_fraction_low:0.0 - rollout_corr/rollout_is_max:1.0 - rollout_corr/rollout_is_min:1.0 - rollout_corr/rollout_is_std:0.0 - rollout_corr/rollout_is_eff_sample_size:1.0 - rollout_corr/rollout_is_seq_mean:1.0 - rollout_corr/rollout_is_seq_std:0.0 - rollout_corr/rollout_is_seq_max:1.0 - rollout_corr/rollout_is_seq_min:1.0 - rollout_corr/rollout_is_seq_max_deviation:0.0 - rollout_corr/rollout_is_seq_fraction_high:0.0 - rollout_corr/rollout_is_seq_fraction_low:0.0 - rollout_corr/training_ppl:1.9829643062419362 - rollout_corr/training_log_ppl:0.5820985747397773 - rollout_corr/kl:0.11575396900730717 - rollout_corr/k3_kl:0.13961029684853404 - rollout_corr/rollout_ppl:1.7826503548357222 - rollout_corr/rollout_log_ppl:0.5007934984751046 - rollout_corr/log_ppl_diff:0.08130507456048186 - rollout_corr/log_ppl_abs_diff:0.11543260869156155 - rollout_corr/log_ppl_diff_max:0.9387173652648926 - rollout_corr/log_ppl_diff_min:-0.8669257164001465 - rollout_corr/ppl_ratio:1.09810953732166 - rollout_corr/chi2_token:11.80397644618319 - rollout_corr/chi2_seq:1.7076818123459816 - actor/pg_loss:0.03884973691795797 - actor/kl_loss:0.0 - actor/grpo_loss:0.0 - actor/vopd_loss:0.03884973691795797 - actor/vopd_loss_weighted:0.03884973691795797 - actor/policy_fallback_fraction:0.0 - self_distillation/raw_jsd_token_mean:0.03915712745058247 - self_distillation/weighted_jsd_token_mean:0.03915712745058247 - self_distillation/self_distillation_mask.mean():1.0 - self_distillation/num_distill_tokens:191.63194444444446 - self_distillation/empty_target_batch:0.0 - actor/grad_norm:1.5880813598632812 - timing_s/update_actor/student_forward:28.507148342207074 - timing_s/update_actor/teacher_forward:8.720330872572958 - timing_s/update_actor/loss_compute:0.03299776837229729 - timing_s/update_actor/backward:60.19487736560404 - timing_s/update_actor/optimizer_step:0.014922890812158585 - timing_s/update_actor/teacher_ema_update:1.8105149567127228 - perf/mfu/actor:0.1624898595577615 - perf/max_memory_allocated_gb:151.19853830337524 - perf/max_memory_reserved_gb:168.138671875 - perf/cpu_memory_used_gb:599.0895128250122 - actor/lr:8e-07 - training/global_step:5 - training/epoch:0 - response_length/mean:71.86197662353516 - response_length/max:1024.0 - response_length/min:2.0 - response_length/clip_ratio:0.0013020833721384406 - response_length_non_aborted/mean:71.86197662353516 - response_length_non_aborted/max:1024.0 - response_length_non_aborted/min:2.0 - response_length_non_aborted/clip_ratio:0.0013020833721384406 - response/aborted_ratio:0.0 - prompt_length/mean:3366.708251953125 - prompt_length/max:4590.0 - prompt_length/min:2285.0 - prompt_length/clip_ratio:0.0 - num_turns/min:2 - num_turns/max:2 - num_turns/mean:2.0 - timing_s/start_profile:4.573725163936615e-05 - timing_s/agent_loop/generate_sequences/min:4.613415461964905 - timing_s/agent_loop/generate_sequences/max:39.80782726407051 - timing_s/agent_loop/generate_sequences/mean:20.09990759765181 - timing_s/agent_loop/tool_calls/min:0.0 - timing_s/agent_loop/tool_calls/max:0.0 - timing_s/agent_loop/tool_calls/mean:0.0 - timing_s/agent_loop/slowest/generate_sequences:39.80782726407051 - timing_s/agent_loop/slowest/tool_calls:0.0 - timing_s/agent_loop/slowest/prompt_length:3365 - timing_s/agent_loop/slowest/response_length:1024 - timing_s/gen:126.90685599856079 - timing_s/adv:19.689914871007204 - timing_s/update_actor:190.95979357045144 - timing_s/dump_rollout_generations:0.6208292655646801 - timing_s/step:338.37630254402757 - timing_s/stop_profile:3.8729049265384674e-05 - timing_per_token_ms/gen:2.299453814070679 - timing_per_token_ms/update_actor:0.07231074020530405 - timing_per_token_ms/adv:0.007455979566592222 - perf/total_num_tokens:2640822 - perf/time_per_step:338.37630254402757 - perf/throughput:975.5492554241412
[36m(TaskRunner pid=1871981)[0m Training Progress:   8%|▊         | 5/65 [29:40<5:48:59, 349.00s/it]
[36m(TaskRunner pid=1871981)[0m Dumped generations to /inspire/hdd/global_user/mengweicheng-240108120092/lzy/projects/Dual-Track-OPD/third_party/Vision-OPD/rollouts/Vision-OPD-Qwen3.5-4B/6.jsonl
[36m(TaskRunner pid=1871981)[0m step:6 - global_seqlen/min:321673 - global_seqlen/max:338041 - global_seqlen/minmax_diff:16368 - global_seqlen/balanced_min:332493 - global_seqlen/balanced_max:332532 - global_seqlen/mean:332508.125 - self_distillation/teacher_always_on_fraction:1.0 - self_distillation/teacher_image_swap_fraction:1.0 - self_distillation/policy_fallback_fraction:0.0 - self_distillation/grpo_fallback_count:0.0 - rollout_corr/rollout_is_mean:1.0 - rollout_corr/rollout_is_ratio_fraction_high:0.0 - rollout_corr/rollout_is_ratio_fraction_low:0.0 - rollout_corr/rollout_is_max:1.0 - rollout_corr/rollout_is_min:1.0 - rollout_corr/rollout_is_std:0.0 - rollout_corr/rollout_is_eff_sample_size:1.0 - rollout_corr/rollout_is_seq_mean:1.0 - rollout_corr/rollout_is_seq_std:0.0 - rollout_corr/rollout_is_seq_max:1.0 - rollout_corr/rollout_is_seq_min:1.0 - rollout_corr/rollout_is_seq_max_deviation:0.0 - rollout_corr/rollout_is_seq_fraction_high:0.0 - rollout_corr/rollout_is_seq_fraction_low:0.0 - rollout_corr/training_ppl:1.9602016250829442 - rollout_corr/training_log_ppl:0.6040170055788917 - rollout_corr/kl:0.10406533364053955 - rollout_corr/k3_kl:0.09807207053440711 - rollout_corr/rollout_ppl:1.7860496789216995 - rollout_corr/rollout_log_ppl:0.5194967918702075 - rollout_corr/log_ppl_diff:0.08452021106210383 - rollout_corr/log_ppl_abs_diff:0.10277958542762979 - rollout_corr/log_ppl_diff_max:1.5421398878097534 - rollout_corr/log_ppl_diff_min:-0.604886531829834 - rollout_corr/ppl_ratio:1.0997484501551937 - rollout_corr/chi2_token:0.4914235430392059 - rollout_corr/chi2_seq:0.16218605355636495 - actor/pg_loss:0.03242960573576662 - actor/kl_loss:0.0 - actor/grpo_loss:0.0 - actor/vopd_loss:0.03242960573576662 - actor/vopd_loss_weighted:0.03242960573576662 - actor/policy_fallback_fraction:0.0 - self_distillation/raw_jsd_token_mean:0.03302556276636047 - self_distillation/weighted_jsd_token_mean:0.03302556276636047 - self_distillation/self_distillation_mask.mean():1.0 - self_distillation/num_distill_tokens:206.54391891891893 - self_distillation/empty_target_batch:0.0 - actor/grad_norm:1.3360525369644165 - timing_s/update_actor/student_forward:32.051178282126784 - timing_s/update_actor/teacher_forward:9.18170870654285 - timing_s/update_actor/loss_compute:0.06274768430739641 - timing_s/update_actor/backward:61.355705983005464 - timing_s/update_actor/optimizer_step:0.014198900200426579 - timing_s/update_actor/teacher_ema_update:1.615788258612156 - perf/mfu/actor:0.1562067686824501 - perf/max_memory_allocated_gb:151.24105787277222 - perf/max_memory_reserved_gb:168.146484375 - perf/cpu_memory_used_gb:599.9997782707214 - actor/lr:1e-06 - training/global_step:6 - training/epoch:0 - response_length/mean:79.60546875 - response_length/max:1024.0 - response_length/min:2.0 - response_length/clip_ratio:0.0052083334885537624 - response_length_non_aborted/mean:79.60546875 - response_length_non_aborted/max:1024.0 - response_length_non_aborted/min:2.0 - response_length_non_aborted/clip_ratio:0.0052083334885537624 - response/aborted_ratio:0.0 - prompt_length/mean:3384.020751953125 - prompt_length/max:3982.0 - prompt_length/min:2303.0 - prompt_length/clip_ratio:0.0 - num_turns/min:2 - num_turns/max:2 - num_turns/mean:2.0 - timing_s/start_profile:2.3412518203258514e-05 - timing_s/agent_loop/generate_sequences/min:4.2674053981900215 - timing_s/agent_loop/generate_sequences/max:39.77767512947321 - timing_s/agent_loop/generate_sequences/mean:19.961435019925073 - timing_s/agent_loop/tool_calls/min:0.0 - timing_s/agent_loop/tool_calls/max:0.0 - timing_s/agent_loop/tool_calls/mean:0.0 - timing_s/agent_loop/slowest/generate_sequences:39.77767512947321 - timing_s/agent_loop/slowest/tool_calls:0.0 - timing_s/agent_loop/slowest/prompt_length:3363 - timing_s/agent_loop/slowest/response_length:693 - timing_s/gen:127.21473386883736 - timing_s/adv:23.341122997924685 - timing_s/update_actor:193.66659309808165 - timing_s/dump_rollout_generations:0.6578023349866271 - timing_s/step:345.08513431437314 - timing_s/stop_profile:3.3099204301834106e-05 - timing_per_token_ms/gen:2.0808141365922004 - timing_per_token_ms/update_actor:0.07280521081179657 - timing_per_token_ms/adv:0.008774643851907635 - perf/total_num_tokens:2660065 - perf/time_per_step:345.08513431437314 - perf/throughput:963.5538942024797
[36m(TaskRunner pid=1871981)[0m Training Progress:   9%|▉         | 6/65 [35:27<5:42:35, 348.40s/it]
[36m(TaskRunner pid=1871981)[0m Dumped generations to /inspire/hdd/global_user/mengweicheng-240108120092/lzy/projects/Dual-Track-OPD/third_party/Vision-OPD/rollouts/Vision-OPD-Qwen3.5-4B/7.jsonl
[36m(TaskRunner pid=1871981)[0m step:7 - global_seqlen/min:320219 - global_seqlen/max:340573 - global_seqlen/minmax_diff:20354 - global_seqlen/balanced_min:330023 - global_seqlen/balanced_max:330103 - global_seqlen/mean:330069.5 - self_distillation/teacher_always_on_fraction:1.0 - self_distillation/teacher_image_swap_fraction:1.0 - self_distillation/policy_fallback_fraction:0.0 - self_distillation/grpo_fallback_count:0.0 - rollout_corr/rollout_is_mean:1.0 - rollout_corr/rollout_is_ratio_fraction_high:0.0 - rollout_corr/rollout_is_ratio_fraction_low:0.0 - rollout_corr/rollout_is_max:1.0 - rollout_corr/rollout_is_min:1.0 - rollout_corr/rollout_is_std:0.0 - rollout_corr/rollout_is_eff_sample_size:1.0 - rollout_corr/rollout_is_seq_mean:1.0 - rollout_corr/rollout_is_seq_std:0.0 - rollout_corr/rollout_is_seq_max:1.0 - rollout_corr/rollout_is_seq_min:1.0 - rollout_corr/rollout_is_seq_max_deviation:0.0 - rollout_corr/rollout_is_seq_fraction_high:0.0 - rollout_corr/rollout_is_seq_fraction_low:0.0 - rollout_corr/training_ppl:2.201855440520578 - rollout_corr/training_log_ppl:0.6319134192955163 - rollout_corr/kl:0.1040350332447512 - rollout_corr/k3_kl:0.09514953277458618 - rollout_corr/rollout_ppl:1.8479872991641364 - rollout_corr/rollout_log_ppl:0.5421075848345127 - rollout_corr/log_ppl_diff:0.08980583978397286 - rollout_corr/log_ppl_abs_diff:0.11273472801420009 - rollout_corr/log_ppl_diff_max:2.200456380844116 - rollout_corr/log_ppl_diff_min:-0.5948845148086548 - rollout_corr/ppl_ratio:1.1260462883445952 - rollout_corr/chi2_token:0.7568145516431994 - rollout_corr/chi2_seq:0.6644214499327872 - actor/pg_loss:0.031641362746692415 - actor/kl_loss:0.0 - actor/grpo_loss:0.0 - actor/vopd_loss:0.031641362746692415 - actor/vopd_loss_weighted:0.031641362746692415 - actor/policy_fallback_fraction:0.0 - self_distillation/raw_jsd_token_mean:0.03129491002053126 - self_distillation/weighted_jsd_token_mean:0.03129491002053126 - self_distillation/self_distillation_mask.mean():1.0 - self_distillation/num_distill_tokens:207.29166666666669 - self_distillation/empty_target_batch:0.0 - actor/grad_norm:1.3834172487258911 - timing_s/update_actor/student_forward:28.50945572182536 - timing_s/update_actor/teacher_forward:9.225219135172665 - timing_s/update_actor/loss_compute:0.06990007683634758 - timing_s/update_actor/backward:61.02825004700571 - timing_s/update_actor/optimizer_step:0.01512396614998579 - timing_s/update_actor/teacher_ema_update:1.6107149040326476 - perf/mfu/actor:0.1610354786623084 - perf/max_memory_allocated_gb:151.24105787277222 - perf/max_memory_reserved_gb:168.146484375 - perf/cpu_memory_used_gb:606.5458436012268 - actor/lr:1.2e-06 - training/global_step:7 - training/epoch:0 - response_length/mean:77.734375 - response_length/max:1024.0 - response_length/min:2.0 - response_length/clip_ratio:0.0052083334885537624 - response_length_non_aborted/mean:77.734375 - response_length_non_aborted/max:1024.0 - response_length_non_aborted/min:2.0 - response_length_non_aborted/clip_ratio:0.0052083334885537624 - response/aborted_ratio:0.0 - prompt_length/mean:3360.489501953125 - prompt_length/max:4543.0 - prompt_length/min:2563.0 - prompt_length/clip_ratio:0.0 - num_turns/min:2 - num_turns/max:2 - num_turns/mean:2.0 - timing_s/start_profile:2.535339444875717e-05 - timing_s/agent_loop/generate_sequences/min:5.46557507570833 - timing_s/agent_loop/generate_sequences/max:38.512512114830315 - timing_s/agent_loop/generate_sequences/mean:20.371461362568272 - timing_s/agent_loop/tool_calls/min:0.0 - timing_s/agent_loop/tool_calls/max:0.0 - timing_s/agent_loop/tool_calls/mean:0.0 - timing_s/agent_loop/slowest/generate_sequences:38.512512114830315 - timing_s/agent_loop/slowest/tool_calls:0.0 - timing_s/agent_loop/slowest/prompt_length:2988 - timing_s/agent_loop/slowest/response_length:88 - timing_s/gen:125.54432168509811 - timing_s/adv:25.486168733797967 - timing_s/update_actor:194.18538274616003 - timing_s/dump_rollout_generations:0.6824245844036341 - timing_s/step:346.09901506919414 - timing_s/stop_profile:3.418419510126114e-05 - timing_per_token_ms/gen:2.102919961224424 - timing_per_token_ms/update_actor:0.07353958134050557 - timing_per_token_ms/adv:0.009651819061515063 - perf/total_num_tokens:2640556 - perf/time_per_step:346.09901506919414 - perf/throughput:953.685175711958
[36m(TaskRunner pid=1871981)[0m Training Progress:  11%|█         | 7/65 [41:15<5:36:45, 348.38s/it]
[36m(TaskRunner pid=1871981)[0m Dumped generations to /inspire/hdd/global_user/mengweicheng-240108120092/lzy/projects/Dual-Track-OPD/third_party/Vision-OPD/rollouts/Vision-OPD-Qwen3.5-4B/8.jsonl
[36m(TaskRunner pid=1871981)[0m step:8 - global_seqlen/min:318431 - global_seqlen/max:335446 - global_seqlen/minmax_diff:17015 - global_seqlen/balanced_min:325631 - global_seqlen/balanced_max:325644 - global_seqlen/mean:325639.375 - self_distillation/teacher_always_on_fraction:1.0 - self_distillation/teacher_image_swap_fraction:1.0 - self_distillation/policy_fallback_fraction:0.0 - self_distillation/grpo_fallback_count:0.0 - rollout_corr/rollout_is_mean:1.0 - rollout_corr/rollout_is_ratio_fraction_high:0.0 - rollout_corr/rollout_is_ratio_fraction_low:0.0 - rollout_corr/rollout_is_max:1.0 - rollout_corr/rollout_is_min:1.0 - rollout_corr/rollout_is_std:0.0 - rollout_corr/rollout_is_eff_sample_size:1.0 - rollout_corr/rollout_is_seq_mean:1.0 - rollout_corr/rollout_is_seq_std:0.0 - rollout_corr/rollout_is_seq_max:1.0 - rollout_corr/rollout_is_seq_min:1.0 - rollout_corr/rollout_is_seq_max_deviation:0.0 - rollout_corr/rollout_is_seq_fraction_high:0.0 - rollout_corr/rollout_is_seq_fraction_low:0.0 - rollout_corr/training_ppl:5.10245704692271 - rollout_corr/training_log_ppl:0.8143926719203591 - rollout_corr/kl:0.09950816967163215 - rollout_corr/k3_kl:0.0955576871775621 - rollout_corr/rollout_ppl:2.171912366317378 - rollout_corr/rollout_log_ppl:0.6364349657669663 - rollout_corr/log_ppl_diff:0.17795770527199137 - rollout_corr/log_ppl_abs_diff:0.21780986798694357 - rollout_corr/log_ppl_diff_max:3.6611311435699463 - rollout_corr/log_ppl_diff_min:-0.37104398012161255 - rollout_corr/ppl_ratio:1.6185911157064967 - rollout_corr/chi2_token:0.3703223330279191 - rollout_corr/chi2_seq:0.07879221542841858 - actor/pg_loss:0.03118105383024764 - actor/kl_loss:0.0 - actor/grpo_loss:0.0 - actor/vopd_loss:0.03118105383024764 - actor/vopd_loss_weighted:0.03118105383024764 - actor/policy_fallback_fraction:0.0 - self_distillation/raw_jsd_token_mean:0.03119636275449819 - self_distillation/weighted_jsd_token_mean:0.03119636275449819 - self_distillation/self_distillation_mask.mean():1.0 - self_distillation/num_distill_tokens:114.28819444444443 - self_distillation/empty_target_batch:0.0 - actor/grad_norm:2.930464506149292 - timing_s/update_actor/student_forward:28.981506663374603 - timing_s/update_actor/teacher_forward:9.129416932351887 - timing_s/update_actor/loss_compute:0.07704850658774376 - timing_s/update_actor/backward:60.45720475539565 - timing_s/update_actor/optimizer_step:0.014696147292852402 - timing_s/update_actor/teacher_ema_update:1.6541873402893543 - perf/mfu/actor:0.15934484428360313 - perf/max_memory_allocated_gb:151.24105787277222 - perf/max_memory_reserved_gb:168.146484375 - perf/cpu_memory_used_gb:601.0405788421631 - actor/lr:1.4e-06 - training/global_step:8 - training/epoch:0 - response_length/mean:42.85807418823242 - response_length/max:1024.0 - response_length/min:2.0 - response_length/clip_ratio:0.0013020833721384406 - response_length_non_aborted/mean:42.85807418823242 - response_length_non_aborted/max:1024.0 - response_length_non_aborted/min:2.0 - response_length_non_aborted/clip_ratio:0.0013020833721384406 - response/aborted_ratio:0.0 - prompt_length/mean:3349.21875 - prompt_length/max:3983.0 - prompt_length/min:2756.0 - prompt_length/clip_ratio:0.0 - num_turns/min:2 - num_turns/max:2 - num_turns/mean:2.0 - timing_s/start_profile:2.5223009288311005e-05 - timing_s/agent_loop/generate_sequences/min:10.665680735372007 - timing_s/agent_loop/generate_sequences/max:40.24732358939946 - timing_s/agent_loop/generate_sequences/mean:20.287359912536584 - timing_s/agent_loop/tool_calls/min:0.0 - timing_s/agent_loop/tool_calls/max:0.0 - timing_s/agent_loop/tool_calls/mean:0.0 - timing_s/agent_loop/slowest/generate_sequences:40.24732358939946 - timing_s/agent_loop/slowest/tool_calls:0.0 - timing_s/agent_loop/slowest/prompt_length:3371 - timing_s/agent_loop/slowest/response_length:61 - timing_s/gen:123.78825562819839 - timing_s/adv:20.59612800553441 - timing_s/update_actor:188.00316386204213 - timing_s/dump_rollout_generations:0.6151631753891706 - timing_s/step:333.22143948543817 - timing_s/stop_profile:2.90796160697937e-05 - timing_per_token_ms/gen:3.760846289782725 - timing_per_token_ms/update_actor:0.07216693461211583 - timing_per_token_ms/adv:0.007906034092749998 - perf/total_num_tokens:2605115 - perf/time_per_step:333.22143948543817 - perf/throughput:977.2461685024036
[36m(TaskRunner pid=1871981)[0m Training Progress:  12%|█▏        | 8/65 [46:51<5:27:00, 344.22s/it]
[36m(TaskRunner pid=1871981)[0m Dumped generations to /inspire/hdd/global_user/mengweicheng-240108120092/lzy/projects/Dual-Track-OPD/third_party/Vision-OPD/rollouts/Vision-OPD-Qwen3.5-4B/9.jsonl
[36m(TaskRunner pid=1871981)[0m step:9 - global_seqlen/min:319840 - global_seqlen/max:344719 - global_seqlen/minmax_diff:24879 - global_seqlen/balanced_min:329763 - global_seqlen/balanced_max:329813 - global_seqlen/mean:329793.5 - self_distillation/teacher_always_on_fraction:1.0 - self_distillation/teacher_image_swap_fraction:1.0 - self_distillation/policy_fallback_fraction:0.0 - self_distillation/grpo_fallback_count:0.0 - rollout_corr/rollout_is_mean:1.0 - rollout_corr/rollout_is_ratio_fraction_high:0.0 - rollout_corr/rollout_is_ratio_fraction_low:0.0 - rollout_corr/rollout_is_max:1.0 - rollout_corr/rollout_is_min:1.0 - rollout_corr/rollout_is_std:0.0 - rollout_corr/rollout_is_eff_sample_size:1.0 - rollout_corr/rollout_is_seq_mean:1.0 - rollout_corr/rollout_is_seq_std:0.0 - rollout_corr/rollout_is_seq_max:1.0 - rollout_corr/rollout_is_seq_min:1.0 - rollout_corr/rollout_is_seq_max_deviation:0.0 - rollout_corr/rollout_is_seq_fraction_high:0.0 - rollout_corr/rollout_is_seq_fraction_low:0.0 - rollout_corr/training_ppl:2.734309549960825 - rollout_corr/training_log_ppl:0.7247987881095873 - rollout_corr/kl:0.07080975519016242 - rollout_corr/k3_kl:0.07425000564297887 - rollout_corr/rollout_ppl:2.1687398482528 - rollout_corr/rollout_log_ppl:0.6609465950168669 - rollout_corr/log_ppl_diff:0.06385219275357991 - rollout_corr/log_ppl_abs_diff:0.0912260504911602 - rollout_corr/log_ppl_diff_max:3.151421546936035 - rollout_corr/log_ppl_diff_min:-0.5956454277038574 - rollout_corr/ppl_ratio:1.1121364204833903 - rollout_corr/chi2_token:0.6514993825306495 - rollout_corr/chi2_seq:0.7287078162448275 - actor/pg_loss:0.030489913641455736 - actor/kl_loss:0.0 - actor/grpo_loss:0.0 - actor/vopd_loss:0.030489913641455736 - actor/vopd_loss_weighted:0.030489913641455736 - actor/policy_fallback_fraction:0.0 - self_distillation/raw_jsd_token_mean:0.030734685406463947 - self_distillation/weighted_jsd_token_mean:0.030734685406463947 - self_distillation/self_distillation_mask.mean():1.0 - self_distillation/num_distill_tokens:204.01388888888889 - self_distillation/empty_target_batch:0.0 - actor/grad_norm:1.7861392498016357 - timing_s/update_actor/student_forward:29.67632699292153 - timing_s/update_actor/teacher_forward:8.8071068841964 - timing_s/update_actor/loss_compute:0.03648127801716328 - timing_s/update_actor/backward:61.62096291128546 - timing_s/update_actor/optimizer_step:0.014727573841810226 - timing_s/update_actor/teacher_ema_update:1.632084040902555 - perf/mfu/actor:0.15868989187579785 - perf/max_memory_allocated_gb:151.24105787277222 - perf/max_memory_reserved_gb:168.146484375 - perf/cpu_memory_used_gb:601.2412176132202 - actor/lr:1.6e-06 - training/global_step:9 - training/epoch:0 - response_length/mean:76.50521087646484 - response_length/max:1024.0 - response_length/min:2.0 - response_length/clip_ratio:0.010416666977107525 - response_length_non_aborted/mean:76.50521087646484 - response_length_non_aborted/max:1024.0 - response_length_non_aborted/min:2.0 - response_length_non_aborted/clip_ratio:0.010416666977107525 - response/aborted_ratio:0.0 - prompt_length/mean:3358.84375 - prompt_length/max:5483.0 - prompt_length/min:2284.0 - prompt_length/clip_ratio:0.0 - num_turns/min:2 - num_turns/max:2 - num_turns/mean:2.0 - timing_s/start_profile:5.675479769706726e-05 - timing_s/agent_loop/generate_sequences/min:9.101702446117997 - timing_s/agent_loop/generate_sequences/max:37.097473996691406 - timing_s/agent_loop/generate_sequences/mean:20.029818823991565 - timing_s/agent_loop/tool_calls/min:0.0 - timing_s/agent_loop/tool_calls/max:0.0 - timing_s/agent_loop/tool_calls/mean:0.0 - timing_s/agent_loop/slowest/generate_sequences:37.097473996691406 - timing_s/agent_loop/slowest/tool_calls:0.0 - timing_s/agent_loop/slowest/prompt_length:2992 - timing_s/agent_loop/slowest/response_length:741 - timing_s/gen:123.12618673685938 - timing_s/adv:21.256550393998623 - timing_s/update_actor:190.45586229488254 - timing_s/dump_rollout_generations:0.6293134512379766 - timing_s/step:335.68483686540276 - timing_s/stop_profile:2.84416601061821e-05 - timing_per_token_ms/gen:2.095550866921836 - timing_per_token_ms/update_actor:0.07218754398391818 - timing_per_token_ms/adv:0.008056765215960375 - perf/total_num_tokens:2638348 - perf/time_per_step:335.68483686540276 - perf/throughput:982.4497974933406
[36m(TaskRunner pid=1871981)[0m Training Progress:  14%|█▍        | 9/65 [52:29<5:19:24, 342.22s/it]
[36m(TaskRunner pid=1871981)[0m Dumped generations to /inspire/hdd/global_user/mengweicheng-240108120092/lzy/projects/Dual-Track-OPD/third_party/Vision-OPD/rollouts/Vision-OPD-Qwen3.5-4B/10.jsonl
[36m(TaskRunner pid=1871981)[0m step:10 - global_seqlen/min:322943 - global_seqlen/max:366800 - global_seqlen/minmax_diff:43857 - global_seqlen/balanced_min:338602 - global_seqlen/balanced_max:338627 - global_seqlen/mean:338616.125 - self_distillation/teacher_always_on_fraction:1.0 - self_distillation/teacher_image_swap_fraction:1.0 - self_distillation/policy_fallback_fraction:0.0 - self_distillation/grpo_fallback_count:0.0 - rollout_corr/rollout_is_mean:1.0 - rollout_corr/rollout_is_ratio_fraction_high:0.0 - rollout_corr/rollout_is_ratio_fraction_low:0.0 - rollout_corr/rollout_is_max:1.0 - rollout_corr/rollout_is_min:1.0 - rollout_corr/rollout_is_std:0.0 - rollout_corr/rollout_is_eff_sample_size:1.0 - rollout_corr/rollout_is_seq_mean:1.0 - rollout_corr/rollout_is_seq_std:0.0 - rollout_corr/rollout_is_seq_max:1.0 - rollout_corr/rollout_is_seq_min:1.0 - rollout_corr/rollout_is_seq_max_deviation:0.0 - rollout_corr/rollout_is_seq_fraction_high:0.0 - rollout_corr/rollout_is_seq_fraction_low:0.0 - rollout_corr/training_ppl:2.7724026530175596 - rollout_corr/training_log_ppl:0.7172912894874006 - rollout_corr/kl:0.066833235194625 - rollout_corr/k3_kl:0.06340161369140283 - rollout_corr/rollout_ppl:2.130881454896283 - rollout_corr/rollout_log_ppl:0.6488148528780486 - rollout_corr/log_ppl_diff:0.0684764377475477 - rollout_corr/log_ppl_abs_diff:0.09027187513640603 - rollout_corr/log_ppl_diff_max:3.047457695007324 - rollout_corr/log_ppl_diff_min:-0.7522432804107666 - rollout_corr/ppl_ratio:1.0993031126421853 - rollout_corr/chi2_token:0.4428552238119615 - rollout_corr/chi2_seq:2.9686035997158773 - actor/pg_loss:0.02680255534990768 - actor/kl_loss:0.0 - actor/grpo_loss:0.0 - actor/vopd_loss:0.02680255534990768 - actor/vopd_loss_weighted:0.02680255534990768 - actor/policy_fallback_fraction:0.0 - self_distillation/raw_jsd_token_mean:0.027112471488795267 - self_distillation/weighted_jsd_token_mean:0.027112471488795267 - self_distillation/self_distillation_mask.mean():1.0 - self_distillation/num_distill_tokens:199.8141891891892 - self_distillation/empty_target_batch:0.0 - actor/grad_norm:1.4552322626113892 - timing_s/update_actor/student_forward:43.4336049426347 - timing_s/update_actor/teacher_forward:10.076796552166343 - timing_s/update_actor/loss_compute:0.04454090353101492 - timing_s/update_actor/backward:75.8205186445266 - timing_s/update_actor/optimizer_step:0.014543922618031502 - timing_s/update_actor/teacher_ema_update:1.6065049804747105 - perf/mfu/actor:0.12894701365631622 - perf/max_memory_allocated_gb:151.40289068222046 - perf/max_memory_reserved_gb:168.31640625 - perf/cpu_memory_used_gb:607.9209780693054 - actor/lr:1.8e-06 - training/global_step:10 - training/epoch:0 - response_length/mean:77.01171875 - response_length/max:1024.0 - response_length/min:2.0 - response_length/clip_ratio:0.0065104165114462376 - response_length_non_aborted/mean:77.01171875 - response_length_non_aborted/max:1024.0 - response_length_non_aborted/min:2.0 - response_length_non_aborted/clip_ratio:0.0065104165114462376 - response/aborted_ratio:0.0 - prompt_length/mean:3450.239501953125 - prompt_length/max:7880.0 - prompt_length/min:2854.0 - prompt_length/clip_ratio:0.0 - num_turns/min:2 - num_turns/max:2 - num_turns/mean:2.0 - timing_s/start_profile:2.5307759642601013e-05 - timing_s/agent_loop/generate_sequences/min:6.1699143666774035 - timing_s/agent_loop/generate_sequences/max:42.24571602605283 - timing_s/agent_loop/generate_sequences/mean:21.31460617280148 - timing_s/agent_loop/tool_calls/min:0.0 - timing_s/agent_loop/tool_calls/max:0.0 - timing_s/agent_loop/tool_calls/mean:0.0 - timing_s/agent_loop/slowest/generate_sequences:42.24571602605283 - timing_s/agent_loop/slowest/tool_calls:0.0 - timing_s/agent_loop/slowest/prompt_length:3365 - timing_s/agent_loop/slowest/response_length:1024 - timing_s/gen:129.5178737938404 - timing_s/adv:22.655243824236095 - timing_s/update_actor:221.98857378587127 - timing_s/dump_rollout_generations:0.5634578354656696 - timing_s/step:374.922105002217 - timing_s/stop_profile:3.6125071346759796e-05 - timing_per_token_ms/gen:2.1898363985770635 - timing_per_token_ms/update_actor:0.08194698856480596 - timing_per_token_ms/adv:0.008363173720771602 - perf/total_num_tokens:2708929 - perf/time_per_step:374.922105002217 - perf/throughput:903.1639385413076
[36m(TaskRunner pid=1871981)[0m Training Progress:  15%|█▌        | 10/65 [58:46<5:23:32, 352.96s/it]
[36m(WorkerDict pid=1922451)[0m /inspire/hdd/global_user/mengweicheng-240108120092/lzy/projects/Dual-Track-OPD/third_party/Vision-OPD/verl/utils/device.py:134: FutureWarning: torch.cuda._set_allocator_settings is deprecated. Use torch._C._accelerator_setAllocatorSettings instead.
[36m(WorkerDict pid=1922451)[0m   torch.cuda.memory._set_allocator_settings(f"expandable_segments:{enable}")
[36m(TaskRunner pid=1871981)[0m Dumped generations to /inspire/hdd/global_user/mengweicheng-240108120092/lzy/projects/Dual-Track-OPD/third_party/Vision-OPD/rollouts/Vision-OPD-Qwen3.5-4B/11.jsonl
[36m(TaskRunner pid=1871981)[0m step:11 - global_seqlen/min:321147 - global_seqlen/max:364359 - global_seqlen/minmax_diff:43212 - global_seqlen/balanced_min:336860 - global_seqlen/balanced_max:337007 - global_seqlen/mean:336954.375 - self_distillation/teacher_always_on_fraction:1.0 - self_distillation/teacher_image_swap_fraction:1.0 - self_distillation/policy_fallback_fraction:0.0 - self_distillation/grpo_fallback_count:0.0 - rollout_corr/rollout_is_mean:1.0 - rollout_corr/rollout_is_ratio_fraction_high:0.0 - rollout_corr/rollout_is_ratio_fraction_low:0.0 - rollout_corr/rollout_is_max:1.0 - rollout_corr/rollout_is_min:1.0 - rollout_corr/rollout_is_std:0.0 - rollout_corr/rollout_is_eff_sample_size:1.0 - rollout_corr/rollout_is_seq_mean:1.0 - rollout_corr/rollout_is_seq_std:0.0 - rollout_corr/rollout_is_seq_max:1.0 - rollout_corr/rollout_is_seq_min:1.0 - rollout_corr/rollout_is_seq_max_deviation:0.0 - rollout_corr/rollout_is_seq_fraction_high:0.0 - rollout_corr/rollout_is_seq_fraction_low:0.0 - rollout_corr/training_ppl:2.3628817849062584 - rollout_corr/training_log_ppl:0.7037540589635437 - rollout_corr/kl:0.06295114304722685 - rollout_corr/k3_kl:0.06130722280815118 - rollout_corr/rollout_ppl:2.234645794775035 - rollout_corr/rollout_log_ppl:0.644065613380155 - rollout_corr/log_ppl_diff:0.05968844845286897 - rollout_corr/log_ppl_abs_diff:0.08213337278308196 - rollout_corr/log_ppl_diff_max:1.3503613471984863 - rollout_corr/log_ppl_diff_min:-0.8478014469146729 - rollout_corr/ppl_ratio:1.0705066186350745 - rollout_corr/chi2_token:0.35496066853001307 - rollout_corr/chi2_seq:1.115309934559706 - actor/pg_loss:0.02569403776760737 - actor/kl_loss:0.0 - actor/grpo_loss:0.0 - actor/vopd_loss:0.02569403776760737 - actor/vopd_loss_weighted:0.02569403776760737 - actor/policy_fallback_fraction:0.0 - self_distillation/raw_jsd_token_mean:0.025869916358371138 - self_distillation/weighted_jsd_token_mean:0.025869916358371138 - self_distillation/self_distillation_mask.mean():1.0 - self_distillation/num_distill_tokens:330.4695945945946 - self_distillation/empty_target_batch:0.0 - actor/grad_norm:1.175864815711975 - timing_s/update_actor/student_forward:32.65560726542026 - timing_s/update_actor/teacher_forward:8.654304462485015 - timing_s/update_actor/loss_compute:0.09330238308757544 - timing_s/update_actor/backward:63.32477269414812 - timing_s/update_actor/optimizer_step:0.014637254178524017 - timing_s/update_actor/teacher_ema_update:0.8984851744025946 - perf/mfu/actor:0.1551173330173003 - perf/max_memory_allocated_gb:151.58445024490356 - perf/max_memory_reserved_gb:168.5234375 - perf/cpu_memory_used_gb:603.2350115776062 - actor/lr:2e-06 - training/global_step:11 - training/epoch:0 - response_length/mean:127.36849212646484 - response_length/max:1024.0 - response_length/min:2.0 - response_length/clip_ratio:0.02083333395421505 - response_length_non_aborted/mean:127.36849212646484 - response_length_non_aborted/max:1024.0 - response_length_non_aborted/min:2.0 - response_length_non_aborted/clip_ratio:0.02083333395421505 - response/aborted_ratio:0.0 - prompt_length/mean:3382.572998046875 - prompt_length/max:7318.0 - prompt_length/min:2284.0 - prompt_length/clip_ratio:0.0 - num_turns/min:2 - num_turns/max:2 - num_turns/mean:2.0 - timing_s/start_profile:5.170702934265137e-05 - timing_s/agent_loop/generate_sequences/min:6.768548754043877 - timing_s/agent_loop/generate_sequences/max:40.31794895976782 - timing_s/agent_loop/generate_sequences/mean:20.252262092051144 - timing_s/agent_loop/tool_calls/min:0.0 - timing_s/agent_loop/tool_calls/max:0.0 - timing_s/agent_loop/tool_calls/mean:0.0 - timing_s/agent_loop/slowest/generate_sequences:40.31794895976782 - timing_s/agent_loop/slowest/tool_calls:0.0 - timing_s/agent_loop/slowest/prompt_length:2997 - timing_s/agent_loop/slowest/response_length:259 - timing_s/gen:125.75082622189075 - timing_s/adv:19.014384541660547 - timing_s/update_actor:193.356778671965 - timing_s/dump_rollout_generations:2.134042709134519 - timing_s/step:340.450627643615 - timing_s/stop_profile:3.556162118911743e-05 - timing_per_token_ms/gen:1.285546020935511 - timing_per_token_ms/update_actor:0.07172958455872736 - timing_per_token_ms/adv:0.007053768237042681 - perf/total_num_tokens:2695635 - perf/time_per_step:340.450627643615 - perf/throughput:989.7305149125033
[36m(TaskRunner pid=1871981)[0m Training Progress:  17%|█▋        | 11/65 [1:04:30<5:15:10, 350.19s/it]
[36m(WorkerDict pid=1922457)[0m /inspire/hdd/global_user/mengweicheng-240108120092/lzy/projects/Dual-Track-OPD/third_party/Vision-OPD/verl/utils/device.py:134: FutureWarning: torch.cuda._set_allocator_settings is deprecated. Use torch._C._accelerator_setAllocatorSettings instead.[32m [repeated 2x across cluster][0m
[36m(WorkerDict pid=1922457)[0m   torch.cuda.memory._set_allocator_settings(f"expandable_segments:{enable}")[32m [repeated 2x across cluster][0m
[36m(WorkerDict pid=1922424)[0m /inspire/hdd/global_user/mengweicheng-240108120092/lzy/projects/Dual-Track-OPD/third_party/Vision-OPD/verl/utils/device.py:134: FutureWarning: torch.cuda._set_allocator_settings is deprecated. Use torch._C._accelerator_setAllocatorSettings instead.
[36m(WorkerDict pid=1922424)[0m   torch.cuda.memory._set_allocator_settings(f"expandable_segments:{enable}")
[36m(WorkerDict pid=1922418)[0m /inspire/hdd/global_user/mengweicheng-240108120092/lzy/projects/Dual-Track-OPD/third_party/Vision-OPD/verl/utils/device.py:134: FutureWarning: torch.cuda._set_allocator_settings is deprecated. Use torch._C._accelerator_setAllocatorSettings instead.
[36m(WorkerDict pid=1922418)[0m   torch.cuda.memory._set_allocator_settings(f"expandable_segments:{enable}")
[36m(TaskRunner pid=1871981)[0m Dumped generations to /inspire/hdd/global_user/mengweicheng-240108120092/lzy/projects/Dual-Track-OPD/third_party/Vision-OPD/rollouts/Vision-OPD-Qwen3.5-4B/12.jsonl
[36m(TaskRunner pid=1871981)[0m step:12 - global_seqlen/min:319431 - global_seqlen/max:340954 - global_seqlen/minmax_diff:21523 - global_seqlen/balanced_min:327596 - global_seqlen/balanced_max:327644 - global_seqlen/mean:327627.125 - self_distillation/teacher_always_on_fraction:1.0 - self_distillation/teacher_image_swap_fraction:1.0 - self_distillation/policy_fallback_fraction:0.0 - self_distillation/grpo_fallback_count:0.0 - rollout_corr/rollout_is_mean:1.0 - rollout_corr/rollout_is_ratio_fraction_high:0.0 - rollout_corr/rollout_is_ratio_fraction_low:0.0 - rollout_corr/rollout_is_max:1.0 - rollout_corr/rollout_is_min:1.0 - rollout_corr/rollout_is_std:0.0 - rollout_corr/rollout_is_eff_sample_size:1.0 - rollout_corr/rollout_is_seq_mean:1.0 - rollout_corr/rollout_is_seq_std:0.0 - rollout_corr/rollout_is_seq_max:1.0 - rollout_corr/rollout_is_seq_min:1.0 - rollout_corr/rollout_is_seq_max_deviation:0.0 - rollout_corr/rollout_is_seq_fraction_high:0.0 - rollout_corr/rollout_is_seq_fraction_low:0.0 - rollout_corr/training_ppl:3.3727683876123695 - rollout_corr/training_log_ppl:0.7188775020961959 - rollout_corr/kl:0.062041882181498906 - rollout_corr/k3_kl:0.07748503758800021 - rollout_corr/rollout_ppl:2.4733432908025055 - rollout_corr/rollout_log_ppl:0.6611760071375304 - rollout_corr/log_ppl_diff:0.05770149817180936 - rollout_corr/log_ppl_abs_diff:0.11376944904138023 - rollout_corr/log_ppl_diff_max:2.9695355892181396 - rollout_corr/log_ppl_diff_min:-0.6190494298934937 - rollout_corr/ppl_ratio:1.1264958822478852 - rollout_corr/chi2_token:0.587240336669816 - rollout_corr/chi2_seq:2.3753921350257263 - actor/pg_loss:0.027484973328682827 - actor/kl_loss:0.0 - actor/grpo_loss:0.0 - actor/vopd_loss:0.027484973328682827 - actor/vopd_loss_weighted:0.027484973328682827 - actor/policy_fallback_fraction:0.0 - self_distillation/raw_jsd_token_mean:0.02730305192461755 - self_distillation/weighted_jsd_token_mean:0.02730305192461755 - self_distillation/self_distillation_mask.mean():1.0 - self_distillation/num_distill_tokens:219.83680555555554 - self_distillation/empty_target_batch:0.0 - actor/grad_norm:1.2003650665283203 - timing_s/update_actor/student_forward:28.676901407539845 - timing_s/update_actor/teacher_forward:8.350992596708238 - timing_s/update_actor/loss_compute:0.044719915837049484 - timing_s/update_actor/backward:59.91767473239452 - timing_s/update_actor/optimizer_step:0.014673729427158833 - timing_s/update_actor/teacher_ema_update:1.1012548077851534 - perf/mfu/actor:0.16192961291799235 - perf/max_memory_allocated_gb:151.58445024490356 - perf/max_memory_reserved_gb:168.5234375 - perf/cpu_memory_used_gb:602.8922390937805 - actor/lr:2e-06 - training/global_step:12 - training/epoch:0 - response_length/mean:82.43880462646484 - response_length/max:1024.0 - response_length/min:2.0 - response_length/clip_ratio:0.013020833022892475 - response_length_non_aborted/mean:82.43880462646484 - response_length_non_aborted/max:1024.0 - response_length_non_aborted/min:2.0 - response_length_non_aborted/clip_ratio:0.013020833022892475 - response/aborted_ratio:0.0 - prompt_length/mean:3330.34375 - prompt_length/max:4494.0 - prompt_length/min:2284.0 - prompt_length/clip_ratio:0.0 - num_turns/min:2 - num_turns/max:2 - num_turns/mean:2.0 - timing_s/start_profile:3.063119947910309e-05 - timing_s/agent_loop/generate_sequences/min:7.027255547232926 - timing_s/agent_loop/generate_sequences/max:37.99639234691858 - timing_s/agent_loop/generate_sequences/mean:20.47630666218659 - timing_s/agent_loop/tool_calls/min:0.0 - timing_s/agent_loop/tool_calls/max:0.0 - timing_s/agent_loop/tool_calls/mean:0.0 - timing_s/agent_loop/slowest/generate_sequences:37.99639234691858 - timing_s/agent_loop/slowest/tool_calls:0.0 - timing_s/agent_loop/slowest/prompt_length:4494 - timing_s/agent_loop/slowest/response_length:552 - timing_s/gen:124.69568562693894 - timing_s/adv:21.01567693427205 - timing_s/update_actor:183.7459156382829 - timing_s/dump_rollout_generations:0.6276517258957028 - timing_s/step:330.280846090056 - timing_s/stop_profile:4.3412670493125916e-05 - timing_per_token_ms/gen:1.9695115636115639 - timing_per_token_ms/update_actor:0.07010481642747182 - timing_per_token_ms/adv:0.008018138354032825 - perf/total_num_tokens:2621017 - perf/time_per_step:330.280846090056 - perf/throughput:991.9652588956599
[36m(TaskRunner pid=1871981)[0m Training Progress:  18%|█▊        | 12/65 [1:10:02<5:04:34, 344.80s/it]
[36m(TaskRunner pid=1871981)[0m Dumped generations to /inspire/hdd/global_user/mengweicheng-240108120092/lzy/projects/Dual-Track-OPD/third_party/Vision-OPD/rollouts/Vision-OPD-Qwen3.5-4B/13.jsonl
[36m(TaskRunner pid=1871981)[0m step:13 - global_seqlen/min:316103 - global_seqlen/max:348293 - global_seqlen/minmax_diff:32190 - global_seqlen/balanced_min:326992 - global_seqlen/balanced_max:327031 - global_seqlen/mean:327013.625 - self_distillation/teacher_always_on_fraction:1.0 - self_distillation/teacher_image_swap_fraction:1.0 - self_distillation/policy_fallback_fraction:0.0 - self_distillation/grpo_fallback_count:0.0 - rollout_corr/rollout_is_mean:1.0 - rollout_corr/rollout_is_ratio_fraction_high:0.0 - rollout_corr/rollout_is_ratio_fraction_low:0.0 - rollout_corr/rollout_is_max:1.0 - rollout_corr/rollout_is_min:1.0 - rollout_corr/rollout_is_std:0.0 - rollout_corr/rollout_is_eff_sample_size:1.0 - rollout_corr/rollout_is_seq_mean:1.0 - rollout_corr/rollout_is_seq_std:0.0 - rollout_corr/rollout_is_seq_max:1.0 - rollout_corr/rollout_is_seq_min:1.0 - rollout_corr/rollout_is_seq_max_deviation:0.0 - rollout_corr/rollout_is_seq_fraction_high:0.0 - rollout_corr/rollout_is_seq_fraction_low:0.0 - rollout_corr/training_ppl:3.2502227094438343 - rollout_corr/training_log_ppl:0.7257895261152751 - rollout_corr/kl:0.06541760045090289 - rollout_corr/k3_kl:0.07351462159123104 - rollout_corr/rollout_ppl:2.2050049888590975 - rollout_corr/rollout_log_ppl:0.6427615619678464 - rollout_corr/log_ppl_diff:0.08302796643935531 - rollout_corr/log_ppl_abs_diff:0.13395865430195247 - rollout_corr/log_ppl_diff_max:2.4642434120178223 - rollout_corr/log_ppl_diff_min:-0.6723514795303345 - rollout_corr/ppl_ratio:1.1764054062465825 - rollout_corr/chi2_token:0.29419740806851125 - rollout_corr/chi2_seq:0.8385341802818908 - actor/pg_loss:0.02658668530299716 - actor/kl_loss:0.0 - actor/grpo_loss:0.0 - actor/vopd_loss:0.02658668530299716 - actor/vopd_loss_weighted:0.02658668530299716 - actor/policy_fallback_fraction:0.0 - self_distillation/raw_jsd_token_mean:0.026701362721117523 - self_distillation/weighted_jsd_token_mean:0.026701362721117523 - self_distillation/self_distillation_mask.mean():1.0 - self_distillation/num_distill_tokens:147.54513888888889 - self_distillation/empty_target_batch:0.0 - actor/grad_norm:1.4816384315490723 - timing_s/update_actor/student_forward:31.787633270025253 - timing_s/update_actor/teacher_forward:8.43829085957259 - timing_s/update_actor/loss_compute:0.09239066485315561 - timing_s/update_actor/backward:59.68342726677656 - timing_s/update_actor/optimizer_step:0.015533898025751114 - timing_s/update_actor/teacher_ema_update:0.8951602149754763 - perf/mfu/actor:0.1582629910399016 - perf/max_memory_allocated_gb:151.58445024490356 - perf/max_memory_reserved_gb:168.5234375 - perf/cpu_memory_used_gb:605.2540936470032 - actor/lr:2e-06 - training/global_step:13 - training/epoch:0 - response_length/mean:55.32942581176758 - response_length/max:1024.0 - response_length/min:2.0 - response_length/clip_ratio:0.0052083334885537624 - response_length_non_aborted/mean:55.32942581176758 - response_length_non_aborted/max:1024.0 - response_length_non_aborted/min:2.0 - response_length_non_aborted/clip_ratio:0.0052083334885537624 - response/aborted_ratio:0.0 - prompt_length/mean:3351.0625 - prompt_length/max:4968.0 - prompt_length/min:2296.0 - prompt_length/clip_ratio:0.0 - num_turns/min:2 - num_turns/max:2 - num_turns/mean:2.0 - timing_s/start_profile:4.529580473899841e-05 - timing_s/agent_loop/generate_sequences/min:10.206633472815156 - timing_s/agent_loop/generate_sequences/max:38.18687720783055 - timing_s/agent_loop/generate_sequences/mean:19.74682062255306 - timing_s/agent_loop/tool_calls/min:0.0 - timing_s/agent_loop/tool_calls/max:0.0 - timing_s/agent_loop/tool_calls/mean:0.0 - timing_s/agent_loop/slowest/generate_sequences:38.18687720783055 - timing_s/agent_loop/slowest/tool_calls:0.0 - timing_s/agent_loop/slowest/prompt_length:3367 - timing_s/agent_loop/slowest/response_length:961 - timing_s/gen:123.5346823176369 - timing_s/adv:20.997135925106704 - timing_s/update_actor:185.90120960585773 - timing_s/dump_rollout_generations:0.6101233884692192 - timing_s/step:331.24406820721924 - timing_s/stop_profile:2.9299408197402954e-05 - timing_per_token_ms/gen:2.907177236665731 - timing_per_token_ms/update_actor:0.0710601926776972 - timing_per_token_ms/adv:0.008026093685357416 - perf/total_num_tokens:2616109 - perf/time_per_step:331.24406820721924 - perf/throughput:987.2286219943031
[36m(TaskRunner pid=1871981)[0m Training Progress:  20%|██        | 13/65 [1:15:35<4:55:49, 341.34s/it]
[36m(TaskRunner pid=1871981)[0m Dumped generations to /inspire/hdd/global_user/mengweicheng-240108120092/lzy/projects/Dual-Track-OPD/third_party/Vision-OPD/rollouts/Vision-OPD-Qwen3.5-4B/14.jsonl
[36m(TaskRunner pid=1871981)[0m step:14 - global_seqlen/min:314724 - global_seqlen/max:336192 - global_seqlen/minmax_diff:21468 - global_seqlen/balanced_min:328507 - global_seqlen/balanced_max:328538 - global_seqlen/mean:328521.875 - self_distillation/teacher_always_on_fraction:1.0 - self_distillation/teacher_image_swap_fraction:1.0 - self_distillation/policy_fallback_fraction:0.0 - self_distillation/grpo_fallback_count:0.0 - rollout_corr/rollout_is_mean:1.0 - rollout_corr/rollout_is_ratio_fraction_high:0.0 - rollout_corr/rollout_is_ratio_fraction_low:0.0 - rollout_corr/rollout_is_max:1.0 - rollout_corr/rollout_is_min:1.0 - rollout_corr/rollout_is_std:0.0 - rollout_corr/rollout_is_eff_sample_size:1.0 - rollout_corr/rollout_is_seq_mean:1.0 - rollout_corr/rollout_is_seq_std:0.0 - rollout_corr/rollout_is_seq_max:1.0 - rollout_corr/rollout_is_seq_min:1.0 - rollout_corr/rollout_is_seq_max_deviation:0.0 - rollout_corr/rollout_is_seq_fraction_high:0.0 - rollout_corr/rollout_is_seq_fraction_low:0.0 - rollout_corr/training_ppl:2.5765931796696453 - rollout_corr/training_log_ppl:0.7304717585858371 - rollout_corr/kl:0.0671172274406773 - rollout_corr/k3_kl:0.06144379110588084 - rollout_corr/rollout_ppl:2.1867021657526493 - rollout_corr/rollout_log_ppl:0.6779875807050202 - rollout_corr/log_ppl_diff:0.05248417709663045 - rollout_corr/log_ppl_abs_diff:0.09222976395135953 - rollout_corr/log_ppl_diff_max:2.1216537952423096 - rollout_corr/log_ppl_diff_min:-0.4102802872657776 - rollout_corr/ppl_ratio:1.0834319514946804 - rollout_corr/chi2_token:0.20616007679038578 - rollout_corr/chi2_seq:0.24747186568048268 - actor/pg_loss:0.020194367151513386 - actor/kl_loss:0.0 - actor/grpo_loss:0.0 - actor/vopd_loss:0.020194367151513386 - actor/vopd_loss_weighted:0.020194367151513386 - actor/policy_fallback_fraction:0.0 - self_distillation/raw_jsd_token_mean:0.01993934896341266 - self_distillation/weighted_jsd_token_mean:0.01993934896341266 - self_distillation/self_distillation_mask.mean():1.0 - self_distillation/num_distill_tokens:246.52430555555557 - self_distillation/empty_target_batch:0.0 - actor/grad_norm:0.6319650411605835 - timing_s/update_actor/student_forward:28.778684156015515 - timing_s/update_actor/teacher_forward:8.620474734343588 - timing_s/update_actor/loss_compute:0.06374484114348888 - timing_s/update_actor/backward:60.14964357204735 - timing_s/update_actor/optimizer_step:0.015148568898439407 - timing_s/update_actor/teacher_ema_update:0.9038305962458253 - perf/mfu/actor:0.16106339074326156 - perf/max_memory_allocated_gb:151.58445024490356 - perf/max_memory_reserved_gb:168.5234375 - perf/cpu_memory_used_gb:604.0050096511841 - actor/lr:2e-06 - training/global_step:14 - training/epoch:0 - response_length/mean:92.44661712646484 - response_length/max:1024.0 - response_length/min:2.0 - response_length/clip_ratio:0.01822916604578495 - response_length_non_aborted/mean:92.44661712646484 - response_length_non_aborted/max:1024.0 - response_length_non_aborted/min:2.0 - response_length_non_aborted/clip_ratio:0.01822916604578495 - response/aborted_ratio:0.0 - prompt_length/mean:3329.65625 - prompt_length/max:4117.0 - prompt_length/min:2334.0 - prompt_length/clip_ratio:0.0 - num_turns/min:2 - num_turns/max:2 - num_turns/mean:2.0 - timing_s/start_profile:3.3357180655002594e-05 - timing_s/agent_loop/generate_sequences/min:10.521031280048192 - timing_s/agent_loop/generate_sequences/max:36.97863559611142 - timing_s/agent_loop/generate_sequences/mean:20.102431716302817 - timing_s/agent_loop/tool_calls/min:0.0 - timing_s/agent_loop/tool_calls/max:0.0 - timing_s/agent_loop/tool_calls/mean:0.0 - timing_s/agent_loop/slowest/generate_sequences:36.97863559611142 - timing_s/agent_loop/slowest/tool_calls:0.0 - timing_s/agent_loop/slowest/prompt_length:3362 - timing_s/agent_loop/slowest/response_length:662 - timing_s/gen:124.7921318244189 - timing_s/adv:21.950941720977426 - timing_s/update_actor:187.69912251550704 - timing_s/dump_rollout_generations:0.5929706767201424 - timing_s/step:335.2151876799762 - timing_s/stop_profile:2.883654087781906e-05 - timing_per_token_ms/gen:1.7576604152793547 - timing_per_token_ms/update_actor:0.07141804579813256 - timing_per_token_ms/adv:0.00835216137470961 - perf/total_num_tokens:2628175 - perf/time_per_step:335.2151876799762 - perf/throughput:980.0327881135081
[36m(TaskRunner pid=1871981)[0m Training Progress:  22%|██▏       | 14/65 [1:21:13<4:49:06, 340.13s/it]
[36m(TaskRunner pid=1871981)[0m Dumped generations to /inspire/hdd/global_user/mengweicheng-240108120092/lzy/projects/Dual-Track-OPD/third_party/Vision-OPD/rollouts/Vision-OPD-Qwen3.5-4B/15.jsonl
[36m(TaskRunner pid=1871981)[0m step:15 - global_seqlen/min:322021 - global_seqlen/max:351796 - global_seqlen/minmax_diff:29775 - global_seqlen/balanced_min:331863 - global_seqlen/balanced_max:332024 - global_seqlen/mean:331974.75 - self_distillation/teacher_always_on_fraction:1.0 - self_distillation/teacher_image_swap_fraction:1.0 - self_distillation/policy_fallback_fraction:0.0 - self_distillation/grpo_fallback_count:0.0 - rollout_corr/rollout_is_mean:1.0 - rollout_corr/rollout_is_ratio_fraction_high:0.0 - rollout_corr/rollout_is_ratio_fraction_low:0.0 - rollout_corr/rollout_is_max:1.0 - rollout_corr/rollout_is_min:1.0 - rollout_corr/rollout_is_std:0.0 - rollout_corr/rollout_is_eff_sample_size:1.0 - rollout_corr/rollout_is_seq_mean:1.0 - rollout_corr/rollout_is_seq_std:0.0 - rollout_corr/rollout_is_seq_max:1.0 - rollout_corr/rollout_is_seq_min:1.0 - rollout_corr/rollout_is_seq_max_deviation:0.0 - rollout_corr/rollout_is_seq_fraction_high:0.0 - rollout_corr/rollout_is_seq_fraction_low:0.0 - rollout_corr/training_ppl:2.4372795997439205 - rollout_corr/training_log_ppl:0.7502029422368552 - rollout_corr/kl:0.058711293401093156 - rollout_corr/k3_kl:0.06493069660604847 - rollout_corr/rollout_ppl:2.2422655478522584 - rollout_corr/rollout_log_ppl:0.7071968520915992 - rollout_corr/log_ppl_diff:0.043006087432036724 - rollout_corr/log_ppl_abs_diff:0.07636825201051259 - rollout_corr/log_ppl_diff_max:1.4938979148864746 - rollout_corr/log_ppl_diff_min:-0.6553120017051697 - rollout_corr/ppl_ratio:1.0532785607753574 - rollout_corr/chi2_token:0.45632657871858495 - rollout_corr/chi2_seq:1.2557241274295625 - actor/pg_loss:0.02018001305380797 - actor/kl_loss:0.0 - actor/grpo_loss:0.0 - actor/vopd_loss:0.02018001305380797 - actor/vopd_loss_weighted:0.02018001305380797 - actor/policy_fallback_fraction:0.0 - self_distillation/raw_jsd_token_mean:0.020133041528154264 - self_distillation/weighted_jsd_token_mean:0.020133041528154264 - self_distillation/self_distillation_mask.mean():1.0 - self_distillation/num_distill_tokens:258.3716216216216 - self_distillation/empty_target_batch:0.0 - actor/grad_norm:0.6428342461585999 - timing_s/update_actor/student_forward:31.387345056049526 - timing_s/update_actor/teacher_forward:9.17265208531171 - timing_s/update_actor/loss_compute:0.05273770913481712 - timing_s/update_actor/backward:61.42143650818616 - timing_s/update_actor/optimizer_step:0.014357799664139748 - timing_s/update_actor/teacher_ema_update:1.0718275057151914 - perf/mfu/actor:0.1564740662676256 - perf/max_memory_allocated_gb:151.58445024490356 - perf/max_memory_reserved_gb:168.5234375 - perf/cpu_memory_used_gb:609.1460342407227 - actor/lr:2e-06 - training/global_step:15 - training/epoch:0 - response_length/mean:99.58072662353516 - response_length/max:1024.0 - response_length/min:2.0 - response_length/clip_ratio:0.009114583022892475 - response_length_non_aborted/mean:99.58072662353516 - response_length_non_aborted/max:1024.0 - response_length_non_aborted/min:2.0 - response_length_non_aborted/clip_ratio:0.009114583022892475 - response/aborted_ratio:0.0 - prompt_length/mean:3358.489501953125 - prompt_length/max:5109.0 - prompt_length/min:2286.0 - prompt_length/clip_ratio:0.0 - num_turns/min:2 - num_turns/max:2 - num_turns/mean:2.0 - timing_s/start_profile:2.150796353816986e-05 - timing_s/agent_loop/generate_sequences/min:6.2395616341382265 - timing_s/agent_loop/generate_sequences/max:38.85044249333441 - timing_s/agent_loop/generate_sequences/mean:20.451675555484446 - timing_s/agent_loop/tool_calls/min:0.0 - timing_s/agent_loop/tool_calls/max:0.0 - timing_s/agent_loop/tool_calls/mean:0.0 - timing_s/agent_loop/slowest/generate_sequences:38.85044249333441 - timing_s/agent_loop/slowest/tool_calls:0.0 - timing_s/agent_loop/slowest/prompt_length:3366 - timing_s/agent_loop/slowest/response_length:160 - timing_s/gen:125.24782876949757 - timing_s/adv:21.33509929664433 - timing_s/update_actor:192.49807935860008 - timing_s/dump_rollout_generations:0.6249094288796186 - timing_s/step:339.90740008093417 - timing_s/stop_profile:3.6123208701610565e-05 - timing_per_token_ms/gen:1.637697491690389 - timing_per_token_ms/update_actor:0.07248219908238505 - timing_per_token_ms/adv:0.008033404384160366 - perf/total_num_tokens:2655798 - perf/time_per_step:339.90740008093417 - perf/throughput:976.6623201523552
[36m(TaskRunner pid=1871981)[0m Training Progress:  23%|██▎       | 15/65 [1:26:55<4:43:55, 340.71s/it]
[36m(TaskRunner pid=1871981)[0m Dumped generations to /inspire/hdd/global_user/mengweicheng-240108120092/lzy/projects/Dual-Track-OPD/third_party/Vision-OPD/rollouts/Vision-OPD-Qwen3.5-4B/16.jsonl
[36m(TaskRunner pid=1871981)[0m step:16 - global_seqlen/min:322114 - global_seqlen/max:363005 - global_seqlen/minmax_diff:40891 - global_seqlen/balanced_min:338118 - global_seqlen/balanced_max:338144 - global_seqlen/mean:338130.875 - self_distillation/teacher_always_on_fraction:1.0 - self_distillation/teacher_image_swap_fraction:1.0 - self_distillation/policy_fallback_fraction:0.0 - self_distillation/grpo_fallback_count:0.0 - rollout_corr/rollout_is_mean:1.0 - rollout_corr/rollout_is_ratio_fraction_high:0.0 - rollout_corr/rollout_is_ratio_fraction_low:0.0 - rollout_corr/rollout_is_max:1.0 - rollout_corr/rollout_is_min:1.0 - rollout_corr/rollout_is_std:0.0 - rollout_corr/rollout_is_eff_sample_size:1.0 - rollout_corr/rollout_is_seq_mean:1.0 - rollout_corr/rollout_is_seq_std:0.0 - rollout_corr/rollout_is_seq_max:1.0 - rollout_corr/rollout_is_seq_min:1.0 - rollout_corr/rollout_is_seq_max_deviation:0.0 - rollout_corr/rollout_is_seq_fraction_high:0.0 - rollout_corr/rollout_is_seq_fraction_low:0.0 - rollout_corr/training_ppl:2.4663551183971197 - rollout_corr/training_log_ppl:0.714590249180391 - rollout_corr/kl:0.054950695185284164 - rollout_corr/k3_kl:0.05639032630101979 - rollout_corr/rollout_ppl:2.3843016632505365 - rollout_corr/rollout_log_ppl:0.6654501925851848 - rollout_corr/log_ppl_diff:0.04914005737340496 - rollout_corr/log_ppl_abs_diff:0.06583608942723053 - rollout_corr/log_ppl_diff_max:1.3982176780700684 - rollout_corr/log_ppl_diff_min:-0.7863960266113281 - rollout_corr/ppl_ratio:1.0572570856358554 - rollout_corr/chi2_token:0.3598855093524263 - rollout_corr/chi2_seq:16.43743956652848 - actor/pg_loss:0.017900641378219007 - actor/kl_loss:0.0 - actor/grpo_loss:0.0 - actor/vopd_loss:0.017900641378219007 - actor/vopd_loss_weighted:0.017900641378219007 - actor/policy_fallback_fraction:0.0 - self_distillation/raw_jsd_token_mean:0.01774222092747034 - self_distillation/weighted_jsd_token_mean:0.01774222092747034 - self_distillation/self_distillation_mask.mean():1.0 - self_distillation/num_distill_tokens:302.9425675675676 - self_distillation/empty_target_batch:0.0 - actor/grad_norm:0.6536853313446045 - timing_s/update_actor/student_forward:32.841532135382295 - timing_s/update_actor/teacher_forward:9.416849656030536 - timing_s/update_actor/loss_compute:0.05984518676996231 - timing_s/update_actor/backward:62.4169212160632 - timing_s/update_actor/optimizer_step:0.01510991808027029 - timing_s/update_actor/teacher_ema_update:1.2967041302472353 - perf/mfu/actor:0.15569603421571854 - perf/max_memory_allocated_gb:151.58445024490356 - perf/max_memory_reserved_gb:168.5234375 - perf/cpu_memory_used_gb:610.0783982276917 - actor/lr:2e-06 - training/global_step:16 - training/epoch:0 - response_length/mean:116.75911712646484 - response_length/max:1024.0 - response_length/min:2.0 - response_length/clip_ratio:0.02864583395421505 - response_length_non_aborted/mean:116.75911712646484 - response_length_non_aborted/max:1024.0 - response_length_non_aborted/min:2.0 - response_length_non_aborted/clip_ratio:0.02864583395421505 - response/aborted_ratio:0.0 - prompt_length/mean:3405.4375 - prompt_length/max:4885.0 - prompt_length/min:2562.0 - prompt_length/clip_ratio:0.0 - num_turns/min:2 - num_turns/max:2 - num_turns/mean:2.0 - timing_s/start_profile:2.4502165615558624e-05 - timing_s/agent_loop/generate_sequences/min:5.504073087126017 - timing_s/agent_loop/generate_sequences/max:40.746389606036246 - timing_s/agent_loop/generate_sequences/mean:20.400386708930455 - timing_s/agent_loop/tool_calls/min:0.0 - timing_s/agent_loop/tool_calls/max:0.0 - timing_s/agent_loop/tool_calls/mean:0.0 - timing_s/agent_loop/slowest/generate_sequences:40.746389606036246 - timing_s/agent_loop/slowest/tool_calls:0.0 - timing_s/agent_loop/slowest/prompt_length:3368 - timing_s/agent_loop/slowest/response_length:673 - timing_s/gen:127.54347893036902 - timing_s/adv:23.37382511422038 - timing_s/update_actor:193.3626029836014 - timing_s/dump_rollout_generations:0.6309616947546601 - timing_s/step:345.2085273405537 - timing_s/stop_profile:4.590395838022232e-05 - timing_per_token_ms/gen:1.422349242568601 - timing_per_token_ms/update_actor:0.0714821601930027 - timing_per_token_ms/adv:0.008640820331114536 - perf/total_num_tokens:2705047 - perf/time_per_step:345.2085273405537 - perf/throughput:979.497457971044
[36m(TaskRunner pid=1871981)[0m Training Progress:  25%|██▍       | 16/65 [1:32:42<4:39:53, 342.72s/it]
[36m(TaskRunner pid=1871981)[0m Dumped generations to /inspire/hdd/global_user/mengweicheng-240108120092/lzy/projects/Dual-Track-OPD/third_party/Vision-OPD/rollouts/Vision-OPD-Qwen3.5-4B/17.jsonl
[36m(TaskRunner pid=1871981)[0m step:17 - global_seqlen/min:319158 - global_seqlen/max:336612 - global_seqlen/minmax_diff:17454 - global_seqlen/balanced_min:329257 - global_seqlen/balanced_max:329281 - global_seqlen/mean:329266.375 - self_distillation/teacher_always_on_fraction:1.0 - self_distillation/teacher_image_swap_fraction:1.0 - self_distillation/policy_fallback_fraction:0.0 - self_distillation/grpo_fallback_count:0.0 - rollout_corr/rollout_is_mean:1.0 - rollout_corr/rollout_is_ratio_fraction_high:0.0 - rollout_corr/rollout_is_ratio_fraction_low:0.0 - rollout_corr/rollout_is_max:1.0 - rollout_corr/rollout_is_min:1.0 - rollout_corr/rollout_is_std:0.0 - rollout_corr/rollout_is_eff_sample_size:1.0 - rollout_corr/rollout_is_seq_mean:1.0 - rollout_corr/rollout_is_seq_std:0.0 - rollout_corr/rollout_is_seq_max:1.0 - rollout_corr/rollout_is_seq_min:1.0 - rollout_corr/rollout_is_seq_max_deviation:0.0 - rollout_corr/rollout_is_seq_fraction_high:0.0 - rollout_corr/rollout_is_seq_fraction_low:0.0 - rollout_corr/training_ppl:2.3729799100094366 - rollout_corr/training_log_ppl:0.731445311775638 - rollout_corr/kl:0.05963099148902984 - rollout_corr/k3_kl:0.059751103226315334 - rollout_corr/rollout_ppl:2.1898702937695713 - rollout_corr/rollout_log_ppl:0.6857798696599073 - rollout_corr/log_ppl_diff:0.04566544107041813 - rollout_corr/log_ppl_abs_diff:0.06988413941063401 - rollout_corr/log_ppl_diff_max:2.138792037963867 - rollout_corr/log_ppl_diff_min:-0.6598224639892578 - rollout_corr/ppl_ratio:1.0585523831347623 - rollout_corr/chi2_token:0.3723179364783896 - rollout_corr/chi2_seq:2.165730737770597 - actor/pg_loss:0.016487987705962343 - actor/kl_loss:0.0 - actor/grpo_loss:0.0 - actor/vopd_loss:0.016487987705962343 - actor/vopd_loss_weighted:0.016487987705962343 - actor/policy_fallback_fraction:0.0 - self_distillation/raw_jsd_token_mean:0.016298842721476428 - self_distillation/weighted_jsd_token_mean:0.016298842721476428 - self_distillation/self_distillation_mask.mean():1.0 - self_distillation/num_distill_tokens:278.37152777777777 - self_distillation/empty_target_batch:0.0 - actor/grad_norm:0.5739498734474182 - timing_s/update_actor/student_forward:31.70971127320081 - timing_s/update_actor/teacher_forward:10.315460175275803 - timing_s/update_actor/loss_compute:0.06534513831138611 - timing_s/update_actor/backward:60.44714518357068 - timing_s/update_actor/optimizer_step:0.014847809448838234 - timing_s/update_actor/teacher_ema_update:0.8570600906386971 - perf/mfu/actor:0.15427468745548106 - perf/max_memory_allocated_gb:151.58445024490356 - perf/max_memory_reserved_gb:168.5234375 - perf/cpu_memory_used_gb:612.7607650756836 - actor/lr:2e-06 - training/global_step:17 - training/epoch:0 - response_length/mean:104.38932037353516 - response_length/max:1024.0 - response_length/min:2.0 - response_length/clip_ratio:0.01171875 - response_length_non_aborted/mean:104.38932037353516 - response_length_non_aborted/max:1024.0 - response_length_non_aborted/min:2.0 - response_length_non_aborted/clip_ratio:0.01171875 - response/aborted_ratio:0.0 - prompt_length/mean:3325.46875 - prompt_length/max:3980.0 - prompt_length/min:2283.0 - prompt_length/clip_ratio:0.0 - num_turns/min:2 - num_turns/max:2 - num_turns/mean:2.0 - timing_s/start_profile:6.346125155687332e-05 - timing_s/agent_loop/generate_sequences/min:5.2102910643443465 - timing_s/agent_loop/generate_sequences/max:39.41841977555305 - timing_s/agent_loop/generate_sequences/mean:20.087193775477015 - timing_s/agent_loop/tool_calls/min:0.0 - timing_s/agent_loop/tool_calls/max:0.0 - timing_s/agent_loop/tool_calls/mean:0.0 - timing_s/agent_loop/slowest/generate_sequences:39.41841977555305 - timing_s/agent_loop/slowest/tool_calls:0.0 - timing_s/agent_loop/slowest/prompt_length:2849 - timing_s/agent_loop/slowest/response_length:661 - timing_s/gen:122.91863563749939 - timing_s/adv:27.69382111635059 - timing_s/update_actor:191.03865578304976 - timing_s/dump_rollout_generations:0.588270079344511 - timing_s/step:342.4302857602015 - timing_s/stop_profile:3.105960786342621e-05 - timing_per_token_ms/gen:1.5332057182459915 - timing_per_token_ms/update_actor:0.07252435652708607 - timing_per_token_ms/adv:0.010513456284577567 - perf/total_num_tokens:2634131 - perf/time_per_step:342.4302857602015 - perf/throughput:961.5573992499601
[36m(TaskRunner pid=1871981)[0m Training Progress:  26%|██▌       | 17/65 [1:38:27<4:34:39, 343.32s/it]
[36m(TaskRunner pid=1871981)[0m Dumped generations to /inspire/hdd/global_user/mengweicheng-240108120092/lzy/projects/Dual-Track-OPD/third_party/Vision-OPD/rollouts/Vision-OPD-Qwen3.5-4B/18.jsonl
[36m(TaskRunner pid=1871981)[0m step:18 - global_seqlen/min:323056 - global_seqlen/max:343624 - global_seqlen/minmax_diff:20568 - global_seqlen/balanced_min:335663 - global_seqlen/balanced_max:335673 - global_seqlen/mean:335667.25 - self_distillation/teacher_always_on_fraction:1.0 - self_distillation/teacher_image_swap_fraction:1.0 - self_distillation/policy_fallback_fraction:0.0 - self_distillation/grpo_fallback_count:0.0 - rollout_corr/rollout_is_mean:1.0 - rollout_corr/rollout_is_ratio_fraction_high:0.0 - rollout_corr/rollout_is_ratio_fraction_low:0.0 - rollout_corr/rollout_is_max:1.0 - rollout_corr/rollout_is_min:1.0 - rollout_corr/rollout_is_std:0.0 - rollout_corr/rollout_is_eff_sample_size:1.0 - rollout_corr/rollout_is_seq_mean:1.0 - rollout_corr/rollout_is_seq_std:0.0 - rollout_corr/rollout_is_seq_max:1.0 - rollout_corr/rollout_is_seq_min:1.0 - rollout_corr/rollout_is_seq_max_deviation:0.0 - rollout_corr/rollout_is_seq_fraction_high:0.0 - rollout_corr/rollout_is_seq_fraction_low:0.0 - rollout_corr/training_ppl:2.596657385697236 - rollout_corr/training_log_ppl:0.7265065687935095 - rollout_corr/kl:0.06180508211887295 - rollout_corr/k3_kl:0.06510651400241987 - rollout_corr/rollout_ppl:2.3581855711904733 - rollout_corr/rollout_log_ppl:0.684646790293423 - rollout_corr/log_ppl_diff:0.041859775579084546 - rollout_corr/log_ppl_abs_diff:0.07596722775063403 - rollout_corr/log_ppl_diff_max:1.2079792022705078 - rollout_corr/log_ppl_diff_min:-0.6726510524749756 - rollout_corr/ppl_ratio:1.0521900591415327 - rollout_corr/chi2_token:0.6593899638266176 - rollout_corr/chi2_seq:1.033378952056975 - actor/pg_loss:0.017560856653290102 - actor/kl_loss:0.0 - actor/grpo_loss:0.0 - actor/vopd_loss:0.017560856653290102 - actor/vopd_loss_weighted:0.017560856653290102 - actor/policy_fallback_fraction:0.0 - self_distillation/raw_jsd_token_mean:0.01731107765777238 - self_distillation/weighted_jsd_token_mean:0.01731107765777238 - self_distillation/self_distillation_mask.mean():1.0 - self_distillation/num_distill_tokens:213.38513513513513 - self_distillation/empty_target_batch:0.0 - actor/grad_norm:0.5418072938919067 - timing_s/update_actor/student_forward:32.01390358898789 - timing_s/update_actor/teacher_forward:11.014339946210384 - timing_s/update_actor/loss_compute:0.05257739592343569 - timing_s/update_actor/backward:62.31796454451978 - timing_s/update_actor/optimizer_step:0.014218655414879322 - timing_s/update_actor/teacher_ema_update:1.6226678248494864 - perf/mfu/actor:0.15352644142807276 - perf/max_memory_allocated_gb:151.58445024490356 - perf/max_memory_reserved_gb:168.5234375 - perf/cpu_memory_used_gb:615.0861663818359 - actor/lr:2e-06 - training/global_step:18 - training/epoch:0 - response_length/mean:82.2421875 - response_length/max:1024.0 - response_length/min:2.0 - response_length/clip_ratio:0.010416666977107525 - response_length_non_aborted/mean:82.2421875 - response_length_non_aborted/max:1024.0 - response_length_non_aborted/min:2.0 - response_length_non_aborted/clip_ratio:0.010416666977107525 - response/aborted_ratio:0.0 - prompt_length/mean:3414.291748046875 - prompt_length/max:4967.0 - prompt_length/min:2987.0 - prompt_length/clip_ratio:0.0 - num_turns/min:2 - num_turns/max:2 - num_turns/mean:2.0 - timing_s/start_profile:2.3266300559043884e-05 - timing_s/agent_loop/generate_sequences/min:8.012311625294387 - timing_s/agent_loop/generate_sequences/max:38.65562388859689 - timing_s/agent_loop/generate_sequences/mean:20.382341932922525 - timing_s/agent_loop/tool_calls/min:0.0 - timing_s/agent_loop/tool_calls/max:0.0 - timing_s/agent_loop/tool_calls/mean:0.0 - timing_s/agent_loop/slowest/generate_sequences:38.65562388859689 - timing_s/agent_loop/slowest/tool_calls:0.0 - timing_s/agent_loop/slowest/prompt_length:3373 - timing_s/agent_loop/slowest/response_length:296 - timing_s/gen:124.39516519103199 - timing_s/adv:24.964784297160804 - timing_s/update_actor:196.39657761063427 - timing_s/dump_rollout_generations:0.602853337302804 - timing_s/step:346.5605841772631 - timing_s/stop_profile:3.509595990180969e-05 - timing_per_token_ms/gen:1.9694621004881414 - timing_per_token_ms/update_actor:0.07313663218955464 - timing_per_token_ms/adv:0.00929670093565905 - perf/total_num_tokens:2685338 - perf/time_per_step:346.5605841772631 - perf/throughput:968.5673020112084
[36m(TaskRunner pid=1871981)[0m Training Progress:  28%|██▊       | 18/65 [1:44:16<4:30:12, 344.94s/it]
[36m(TaskRunner pid=1871981)[0m Dumped generations to /inspire/hdd/global_user/mengweicheng-240108120092/lzy/projects/Dual-Track-OPD/third_party/Vision-OPD/rollouts/Vision-OPD-Qwen3.5-4B/19.jsonl
[36m(TaskRunner pid=1871981)[0m step:19 - global_seqlen/min:323531 - global_seqlen/max:340629 - global_seqlen/minmax_diff:17098 - global_seqlen/balanced_min:332749 - global_seqlen/balanced_max:332777 - global_seqlen/mean:332771.25 - self_distillation/teacher_always_on_fraction:1.0 - self_distillation/teacher_image_swap_fraction:1.0 - self_distillation/policy_fallback_fraction:0.0 - self_distillation/grpo_fallback_count:0.0 - rollout_corr/rollout_is_mean:1.0 - rollout_corr/rollout_is_ratio_fraction_high:0.0 - rollout_corr/rollout_is_ratio_fraction_low:0.0 - rollout_corr/rollout_is_max:1.0 - rollout_corr/rollout_is_min:1.0 - rollout_corr/rollout_is_std:0.0 - rollout_corr/rollout_is_eff_sample_size:1.0 - rollout_corr/rollout_is_seq_mean:1.0 - rollout_corr/rollout_is_seq_std:0.0 - rollout_corr/rollout_is_seq_max:1.0 - rollout_corr/rollout_is_seq_min:1.0 - rollout_corr/rollout_is_seq_max_deviation:0.0 - rollout_corr/rollout_is_seq_fraction_high:0.0 - rollout_corr/rollout_is_seq_fraction_low:0.0 - rollout_corr/training_ppl:2.6608078612669095 - rollout_corr/training_log_ppl:0.7115119105658017 - rollout_corr/kl:0.06330733747170204 - rollout_corr/k3_kl:0.0721628331143497 - rollout_corr/rollout_ppl:2.1655903140435346 - rollout_corr/rollout_log_ppl:0.6673337724563237 - rollout_corr/log_ppl_diff:0.04417813886784888 - rollout_corr/log_ppl_abs_diff:0.09277211143194722 - rollout_corr/log_ppl_diff_max:2.1380605697631836 - rollout_corr/log_ppl_diff_min:-0.8693163394927979 - rollout_corr/ppl_ratio:1.0855257746738356 - rollout_corr/chi2_token:0.6381072202647056 - rollout_corr/chi2_seq:3.4757625927796236 - actor/pg_loss:0.01672001242635209 - actor/kl_loss:0.0 - actor/grpo_loss:0.0 - actor/vopd_loss:0.01672001242635209 - actor/vopd_loss_weighted:0.01672001242635209 - actor/policy_fallback_fraction:0.0 - self_distillation/raw_jsd_token_mean:0.016762277844512986 - self_distillation/weighted_jsd_token_mean:0.016762277844512986 - self_distillation/self_distillation_mask.mean():1.0 - self_distillation/num_distill_tokens:214.0608108108108 - self_distillation/empty_target_batch:0.0 - actor/grad_norm:0.6175885796546936 - timing_s/update_actor/student_forward:31.643780478276312 - timing_s/update_actor/teacher_forward:8.866077732294798 - timing_s/update_actor/loss_compute:0.04806117434054613 - timing_s/update_actor/backward:61.36484399903566 - timing_s/update_actor/optimizer_step:0.01465415209531784 - timing_s/update_actor/teacher_ema_update:1.2507693655788898 - perf/mfu/actor:0.15773066801134383 - perf/max_memory_allocated_gb:151.58445024490356 - perf/max_memory_reserved_gb:168.5234375 - perf/cpu_memory_used_gb:613.2671065330505 - actor/lr:2e-06 - training/global_step:19 - training/epoch:0 - response_length/mean:82.50260162353516 - response_length/max:1024.0 - response_length/min:2.0 - response_length/clip_ratio:0.010416666977107525 - response_length_non_aborted/mean:82.50260162353516 - response_length_non_aborted/max:1024.0 - response_length_non_aborted/min:2.0 - response_length_non_aborted/clip_ratio:0.010416666977107525 - response/aborted_ratio:0.0 - prompt_length/mean:3383.864501953125 - prompt_length/max:4070.0 - prompt_length/min:2984.0 - prompt_length/clip_ratio:0.0 - num_turns/min:2 - num_turns/max:2 - num_turns/mean:2.0 - timing_s/start_profile:4.373770207166672e-05 - timing_s/agent_loop/generate_sequences/min:7.742571452632546 - timing_s/agent_loop/generate_sequences/max:38.664242044091225 - timing_s/agent_loop/generate_sequences/mean:20.815301652523583 - timing_s/agent_loop/tool_calls/min:0.0 - timing_s/agent_loop/tool_calls/max:0.0 - timing_s/agent_loop/tool_calls/mean:0.0 - timing_s/agent_loop/slowest/generate_sequences:38.664242044091225 - timing_s/agent_loop/slowest/tool_calls:0.0 - timing_s/agent_loop/slowest/prompt_length:3366 - timing_s/agent_loop/slowest/response_length:654 - timing_s/gen:124.88811616785824 - timing_s/adv:23.94836254324764 - timing_s/update_actor:188.78606910537928 - timing_s/dump_rollout_generations:0.5799715006724 - timing_s/step:338.4071107711643 - timing_s/stop_profile:3.09990718960762e-05 - timing_per_token_ms/gen:1.9710254753299807 - timing_per_token_ms/update_actor:0.07091435524605089 - timing_per_token_ms/adv:0.008995805130118528 - perf/total_num_tokens:2662170 - perf/time_per_step:338.4071107711643 - perf/throughput:983.3459150479396
[36m(TaskRunner pid=1871981)[0m Training Progress:  29%|██▉       | 19/65 [1:49:56<4:23:30, 343.70s/it]
[36m(TaskRunner pid=1871981)[0m Dumped generations to /inspire/hdd/global_user/mengweicheng-240108120092/lzy/projects/Dual-Track-OPD/third_party/Vision-OPD/rollouts/Vision-OPD-Qwen3.5-4B/20.jsonl
[36m(TaskRunner pid=1871981)[0m step:20 - global_seqlen/min:322736 - global_seqlen/max:335988 - global_seqlen/minmax_diff:13252 - global_seqlen/balanced_min:329720 - global_seqlen/balanced_max:329736 - global_seqlen/mean:329728.375 - self_distillation/teacher_always_on_fraction:1.0 - self_distillation/teacher_image_swap_fraction:1.0 - self_distillation/policy_fallback_fraction:0.0 - self_distillation/grpo_fallback_count:0.0 - rollout_corr/rollout_is_mean:1.0 - rollout_corr/rollout_is_ratio_fraction_high:0.0 - rollout_corr/rollout_is_ratio_fraction_low:0.0 - rollout_corr/rollout_is_max:1.0 - rollout_corr/rollout_is_min:1.0 - rollout_corr/rollout_is_std:0.0 - rollout_corr/rollout_is_eff_sample_size:1.0 - rollout_corr/rollout_is_seq_mean:1.0 - rollout_corr/rollout_is_seq_std:0.0 - rollout_corr/rollout_is_seq_max:1.0 - rollout_corr/rollout_is_seq_min:1.0 - rollout_corr/rollout_is_seq_max_deviation:0.0 - rollout_corr/rollout_is_seq_fraction_high:0.0 - rollout_corr/rollout_is_seq_fraction_low:0.0 - rollout_corr/training_ppl:2.709732908755541 - rollout_corr/training_log_ppl:0.7305710734799504 - rollout_corr/kl:0.06364303861260447 - rollout_corr/k3_kl:0.062045584557886786 - rollout_corr/rollout_ppl:2.1225551404058933 - rollout_corr/rollout_log_ppl:0.6667560911219981 - rollout_corr/log_ppl_diff:0.0638149787155271 - rollout_corr/log_ppl_abs_diff:0.10209248979420713 - rollout_corr/log_ppl_diff_max:2.8741443157196045 - rollout_corr/log_ppl_diff_min:-0.6731667518615723 - rollout_corr/ppl_ratio:1.128301515761349 - rollout_corr/chi2_token:0.3120942037138674 - rollout_corr/chi2_seq:948.1458815770843 - actor/pg_loss:0.016962640362180537 - actor/kl_loss:0.0 - actor/grpo_loss:0.0 - actor/vopd_loss:0.016962640362180537 - actor/vopd_loss_weighted:0.016962640362180537 - actor/policy_fallback_fraction:0.0 - self_distillation/raw_jsd_token_mean:0.016745207834497303 - self_distillation/weighted_jsd_token_mean:0.016745207834497303 - self_distillation/self_distillation_mask.mean():1.0 - self_distillation/num_distill_tokens:225.09375 - self_distillation/empty_target_batch:0.0 - actor/grad_norm:0.5876460671424866 - timing_s/update_actor/student_forward:30.23753255419433 - timing_s/update_actor/teacher_forward:9.949871648102999 - timing_s/update_actor/loss_compute:0.04845662601292133 - timing_s/update_actor/backward:59.98543538060039 - timing_s/update_actor/optimizer_step:0.014687595888972282 - timing_s/update_actor/teacher_ema_update:0.919962115585804 - perf/mfu/actor:0.15925198551347708 - perf/max_memory_allocated_gb:151.58445024490356 - perf/max_memory_reserved_gb:168.5234375 - perf/cpu_memory_used_gb:610.3462586402893 - actor/lr:2e-06 - training/global_step:20 - training/epoch:0 - response_length/mean:84.41015625 - response_length/max:1024.0 - response_length/min:2.0 - response_length/clip_ratio:0.010416666977107525 - response_length_non_aborted/mean:84.41015625 - response_length_non_aborted/max:1024.0 - response_length_non_aborted/min:2.0 - response_length_non_aborted/clip_ratio:0.010416666977107525 - response/aborted_ratio:0.0 - prompt_length/mean:3350.260498046875 - prompt_length/max:4494.0 - prompt_length/min:2617.0 - prompt_length/clip_ratio:0.0 - num_turns/min:2 - num_turns/max:2 - num_turns/mean:2.0 - timing_s/start_profile:2.2320076823234558e-05 - timing_s/agent_loop/generate_sequences/min:6.692718552425504 - timing_s/agent_loop/generate_sequences/max:38.82615411654115 - timing_s/agent_loop/generate_sequences/mean:19.929091672402137 - timing_s/agent_loop/tool_calls/min:0.0 - timing_s/agent_loop/tool_calls/max:0.0 - timing_s/agent_loop/tool_calls/mean:0.0 - timing_s/agent_loop/slowest/generate_sequences:38.82615411654115 - timing_s/agent_loop/slowest/tool_calls:0.0 - timing_s/agent_loop/slowest/prompt_length:3366 - timing_s/agent_loop/slowest/response_length:1024 - timing_s/gen:125.79351281933486 - timing_s/adv:24.74479005485773 - timing_s/update_actor:189.47801733389497 - timing_s/dump_rollout_generations:0.6035435041412711 - timing_s/step:340.8198805032298 - timing_s/stop_profile:3.799889236688614e-05 - timing_per_token_ms/gen:1.9404493932980835 - timing_per_token_ms/update_actor:0.07183110087731112 - timing_per_token_ms/adv:0.009380747886369247 - perf/total_num_tokens:2637827 - perf/time_per_step:340.8198805032298 - perf/throughput:967.4564010560273
[36m(TaskRunner pid=1871981)[0m Training Progress:  31%|███       | 20/65 [1:55:40<4:17:39, 343.54s/it]
[36m(TaskRunner pid=1871981)[0m Dumped generations to /inspire/hdd/global_user/mengweicheng-240108120092/lzy/projects/Dual-Track-OPD/third_party/Vision-OPD/rollouts/Vision-OPD-Qwen3.5-4B/21.jsonl
[36m(TaskRunner pid=1871981)[0m step:21 - global_seqlen/min:322455 - global_seqlen/max:352930 - global_seqlen/minmax_diff:30475 - global_seqlen/balanced_min:332857 - global_seqlen/balanced_max:332879 - global_seqlen/mean:332869.5 - self_distillation/teacher_always_on_fraction:1.0 - self_distillation/teacher_image_swap_fraction:1.0 - self_distillation/policy_fallback_fraction:0.0 - self_distillation/grpo_fallback_count:0.0 - rollout_corr/rollout_is_mean:1.0 - rollout_corr/rollout_is_ratio_fraction_high:0.0 - rollout_corr/rollout_is_ratio_fraction_low:0.0 - rollout_corr/rollout_is_max:1.0 - rollout_corr/rollout_is_min:1.0 - rollout_corr/rollout_is_std:0.0 - rollout_corr/rollout_is_eff_sample_size:1.0 - rollout_corr/rollout_is_seq_mean:1.0 - rollout_corr/rollout_is_seq_std:0.0 - rollout_corr/rollout_is_seq_max:1.0 - rollout_corr/rollout_is_seq_min:1.0 - rollout_corr/rollout_is_seq_max_deviation:0.0 - rollout_corr/rollout_is_seq_fraction_high:0.0 - rollout_corr/rollout_is_seq_fraction_low:0.0 - rollout_corr/training_ppl:3.701135244321179 - rollout_corr/training_log_ppl:0.7855896382416423 - rollout_corr/kl:0.064454442388032 - rollout_corr/k3_kl:0.06728223152045708 - rollout_corr/rollout_ppl:2.253335208908932 - rollout_corr/rollout_log_ppl:0.6939595600439085 - rollout_corr/log_ppl_diff:0.09163007946261968 - rollout_corr/log_ppl_abs_diff:0.12684983926246296 - rollout_corr/log_ppl_diff_max:3.5676426887512207 - rollout_corr/log_ppl_diff_min:-0.6685857772827148 - rollout_corr/ppl_ratio:1.2331944240911588 - rollout_corr/chi2_token:0.3772521409633997 - rollout_corr/chi2_seq:218.4263881821487 - actor/pg_loss:0.017194116342579946 - actor/kl_loss:0.0 - actor/grpo_loss:0.0 - actor/vopd_loss:0.017194116342579946 - actor/vopd_loss_weighted:0.017194116342579946 - actor/policy_fallback_fraction:0.0 - self_distillation/raw_jsd_token_mean:0.017281936122909992 - self_distillation/weighted_jsd_token_mean:0.017281936122909992 - self_distillation/self_distillation_mask.mean():1.0 - self_distillation/num_distill_tokens:219.22972972972974 - self_distillation/empty_target_batch:0.0 - actor/grad_norm:0.7262624502182007 - timing_s/update_actor/student_forward:32.80421951971948 - timing_s/update_actor/teacher_forward:9.651054034940898 - timing_s/update_actor/loss_compute:0.051061092875897884 - timing_s/update_actor/backward:60.87108011357486 - timing_s/update_actor/optimizer_step:0.01453689020127058 - timing_s/update_actor/teacher_ema_update:1.069604472257197 - perf/mfu/actor:0.15533098226942219 - perf/max_memory_allocated_gb:151.58445024490356 - perf/max_memory_reserved_gb:168.5234375 - perf/cpu_memory_used_gb:611.8938684463501 - actor/lr:2e-06 - training/global_step:21 - training/epoch:0 - response_length/mean:84.49478912353516 - response_length/max:1024.0 - response_length/min:2.0 - response_length/clip_ratio:0.014322916977107525 - response_length_non_aborted/mean:84.49478912353516 - response_length_non_aborted/max:1024.0 - response_length_non_aborted/min:2.0 - response_length_non_aborted/clip_ratio:0.014322916977107525 - response/aborted_ratio:0.0 - prompt_length/mean:3382.895751953125 - prompt_length/max:5762.0 - prompt_length/min:2281.0 - prompt_length/clip_ratio:0.0 - num_turns/min:2 - num_turns/max:2 - num_turns/mean:2.0 - timing_s/start_profile:2.5114044547080994e-05 - timing_s/agent_loop/generate_sequences/min:6.455510477535427 - timing_s/agent_loop/generate_sequences/max:42.62595878448337 - timing_s/agent_loop/generate_sequences/mean:20.889296131538384 - timing_s/agent_loop/tool_calls/min:0.0 - timing_s/agent_loop/tool_calls/max:0.0 - timing_s/agent_loop/tool_calls/mean:0.0 - timing_s/agent_loop/slowest/generate_sequences:42.62595878448337 - timing_s/agent_loop/slowest/tool_calls:0.0 - timing_s/agent_loop/slowest/prompt_length:3416 - timing_s/agent_loop/slowest/response_length:1024 - timing_s/gen:128.81329605914652 - timing_s/adv:22.90704918280244 - timing_s/update_actor:191.24933685269207 - timing_s/dump_rollout_generations:0.6015786528587341 - timing_s/step:344.12886073067784 - timing_s/stop_profile:3.654509782791138e-05 - timing_per_token_ms/gen:1.985041238660336 - timing_per_token_ms/update_actor:0.07181843667439194 - timing_per_token_ms/adv:0.008602113284185859 - perf/total_num_tokens:2662956 - perf/time_per_step:344.12886073067784 - perf/throughput:967.2815563717289
[36m(TaskRunner pid=1871981)[0m Training Progress:  32%|███▏      | 21/65 [2:01:26<4:12:33, 344.40s/it]
[36m(TaskRunner pid=1871981)[0m Dumped generations to /inspire/hdd/global_user/mengweicheng-240108120092/lzy/projects/Dual-Track-OPD/third_party/Vision-OPD/rollouts/Vision-OPD-Qwen3.5-4B/22.jsonl
[36m(TaskRunner pid=1871981)[0m step:22 - global_seqlen/min:318734 - global_seqlen/max:342565 - global_seqlen/minmax_diff:23831 - global_seqlen/balanced_min:333195 - global_seqlen/balanced_max:333241 - global_seqlen/mean:333214.75 - self_distillation/teacher_always_on_fraction:1.0 - self_distillation/teacher_image_swap_fraction:1.0 - self_distillation/policy_fallback_fraction:0.0 - self_distillation/grpo_fallback_count:0.0 - rollout_corr/rollout_is_mean:1.0 - rollout_corr/rollout_is_ratio_fraction_high:0.0 - rollout_corr/rollout_is_ratio_fraction_low:0.0 - rollout_corr/rollout_is_max:1.0 - rollout_corr/rollout_is_min:1.0 - rollout_corr/rollout_is_std:0.0 - rollout_corr/rollout_is_eff_sample_size:1.0 - rollout_corr/rollout_is_seq_mean:1.0 - rollout_corr/rollout_is_seq_std:0.0 - rollout_corr/rollout_is_seq_max:1.0 - rollout_corr/rollout_is_seq_min:1.0 - rollout_corr/rollout_is_seq_max_deviation:0.0 - rollout_corr/rollout_is_seq_fraction_high:0.0 - rollout_corr/rollout_is_seq_fraction_low:0.0 - rollout_corr/training_ppl:3.4393106207654283 - rollout_corr/training_log_ppl:0.804210593571534 - rollout_corr/kl:0.05840974458860237 - rollout_corr/k3_kl:0.06695995651239786 - rollout_corr/rollout_ppl:2.322214160416577 - rollout_corr/rollout_log_ppl:0.7175434018309053 - rollout_corr/log_ppl_diff:0.08666719373286469 - rollout_corr/log_ppl_abs_diff:0.12170446055274255 - rollout_corr/log_ppl_diff_max:3.055957317352295 - rollout_corr/log_ppl_diff_min:-0.684130072593689 - rollout_corr/ppl_ratio:1.2027675732970238 - rollout_corr/chi2_token:0.37344902008771896 - rollout_corr/chi2_seq:2.4563777958219113 - actor/pg_loss:0.013874912509587979 - actor/kl_loss:0.0 - actor/grpo_loss:0.0 - actor/vopd_loss:0.013874912509587979 - actor/vopd_loss_weighted:0.013874912509587979 - actor/policy_fallback_fraction:0.0 - self_distillation/raw_jsd_token_mean:0.013852937931251535 - self_distillation/weighted_jsd_token_mean:0.013852937931251535 - self_distillation/self_distillation_mask.mean():1.0 - self_distillation/num_distill_tokens:225.2635135135135 - self_distillation/empty_target_batch:0.0 - actor/grad_norm:0.4490370452404022 - timing_s/update_actor/student_forward:29.913870085962117 - timing_s/update_actor/teacher_forward:9.850228561088443 - timing_s/update_actor/loss_compute:0.04881766811013222 - timing_s/update_actor/backward:60.61806701309979 - timing_s/update_actor/optimizer_step:0.014757346361875534 - timing_s/update_actor/teacher_ema_update:0.9422564608976245 - perf/mfu/actor:0.15994287809200025 - perf/max_memory_allocated_gb:151.58445024490356 - perf/max_memory_reserved_gb:168.5234375 - perf/cpu_memory_used_gb:614.8234100341797 - actor/lr:2e-06 - training/global_step:22 - training/epoch:0 - response_length/mean:86.8203125 - response_length/max:1024.0 - response_length/min:2.0 - response_length/clip_ratio:0.0078125 - response_length_non_aborted/mean:86.8203125 - response_length_non_aborted/max:1024.0 - response_length_non_aborted/min:2.0 - response_length_non_aborted/clip_ratio:0.0078125 - response/aborted_ratio:0.0 - prompt_length/mean:3384.166748046875 - prompt_length/max:4871.0 - prompt_length/min:2285.0 - prompt_length/clip_ratio:0.0 - num_turns/min:2 - num_turns/max:2 - num_turns/mean:2.0 - timing_s/start_profile:2.5033950805664062e-05 - timing_s/agent_loop/generate_sequences/min:6.190594247542322 - timing_s/agent_loop/generate_sequences/max:39.6987143503502 - timing_s/agent_loop/generate_sequences/mean:20.528857855806564 - timing_s/agent_loop/tool_calls/min:0.0 - timing_s/agent_loop/tool_calls/max:0.0 - timing_s/agent_loop/tool_calls/mean:0.0 - timing_s/agent_loop/slowest/generate_sequences:39.6987143503502 - timing_s/agent_loop/slowest/tool_calls:0.0 - timing_s/agent_loop/slowest/prompt_length:3371 - timing_s/agent_loop/slowest/response_length:361 - timing_s/gen:125.43842503521591 - timing_s/adv:25.651386094279587 - timing_s/update_actor:192.38991652149707 - timing_s/dump_rollout_generations:0.5823727576062083 - timing_s/step:344.2537611788139 - timing_s/stop_profile:3.988388925790787e-05 - timing_per_token_ms/gen:1.8812565619127135 - timing_per_token_ms/update_actor:0.0721718938467974 - timing_per_token_ms/adv:0.009622693058410375 - perf/total_num_tokens:2665718 - perf/time_per_step:344.2537611788139 - perf/throughput:967.933505966606
[36m(TaskRunner pid=1871981)[0m Training Progress:  34%|███▍      | 22/65 [2:07:13<4:07:28, 345.31s/it]
[36m(TaskRunner pid=1871981)[0m Dumped generations to /inspire/hdd/global_user/mengweicheng-240108120092/lzy/projects/Dual-Track-OPD/third_party/Vision-OPD/rollouts/Vision-OPD-Qwen3.5-4B/23.jsonl
[36m(TaskRunner pid=1871981)[0m step:23 - global_seqlen/min:319095 - global_seqlen/max:341833 - global_seqlen/minmax_diff:22738 - global_seqlen/balanced_min:332103 - global_seqlen/balanced_max:332128 - global_seqlen/mean:332120.5 - self_distillation/teacher_always_on_fraction:1.0 - self_distillation/teacher_image_swap_fraction:1.0 - self_distillation/policy_fallback_fraction:0.0 - self_distillation/grpo_fallback_count:0.0 - rollout_corr/rollout_is_mean:1.0 - rollout_corr/rollout_is_ratio_fraction_high:0.0 - rollout_corr/rollout_is_ratio_fraction_low:0.0 - rollout_corr/rollout_is_max:1.0 - rollout_corr/rollout_is_min:1.0 - rollout_corr/rollout_is_std:0.0 - rollout_corr/rollout_is_eff_sample_size:1.0 - rollout_corr/rollout_is_seq_mean:1.0 - rollout_corr/rollout_is_seq_std:0.0 - rollout_corr/rollout_is_seq_max:1.0 - rollout_corr/rollout_is_seq_min:1.0 - rollout_corr/rollout_is_seq_max_deviation:0.0 - rollout_corr/rollout_is_seq_fraction_high:0.0 - rollout_corr/rollout_is_seq_fraction_low:0.0 - rollout_corr/training_ppl:3.059038982600779 - rollout_corr/training_log_ppl:0.809960927210144 - rollout_corr/kl:0.06013822491164516 - rollout_corr/k3_kl:0.07468162694803558 - rollout_corr/rollout_ppl:2.4484879769183494 - rollout_corr/rollout_log_ppl:0.7239588618882604 - rollout_corr/log_ppl_diff:0.08600207012794861 - rollout_corr/log_ppl_abs_diff:0.12151396449504269 - rollout_corr/log_ppl_diff_max:2.0418429374694824 - rollout_corr/log_ppl_diff_min:-0.5423634052276611 - rollout_corr/ppl_ratio:1.1487263241732442 - rollout_corr/chi2_token:0.6273224553143657 - rollout_corr/chi2_seq:0.7501587106569394 - actor/pg_loss:0.01369355377573811 - actor/kl_loss:0.0 - actor/grpo_loss:0.0 - actor/vopd_loss:0.01369355377573811 - actor/vopd_loss_weighted:0.01369355377573811 - actor/policy_fallback_fraction:0.0 - self_distillation/raw_jsd_token_mean:0.013676565248248595 - self_distillation/weighted_jsd_token_mean:0.013676565248248595 - self_distillation/self_distillation_mask.mean():1.0 - self_distillation/num_distill_tokens:223.36486486486484 - self_distillation/empty_target_batch:0.0 - actor/grad_norm:0.48734545707702637 - timing_s/update_actor/student_forward:30.70396797079593 - timing_s/update_actor/teacher_forward:11.647802899591625 - timing_s/update_actor/loss_compute:0.04644886404275894 - timing_s/update_actor/backward:60.80431242007762 - timing_s/update_actor/optimizer_step:0.014626259915530682 - timing_s/update_actor/teacher_ema_update:0.8959233332425356 - perf/mfu/actor:0.15566702528070384 - perf/max_memory_allocated_gb:151.58445024490356 - perf/max_memory_reserved_gb:168.5234375 - perf/cpu_memory_used_gb:616.4961895942688 - actor/lr:2e-06 - training/global_step:23 - training/epoch:0 - response_length/mean:86.08853912353516 - response_length/max:1024.0 - response_length/min:2.0 - response_length/clip_ratio:0.01171875 - response_length_non_aborted/mean:86.08853912353516 - response_length_non_aborted/max:1024.0 - response_length_non_aborted/min:2.0 - response_length_non_aborted/clip_ratio:0.01171875 - response/aborted_ratio:0.0 - prompt_length/mean:3373.5 - prompt_length/max:4353.0 - prompt_length/min:2288.0 - prompt_length/clip_ratio:0.0 - num_turns/min:2 - num_turns/max:2 - num_turns/mean:2.0 - timing_s/start_profile:2.5451183319091797e-05 - timing_s/agent_loop/generate_sequences/min:6.583927460946143 - timing_s/agent_loop/generate_sequences/max:41.99074114207178 - timing_s/agent_loop/generate_sequences/mean:20.92785235701861 - timing_s/agent_loop/tool_calls/min:0.0 - timing_s/agent_loop/tool_calls/max:0.0 - timing_s/agent_loop/tool_calls/mean:0.0 - timing_s/agent_loop/slowest/generate_sequences:41.99074114207178 - timing_s/agent_loop/slowest/tool_calls:0.0 - timing_s/agent_loop/slowest/prompt_length:3411 - timing_s/agent_loop/slowest/response_length:601 - timing_s/gen:127.08397399727255 - timing_s/adv:27.871327506378293 - timing_s/update_actor:196.05665996205062 - timing_s/dump_rollout_generations:0.5875446423888206 - timing_s/step:351.78929996397346 - timing_s/stop_profile:3.102980554103851e-05 - timing_per_token_ms/gen:1.9221364570946904 - timing_per_token_ms/update_actor:0.07378973142355358 - timing_per_token_ms/adv:0.010489915371972783 - perf/total_num_tokens:2656964 - perf/time_per_step:351.78929996397346 - perf/throughput:944.0892603442238
[36m(TaskRunner pid=1871981)[0m Training Progress:  35%|███▌      | 23/65 [2:13:09<4:03:49, 348.32s/it]
[36m(TaskRunner pid=1871981)[0m Dumped generations to /inspire/hdd/global_user/mengweicheng-240108120092/lzy/projects/Dual-Track-OPD/third_party/Vision-OPD/rollouts/Vision-OPD-Qwen3.5-4B/24.jsonl
[36m(TaskRunner pid=1871981)[0m step:24 - global_seqlen/min:320592 - global_seqlen/max:337591 - global_seqlen/minmax_diff:16999 - global_seqlen/balanced_min:329397 - global_seqlen/balanced_max:329415 - global_seqlen/mean:329403.25 - self_distillation/teacher_always_on_fraction:1.0 - self_distillation/teacher_image_swap_fraction:1.0 - self_distillation/policy_fallback_fraction:0.0 - self_distillation/grpo_fallback_count:0.0 - rollout_corr/rollout_is_mean:1.0 - rollout_corr/rollout_is_ratio_fraction_high:0.0 - rollout_corr/rollout_is_ratio_fraction_low:0.0 - rollout_corr/rollout_is_max:1.0 - rollout_corr/rollout_is_min:1.0 - rollout_corr/rollout_is_std:0.0 - rollout_corr/rollout_is_eff_sample_size:1.0 - rollout_corr/rollout_is_seq_mean:1.0 - rollout_corr/rollout_is_seq_std:0.0 - rollout_corr/rollout_is_seq_max:1.0 - rollout_corr/rollout_is_seq_min:1.0 - rollout_corr/rollout_is_seq_max_deviation:0.0 - rollout_corr/rollout_is_seq_fraction_high:0.0 - rollout_corr/rollout_is_seq_fraction_low:0.0 - rollout_corr/training_ppl:2.607482066584958 - rollout_corr/training_log_ppl:0.7417047949404352 - rollout_corr/kl:0.0617831236662217 - rollout_corr/k3_kl:0.062402718505432456 - rollout_corr/rollout_ppl:2.23660945188668 - rollout_corr/rollout_log_ppl:0.6809757632306881 - rollout_corr/log_ppl_diff:0.06072903536308634 - rollout_corr/log_ppl_abs_diff:0.09618684866129316 - rollout_corr/log_ppl_diff_max:2.0415077209472656 - rollout_corr/log_ppl_diff_min:-0.546669065952301 - rollout_corr/ppl_ratio:1.0933335698727105 - rollout_corr/chi2_token:0.3468081086046166 - rollout_corr/chi2_seq:0.7659128838115268 - actor/pg_loss:0.013245680479788764 - actor/kl_loss:0.0 - actor/grpo_loss:0.0 - actor/vopd_loss:0.013245680479788764 - actor/vopd_loss_weighted:0.013245680479788764 - actor/policy_fallback_fraction:0.0 - self_distillation/raw_jsd_token_mean:0.0130859098911363 - self_distillation/weighted_jsd_token_mean:0.0130859098911363 - self_distillation/self_distillation_mask.mean():1.0 - self_distillation/num_distill_tokens:228.8125 - self_distillation/empty_target_batch:0.0 - actor/grad_norm:0.4483534097671509 - timing_s/update_actor/student_forward:29.630688352510333 - timing_s/update_actor/teacher_forward:10.018019889481366 - timing_s/update_actor/loss_compute:0.052041552029550076 - timing_s/update_actor/backward:59.69519627932459 - timing_s/update_actor/optimizer_step:0.0151832802221179 - timing_s/update_actor/teacher_ema_update:0.8664458841085434 - perf/mfu/actor:0.15960318551242259 - perf/max_memory_allocated_gb:151.58445024490356 - perf/max_memory_reserved_gb:168.5234375 - perf/cpu_memory_used_gb:618.3885598182678 - actor/lr:2e-06 - training/global_step:24 - training/epoch:0 - response_length/mean:85.8046875 - response_length/max:1024.0 - response_length/min:2.0 - response_length/clip_ratio:0.010416666977107525 - response_length_non_aborted/mean:85.8046875 - response_length_non_aborted/max:1024.0 - response_length_non_aborted/min:2.0 - response_length_non_aborted/clip_ratio:0.010416666977107525 - response/aborted_ratio:0.0 - prompt_length/mean:3345.479248046875 - prompt_length/max:4588.0 - prompt_length/min:2615.0 - prompt_length/clip_ratio:0.0 - num_turns/min:2 - num_turns/max:2 - num_turns/mean:2.0 - timing_s/start_profile:2.6440247893333435e-05 - timing_s/agent_loop/generate_sequences/min:7.874885038472712 - timing_s/agent_loop/generate_sequences/max:37.571089221164584 - timing_s/agent_loop/generate_sequences/mean:20.35569495106635 - timing_s/agent_loop/tool_calls/min:0.0 - timing_s/agent_loop/tool_calls/max:0.0 - timing_s/agent_loop/tool_calls/mean:0.0 - timing_s/agent_loop/slowest/generate_sequences:37.571089221164584 - timing_s/agent_loop/slowest/tool_calls:0.0 - timing_s/agent_loop/slowest/prompt_length:3362 - timing_s/agent_loop/slowest/response_length:258 - timing_s/gen:124.4302332745865 - timing_s/adv:24.795061498880386 - timing_s/update_actor:190.53523156885058 - timing_s/dump_rollout_generations:1.8772418918088078 - timing_s/step:341.8734585326165 - timing_s/stop_profile:3.8431957364082336e-05 - timing_per_token_ms/gen:1.88822473025868 - timing_per_token_ms/update_actor:0.07230318445888534 - timing_per_token_ms/adv:0.009409083508921202 - perf/total_num_tokens:2635226 - perf/time_per_step:341.8734585326165 - perf/throughput:963.5239056399964
[36m(TaskRunner pid=1871981)[0m Training Progress:  37%|███▋      | 24/65 [2:18:53<3:57:11, 347.12s/it]
[36m(TaskRunner pid=1871981)[0m Dumped generations to /inspire/hdd/global_user/mengweicheng-240108120092/lzy/projects/Dual-Track-OPD/third_party/Vision-OPD/rollouts/Vision-OPD-Qwen3.5-4B/25.jsonl
[36m(TaskRunner pid=1871981)[0m step:25 - global_seqlen/min:326663 - global_seqlen/max:350912 - global_seqlen/minmax_diff:24249 - global_seqlen/balanced_min:332811 - global_seqlen/balanced_max:332863 - global_seqlen/mean:332850.0 - self_distillation/teacher_always_on_fraction:1.0 - self_distillation/teacher_image_swap_fraction:1.0 - self_distillation/policy_fallback_fraction:0.0 - self_distillation/grpo_fallback_count:0.0 - rollout_corr/rollout_is_mean:1.0 - rollout_corr/rollout_is_ratio_fraction_high:0.0 - rollout_corr/rollout_is_ratio_fraction_low:0.0 - rollout_corr/rollout_is_max:1.0 - rollout_corr/rollout_is_min:1.0 - rollout_corr/rollout_is_std:0.0 - rollout_corr/rollout_is_eff_sample_size:1.0 - rollout_corr/rollout_is_seq_mean:1.0 - rollout_corr/rollout_is_seq_std:0.0 - rollout_corr/rollout_is_seq_max:1.0 - rollout_corr/rollout_is_seq_min:1.0 - rollout_corr/rollout_is_seq_max_deviation:0.0 - rollout_corr/rollout_is_seq_fraction_high:0.0 - rollout_corr/rollout_is_seq_fraction_low:0.0 - rollout_corr/training_ppl:2.341167442701958 - rollout_corr/training_log_ppl:0.7021240662481334 - rollout_corr/kl:0.06579862326887795 - rollout_corr/k3_kl:0.06220705446439506 - rollout_corr/rollout_ppl:2.1107043519213393 - rollout_corr/rollout_log_ppl:0.648378778551076 - rollout_corr/log_ppl_diff:0.053745288598096325 - rollout_corr/log_ppl_abs_diff:0.08407120587543357 - rollout_corr/log_ppl_diff_max:1.2303975820541382 - rollout_corr/log_ppl_diff_min:-0.6795986890792847 - rollout_corr/ppl_ratio:1.067567430033877 - rollout_corr/chi2_token:0.2909874221360361 - rollout_corr/chi2_seq:1.2175563545645893 - actor/pg_loss:0.012744863260801745 - actor/kl_loss:0.0 - actor/grpo_loss:0.0 - actor/vopd_loss:0.012744863260801745 - actor/vopd_loss_weighted:0.012744863260801745 - actor/policy_fallback_fraction:0.0 - self_distillation/raw_jsd_token_mean:0.012744428446780687 - self_distillation/weighted_jsd_token_mean:0.012744428446780687 - self_distillation/self_distillation_mask.mean():1.0 - self_distillation/num_distill_tokens:196.16216216216216 - self_distillation/empty_target_batch:0.0 - actor/grad_norm:0.5079017281532288 - timing_s/update_actor/student_forward:29.92497497331351 - timing_s/update_actor/teacher_forward:9.552475366741419 - timing_s/update_actor/loss_compute:0.0476418137550354 - timing_s/update_actor/backward:60.325226275250316 - timing_s/update_actor/optimizer_step:0.014720343984663486 - timing_s/update_actor/teacher_ema_update:0.8974753301590681 - perf/mfu/actor:0.1605782571575241 - perf/max_memory_allocated_gb:151.58445024490356 - perf/max_memory_reserved_gb:168.5234375 - perf/cpu_memory_used_gb:616.2462944984436 - actor/lr:2e-06 - training/global_step:25 - training/epoch:0 - response_length/mean:75.60416412353516 - response_length/max:1024.0 - response_length/min:2.0 - response_length/clip_ratio:0.0078125 - response_length_non_aborted/mean:75.60416412353516 - response_length_non_aborted/max:1024.0 - response_length_non_aborted/min:2.0 - response_length_non_aborted/clip_ratio:0.0078125 - response/aborted_ratio:0.0 - prompt_length/mean:3391.583251953125 - prompt_length/max:5343.0 - prompt_length/min:2707.0 - prompt_length/clip_ratio:0.0 - num_turns/min:2 - num_turns/max:2 - num_turns/mean:2.0 - timing_s/start_profile:2.8117559850215912e-05 - timing_s/agent_loop/generate_sequences/min:11.01083829626441 - timing_s/agent_loop/generate_sequences/max:41.137576275505126 - timing_s/agent_loop/generate_sequences/mean:20.953841638450587 - timing_s/agent_loop/tool_calls/min:0.0 - timing_s/agent_loop/tool_calls/max:0.0 - timing_s/agent_loop/tool_calls/mean:0.0 - timing_s/agent_loop/slowest/generate_sequences:41.137576275505126 - timing_s/agent_loop/slowest/tool_calls:0.0 - timing_s/agent_loop/slowest/prompt_length:3364 - timing_s/agent_loop/slowest/response_length:165 - timing_s/gen:128.9280827473849 - timing_s/adv:23.7771361945197 - timing_s/update_actor:191.7018137620762 - timing_s/dump_rollout_generations:1.1919049751013517 - timing_s/step:346.4650765703991 - timing_s/stop_profile:3.669876605272293e-05 - timing_per_token_ms/gen:2.220447829074554 - timing_per_token_ms/update_actor:0.07199256938638884 - timing_per_token_ms/adv:0.008929373664758787 - perf/total_num_tokens:2662800 - perf/time_per_step:346.4650765703991 - perf/throughput:960.7028890034964
[36m(TaskRunner pid=1871981)[0m Training Progress:  38%|███▊      | 25/65 [2:24:43<3:51:53, 347.83s/it]
[36m(TaskRunner pid=1871981)[0m Dumped generations to /inspire/hdd/global_user/mengweicheng-240108120092/lzy/projects/Dual-Track-OPD/third_party/Vision-OPD/rollouts/Vision-OPD-Qwen3.5-4B/26.jsonl
[36m(TaskRunner pid=1871981)[0m step:26 - global_seqlen/min:321280 - global_seqlen/max:341186 - global_seqlen/minmax_diff:19906 - global_seqlen/balanced_min:332740 - global_seqlen/balanced_max:332765 - global_seqlen/mean:332752.5 - self_distillation/teacher_always_on_fraction:1.0 - self_distillation/teacher_image_swap_fraction:1.0 - self_distillation/policy_fallback_fraction:0.0 - self_distillation/grpo_fallback_count:0.0 - rollout_corr/rollout_is_mean:1.0 - rollout_corr/rollout_is_ratio_fraction_high:0.0 - rollout_corr/rollout_is_ratio_fraction_low:0.0 - rollout_corr/rollout_is_max:1.0 - rollout_corr/rollout_is_min:1.0 - rollout_corr/rollout_is_std:0.0 - rollout_corr/rollout_is_eff_sample_size:1.0 - rollout_corr/rollout_is_seq_mean:1.0 - rollout_corr/rollout_is_seq_std:0.0 - rollout_corr/rollout_is_seq_max:1.0 - rollout_corr/rollout_is_seq_min:1.0 - rollout_corr/rollout_is_seq_max_deviation:0.0 - rollout_corr/rollout_is_seq_fraction_high:0.0 - rollout_corr/rollout_is_seq_fraction_low:0.0 - rollout_corr/training_ppl:2.2660586680914907 - rollout_corr/training_log_ppl:0.6909883346509289 - rollout_corr/kl:0.05786706348693327 - rollout_corr/k3_kl:0.05443030411805848 - rollout_corr/rollout_ppl:2.0979501810428256 - rollout_corr/rollout_log_ppl:0.6448548816748567 - rollout_corr/log_ppl_diff:0.0461334537996319 - rollout_corr/log_ppl_abs_diff:0.07197928140128687 - rollout_corr/log_ppl_diff_max:1.4049432277679443 - rollout_corr/log_ppl_diff_min:-0.5201209783554077 - rollout_corr/ppl_ratio:1.0552790408601633 - rollout_corr/chi2_token:0.22073373621380005 - rollout_corr/chi2_seq:0.24660857988370433 - actor/pg_loss:0.010865775282582035 - actor/kl_loss:0.0 - actor/grpo_loss:0.0 - actor/vopd_loss:0.010865775282582035 - actor/vopd_loss_weighted:0.010865775282582035 - actor/policy_fallback_fraction:0.0 - self_distillation/raw_jsd_token_mean:0.010806247406337108 - self_distillation/weighted_jsd_token_mean:0.010806247406337108 - self_distillation/self_distillation_mask.mean():1.0 - self_distillation/num_distill_tokens:234.98648648648648 - self_distillation/empty_target_batch:0.0 - actor/grad_norm:0.40318959951400757 - timing_s/update_actor/student_forward:32.745170935057104 - timing_s/update_actor/teacher_forward:10.15645245090127 - timing_s/update_actor/loss_compute:0.05479855462908745 - timing_s/update_actor/backward:60.87562878243625 - timing_s/update_actor/optimizer_step:0.033504657447338104 - timing_s/update_actor/teacher_ema_update:0.974945236928761 - perf/mfu/actor:0.15445406128835126 - perf/max_memory_allocated_gb:151.58445024490356 - perf/max_memory_reserved_gb:168.5234375 - perf/cpu_memory_used_gb:614.4099273681641 - actor/lr:2e-06 - training/global_step:26 - training/epoch:0 - response_length/mean:90.56771087646484 - response_length/max:1024.0 - response_length/min:2.0 - response_length/clip_ratio:0.0065104165114462376 - response_length_non_aborted/mean:90.56771087646484 - response_length_non_aborted/max:1024.0 - response_length_non_aborted/min:2.0 - response_length_non_aborted/clip_ratio:0.0065104165114462376 - response/aborted_ratio:0.0 - prompt_length/mean:3375.604248046875 - prompt_length/max:4494.0 - prompt_length/min:2470.0 - prompt_length/clip_ratio:0.0 - num_turns/min:2 - num_turns/max:2 - num_turns/mean:2.0 - timing_s/start_profile:2.690684050321579e-05 - timing_s/agent_loop/generate_sequences/min:6.073434552177787 - timing_s/agent_loop/generate_sequences/max:39.80966338887811 - timing_s/agent_loop/generate_sequences/mean:20.471882717448654 - timing_s/agent_loop/tool_calls/min:0.0 - timing_s/agent_loop/tool_calls/max:0.0 - timing_s/agent_loop/tool_calls/mean:0.0 - timing_s/agent_loop/slowest/generate_sequences:39.80966338887811 - timing_s/agent_loop/slowest/tool_calls:0.0 - timing_s/agent_loop/slowest/prompt_length:3365 - timing_s/agent_loop/slowest/response_length:508 - timing_s/gen:125.30264017544687 - timing_s/adv:24.194131989963353 - timing_s/update_actor:192.32643019221723 - timing_s/dump_rollout_generations:0.5967697082087398 - timing_s/step:342.6393900811672 - timing_s/stop_profile:4.1484832763671875e-05 - timing_per_token_ms/gen:1.801464146521463 - timing_per_token_ms/update_actor:0.07224830399178715 - timing_per_token_ms/adv:0.009088636445242092 - perf/total_num_tokens:2662020 - perf/time_per_step:342.6393900811672 - perf/throughput:971.1449110424078
[36m(TaskRunner pid=1871981)[0m Training Progress:  40%|████      | 26/65 [2:30:28<3:45:33, 347.01s/it]
[36m(TaskRunner pid=1871981)[0m Dumped generations to /inspire/hdd/global_user/mengweicheng-240108120092/lzy/projects/Dual-Track-OPD/third_party/Vision-OPD/rollouts/Vision-OPD-Qwen3.5-4B/27.jsonl
[36m(TaskRunner pid=1871981)[0m step:27 - global_seqlen/min:322945 - global_seqlen/max:347281 - global_seqlen/minmax_diff:24336 - global_seqlen/balanced_min:330224 - global_seqlen/balanced_max:330253 - global_seqlen/mean:330239.875 - self_distillation/teacher_always_on_fraction:1.0 - self_distillation/teacher_image_swap_fraction:1.0 - self_distillation/policy_fallback_fraction:0.0 - self_distillation/grpo_fallback_count:0.0 - rollout_corr/rollout_is_mean:1.0 - rollout_corr/rollout_is_ratio_fraction_high:0.0 - rollout_corr/rollout_is_ratio_fraction_low:0.0 - rollout_corr/rollout_is_max:1.0 - rollout_corr/rollout_is_min:1.0 - rollout_corr/rollout_is_std:0.0 - rollout_corr/rollout_is_eff_sample_size:1.0 - rollout_corr/rollout_is_seq_mean:1.0 - rollout_corr/rollout_is_seq_std:0.0 - rollout_corr/rollout_is_seq_max:1.0 - rollout_corr/rollout_is_seq_min:1.0 - rollout_corr/rollout_is_seq_max_deviation:0.0 - rollout_corr/rollout_is_seq_fraction_high:0.0 - rollout_corr/rollout_is_seq_fraction_low:0.0 - rollout_corr/training_ppl:2.3367469658454256 - rollout_corr/training_log_ppl:0.6928668417450454 - rollout_corr/kl:0.05806662343078036 - rollout_corr/k3_kl:0.06937942560479213 - rollout_corr/rollout_ppl:2.1679565413958497 - rollout_corr/rollout_log_ppl:0.642429812086953 - rollout_corr/log_ppl_diff:0.050437029960600434 - rollout_corr/log_ppl_abs_diff:0.07181945569916731 - rollout_corr/log_ppl_diff_max:1.1108462810516357 - rollout_corr/log_ppl_diff_min:-0.4604443311691284 - rollout_corr/ppl_ratio:1.0580178584075637 - rollout_corr/chi2_token:1.5856125116762187 - rollout_corr/chi2_seq:0.49251876378224957 - actor/pg_loss:0.012762712347163568 - actor/kl_loss:0.0 - actor/grpo_loss:0.0 - actor/vopd_loss:0.012762712347163568 - actor/vopd_loss_weighted:0.012762712347163568 - actor/policy_fallback_fraction:0.0 - self_distillation/raw_jsd_token_mean:0.013017252268683579 - self_distillation/weighted_jsd_token_mean:0.013017252268683579 - self_distillation/self_distillation_mask.mean():1.0 - self_distillation/num_distill_tokens:254.74652777777777 - self_distillation/empty_target_batch:0.0 - actor/grad_norm:0.43839237093925476 - timing_s/update_actor/student_forward:29.826976185664535 - timing_s/update_actor/teacher_forward:9.25733896996826 - timing_s/update_actor/loss_compute:0.05376439914107323 - timing_s/update_actor/backward:60.45558253582567 - timing_s/update_actor/optimizer_step:0.01500696875154972 - timing_s/update_actor/teacher_ema_update:1.3733785971999168 - perf/mfu/actor:0.16030392258098689 - perf/max_memory_allocated_gb:151.58445024490356 - perf/max_memory_reserved_gb:168.5234375 - perf/cpu_memory_used_gb:612.255838394165 - actor/lr:2e-06 - training/global_step:27 - training/epoch:0 - response_length/mean:95.52994537353516 - response_length/max:1024.0 - response_length/min:2.0 - response_length/clip_ratio:0.01171875 - response_length_non_aborted/mean:95.52994537353516 - response_length_non_aborted/max:1024.0 - response_length_non_aborted/min:2.0 - response_length_non_aborted/clip_ratio:0.01171875 - response/aborted_ratio:0.0 - prompt_length/mean:3344.46875 - prompt_length/max:6700.0 - prompt_length/min:2285.0 - prompt_length/clip_ratio:0.0 - num_turns/min:2 - num_turns/max:2 - num_turns/mean:2.0 - timing_s/start_profile:4.8451125621795654e-05 - timing_s/agent_loop/generate_sequences/min:7.2508415803313255 - timing_s/agent_loop/generate_sequences/max:43.11905951425433 - timing_s/agent_loop/generate_sequences/mean:20.483436281644874 - timing_s/agent_loop/tool_calls/min:0.0 - timing_s/agent_loop/tool_calls/max:0.0 - timing_s/agent_loop/tool_calls/mean:0.0 - timing_s/agent_loop/slowest/generate_sequences:43.11905951425433 - timing_s/agent_loop/slowest/tool_calls:0.0 - timing_s/agent_loop/slowest/prompt_length:3365 - timing_s/agent_loop/slowest/response_length:173 - timing_s/gen:127.70005025807768 - timing_s/adv:20.479276033118367 - timing_s/update_actor:188.7277039717883 - timing_s/dump_rollout_generations:0.5827933484688401 - timing_s/step:337.6779160378501 - timing_s/stop_profile:3.92179936170578e-05 - timing_per_token_ms/gen:1.7405652440208497 - timing_per_token_ms/update_actor:0.07143584037655518 - timing_per_token_ms/adv:0.007751666888015252 - perf/total_num_tokens:2641919 - perf/time_per_step:337.6779160378501 - perf/throughput:977.9729716259669
[36m(TaskRunner pid=1871981)[0m Training Progress:  42%|████▏     | 27/65 [2:36:09<3:38:40, 345.28s/it]
[36m(TaskRunner pid=1871981)[0m Dumped generations to /inspire/hdd/global_user/mengweicheng-240108120092/lzy/projects/Dual-Track-OPD/third_party/Vision-OPD/rollouts/Vision-OPD-Qwen3.5-4B/28.jsonl
[36m(TaskRunner pid=1871981)[0m step:28 - global_seqlen/min:307486 - global_seqlen/max:330273 - global_seqlen/minmax_diff:22787 - global_seqlen/balanced_min:324915 - global_seqlen/balanced_max:324939 - global_seqlen/mean:324921.625 - self_distillation/teacher_always_on_fraction:1.0 - self_distillation/teacher_image_swap_fraction:1.0 - self_distillation/policy_fallback_fraction:0.0 - self_distillation/grpo_fallback_count:0.0 - rollout_corr/rollout_is_mean:1.0 - rollout_corr/rollout_is_ratio_fraction_high:0.0 - rollout_corr/rollout_is_ratio_fraction_low:0.0 - rollout_corr/rollout_is_max:1.0 - rollout_corr/rollout_is_min:1.0 - rollout_corr/rollout_is_std:0.0 - rollout_corr/rollout_is_eff_sample_size:1.0 - rollout_corr/rollout_is_seq_mean:1.0 - rollout_corr/rollout_is_seq_std:0.0 - rollout_corr/rollout_is_seq_max:1.0 - rollout_corr/rollout_is_seq_min:1.0 - rollout_corr/rollout_is_seq_max_deviation:0.0 - rollout_corr/rollout_is_seq_fraction_high:0.0 - rollout_corr/rollout_is_seq_fraction_low:0.0 - rollout_corr/training_ppl:2.3327827321158514 - rollout_corr/training_log_ppl:0.6882447238183683 - rollout_corr/kl:0.05929861822288431 - rollout_corr/k3_kl:0.06032202806939798 - rollout_corr/rollout_ppl:2.1132312388055854 - rollout_corr/rollout_log_ppl:0.6361443247232172 - rollout_corr/log_ppl_diff:0.05210039822870587 - rollout_corr/log_ppl_abs_diff:0.07984804565785453 - rollout_corr/log_ppl_diff_max:1.1048657894134521 - rollout_corr/log_ppl_diff_min:-0.4713326692581177 - rollout_corr/ppl_ratio:1.0628805990434356 - rollout_corr/chi2_token:0.33717656176951194 - rollout_corr/chi2_seq:1.7353550208111606 - actor/pg_loss:0.011968305494519882 - actor/kl_loss:0.0 - actor/grpo_loss:0.0 - actor/vopd_loss:0.011968305494519882 - actor/vopd_loss_weighted:0.011968305494519882 - actor/policy_fallback_fraction:0.0 - self_distillation/raw_jsd_token_mean:0.011977302844267493 - self_distillation/weighted_jsd_token_mean:0.011977302844267493 - self_distillation/self_distillation_mask.mean():1.0 - self_distillation/num_distill_tokens:206.93402777777777 - self_distillation/empty_target_batch:0.0 - actor/grad_norm:0.5098229050636292 - timing_s/update_actor/student_forward:28.434093495830894 - timing_s/update_actor/teacher_forward:8.738117582164705 - timing_s/update_actor/loss_compute:0.0479325857013464 - timing_s/update_actor/backward:59.213751529343426 - timing_s/update_actor/optimizer_step:0.01799725741147995 - timing_s/update_actor/teacher_ema_update:1.265640364959836 - perf/mfu/actor:0.16061503707377148 - perf/max_memory_allocated_gb:151.58445024490356 - perf/max_memory_reserved_gb:168.5234375 - perf/cpu_memory_used_gb:612.2038102149963 - actor/lr:2e-06 - training/global_step:28 - training/epoch:0 - response_length/mean:77.60025787353516 - response_length/max:1024.0 - response_length/min:2.0 - response_length/clip_ratio:0.0078125 - response_length_non_aborted/mean:77.60025787353516 - response_length_non_aborted/max:1024.0 - response_length_non_aborted/min:2.0 - response_length_non_aborted/clip_ratio:0.0078125 - response/aborted_ratio:0.0 - prompt_length/mean:3307.0 - prompt_length/max:3838.0 - prompt_length/min:2287.0 - prompt_length/clip_ratio:0.0 - num_turns/min:2 - num_turns/max:2 - num_turns/mean:2.0 - timing_s/start_profile:3.23224812746048e-05 - timing_s/agent_loop/generate_sequences/min:7.283409298397601 - timing_s/agent_loop/generate_sequences/max:38.621312683448195 - timing_s/agent_loop/generate_sequences/mean:19.890554153150635 - timing_s/agent_loop/tool_calls/min:0.0 - timing_s/agent_loop/tool_calls/max:0.0 - timing_s/agent_loop/tool_calls/mean:0.0 - timing_s/agent_loop/slowest/generate_sequences:38.621312683448195 - timing_s/agent_loop/slowest/tool_calls:0.0 - timing_s/agent_loop/slowest/prompt_length:3379 - timing_s/agent_loop/slowest/response_length:1024 - timing_s/gen:121.11729473620653 - timing_s/adv:21.718963600695133 - timing_s/update_actor:183.90344662312418 - timing_s/dump_rollout_generations:0.6470498824492097 - timing_s/step:327.5851510586217 - timing_s/stop_profile:3.748014569282532e-05 - timing_per_token_ms/gen:2.0322716703224413 - timing_per_token_ms/update_actor:0.07074915628619832 - timing_per_token_ms/adv:0.008355462490644911 - perf/total_num_tokens:2599373 - perf/time_per_step:327.5851510586217 - perf/throughput:991.8692100358815
[36m(TaskRunner pid=1871981)[0m Training Progress:  43%|████▎     | 28/65 [2:41:39<3:30:04, 340.65s/it]
[36m(TaskRunner pid=1871981)[0m Dumped generations to /inspire/hdd/global_user/mengweicheng-240108120092/lzy/projects/Dual-Track-OPD/third_party/Vision-OPD/rollouts/Vision-OPD-Qwen3.5-4B/29.jsonl
[36m(TaskRunner pid=1871981)[0m step:29 - global_seqlen/min:321107 - global_seqlen/max:339607 - global_seqlen/minmax_diff:18500 - global_seqlen/balanced_min:328166 - global_seqlen/balanced_max:328199 - global_seqlen/mean:328176.125 - self_distillation/teacher_always_on_fraction:1.0 - self_distillation/teacher_image_swap_fraction:1.0 - self_distillation/policy_fallback_fraction:0.0 - self_distillation/grpo_fallback_count:0.0 - rollout_corr/rollout_is_mean:1.0 - rollout_corr/rollout_is_ratio_fraction_high:0.0 - rollout_corr/rollout_is_ratio_fraction_low:0.0 - rollout_corr/rollout_is_max:1.0 - rollout_corr/rollout_is_min:1.0 - rollout_corr/rollout_is_std:0.0 - rollout_corr/rollout_is_eff_sample_size:1.0 - rollout_corr/rollout_is_seq_mean:1.0 - rollout_corr/rollout_is_seq_std:0.0 - rollout_corr/rollout_is_seq_max:1.0 - rollout_corr/rollout_is_seq_min:1.0 - rollout_corr/rollout_is_seq_max_deviation:0.0 - rollout_corr/rollout_is_seq_fraction_high:0.0 - rollout_corr/rollout_is_seq_fraction_low:0.0 - rollout_corr/training_ppl:2.638427254226473 - rollout_corr/training_log_ppl:0.7305737030174997 - rollout_corr/kl:0.06542909734293466 - rollout_corr/k3_kl:0.0659657686483115 - rollout_corr/rollout_ppl:2.1261224990917578 - rollout_corr/rollout_log_ppl:0.6573614730085764 - rollout_corr/log_ppl_diff:0.0732122266264115 - rollout_corr/log_ppl_abs_diff:0.10682350094430149 - rollout_corr/log_ppl_diff_max:2.723846912384033 - rollout_corr/log_ppl_diff_min:-0.5370674133300781 - rollout_corr/ppl_ratio:1.130701756518748 - rollout_corr/chi2_token:0.36661283568375636 - rollout_corr/chi2_seq:1.124122436882721 - actor/pg_loss:0.010586667521844596 - actor/kl_loss:0.0 - actor/grpo_loss:0.0 - actor/vopd_loss:0.010586667521844596 - actor/vopd_loss_weighted:0.010586667521844596 - actor/policy_fallback_fraction:0.0 - self_distillation/raw_jsd_token_mean:0.010652369961058462 - self_distillation/weighted_jsd_token_mean:0.010652369961058462 - self_distillation/self_distillation_mask.mean():1.0 - self_distillation/num_distill_tokens:193.42013888888889 - self_distillation/empty_target_batch:0.0 - actor/grad_norm:0.4648146331310272 - timing_s/update_actor/student_forward:29.383313016965985 - timing_s/update_actor/teacher_forward:9.418388378806412 - timing_s/update_actor/loss_compute:0.04332390520721674 - timing_s/update_actor/backward:59.67234287504107 - timing_s/update_actor/optimizer_step:0.014962535351514816 - timing_s/update_actor/teacher_ema_update:1.2484977263957262 - perf/mfu/actor:0.16014484057915634 - perf/max_memory_allocated_gb:151.58445024490356 - perf/max_memory_reserved_gb:168.5234375 - perf/cpu_memory_used_gb:614.0490880012512 - actor/lr:2e-06 - training/global_step:29 - training/epoch:0 - response_length/mean:72.53255462646484 - response_length/max:1024.0 - response_length/min:2.0 - response_length/clip_ratio:0.0078125 - response_length_non_aborted/mean:72.53255462646484 - response_length_non_aborted/max:1024.0 - response_length_non_aborted/min:2.0 - response_length_non_aborted/clip_ratio:0.0078125 - response/aborted_ratio:0.0 - prompt_length/mean:3345.96875 - prompt_length/max:4023.0 - prompt_length/min:2517.0 - prompt_length/clip_ratio:0.0 - num_turns/min:2 - num_turns/max:2 - num_turns/mean:2.0 - timing_s/start_profile:2.5865621864795685e-05 - timing_s/agent_loop/generate_sequences/min:9.294442721642554 - timing_s/agent_loop/generate_sequences/max:38.62880548927933 - timing_s/agent_loop/generate_sequences/mean:20.15049144174797 - timing_s/agent_loop/tool_calls/min:0.0 - timing_s/agent_loop/tool_calls/max:0.0 - timing_s/agent_loop/tool_calls/mean:0.0 - timing_s/agent_loop/slowest/generate_sequences:38.62880548927933 - timing_s/agent_loop/slowest/tool_calls:0.0 - timing_s/agent_loop/slowest/prompt_length:3367 - timing_s/agent_loop/slowest/response_length:858 - timing_s/gen:125.23375495895743 - timing_s/adv:20.904485860839486 - timing_s/update_actor:183.56256117112935 - timing_s/dump_rollout_generations:0.5657552564516664 - timing_s/step:330.4784734826535 - timing_s/stop_profile:3.029126673936844e-05 - timing_per_token_ms/gen:2.2481600387569776 - timing_per_token_ms/update_actor:0.06991770088817756 - timing_per_token_ms/adv:0.007962373047719226 - perf/total_num_tokens:2625409 - perf/time_per_step:330.4784734826535 - perf/throughput:993.0332875893826
[36m(TaskRunner pid=1871981)[0m Training Progress:  45%|████▍     | 29/65 [2:47:12<3:22:58, 338.29s/it]
[36m(TaskRunner pid=1871981)[0m Dumped generations to /inspire/hdd/global_user/mengweicheng-240108120092/lzy/projects/Dual-Track-OPD/third_party/Vision-OPD/rollouts/Vision-OPD-Qwen3.5-4B/30.jsonl
[36m(TaskRunner pid=1871981)[0m step:30 - global_seqlen/min:324215 - global_seqlen/max:354211 - global_seqlen/minmax_diff:29996 - global_seqlen/balanced_min:334145 - global_seqlen/balanced_max:334254 - global_seqlen/mean:334222.5 - self_distillation/teacher_always_on_fraction:1.0 - self_distillation/teacher_image_swap_fraction:1.0 - self_distillation/policy_fallback_fraction:0.0 - self_distillation/grpo_fallback_count:0.0 - rollout_corr/rollout_is_mean:1.0 - rollout_corr/rollout_is_ratio_fraction_high:0.0 - rollout_corr/rollout_is_ratio_fraction_low:0.0 - rollout_corr/rollout_is_max:1.0 - rollout_corr/rollout_is_min:1.0 - rollout_corr/rollout_is_std:0.0 - rollout_corr/rollout_is_eff_sample_size:1.0 - rollout_corr/rollout_is_seq_mean:1.0 - rollout_corr/rollout_is_seq_std:0.0 - rollout_corr/rollout_is_seq_max:1.0 - rollout_corr/rollout_is_seq_min:1.0 - rollout_corr/rollout_is_seq_max_deviation:0.0 - rollout_corr/rollout_is_seq_fraction_high:0.0 - rollout_corr/rollout_is_seq_fraction_low:0.0 - rollout_corr/training_ppl:2.605844566548193 - rollout_corr/training_log_ppl:0.7331785358287193 - rollout_corr/kl:0.059041841952919 - rollout_corr/k3_kl:0.060522167622096 - rollout_corr/rollout_ppl:2.1965089629630787 - rollout_corr/rollout_log_ppl:0.6639677267018202 - rollout_corr/log_ppl_diff:0.06921080977268945 - rollout_corr/log_ppl_abs_diff:0.09420898048886778 - rollout_corr/log_ppl_diff_max:2.7780423164367676 - rollout_corr/log_ppl_diff_min:-0.4306253492832184 - rollout_corr/ppl_ratio:1.104808074799744 - rollout_corr/chi2_token:0.38600679265486226 - rollout_corr/chi2_seq:33.86714228907147 - actor/pg_loss:0.01113465707718812 - actor/kl_loss:0.0 - actor/grpo_loss:0.0 - actor/vopd_loss:0.01113465707718812 - actor/vopd_loss_weighted:0.01113465707718812 - actor/policy_fallback_fraction:0.0 - self_distillation/raw_jsd_token_mean:0.011341773096245487 - self_distillation/weighted_jsd_token_mean:0.011341773096245487 - self_distillation/self_distillation_mask.mean():1.0 - self_distillation/num_distill_tokens:215.77027027027026 - self_distillation/empty_target_batch:0.0 - actor/grad_norm:0.5008701682090759 - timing_s/update_actor/student_forward:31.63600565586239 - timing_s/update_actor/teacher_forward:9.568077612668276 - timing_s/update_actor/loss_compute:0.05060814041644335 - timing_s/update_actor/backward:62.349993562325835 - timing_s/update_actor/optimizer_step:0.031122496351599693 - timing_s/update_actor/teacher_ema_update:0.9987010546028614 - perf/mfu/actor:0.15579176315362608 - perf/max_memory_allocated_gb:151.58445024490356 - perf/max_memory_reserved_gb:168.5234375 - perf/cpu_memory_used_gb:614.9783840179443 - actor/lr:2e-06 - training/global_step:30 - training/epoch:0 - response_length/mean:83.16146087646484 - response_length/max:1024.0 - response_length/min:2.0 - response_length/clip_ratio:0.01692708395421505 - response_length_non_aborted/mean:83.16146087646484 - response_length_non_aborted/max:1024.0 - response_length_non_aborted/min:2.0 - response_length_non_aborted/clip_ratio:0.01692708395421505 - response/aborted_ratio:0.0 - prompt_length/mean:3398.322998046875 - prompt_length/max:6236.0 - prompt_length/min:2336.0 - prompt_length/clip_ratio:0.0 - num_turns/min:2 - num_turns/max:2 - num_turns/mean:2.0 - timing_s/start_profile:2.3202970623970032e-05 - timing_s/agent_loop/generate_sequences/min:5.369904275983572 - timing_s/agent_loop/generate_sequences/max:38.46193238068372 - timing_s/agent_loop/generate_sequences/mean:20.29929643718909 - timing_s/agent_loop/tool_calls/min:0.0 - timing_s/agent_loop/tool_calls/max:0.0 - timing_s/agent_loop/tool_calls/mean:0.0 - timing_s/agent_loop/slowest/generate_sequences:38.46193238068372 - timing_s/agent_loop/slowest/tool_calls:0.0 - timing_s/agent_loop/slowest/prompt_length:3360 - timing_s/agent_loop/slowest/response_length:1024 - timing_s/gen:126.20933205727488 - timing_s/adv:23.017202314920723 - timing_s/update_actor:193.7820398611948 - timing_s/dump_rollout_generations:0.5633253138512373 - timing_s/step:343.75788323022425 - timing_s/stop_profile:2.9379501938819885e-05 - timing_per_token_ms/gen:1.976096512451852 - timing_per_token_ms/update_actor:0.07247493805069781 - timing_per_token_ms/adv:0.008608487727083277 - perf/total_num_tokens:2673780 - perf/time_per_step:343.75788323022425 - perf/throughput:972.2613394618847
[36m(TaskRunner pid=1871981)[0m Training Progress:  46%|████▌     | 30/65 [2:52:58<3:18:41, 340.62s/it]
[36m(TaskRunner pid=1871981)[0m Dumped generations to /inspire/hdd/global_user/mengweicheng-240108120092/lzy/projects/Dual-Track-OPD/third_party/Vision-OPD/rollouts/Vision-OPD-Qwen3.5-4B/31.jsonl
[36m(TaskRunner pid=1871981)[0m step:31 - global_seqlen/min:311716 - global_seqlen/max:349983 - global_seqlen/minmax_diff:38267 - global_seqlen/balanced_min:333106 - global_seqlen/balanced_max:333126 - global_seqlen/mean:333116.75 - self_distillation/teacher_always_on_fraction:1.0 - self_distillation/teacher_image_swap_fraction:1.0 - self_distillation/policy_fallback_fraction:0.0 - self_distillation/grpo_fallback_count:0.0 - rollout_corr/rollout_is_mean:1.0 - rollout_corr/rollout_is_ratio_fraction_high:0.0 - rollout_corr/rollout_is_ratio_fraction_low:0.0 - rollout_corr/rollout_is_max:1.0 - rollout_corr/rollout_is_min:1.0 - rollout_corr/rollout_is_std:0.0 - rollout_corr/rollout_is_eff_sample_size:1.0 - rollout_corr/rollout_is_seq_mean:1.0 - rollout_corr/rollout_is_seq_std:0.0 - rollout_corr/rollout_is_seq_max:1.0 - rollout_corr/rollout_is_seq_min:1.0 - rollout_corr/rollout_is_seq_max_deviation:0.0 - rollout_corr/rollout_is_seq_fraction_high:0.0 - rollout_corr/rollout_is_seq_fraction_low:0.0 - rollout_corr/training_ppl:2.5075604686060466 - rollout_corr/training_log_ppl:0.7267524704739854 - rollout_corr/kl:0.06004688085109543 - rollout_corr/k3_kl:0.05968007441481097 - rollout_corr/rollout_ppl:2.139226594084018 - rollout_corr/rollout_log_ppl:0.662243609945919 - rollout_corr/log_ppl_diff:0.06450885740609058 - rollout_corr/log_ppl_abs_diff:0.09403321696948763 - rollout_corr/log_ppl_diff_max:2.608243703842163 - rollout_corr/log_ppl_diff_min:-0.44640928506851196 - rollout_corr/ppl_ratio:1.0951597837580218 - rollout_corr/chi2_token:0.2938707531303973 - rollout_corr/chi2_seq:0.13468013079585256 - actor/pg_loss:0.010299891921325372 - actor/kl_loss:0.0 - actor/grpo_loss:0.0 - actor/vopd_loss:0.010299891921325372 - actor/vopd_loss_weighted:0.010299891921325372 - actor/policy_fallback_fraction:0.0 - self_distillation/raw_jsd_token_mean:0.010351950166639999 - self_distillation/weighted_jsd_token_mean:0.010351950166639999 - self_distillation/self_distillation_mask.mean():1.0 - self_distillation/num_distill_tokens:213.50675675675677 - self_distillation/empty_target_batch:0.0 - actor/grad_norm:0.4105793237686157 - timing_s/update_actor/student_forward:32.342329137027264 - timing_s/update_actor/teacher_forward:11.166069550439715 - timing_s/update_actor/loss_compute:0.056970665231347084 - timing_s/update_actor/backward:62.3227708293125 - timing_s/update_actor/optimizer_step:0.015104447491466999 - timing_s/update_actor/teacher_ema_update:0.8707279330119491 - perf/mfu/actor:0.1531641800647225 - perf/max_memory_allocated_gb:151.58445024490356 - perf/max_memory_reserved_gb:168.5234375 - perf/cpu_memory_used_gb:616.6303610801697 - actor/lr:2e-06 - training/global_step:31 - training/epoch:0 - response_length/mean:82.2890625 - response_length/max:1024.0 - response_length/min:2.0 - response_length/clip_ratio:0.009114583022892475 - response_length_non_aborted/mean:82.2890625 - response_length_non_aborted/max:1024.0 - response_length_non_aborted/min:2.0 - response_length_non_aborted/clip_ratio:0.009114583022892475 - response/aborted_ratio:0.0 - prompt_length/mean:3387.677001953125 - prompt_length/max:6047.0 - prompt_length/min:2289.0 - prompt_length/clip_ratio:0.0 - num_turns/min:2 - num_turns/max:2 - num_turns/mean:2.0 - timing_s/start_profile:2.3409724235534668e-05 - timing_s/agent_loop/generate_sequences/min:6.598915592767298 - timing_s/agent_loop/generate_sequences/max:39.72397658415139 - timing_s/agent_loop/generate_sequences/mean:20.488137959756084 - timing_s/agent_loop/tool_calls/min:0.0 - timing_s/agent_loop/tool_calls/max:0.0 - timing_s/agent_loop/tool_calls/mean:0.0 - timing_s/agent_loop/slowest/generate_sequences:39.72397658415139 - timing_s/agent_loop/slowest/tool_calls:0.0 - timing_s/agent_loop/slowest/prompt_length:3369 - timing_s/agent_loop/slowest/response_length:678 - timing_s/gen:128.1433156421408 - timing_s/adv:27.664430008269846 - timing_s/update_actor:196.8456755997613 - timing_s/dump_rollout_generations:0.568115932866931 - timing_s/step:353.4210206270218 - timing_s/stop_profile:3.193411976099014e-05 - timing_per_token_ms/gen:2.027648274346353 - timing_per_token_ms/update_actor:0.07386512221306843 - timing_per_token_ms/adv:0.010380906246935138 - perf/total_num_tokens:2664934 - perf/time_per_step:353.4210206270218 - perf/throughput:942.5493407522875
[36m(TaskRunner pid=1871981)[0m Training Progress:  48%|████▊     | 31/65 [2:58:53<3:15:35, 345.15s/it]
[36m(TaskRunner pid=1871981)[0m Dumped generations to /inspire/hdd/global_user/mengweicheng-240108120092/lzy/projects/Dual-Track-OPD/third_party/Vision-OPD/rollouts/Vision-OPD-Qwen3.5-4B/32.jsonl
[36m(TaskRunner pid=1871981)[0m step:32 - global_seqlen/min:321770 - global_seqlen/max:347407 - global_seqlen/minmax_diff:25637 - global_seqlen/balanced_min:332447 - global_seqlen/balanced_max:332498 - global_seqlen/mean:332477.5 - self_distillation/teacher_always_on_fraction:1.0 - self_distillation/teacher_image_swap_fraction:1.0 - self_distillation/policy_fallback_fraction:0.0 - self_distillation/grpo_fallback_count:0.0 - rollout_corr/rollout_is_mean:1.0 - rollout_corr/rollout_is_ratio_fraction_high:0.0 - rollout_corr/rollout_is_ratio_fraction_low:0.0 - rollout_corr/rollout_is_max:1.0 - rollout_corr/rollout_is_min:1.0 - rollout_corr/rollout_is_std:0.0 - rollout_corr/rollout_is_eff_sample_size:1.0 - rollout_corr/rollout_is_seq_mean:1.0 - rollout_corr/rollout_is_seq_std:0.0 - rollout_corr/rollout_is_seq_max:1.0 - rollout_corr/rollout_is_seq_min:1.0 - rollout_corr/rollout_is_seq_max_deviation:0.0 - rollout_corr/rollout_is_seq_fraction_high:0.0 - rollout_corr/rollout_is_seq_fraction_low:0.0 - rollout_corr/training_ppl:2.3451736525103852 - rollout_corr/training_log_ppl:0.6925750442251966 - rollout_corr/kl:0.05654501209485445 - rollout_corr/k3_kl:0.056329011082738904 - rollout_corr/rollout_ppl:2.159808257947097 - rollout_corr/rollout_log_ppl:0.6410822902076148 - rollout_corr/log_ppl_diff:0.05149275604619745 - rollout_corr/log_ppl_abs_diff:0.09309967686548024 - rollout_corr/log_ppl_diff_max:1.6251413822174072 - rollout_corr/log_ppl_diff_min:-0.6178632974624634 - rollout_corr/ppl_ratio:1.0701293965449206 - rollout_corr/chi2_token:0.1979981928661063 - rollout_corr/chi2_seq:393.0965330816201 - actor/pg_loss:0.009980445309035225 - actor/kl_loss:0.0 - actor/grpo_loss:0.0 - actor/vopd_loss:0.009980445309035225 - actor/vopd_loss_weighted:0.009980445309035225 - actor/policy_fallback_fraction:0.0 - self_distillation/raw_jsd_token_mean:0.010094803472826685 - self_distillation/weighted_jsd_token_mean:0.010094803472826685 - self_distillation/self_distillation_mask.mean():1.0 - self_distillation/num_distill_tokens:192.95945945945945 - self_distillation/empty_target_batch:0.0 - actor/grad_norm:0.4317440688610077 - timing_s/update_actor/student_forward:33.30049375537783 - timing_s/update_actor/teacher_forward:9.522000849246979 - timing_s/update_actor/loss_compute:0.03648768551647663 - timing_s/update_actor/backward:62.06294985860586 - timing_s/update_actor/optimizer_step:0.01581568643450737 - timing_s/update_actor/teacher_ema_update:1.1515491185709834 - perf/mfu/actor:0.15381323957622614 - perf/max_memory_allocated_gb:151.58445024490356 - perf/max_memory_reserved_gb:168.5234375 - perf/cpu_memory_used_gb:615.6096205711365 - actor/lr:2e-06 - training/global_step:32 - training/epoch:0 - response_length/mean:74.36978912353516 - response_length/max:1024.0 - response_length/min:2.0 - response_length/clip_ratio:0.010416666977107525 - response_length_non_aborted/mean:74.36978912353516 - response_length_non_aborted/max:1024.0 - response_length_non_aborted/min:2.0 - response_length_non_aborted/clip_ratio:0.010416666977107525 - response/aborted_ratio:0.0 - prompt_length/mean:3388.9375 - prompt_length/max:5949.0 - prompt_length/min:2425.0 - prompt_length/clip_ratio:0.0 - num_turns/min:2 - num_turns/max:2 - num_turns/mean:2.0 - timing_s/start_profile:2.374127507209778e-05 - timing_s/agent_loop/generate_sequences/min:6.645412169396877 - timing_s/agent_loop/generate_sequences/max:41.369144699536264 - timing_s/agent_loop/generate_sequences/mean:20.722083345773473 - timing_s/agent_loop/tool_calls/min:0.0 - timing_s/agent_loop/tool_calls/max:0.0 - timing_s/agent_loop/tool_calls/mean:0.0 - timing_s/agent_loop/slowest/generate_sequences:41.369144699536264 - timing_s/agent_loop/slowest/tool_calls:0.0 - timing_s/agent_loop/slowest/prompt_length:3989 - timing_s/agent_loop/slowest/response_length:1024 - timing_s/gen:132.48843569587916 - timing_s/adv:20.147237388417125 - timing_s/update_actor:191.17478657048196 - timing_s/dump_rollout_generations:0.563716584816575 - timing_s/step:344.57821368891746 - timing_s/stop_profile:2.7633272111415863e-05 - timing_per_token_ms/gen:2.319637854469486 - timing_per_token_ms/update_actor:0.07187508424272393 - timing_per_token_ms/adv:0.007574661965252207 - perf/total_num_tokens:2659820 - perf/time_per_step:344.57821368891746 - perf/throughput:964.8825340424978
[36m(TaskRunner pid=1871981)[0m Training Progress:  49%|████▉     | 32/65 [3:04:40<3:10:07, 345.67s/it]
[36m(TaskRunner pid=1871981)[0m Dumped generations to /inspire/hdd/global_user/mengweicheng-240108120092/lzy/projects/Dual-Track-OPD/third_party/Vision-OPD/rollouts/Vision-OPD-Qwen3.5-4B/33.jsonl
[36m(TaskRunner pid=1871981)[0m step:33 - global_seqlen/min:324205 - global_seqlen/max:346213 - global_seqlen/minmax_diff:22008 - global_seqlen/balanced_min:332868 - global_seqlen/balanced_max:332881 - global_seqlen/mean:332872.5 - self_distillation/teacher_always_on_fraction:1.0 - self_distillation/teacher_image_swap_fraction:1.0 - self_distillation/policy_fallback_fraction:0.0 - self_distillation/grpo_fallback_count:0.0 - rollout_corr/rollout_is_mean:1.0 - rollout_corr/rollout_is_ratio_fraction_high:0.0 - rollout_corr/rollout_is_ratio_fraction_low:0.0 - rollout_corr/rollout_is_max:1.0 - rollout_corr/rollout_is_min:1.0 - rollout_corr/rollout_is_std:0.0 - rollout_corr/rollout_is_eff_sample_size:1.0 - rollout_corr/rollout_is_seq_mean:1.0 - rollout_corr/rollout_is_seq_std:0.0 - rollout_corr/rollout_is_seq_max:1.0 - rollout_corr/rollout_is_seq_min:1.0 - rollout_corr/rollout_is_seq_max_deviation:0.0 - rollout_corr/rollout_is_seq_fraction_high:0.0 - rollout_corr/rollout_is_seq_fraction_low:0.0 - rollout_corr/training_ppl:2.6072900762429105 - rollout_corr/training_log_ppl:0.7687815530477344 - rollout_corr/kl:0.06523856787021647 - rollout_corr/k3_kl:0.0679308046992692 - rollout_corr/rollout_ppl:2.238422393798828 - rollout_corr/rollout_log_ppl:0.6912303342911843 - rollout_corr/log_ppl_diff:0.07755121969662346 - rollout_corr/log_ppl_abs_diff:0.10726002316191993 - rollout_corr/log_ppl_diff_max:1.8632363080978394 - rollout_corr/log_ppl_diff_min:-0.5494236946105957 - rollout_corr/ppl_ratio:1.1172703623368934 - rollout_corr/chi2_token:0.5590870259581385 - rollout_corr/chi2_seq:0.3266581306989128 - actor/pg_loss:0.010821601610587095 - actor/kl_loss:0.0 - actor/grpo_loss:0.0 - actor/vopd_loss:0.010821601610587095 - actor/vopd_loss_weighted:0.010821601610587095 - actor/policy_fallback_fraction:0.0 - self_distillation/raw_jsd_token_mean:0.011029863925147298 - self_distillation/weighted_jsd_token_mean:0.011029863925147298 - self_distillation/self_distillation_mask.mean():1.0 - self_distillation/num_distill_tokens:167.93243243243245 - self_distillation/empty_target_batch:0.0 - actor/grad_norm:0.4303419589996338 - timing_s/update_actor/student_forward:30.78943938575685 - timing_s/update_actor/teacher_forward:9.232107413001359 - timing_s/update_actor/loss_compute:0.04972463101148605 - timing_s/update_actor/backward:61.141108707524836 - timing_s/update_actor/optimizer_step:0.01451040618121624 - timing_s/update_actor/teacher_ema_update:0.8557609422132373 - perf/mfu/actor:0.15999006723943782 - perf/max_memory_allocated_gb:151.58445024490356 - perf/max_memory_reserved_gb:168.5234375 - perf/cpu_memory_used_gb:617.054473400116 - actor/lr:2e-06 - training/global_step:33 - training/epoch:0 - response_length/mean:64.72396087646484 - response_length/max:1024.0 - response_length/min:2.0 - response_length/clip_ratio:0.0026041667442768812 - response_length_non_aborted/mean:64.72396087646484 - response_length_non_aborted/max:1024.0 - response_length_non_aborted/min:2.0 - response_length_non_aborted/clip_ratio:0.0026041667442768812 - response/aborted_ratio:0.0 - prompt_length/mean:3402.697998046875 - prompt_length/max:5349.0 - prompt_length/min:2707.0 - prompt_length/clip_ratio:0.0 - num_turns/min:2 - num_turns/max:2 - num_turns/mean:2.0 - timing_s/start_profile:2.5187619030475616e-05 - timing_s/agent_loop/generate_sequences/min:9.735167122446 - timing_s/agent_loop/generate_sequences/max:40.17493965290487 - timing_s/agent_loop/generate_sequences/mean:20.70397014830208 - timing_s/agent_loop/tool_calls/min:0.0 - timing_s/agent_loop/tool_calls/max:0.0 - timing_s/agent_loop/tool_calls/mean:0.0 - timing_s/agent_loop/slowest/generate_sequences:40.17493965290487 - timing_s/agent_loop/slowest/tool_calls:0.0 - timing_s/agent_loop/slowest/prompt_length:3366 - timing_s/agent_loop/slowest/response_length:639 - timing_s/gen:127.56848337873816 - timing_s/adv:21.505305219441652 - timing_s/update_actor:192.63344807270914 - timing_s/dump_rollout_generations:0.584514862857759 - timing_s/step:342.4999788021669 - timing_s/stop_profile:3.456976264715195e-05 - timing_per_token_ms/gen:2.5663571935853016 - timing_per_token_ms/update_actor:0.07233754968971196 - timing_per_token_ms/adv:0.00807565404901338 - perf/total_num_tokens:2662980 - perf/time_per_step:342.4999788021669 - perf/throughput:971.8905711006544
[36m(TaskRunner pid=1871981)[0m Training Progress:  51%|█████     | 33/65 [3:10:25<3:04:14, 345.44s/it]
[36m(TaskRunner pid=1871981)[0m Dumped generations to /inspire/hdd/global_user/mengweicheng-240108120092/lzy/projects/Dual-Track-OPD/third_party/Vision-OPD/rollouts/Vision-OPD-Qwen3.5-4B/34.jsonl
[36m(TaskRunner pid=1871981)[0m step:34 - global_seqlen/min:323492 - global_seqlen/max:335964 - global_seqlen/minmax_diff:12472 - global_seqlen/balanced_min:328460 - global_seqlen/balanced_max:328493 - global_seqlen/mean:328477.625 - self_distillation/teacher_always_on_fraction:1.0 - self_distillation/teacher_image_swap_fraction:1.0 - self_distillation/policy_fallback_fraction:0.0 - self_distillation/grpo_fallback_count:0.0 - rollout_corr/rollout_is_mean:1.0 - rollout_corr/rollout_is_ratio_fraction_high:0.0 - rollout_corr/rollout_is_ratio_fraction_low:0.0 - rollout_corr/rollout_is_max:1.0 - rollout_corr/rollout_is_min:1.0 - rollout_corr/rollout_is_std:0.0 - rollout_corr/rollout_is_eff_sample_size:1.0 - rollout_corr/rollout_is_seq_mean:1.0 - rollout_corr/rollout_is_seq_std:0.0 - rollout_corr/rollout_is_seq_max:1.0 - rollout_corr/rollout_is_seq_min:1.0 - rollout_corr/rollout_is_seq_max_deviation:0.0 - rollout_corr/rollout_is_seq_fraction_high:0.0 - rollout_corr/rollout_is_seq_fraction_low:0.0 - rollout_corr/training_ppl:2.8032948474089308 - rollout_corr/training_log_ppl:0.7589993172118233 - rollout_corr/kl:0.06703395797810824 - rollout_corr/k3_kl:0.0669461584594602 - rollout_corr/rollout_ppl:2.1764041756590204 - rollout_corr/rollout_log_ppl:0.6694152821890182 - rollout_corr/log_ppl_diff:0.08958403368524159 - rollout_corr/log_ppl_abs_diff:0.11994551815183108 - rollout_corr/log_ppl_diff_max:2.329655170440674 - rollout_corr/log_ppl_diff_min:-0.5657922029495239 - rollout_corr/ppl_ratio:1.151608876263102 - rollout_corr/chi2_token:0.30590151498715085 - rollout_corr/chi2_seq:0.5603976133796904 - actor/pg_loss:0.008592055844625673 - actor/kl_loss:0.0 - actor/grpo_loss:0.0 - actor/vopd_loss:0.008592055844625673 - actor/vopd_loss_weighted:0.008592055844625673 - actor/policy_fallback_fraction:0.0 - self_distillation/raw_jsd_token_mean:0.008579807807917757 - self_distillation/weighted_jsd_token_mean:0.008579807807917757 - self_distillation/self_distillation_mask.mean():1.0 - self_distillation/num_distill_tokens:209.2951388888889 - self_distillation/empty_target_batch:0.0 - actor/grad_norm:0.42465922236442566 - timing_s/update_actor/student_forward:30.25762642826885 - timing_s/update_actor/teacher_forward:9.958055475726724 - timing_s/update_actor/loss_compute:0.03488498646765947 - timing_s/update_actor/backward:60.09203160367906 - timing_s/update_actor/optimizer_step:0.014723395928740501 - timing_s/update_actor/teacher_ema_update:0.932139259763062 - perf/mfu/actor:0.15803931200795435 - perf/max_memory_allocated_gb:151.58445024490356 - perf/max_memory_reserved_gb:168.5234375 - perf/cpu_memory_used_gb:613.9915342330933 - actor/lr:2e-06 - training/global_step:34 - training/epoch:0 - response_length/mean:78.48567962646484 - response_length/max:1024.0 - response_length/min:2.0 - response_length/clip_ratio:0.014322916977107525 - response_length_non_aborted/mean:78.48567962646484 - response_length_non_aborted/max:1024.0 - response_length_non_aborted/min:2.0 - response_length_non_aborted/clip_ratio:0.014322916977107525 - response/aborted_ratio:0.0 - prompt_length/mean:3343.15625 - prompt_length/max:4169.0 - prompt_length/min:2423.0 - prompt_length/clip_ratio:0.0 - num_turns/min:2 - num_turns/max:2 - num_turns/mean:2.0 - timing_s/start_profile:2.3514963686466217e-05 - timing_s/agent_loop/generate_sequences/min:8.116050227545202 - timing_s/agent_loop/generate_sequences/max:40.08785217255354 - timing_s/agent_loop/generate_sequences/mean:20.166473985973425 - timing_s/agent_loop/tool_calls/min:0.0 - timing_s/agent_loop/tool_calls/max:0.0 - timing_s/agent_loop/tool_calls/mean:0.0 - timing_s/agent_loop/slowest/generate_sequences:40.08785217255354 - timing_s/agent_loop/slowest/tool_calls:0.0 - timing_s/agent_loop/slowest/prompt_length:3367 - timing_s/agent_loop/slowest/response_length:1024 - timing_s/gen:121.84930746164173 - timing_s/adv:25.14373209979385 - timing_s/update_actor:186.2878800490871 - timing_s/dump_rollout_generations:0.5670275939628482 - timing_s/step:334.04908980894834 - timing_s/stop_profile:3.706756979227066e-05 - timing_per_token_ms/gen:2.021489248994504 - timing_per_token_ms/update_actor:0.07089062765275378 - timing_per_token_ms/adv:0.009568281895834554 - perf/total_num_tokens:2627821 - perf/time_per_step:334.04908980894834 - perf/throughput:983.3214189802618
[36m(TaskRunner pid=1871981)[0m Training Progress:  52%|█████▏    | 34/65 [3:16:01<2:57:04, 342.73s/it]
[36m(TaskRunner pid=1871981)[0m Dumped generations to /inspire/hdd/global_user/mengweicheng-240108120092/lzy/projects/Dual-Track-OPD/third_party/Vision-OPD/rollouts/Vision-OPD-Qwen3.5-4B/35.jsonl
[36m(TaskRunner pid=1871981)[0m step:35 - global_seqlen/min:321224 - global_seqlen/max:339437 - global_seqlen/minmax_diff:18213 - global_seqlen/balanced_min:327547 - global_seqlen/balanced_max:327566 - global_seqlen/mean:327558.5 - self_distillation/teacher_always_on_fraction:1.0 - self_distillation/teacher_image_swap_fraction:1.0 - self_distillation/policy_fallback_fraction:0.0 - self_distillation/grpo_fallback_count:0.0 - rollout_corr/rollout_is_mean:1.0 - rollout_corr/rollout_is_ratio_fraction_high:0.0 - rollout_corr/rollout_is_ratio_fraction_low:0.0 - rollout_corr/rollout_is_max:1.0 - rollout_corr/rollout_is_min:1.0 - rollout_corr/rollout_is_std:0.0 - rollout_corr/rollout_is_eff_sample_size:1.0 - rollout_corr/rollout_is_seq_mean:1.0 - rollout_corr/rollout_is_seq_std:0.0 - rollout_corr/rollout_is_seq_max:1.0 - rollout_corr/rollout_is_seq_min:1.0 - rollout_corr/rollout_is_seq_max_deviation:0.0 - rollout_corr/rollout_is_seq_fraction_high:0.0 - rollout_corr/rollout_is_seq_fraction_low:0.0 - rollout_corr/training_ppl:5.68522907503777 - rollout_corr/training_log_ppl:0.8028705653010143 - rollout_corr/kl:0.06818090132502322 - rollout_corr/k3_kl:0.06343116999636955 - rollout_corr/rollout_ppl:4.758686619500319 - rollout_corr/rollout_log_ppl:0.6830780570809212 - rollout_corr/log_ppl_diff:0.11979250825808979 - rollout_corr/log_ppl_abs_diff:0.13932231380668883 - rollout_corr/log_ppl_diff_max:2.3222203254699707 - rollout_corr/log_ppl_diff_min:-0.5621300935745239 - rollout_corr/ppl_ratio:1.2309014486769834 - rollout_corr/chi2_token:0.29389426940017277 - rollout_corr/chi2_seq:0.16937003802094192 - actor/pg_loss:0.009355281260013726 - actor/kl_loss:0.0 - actor/grpo_loss:0.0 - actor/vopd_loss:0.009355281260013726 - actor/vopd_loss_weighted:0.009355281260013726 - actor/policy_fallback_fraction:0.0 - self_distillation/raw_jsd_token_mean:0.009294926768133236 - self_distillation/weighted_jsd_token_mean:0.009294926768133236 - self_distillation/self_distillation_mask.mean():1.0 - self_distillation/num_distill_tokens:179.90277777777777 - self_distillation/empty_target_batch:0.0 - actor/grad_norm:0.3908020853996277 - timing_s/update_actor/student_forward:30.233926682733 - timing_s/update_actor/teacher_forward:10.64555982593447 - timing_s/update_actor/loss_compute:0.03388986550271511 - timing_s/update_actor/backward:59.5987251419574 - timing_s/update_actor/optimizer_step:0.015043663792312145 - timing_s/update_actor/teacher_ema_update:1.0656450437381864 - perf/mfu/actor:0.15729806129001714 - perf/max_memory_allocated_gb:151.58445024490356 - perf/max_memory_reserved_gb:168.5234375 - perf/cpu_memory_used_gb:613.3499369621277 - actor/lr:2e-06 - training/global_step:35 - training/epoch:0 - response_length/mean:67.46353912353516 - response_length/max:1024.0 - response_length/min:2.0 - response_length/clip_ratio:0.0078125 - response_length_non_aborted/mean:67.46353912353516 - response_length_non_aborted/max:1024.0 - response_length_non_aborted/min:2.0 - response_length_non_aborted/clip_ratio:0.0078125 - response/aborted_ratio:0.0 - prompt_length/mean:3344.604248046875 - prompt_length/max:4496.0 - prompt_length/min:2377.0 - prompt_length/clip_ratio:0.0 - num_turns/min:2 - num_turns/max:2 - num_turns/mean:2.0 - timing_s/start_profile:4.817452281713486e-05 - timing_s/agent_loop/generate_sequences/min:9.711697960272431 - timing_s/agent_loop/generate_sequences/max:38.46035018097609 - timing_s/agent_loop/generate_sequences/mean:20.616587253589387 - timing_s/agent_loop/tool_calls/min:0.0 - timing_s/agent_loop/tool_calls/max:0.0 - timing_s/agent_loop/tool_calls/mean:0.0 - timing_s/agent_loop/slowest/generate_sequences:38.46035018097609 - timing_s/agent_loop/slowest/tool_calls:0.0 - timing_s/agent_loop/slowest/prompt_length:3376 - timing_s/agent_loop/slowest/response_length:695 - timing_s/gen:123.19454281125218 - timing_s/adv:24.082496251910925 - timing_s/update_actor:189.5421871347353 - timing_s/dump_rollout_generations:0.5866087479516864 - timing_s/step:337.59308553207666 - timing_s/stop_profile:3.847293555736542e-05 - timing_per_token_ms/gen:2.3777222035677483 - timing_per_token_ms/update_actor:0.07233142596465032 - timing_per_token_ms/adv:0.009190150863094274 - perf/total_num_tokens:2620468 - perf/time_per_step:337.59308553207666 - perf/throughput:970.276092840405
[36m(TaskRunner pid=1871981)[0m Training Progress:  54%|█████▍    | 35/65 [3:21:41<2:50:56, 341.89s/it]
[36m(TaskRunner pid=1871981)[0m Dumped generations to /inspire/hdd/global_user/mengweicheng-240108120092/lzy/projects/Dual-Track-OPD/third_party/Vision-OPD/rollouts/Vision-OPD-Qwen3.5-4B/36.jsonl
[36m(TaskRunner pid=1871981)[0m step:36 - global_seqlen/min:317552 - global_seqlen/max:340770 - global_seqlen/minmax_diff:23218 - global_seqlen/balanced_min:328501 - global_seqlen/balanced_max:328514 - global_seqlen/mean:328506.75 - self_distillation/teacher_always_on_fraction:1.0 - self_distillation/teacher_image_swap_fraction:1.0 - self_distillation/policy_fallback_fraction:0.0 - self_distillation/grpo_fallback_count:0.0 - rollout_corr/rollout_is_mean:1.0 - rollout_corr/rollout_is_ratio_fraction_high:0.0 - rollout_corr/rollout_is_ratio_fraction_low:0.0 - rollout_corr/rollout_is_max:1.0 - rollout_corr/rollout_is_min:1.0 - rollout_corr/rollout_is_std:0.0 - rollout_corr/rollout_is_eff_sample_size:1.0 - rollout_corr/rollout_is_seq_mean:1.0 - rollout_corr/rollout_is_seq_std:0.0 - rollout_corr/rollout_is_seq_max:1.0 - rollout_corr/rollout_is_seq_min:1.0 - rollout_corr/rollout_is_seq_max_deviation:0.0 - rollout_corr/rollout_is_seq_fraction_high:0.0 - rollout_corr/rollout_is_seq_fraction_low:0.0 - rollout_corr/training_ppl:2.7675685704582267 - rollout_corr/training_log_ppl:0.7579128852424522 - rollout_corr/kl:0.06494342507009301 - rollout_corr/k3_kl:0.07236272259837682 - rollout_corr/rollout_ppl:2.1478357546859312 - rollout_corr/rollout_log_ppl:0.6752971331071522 - rollout_corr/log_ppl_diff:0.08261574906403743 - rollout_corr/log_ppl_abs_diff:0.1122355288437878 - rollout_corr/log_ppl_diff_max:2.159923791885376 - rollout_corr/log_ppl_diff_min:-0.5169150829315186 - rollout_corr/ppl_ratio:1.1485091193268697 - rollout_corr/chi2_token:2.2043693413337073 - rollout_corr/chi2_seq:3.74627719550497 - actor/pg_loss:0.00874813663297876 - actor/kl_loss:0.0 - actor/grpo_loss:0.0 - actor/vopd_loss:0.00874813663297876 - actor/vopd_loss_weighted:0.00874813663297876 - actor/policy_fallback_fraction:0.0 - self_distillation/raw_jsd_token_mean:0.008708329951332416 - self_distillation/weighted_jsd_token_mean:0.008708329951332416 - self_distillation/self_distillation_mask.mean():1.0 - self_distillation/num_distill_tokens:206.54861111111111 - self_distillation/empty_target_batch:0.0 - actor/grad_norm:0.4404877722263336 - timing_s/update_actor/student_forward:29.4254843685776 - timing_s/update_actor/teacher_forward:9.006835173815489 - timing_s/update_actor/loss_compute:0.03460630401968956 - timing_s/update_actor/backward:59.52331402897835 - timing_s/update_actor/optimizer_step:0.014979228377342224 - timing_s/update_actor/teacher_ema_update:0.9062846414744854 - perf/mfu/actor:0.16101478534767866 - perf/max_memory_allocated_gb:151.58445024490356 - perf/max_memory_reserved_gb:168.5234375 - perf/cpu_memory_used_gb:614.9759044647217 - actor/lr:2e-06 - training/global_step:36 - training/epoch:0 - response_length/mean:77.45572662353516 - response_length/max:1024.0 - response_length/min:2.0 - response_length/clip_ratio:0.0052083334885537624 - response_length_non_aborted/mean:77.45572662353516 - response_length_non_aborted/max:1024.0 - response_length_non_aborted/min:2.0 - response_length_non_aborted/clip_ratio:0.0052083334885537624 - response/aborted_ratio:0.0 - prompt_length/mean:3344.489501953125 - prompt_length/max:3980.0 - prompt_length/min:2471.0 - prompt_length/clip_ratio:0.0 - num_turns/min:2 - num_turns/max:2 - num_turns/mean:2.0 - timing_s/start_profile:4.872959107160568e-05 - timing_s/agent_loop/generate_sequences/min:7.787593393586576 - timing_s/agent_loop/generate_sequences/max:39.017627416178584 - timing_s/agent_loop/generate_sequences/mean:19.991898443901544 - timing_s/agent_loop/tool_calls/min:0.0 - timing_s/agent_loop/tool_calls/max:0.0 - timing_s/agent_loop/tool_calls/mean:0.0 - timing_s/agent_loop/slowest/generate_sequences:39.017627416178584 - timing_s/agent_loop/slowest/tool_calls:0.0 - timing_s/agent_loop/slowest/prompt_length:3370 - timing_s/agent_loop/slowest/response_length:1020 - timing_s/gen:122.48296469449997 - timing_s/adv:19.463717742823064 - timing_s/update_actor:181.52695050276816 - timing_s/dump_rollout_generations:1.7708671912550926 - timing_s/step:325.4597117751837 - timing_s/stop_profile:2.7696602046489716e-05 - timing_per_token_ms/gen:2.0590216974498197 - timing_per_token_ms/update_actor:0.06907276277533421 - timing_per_token_ms/adv:0.007406133109450211 - perf/total_num_tokens:2628054 - perf/time_per_step:325.4597117751837 - perf/throughput:1009.3622593352541
[36m(TaskRunner pid=1871981)[0m Training Progress:  55%|█████▌    | 36/65 [3:27:09<2:43:11, 337.65s/it]
[36m(TaskRunner pid=1871981)[0m Dumped generations to /inspire/hdd/global_user/mengweicheng-240108120092/lzy/projects/Dual-Track-OPD/third_party/Vision-OPD/rollouts/Vision-OPD-Qwen3.5-4B/37.jsonl
[36m(TaskRunner pid=1871981)[0m step:37 - global_seqlen/min:321130 - global_seqlen/max:340545 - global_seqlen/minmax_diff:19415 - global_seqlen/balanced_min:328439 - global_seqlen/balanced_max:328496 - global_seqlen/mean:328478.875 - self_distillation/teacher_always_on_fraction:1.0 - self_distillation/teacher_image_swap_fraction:1.0 - self_distillation/policy_fallback_fraction:0.0 - self_distillation/grpo_fallback_count:0.0 - rollout_corr/rollout_is_mean:1.0 - rollout_corr/rollout_is_ratio_fraction_high:0.0 - rollout_corr/rollout_is_ratio_fraction_low:0.0 - rollout_corr/rollout_is_max:1.0 - rollout_corr/rollout_is_min:1.0 - rollout_corr/rollout_is_std:0.0 - rollout_corr/rollout_is_eff_sample_size:1.0 - rollout_corr/rollout_is_seq_mean:1.0 - rollout_corr/rollout_is_seq_std:0.0 - rollout_corr/rollout_is_seq_max:1.0 - rollout_corr/rollout_is_seq_min:1.0 - rollout_corr/rollout_is_seq_max_deviation:0.0 - rollout_corr/rollout_is_seq_fraction_high:0.0 - rollout_corr/rollout_is_seq_fraction_low:0.0 - rollout_corr/training_ppl:3.2990300535327854 - rollout_corr/training_log_ppl:0.7413047435176041 - rollout_corr/kl:0.06961732741137894 - rollout_corr/k3_kl:0.0702909121397776 - rollout_corr/rollout_ppl:2.189871013578441 - rollout_corr/rollout_log_ppl:0.6550387122357886 - rollout_corr/log_ppl_diff:0.08626603145441752 - rollout_corr/log_ppl_abs_diff:0.11146332540213028 - rollout_corr/log_ppl_diff_max:3.0934743881225586 - rollout_corr/log_ppl_diff_min:-0.8342247009277344 - rollout_corr/ppl_ratio:1.189398783776495 - rollout_corr/chi2_token:0.6425390731957223 - rollout_corr/chi2_seq:4.185962612844175 - actor/pg_loss:0.008792455971312544 - actor/kl_loss:0.0 - actor/grpo_loss:0.0 - actor/vopd_loss:0.008792455971312544 - actor/vopd_loss_weighted:0.008792455971312544 - actor/policy_fallback_fraction:0.0 - self_distillation/raw_jsd_token_mean:0.008735597088363849 - self_distillation/weighted_jsd_token_mean:0.008735597088363849 - self_distillation/self_distillation_mask.mean():1.0 - self_distillation/num_distill_tokens:205.63541666666666 - self_distillation/empty_target_batch:0.0 - actor/grad_norm:0.5345646142959595 - timing_s/update_actor/student_forward:28.700231523253024 - timing_s/update_actor/teacher_forward:10.1921511804685 - timing_s/update_actor/loss_compute:0.054331762716174126 - timing_s/update_actor/backward:60.18731587007642 - timing_s/update_actor/optimizer_step:0.01433652825653553 - timing_s/update_actor/teacher_ema_update:0.872112674638629 - perf/mfu/actor:0.15889508443354683 - perf/max_memory_allocated_gb:151.58445024490356 - perf/max_memory_reserved_gb:168.5234375 - perf/cpu_memory_used_gb:614.9431390762329 - actor/lr:2e-06 - training/global_step:37 - training/epoch:0 - response_length/mean:77.11328125 - response_length/max:1024.0 - response_length/min:2.0 - response_length/clip_ratio:0.009114583022892475 - response_length_non_aborted/mean:77.11328125 - response_length_non_aborted/max:1024.0 - response_length_non_aborted/min:2.0 - response_length_non_aborted/clip_ratio:0.009114583022892475 - response/aborted_ratio:0.0 - prompt_length/mean:3344.541748046875 - prompt_length/max:4030.0 - prompt_length/min:2282.0 - prompt_length/clip_ratio:0.0 - num_turns/min:2 - num_turns/max:2 - num_turns/mean:2.0 - timing_s/start_profile:2.4257227778434753e-05 - timing_s/agent_loop/generate_sequences/min:7.690351827070117 - timing_s/agent_loop/generate_sequences/max:38.69492933060974 - timing_s/agent_loop/generate_sequences/mean:20.685974391382235 - timing_s/agent_loop/tool_calls/min:0.0 - timing_s/agent_loop/tool_calls/max:0.0 - timing_s/agent_loop/tool_calls/mean:0.0 - timing_s/agent_loop/slowest/generate_sequences:38.69492933060974 - timing_s/agent_loop/slowest/tool_calls:0.0 - timing_s/agent_loop/slowest/prompt_length:4030 - timing_s/agent_loop/slowest/response_length:738 - timing_s/gen:122.74297034461051 - timing_s/adv:26.7210234683007 - timing_s/update_actor:184.10161814279854 - timing_s/dump_rollout_generations:0.5484681213274598 - timing_s/step:334.3023057030514 - timing_s/stop_profile:3.099068999290466e-05 - timing_per_token_ms/gen:2.0725557696268426 - timing_per_token_ms/update_actor:0.07005839345939618 - timing_per_token_ms/adv:0.010168471057804211 - perf/total_num_tokens:2627831 - perf/time_per_step:334.3023057030514 - perf/throughput:982.5803453828879
[36m(TaskRunner pid=1871981)[0m Training Progress:  57%|█████▋    | 37/65 [3:32:46<2:37:26, 337.36s/it]
[36m(TaskRunner pid=1871981)[0m Dumped generations to /inspire/hdd/global_user/mengweicheng-240108120092/lzy/projects/Dual-Track-OPD/third_party/Vision-OPD/rollouts/Vision-OPD-Qwen3.5-4B/38.jsonl
[36m(TaskRunner pid=1871981)[0m step:38 - global_seqlen/min:315931 - global_seqlen/max:349984 - global_seqlen/minmax_diff:34053 - global_seqlen/balanced_min:332840 - global_seqlen/balanced_max:332872 - global_seqlen/mean:332851.875 - self_distillation/teacher_always_on_fraction:1.0 - self_distillation/teacher_image_swap_fraction:1.0 - self_distillation/policy_fallback_fraction:0.0 - self_distillation/grpo_fallback_count:0.0 - rollout_corr/rollout_is_mean:1.0 - rollout_corr/rollout_is_ratio_fraction_high:0.0 - rollout_corr/rollout_is_ratio_fraction_low:0.0 - rollout_corr/rollout_is_max:1.0 - rollout_corr/rollout_is_min:1.0 - rollout_corr/rollout_is_std:0.0 - rollout_corr/rollout_is_eff_sample_size:1.0 - rollout_corr/rollout_is_seq_mean:1.0 - rollout_corr/rollout_is_seq_std:0.0 - rollout_corr/rollout_is_seq_max:1.0 - rollout_corr/rollout_is_seq_min:1.0 - rollout_corr/rollout_is_seq_max_deviation:0.0 - rollout_corr/rollout_is_seq_fraction_high:0.0 - rollout_corr/rollout_is_seq_fraction_low:0.0 - rollout_corr/training_ppl:2.803354775986156 - rollout_corr/training_log_ppl:0.7504139342722861 - rollout_corr/kl:0.05941410378666758 - rollout_corr/k3_kl:0.053282626729088484 - rollout_corr/rollout_ppl:2.3005368906903914 - rollout_corr/rollout_log_ppl:0.6566711845430168 - rollout_corr/log_ppl_diff:0.09374275197675358 - rollout_corr/log_ppl_abs_diff:0.10906886157101472 - rollout_corr/log_ppl_diff_max:1.7567297220230103 - rollout_corr/log_ppl_diff_min:-0.38272809982299805 - rollout_corr/ppl_ratio:1.1371324855733564 - rollout_corr/chi2_token:0.2091050880986291 - rollout_corr/chi2_seq:18.235542860184168 - actor/pg_loss:0.008633279890091217 - actor/kl_loss:0.0 - actor/grpo_loss:0.0 - actor/vopd_loss:0.008633279890091217 - actor/vopd_loss_weighted:0.008633279890091217 - actor/policy_fallback_fraction:0.0 - self_distillation/raw_jsd_token_mean:0.008332746071155762 - self_distillation/weighted_jsd_token_mean:0.008332746071155762 - self_distillation/self_distillation_mask.mean():1.0 - self_distillation/num_distill_tokens:221.91554054054055 - self_distillation/empty_target_batch:0.0 - actor/grad_norm:0.3097761273384094 - timing_s/update_actor/student_forward:33.03800496738404 - timing_s/update_actor/teacher_forward:9.859582097269595 - timing_s/update_actor/loss_compute:0.09113897755742073 - timing_s/update_actor/backward:63.178354976698756 - timing_s/update_actor/optimizer_step:0.014451936818659306 - timing_s/update_actor/teacher_ema_update:0.8479240899905562 - perf/mfu/actor:0.15307645852286628 - perf/max_memory_allocated_gb:151.58445024490356 - perf/max_memory_reserved_gb:168.5234375 - perf/cpu_memory_used_gb:617.7864327430725 - actor/lr:2e-06 - training/global_step:38 - training/epoch:0 - response_length/mean:85.52994537353516 - response_length/max:1024.0 - response_length/min:2.0 - response_length/clip_ratio:0.01171875 - response_length_non_aborted/mean:85.52994537353516 - response_length_non_aborted/max:1024.0 - response_length_non_aborted/min:2.0 - response_length_non_aborted/clip_ratio:0.01171875 - response/aborted_ratio:0.0 - prompt_length/mean:3381.677001953125 - prompt_length/max:7032.0 - prompt_length/min:2291.0 - prompt_length/clip_ratio:0.0 - num_turns/min:2 - num_turns/max:2 - num_turns/mean:2.0 - timing_s/start_profile:2.3671425879001617e-05 - timing_s/agent_loop/generate_sequences/min:7.791532886214554 - timing_s/agent_loop/generate_sequences/max:40.65040405280888 - timing_s/agent_loop/generate_sequences/mean:20.5550704516354 - timing_s/agent_loop/tool_calls/min:0.0 - timing_s/agent_loop/tool_calls/max:0.0 - timing_s/agent_loop/tool_calls/mean:0.0 - timing_s/agent_loop/slowest/generate_sequences:40.65040405280888 - timing_s/agent_loop/slowest/tool_calls:0.0 - timing_s/agent_loop/slowest/prompt_length:3362 - timing_s/agent_loop/slowest/response_length:214 - timing_s/gen:124.70662954356521 - timing_s/adv:23.123970392160118 - timing_s/update_actor:188.58026966825128 - timing_s/dump_rollout_generations:0.5788055118173361 - timing_s/step:337.1894680475816 - timing_s/stop_profile:3.0492432415485382e-05 - timing_per_token_ms/gen:1.8984978693434806 - timing_per_token_ms/update_actor:0.07081989160653342 - timing_per_token_ms/adv:0.008684031895629293 - perf/total_num_tokens:2662815 - perf/time_per_step:337.1894680475816 - perf/throughput:987.1360363872055
[36m(TaskRunner pid=1871981)[0m Training Progress:  58%|█████▊    | 38/65 [3:38:25<2:32:05, 338.00s/it]
[36m(TaskRunner pid=1871981)[0m Dumped generations to /inspire/hdd/global_user/mengweicheng-240108120092/lzy/projects/Dual-Track-OPD/third_party/Vision-OPD/rollouts/Vision-OPD-Qwen3.5-4B/39.jsonl
[36m(TaskRunner pid=1871981)[0m step:39 - global_seqlen/min:311324 - global_seqlen/max:342064 - global_seqlen/minmax_diff:30740 - global_seqlen/balanced_min:327504 - global_seqlen/balanced_max:327523 - global_seqlen/mean:327512.0 - self_distillation/teacher_always_on_fraction:1.0 - self_distillation/teacher_image_swap_fraction:1.0 - self_distillation/policy_fallback_fraction:0.0 - self_distillation/grpo_fallback_count:0.0 - rollout_corr/rollout_is_mean:1.0 - rollout_corr/rollout_is_ratio_fraction_high:0.0 - rollout_corr/rollout_is_ratio_fraction_low:0.0 - rollout_corr/rollout_is_max:1.0 - rollout_corr/rollout_is_min:1.0 - rollout_corr/rollout_is_std:0.0 - rollout_corr/rollout_is_eff_sample_size:1.0 - rollout_corr/rollout_is_seq_mean:1.0 - rollout_corr/rollout_is_seq_std:0.0 - rollout_corr/rollout_is_seq_max:1.0 - rollout_corr/rollout_is_seq_min:1.0 - rollout_corr/rollout_is_seq_max_deviation:0.0 - rollout_corr/rollout_is_seq_fraction_high:0.0 - rollout_corr/rollout_is_seq_fraction_low:0.0 - rollout_corr/training_ppl:2.8655512572990522 - rollout_corr/training_log_ppl:0.7673159830479159 - rollout_corr/kl:0.06502114387553269 - rollout_corr/k3_kl:0.06279435140327727 - rollout_corr/rollout_ppl:2.2799360098110304 - rollout_corr/rollout_log_ppl:0.6903390950626798 - rollout_corr/log_ppl_diff:0.0769768896878102 - rollout_corr/log_ppl_abs_diff:0.10985166232179229 - rollout_corr/log_ppl_diff_max:1.9675973653793335 - rollout_corr/log_ppl_diff_min:-0.5272543430328369 - rollout_corr/ppl_ratio:1.121782224625349 - rollout_corr/chi2_token:0.2814739464471737 - rollout_corr/chi2_seq:0.32756047364738256 - actor/pg_loss:0.008758854916474473 - actor/kl_loss:0.0 - actor/grpo_loss:0.0 - actor/vopd_loss:0.008758854916474473 - actor/vopd_loss_weighted:0.008758854916474473 - actor/policy_fallback_fraction:0.0 - self_distillation/raw_jsd_token_mean:0.008695054976770835 - self_distillation/weighted_jsd_token_mean:0.008695054976770835 - self_distillation/self_distillation_mask.mean():1.0 - self_distillation/num_distill_tokens:213.5 - self_distillation/empty_target_batch:0.0 - actor/grad_norm:0.41365498304367065 - timing_s/update_actor/student_forward:28.83686615806073 - timing_s/update_actor/teacher_forward:8.251930536702275 - timing_s/update_actor/loss_compute:0.06418223679065704 - timing_s/update_actor/backward:60.2755199437961 - timing_s/update_actor/optimizer_step:0.014986843802034855 - timing_s/update_actor/teacher_ema_update:1.413328849710524 - perf/mfu/actor:0.16015778006778744 - perf/max_memory_allocated_gb:151.58445024490356 - perf/max_memory_reserved_gb:168.5234375 - perf/cpu_memory_used_gb:615.3033418655396 - actor/lr:2e-06 - training/global_step:39 - training/epoch:0 - response_length/mean:80.0625 - response_length/max:1024.0 - response_length/min:2.0 - response_length/clip_ratio:0.0078125 - response_length_non_aborted/mean:80.0625 - response_length_non_aborted/max:1024.0 - response_length_non_aborted/min:2.0 - response_length_non_aborted/clip_ratio:0.0078125 - response/aborted_ratio:0.0 - prompt_length/mean:3331.520751953125 - prompt_length/max:4025.0 - prompt_length/min:2294.0 - prompt_length/clip_ratio:0.0 - num_turns/min:2 - num_turns/max:2 - num_turns/mean:2.0 - timing_s/start_profile:2.480391412973404e-05 - timing_s/agent_loop/generate_sequences/min:8.657291185110807 - timing_s/agent_loop/generate_sequences/max:39.80538165848702 - timing_s/agent_loop/generate_sequences/mean:20.49211321447001 - timing_s/agent_loop/tool_calls/min:0.0 - timing_s/agent_loop/tool_calls/max:0.0 - timing_s/agent_loop/tool_calls/mean:0.0 - timing_s/agent_loop/slowest/generate_sequences:39.80538165848702 - timing_s/agent_loop/slowest/tool_calls:0.0 - timing_s/agent_loop/slowest/prompt_length:3362 - timing_s/agent_loop/slowest/response_length:661 - timing_s/gen:122.86909563280642 - timing_s/adv:20.18361998256296 - timing_s/update_actor:176.73630610201508 - timing_s/dump_rollout_generations:0.5554471462965012 - timing_s/step:320.5414845868945 - timing_s/stop_profile:3.1925737857818604e-05 - timing_per_token_ms/gen:1.9982613783633623 - timing_per_token_ms/update_actor:0.06745413378060006 - timing_per_token_ms/adv:0.007703389487470291 - perf/total_num_tokens:2620096 - perf/time_per_step:320.5414845868945 - perf/throughput:1021.7460632968894
[36m(TaskRunner pid=1871981)[0m Training Progress:  60%|██████    | 39/65 [3:43:48<2:24:30, 333.47s/it]
[36m(TaskRunner pid=1871981)[0m Dumped generations to /inspire/hdd/global_user/mengweicheng-240108120092/lzy/projects/Dual-Track-OPD/third_party/Vision-OPD/rollouts/Vision-OPD-Qwen3.5-4B/40.jsonl
[36m(TaskRunner pid=1871981)[0m step:40 - global_seqlen/min:322500 - global_seqlen/max:366361 - global_seqlen/minmax_diff:43861 - global_seqlen/balanced_min:333456 - global_seqlen/balanced_max:333487 - global_seqlen/mean:333475.0 - self_distillation/teacher_always_on_fraction:1.0 - self_distillation/teacher_image_swap_fraction:1.0 - self_distillation/policy_fallback_fraction:0.0 - self_distillation/grpo_fallback_count:0.0 - rollout_corr/rollout_is_mean:1.0 - rollout_corr/rollout_is_ratio_fraction_high:0.0 - rollout_corr/rollout_is_ratio_fraction_low:0.0 - rollout_corr/rollout_is_max:1.0 - rollout_corr/rollout_is_min:1.0 - rollout_corr/rollout_is_std:0.0 - rollout_corr/rollout_is_eff_sample_size:1.0 - rollout_corr/rollout_is_seq_mean:1.0 - rollout_corr/rollout_is_seq_std:0.0 - rollout_corr/rollout_is_seq_max:1.0 - rollout_corr/rollout_is_seq_min:1.0 - rollout_corr/rollout_is_seq_max_deviation:0.0 - rollout_corr/rollout_is_seq_fraction_high:0.0 - rollout_corr/rollout_is_seq_fraction_low:0.0 - rollout_corr/training_ppl:6.3755971551746935 - rollout_corr/training_log_ppl:0.7145303176162211 - rollout_corr/kl:0.05821451295499886 - rollout_corr/k3_kl:0.06205648370342788 - rollout_corr/rollout_ppl:2.8667172837901758 - rollout_corr/rollout_log_ppl:0.6478276857854547 - rollout_corr/log_ppl_diff:0.06670263409535904 - rollout_corr/log_ppl_abs_diff:0.09795608190265861 - rollout_corr/log_ppl_diff_max:2.2485342025756836 - rollout_corr/log_ppl_diff_min:-0.5950527191162109 - rollout_corr/ppl_ratio:1.1087759076743513 - rollout_corr/chi2_token:0.26353239308337906 - rollout_corr/chi2_seq:5.499237856752164 - actor/pg_loss:0.008608884083969315 - actor/kl_loss:0.0 - actor/grpo_loss:0.0 - actor/vopd_loss:0.008608884083969315 - actor/vopd_loss_weighted:0.008608884083969315 - actor/policy_fallback_fraction:0.0 - self_distillation/raw_jsd_token_mean:0.008692895136600536 - self_distillation/weighted_jsd_token_mean:0.008692895136600536 - self_distillation/self_distillation_mask.mean():1.0 - self_distillation/num_distill_tokens:177.3783783783784 - self_distillation/empty_target_batch:0.0 - actor/grad_norm:0.38609790802001953 - timing_s/update_actor/student_forward:32.137281987816095 - timing_s/update_actor/teacher_forward:10.189120112918317 - timing_s/update_actor/loss_compute:0.05142534337937832 - timing_s/update_actor/backward:62.06940093077719 - timing_s/update_actor/optimizer_step:0.014624325558543205 - timing_s/update_actor/teacher_ema_update:1.2436708388850093 - perf/mfu/actor:0.15666692419254213 - perf/max_memory_allocated_gb:151.58445024490356 - perf/max_memory_reserved_gb:168.5234375 - perf/cpu_memory_used_gb:618.9273557662964 - actor/lr:2e-06 - training/global_step:40 - training/epoch:0 - response_length/mean:68.36458587646484 - response_length/max:1024.0 - response_length/min:2.0 - response_length/clip_ratio:0.00390625 - response_length_non_aborted/mean:68.36458587646484 - response_length_non_aborted/max:1024.0 - response_length_non_aborted/min:2.0 - response_length_non_aborted/clip_ratio:0.00390625 - response/aborted_ratio:0.0 - prompt_length/mean:3405.333251953125 - prompt_length/max:7641.0 - prompt_length/min:2941.0 - prompt_length/clip_ratio:0.0 - num_turns/min:2 - num_turns/max:2 - num_turns/mean:2.0 - timing_s/start_profile:2.44826078414917e-05 - timing_s/agent_loop/generate_sequences/min:7.208597964607179 - timing_s/agent_loop/generate_sequences/max:45.93320363853127 - timing_s/agent_loop/generate_sequences/mean:20.93228613091196 - timing_s/agent_loop/tool_calls/min:0.0 - timing_s/agent_loop/tool_calls/max:0.0 - timing_s/agent_loop/tool_calls/mean:0.0 - timing_s/agent_loop/slowest/generate_sequences:45.93320363853127 - timing_s/agent_loop/slowest/tool_calls:0.0 - timing_s/agent_loop/slowest/prompt_length:3364 - timing_s/agent_loop/slowest/response_length:1024 - timing_s/gen:130.21723099797964 - timing_s/adv:23.273309296928346 - timing_s/update_actor:184.17194443102926 - timing_s/dump_rollout_generations:0.5816086577251554 - timing_s/step:338.450991156511 - timing_s/stop_profile:3.794766962528229e-05 - timing_per_token_ms/gen:2.4801392464951175 - timing_per_token_ms/update_actor:0.0690351392274643 - timing_per_token_ms/adv:0.008723783378412304 - perf/total_num_tokens:2667800 - perf/time_per_step:338.450991156511 - perf/throughput:985.2977497879156
[36m(TaskRunner pid=1871981)[0m Training Progress:  62%|██████▏   | 40/65 [3:49:29<2:19:52, 335.69s/it]
[36m(TaskRunner pid=1871981)[0m Dumped generations to /inspire/hdd/global_user/mengweicheng-240108120092/lzy/projects/Dual-Track-OPD/third_party/Vision-OPD/rollouts/Vision-OPD-Qwen3.5-4B/41.jsonl
[36m(TaskRunner pid=1871981)[0m step:41 - global_seqlen/min:324869 - global_seqlen/max:363339 - global_seqlen/minmax_diff:38470 - global_seqlen/balanced_min:332862 - global_seqlen/balanced_max:332912 - global_seqlen/mean:332897.75 - self_distillation/teacher_always_on_fraction:1.0 - self_distillation/teacher_image_swap_fraction:1.0 - self_distillation/policy_fallback_fraction:0.0 - self_distillation/grpo_fallback_count:0.0 - rollout_corr/rollout_is_mean:1.0 - rollout_corr/rollout_is_ratio_fraction_high:0.0 - rollout_corr/rollout_is_ratio_fraction_low:0.0 - rollout_corr/rollout_is_max:1.0 - rollout_corr/rollout_is_min:1.0 - rollout_corr/rollout_is_std:0.0 - rollout_corr/rollout_is_eff_sample_size:1.0 - rollout_corr/rollout_is_seq_mean:1.0 - rollout_corr/rollout_is_seq_std:0.0 - rollout_corr/rollout_is_seq_max:1.0 - rollout_corr/rollout_is_seq_min:1.0 - rollout_corr/rollout_is_seq_max_deviation:0.0 - rollout_corr/rollout_is_seq_fraction_high:0.0 - rollout_corr/rollout_is_seq_fraction_low:0.0 - rollout_corr/training_ppl:2.70996077882277 - rollout_corr/training_log_ppl:0.7513355400312591 - rollout_corr/kl:0.07291045195066741 - rollout_corr/k3_kl:0.07322768935783472 - rollout_corr/rollout_ppl:2.241079820168985 - rollout_corr/rollout_log_ppl:0.6754823810345418 - rollout_corr/log_ppl_diff:0.0758531597614795 - rollout_corr/log_ppl_abs_diff:0.10269597644061858 - rollout_corr/log_ppl_diff_max:1.8026196956634521 - rollout_corr/log_ppl_diff_min:-0.5013521909713745 - rollout_corr/ppl_ratio:1.1161475668887832 - rollout_corr/chi2_token:0.5669777554434698 - rollout_corr/chi2_seq:20.6382616993946 - actor/pg_loss:0.007873323304920632 - actor/kl_loss:0.0 - actor/grpo_loss:0.0 - actor/vopd_loss:0.007873323304920632 - actor/vopd_loss_weighted:0.007873323304920632 - actor/policy_fallback_fraction:0.0 - self_distillation/raw_jsd_token_mean:0.007855715982087359 - self_distillation/weighted_jsd_token_mean:0.007855715982087359 - self_distillation/self_distillation_mask.mean():1.0 - self_distillation/num_distill_tokens:186.47972972972974 - self_distillation/empty_target_batch:0.0 - actor/grad_norm:0.3477106988430023 - timing_s/update_actor/student_forward:30.410157782956958 - timing_s/update_actor/teacher_forward:11.753071781247854 - timing_s/update_actor/loss_compute:0.03521981183439493 - timing_s/update_actor/backward:60.77521758247167 - timing_s/update_actor/optimizer_step:0.014932433143258095 - timing_s/update_actor/teacher_ema_update:0.9069318417459726 - perf/mfu/actor:0.15704544883690996 - perf/max_memory_allocated_gb:151.58445024490356 - perf/max_memory_reserved_gb:168.5234375 - perf/cpu_memory_used_gb:617.4030785560608 - actor/lr:2e-06 - training/global_step:41 - training/epoch:0 - response_length/mean:71.87239837646484 - response_length/max:1024.0 - response_length/min:2.0 - response_length/clip_ratio:0.009114583022892475 - response_length_non_aborted/mean:71.87239837646484 - response_length_non_aborted/max:1024.0 - response_length_non_aborted/min:2.0 - response_length_non_aborted/clip_ratio:0.009114583022892475 - response/aborted_ratio:0.0 - prompt_length/mean:3395.8125 - prompt_length/max:4913.0 - prompt_length/min:2703.0 - prompt_length/clip_ratio:0.0 - num_turns/min:2 - num_turns/max:2 - num_turns/mean:2.0 - timing_s/start_profile:2.9763206839561462e-05 - timing_s/agent_loop/generate_sequences/min:8.604809297248721 - timing_s/agent_loop/generate_sequences/max:43.156558220274746 - timing_s/agent_loop/generate_sequences/mean:20.881426301849086 - timing_s/agent_loop/tool_calls/min:0.0 - timing_s/agent_loop/tool_calls/max:0.0 - timing_s/agent_loop/tool_calls/mean:0.0 - timing_s/agent_loop/slowest/generate_sequences:43.156558220274746 - timing_s/agent_loop/slowest/tool_calls:0.0 - timing_s/agent_loop/slowest/prompt_length:3369 - timing_s/agent_loop/slowest/response_length:690 - timing_s/gen:129.5753603661433 - timing_s/adv:25.20827258657664 - timing_s/update_actor:187.37445196975023 - timing_s/dump_rollout_generations:0.5601992942392826 - timing_s/step:342.92798152565956 - timing_s/stop_profile:3.124214708805084e-05 - timing_per_token_ms/gen:2.3474647698493296 - timing_per_token_ms/update_actor:0.0703573589674871 - timing_per_token_ms/adv:0.00946547122448884 - perf/total_num_tokens:2663182 - perf/time_per_step:342.92798152565956 - perf/throughput:970.7512012258788
[36m(TaskRunner pid=1871981)[0m Training Progress:  63%|██████▎   | 41/65 [3:55:14<2:15:25, 338.56s/it]
[36m(TaskRunner pid=1871981)[0m Dumped generations to /inspire/hdd/global_user/mengweicheng-240108120092/lzy/projects/Dual-Track-OPD/third_party/Vision-OPD/rollouts/Vision-OPD-Qwen3.5-4B/42.jsonl
[36m(TaskRunner pid=1871981)[0m step:42 - global_seqlen/min:321470 - global_seqlen/max:346328 - global_seqlen/minmax_diff:24858 - global_seqlen/balanced_min:332194 - global_seqlen/balanced_max:332233 - global_seqlen/mean:332204.25 - self_distillation/teacher_always_on_fraction:1.0 - self_distillation/teacher_image_swap_fraction:1.0 - self_distillation/policy_fallback_fraction:0.0 - self_distillation/grpo_fallback_count:0.0 - rollout_corr/rollout_is_mean:1.0 - rollout_corr/rollout_is_ratio_fraction_high:0.0 - rollout_corr/rollout_is_ratio_fraction_low:0.0 - rollout_corr/rollout_is_max:1.0 - rollout_corr/rollout_is_min:1.0 - rollout_corr/rollout_is_std:0.0 - rollout_corr/rollout_is_eff_sample_size:1.0 - rollout_corr/rollout_is_seq_mean:1.0 - rollout_corr/rollout_is_seq_std:0.0 - rollout_corr/rollout_is_seq_max:1.0 - rollout_corr/rollout_is_seq_min:1.0 - rollout_corr/rollout_is_seq_max_deviation:0.0 - rollout_corr/rollout_is_seq_fraction_high:0.0 - rollout_corr/rollout_is_seq_fraction_low:0.0 - rollout_corr/training_ppl:2.492043122649193 - rollout_corr/training_log_ppl:0.7035738332448779 - rollout_corr/kl:0.056729241132711036 - rollout_corr/k3_kl:0.07262904272854054 - rollout_corr/rollout_ppl:2.114177624921541 - rollout_corr/rollout_log_ppl:0.6334821364867526 - rollout_corr/log_ppl_diff:0.07009169813637846 - rollout_corr/log_ppl_abs_diff:0.10203985938789775 - rollout_corr/log_ppl_diff_max:1.9755990505218506 - rollout_corr/log_ppl_diff_min:-0.6579544544219971 - rollout_corr/ppl_ratio:1.1086253707070608 - rollout_corr/chi2_token:1.1062403029283963 - rollout_corr/chi2_seq:117.58827777730451 - actor/pg_loss:0.00799117748435189 - actor/kl_loss:0.0 - actor/grpo_loss:0.0 - actor/vopd_loss:0.00799117748435189 - actor/vopd_loss_weighted:0.00799117748435189 - actor/policy_fallback_fraction:0.0 - self_distillation/raw_jsd_token_mean:0.008046077919504102 - self_distillation/weighted_jsd_token_mean:0.008046077919504102 - self_distillation/self_distillation_mask.mean():1.0 - self_distillation/num_distill_tokens:212.0337837837838 - self_distillation/empty_target_batch:0.0 - actor/grad_norm:0.38513246178627014 - timing_s/update_actor/student_forward:31.39626995753497 - timing_s/update_actor/teacher_forward:10.925215282477438 - timing_s/update_actor/loss_compute:0.06512352079153061 - timing_s/update_actor/backward:60.77619338128716 - timing_s/update_actor/optimizer_step:0.014498861506581306 - timing_s/update_actor/teacher_ema_update:0.8881500633433461 - perf/mfu/actor:0.15639736875017013 - perf/max_memory_allocated_gb:151.58445024490356 - perf/max_memory_reserved_gb:168.5234375 - perf/cpu_memory_used_gb:618.2760305404663 - actor/lr:2e-06 - training/global_step:42 - training/epoch:0 - response_length/mean:81.72135162353516 - response_length/max:1024.0 - response_length/min:2.0 - response_length/clip_ratio:0.01822916604578495 - response_length_non_aborted/mean:81.72135162353516 - response_length_non_aborted/max:1024.0 - response_length_non_aborted/min:2.0 - response_length_non_aborted/clip_ratio:0.01822916604578495 - response/aborted_ratio:0.0 - prompt_length/mean:3378.739501953125 - prompt_length/max:6159.0 - prompt_length/min:2281.0 - prompt_length/clip_ratio:0.0 - num_turns/min:2 - num_turns/max:2 - num_turns/mean:2.0 - timing_s/start_profile:2.4157576262950897e-05 - timing_s/agent_loop/generate_sequences/min:6.105664571747184 - timing_s/agent_loop/generate_sequences/max:42.303701595403254 - timing_s/agent_loop/generate_sequences/mean:20.3130023383225 - timing_s/agent_loop/tool_calls/min:0.0 - timing_s/agent_loop/tool_calls/max:0.0 - timing_s/agent_loop/tool_calls/mean:0.0 - timing_s/agent_loop/slowest/generate_sequences:42.303701595403254 - timing_s/agent_loop/slowest/tool_calls:0.0 - timing_s/agent_loop/slowest/prompt_length:3366 - timing_s/agent_loop/slowest/response_length:114 - timing_s/gen:131.19940814375877 - timing_s/adv:22.20637100096792 - timing_s/update_actor:186.34672261495143 - timing_s/dump_rollout_generations:0.5582867339253426 - timing_s/step:340.4959236141294 - timing_s/stop_profile:2.9068440198898315e-05 - timing_per_token_ms/gen:2.0904274583945504 - timing_per_token_ms/update_actor:0.07011752657248946 - timing_per_token_ms/adv:0.008355691942896546 - perf/total_num_tokens:2657634 - perf/time_per_step:340.4959236141294 - perf/throughput:975.6482441078324
[36m(TaskRunner pid=1871981)[0m Training Progress:  65%|██████▍   | 42/65 [4:00:59<2:10:25, 340.24s/it]
[36m(TaskRunner pid=1871981)[0m Dumped generations to /inspire/hdd/global_user/mengweicheng-240108120092/lzy/projects/Dual-Track-OPD/third_party/Vision-OPD/rollouts/Vision-OPD-Qwen3.5-4B/43.jsonl
[36m(TaskRunner pid=1871981)[0m step:43 - global_seqlen/min:321146 - global_seqlen/max:348618 - global_seqlen/minmax_diff:27472 - global_seqlen/balanced_min:332543 - global_seqlen/balanced_max:332567 - global_seqlen/mean:332553.875 - self_distillation/teacher_always_on_fraction:1.0 - self_distillation/teacher_image_swap_fraction:1.0 - self_distillation/policy_fallback_fraction:0.0 - self_distillation/grpo_fallback_count:0.0 - rollout_corr/rollout_is_mean:1.0 - rollout_corr/rollout_is_ratio_fraction_high:0.0 - rollout_corr/rollout_is_ratio_fraction_low:0.0 - rollout_corr/rollout_is_max:1.0 - rollout_corr/rollout_is_min:1.0 - rollout_corr/rollout_is_std:0.0 - rollout_corr/rollout_is_eff_sample_size:1.0 - rollout_corr/rollout_is_seq_mean:1.0 - rollout_corr/rollout_is_seq_std:0.0 - rollout_corr/rollout_is_seq_max:1.0 - rollout_corr/rollout_is_seq_min:1.0 - rollout_corr/rollout_is_seq_max_deviation:0.0 - rollout_corr/rollout_is_seq_fraction_high:0.0 - rollout_corr/rollout_is_seq_fraction_low:0.0 - rollout_corr/training_ppl:3.109141357444428 - rollout_corr/training_log_ppl:0.7746154898525895 - rollout_corr/kl:0.06701750532291142 - rollout_corr/k3_kl:0.06431327885493866 - rollout_corr/rollout_ppl:2.524509283336433 - rollout_corr/rollout_log_ppl:0.6902130418331236 - rollout_corr/log_ppl_diff:0.0844024483726448 - rollout_corr/log_ppl_abs_diff:0.11452090409521416 - rollout_corr/log_ppl_diff_max:2.005765438079834 - rollout_corr/log_ppl_diff_min:-0.562169075012207 - rollout_corr/ppl_ratio:1.1220749558226482 - rollout_corr/chi2_token:0.3144778422004468 - rollout_corr/chi2_seq:0.4048911699572125 - actor/pg_loss:0.007917253167458208 - actor/kl_loss:0.0 - actor/grpo_loss:0.0 - actor/vopd_loss:0.007917253167458208 - actor/vopd_loss_weighted:0.007917253167458208 - actor/policy_fallback_fraction:0.0 - self_distillation/raw_jsd_token_mean:0.007952942807507399 - self_distillation/weighted_jsd_token_mean:0.007952942807507399 - self_distillation/self_distillation_mask.mean():1.0 - self_distillation/num_distill_tokens:211.42905405405406 - self_distillation/empty_target_batch:0.0 - actor/grad_norm:0.37063106894493103 - timing_s/update_actor/student_forward:30.941371790133417 - timing_s/update_actor/teacher_forward:10.44777768291533 - timing_s/update_actor/loss_compute:0.04723978042602539 - timing_s/update_actor/backward:60.368511736392975 - timing_s/update_actor/optimizer_step:0.014496555551886559 - timing_s/update_actor/teacher_ema_update:0.9174395445734262 - perf/mfu/actor:0.15859162534717888 - perf/max_memory_allocated_gb:151.58445024490356 - perf/max_memory_reserved_gb:168.5234375 - perf/cpu_memory_used_gb:618.8320784568787 - actor/lr:2e-06 - training/global_step:43 - training/epoch:0 - response_length/mean:81.48828125 - response_length/max:1024.0 - response_length/min:2.0 - response_length/clip_ratio:0.01171875 - response_length_non_aborted/mean:81.48828125 - response_length_non_aborted/max:1024.0 - response_length_non_aborted/min:2.0 - response_length_non_aborted/clip_ratio:0.01171875 - response/aborted_ratio:0.0 - prompt_length/mean:3382.614501953125 - prompt_length/max:5664.0 - prompt_length/min:2851.0 - prompt_length/clip_ratio:0.0 - num_turns/min:2 - num_turns/max:2 - num_turns/mean:2.0 - timing_s/start_profile:4.5277178287506104e-05 - timing_s/agent_loop/generate_sequences/min:10.314893268980086 - timing_s/agent_loop/generate_sequences/max:42.566958419047296 - timing_s/agent_loop/generate_sequences/mean:20.83504761194975 - timing_s/agent_loop/tool_calls/min:0.0 - timing_s/agent_loop/tool_calls/max:0.0 - timing_s/agent_loop/tool_calls/mean:0.0 - timing_s/agent_loop/slowest/generate_sequences:42.566958419047296 - timing_s/agent_loop/slowest/tool_calls:0.0 - timing_s/agent_loop/slowest/prompt_length:3367 - timing_s/agent_loop/slowest/response_length:1024 - timing_s/gen:130.55321336351335 - timing_s/adv:24.457940060645342 - timing_s/update_actor:187.1291092177853 - timing_s/dump_rollout_generations:0.5684989867731929 - timing_s/step:342.9102966999635 - timing_s/stop_profile:2.863723784685135e-05 - timing_per_token_ms/gen:2.086081098117913 - timing_per_token_ms/update_actor:0.07033789232563645 - timing_per_token_ms/adv:0.009193224729619127 - perf/total_num_tokens:2660431 - perf/time_per_step:342.9102966999635 - perf/throughput:969.7984522493791
[36m(TaskRunner pid=1871981)[0m Training Progress:  66%|██████▌   | 43/65 [4:06:44<2:05:18, 341.76s/it]
[36m(TaskRunner pid=1871981)[0m Dumped generations to /inspire/hdd/global_user/mengweicheng-240108120092/lzy/projects/Dual-Track-OPD/third_party/Vision-OPD/rollouts/Vision-OPD-Qwen3.5-4B/44.jsonl
[36m(TaskRunner pid=1871981)[0m step:44 - global_seqlen/min:314931 - global_seqlen/max:338976 - global_seqlen/minmax_diff:24045 - global_seqlen/balanced_min:329438 - global_seqlen/balanced_max:329456 - global_seqlen/mean:329444.375 - self_distillation/teacher_always_on_fraction:1.0 - self_distillation/teacher_image_swap_fraction:1.0 - self_distillation/policy_fallback_fraction:0.0 - self_distillation/grpo_fallback_count:0.0 - rollout_corr/rollout_is_mean:1.0 - rollout_corr/rollout_is_ratio_fraction_high:0.0 - rollout_corr/rollout_is_ratio_fraction_low:0.0 - rollout_corr/rollout_is_max:1.0 - rollout_corr/rollout_is_min:1.0 - rollout_corr/rollout_is_std:0.0 - rollout_corr/rollout_is_eff_sample_size:1.0 - rollout_corr/rollout_is_seq_mean:1.0 - rollout_corr/rollout_is_seq_std:0.0 - rollout_corr/rollout_is_seq_max:1.0 - rollout_corr/rollout_is_seq_min:1.0 - rollout_corr/rollout_is_seq_max_deviation:0.0 - rollout_corr/rollout_is_seq_fraction_high:0.0 - rollout_corr/rollout_is_seq_fraction_low:0.0 - rollout_corr/training_ppl:2.8523360031346483 - rollout_corr/training_log_ppl:0.7413707495046158 - rollout_corr/kl:0.06945990243775668 - rollout_corr/k3_kl:0.0780991296585651 - rollout_corr/rollout_ppl:2.1690423716273575 - rollout_corr/rollout_log_ppl:0.6523489108723071 - rollout_corr/log_ppl_diff:0.08902184179270181 - rollout_corr/log_ppl_abs_diff:0.11172229265664807 - rollout_corr/log_ppl_diff_max:2.655834197998047 - rollout_corr/log_ppl_diff_min:-0.7553635239601135 - rollout_corr/ppl_ratio:1.1679373551160097 - rollout_corr/chi2_token:2.540812709886167 - rollout_corr/chi2_seq:2.3931275399194822 - actor/pg_loss:0.007711484345236385 - actor/kl_loss:0.0 - actor/grpo_loss:0.0 - actor/vopd_loss:0.007711484345236385 - actor/vopd_loss_weighted:0.007711484345236385 - actor/policy_fallback_fraction:0.0 - self_distillation/raw_jsd_token_mean:0.007712339836467031 - self_distillation/weighted_jsd_token_mean:0.007712339836467031 - self_distillation/self_distillation_mask.mean():1.0 - self_distillation/num_distill_tokens:174.26041666666669 - self_distillation/empty_target_batch:0.0 - actor/grad_norm:0.3948502838611603 - timing_s/update_actor/student_forward:30.00364769436419 - timing_s/update_actor/teacher_forward:9.832568662241101 - timing_s/update_actor/loss_compute:0.05346792750060558 - timing_s/update_actor/backward:60.42445661500096 - timing_s/update_actor/optimizer_step:0.014697794802486897 - timing_s/update_actor/teacher_ema_update:0.9164946088567376 - perf/mfu/actor:0.1582791656343998 - perf/max_memory_allocated_gb:151.58445024490356 - perf/max_memory_reserved_gb:168.5234375 - perf/cpu_memory_used_gb:618.6471476554871 - actor/lr:2e-06 - training/global_step:44 - training/epoch:0 - response_length/mean:65.34765625 - response_length/max:1024.0 - response_length/min:2.0 - response_length/clip_ratio:0.0078125 - response_length_non_aborted/mean:65.34765625 - response_length_non_aborted/max:1024.0 - response_length_non_aborted/min:2.0 - response_length_non_aborted/clip_ratio:0.0078125 - response/aborted_ratio:0.0 - prompt_length/mean:3366.364501953125 - prompt_length/max:4959.0 - prompt_length/min:2658.0 - prompt_length/clip_ratio:0.0 - num_turns/min:2 - num_turns/max:2 - num_turns/mean:2.0 - timing_s/start_profile:4.284735769033432e-05 - timing_s/agent_loop/generate_sequences/min:11.162720681168139 - timing_s/agent_loop/generate_sequences/max:37.86780804861337 - timing_s/agent_loop/generate_sequences/mean:20.315850644368766 - timing_s/agent_loop/tool_calls/min:0.0 - timing_s/agent_loop/tool_calls/max:0.0 - timing_s/agent_loop/tool_calls/mean:0.0 - timing_s/agent_loop/slowest/generate_sequences:37.86780804861337 - timing_s/agent_loop/slowest/tool_calls:0.0 - timing_s/agent_loop/slowest/prompt_length:3368 - timing_s/agent_loop/slowest/response_length:994 - timing_s/gen:125.92275098524988 - timing_s/adv:22.313096974045038 - timing_s/update_actor:182.27835432626307 - timing_s/dump_rollout_generations:0.5518060401082039 - timing_s/step:331.27174167893827 - timing_s/stop_profile:2.987496554851532e-05 - timing_per_token_ms/gen:2.5090710938141325 - timing_per_token_ms/update_actor:0.0691612788677387 - timing_per_token_ms/adv:0.008466185290781273 - perf/total_num_tokens:2635555 - perf/time_per_step:331.27174167893827 - perf/throughput:994.4837834048963
[36m(TaskRunner pid=1871981)[0m Training Progress:  68%|██████▊   | 44/65 [4:12:18<1:58:46, 339.34s/it]
[36m(TaskRunner pid=1871981)[0m Dumped generations to /inspire/hdd/global_user/mengweicheng-240108120092/lzy/projects/Dual-Track-OPD/third_party/Vision-OPD/rollouts/Vision-OPD-Qwen3.5-4B/45.jsonl
[36m(TaskRunner pid=1871981)[0m step:45 - global_seqlen/min:321925 - global_seqlen/max:340631 - global_seqlen/minmax_diff:18706 - global_seqlen/balanced_min:331597 - global_seqlen/balanced_max:331644 - global_seqlen/mean:331633.125 - self_distillation/teacher_always_on_fraction:1.0 - self_distillation/teacher_image_swap_fraction:1.0 - self_distillation/policy_fallback_fraction:0.0 - self_distillation/grpo_fallback_count:0.0 - rollout_corr/rollout_is_mean:1.0 - rollout_corr/rollout_is_ratio_fraction_high:0.0 - rollout_corr/rollout_is_ratio_fraction_low:0.0 - rollout_corr/rollout_is_max:1.0 - rollout_corr/rollout_is_min:1.0 - rollout_corr/rollout_is_std:0.0 - rollout_corr/rollout_is_eff_sample_size:1.0 - rollout_corr/rollout_is_seq_mean:1.0 - rollout_corr/rollout_is_seq_std:0.0 - rollout_corr/rollout_is_seq_max:1.0 - rollout_corr/rollout_is_seq_min:1.0 - rollout_corr/rollout_is_seq_max_deviation:0.0 - rollout_corr/rollout_is_seq_fraction_high:0.0 - rollout_corr/rollout_is_seq_fraction_low:0.0 - rollout_corr/training_ppl:2.3443283227582774 - rollout_corr/training_log_ppl:0.7008922656791078 - rollout_corr/kl:0.07350380680135359 - rollout_corr/k3_kl:0.06555625700356257 - rollout_corr/rollout_ppl:2.0231812683244543 - rollout_corr/rollout_log_ppl:0.6174250021576881 - rollout_corr/log_ppl_diff:0.0834672671828432 - rollout_corr/log_ppl_abs_diff:0.10800265507229292 - rollout_corr/log_ppl_diff_max:1.4337594509124756 - rollout_corr/log_ppl_diff_min:-0.4600237011909485 - rollout_corr/ppl_ratio:1.1156208196447954 - rollout_corr/chi2_token:0.565591691268815 - rollout_corr/chi2_seq:-0.051699643954634666 - actor/pg_loss:0.007466816446443166 - actor/kl_loss:0.0 - actor/grpo_loss:0.0 - actor/vopd_loss:0.007466816446443166 - actor/vopd_loss_weighted:0.007466816446443166 - actor/policy_fallback_fraction:0.0 - self_distillation/raw_jsd_token_mean:0.007477221967645972 - self_distillation/weighted_jsd_token_mean:0.007477221967645972 - self_distillation/self_distillation_mask.mean():1.0 - self_distillation/num_distill_tokens:227.94791666666669 - self_distillation/empty_target_batch:0.0 - actor/grad_norm:0.35810914635658264 - timing_s/update_actor/student_forward:30.51818279363215 - timing_s/update_actor/teacher_forward:10.090629308484495 - timing_s/update_actor/loss_compute:0.056293644942343235 - timing_s/update_actor/backward:60.43251222744584 - timing_s/update_actor/optimizer_step:0.01495825033634901 - timing_s/update_actor/teacher_ema_update:1.235614351928234 - perf/mfu/actor:0.15755994510018356 - perf/max_memory_allocated_gb:151.58445024490356 - perf/max_memory_reserved_gb:168.5234375 - perf/cpu_memory_used_gb:617.0775737762451 - actor/lr:2e-06 - training/global_step:45 - training/epoch:0 - response_length/mean:85.48046875 - response_length/max:1024.0 - response_length/min:2.0 - response_length/clip_ratio:0.01822916604578495 - response_length_non_aborted/mean:85.48046875 - response_length_non_aborted/max:1024.0 - response_length_non_aborted/min:2.0 - response_length_non_aborted/clip_ratio:0.01822916604578495 - response/aborted_ratio:0.0 - prompt_length/mean:3369.03125 - prompt_length/max:4033.0 - prompt_length/min:2667.0 - prompt_length/clip_ratio:0.0 - num_turns/min:2 - num_turns/max:2 - num_turns/mean:2.0 - timing_s/start_profile:2.3420900106430054e-05 - timing_s/agent_loop/generate_sequences/min:11.198269166983664 - timing_s/agent_loop/generate_sequences/max:39.27135226037353 - timing_s/agent_loop/generate_sequences/mean:20.61165131587647 - timing_s/agent_loop/tool_calls/min:0.0 - timing_s/agent_loop/tool_calls/max:0.0 - timing_s/agent_loop/tool_calls/mean:0.0 - timing_s/agent_loop/slowest/generate_sequences:39.27135226037353 - timing_s/agent_loop/slowest/tool_calls:0.0 - timing_s/agent_loop/slowest/prompt_length:2994 - timing_s/agent_loop/slowest/response_length:144 - timing_s/gen:127.27415863331407 - timing_s/adv:23.83212587889284 - timing_s/update_actor:184.03466274868697 - timing_s/dump_rollout_generations:1.4564222833141685 - timing_s/step:336.789657429792 - timing_s/stop_profile:3.053806722164154e-05 - timing_per_token_ms/gen:1.9387067378530378 - timing_per_token_ms/update_actor:0.06936681262942558 - timing_per_token_ms/adv:0.008982865432581878 - perf/total_num_tokens:2653065 - perf/time_per_step:336.789657429792 - perf/throughput:984.6891603823466
[36m(TaskRunner pid=1871981)[0m Training Progress:  69%|██████▉   | 45/65 [4:17:57<1:53:05, 339.28s/it]
[36m(TaskRunner pid=1871981)[0m Dumped generations to /inspire/hdd/global_user/mengweicheng-240108120092/lzy/projects/Dual-Track-OPD/third_party/Vision-OPD/rollouts/Vision-OPD-Qwen3.5-4B/46.jsonl
[36m(TaskRunner pid=1871981)[0m step:46 - global_seqlen/min:323780 - global_seqlen/max:376183 - global_seqlen/minmax_diff:52403 - global_seqlen/balanced_min:337603 - global_seqlen/balanced_max:337675 - global_seqlen/mean:337659.0 - self_distillation/teacher_always_on_fraction:1.0 - self_distillation/teacher_image_swap_fraction:1.0 - self_distillation/policy_fallback_fraction:0.0 - self_distillation/grpo_fallback_count:0.0 - rollout_corr/rollout_is_mean:1.0 - rollout_corr/rollout_is_ratio_fraction_high:0.0 - rollout_corr/rollout_is_ratio_fraction_low:0.0 - rollout_corr/rollout_is_max:1.0 - rollout_corr/rollout_is_min:1.0 - rollout_corr/rollout_is_std:0.0 - rollout_corr/rollout_is_eff_sample_size:1.0 - rollout_corr/rollout_is_seq_mean:1.0 - rollout_corr/rollout_is_seq_std:0.0 - rollout_corr/rollout_is_seq_max:1.0 - rollout_corr/rollout_is_seq_min:1.0 - rollout_corr/rollout_is_seq_max_deviation:0.0 - rollout_corr/rollout_is_seq_fraction_high:0.0 - rollout_corr/rollout_is_seq_fraction_low:0.0 - rollout_corr/training_ppl:2.67754048149328 - rollout_corr/training_log_ppl:0.7248646169397477 - rollout_corr/kl:0.05757347012432375 - rollout_corr/k3_kl:0.0666429467318832 - rollout_corr/rollout_ppl:2.192199850807319 - rollout_corr/rollout_log_ppl:0.6493320285871222 - rollout_corr/log_ppl_diff:0.07553258543083682 - rollout_corr/log_ppl_abs_diff:0.1076058956237535 - rollout_corr/log_ppl_diff_max:1.8412504196166992 - rollout_corr/log_ppl_diff_min:-0.4820355772972107 - rollout_corr/ppl_ratio:1.114975668892667 - rollout_corr/chi2_token:0.47354295024195237 - rollout_corr/chi2_seq:2.260237468859634 - actor/pg_loss:0.007339320434311958 - actor/kl_loss:0.0 - actor/grpo_loss:0.0 - actor/vopd_loss:0.007339320434311958 - actor/vopd_loss_weighted:0.007339320434311958 - actor/policy_fallback_fraction:0.0 - self_distillation/raw_jsd_token_mean:0.007632076844488069 - self_distillation/weighted_jsd_token_mean:0.007632076844488069 - self_distillation/self_distillation_mask.mean():1.0 - self_distillation/num_distill_tokens:159.3783783783784 - self_distillation/empty_target_batch:0.0 - actor/grad_norm:0.3862153887748718 - timing_s/update_actor/student_forward:30.81390239112079 - timing_s/update_actor/teacher_forward:9.677759466692805 - timing_s/update_actor/loss_compute:0.08432663232088089 - timing_s/update_actor/backward:63.298146633431315 - timing_s/update_actor/optimizer_step:0.015161399729549885 - timing_s/update_actor/teacher_ema_update:0.8531849216669798 - perf/mfu/actor:0.15980247276973564 - perf/max_memory_allocated_gb:151.58445024490356 - perf/max_memory_reserved_gb:168.5234375 - perf/cpu_memory_used_gb:620.7309894561768 - actor/lr:2e-06 - training/global_step:46 - training/epoch:0 - response_length/mean:61.42708206176758 - response_length/max:1024.0 - response_length/min:2.0 - response_length/clip_ratio:0.0026041667442768812 - response_length_non_aborted/mean:61.42708206176758 - response_length_non_aborted/max:1024.0 - response_length_non_aborted/min:2.0 - response_length_non_aborted/clip_ratio:0.0026041667442768812 - response/aborted_ratio:0.0 - prompt_length/mean:3455.854248046875 - prompt_length/max:7506.0 - prompt_length/min:2618.0 - prompt_length/clip_ratio:0.0 - num_turns/min:2 - num_turns/max:2 - num_turns/mean:2.0 - timing_s/start_profile:2.54092738032341e-05 - timing_s/agent_loop/generate_sequences/min:9.063657662831247 - timing_s/agent_loop/generate_sequences/max:40.717910293489695 - timing_s/agent_loop/generate_sequences/mean:20.628390581504693 - timing_s/agent_loop/tool_calls/min:0.0 - timing_s/agent_loop/tool_calls/max:0.0 - timing_s/agent_loop/tool_calls/mean:0.0 - timing_s/agent_loop/slowest/generate_sequences:40.717910293489695 - timing_s/agent_loop/slowest/tool_calls:0.0 - timing_s/agent_loop/slowest/prompt_length:3361 - timing_s/agent_loop/slowest/response_length:94 - timing_s/gen:133.65110705699772 - timing_s/adv:22.358265691436827 - timing_s/update_actor:185.77296408079565 - timing_s/dump_rollout_generations:0.5600819159299135 - timing_s/step:342.5489657288417 - timing_s/stop_profile:3.289245069026947e-05 - timing_per_token_ms/gen:2.8330317758393613 - timing_per_token_ms/update_actor:0.06877240206865345 - timing_per_token_ms/adv:0.0082769397866771 - perf/total_num_tokens:2701272 - perf/time_per_step:342.5489657288417 - perf/throughput:985.7247686664668
[36m(TaskRunner pid=1871981)[0m Training Progress:  71%|███████   | 46/65 [4:23:42<1:47:58, 340.96s/it]
[36m(TaskRunner pid=1871981)[0m Dumped generations to /inspire/hdd/global_user/mengweicheng-240108120092/lzy/projects/Dual-Track-OPD/third_party/Vision-OPD/rollouts/Vision-OPD-Qwen3.5-4B/47.jsonl
[36m(TaskRunner pid=1871981)[0m step:47 - global_seqlen/min:321801 - global_seqlen/max:335113 - global_seqlen/minmax_diff:13312 - global_seqlen/balanced_min:328911 - global_seqlen/balanced_max:328919 - global_seqlen/mean:328915.25 - self_distillation/teacher_always_on_fraction:1.0 - self_distillation/teacher_image_swap_fraction:1.0 - self_distillation/policy_fallback_fraction:0.0 - self_distillation/grpo_fallback_count:0.0 - rollout_corr/rollout_is_mean:1.0 - rollout_corr/rollout_is_ratio_fraction_high:0.0 - rollout_corr/rollout_is_ratio_fraction_low:0.0 - rollout_corr/rollout_is_max:1.0 - rollout_corr/rollout_is_min:1.0 - rollout_corr/rollout_is_std:0.0 - rollout_corr/rollout_is_eff_sample_size:1.0 - rollout_corr/rollout_is_seq_mean:1.0 - rollout_corr/rollout_is_seq_std:0.0 - rollout_corr/rollout_is_seq_max:1.0 - rollout_corr/rollout_is_seq_min:1.0 - rollout_corr/rollout_is_seq_max_deviation:0.0 - rollout_corr/rollout_is_seq_fraction_high:0.0 - rollout_corr/rollout_is_seq_fraction_low:0.0 - rollout_corr/training_ppl:2.5756440766983566 - rollout_corr/training_log_ppl:0.7405568603426218 - rollout_corr/kl:0.06454390522372301 - rollout_corr/k3_kl:0.07025213783344952 - rollout_corr/rollout_ppl:2.139902347905768 - rollout_corr/rollout_log_ppl:0.6570540307503607 - rollout_corr/log_ppl_diff:0.08350282617619895 - rollout_corr/log_ppl_abs_diff:0.1149840489637831 - rollout_corr/log_ppl_diff_max:1.8656692504882812 - rollout_corr/log_ppl_diff_min:-0.6095145344734192 - rollout_corr/ppl_ratio:1.1293380699223943 - rollout_corr/chi2_token:0.43439706021712887 - rollout_corr/chi2_seq:434.9119817093014 - actor/pg_loss:0.0061793608269150955 - actor/kl_loss:0.0 - actor/grpo_loss:0.0 - actor/vopd_loss:0.0061793608269150955 - actor/vopd_loss_weighted:0.0061793608269150955 - actor/policy_fallback_fraction:0.0 - self_distillation/raw_jsd_token_mean:0.006208068290309003 - self_distillation/weighted_jsd_token_mean:0.006208068290309003 - self_distillation/self_distillation_mask.mean():1.0 - self_distillation/num_distill_tokens:199.34027777777777 - self_distillation/empty_target_batch:0.0 - actor/grad_norm:0.2574096918106079 - timing_s/update_actor/student_forward:29.925208962522447 - timing_s/update_actor/teacher_forward:10.441443347372115 - timing_s/update_actor/loss_compute:0.04513741284608841 - timing_s/update_actor/backward:59.81517877057195 - timing_s/update_actor/optimizer_step:0.014864809811115265 - timing_s/update_actor/teacher_ema_update:0.9034637901932001 - perf/mfu/actor:0.157949568477544 - perf/max_memory_allocated_gb:151.58445024490356 - perf/max_memory_reserved_gb:168.5234375 - perf/cpu_memory_used_gb:617.2498092651367 - actor/lr:2e-06 - training/global_step:47 - training/epoch:0 - response_length/mean:74.75260162353516 - response_length/max:1024.0 - response_length/min:2.0 - response_length/clip_ratio:0.009114583022892475 - response_length_non_aborted/mean:74.75260162353516 - response_length_non_aborted/max:1024.0 - response_length_non_aborted/min:2.0 - response_length_non_aborted/clip_ratio:0.009114583022892475 - response/aborted_ratio:0.0 - prompt_length/mean:3351.447998046875 - prompt_length/max:4181.0 - prompt_length/min:2283.0 - prompt_length/clip_ratio:0.0 - num_turns/min:2 - num_turns/max:2 - num_turns/mean:2.0 - timing_s/start_profile:2.5132670998573303e-05 - timing_s/agent_loop/generate_sequences/min:8.563689171336591 - timing_s/agent_loop/generate_sequences/max:39.92152360640466 - timing_s/agent_loop/generate_sequences/mean:20.4329625237818 - timing_s/agent_loop/tool_calls/min:0.0 - timing_s/agent_loop/tool_calls/max:0.0 - timing_s/agent_loop/tool_calls/mean:0.0 - timing_s/agent_loop/slowest/generate_sequences:39.92152360640466 - timing_s/agent_loop/slowest/tool_calls:0.0 - timing_s/agent_loop/slowest/prompt_length:3369 - timing_s/agent_loop/slowest/response_length:1024 - timing_s/gen:122.09425728023052 - timing_s/adv:25.524142494425178 - timing_s/update_actor:182.7789323180914 - timing_s/dump_rollout_generations:2.274800842627883 - timing_s/step:332.86550125014037 - timing_s/stop_profile:3.0472874641418457e-05 - timing_per_token_ms/gen:2.126707146494174 - timing_per_token_ms/update_actor:0.06946277662638453 - timing_per_token_ms/adv:0.009700121267722147 - perf/total_num_tokens:2631322 - perf/time_per_step:332.86550125014037 - perf/throughput:988.1325903846916
[36m(TaskRunner pid=1871981)[0m Training Progress:  72%|███████▏  | 47/65 [4:29:17<1:41:46, 339.26s/it]
[36m(TaskRunner pid=1871981)[0m Dumped generations to /inspire/hdd/global_user/mengweicheng-240108120092/lzy/projects/Dual-Track-OPD/third_party/Vision-OPD/rollouts/Vision-OPD-Qwen3.5-4B/48.jsonl
[36m(TaskRunner pid=1871981)[0m step:48 - global_seqlen/min:328167 - global_seqlen/max:334078 - global_seqlen/minmax_diff:5911 - global_seqlen/balanced_min:331842 - global_seqlen/balanced_max:331854 - global_seqlen/mean:331848.5 - self_distillation/teacher_always_on_fraction:1.0 - self_distillation/teacher_image_swap_fraction:1.0 - self_distillation/policy_fallback_fraction:0.0 - self_distillation/grpo_fallback_count:0.0 - rollout_corr/rollout_is_mean:1.0 - rollout_corr/rollout_is_ratio_fraction_high:0.0 - rollout_corr/rollout_is_ratio_fraction_low:0.0 - rollout_corr/rollout_is_max:1.0 - rollout_corr/rollout_is_min:1.0 - rollout_corr/rollout_is_std:0.0 - rollout_corr/rollout_is_eff_sample_size:1.0 - rollout_corr/rollout_is_seq_mean:1.0 - rollout_corr/rollout_is_seq_std:0.0 - rollout_corr/rollout_is_seq_max:1.0 - rollout_corr/rollout_is_seq_min:1.0 - rollout_corr/rollout_is_seq_max_deviation:0.0 - rollout_corr/rollout_is_seq_fraction_high:0.0 - rollout_corr/rollout_is_seq_fraction_low:0.0 - rollout_corr/training_ppl:2.6422683604665704 - rollout_corr/training_log_ppl:0.7610040561774293 - rollout_corr/kl:0.06920748810670055 - rollout_corr/k3_kl:0.10459896856785211 - rollout_corr/rollout_ppl:2.417629504928718 - rollout_corr/rollout_log_ppl:0.6771352020268505 - rollout_corr/log_ppl_diff:0.08386885089094977 - rollout_corr/log_ppl_abs_diff:0.10995436911597042 - rollout_corr/log_ppl_diff_max:1.6232491731643677 - rollout_corr/log_ppl_diff_min:-1.29036283493042 - rollout_corr/ppl_ratio:1.1215846639227223 - rollout_corr/chi2_token:43.59733859006617 - rollout_corr/chi2_seq:2.65989953843323 - actor/pg_loss:0.007123420101379452 - actor/kl_loss:0.0 - actor/grpo_loss:0.0 - actor/vopd_loss:0.007123420101379452 - actor/vopd_loss_weighted:0.007123420101379452 - actor/policy_fallback_fraction:0.0 - self_distillation/raw_jsd_token_mean:0.007136591806900813 - self_distillation/weighted_jsd_token_mean:0.007136591806900813 - self_distillation/self_distillation_mask.mean():1.0 - self_distillation/num_distill_tokens:190.82432432432432 - self_distillation/empty_target_batch:0.0 - actor/grad_norm:0.43280062079429626 - timing_s/update_actor/student_forward:31.71200713235885 - timing_s/update_actor/teacher_forward:11.924367310479283 - timing_s/update_actor/loss_compute:0.09697058331221342 - timing_s/update_actor/backward:60.55372746381909 - timing_s/update_actor/optimizer_step:0.014859497547149658 - timing_s/update_actor/teacher_ema_update:1.1010380163788795 - perf/mfu/actor:0.1541368885920289 - perf/max_memory_allocated_gb:151.58445024490356 - perf/max_memory_reserved_gb:168.5234375 - perf/cpu_memory_used_gb:620.3817291259766 - actor/lr:2e-06 - training/global_step:48 - training/epoch:0 - response_length/mean:73.546875 - response_length/max:1024.0 - response_length/min:2.0 - response_length/clip_ratio:0.009114583022892475 - response_length_non_aborted/mean:73.546875 - response_length_non_aborted/max:1024.0 - response_length_non_aborted/min:2.0 - response_length_non_aborted/clip_ratio:0.009114583022892475 - response/aborted_ratio:0.0 - prompt_length/mean:3383.208251953125 - prompt_length/max:3981.0 - prompt_length/min:2986.0 - prompt_length/clip_ratio:0.0 - num_turns/min:2 - num_turns/max:2 - num_turns/mean:2.0 - timing_s/start_profile:2.4296343326568604e-05 - timing_s/agent_loop/generate_sequences/min:8.495480082929134 - timing_s/agent_loop/generate_sequences/max:41.113919945433736 - timing_s/agent_loop/generate_sequences/mean:20.633080411155486 - timing_s/agent_loop/tool_calls/min:0.0 - timing_s/agent_loop/tool_calls/max:0.0 - timing_s/agent_loop/tool_calls/mean:0.0 - timing_s/agent_loop/slowest/generate_sequences:41.113919945433736 - timing_s/agent_loop/slowest/tool_calls:0.0 - timing_s/agent_loop/slowest/prompt_length:3372 - timing_s/agent_loop/slowest/response_length:667 - timing_s/gen:124.95306965708733 - timing_s/adv:24.33347928430885 - timing_s/update_actor:185.59617646224797 - timing_s/dump_rollout_generations:0.5575143788009882 - timing_s/step:335.62763319257647 - timing_s/stop_profile:3.015901893377304e-05 - timing_per_token_ms/gen:2.2121852145224725 - timing_per_token_ms/update_actor:0.06990998018005504 - timing_per_token_ms/adv:0.009165884162618201 - perf/total_num_tokens:2654788 - perf/time_per_step:335.62763319257647 - perf/throughput:988.7401011751375
[36m(TaskRunner pid=1871981)[0m Training Progress:  74%|███████▍  | 48/65 [4:34:55<1:36:01, 338.90s/it]
[36m(TaskRunner pid=1871981)[0m Dumped generations to /inspire/hdd/global_user/mengweicheng-240108120092/lzy/projects/Dual-Track-OPD/third_party/Vision-OPD/rollouts/Vision-OPD-Qwen3.5-4B/49.jsonl
[36m(TaskRunner pid=1871981)[0m step:49 - global_seqlen/min:324460 - global_seqlen/max:337395 - global_seqlen/minmax_diff:12935 - global_seqlen/balanced_min:330350 - global_seqlen/balanced_max:330369 - global_seqlen/mean:330361.25 - self_distillation/teacher_always_on_fraction:1.0 - self_distillation/teacher_image_swap_fraction:1.0 - self_distillation/policy_fallback_fraction:0.0 - self_distillation/grpo_fallback_count:0.0 - rollout_corr/rollout_is_mean:1.0 - rollout_corr/rollout_is_ratio_fraction_high:0.0 - rollout_corr/rollout_is_ratio_fraction_low:0.0 - rollout_corr/rollout_is_max:1.0 - rollout_corr/rollout_is_min:1.0 - rollout_corr/rollout_is_std:0.0 - rollout_corr/rollout_is_eff_sample_size:1.0 - rollout_corr/rollout_is_seq_mean:1.0 - rollout_corr/rollout_is_seq_std:0.0 - rollout_corr/rollout_is_seq_max:1.0 - rollout_corr/rollout_is_seq_min:1.0 - rollout_corr/rollout_is_seq_max_deviation:0.0 - rollout_corr/rollout_is_seq_fraction_high:0.0 - rollout_corr/rollout_is_seq_fraction_low:0.0 - rollout_corr/training_ppl:2.9977552774879666 - rollout_corr/training_log_ppl:0.74460215250858 - rollout_corr/kl:0.07068388835374309 - rollout_corr/k3_kl:0.07505859583377766 - rollout_corr/rollout_ppl:2.20964679080579 - rollout_corr/rollout_log_ppl:0.6415847728235854 - rollout_corr/log_ppl_diff:0.10301737823950437 - rollout_corr/log_ppl_abs_diff:0.1344027738022204 - rollout_corr/log_ppl_diff_max:3.1284985542297363 - rollout_corr/log_ppl_diff_min:-0.960750937461853 - rollout_corr/ppl_ratio:1.2171589943269887 - rollout_corr/chi2_token:0.7093733698129654 - rollout_corr/chi2_seq:3.5951091409143476 - actor/pg_loss:0.007030589351870731 - actor/kl_loss:0.0 - actor/grpo_loss:0.0 - actor/vopd_loss:0.007030589351870731 - actor/vopd_loss_weighted:0.007030589351870731 - actor/policy_fallback_fraction:0.0 - self_distillation/raw_jsd_token_mean:0.007140230625534766 - self_distillation/weighted_jsd_token_mean:0.007140230625534766 - self_distillation/self_distillation_mask.mean():1.0 - self_distillation/num_distill_tokens:178.97916666666669 - self_distillation/empty_target_batch:0.0 - actor/grad_norm:0.33543169498443604 - timing_s/update_actor/student_forward:28.768029074184597 - timing_s/update_actor/teacher_forward:8.893842549994588 - timing_s/update_actor/loss_compute:0.037283298559486866 - timing_s/update_actor/backward:60.34233239851892 - timing_s/update_actor/optimizer_step:0.01446499489247799 - timing_s/update_actor/teacher_ema_update:0.8876828541979194 - perf/mfu/actor:0.16293147084244364 - perf/max_memory_allocated_gb:151.58445024490356 - perf/max_memory_reserved_gb:168.5234375 - perf/cpu_memory_used_gb:617.7253909111023 - actor/lr:2e-06 - training/global_step:49 - training/epoch:0 - response_length/mean:67.1171875 - response_length/max:1024.0 - response_length/min:2.0 - response_length/clip_ratio:0.009114583022892475 - response_length_non_aborted/mean:67.1171875 - response_length_non_aborted/max:1024.0 - response_length_non_aborted/min:2.0 - response_length_non_aborted/clip_ratio:0.009114583022892475 - response/aborted_ratio:0.0 - prompt_length/mean:3374.145751953125 - prompt_length/max:4884.0 - prompt_length/min:2300.0 - prompt_length/clip_ratio:0.0 - num_turns/min:2 - num_turns/max:2 - num_turns/mean:2.0 - timing_s/start_profile:2.242252230644226e-05 - timing_s/agent_loop/generate_sequences/min:7.4870376493781805 - timing_s/agent_loop/generate_sequences/max:39.33431593887508 - timing_s/agent_loop/generate_sequences/mean:20.771811873563518 - timing_s/agent_loop/tool_calls/min:0.0 - timing_s/agent_loop/tool_calls/max:0.0 - timing_s/agent_loop/tool_calls/mean:0.0 - timing_s/agent_loop/slowest/generate_sequences:39.33431593887508 - timing_s/agent_loop/slowest/tool_calls:0.0 - timing_s/agent_loop/slowest/prompt_length:3367 - timing_s/agent_loop/slowest/response_length:660 - timing_s/gen:124.16146308463067 - timing_s/adv:22.042264817282557 - timing_s/update_actor:177.8649256322533 - timing_s/dump_rollout_generations:0.5727639086544514 - timing_s/step:324.82931026723236 - timing_s/stop_profile:3.0044466257095337e-05 - timing_per_token_ms/gen:2.4087506903470817 - timing_per_token_ms/update_actor:0.06729940543581205 - timing_per_token_ms/adv:0.008340212728218941 - perf/total_num_tokens:2642890 - perf/time_per_step:324.82931026723236 - perf/throughput:1017.0302973220507
[36m(TaskRunner pid=1871981)[0m Training Progress:  75%|███████▌  | 49/65 [4:40:23<1:29:31, 335.72s/it]
[36m(TaskRunner pid=1871981)[0m Dumped generations to /inspire/hdd/global_user/mengweicheng-240108120092/lzy/projects/Dual-Track-OPD/third_party/Vision-OPD/rollouts/Vision-OPD-Qwen3.5-4B/50.jsonl
[36m(TaskRunner pid=1871981)[0m step:50 - global_seqlen/min:321119 - global_seqlen/max:345775 - global_seqlen/minmax_diff:24656 - global_seqlen/balanced_min:330008 - global_seqlen/balanced_max:330026 - global_seqlen/mean:330018.75 - self_distillation/teacher_always_on_fraction:1.0 - self_distillation/teacher_image_swap_fraction:1.0 - self_distillation/policy_fallback_fraction:0.0 - self_distillation/grpo_fallback_count:0.0 - rollout_corr/rollout_is_mean:1.0 - rollout_corr/rollout_is_ratio_fraction_high:0.0 - rollout_corr/rollout_is_ratio_fraction_low:0.0 - rollout_corr/rollout_is_max:1.0 - rollout_corr/rollout_is_min:1.0 - rollout_corr/rollout_is_std:0.0 - rollout_corr/rollout_is_eff_sample_size:1.0 - rollout_corr/rollout_is_seq_mean:1.0 - rollout_corr/rollout_is_seq_std:0.0 - rollout_corr/rollout_is_seq_max:1.0 - rollout_corr/rollout_is_seq_min:1.0 - rollout_corr/rollout_is_seq_max_deviation:0.0 - rollout_corr/rollout_is_seq_fraction_high:0.0 - rollout_corr/rollout_is_seq_fraction_low:0.0 - rollout_corr/training_ppl:2.513559975557857 - rollout_corr/training_log_ppl:0.7292063301946554 - rollout_corr/kl:0.07070450577587747 - rollout_corr/k3_kl:0.06652307679804734 - rollout_corr/rollout_ppl:2.130528341564867 - rollout_corr/rollout_log_ppl:0.6516604576673772 - rollout_corr/log_ppl_diff:0.07754587664365115 - rollout_corr/log_ppl_abs_diff:0.11303431634506625 - rollout_corr/log_ppl_diff_max:2.201634168624878 - rollout_corr/log_ppl_diff_min:-0.5668680667877197 - rollout_corr/ppl_ratio:1.1202711398816771 - rollout_corr/chi2_token:0.2581073912895388 - rollout_corr/chi2_seq:0.5321169731517632 - actor/pg_loss:0.0062337987392311325 - actor/kl_loss:0.0 - actor/grpo_loss:0.0 - actor/vopd_loss:0.0062337987392311325 - actor/vopd_loss_weighted:0.0062337987392311325 - actor/policy_fallback_fraction:0.0 - self_distillation/raw_jsd_token_mean:0.006220688756204455 - self_distillation/weighted_jsd_token_mean:0.006220688756204455 - self_distillation/self_distillation_mask.mean():1.0 - self_distillation/num_distill_tokens:202.74305555555554 - self_distillation/empty_target_batch:0.0 - actor/grad_norm:0.2698109447956085 - timing_s/update_actor/student_forward:30.241749526932836 - timing_s/update_actor/teacher_forward:10.70527968276292 - timing_s/update_actor/loss_compute:0.06319492310285568 - timing_s/update_actor/backward:60.69616259727627 - timing_s/update_actor/optimizer_step:0.015091541223227978 - timing_s/update_actor/teacher_ema_update:0.9147326163947582 - perf/mfu/actor:0.15667835103764716 - perf/max_memory_allocated_gb:151.58445024490356 - perf/max_memory_reserved_gb:168.5234375 - perf/cpu_memory_used_gb:618.5619759559631 - actor/lr:2e-06 - training/global_step:50 - training/epoch:0 - response_length/mean:76.02864837646484 - response_length/max:1024.0 - response_length/min:2.0 - response_length/clip_ratio:0.01171875 - response_length_non_aborted/mean:76.02864837646484 - response_length_non_aborted/max:1024.0 - response_length_non_aborted/min:2.0 - response_length_non_aborted/clip_ratio:0.01171875 - response/aborted_ratio:0.0 - prompt_length/mean:3361.666748046875 - prompt_length/max:3982.0 - prompt_length/min:2424.0 - prompt_length/clip_ratio:0.0 - num_turns/min:2 - num_turns/max:2 - num_turns/mean:2.0 - timing_s/start_profile:2.1597370505332947e-05 - timing_s/agent_loop/generate_sequences/min:9.37650284357369 - timing_s/agent_loop/generate_sequences/max:40.27828488033265 - timing_s/agent_loop/generate_sequences/mean:20.359983801251172 - timing_s/agent_loop/tool_calls/min:0.0 - timing_s/agent_loop/tool_calls/max:0.0 - timing_s/agent_loop/tool_calls/mean:0.0 - timing_s/agent_loop/slowest/generate_sequences:40.27828488033265 - timing_s/agent_loop/slowest/tool_calls:0.0 - timing_s/agent_loop/slowest/prompt_length:3003 - timing_s/agent_loop/slowest/response_length:1024 - timing_s/gen:123.17599042877555 - timing_s/adv:24.25482583604753 - timing_s/update_actor:181.49638034775853 - timing_s/dump_rollout_generations:0.5668026255443692 - timing_s/step:329.68760047946125 - timing_s/stop_profile:3.0079856514930725e-05 - timing_per_token_ms/gen:2.10953914075656 - timing_per_token_ms/update_actor:0.06874472296943679 - timing_per_token_ms/adv:0.009186912045166952 - perf/total_num_tokens:2640150 - perf/time_per_step:329.68760047946125 - perf/throughput:1001.004434258544
[36m(TaskRunner pid=1871981)[0m Training Progress:  77%|███████▋  | 50/65 [4:45:56<1:23:41, 334.76s/it]
[36m(TaskRunner pid=1871981)[0m Dumped generations to /inspire/hdd/global_user/mengweicheng-240108120092/lzy/projects/Dual-Track-OPD/third_party/Vision-OPD/rollouts/Vision-OPD-Qwen3.5-4B/51.jsonl
[36m(TaskRunner pid=1871981)[0m step:51 - global_seqlen/min:309888 - global_seqlen/max:332988 - global_seqlen/minmax_diff:23100 - global_seqlen/balanced_min:324504 - global_seqlen/balanced_max:324542 - global_seqlen/mean:324521.125 - self_distillation/teacher_always_on_fraction:1.0 - self_distillation/teacher_image_swap_fraction:1.0 - self_distillation/policy_fallback_fraction:0.0 - self_distillation/grpo_fallback_count:0.0 - rollout_corr/rollout_is_mean:1.0 - rollout_corr/rollout_is_ratio_fraction_high:0.0 - rollout_corr/rollout_is_ratio_fraction_low:0.0 - rollout_corr/rollout_is_max:1.0 - rollout_corr/rollout_is_min:1.0 - rollout_corr/rollout_is_std:0.0 - rollout_corr/rollout_is_eff_sample_size:1.0 - rollout_corr/rollout_is_seq_mean:1.0 - rollout_corr/rollout_is_seq_std:0.0 - rollout_corr/rollout_is_seq_max:1.0 - rollout_corr/rollout_is_seq_min:1.0 - rollout_corr/rollout_is_seq_max_deviation:0.0 - rollout_corr/rollout_is_seq_fraction_high:0.0 - rollout_corr/rollout_is_seq_fraction_low:0.0 - rollout_corr/training_ppl:4.541401209102737 - rollout_corr/training_log_ppl:0.7775310787579252 - rollout_corr/kl:0.06591872774273118 - rollout_corr/k3_kl:0.07990014634985224 - rollout_corr/rollout_ppl:2.9241189248859882 - rollout_corr/rollout_log_ppl:0.6802854250806073 - rollout_corr/log_ppl_diff:0.09724565596520228 - rollout_corr/log_ppl_abs_diff:0.13161496279321402 - rollout_corr/log_ppl_diff_max:2.7651665210723877 - rollout_corr/log_ppl_diff_min:-1.0309761762619019 - rollout_corr/ppl_ratio:1.1961899465984769 - rollout_corr/chi2_token:1.3375614701459804 - rollout_corr/chi2_seq:214.84370176618296 - actor/pg_loss:0.007971034728143422 - actor/kl_loss:0.0 - actor/grpo_loss:0.0 - actor/vopd_loss:0.007971034728143422 - actor/vopd_loss_weighted:0.007971034728143422 - actor/policy_fallback_fraction:0.0 - self_distillation/raw_jsd_token_mean:0.007813449497310406 - self_distillation/weighted_jsd_token_mean:0.007813449497310406 - self_distillation/self_distillation_mask.mean():1.0 - self_distillation/num_distill_tokens:194.8923611111111 - self_distillation/empty_target_batch:0.0 - actor/grad_norm:0.4106875956058502 - timing_s/update_actor/student_forward:28.280048250220716 - timing_s/update_actor/teacher_forward:9.475249707698822 - timing_s/update_actor/loss_compute:0.05372694134712219 - timing_s/update_actor/backward:59.04877768550068 - timing_s/update_actor/optimizer_step:0.014745006337761879 - timing_s/update_actor/teacher_ema_update:0.8856623312458396 - perf/mfu/actor:0.16011955688849333 - perf/max_memory_allocated_gb:151.58445024490356 - perf/max_memory_reserved_gb:168.5234375 - perf/cpu_memory_used_gb:614.196900844574 - actor/lr:2e-06 - training/global_step:51 - training/epoch:0 - response_length/mean:73.08463287353516 - response_length/max:1024.0 - response_length/min:2.0 - response_length/clip_ratio:0.01171875 - response_length_non_aborted/mean:73.08463287353516 - response_length_non_aborted/max:1024.0 - response_length_non_aborted/min:2.0 - response_length_non_aborted/clip_ratio:0.01171875 - response/aborted_ratio:0.0 - prompt_length/mean:3307.34375 - prompt_length/max:3976.0 - prompt_length/min:2282.0 - prompt_length/clip_ratio:0.0 - num_turns/min:2 - num_turns/max:2 - num_turns/mean:2.0 - timing_s/start_profile:3.975722938776016e-05 - timing_s/agent_loop/generate_sequences/min:8.066370578482747 - timing_s/agent_loop/generate_sequences/max:40.0956429541111 - timing_s/agent_loop/generate_sequences/mean:20.604187863857078 - timing_s/agent_loop/tool_calls/min:0.0 - timing_s/agent_loop/tool_calls/max:0.0 - timing_s/agent_loop/tool_calls/mean:0.0 - timing_s/agent_loop/slowest/generate_sequences:40.0956429541111 - timing_s/agent_loop/slowest/tool_calls:0.0 - timing_s/agent_loop/slowest/prompt_length:3368 - timing_s/agent_loop/slowest/response_length:333 - timing_s/gen:122.26276599708945 - timing_s/adv:22.8027904368937 - timing_s/update_actor:179.50178834982216 - timing_s/dump_rollout_generations:0.5610834332183003 - timing_s/step:325.31185468286276 - timing_s/stop_profile:3.133155405521393e-05 - timing_per_token_ms/gen:2.1782459334228195 - timing_per_token_ms/update_actor:0.06914102600786858 - timing_per_token_ms/adv:0.008783245789042894 - perf/total_num_tokens:2596169 - perf/time_per_step:325.31185468286276 - perf/throughput:997.5693179591208
[36m(TaskRunner pid=1871981)[0m Training Progress:  78%|███████▊  | 51/65 [4:51:24<1:17:41, 332.93s/it]
[36m(TaskRunner pid=1871981)[0m Dumped generations to /inspire/hdd/global_user/mengweicheng-240108120092/lzy/projects/Dual-Track-OPD/third_party/Vision-OPD/rollouts/Vision-OPD-Qwen3.5-4B/52.jsonl
[36m(TaskRunner pid=1871981)[0m step:52 - global_seqlen/min:317590 - global_seqlen/max:339140 - global_seqlen/minmax_diff:21550 - global_seqlen/balanced_min:328541 - global_seqlen/balanced_max:328558 - global_seqlen/mean:328550.125 - self_distillation/teacher_always_on_fraction:1.0 - self_distillation/teacher_image_swap_fraction:1.0 - self_distillation/policy_fallback_fraction:0.0 - self_distillation/grpo_fallback_count:0.0 - rollout_corr/rollout_is_mean:1.0 - rollout_corr/rollout_is_ratio_fraction_high:0.0 - rollout_corr/rollout_is_ratio_fraction_low:0.0 - rollout_corr/rollout_is_max:1.0 - rollout_corr/rollout_is_min:1.0 - rollout_corr/rollout_is_std:0.0 - rollout_corr/rollout_is_eff_sample_size:1.0 - rollout_corr/rollout_is_seq_mean:1.0 - rollout_corr/rollout_is_seq_std:0.0 - rollout_corr/rollout_is_seq_max:1.0 - rollout_corr/rollout_is_seq_min:1.0 - rollout_corr/rollout_is_seq_max_deviation:0.0 - rollout_corr/rollout_is_seq_fraction_high:0.0 - rollout_corr/rollout_is_seq_fraction_low:0.0 - rollout_corr/training_ppl:2.7519542492098275 - rollout_corr/training_log_ppl:0.7555781994014978 - rollout_corr/kl:0.059893176121072936 - rollout_corr/k3_kl:0.08679272700545779 - rollout_corr/rollout_ppl:2.1635688762697907 - rollout_corr/rollout_log_ppl:0.6713119349442422 - rollout_corr/log_ppl_diff:0.08426626696422722 - rollout_corr/log_ppl_abs_diff:0.11810574845165117 - rollout_corr/log_ppl_diff_max:2.9070382118225098 - rollout_corr/log_ppl_diff_min:-0.7142353653907776 - rollout_corr/ppl_ratio:1.1631257974853118 - rollout_corr/chi2_token:5.330161790880893 - rollout_corr/chi2_seq:16.20166495276822 - actor/pg_loss:0.00750355654872692 - actor/kl_loss:0.0 - actor/grpo_loss:0.0 - actor/vopd_loss:0.00750355654872692 - actor/vopd_loss_weighted:0.00750355654872692 - actor/policy_fallback_fraction:0.0 - self_distillation/raw_jsd_token_mean:0.007569849906657409 - self_distillation/weighted_jsd_token_mean:0.007569849906657409 - self_distillation/self_distillation_mask.mean():1.0 - self_distillation/num_distill_tokens:199.00347222222223 - self_distillation/empty_target_batch:0.0 - actor/grad_norm:0.30771827697753906 - timing_s/update_actor/student_forward:29.003394151106477 - timing_s/update_actor/teacher_forward:8.883914600126445 - timing_s/update_actor/loss_compute:0.05818499159067869 - timing_s/update_actor/backward:60.18974782433361 - timing_s/update_actor/optimizer_step:0.014928287826478481 - timing_s/update_actor/teacher_ema_update:1.3596185883507133 - perf/mfu/actor:0.16091009573162263 - perf/max_memory_allocated_gb:151.58445024490356 - perf/max_memory_reserved_gb:168.5234375 - perf/cpu_memory_used_gb:618.0262603759766 - actor/lr:2e-06 - training/global_step:52 - training/epoch:0 - response_length/mean:74.62630462646484 - response_length/max:1024.0 - response_length/min:2.0 - response_length/clip_ratio:0.013020833022892475 - response_length_non_aborted/mean:74.62630462646484 - response_length_non_aborted/max:1024.0 - response_length_non_aborted/min:2.0 - response_length_non_aborted/clip_ratio:0.013020833022892475 - response/aborted_ratio:0.0 - prompt_length/mean:3347.770751953125 - prompt_length/max:4356.0 - prompt_length/min:2430.0 - prompt_length/clip_ratio:0.0 - num_turns/min:2 - num_turns/max:2 - num_turns/mean:2.0 - timing_s/start_profile:5.36041334271431e-05 - timing_s/agent_loop/generate_sequences/min:10.801057799719274 - timing_s/agent_loop/generate_sequences/max:38.75275049172342 - timing_s/agent_loop/generate_sequences/mean:20.290932934476587 - timing_s/agent_loop/tool_calls/min:0.0 - timing_s/agent_loop/tool_calls/max:0.0 - timing_s/agent_loop/tool_calls/mean:0.0 - timing_s/agent_loop/slowest/generate_sequences:38.75275049172342 - timing_s/agent_loop/slowest/tool_calls:0.0 - timing_s/agent_loop/slowest/prompt_length:3232 - timing_s/agent_loop/slowest/response_length:296 - timing_s/gen:121.19065446872264 - timing_s/adv:20.262220084667206 - timing_s/update_actor:178.88295438606292 - timing_s/dump_rollout_generations:0.545410979539156 - timing_s/step:321.0808581151068 - timing_s/stop_profile:3.151688724756241e-05 - timing_per_token_ms/gen:2.1145404091344484 - timing_per_token_ms/update_actor:0.06805771051908097 - timing_per_token_ms/adv:0.007708953118138064 - perf/total_num_tokens:2628401 - perf/time_per_step:321.0808581151068 - perf/throughput:1023.2628843984697
[36m(TaskRunner pid=1871981)[0m Training Progress:  80%|████████  | 52/65 [4:56:48<1:11:30, 330.06s/it]
[36m(TaskRunner pid=1871981)[0m Dumped generations to /inspire/hdd/global_user/mengweicheng-240108120092/lzy/projects/Dual-Track-OPD/third_party/Vision-OPD/rollouts/Vision-OPD-Qwen3.5-4B/53.jsonl
[36m(TaskRunner pid=1871981)[0m step:53 - global_seqlen/min:319271 - global_seqlen/max:338576 - global_seqlen/minmax_diff:19305 - global_seqlen/balanced_min:329612 - global_seqlen/balanced_max:329701 - global_seqlen/mean:329640.875 - self_distillation/teacher_always_on_fraction:1.0 - self_distillation/teacher_image_swap_fraction:1.0 - self_distillation/policy_fallback_fraction:0.0 - self_distillation/grpo_fallback_count:0.0 - rollout_corr/rollout_is_mean:1.0 - rollout_corr/rollout_is_ratio_fraction_high:0.0 - rollout_corr/rollout_is_ratio_fraction_low:0.0 - rollout_corr/rollout_is_max:1.0 - rollout_corr/rollout_is_min:1.0 - rollout_corr/rollout_is_std:0.0 - rollout_corr/rollout_is_eff_sample_size:1.0 - rollout_corr/rollout_is_seq_mean:1.0 - rollout_corr/rollout_is_seq_std:0.0 - rollout_corr/rollout_is_seq_max:1.0 - rollout_corr/rollout_is_seq_min:1.0 - rollout_corr/rollout_is_seq_max_deviation:0.0 - rollout_corr/rollout_is_seq_fraction_high:0.0 - rollout_corr/rollout_is_seq_fraction_low:0.0 - rollout_corr/training_ppl:2.930460302780072 - rollout_corr/training_log_ppl:0.8025317991980248 - rollout_corr/kl:0.06959932853507983 - rollout_corr/k3_kl:0.0766799431156768 - rollout_corr/rollout_ppl:2.310425288975239 - rollout_corr/rollout_log_ppl:0.7037027622055676 - rollout_corr/log_ppl_diff:0.09882903435088035 - rollout_corr/log_ppl_abs_diff:0.1293299321081981 - rollout_corr/log_ppl_diff_max:2.2980031967163086 - rollout_corr/log_ppl_diff_min:-0.6435592174530029 - rollout_corr/ppl_ratio:1.1678283398764 - rollout_corr/chi2_token:0.5667409373240337 - rollout_corr/chi2_seq:0.421181397098634 - actor/pg_loss:0.006656225751915674 - actor/kl_loss:0.0 - actor/grpo_loss:0.0 - actor/vopd_loss:0.006656225751915674 - actor/vopd_loss_weighted:0.006656225751915674 - actor/policy_fallback_fraction:0.0 - self_distillation/raw_jsd_token_mean:0.006740718275977997 - self_distillation/weighted_jsd_token_mean:0.006740718275977997 - self_distillation/self_distillation_mask.mean():1.0 - self_distillation/num_distill_tokens:168.99652777777777 - self_distillation/empty_target_batch:0.0 - actor/grad_norm:0.2558048963546753 - timing_s/update_actor/student_forward:31.896284518763423 - timing_s/update_actor/teacher_forward:9.756437253206968 - timing_s/update_actor/loss_compute:0.10680587030947208 - timing_s/update_actor/backward:62.08148002717644 - timing_s/update_actor/optimizer_step:0.015770438127219677 - timing_s/update_actor/teacher_ema_update:1.3895281264558434 - perf/mfu/actor:0.15381666715277015 - perf/max_memory_allocated_gb:151.58445024490356 - perf/max_memory_reserved_gb:168.5234375 - perf/cpu_memory_used_gb:619.2671403884888 - actor/lr:2e-06 - training/global_step:53 - training/epoch:0 - response_length/mean:63.37369918823242 - response_length/max:1024.0 - response_length/min:2.0 - response_length/clip_ratio:0.0052083334885537624 - response_length_non_aborted/mean:63.37369918823242 - response_length_non_aborted/max:1024.0 - response_length_non_aborted/min:2.0 - response_length_non_aborted/clip_ratio:0.0052083334885537624 - response/aborted_ratio:0.0 - prompt_length/mean:3370.385498046875 - prompt_length/max:5727.0 - prompt_length/min:2613.0 - prompt_length/clip_ratio:0.0 - num_turns/min:2 - num_turns/max:2 - num_turns/mean:2.0 - timing_s/start_profile:2.0908191800117493e-05 - timing_s/agent_loop/generate_sequences/min:9.517019883729517 - timing_s/agent_loop/generate_sequences/max:40.84538969770074 - timing_s/agent_loop/generate_sequences/mean:20.776593900952623 - timing_s/agent_loop/tool_calls/min:0.0 - timing_s/agent_loop/tool_calls/max:0.0 - timing_s/agent_loop/tool_calls/mean:0.0 - timing_s/agent_loop/slowest/generate_sequences:40.84538969770074 - timing_s/agent_loop/slowest/tool_calls:0.0 - timing_s/agent_loop/slowest/prompt_length:3365 - timing_s/agent_loop/slowest/response_length:1024 - timing_s/gen:121.49888374563307 - timing_s/adv:26.332470034249127 - timing_s/update_actor:187.02720004692674 - timing_s/dump_rollout_generations:0.564903692342341 - timing_s/step:335.6241253344342 - timing_s/stop_profile:3.104936331510544e-05 - timing_per_token_ms/gen:2.496330129761728 - timing_per_token_ms/update_actor:0.07092081649724367 - timing_per_token_ms/adv:0.009985287031777054 - perf/total_num_tokens:2637127 - perf/time_per_step:335.6241253344342 - perf/throughput:982.1727644624111
[36m(TaskRunner pid=1871981)[0m Training Progress:  82%|████████▏ | 53/65 [5:02:26<1:06:29, 332.42s/it]
[36m(TaskRunner pid=1871981)[0m Dumped generations to /inspire/hdd/global_user/mengweicheng-240108120092/lzy/projects/Dual-Track-OPD/third_party/Vision-OPD/rollouts/Vision-OPD-Qwen3.5-4B/54.jsonl
[36m(TaskRunner pid=1871981)[0m step:54 - global_seqlen/min:310609 - global_seqlen/max:335669 - global_seqlen/minmax_diff:25060 - global_seqlen/balanced_min:326031 - global_seqlen/balanced_max:326048 - global_seqlen/mean:326041.625 - self_distillation/teacher_always_on_fraction:1.0 - self_distillation/teacher_image_swap_fraction:1.0 - self_distillation/policy_fallback_fraction:0.0 - self_distillation/grpo_fallback_count:0.0 - rollout_corr/rollout_is_mean:1.0 - rollout_corr/rollout_is_ratio_fraction_high:0.0 - rollout_corr/rollout_is_ratio_fraction_low:0.0 - rollout_corr/rollout_is_max:1.0 - rollout_corr/rollout_is_min:1.0 - rollout_corr/rollout_is_std:0.0 - rollout_corr/rollout_is_eff_sample_size:1.0 - rollout_corr/rollout_is_seq_mean:1.0 - rollout_corr/rollout_is_seq_std:0.0 - rollout_corr/rollout_is_seq_max:1.0 - rollout_corr/rollout_is_seq_min:1.0 - rollout_corr/rollout_is_seq_max_deviation:0.0 - rollout_corr/rollout_is_seq_fraction_high:0.0 - rollout_corr/rollout_is_seq_fraction_low:0.0 - rollout_corr/training_ppl:3.0134125625093775 - rollout_corr/training_log_ppl:0.7827425105497241 - rollout_corr/kl:0.07577815659906643 - rollout_corr/k3_kl:0.08023349786182937 - rollout_corr/rollout_ppl:2.279344709797038 - rollout_corr/rollout_log_ppl:0.6857590729163753 - rollout_corr/log_ppl_diff:0.09698343723984079 - rollout_corr/log_ppl_abs_diff:0.12399358107682523 - rollout_corr/log_ppl_diff_max:2.5966687202453613 - rollout_corr/log_ppl_diff_min:-0.635350227355957 - rollout_corr/ppl_ratio:1.1697295517143276 - rollout_corr/chi2_token:0.8347240951326158 - rollout_corr/chi2_seq:0.29392771029637915 - actor/pg_loss:0.006419651132622069 - actor/kl_loss:0.0 - actor/grpo_loss:0.0 - actor/vopd_loss:0.006419651132622069 - actor/vopd_loss_weighted:0.006419651132622069 - actor/policy_fallback_fraction:0.0 - self_distillation/raw_jsd_token_mean:0.006442769854806506 - self_distillation/weighted_jsd_token_mean:0.006442769854806506 - self_distillation/self_distillation_mask.mean():1.0 - self_distillation/num_distill_tokens:196.5451388888889 - self_distillation/empty_target_batch:0.0 - actor/grad_norm:0.6064709424972534 - timing_s/update_actor/student_forward:31.994020965881646 - timing_s/update_actor/teacher_forward:10.915603275410831 - timing_s/update_actor/loss_compute:0.06978964526206255 - timing_s/update_actor/backward:59.49229781329632 - timing_s/update_actor/optimizer_step:0.015165174379944801 - timing_s/update_actor/teacher_ema_update:0.8859711643308401 - perf/mfu/actor:0.15333270097530338 - perf/max_memory_allocated_gb:151.58445024490356 - perf/max_memory_reserved_gb:168.5234375 - perf/cpu_memory_used_gb:615.94899559021 - actor/lr:2e-06 - training/global_step:54 - training/epoch:0 - response_length/mean:73.70442962646484 - response_length/max:1024.0 - response_length/min:2.0 - response_length/clip_ratio:0.0065104165114462376 - response_length_non_aborted/mean:73.70442962646484 - response_length_non_aborted/max:1024.0 - response_length_non_aborted/min:2.0 - response_length_non_aborted/clip_ratio:0.0065104165114462376 - response/aborted_ratio:0.0 - prompt_length/mean:3322.5625 - prompt_length/max:4209.0 - prompt_length/min:2283.0 - prompt_length/clip_ratio:0.0 - num_turns/min:2 - num_turns/max:2 - num_turns/mean:2.0 - timing_s/start_profile:2.2221356630325317e-05 - timing_s/agent_loop/generate_sequences/min:8.696086431853473 - timing_s/agent_loop/generate_sequences/max:35.079590398818254 - timing_s/agent_loop/generate_sequences/mean:20.068207465981686 - timing_s/agent_loop/tool_calls/min:0.0 - timing_s/agent_loop/tool_calls/max:0.0 - timing_s/agent_loop/tool_calls/mean:0.0 - timing_s/agent_loop/slowest/generate_sequences:35.079590398818254 - timing_s/agent_loop/slowest/tool_calls:0.0 - timing_s/agent_loop/slowest/prompt_length:3370 - timing_s/agent_loop/slowest/response_length:370 - timing_s/gen:118.7642228687182 - timing_s/adv:24.479326362721622 - timing_s/update_actor:184.94378894008696 - timing_s/dump_rollout_generations:0.5510048326104879 - timing_s/step:328.95078968442976 - timing_s/stop_profile:2.8380192816257477e-05 - timing_per_token_ms/gen:2.0981224780269976 - timing_per_token_ms/update_actor:0.07090497606712293 - timing_per_token_ms/adv:0.009385046450250647 - perf/total_num_tokens:2608333 - perf/time_per_step:328.95078968442976 - perf/throughput:991.1562313401935
[36m(TaskRunner pid=1871981)[0m Training Progress:  83%|████████▎ | 54/65 [5:07:57<1:00:52, 332.06s/it]
[36m(TaskRunner pid=1871981)[0m Dumped generations to /inspire/hdd/global_user/mengweicheng-240108120092/lzy/projects/Dual-Track-OPD/third_party/Vision-OPD/rollouts/Vision-OPD-Qwen3.5-4B/55.jsonl
[36m(TaskRunner pid=1871981)[0m step:55 - global_seqlen/min:315840 - global_seqlen/max:343323 - global_seqlen/minmax_diff:27483 - global_seqlen/balanced_min:332404 - global_seqlen/balanced_max:332430 - global_seqlen/mean:332421.5 - self_distillation/teacher_always_on_fraction:1.0 - self_distillation/teacher_image_swap_fraction:1.0 - self_distillation/policy_fallback_fraction:0.0 - self_distillation/grpo_fallback_count:0.0 - rollout_corr/rollout_is_mean:1.0 - rollout_corr/rollout_is_ratio_fraction_high:0.0 - rollout_corr/rollout_is_ratio_fraction_low:0.0 - rollout_corr/rollout_is_max:1.0 - rollout_corr/rollout_is_min:1.0 - rollout_corr/rollout_is_std:0.0 - rollout_corr/rollout_is_eff_sample_size:1.0 - rollout_corr/rollout_is_seq_mean:1.0 - rollout_corr/rollout_is_seq_std:0.0 - rollout_corr/rollout_is_seq_max:1.0 - rollout_corr/rollout_is_seq_min:1.0 - rollout_corr/rollout_is_seq_max_deviation:0.0 - rollout_corr/rollout_is_seq_fraction_high:0.0 - rollout_corr/rollout_is_seq_fraction_low:0.0 - rollout_corr/training_ppl:2.749952228890883 - rollout_corr/training_log_ppl:0.7395495935469061 - rollout_corr/kl:0.06009921856253346 - rollout_corr/k3_kl:0.07121433801807438 - rollout_corr/rollout_ppl:2.177839770913124 - rollout_corr/rollout_log_ppl:0.6567843616310809 - rollout_corr/log_ppl_diff:0.0827652334610812 - rollout_corr/log_ppl_abs_diff:0.11327768625326556 - rollout_corr/log_ppl_diff_max:2.9107089042663574 - rollout_corr/log_ppl_diff_min:-0.8232427835464478 - rollout_corr/ppl_ratio:1.1477179752813802 - rollout_corr/chi2_token:0.7715546226984745 - rollout_corr/chi2_seq:1.8895417957289797 - actor/pg_loss:0.006636390745219008 - actor/kl_loss:0.0 - actor/grpo_loss:0.0 - actor/vopd_loss:0.006636390745219008 - actor/vopd_loss_weighted:0.006636390745219008 - actor/policy_fallback_fraction:0.0 - self_distillation/raw_jsd_token_mean:0.006694729230287988 - self_distillation/weighted_jsd_token_mean:0.006694729230287988 - self_distillation/self_distillation_mask.mean():1.0 - self_distillation/num_distill_tokens:190.2837837837838 - self_distillation/empty_target_batch:0.0 - actor/grad_norm:0.3570657968521118 - timing_s/update_actor/student_forward:30.396437251009047 - timing_s/update_actor/teacher_forward:9.229893596842885 - timing_s/update_actor/loss_compute:0.0429212860763073 - timing_s/update_actor/backward:60.70807589776814 - timing_s/update_actor/optimizer_step:0.014516289345920086 - timing_s/update_actor/teacher_ema_update:0.8802938256412745 - perf/mfu/actor:0.16006082795366697 - perf/max_memory_allocated_gb:151.58445024490356 - perf/max_memory_reserved_gb:168.5234375 - perf/cpu_memory_used_gb:621.532130241394 - actor/lr:2e-06 - training/global_step:55 - training/epoch:0 - response_length/mean:73.33853912353516 - response_length/max:1024.0 - response_length/min:2.0 - response_length/clip_ratio:0.0065104165114462376 - response_length_non_aborted/mean:73.33853912353516 - response_length_non_aborted/max:1024.0 - response_length_non_aborted/min:2.0 - response_length_non_aborted/clip_ratio:0.0065104165114462376 - response/aborted_ratio:0.0 - prompt_length/mean:3389.385498046875 - prompt_length/max:4494.0 - prompt_length/min:2523.0 - prompt_length/clip_ratio:0.0 - num_turns/min:2 - num_turns/max:2 - num_turns/mean:2.0 - timing_s/start_profile:2.1202489733695984e-05 - timing_s/agent_loop/generate_sequences/min:8.05683567095548 - timing_s/agent_loop/generate_sequences/max:39.29428650997579 - timing_s/agent_loop/generate_sequences/mean:20.839364579074754 - timing_s/agent_loop/tool_calls/min:0.0 - timing_s/agent_loop/tool_calls/max:0.0 - timing_s/agent_loop/tool_calls/mean:0.0 - timing_s/agent_loop/slowest/generate_sequences:39.29428650997579 - timing_s/agent_loop/slowest/tool_calls:0.0 - timing_s/agent_loop/slowest/prompt_length:3367 - timing_s/agent_loop/slowest/response_length:895 - timing_s/gen:126.87603916600347 - timing_s/adv:20.795464999973774 - timing_s/update_actor:189.25256174523383 - timing_s/dump_rollout_generations:0.5799178387969732 - timing_s/step:337.70312286447734 - timing_s/stop_profile:3.7610530853271484e-05 - timing_per_token_ms/gen:2.252610595234775 - timing_per_token_ms/update_actor:0.07116438081819085 - timing_per_token_ms/adv:0.007819690137360917 - perf/total_num_tokens:2659372 - perf/time_per_step:337.70312286447734 - perf/throughput:984.36015983602
[36m(TaskRunner pid=1871981)[0m Training Progress:  85%|████████▍ | 55/65 [5:13:38<55:47, 334.75s/it]  
[36m(TaskRunner pid=1871981)[0m Dumped generations to /inspire/hdd/global_user/mengweicheng-240108120092/lzy/projects/Dual-Track-OPD/third_party/Vision-OPD/rollouts/Vision-OPD-Qwen3.5-4B/56.jsonl
[36m(TaskRunner pid=1871981)[0m step:56 - global_seqlen/min:320058 - global_seqlen/max:341250 - global_seqlen/minmax_diff:21192 - global_seqlen/balanced_min:331146 - global_seqlen/balanced_max:331169 - global_seqlen/mean:331160.0 - self_distillation/teacher_always_on_fraction:1.0 - self_distillation/teacher_image_swap_fraction:1.0 - self_distillation/policy_fallback_fraction:0.0 - self_distillation/grpo_fallback_count:0.0 - rollout_corr/rollout_is_mean:1.0 - rollout_corr/rollout_is_ratio_fraction_high:0.0 - rollout_corr/rollout_is_ratio_fraction_low:0.0 - rollout_corr/rollout_is_max:1.0 - rollout_corr/rollout_is_min:1.0 - rollout_corr/rollout_is_std:0.0 - rollout_corr/rollout_is_eff_sample_size:1.0 - rollout_corr/rollout_is_seq_mean:1.0 - rollout_corr/rollout_is_seq_std:0.0 - rollout_corr/rollout_is_seq_max:1.0 - rollout_corr/rollout_is_seq_min:1.0 - rollout_corr/rollout_is_seq_max_deviation:0.0 - rollout_corr/rollout_is_seq_fraction_high:0.0 - rollout_corr/rollout_is_seq_fraction_low:0.0 - rollout_corr/training_ppl:2.6350049239893756 - rollout_corr/training_log_ppl:0.7485912617606422 - rollout_corr/kl:0.06529516056525608 - rollout_corr/k3_kl:0.07330919680882492 - rollout_corr/rollout_ppl:2.114865489717987 - rollout_corr/rollout_log_ppl:0.660857978121688 - rollout_corr/log_ppl_diff:0.0877332846592051 - rollout_corr/log_ppl_abs_diff:0.11908371432865451 - rollout_corr/log_ppl_diff_max:2.244983196258545 - rollout_corr/log_ppl_diff_min:-0.7732877731323242 - rollout_corr/ppl_ratio:1.1422220232586064 - rollout_corr/chi2_token:0.9072662558820512 - rollout_corr/chi2_seq:0.5885596385018692 - actor/pg_loss:0.006606503621469528 - actor/kl_loss:0.0 - actor/grpo_loss:0.0 - actor/vopd_loss:0.006606503621469528 - actor/vopd_loss_weighted:0.006606503621469528 - actor/policy_fallback_fraction:0.0 - self_distillation/raw_jsd_token_mean:0.006637722576569003 - self_distillation/weighted_jsd_token_mean:0.006637722576569003 - self_distillation/self_distillation_mask.mean():1.0 - self_distillation/num_distill_tokens:179.69444444444446 - self_distillation/empty_target_batch:0.0 - actor/grad_norm:0.34185752272605896 - timing_s/update_actor/student_forward:30.921646990813315 - timing_s/update_actor/teacher_forward:10.049576216377318 - timing_s/update_actor/loss_compute:0.05054876394569874 - timing_s/update_actor/backward:60.37295708805323 - timing_s/update_actor/optimizer_step:0.0152713842689991 - timing_s/update_actor/teacher_ema_update:0.8980652391910553 - perf/mfu/actor:0.15915483297775776 - perf/max_memory_allocated_gb:151.58445024490356 - perf/max_memory_reserved_gb:168.5234375 - perf/cpu_memory_used_gb:619.1953234672546 - actor/lr:2e-06 - training/global_step:56 - training/epoch:0 - response_length/mean:67.38541412353516 - response_length/max:1024.0 - response_length/min:2.0 - response_length/clip_ratio:0.009114583022892475 - response_length_non_aborted/mean:67.38541412353516 - response_length_non_aborted/max:1024.0 - response_length_non_aborted/min:2.0 - response_length_non_aborted/clip_ratio:0.009114583022892475 - response/aborted_ratio:0.0 - prompt_length/mean:3382.197998046875 - prompt_length/max:4585.0 - prompt_length/min:2477.0 - prompt_length/clip_ratio:0.0 - num_turns/min:2 - num_turns/max:2 - num_turns/mean:2.0 - timing_s/start_profile:2.4277716875076294e-05 - timing_s/agent_loop/generate_sequences/min:7.36517094168812 - timing_s/agent_loop/generate_sequences/max:40.90717492252588 - timing_s/agent_loop/generate_sequences/mean:20.16701414778193 - timing_s/agent_loop/tool_calls/min:0.0 - timing_s/agent_loop/tool_calls/max:0.0 - timing_s/agent_loop/tool_calls/mean:0.0 - timing_s/agent_loop/slowest/generate_sequences:40.90717492252588 - timing_s/agent_loop/slowest/tool_calls:0.0 - timing_s/agent_loop/slowest/prompt_length:3365 - timing_s/agent_loop/slowest/response_length:446 - timing_s/gen:126.76146310009062 - timing_s/adv:23.286885005421937 - timing_s/update_actor:192.97829453554004 - timing_s/dump_rollout_generations:0.6067482782527804 - timing_s/step:343.8358048936352 - timing_s/stop_profile:3.539957106113434e-05 - timing_per_token_ms/gen:2.4494022086120464 - timing_per_token_ms/update_actor:0.07284178891455038 - timing_per_token_ms/adv:0.008789891972695198 - perf/total_num_tokens:2649280 - perf/time_per_step:343.8358048936352 - perf/throughput:963.1341334636268
[36m(TaskRunner pid=1871981)[0m Training Progress:  86%|████████▌ | 56/65 [5:19:24<50:43, 338.21s/it]
[36m(TaskRunner pid=1871981)[0m Dumped generations to /inspire/hdd/global_user/mengweicheng-240108120092/lzy/projects/Dual-Track-OPD/third_party/Vision-OPD/rollouts/Vision-OPD-Qwen3.5-4B/57.jsonl
[36m(TaskRunner pid=1871981)[0m step:57 - global_seqlen/min:321121 - global_seqlen/max:344885 - global_seqlen/minmax_diff:23764 - global_seqlen/balanced_min:329288 - global_seqlen/balanced_max:329303 - global_seqlen/mean:329295.625 - self_distillation/teacher_always_on_fraction:1.0 - self_distillation/teacher_image_swap_fraction:1.0 - self_distillation/policy_fallback_fraction:0.0 - self_distillation/grpo_fallback_count:0.0 - rollout_corr/rollout_is_mean:1.0 - rollout_corr/rollout_is_ratio_fraction_high:0.0 - rollout_corr/rollout_is_ratio_fraction_low:0.0 - rollout_corr/rollout_is_max:1.0 - rollout_corr/rollout_is_min:1.0 - rollout_corr/rollout_is_std:0.0 - rollout_corr/rollout_is_eff_sample_size:1.0 - rollout_corr/rollout_is_seq_mean:1.0 - rollout_corr/rollout_is_seq_std:0.0 - rollout_corr/rollout_is_seq_max:1.0 - rollout_corr/rollout_is_seq_min:1.0 - rollout_corr/rollout_is_seq_max_deviation:0.0 - rollout_corr/rollout_is_seq_fraction_high:0.0 - rollout_corr/rollout_is_seq_fraction_low:0.0 - rollout_corr/training_ppl:3.061825195534362 - rollout_corr/training_log_ppl:0.7860321565531194 - rollout_corr/kl:0.06388342529221014 - rollout_corr/k3_kl:0.06151880683885085 - rollout_corr/rollout_ppl:2.259258732199669 - rollout_corr/rollout_log_ppl:0.672577196214762 - rollout_corr/log_ppl_diff:0.11345495947494379 - rollout_corr/log_ppl_abs_diff:0.1352300277341985 - rollout_corr/log_ppl_diff_max:2.200423240661621 - rollout_corr/log_ppl_diff_min:-0.6618390083312988 - rollout_corr/ppl_ratio:1.1964202194164197 - rollout_corr/chi2_token:0.4536944093803565 - rollout_corr/chi2_seq:0.22316762142711216 - actor/pg_loss:0.0063169091678598 - actor/kl_loss:0.0 - actor/grpo_loss:0.0 - actor/vopd_loss:0.0063169091678598 - actor/vopd_loss_weighted:0.0063169091678598 - actor/policy_fallback_fraction:0.0 - self_distillation/raw_jsd_token_mean:0.006309311767230005 - self_distillation/weighted_jsd_token_mean:0.006309311767230005 - self_distillation/self_distillation_mask.mean():1.0 - self_distillation/num_distill_tokens:223.96180555555554 - self_distillation/empty_target_batch:0.0 - actor/grad_norm:0.2884919345378876 - timing_s/update_actor/student_forward:29.214318184182048 - timing_s/update_actor/teacher_forward:9.426969557069242 - timing_s/update_actor/loss_compute:0.05059956759214401 - timing_s/update_actor/backward:60.17532266676426 - timing_s/update_actor/optimizer_step:0.014788863249123096 - timing_s/update_actor/teacher_ema_update:0.8778074709698558 - perf/mfu/actor:0.16036955163718392 - perf/max_memory_allocated_gb:151.58445024490356 - perf/max_memory_reserved_gb:168.5234375 - perf/cpu_memory_used_gb:616.880108833313 - actor/lr:2e-06 - training/global_step:57 - training/epoch:0 - response_length/mean:83.98567962646484 - response_length/max:1024.0 - response_length/min:2.0 - response_length/clip_ratio:0.013020833022892475 - response_length_non_aborted/mean:83.98567962646484 - response_length_non_aborted/max:1024.0 - response_length_non_aborted/min:2.0 - response_length_non_aborted/clip_ratio:0.013020833022892475 - response/aborted_ratio:0.0 - prompt_length/mean:3346.177001953125 - prompt_length/max:4076.0 - prompt_length/min:2285.0 - prompt_length/clip_ratio:0.0 - num_turns/min:2 - num_turns/max:2 - num_turns/mean:2.0 - timing_s/start_profile:2.4150125682353973e-05 - timing_s/agent_loop/generate_sequences/min:9.915358228608966 - timing_s/agent_loop/generate_sequences/max:39.96342319995165 - timing_s/agent_loop/generate_sequences/mean:20.620674317252753 - timing_s/agent_loop/tool_calls/min:0.0 - timing_s/agent_loop/tool_calls/max:0.0 - timing_s/agent_loop/tool_calls/mean:0.0 - timing_s/agent_loop/slowest/generate_sequences:39.96342319995165 - timing_s/agent_loop/slowest/tool_calls:0.0 - timing_s/agent_loop/slowest/prompt_length:3362 - timing_s/agent_loop/slowest/response_length:194 - timing_s/gen:130.63209439720958 - timing_s/adv:19.81264742463827 - timing_s/update_actor:184.01234775874764 - timing_s/dump_rollout_generations:0.5591440070420504 - timing_s/step:335.21327433828264 - timing_s/stop_profile:3.120582550764084e-05 - timing_per_token_ms/gen:2.025272389532094 - timing_per_token_ms/update_actor:0.06985074116864885 - timing_per_token_ms/adv:0.007520843704132978 - perf/total_num_tokens:2634365 - perf/time_per_step:335.21327433828264 - perf/throughput:982.3466139580415
[36m(TaskRunner pid=1871981)[0m Training Progress:  88%|████████▊ | 57/65 [5:25:02<45:04, 338.01s/it]
[36m(TaskRunner pid=1871981)[0m Dumped generations to /inspire/hdd/global_user/mengweicheng-240108120092/lzy/projects/Dual-Track-OPD/third_party/Vision-OPD/rollouts/Vision-OPD-Qwen3.5-4B/58.jsonl
[36m(TaskRunner pid=1871981)[0m step:58 - global_seqlen/min:315386 - global_seqlen/max:341896 - global_seqlen/minmax_diff:26510 - global_seqlen/balanced_min:330070 - global_seqlen/balanced_max:330126 - global_seqlen/mean:330093.75 - self_distillation/teacher_always_on_fraction:1.0 - self_distillation/teacher_image_swap_fraction:1.0 - self_distillation/policy_fallback_fraction:0.0 - self_distillation/grpo_fallback_count:0.0 - rollout_corr/rollout_is_mean:1.0 - rollout_corr/rollout_is_ratio_fraction_high:0.0 - rollout_corr/rollout_is_ratio_fraction_low:0.0 - rollout_corr/rollout_is_max:1.0 - rollout_corr/rollout_is_min:1.0 - rollout_corr/rollout_is_std:0.0 - rollout_corr/rollout_is_eff_sample_size:1.0 - rollout_corr/rollout_is_seq_mean:1.0 - rollout_corr/rollout_is_seq_std:0.0 - rollout_corr/rollout_is_seq_max:1.0 - rollout_corr/rollout_is_seq_min:1.0 - rollout_corr/rollout_is_seq_max_deviation:0.0 - rollout_corr/rollout_is_seq_fraction_high:0.0 - rollout_corr/rollout_is_seq_fraction_low:0.0 - rollout_corr/training_ppl:3.711547657433483 - rollout_corr/training_log_ppl:0.8289104654557176 - rollout_corr/kl:0.0762116294164217 - rollout_corr/k3_kl:0.0847315290102415 - rollout_corr/rollout_ppl:2.7745078773134284 - rollout_corr/rollout_log_ppl:0.7178714140835736 - rollout_corr/log_ppl_diff:0.1110390533079529 - rollout_corr/log_ppl_abs_diff:0.13986064424453717 - rollout_corr/log_ppl_diff_max:2.4420690536499023 - rollout_corr/log_ppl_diff_min:-0.39651328325271606 - rollout_corr/ppl_ratio:1.1912551075220108 - rollout_corr/chi2_token:0.9032419816487365 - rollout_corr/chi2_seq:4.328648301255371 - actor/pg_loss:0.005593058608307425 - actor/kl_loss:0.0 - actor/grpo_loss:0.0 - actor/vopd_loss:0.005593058608307425 - actor/vopd_loss_weighted:0.005593058608307425 - actor/policy_fallback_fraction:0.0 - self_distillation/raw_jsd_token_mean:0.00563542704286293 - self_distillation/weighted_jsd_token_mean:0.00563542704286293 - self_distillation/self_distillation_mask.mean():1.0 - self_distillation/num_distill_tokens:178.96527777777777 - self_distillation/empty_target_batch:0.0 - actor/grad_norm:0.2622717320919037 - timing_s/update_actor/student_forward:30.996434933505952 - timing_s/update_actor/teacher_forward:10.36457047611475 - timing_s/update_actor/loss_compute:0.05211667716503143 - timing_s/update_actor/backward:60.12941008340567 - timing_s/update_actor/optimizer_step:0.014779673889279366 - timing_s/update_actor/teacher_ema_update:0.8775889333337545 - perf/mfu/actor:0.15776800265589297 - perf/max_memory_allocated_gb:151.58445024490356 - perf/max_memory_reserved_gb:168.5234375 - perf/cpu_memory_used_gb:619.3491282463074 - actor/lr:2e-06 - training/global_step:58 - training/epoch:0 - response_length/mean:67.11197662353516 - response_length/max:1024.0 - response_length/min:2.0 - response_length/clip_ratio:0.010416666977107525 - response_length_non_aborted/mean:67.11197662353516 - response_length_non_aborted/max:1024.0 - response_length_non_aborted/min:2.0 - response_length_non_aborted/clip_ratio:0.010416666977107525 - response/aborted_ratio:0.0 - prompt_length/mean:3371.364501953125 - prompt_length/max:4824.0 - prompt_length/min:2711.0 - prompt_length/clip_ratio:0.0 - num_turns/min:2 - num_turns/max:2 - num_turns/mean:2.0 - timing_s/start_profile:2.586282789707184e-05 - timing_s/agent_loop/generate_sequences/min:9.871892652474344 - timing_s/agent_loop/generate_sequences/max:37.73900701478124 - timing_s/agent_loop/generate_sequences/mean:20.31283795979228 - timing_s/agent_loop/tool_calls/min:0.0 - timing_s/agent_loop/tool_calls/max:0.0 - timing_s/agent_loop/tool_calls/mean:0.0 - timing_s/agent_loop/slowest/generate_sequences:37.73900701478124 - timing_s/agent_loop/slowest/tool_calls:0.0 - timing_s/agent_loop/slowest/prompt_length:3463 - timing_s/agent_loop/slowest/response_length:234 - timing_s/gen:127.82339335791767 - timing_s/adv:23.424245315603912 - timing_s/update_actor:185.63729446940124 - timing_s/dump_rollout_generations:0.550476087257266 - timing_s/step:337.63639684859663 - timing_s/stop_profile:2.9801391065120697e-05 - timing_per_token_ms/gen:2.4799851258763272 - timing_per_token_ms/update_actor:0.07029718620444997 - timing_per_token_ms/adv:0.008870300223650067 - perf/total_num_tokens:2640750 - perf/time_per_step:337.63639684859663 - perf/throughput:977.6604450260767
[36m(TaskRunner pid=1871981)[0m Training Progress:  89%|████████▉ | 58/65 [5:30:43<39:33, 339.00s/it]
[36m(TaskRunner pid=1871981)[0m Dumped generations to /inspire/hdd/global_user/mengweicheng-240108120092/lzy/projects/Dual-Track-OPD/third_party/Vision-OPD/rollouts/Vision-OPD-Qwen3.5-4B/59.jsonl
[36m(TaskRunner pid=1871981)[0m step:59 - global_seqlen/min:322615 - global_seqlen/max:351914 - global_seqlen/minmax_diff:29299 - global_seqlen/balanced_min:331126 - global_seqlen/balanced_max:331143 - global_seqlen/mean:331132.375 - self_distillation/teacher_always_on_fraction:1.0 - self_distillation/teacher_image_swap_fraction:1.0 - self_distillation/policy_fallback_fraction:0.0 - self_distillation/grpo_fallback_count:0.0 - rollout_corr/rollout_is_mean:1.0 - rollout_corr/rollout_is_ratio_fraction_high:0.0 - rollout_corr/rollout_is_ratio_fraction_low:0.0 - rollout_corr/rollout_is_max:1.0 - rollout_corr/rollout_is_min:1.0 - rollout_corr/rollout_is_std:0.0 - rollout_corr/rollout_is_eff_sample_size:1.0 - rollout_corr/rollout_is_seq_mean:1.0 - rollout_corr/rollout_is_seq_std:0.0 - rollout_corr/rollout_is_seq_max:1.0 - rollout_corr/rollout_is_seq_min:1.0 - rollout_corr/rollout_is_seq_max_deviation:0.0 - rollout_corr/rollout_is_seq_fraction_high:0.0 - rollout_corr/rollout_is_seq_fraction_low:0.0 - rollout_corr/training_ppl:2.736045069578621 - rollout_corr/training_log_ppl:0.7744784236161246 - rollout_corr/kl:0.06939744793756594 - rollout_corr/k3_kl:0.06672997810003128 - rollout_corr/rollout_ppl:2.2261683920191393 - rollout_corr/rollout_log_ppl:0.6877103430322475 - rollout_corr/log_ppl_diff:0.08676808067603917 - rollout_corr/log_ppl_abs_diff:0.1102129426241542 - rollout_corr/log_ppl_diff_max:2.5505001544952393 - rollout_corr/log_ppl_diff_min:-0.42925047874450684 - rollout_corr/ppl_ratio:1.137996679585841 - rollout_corr/chi2_token:0.3774876068863604 - rollout_corr/chi2_seq:-0.13323165476322177 - actor/pg_loss:0.0074428269391925515 - actor/kl_loss:0.0 - actor/grpo_loss:0.0 - actor/vopd_loss:0.0074428269391925515 - actor/vopd_loss_weighted:0.0074428269391925515 - actor/policy_fallback_fraction:0.0 - self_distillation/raw_jsd_token_mean:0.007395222636761092 - self_distillation/weighted_jsd_token_mean:0.007395222636761092 - self_distillation/self_distillation_mask.mean():1.0 - self_distillation/num_distill_tokens:194.67708333333331 - self_distillation/empty_target_batch:0.0 - actor/grad_norm:0.3333565890789032 - timing_s/update_actor/student_forward:30.54560559708625 - timing_s/update_actor/teacher_forward:9.907641793601215 - timing_s/update_actor/loss_compute:0.08813437353819609 - timing_s/update_actor/backward:60.384787522256374 - timing_s/update_actor/optimizer_step:0.014627471566200256 - timing_s/update_actor/teacher_ema_update:0.8757020719349384 - perf/mfu/actor:0.15853175423470273 - perf/max_memory_allocated_gb:151.58445024490356 - perf/max_memory_reserved_gb:168.5234375 - perf/cpu_memory_used_gb:621.3981428146362 - actor/lr:2e-06 - training/global_step:59 - training/epoch:0 - response_length/mean:73.00390625 - response_length/max:1024.0 - response_length/min:2.0 - response_length/clip_ratio:0.009114583022892475 - response_length_non_aborted/mean:73.00390625 - response_length_non_aborted/max:1024.0 - response_length_non_aborted/min:2.0 - response_length_non_aborted/clip_ratio:0.009114583022892475 - response/aborted_ratio:0.0 - prompt_length/mean:3376.291748046875 - prompt_length/max:5199.0 - prompt_length/min:2663.0 - prompt_length/clip_ratio:0.0 - num_turns/min:2 - num_turns/max:2 - num_turns/mean:2.0 - timing_s/start_profile:4.299171268939972e-05 - timing_s/agent_loop/generate_sequences/min:9.115723156370223 - timing_s/agent_loop/generate_sequences/max:42.08070911467075 - timing_s/agent_loop/generate_sequences/mean:20.739964022892917 - timing_s/agent_loop/tool_calls/min:0.0 - timing_s/agent_loop/tool_calls/max:0.0 - timing_s/agent_loop/tool_calls/mean:0.0 - timing_s/agent_loop/slowest/generate_sequences:42.08070911467075 - timing_s/agent_loop/slowest/tool_calls:0.0 - timing_s/agent_loop/slowest/prompt_length:3362 - timing_s/agent_loop/slowest/response_length:247 - timing_s/gen:129.49921681918204 - timing_s/adv:22.84978879801929 - timing_s/update_actor:189.66902940999717 - timing_s/dump_rollout_generations:0.7642283868044615 - timing_s/step:342.9907836448401 - timing_s/stop_profile:4.57763671875e-05 - timing_per_token_ms/gen:2.309722596521698 - timing_per_token_ms/update_actor:0.07159864291810683 - timing_per_token_ms/adv:0.008625624721087485 - perf/total_num_tokens:2649059 - perf/time_per_step:342.9907836448401 - perf/throughput:965.4264510584655
[36m(TaskRunner pid=1871981)[0m Training Progress:  91%|█████████ | 59/65 [5:36:30<34:07, 341.28s/it]
[36m(TaskRunner pid=1871981)[0m Dumped generations to /inspire/hdd/global_user/mengweicheng-240108120092/lzy/projects/Dual-Track-OPD/third_party/Vision-OPD/rollouts/Vision-OPD-Qwen3.5-4B/60.jsonl
[36m(TaskRunner pid=1871981)[0m step:60 - global_seqlen/min:323899 - global_seqlen/max:333824 - global_seqlen/minmax_diff:9925 - global_seqlen/balanced_min:329129 - global_seqlen/balanced_max:329148 - global_seqlen/mean:329136.75 - self_distillation/teacher_always_on_fraction:1.0 - self_distillation/teacher_image_swap_fraction:1.0 - self_distillation/policy_fallback_fraction:0.0 - self_distillation/grpo_fallback_count:0.0 - rollout_corr/rollout_is_mean:1.0 - rollout_corr/rollout_is_ratio_fraction_high:0.0 - rollout_corr/rollout_is_ratio_fraction_low:0.0 - rollout_corr/rollout_is_max:1.0 - rollout_corr/rollout_is_min:1.0 - rollout_corr/rollout_is_std:0.0 - rollout_corr/rollout_is_eff_sample_size:1.0 - rollout_corr/rollout_is_seq_mean:1.0 - rollout_corr/rollout_is_seq_std:0.0 - rollout_corr/rollout_is_seq_max:1.0 - rollout_corr/rollout_is_seq_min:1.0 - rollout_corr/rollout_is_seq_max_deviation:0.0 - rollout_corr/rollout_is_seq_fraction_high:0.0 - rollout_corr/rollout_is_seq_fraction_low:0.0 - rollout_corr/training_ppl:3.570748439679543 - rollout_corr/training_log_ppl:0.810121792782512 - rollout_corr/kl:0.07150943273657934 - rollout_corr/k3_kl:0.08001250899087609 - rollout_corr/rollout_ppl:2.7347943770388765 - rollout_corr/rollout_log_ppl:0.7052610220077137 - rollout_corr/log_ppl_diff:0.10486077497676484 - rollout_corr/log_ppl_abs_diff:0.13235611833968303 - rollout_corr/log_ppl_diff_max:2.373796224594116 - rollout_corr/log_ppl_diff_min:-0.6168500185012817 - rollout_corr/ppl_ratio:1.1913382350984547 - rollout_corr/chi2_token:0.8160862637062868 - rollout_corr/chi2_seq:4.050102007885775 - actor/pg_loss:0.006474868338500528 - actor/kl_loss:0.0 - actor/grpo_loss:0.0 - actor/vopd_loss:0.006474868338500528 - actor/vopd_loss_weighted:0.006474868338500528 - actor/policy_fallback_fraction:0.0 - self_distillation/raw_jsd_token_mean:0.006405746177834872 - self_distillation/weighted_jsd_token_mean:0.006405746177834872 - self_distillation/self_distillation_mask.mean():1.0 - self_distillation/num_distill_tokens:206.38194444444443 - self_distillation/empty_target_batch:0.0 - actor/grad_norm:0.31436246633529663 - timing_s/update_actor/student_forward:29.623490024358034 - timing_s/update_actor/teacher_forward:9.799958624877036 - timing_s/update_actor/loss_compute:0.053861986845731735 - timing_s/update_actor/backward:59.73763470444828 - timing_s/update_actor/optimizer_step:0.01562244538217783 - timing_s/update_actor/teacher_ema_update:0.918924449943006 - perf/mfu/actor:0.15966347305086281 - perf/max_memory_allocated_gb:151.58445024490356 - perf/max_memory_reserved_gb:168.5234375 - perf/cpu_memory_used_gb:618.8661570549011 - actor/lr:2e-06 - training/global_step:60 - training/epoch:0 - response_length/mean:77.39322662353516 - response_length/max:1024.0 - response_length/min:2.0 - response_length/clip_ratio:0.009114583022892475 - response_length_non_aborted/mean:77.39322662353516 - response_length_non_aborted/max:1024.0 - response_length_non_aborted/min:2.0 - response_length_non_aborted/clip_ratio:0.009114583022892475 - response/aborted_ratio:0.0 - prompt_length/mean:3351.114501953125 - prompt_length/max:4021.0 - prompt_length/min:2287.0 - prompt_length/clip_ratio:0.0 - num_turns/min:2 - num_turns/max:2 - num_turns/mean:2.0 - timing_s/start_profile:5.1293522119522095e-05 - timing_s/agent_loop/generate_sequences/min:9.602761421352625 - timing_s/agent_loop/generate_sequences/max:40.29413769580424 - timing_s/agent_loop/generate_sequences/mean:20.363745136572106 - timing_s/agent_loop/tool_calls/min:0.0 - timing_s/agent_loop/tool_calls/max:0.0 - timing_s/agent_loop/tool_calls/mean:0.0 - timing_s/agent_loop/slowest/generate_sequences:40.29413769580424 - timing_s/agent_loop/slowest/tool_calls:0.0 - timing_s/agent_loop/slowest/prompt_length:3369 - timing_s/agent_loop/slowest/response_length:131 - timing_s/gen:127.27454850170761 - timing_s/adv:23.796446844004095 - timing_s/update_actor:190.63767102267593 - timing_s/dump_rollout_generations:0.6224684529006481 - timing_s/step:342.5210853694007 - timing_s/stop_profile:3.718771040439606e-05 - timing_per_token_ms/gen:2.141299311916747 - timing_per_token_ms/update_actor:0.07240063249647598 - timing_per_token_ms/adv:0.009037446761871811 - perf/total_num_tokens:2633094 - perf/time_per_step:342.5210853694007 - perf/throughput:960.9240541937265
[36m(TaskRunner pid=1871981)[0m Training Progress:  92%|█████████▏| 60/65 [5:42:15<28:31, 342.38s/it]
[36m(TaskRunner pid=1871981)[0m Dumped generations to /inspire/hdd/global_user/mengweicheng-240108120092/lzy/projects/Dual-Track-OPD/third_party/Vision-OPD/rollouts/Vision-OPD-Qwen3.5-4B/61.jsonl
[36m(TaskRunner pid=1871981)[0m step:61 - global_seqlen/min:319380 - global_seqlen/max:350998 - global_seqlen/minmax_diff:31618 - global_seqlen/balanced_min:335904 - global_seqlen/balanced_max:335930 - global_seqlen/mean:335918.375 - self_distillation/teacher_always_on_fraction:1.0 - self_distillation/teacher_image_swap_fraction:1.0 - self_distillation/policy_fallback_fraction:0.0 - self_distillation/grpo_fallback_count:0.0 - rollout_corr/rollout_is_mean:1.0 - rollout_corr/rollout_is_ratio_fraction_high:0.0 - rollout_corr/rollout_is_ratio_fraction_low:0.0 - rollout_corr/rollout_is_max:1.0 - rollout_corr/rollout_is_min:1.0 - rollout_corr/rollout_is_std:0.0 - rollout_corr/rollout_is_eff_sample_size:1.0 - rollout_corr/rollout_is_seq_mean:1.0 - rollout_corr/rollout_is_seq_std:0.0 - rollout_corr/rollout_is_seq_max:1.0 - rollout_corr/rollout_is_seq_min:1.0 - rollout_corr/rollout_is_seq_max_deviation:0.0 - rollout_corr/rollout_is_seq_fraction_high:0.0 - rollout_corr/rollout_is_seq_fraction_low:0.0 - rollout_corr/training_ppl:3.0163803821479953 - rollout_corr/training_log_ppl:0.8287845463869539 - rollout_corr/kl:0.06594896863267373 - rollout_corr/k3_kl:0.0674284890902109 - rollout_corr/rollout_ppl:2.238322138786316 - rollout_corr/rollout_log_ppl:0.7126383362086237 - rollout_corr/log_ppl_diff:0.11614621386901047 - rollout_corr/log_ppl_abs_diff:0.13677813991828747 - rollout_corr/log_ppl_diff_max:2.341423511505127 - rollout_corr/log_ppl_diff_min:-0.42024385929107666 - rollout_corr/ppl_ratio:1.209672193873573 - rollout_corr/chi2_token:0.34226675170498927 - rollout_corr/chi2_seq:37.1797951079301 - actor/pg_loss:0.005827153336819417 - actor/kl_loss:0.0 - actor/grpo_loss:0.0 - actor/vopd_loss:0.005827153336819417 - actor/vopd_loss_weighted:0.005827153336819417 - actor/policy_fallback_fraction:0.0 - self_distillation/raw_jsd_token_mean:0.005845869105345431 - self_distillation/weighted_jsd_token_mean:0.005845869105345431 - self_distillation/self_distillation_mask.mean():1.0 - self_distillation/num_distill_tokens:227.0641891891892 - self_distillation/empty_target_batch:0.0 - actor/grad_norm:0.2827794849872589 - timing_s/update_actor/student_forward:31.064283492974937 - timing_s/update_actor/teacher_forward:9.864340826869011 - timing_s/update_actor/loss_compute:0.05850266944617033 - timing_s/update_actor/backward:63.42691423930228 - timing_s/update_actor/optimizer_step:0.015298105776309967 - timing_s/update_actor/teacher_ema_update:0.8621347490698099 - perf/mfu/actor:0.15747682558987947 - perf/max_memory_allocated_gb:151.58445024490356 - perf/max_memory_reserved_gb:168.5234375 - perf/cpu_memory_used_gb:620.4344778060913 - actor/lr:2e-06 - training/global_step:61 - training/epoch:0 - response_length/mean:87.51432037353516 - response_length/max:1024.0 - response_length/min:2.0 - response_length/clip_ratio:0.01953125 - response_length_non_aborted/mean:87.51432037353516 - response_length_non_aborted/max:1024.0 - response_length_non_aborted/min:2.0 - response_length_non_aborted/clip_ratio:0.01953125 - response/aborted_ratio:0.0 - prompt_length/mean:3411.635498046875 - prompt_length/max:6512.0 - prompt_length/min:2285.0 - prompt_length/clip_ratio:0.0 - num_turns/min:2 - num_turns/max:2 - num_turns/mean:2.0 - timing_s/start_profile:2.4219974875450134e-05 - timing_s/agent_loop/generate_sequences/min:10.703979385085404 - timing_s/agent_loop/generate_sequences/max:43.1899765310809 - timing_s/agent_loop/generate_sequences/mean:20.113017528475513 - timing_s/agent_loop/tool_calls/min:0.0 - timing_s/agent_loop/tool_calls/max:0.0 - timing_s/agent_loop/tool_calls/mean:0.0 - timing_s/agent_loop/slowest/generate_sequences:43.1899765310809 - timing_s/agent_loop/slowest/tool_calls:0.0 - timing_s/agent_loop/slowest/prompt_length:3368 - timing_s/agent_loop/slowest/response_length:1024 - timing_s/gen:128.96734261885285 - timing_s/adv:24.680760174058378 - timing_s/update_actor:186.89252933487296 - timing_s/dump_rollout_generations:0.6032069642096758 - timing_s/step:341.3265188811347 - timing_s/stop_profile:2.924446016550064e-05 - timing_per_token_ms/gen:1.9188427879194307 - timing_per_token_ms/update_actor:0.06954536549796991 - timing_per_token_ms/adv:0.009184061520175243 - perf/total_num_tokens:2687347 - perf/time_per_step:341.3265188811347 - perf/throughput:984.1555121504695
[36m(TaskRunner pid=1871981)[0m Training Progress:  94%|█████████▍| 61/65 [5:47:58<22:51, 342.77s/it]
[36m(TaskRunner pid=1871981)[0m Dumped generations to /inspire/hdd/global_user/mengweicheng-240108120092/lzy/projects/Dual-Track-OPD/third_party/Vision-OPD/rollouts/Vision-OPD-Qwen3.5-4B/62.jsonl
[36m(TaskRunner pid=1871981)[0m step:62 - global_seqlen/min:320206 - global_seqlen/max:333219 - global_seqlen/minmax_diff:13013 - global_seqlen/balanced_min:326631 - global_seqlen/balanced_max:326676 - global_seqlen/mean:326667.375 - self_distillation/teacher_always_on_fraction:1.0 - self_distillation/teacher_image_swap_fraction:1.0 - self_distillation/policy_fallback_fraction:0.0 - self_distillation/grpo_fallback_count:0.0 - rollout_corr/rollout_is_mean:1.0 - rollout_corr/rollout_is_ratio_fraction_high:0.0 - rollout_corr/rollout_is_ratio_fraction_low:0.0 - rollout_corr/rollout_is_max:1.0 - rollout_corr/rollout_is_min:1.0 - rollout_corr/rollout_is_std:0.0 - rollout_corr/rollout_is_eff_sample_size:1.0 - rollout_corr/rollout_is_seq_mean:1.0 - rollout_corr/rollout_is_seq_std:0.0 - rollout_corr/rollout_is_seq_max:1.0 - rollout_corr/rollout_is_seq_min:1.0 - rollout_corr/rollout_is_seq_max_deviation:0.0 - rollout_corr/rollout_is_seq_fraction_high:0.0 - rollout_corr/rollout_is_seq_fraction_low:0.0 - rollout_corr/training_ppl:3.278059729271465 - rollout_corr/training_log_ppl:0.8290999116272562 - rollout_corr/kl:0.07764413108801213 - rollout_corr/k3_kl:0.08945285366038055 - rollout_corr/rollout_ppl:2.77225307871898 - rollout_corr/rollout_log_ppl:0.7011080810075834 - rollout_corr/log_ppl_diff:0.12799182992441477 - rollout_corr/log_ppl_abs_diff:0.15606907654889962 - rollout_corr/log_ppl_diff_max:2.636396646499634 - rollout_corr/log_ppl_diff_min:-3.220803737640381 - rollout_corr/ppl_ratio:1.257267055205173 - rollout_corr/chi2_token:2.484071138625344 - rollout_corr/chi2_seq:457.1452342892686 - actor/pg_loss:0.006440846559598867 - actor/kl_loss:0.0 - actor/grpo_loss:0.0 - actor/vopd_loss:0.006440846559598867 - actor/vopd_loss_weighted:0.006440846559598867 - actor/policy_fallback_fraction:0.0 - self_distillation/raw_jsd_token_mean:0.006398733162819149 - self_distillation/weighted_jsd_token_mean:0.006398733162819149 - self_distillation/self_distillation_mask.mean():1.0 - self_distillation/num_distill_tokens:198.12152777777777 - self_distillation/empty_target_batch:0.0 - actor/grad_norm:0.331609308719635 - timing_s/update_actor/student_forward:29.393480393104255 - timing_s/update_actor/teacher_forward:8.615347598679364 - timing_s/update_actor/loss_compute:0.07839030772447586 - timing_s/update_actor/backward:60.19702745229006 - timing_s/update_actor/optimizer_step:0.014875974506139755 - timing_s/update_actor/teacher_ema_update:0.879695100709796 - perf/mfu/actor:0.1596437325104186 - perf/max_memory_allocated_gb:151.58445024490356 - perf/max_memory_reserved_gb:168.5234375 - perf/cpu_memory_used_gb:617.3649010658264 - actor/lr:2e-06 - training/global_step:62 - training/epoch:0 - response_length/mean:74.29557037353516 - response_length/max:1024.0 - response_length/min:2.0 - response_length/clip_ratio:0.010416666977107525 - response_length_non_aborted/mean:74.29557037353516 - response_length_non_aborted/max:1024.0 - response_length_non_aborted/min:2.0 - response_length_non_aborted/clip_ratio:0.010416666977107525 - response/aborted_ratio:0.0 - prompt_length/mean:3328.489501953125 - prompt_length/max:4315.0 - prompt_length/min:2282.0 - prompt_length/clip_ratio:0.0 - num_turns/min:2 - num_turns/max:2 - num_turns/mean:2.0 - timing_s/start_profile:2.0398758351802826e-05 - timing_s/agent_loop/generate_sequences/min:9.361823400482535 - timing_s/agent_loop/generate_sequences/max:38.69482795428485 - timing_s/agent_loop/generate_sequences/mean:20.10971337594674 - timing_s/agent_loop/tool_calls/min:0.0 - timing_s/agent_loop/tool_calls/max:0.0 - timing_s/agent_loop/tool_calls/mean:0.0 - timing_s/agent_loop/slowest/generate_sequences:38.69482795428485 - timing_s/agent_loop/slowest/tool_calls:0.0 - timing_s/agent_loop/slowest/prompt_length:3368 - timing_s/agent_loop/slowest/response_length:1024 - timing_s/gen:121.11707389354706 - timing_s/adv:18.835066399537027 - timing_s/update_actor:177.02489524614066 - timing_s/dump_rollout_generations:0.542404105886817 - timing_s/step:317.7075044028461 - timing_s/stop_profile:3.0943192541599274e-05 - timing_per_token_ms/gen:2.1226638022669 - timing_per_token_ms/update_actor:0.06773897119590709 - timing_per_token_ms/adv:0.007207280188118352 - perf/total_num_tokens:2613339 - perf/time_per_step:317.7075044028461 - perf/throughput:1028.2016334930288
[36m(TaskRunner pid=1871981)[0m Training Progress:  95%|█████████▌| 62/65 [5:53:18<16:47, 335.96s/it]
[36m(TaskRunner pid=1871981)[0m Dumped generations to /inspire/hdd/global_user/mengweicheng-240108120092/lzy/projects/Dual-Track-OPD/third_party/Vision-OPD/rollouts/Vision-OPD-Qwen3.5-4B/63.jsonl
[36m(TaskRunner pid=1871981)[0m step:63 - global_seqlen/min:321608 - global_seqlen/max:345191 - global_seqlen/minmax_diff:23583 - global_seqlen/balanced_min:329697 - global_seqlen/balanced_max:329742 - global_seqlen/mean:329732.0 - self_distillation/teacher_always_on_fraction:1.0 - self_distillation/teacher_image_swap_fraction:1.0 - self_distillation/policy_fallback_fraction:0.0 - self_distillation/grpo_fallback_count:0.0 - rollout_corr/rollout_is_mean:1.0 - rollout_corr/rollout_is_ratio_fraction_high:0.0 - rollout_corr/rollout_is_ratio_fraction_low:0.0 - rollout_corr/rollout_is_max:1.0 - rollout_corr/rollout_is_min:1.0 - rollout_corr/rollout_is_std:0.0 - rollout_corr/rollout_is_eff_sample_size:1.0 - rollout_corr/rollout_is_seq_mean:1.0 - rollout_corr/rollout_is_seq_std:0.0 - rollout_corr/rollout_is_seq_max:1.0 - rollout_corr/rollout_is_seq_min:1.0 - rollout_corr/rollout_is_seq_max_deviation:0.0 - rollout_corr/rollout_is_seq_fraction_high:0.0 - rollout_corr/rollout_is_seq_fraction_low:0.0 - rollout_corr/training_ppl:2.674420255339808 - rollout_corr/training_log_ppl:0.7844565596638454 - rollout_corr/kl:0.072117613494912 - rollout_corr/k3_kl:0.072133304991035 - rollout_corr/rollout_ppl:2.218840276615487 - rollout_corr/rollout_log_ppl:0.6900349765395125 - rollout_corr/log_ppl_diff:0.0944215815058366 - rollout_corr/log_ppl_abs_diff:0.11487610030194952 - rollout_corr/log_ppl_diff_max:1.7166705131530762 - rollout_corr/log_ppl_diff_min:-0.790071964263916 - rollout_corr/ppl_ratio:1.1446484161747827 - rollout_corr/chi2_token:0.7191146990905206 - rollout_corr/chi2_seq:73.67081644820671 - actor/pg_loss:0.005686551880444313 - actor/kl_loss:0.0 - actor/grpo_loss:0.0 - actor/vopd_loss:0.005686551880444313 - actor/vopd_loss_weighted:0.005686551880444313 - actor/policy_fallback_fraction:0.0 - self_distillation/raw_jsd_token_mean:0.005594668929309895 - self_distillation/weighted_jsd_token_mean:0.005594668929309895 - self_distillation/self_distillation_mask.mean():1.0 - self_distillation/num_distill_tokens:228.0 - self_distillation/empty_target_batch:0.0 - actor/grad_norm:0.25963541865348816 - timing_s/update_actor/student_forward:30.901758055202663 - timing_s/update_actor/teacher_forward:9.560101037845016 - timing_s/update_actor/loss_compute:0.04846718441694975 - timing_s/update_actor/backward:60.486337419599295 - timing_s/update_actor/optimizer_step:0.029389765113592148 - timing_s/update_actor/teacher_ema_update:1.1405797833576798 - perf/mfu/actor:0.15758307300544172 - perf/max_memory_allocated_gb:151.58445024490356 - perf/max_memory_reserved_gb:168.5234375 - perf/cpu_memory_used_gb:619.9225616455078 - actor/lr:2e-06 - training/global_step:63 - training/epoch:0 - response_length/mean:85.5 - response_length/max:1024.0 - response_length/min:2.0 - response_length/clip_ratio:0.01692708395421505 - response_length_non_aborted/mean:85.5 - response_length_non_aborted/max:1024.0 - response_length_non_aborted/min:2.0 - response_length_non_aborted/clip_ratio:0.01692708395421505 - response/aborted_ratio:0.0 - prompt_length/mean:3349.208251953125 - prompt_length/max:4591.0 - prompt_length/min:2717.0 - prompt_length/clip_ratio:0.0 - num_turns/min:2 - num_turns/max:2 - num_turns/mean:2.0 - timing_s/start_profile:2.5150366127490997e-05 - timing_s/agent_loop/generate_sequences/min:9.1806569872424 - timing_s/agent_loop/generate_sequences/max:39.57987034879625 - timing_s/agent_loop/generate_sequences/mean:20.2001939300535 - timing_s/agent_loop/tool_calls/min:0.0 - timing_s/agent_loop/tool_calls/max:0.0 - timing_s/agent_loop/tool_calls/mean:0.0 - timing_s/agent_loop/slowest/generate_sequences:39.57987034879625 - timing_s/agent_loop/slowest/tool_calls:0.0 - timing_s/agent_loop/slowest/prompt_length:3367 - timing_s/agent_loop/slowest/response_length:1024 - timing_s/gen:124.00774461962283 - timing_s/adv:22.42320283688605 - timing_s/update_actor:180.68691276665777 - timing_s/dump_rollout_generations:0.54167066141963 - timing_s/step:327.85285494755954 - timing_s/stop_profile:3.495998680591583e-05 - timing_per_token_ms/gen:1.8885195026136516 - timing_per_token_ms/update_actor:0.06849764079868566 - timing_per_token_ms/adv:0.008500540907800141 - perf/total_num_tokens:2637856 - perf/time_per_step:327.85285494755954 - perf/throughput:1005.7316720720369
[36m(TaskRunner pid=1871981)[0m Training Progress:  97%|█████████▋| 63/65 [5:58:49<11:08, 334.21s/it]
[36m(TaskRunner pid=1871981)[0m Dumped generations to /inspire/hdd/global_user/mengweicheng-240108120092/lzy/projects/Dual-Track-OPD/third_party/Vision-OPD/rollouts/Vision-OPD-Qwen3.5-4B/64.jsonl
[36m(TaskRunner pid=1871981)[0m step:64 - global_seqlen/min:319027 - global_seqlen/max:331481 - global_seqlen/minmax_diff:12454 - global_seqlen/balanced_min:324390 - global_seqlen/balanced_max:324402 - global_seqlen/mean:324395.0 - self_distillation/teacher_always_on_fraction:1.0 - self_distillation/teacher_image_swap_fraction:1.0 - self_distillation/policy_fallback_fraction:0.0 - self_distillation/grpo_fallback_count:0.0 - rollout_corr/rollout_is_mean:1.0 - rollout_corr/rollout_is_ratio_fraction_high:0.0 - rollout_corr/rollout_is_ratio_fraction_low:0.0 - rollout_corr/rollout_is_max:1.0 - rollout_corr/rollout_is_min:1.0 - rollout_corr/rollout_is_std:0.0 - rollout_corr/rollout_is_eff_sample_size:1.0 - rollout_corr/rollout_is_seq_mean:1.0 - rollout_corr/rollout_is_seq_std:0.0 - rollout_corr/rollout_is_seq_max:1.0 - rollout_corr/rollout_is_seq_min:1.0 - rollout_corr/rollout_is_seq_max_deviation:0.0 - rollout_corr/rollout_is_seq_fraction_high:0.0 - rollout_corr/rollout_is_seq_fraction_low:0.0 - rollout_corr/training_ppl:2.83803319848246 - rollout_corr/training_log_ppl:0.7309595960088902 - rollout_corr/kl:0.07426073193326171 - rollout_corr/k3_kl:0.07043007959631117 - rollout_corr/rollout_ppl:2.0833094347682266 - rollout_corr/rollout_log_ppl:0.6319807798912128 - rollout_corr/log_ppl_diff:0.09897882022818925 - rollout_corr/log_ppl_abs_diff:0.12299178170764612 - rollout_corr/log_ppl_diff_max:3.1317007541656494 - rollout_corr/log_ppl_diff_min:-0.5647280216217041 - rollout_corr/ppl_ratio:1.1945583981772263 - rollout_corr/chi2_token:0.37194973044097424 - rollout_corr/chi2_seq:5.116853277509412 - actor/pg_loss:0.007794707024913805 - actor/kl_loss:0.0 - actor/grpo_loss:0.0 - actor/vopd_loss:0.007794707024913805 - actor/vopd_loss_weighted:0.007794707024913805 - actor/policy_fallback_fraction:0.0 - self_distillation/raw_jsd_token_mean:0.007739055347782495 - self_distillation/weighted_jsd_token_mean:0.007739055347782495 - self_distillation/self_distillation_mask.mean():1.0 - self_distillation/num_distill_tokens:188.77777777777777 - self_distillation/empty_target_batch:0.0 - actor/grad_norm:0.29503870010375977 - timing_s/update_actor/student_forward:30.576725259423256 - timing_s/update_actor/teacher_forward:10.693595135584474 - timing_s/update_actor/loss_compute:0.04108979646116495 - timing_s/update_actor/backward:59.28055930323899 - timing_s/update_actor/optimizer_step:0.01477358490228653 - timing_s/update_actor/teacher_ema_update:1.2475622575730085 - perf/mfu/actor:0.1544828025412554 - perf/max_memory_allocated_gb:151.58445024490356 - perf/max_memory_reserved_gb:168.5234375 - perf/cpu_memory_used_gb:617.93639087677 - actor/lr:2e-06 - training/global_step:64 - training/epoch:0 - response_length/mean:70.79166412353516 - response_length/max:1024.0 - response_length/min:2.0 - response_length/clip_ratio:0.010416666977107525 - response_length_non_aborted/mean:70.79166412353516 - response_length_non_aborted/max:1024.0 - response_length_non_aborted/min:2.0 - response_length_non_aborted/clip_ratio:0.010416666977107525 - response/aborted_ratio:0.0 - prompt_length/mean:3308.322998046875 - prompt_length/max:3975.0 - prompt_length/min:2473.0 - prompt_length/clip_ratio:0.0 - num_turns/min:2 - num_turns/max:2 - num_turns/mean:2.0 - timing_s/start_profile:2.371612936258316e-05 - timing_s/agent_loop/generate_sequences/min:6.308696606196463 - timing_s/agent_loop/generate_sequences/max:38.58505695965141 - timing_s/agent_loop/generate_sequences/mean:19.67977322435642 - timing_s/agent_loop/tool_calls/min:0.0 - timing_s/agent_loop/tool_calls/max:0.0 - timing_s/agent_loop/tool_calls/mean:0.0 - timing_s/agent_loop/slowest/generate_sequences:38.58505695965141 - timing_s/agent_loop/slowest/tool_calls:0.0 - timing_s/agent_loop/slowest/prompt_length:3381 - timing_s/agent_loop/slowest/response_length:1024 - timing_s/gen:119.60421311296523 - timing_s/adv:24.5392257720232 - timing_s/update_actor:184.15538402833045 - timing_s/dump_rollout_generations:0.6945443600416183 - timing_s/step:329.1866334127262 - timing_s/stop_profile:3.1970441341400146e-05 - timing_per_token_ms/gen:2.1999009180577773 - timing_per_token_ms/update_actor:0.07096109065658011 - timing_per_token_ms/adv:0.00945576603061977 - perf/total_num_tokens:2595160 - perf/time_per_step:329.1866334127262 - perf/throughput:985.4440219426571
[36m(TaskRunner pid=1871981)[0m Training Progress:  98%|█████████▊| 64/65 [6:04:20<05:33, 333.43s/it]
[36m(TaskRunner pid=1871981)[0m Dumped generations to /inspire/hdd/global_user/mengweicheng-240108120092/lzy/projects/Dual-Track-OPD/third_party/Vision-OPD/rollouts/Vision-OPD-Qwen3.5-4B/65.jsonl
[36m(TaskRunner pid=1871981)[0m local_global_step_folder: /inspire/hdd/global_user/mengweicheng-240108120092/lzy/projects/Dual-Track-OPD/third_party/Vision-OPD/checkpoints/Vision-OPD-Qwen3.5-4B/global_step_65
[36m(TaskRunner pid=1871981)[0m step:65 - global_seqlen/min:317716 - global_seqlen/max:351122 - global_seqlen/minmax_diff:33406 - global_seqlen/balanced_min:328085 - global_seqlen/balanced_max:328101 - global_seqlen/mean:328094.875 - self_distillation/teacher_always_on_fraction:1.0 - self_distillation/teacher_image_swap_fraction:1.0 - self_distillation/policy_fallback_fraction:0.0 - self_distillation/grpo_fallback_count:0.0 - rollout_corr/rollout_is_mean:1.0 - rollout_corr/rollout_is_ratio_fraction_high:0.0 - rollout_corr/rollout_is_ratio_fraction_low:0.0 - rollout_corr/rollout_is_max:1.0 - rollout_corr/rollout_is_min:1.0 - rollout_corr/rollout_is_std:0.0 - rollout_corr/rollout_is_eff_sample_size:1.0 - rollout_corr/rollout_is_seq_mean:1.0 - rollout_corr/rollout_is_seq_std:0.0 - rollout_corr/rollout_is_seq_max:1.0 - rollout_corr/rollout_is_seq_min:1.0 - rollout_corr/rollout_is_seq_max_deviation:0.0 - rollout_corr/rollout_is_seq_fraction_high:0.0 - rollout_corr/rollout_is_seq_fraction_low:0.0 - rollout_corr/training_ppl:2.6403923663828106 - rollout_corr/training_log_ppl:0.7376038203429844 - rollout_corr/kl:0.07189087844949427 - rollout_corr/k3_kl:0.07160979474307774 - rollout_corr/rollout_ppl:2.0695467338793807 - rollout_corr/rollout_log_ppl:0.6364044012087914 - rollout_corr/log_ppl_diff:0.10119942164358993 - rollout_corr/log_ppl_abs_diff:0.12682077859386076 - rollout_corr/log_ppl_diff_max:2.582806348800659 - rollout_corr/log_ppl_diff_min:-0.7141683101654053 - rollout_corr/ppl_ratio:1.170560624036524 - rollout_corr/chi2_token:0.7174309752881527 - rollout_corr/chi2_seq:48.09422591225141 - actor/pg_loss:0.007132694998972511 - actor/kl_loss:0.0 - actor/grpo_loss:0.0 - actor/vopd_loss:0.007132694998972511 - actor/vopd_loss_weighted:0.007132694998972511 - actor/policy_fallback_fraction:0.0 - self_distillation/raw_jsd_token_mean:0.007077135355656436 - self_distillation/weighted_jsd_token_mean:0.007077135355656436 - self_distillation/self_distillation_mask.mean():1.0 - self_distillation/num_distill_tokens:166.30208333333331 - self_distillation/empty_target_batch:0.0 - actor/grad_norm:0.30457577109336853 - timing_s/update_actor/student_forward:31.409602742642164 - timing_s/update_actor/teacher_forward:10.537584689445794 - timing_s/update_actor/loss_compute:0.07472501695156097 - timing_s/update_actor/backward:60.738214714452624 - timing_s/update_actor/optimizer_step:0.015088027343153954 - timing_s/update_actor/teacher_ema_update:0.893935913220048 - perf/mfu/actor:0.15454940050480134 - perf/max_memory_allocated_gb:151.58445024490356 - perf/max_memory_reserved_gb:168.5234375 - perf/cpu_memory_used_gb:618.5588340759277 - actor/lr:2e-06 - training/global_step:65 - training/epoch:0 - response_length/mean:62.36328125 - response_length/max:1024.0 - response_length/min:2.0 - response_length/clip_ratio:0.0052083334885537624 - response_length_non_aborted/mean:62.36328125 - response_length_non_aborted/max:1024.0 - response_length_non_aborted/min:2.0 - response_length_non_aborted/clip_ratio:0.0052083334885537624 - response/aborted_ratio:0.0 - prompt_length/mean:3355.291748046875 - prompt_length/max:5104.0 - prompt_length/min:2848.0 - prompt_length/clip_ratio:0.0 - num_turns/min:2 - num_turns/max:2 - num_turns/mean:2.0 - timing_s/start_profile:2.29785218834877e-05 - timing_s/agent_loop/generate_sequences/min:9.559685989283025 - timing_s/agent_loop/generate_sequences/max:42.36974742542952 - timing_s/agent_loop/generate_sequences/mean:20.361981507144566 - timing_s/agent_loop/tool_calls/min:0.0 - timing_s/agent_loop/tool_calls/max:0.0 - timing_s/agent_loop/tool_calls/mean:0.0 - timing_s/agent_loop/slowest/generate_sequences:42.36974742542952 - timing_s/agent_loop/slowest/tool_calls:0.0 - timing_s/agent_loop/slowest/prompt_length:3368 - timing_s/agent_loop/slowest/response_length:489 - timing_s/gen:126.07459040917456 - timing_s/adv:23.34667561482638 - timing_s/update_actor:183.9064793344587 - timing_s/dump_rollout_generations:0.5324172470718622 - timing_s/step:334.06143337022513 - timing_s/save_checkpoint:7.0831255884841084 - timing_s/stop_profile:5.415361374616623e-05 - timing_per_token_ms/gen:2.63231214968524 - timing_per_token_ms/update_actor:0.07006604390515804 - timing_per_token_ms/adv:0.008894788289068208 - perf/total_num_tokens:2624759 - perf/time_per_step:334.06143337022513 - perf/throughput:982.1393379354489
[36m(TaskRunner pid=1871981)[0m 'Final validation metrics: None'
[36m(TaskRunner pid=1871981)[0m Training Progress: 100%|██████████| 65/65 [6:10:04<00:00, 336.45s/it]Training Progress: 100%|██████████| 65/65 [6:10:04<00:00, 341.60s/it]
