[smoke] repo root: /inspire/hdd/global_user/mengweicheng-240108120092/lzy/projects/Dual-Track-OPD
[smoke] upstream: /inspire/hdd/global_user/mengweicheng-240108120092/lzy/projects/Dual-Track-OPD/third_party/Vision-OPD
[smoke] model: /inspire/hdd/global_user/mengweicheng-240108120092/lzy/models/Qwen3.5-4B
[smoke] train file: /inspire/hdd/global_user/mengweicheng-240108120092/lzy/projects/Dual-Track-OPD/third_party/Vision-OPD/data/train.parquet
[smoke] out dir: /inspire/hdd/global_user/mengweicheng-240108120092/lzy/projects/Dual-Track-OPD/baselines/vision_opd/logs/smoke_4xh200
[smoke] torch: 2.10.0+cu128 cuda: 12.8
[smoke] cuda available: True
[smoke] cuda device count: 4
[smoke] gpu 0: NVIDIA H200
[smoke] gpu 1: NVIDIA H200
[smoke] gpu 2: NVIDIA H200
[smoke] gpu 3: NVIDIA H200
ray init kwargs: {'num_cpus': None, 'runtime_env': {'env_vars': {'TOKENIZERS_PARALLELISM': 'true', 'NCCL_DEBUG': 'WARN', 'VLLM_LOGGING_LEVEL': 'WARN', 'VLLM_ALLOW_RUNTIME_LORA_UPDATING': 'true', 'VLLM_ALLREDUCE_USE_SYMM_MEM': '0', 'CUDA_DEVICE_MAX_CONNECTIONS': '1', 'NCCL_CUMEM_ENABLE': '0'}, 'working_dir': None}}
2026-06-24 07:36:40,891	INFO worker.py:1998 -- Started a local Ray instance. View the dashboard at [1m[32mhttp://127.0.0.1:8265 [39m[22m
/inspire/hdd/global_user/mengweicheng-240108120092/lzy/envs/vision-opd-cu128/lib/python3.12/site-packages/ray/_private/worker.py:2046: FutureWarning: Tip: In future versions of Ray, Ray will no longer override accelerator visible devices env var if num_gpus=0 or num_gpus=None (default). To enable this behavior and turn off this error message, set RAY_ACCEL_ENV_VAR_OVERRIDE_ON_ZERO=0
  warnings.warn(
[36m(TaskRunner pid=959248)[0m TaskRunner hostname: distributed-rl--lzy--64d03f736800-e5kxcsauxg, PID: 959248
[36m(TaskRunner pid=959248)[0m {'actor_rollout_ref': {'actor': {'_target_': 'verl.workers.config.FSDPActorConfig',
[36m(TaskRunner pid=959248)[0m                                  'calculate_entropy': False,
[36m(TaskRunner pid=959248)[0m                                  'calculate_sum_pi_squared': False,
[36m(TaskRunner pid=959248)[0m                                  'checkpoint': {'_target_': 'verl.trainer.config.CheckpointConfig',
[36m(TaskRunner pid=959248)[0m                                                 'async_save': False,
[36m(TaskRunner pid=959248)[0m                                                 'load_contents': ['model',
[36m(TaskRunner pid=959248)[0m                                                                   'optimizer',
[36m(TaskRunner pid=959248)[0m                                                                   'extra'],
[36m(TaskRunner pid=959248)[0m                                                 'save_contents': ['model',
[36m(TaskRunner pid=959248)[0m                                                                   'optimizer',
[36m(TaskRunner pid=959248)[0m                                                                   'extra']},
[36m(TaskRunner pid=959248)[0m                                  'clip_ratio': 0.2,
[36m(TaskRunner pid=959248)[0m                                  'clip_ratio_c': 3.0,
[36m(TaskRunner pid=959248)[0m                                  'clip_ratio_high': 0.3,
[36m(TaskRunner pid=959248)[0m                                  'clip_ratio_low': 0.2,
[36m(TaskRunner pid=959248)[0m                                  'data_loader_seed': 42,
[36m(TaskRunner pid=959248)[0m                                  'entropy_checkpointing': False,
[36m(TaskRunner pid=959248)[0m                                  'entropy_coeff': 0,
[36m(TaskRunner pid=959248)[0m                                  'entropy_from_logits_with_chunking': False,
[36m(TaskRunner pid=959248)[0m                                  'freeze_vision_tower': False,
[36m(TaskRunner pid=959248)[0m                                  'fsdp_config': {'_target_': 'verl.workers.config.FSDPEngineConfig',
[36m(TaskRunner pid=959248)[0m                                                  'dtype': 'bfloat16',
[36m(TaskRunner pid=959248)[0m                                                  'entropy_checkpointing': False,
[36m(TaskRunner pid=959248)[0m                                                  'entropy_from_logits_with_chunking': False,
[36m(TaskRunner pid=959248)[0m                                                  'forward_only': False,
[36m(TaskRunner pid=959248)[0m                                                  'forward_prefetch': False,
[36m(TaskRunner pid=959248)[0m                                                  'fsdp_size': -1,
[36m(TaskRunner pid=959248)[0m                                                  'full_determinism': False,
[36m(TaskRunner pid=959248)[0m                                                  'model_dtype': 'fp32',
[36m(TaskRunner pid=959248)[0m                                                  'offload_policy': False,
[36m(TaskRunner pid=959248)[0m                                                  'optimizer_offload': False,
[36m(TaskRunner pid=959248)[0m                                                  'param_offload': False,
[36m(TaskRunner pid=959248)[0m                                                  'reshard_after_forward': True,
[36m(TaskRunner pid=959248)[0m                                                  'seed': 42,
[36m(TaskRunner pid=959248)[0m                                                  'strategy': 'fsdp',
[36m(TaskRunner pid=959248)[0m                                                  'ulysses_sequence_parallel_size': 1,
[36m(TaskRunner pid=959248)[0m                                                  'use_orig_params': False,
[36m(TaskRunner pid=959248)[0m                                                  'use_torch_compile': True,
[36m(TaskRunner pid=959248)[0m                                                  'wrap_policy': {'min_num_params': 0}},
[36m(TaskRunner pid=959248)[0m                                  'grad_clip': 1.0,
[36m(TaskRunner pid=959248)[0m                                  'kl_loss_coef': 0.001,
[36m(TaskRunner pid=959248)[0m                                  'kl_loss_type': 'low_var_kl',
[36m(TaskRunner pid=959248)[0m                                  'loss_agg_mode': 'token-mean',
[36m(TaskRunner pid=959248)[0m                                  'loss_scale_factor': None,
[36m(TaskRunner pid=959248)[0m                                  'optim': {'_target_': 'verl.workers.config.FSDPOptimizerConfig',
[36m(TaskRunner pid=959248)[0m                                            'betas': [0.9, 0.999],
[36m(TaskRunner pid=959248)[0m                                            'clip_grad': 1.0,
[36m(TaskRunner pid=959248)[0m                                            'lr': 2e-06,
[36m(TaskRunner pid=959248)[0m                                            'lr_scheduler_type': 'constant',
[36m(TaskRunner pid=959248)[0m                                            'lr_warmup_steps': -1,
[36m(TaskRunner pid=959248)[0m                                            'lr_warmup_steps_ratio': 0.0,
[36m(TaskRunner pid=959248)[0m                                            'min_lr_ratio': 0.0,
[36m(TaskRunner pid=959248)[0m                                            'num_cycles': 0.5,
[36m(TaskRunner pid=959248)[0m                                            'optimizer': 'AdamW',
[36m(TaskRunner pid=959248)[0m                                            'optimizer_impl': 'torch.optim',
[36m(TaskRunner pid=959248)[0m                                            'override_optimizer_config': None,
[36m(TaskRunner pid=959248)[0m                                            'total_training_steps': -1,
[36m(TaskRunner pid=959248)[0m                                            'warmup_style': None,
[36m(TaskRunner pid=959248)[0m                                            'weight_decay': 0.01},
[36m(TaskRunner pid=959248)[0m                                  'policy_loss': {'_target_': 'verl.workers.config.PolicyLossConfig',
[36m(TaskRunner pid=959248)[0m                                                  'clip_cov_lb': 1.0,
[36m(TaskRunner pid=959248)[0m                                                  'clip_cov_ratio': 0.0002,
[36m(TaskRunner pid=959248)[0m                                                  'clip_cov_ub': 5.0,
[36m(TaskRunner pid=959248)[0m                                                  'kl_cov_ratio': 0.0002,
[36m(TaskRunner pid=959248)[0m                                                  'loss_mode': 'vopd',
[36m(TaskRunner pid=959248)[0m                                                  'ppo_kl_coef': 0.1},
[36m(TaskRunner pid=959248)[0m                                  'ppo_epochs': 1,
[36m(TaskRunner pid=959248)[0m                                  'ppo_max_token_len_per_gpu': 8320,
[36m(TaskRunner pid=959248)[0m                                  'ppo_micro_batch_size': None,
[36m(TaskRunner pid=959248)[0m                                  'ppo_micro_batch_size_per_gpu': 1,
[36m(TaskRunner pid=959248)[0m                                  'ppo_mini_batch_size': 4,
[36m(TaskRunner pid=959248)[0m                                  'profiler': {'_target_': 'verl.utils.profiler.ProfilerConfig',
[36m(TaskRunner pid=959248)[0m                                               'all_ranks': False,
[36m(TaskRunner pid=959248)[0m                                               'enable': False,
[36m(TaskRunner pid=959248)[0m                                               'ranks': [],
[36m(TaskRunner pid=959248)[0m                                               'save_path': 'outputs/profile',
[36m(TaskRunner pid=959248)[0m                                               'tool': None,
[36m(TaskRunner pid=959248)[0m                                               'tool_config': {'npu': {'_target_': 'verl.utils.profiler.config.NPUToolConfig',
[36m(TaskRunner pid=959248)[0m                                                                       'analysis': True,
[36m(TaskRunner pid=959248)[0m                                                                       'contents': [],
[36m(TaskRunner pid=959248)[0m                                                                       'discrete': False,
[36m(TaskRunner pid=959248)[0m                                                                       'level': 'level0'},
[36m(TaskRunner pid=959248)[0m                                                               'nsys': {'_target_': 'verl.utils.profiler.config.NsightToolConfig',
[36m(TaskRunner pid=959248)[0m                                                                        'discrete': False},
[36m(TaskRunner pid=959248)[0m                                                               'torch': {'_target_': 'verl.utils.profiler.config.TorchProfilerToolConfig',
[36m(TaskRunner pid=959248)[0m                                                                         'step_end': None,
[36m(TaskRunner pid=959248)[0m                                                                         'step_start': 0},
[36m(TaskRunner pid=959248)[0m                                                               'torch_memory': {'_target_': 'verl.utils.profiler.config.TorchMemoryToolConfig',
[36m(TaskRunner pid=959248)[0m                                                                                'stack_depth': 32,
[36m(TaskRunner pid=959248)[0m                                                                                'trace_alloc_max_entries': 100000}}},
[36m(TaskRunner pid=959248)[0m                                  'rollout_n': 1,
[36m(TaskRunner pid=959248)[0m                                  'router_replay': {'_target_': 'verl.workers.config.RouterReplayConfig',
[36m(TaskRunner pid=959248)[0m                                                    'mode': 'disabled',
[36m(TaskRunner pid=959248)[0m                                                    'record_file': None,
[36m(TaskRunner pid=959248)[0m                                                    'replay_file': None},
[36m(TaskRunner pid=959248)[0m                                  'self_distillation': {'_target_': 'verl.workers.config.SelfDistillationConfig',
[36m(TaskRunner pid=959248)[0m                                                        'alpha': 0.5,
[36m(TaskRunner pid=959248)[0m                                                        'answer_hint_template': '\n'
[36m(TaskRunner pid=959248)[0m                                                                                '\n'
[36m(TaskRunner pid=959248)[0m                                                                                'Here '
[36m(TaskRunner pid=959248)[0m                                                                                'is '
[36m(TaskRunner pid=959248)[0m                                                                                'a '
[36m(TaskRunner pid=959248)[0m                                                                                'reference '
[36m(TaskRunner pid=959248)[0m                                                                                'solution '
[36m(TaskRunner pid=959248)[0m                                                                                'to '
[36m(TaskRunner pid=959248)[0m                                                                                'this '
[36m(TaskRunner pid=959248)[0m                                                                                'problem:\n'
[36m(TaskRunner pid=959248)[0m                                                                                '{answer}\n'
[36m(TaskRunner pid=959248)[0m                                                                                '\n'
[36m(TaskRunner pid=959248)[0m                                                                                'After '
[36m(TaskRunner pid=959248)[0m                                                                                'understanding '
[36m(TaskRunner pid=959248)[0m                                                                                'the '
[36m(TaskRunner pid=959248)[0m                                                                                'reference '
[36m(TaskRunner pid=959248)[0m                                                                                'solution, '
[36m(TaskRunner pid=959248)[0m                                                                                'please '
[36m(TaskRunner pid=959248)[0m                                                                                'try '
[36m(TaskRunner pid=959248)[0m                                                                                'to '
[36m(TaskRunner pid=959248)[0m                                                                                'solve '
[36m(TaskRunner pid=959248)[0m                                                                                'this '
[36m(TaskRunner pid=959248)[0m                                                                                'problem '
[36m(TaskRunner pid=959248)[0m                                                                                'using '
[36m(TaskRunner pid=959248)[0m                                                                                'your '
[36m(TaskRunner pid=959248)[0m                                                                                'own '
[36m(TaskRunner pid=959248)[0m                                                                                'approach '
[36m(TaskRunner pid=959248)[0m                                                                                'below:',
[36m(TaskRunner pid=959248)[0m                                                        'distillation_add_tail': True,
[36m(TaskRunner pid=959248)[0m                                                        'distillation_topk': 100,
[36m(TaskRunner pid=959248)[0m                                                        'dont_reprompt_on_self_success': True,
[36m(TaskRunner pid=959248)[0m                                                        'environment_feedback_only_without_solution': True,
[36m(TaskRunner pid=959248)[0m                                                        'fallback_to_policy_loss_on_missing_teacher': False,
[36m(TaskRunner pid=959248)[0m                                                        'feedback_template': '\n'
[36m(TaskRunner pid=959248)[0m                                                                             'The '
[36m(TaskRunner pid=959248)[0m                                                                             'following '
[36m(TaskRunner pid=959248)[0m                                                                             'is '
[36m(TaskRunner pid=959248)[0m                                                                             'feedback '
[36m(TaskRunner pid=959248)[0m                                                                             'from '
[36m(TaskRunner pid=959248)[0m                                                                             'your '
[36m(TaskRunner pid=959248)[0m                                                                             'unsuccessful '
[36m(TaskRunner pid=959248)[0m                                                                             'earlier '
[36m(TaskRunner pid=959248)[0m                                                                             'attempt:\n'
[36m(TaskRunner pid=959248)[0m                                                                             '\n'
[36m(TaskRunner pid=959248)[0m                                                                             '{feedback_raw}',
[36m(TaskRunner pid=959248)[0m                                                        'full_logit_distillation': True,
[36m(TaskRunner pid=959248)[0m                                                        'gamma': 1.0,
[36m(TaskRunner pid=959248)[0m                                                        'include_environment_feedback': False,
[36m(TaskRunner pid=959248)[0m                                                        'is_clip': 2.0,
[36m(TaskRunner pid=959248)[0m                                                        'log_prob_dump_dir': None,
[36m(TaskRunner pid=959248)[0m                                                        'max_reprompt_len': 10240,
[36m(TaskRunner pid=959248)[0m                                                        'remove_thinking_from_demonstration': True,
[36m(TaskRunner pid=959248)[0m                                                        'reprompt_template': '{prompt}{solution}{feedback}\n'
[36m(TaskRunner pid=959248)[0m                                                                             '\n'
[36m(TaskRunner pid=959248)[0m                                                                             'Correctly '
[36m(TaskRunner pid=959248)[0m                                                                             'solve '
[36m(TaskRunner pid=959248)[0m                                                                             'the '
[36m(TaskRunner pid=959248)[0m                                                                             'original '
[36m(TaskRunner pid=959248)[0m                                                                             'question.',
[36m(TaskRunner pid=959248)[0m                                                        'reprompt_truncation': 'right',
[36m(TaskRunner pid=959248)[0m                                                        'solution_template': '\n'
[36m(TaskRunner pid=959248)[0m                                                                             'Correct '
[36m(TaskRunner pid=959248)[0m                                                                             'solution:\n'
[36m(TaskRunner pid=959248)[0m                                                                             '\n'
[36m(TaskRunner pid=959248)[0m                                                                             '{successful_previous_attempt}',
[36m(TaskRunner pid=959248)[0m                                                        'success_reward_threshold': 0.5,
[36m(TaskRunner pid=959248)[0m                                                        'teacher_always_on': True,
[36m(TaskRunner pid=959248)[0m                                                        'teacher_image_key': 'bbox_images',
[36m(TaskRunner pid=959248)[0m                                                        'teacher_model_path': None,
[36m(TaskRunner pid=959248)[0m                                                        'teacher_model_source': 'legacy',
[36m(TaskRunner pid=959248)[0m                                                        'teacher_prompt_mode': None,
[36m(TaskRunner pid=959248)[0m                                                        'teacher_regularization': 'ema',
[36m(TaskRunner pid=959248)[0m                                                        'teacher_update_interval': None,
[36m(TaskRunner pid=959248)[0m                                                        'teacher_update_rate': 0.05},
[36m(TaskRunner pid=959248)[0m                                  'shuffle': False,
[36m(TaskRunner pid=959248)[0m                                  'strategy': 'fsdp',
[36m(TaskRunner pid=959248)[0m                                  'sum_pi_squared_checkpointing': False,
[36m(TaskRunner pid=959248)[0m                                  'tau_neg': 1.05,
[36m(TaskRunner pid=959248)[0m                                  'tau_pos': 1.0,
[36m(TaskRunner pid=959248)[0m                                  'ulysses_sequence_parallel_size': 1,
[36m(TaskRunner pid=959248)[0m                                  'use_dynamic_bsz': True,
[36m(TaskRunner pid=959248)[0m                                  'use_fused_kernels': False,
[36m(TaskRunner pid=959248)[0m                                  'use_kl_loss': False,
[36m(TaskRunner pid=959248)[0m                                  'use_prefix_grouper': False,
[36m(TaskRunner pid=959248)[0m                                  'use_remove_padding': True,
[36m(TaskRunner pid=959248)[0m                                  'use_torch_compile': True},
[36m(TaskRunner pid=959248)[0m                        'hybrid_engine': True,
[36m(TaskRunner pid=959248)[0m                        'model': {'_target_': 'verl.workers.config.HFModelConfig',
[36m(TaskRunner pid=959248)[0m                                  'custom_chat_template': None,
[36m(TaskRunner pid=959248)[0m                                  'custom_chat_template_file': None,
[36m(TaskRunner pid=959248)[0m                                  'enable_activation_offload': False,
[36m(TaskRunner pid=959248)[0m                                  'enable_gradient_checkpointing': True,
[36m(TaskRunner pid=959248)[0m                                  'exclude_modules': None,
[36m(TaskRunner pid=959248)[0m                                  'external_lib': None,
[36m(TaskRunner pid=959248)[0m                                  'fused_kernel_options': {'impl_backend': 'torch'},
[36m(TaskRunner pid=959248)[0m                                  'hf_config_path': None,
[36m(TaskRunner pid=959248)[0m                                  'lora_adapter_path': None,
[36m(TaskRunner pid=959248)[0m                                  'lora_alpha': 16,
[36m(TaskRunner pid=959248)[0m                                  'lora_rank': 0,
[36m(TaskRunner pid=959248)[0m                                  'override_config': {},
[36m(TaskRunner pid=959248)[0m                                  'path': '/inspire/hdd/global_user/mengweicheng-240108120092/lzy/models/Qwen3.5-4B',
[36m(TaskRunner pid=959248)[0m                                  'target_modules': 'all-linear',
[36m(TaskRunner pid=959248)[0m                                  'tiled_mlp': {'enabled': False,
[36m(TaskRunner pid=959248)[0m                                                'num_shards': 4},
[36m(TaskRunner pid=959248)[0m                                  'tokenizer_path': None,
[36m(TaskRunner pid=959248)[0m                                  'trust_remote_code': True,
[36m(TaskRunner pid=959248)[0m                                  'use_fused_kernels': False,
[36m(TaskRunner pid=959248)[0m                                  'use_liger': False,
[36m(TaskRunner pid=959248)[0m                                  'use_remove_padding': True,
[36m(TaskRunner pid=959248)[0m                                  'use_shm': False},
[36m(TaskRunner pid=959248)[0m                        'nccl_timeout': 600,
[36m(TaskRunner pid=959248)[0m                        'ref': {'_target_': 'verl.workers.config.FSDPActorConfig',
[36m(TaskRunner pid=959248)[0m                                'entropy_checkpointing': False,
[36m(TaskRunner pid=959248)[0m                                'entropy_from_logits_with_chunking': False,
[36m(TaskRunner pid=959248)[0m                                'fsdp_config': {'_target_': 'verl.workers.config.FSDPEngineConfig',
[36m(TaskRunner pid=959248)[0m                                                'dtype': 'bfloat16',
[36m(TaskRunner pid=959248)[0m                                                'entropy_checkpointing': False,
[36m(TaskRunner pid=959248)[0m                                                'entropy_from_logits_with_chunking': False,
[36m(TaskRunner pid=959248)[0m                                                'forward_only': True,
[36m(TaskRunner pid=959248)[0m                                                'forward_prefetch': False,
[36m(TaskRunner pid=959248)[0m                                                'fsdp_size': -1,
[36m(TaskRunner pid=959248)[0m                                                'full_determinism': False,
[36m(TaskRunner pid=959248)[0m                                                'model_dtype': 'fp32',
[36m(TaskRunner pid=959248)[0m                                                'offload_policy': False,
[36m(TaskRunner pid=959248)[0m                                                'optimizer_offload': False,
[36m(TaskRunner pid=959248)[0m                                                'param_offload': False,
[36m(TaskRunner pid=959248)[0m                                                'reshard_after_forward': True,
[36m(TaskRunner pid=959248)[0m                                                'seed': 42,
[36m(TaskRunner pid=959248)[0m                                                'strategy': 'fsdp',
[36m(TaskRunner pid=959248)[0m                                                'ulysses_sequence_parallel_size': 1,
[36m(TaskRunner pid=959248)[0m                                                'use_orig_params': False,
[36m(TaskRunner pid=959248)[0m                                                'use_torch_compile': True,
[36m(TaskRunner pid=959248)[0m                                                'wrap_policy': {'min_num_params': 0}},
[36m(TaskRunner pid=959248)[0m                                'log_prob_max_token_len_per_gpu': 8320,
[36m(TaskRunner pid=959248)[0m                                'log_prob_micro_batch_size': None,
[36m(TaskRunner pid=959248)[0m                                'log_prob_micro_batch_size_per_gpu': 1,
[36m(TaskRunner pid=959248)[0m                                'log_prob_use_dynamic_bsz': True,
[36m(TaskRunner pid=959248)[0m                                'profiler': {'_target_': 'verl.utils.profiler.ProfilerConfig',
[36m(TaskRunner pid=959248)[0m                                             'all_ranks': False,
[36m(TaskRunner pid=959248)[0m                                             'enable': False,
[36m(TaskRunner pid=959248)[0m                                             'ranks': [],
[36m(TaskRunner pid=959248)[0m                                             'save_path': 'outputs/profile',
[36m(TaskRunner pid=959248)[0m                                             'tool': None,
[36m(TaskRunner pid=959248)[0m                                             'tool_config': {'npu': {'_target_': 'verl.utils.profiler.config.NPUToolConfig',
[36m(TaskRunner pid=959248)[0m                                                                     'analysis': True,
[36m(TaskRunner pid=959248)[0m                                                                     'contents': [],
[36m(TaskRunner pid=959248)[0m                                                                     'discrete': False,
[36m(TaskRunner pid=959248)[0m                                                                     'level': 'level0'},
[36m(TaskRunner pid=959248)[0m                                                             'nsys': {'_target_': 'verl.utils.profiler.config.NsightToolConfig',
[36m(TaskRunner pid=959248)[0m                                                                      'discrete': False},
[36m(TaskRunner pid=959248)[0m                                                             'torch': {'_target_': 'verl.utils.profiler.config.TorchProfilerToolConfig',
[36m(TaskRunner pid=959248)[0m                                                                       'step_end': None,
[36m(TaskRunner pid=959248)[0m                                                                       'step_start': 0},
[36m(TaskRunner pid=959248)[0m                                                             'torch_memory': {'_target_': 'verl.utils.profiler.config.TorchMemoryToolConfig',
[36m(TaskRunner pid=959248)[0m                                                                              'stack_depth': 32,
[36m(TaskRunner pid=959248)[0m                                                                              'trace_alloc_max_entries': 100000}}},
[36m(TaskRunner pid=959248)[0m                                'rollout_n': 1,
[36m(TaskRunner pid=959248)[0m                                'router_replay': {'_target_': 'verl.workers.config.RouterReplayConfig',
[36m(TaskRunner pid=959248)[0m                                                  'mode': 'disabled',
[36m(TaskRunner pid=959248)[0m                                                  'record_file': None,
[36m(TaskRunner pid=959248)[0m                                                  'replay_file': None},
[36m(TaskRunner pid=959248)[0m                                'strategy': 'fsdp',
[36m(TaskRunner pid=959248)[0m                                'ulysses_sequence_parallel_size': 1,
[36m(TaskRunner pid=959248)[0m                                'use_torch_compile': True},
[36m(TaskRunner pid=959248)[0m                        'rollout': {'_target_': 'verl.workers.config.RolloutConfig',
[36m(TaskRunner pid=959248)[0m                                    'agent': {'_target_': 'verl.workers.config.AgentLoopConfig',
[36m(TaskRunner pid=959248)[0m                                              'agent_loop_config_path': None,
[36m(TaskRunner pid=959248)[0m                                              'custom_async_server': {'_target_': 'verl.workers.config.CustomAsyncServerConfig',
[36m(TaskRunner pid=959248)[0m                                                                      'name': None,
[36m(TaskRunner pid=959248)[0m                                                                      'path': None},
[36m(TaskRunner pid=959248)[0m                                              'default_agent_loop': 'single_turn_agent',
[36m(TaskRunner pid=959248)[0m                                              'num_workers': 4},
[36m(TaskRunner pid=959248)[0m                                    'calculate_log_probs': True,
[36m(TaskRunner pid=959248)[0m                                    'cudagraph_capture_sizes': None,
[36m(TaskRunner pid=959248)[0m                                    'data_parallel_size': 1,
[36m(TaskRunner pid=959248)[0m                                    'disable_log_stats': True,
[36m(TaskRunner pid=959248)[0m                                    'do_sample': True,
[36m(TaskRunner pid=959248)[0m                                    'dtype': 'bfloat16',
[36m(TaskRunner pid=959248)[0m                                    'enable_chunked_prefill': True,
[36m(TaskRunner pid=959248)[0m                                    'enable_prefix_caching': True,
[36m(TaskRunner pid=959248)[0m                                    'enable_rollout_routing_replay': False,
[36m(TaskRunner pid=959248)[0m                                    'enforce_eager': False,
[36m(TaskRunner pid=959248)[0m                                    'engine_kwargs': {'sglang': {},
[36m(TaskRunner pid=959248)[0m                                                      'vllm': {'compilation_config': {'pass_config': {'fuse_allreduce_rms': False}},
[36m(TaskRunner pid=959248)[0m                                                               'kernel_config': {'enable_flashinfer_autotune': False}}},
[36m(TaskRunner pid=959248)[0m                                    'expert_parallel_size': 1,
[36m(TaskRunner pid=959248)[0m                                    'free_cache_engine': True,
[36m(TaskRunner pid=959248)[0m                                    'gpu_memory_utilization': 0.45,
[36m(TaskRunner pid=959248)[0m                                    'ignore_eos': False,
[36m(TaskRunner pid=959248)[0m                                    'layered_summon': False,
[36m(TaskRunner pid=959248)[0m                                    'load_format': 'dummy',
[36m(TaskRunner pid=959248)[0m                                    'log_prob_max_token_len_per_gpu': 8320,
[36m(TaskRunner pid=959248)[0m                                    'log_prob_micro_batch_size': None,
[36m(TaskRunner pid=959248)[0m                                    'log_prob_micro_batch_size_per_gpu': 1,
[36m(TaskRunner pid=959248)[0m                                    'log_prob_use_dynamic_bsz': True,
[36m(TaskRunner pid=959248)[0m                                    'logprobs_mode': 'processed_logprobs',
[36m(TaskRunner pid=959248)[0m                                    'max_model_len': 8320,
[36m(TaskRunner pid=959248)[0m                                    'max_num_batched_tokens': 8320,
[36m(TaskRunner pid=959248)[0m                                    'max_num_seqs': 1024,
[36m(TaskRunner pid=959248)[0m                                    'mode': 'async',
[36m(TaskRunner pid=959248)[0m                                    'multi_stage_wake_up': False,
[36m(TaskRunner pid=959248)[0m                                    'multi_turn': {'_target_': 'verl.workers.config.MultiTurnConfig',
[36m(TaskRunner pid=959248)[0m                                                   'enable': False,
[36m(TaskRunner pid=959248)[0m                                                   'format': 'hermes',
[36m(TaskRunner pid=959248)[0m                                                   'interaction_config_path': None,
[36m(TaskRunner pid=959248)[0m                                                   'max_assistant_turns': None,
[36m(TaskRunner pid=959248)[0m                                                   'max_parallel_calls': 1,
[36m(TaskRunner pid=959248)[0m                                                   'max_tool_response_length': 256,
[36m(TaskRunner pid=959248)[0m                                                   'max_user_turns': None,
[36m(TaskRunner pid=959248)[0m                                                   'num_repeat_rollouts': None,
[36m(TaskRunner pid=959248)[0m                                                   'tokenization_sanity_check_mode': 'strict',
[36m(TaskRunner pid=959248)[0m                                                   'tool_config_path': None,
[36m(TaskRunner pid=959248)[0m                                                   'tool_response_truncate_side': 'middle',
[36m(TaskRunner pid=959248)[0m                                                   'use_inference_chat_template': False},
[36m(TaskRunner pid=959248)[0m                                    'n': 1,
[36m(TaskRunner pid=959248)[0m                                    'name': 'vllm',
[36m(TaskRunner pid=959248)[0m                                    'over_sample_rate': 0,
[36m(TaskRunner pid=959248)[0m                                    'pipeline_model_parallel_size': 1,
[36m(TaskRunner pid=959248)[0m                                    'profiler': {'_target_': 'verl.utils.profiler.ProfilerConfig',
[36m(TaskRunner pid=959248)[0m                                                 'all_ranks': False,
[36m(TaskRunner pid=959248)[0m                                                 'enable': False,
[36m(TaskRunner pid=959248)[0m                                                 'ranks': [],
[36m(TaskRunner pid=959248)[0m                                                 'save_path': 'outputs/profile',
[36m(TaskRunner pid=959248)[0m                                                 'tool': None,
[36m(TaskRunner pid=959248)[0m                                                 'tool_config': {'npu': {'_target_': 'verl.utils.profiler.config.NPUToolConfig',
[36m(TaskRunner pid=959248)[0m                                                                         'analysis': True,
[36m(TaskRunner pid=959248)[0m                                                                         'contents': [],
[36m(TaskRunner pid=959248)[0m                                                                         'discrete': False,
[36m(TaskRunner pid=959248)[0m                                                                         'level': 'level0'},
[36m(TaskRunner pid=959248)[0m                                                                 'nsys': {'_target_': 'verl.utils.profiler.config.NsightToolConfig',
[36m(TaskRunner pid=959248)[0m                                                                          'discrete': False},
[36m(TaskRunner pid=959248)[0m                                                                 'torch': {'_target_': 'verl.utils.profiler.config.TorchProfilerToolConfig',
[36m(TaskRunner pid=959248)[0m                                                                           'step_end': None,
[36m(TaskRunner pid=959248)[0m                                                                           'step_start': 0},
[36m(TaskRunner pid=959248)[0m                                                                 'torch_memory': {'_target_': 'verl.utils.profiler.config.TorchMemoryToolConfig',
[36m(TaskRunner pid=959248)[0m                                                                                  'stack_depth': 32,
[36m(TaskRunner pid=959248)[0m                                                                                  'trace_alloc_max_entries': 100000}}},
[36m(TaskRunner pid=959248)[0m                                    'prometheus': {'_target_': 'verl.workers.config.PrometheusConfig',
[36m(TaskRunner pid=959248)[0m                                                   'enable': False,
[36m(TaskRunner pid=959248)[0m                                                   'file': '/tmp/ray/session_latest/metrics/prometheus/prometheus.yml',
[36m(TaskRunner pid=959248)[0m                                                   'port': 9090,
[36m(TaskRunner pid=959248)[0m                                                   'served_model_name': '/inspire/hdd/global_user/mengweicheng-240108120092/lzy/models/Qwen3.5-4B'},
[36m(TaskRunner pid=959248)[0m                                    'prompt_length': 8192,
[36m(TaskRunner pid=959248)[0m                                    'quantization': None,
[36m(TaskRunner pid=959248)[0m                                    'quantization_config_file': None,
[36m(TaskRunner pid=959248)[0m                                    'response_length': 128,
[36m(TaskRunner pid=959248)[0m                                    'scheduling_policy': 'fcfs',
[36m(TaskRunner pid=959248)[0m                                    'skip_dump_dir': '/tmp/rollout_dump',
[36m(TaskRunner pid=959248)[0m                                    'skip_rollout': False,
[36m(TaskRunner pid=959248)[0m                                    'skip_tokenizer_init': True,
[36m(TaskRunner pid=959248)[0m                                    'temperature': 1.0,
[36m(TaskRunner pid=959248)[0m                                    'tensor_model_parallel_size': 1,
[36m(TaskRunner pid=959248)[0m                                    'top_k': -1,
[36m(TaskRunner pid=959248)[0m                                    'top_p': 1,
[36m(TaskRunner pid=959248)[0m                                    'trace': {'_target_': 'verl.workers.config.TraceConfig',
[36m(TaskRunner pid=959248)[0m                                              'backend': None,
[36m(TaskRunner pid=959248)[0m                                              'max_samples_per_step_per_worker': None,
[36m(TaskRunner pid=959248)[0m                                              'token2text': False},
[36m(TaskRunner pid=959248)[0m                                    'update_weights_bucket_megabytes': 512,
[36m(TaskRunner pid=959248)[0m                                    'val_kwargs': {'_target_': 'verl.workers.config.SamplingConfig',
[36m(TaskRunner pid=959248)[0m                                                   'do_sample': False,
[36m(TaskRunner pid=959248)[0m                                                   'n': 1,
[36m(TaskRunner pid=959248)[0m                                                   'temperature': 0,
[36m(TaskRunner pid=959248)[0m                                                   'top_k': -1,
[36m(TaskRunner pid=959248)[0m                                                   'top_p': 1.0}}},
[36m(TaskRunner pid=959248)[0m  'algorithm': {'_target_': 'verl.trainer.config.AlgoConfig',
[36m(TaskRunner pid=959248)[0m                'adv_estimator': 'grpo',
[36m(TaskRunner pid=959248)[0m                'gamma': 1.0,
[36m(TaskRunner pid=959248)[0m                'kl_ctrl': {'_target_': 'verl.trainer.config.KLControlConfig',
[36m(TaskRunner pid=959248)[0m                            'horizon': 10000,
[36m(TaskRunner pid=959248)[0m                            'kl_coef': 0.001,
[36m(TaskRunner pid=959248)[0m                            'target_kl': 0.1,
[36m(TaskRunner pid=959248)[0m                            'type': 'fixed'},
[36m(TaskRunner pid=959248)[0m                'kl_penalty': 'kl',
[36m(TaskRunner pid=959248)[0m                'lam': 1.0,
[36m(TaskRunner pid=959248)[0m                'norm_adv_by_std_in_grpo': False,
[36m(TaskRunner pid=959248)[0m                'pf_ppo': {'reweight_method': 'pow', 'weight_pow': 2.0},
[36m(TaskRunner pid=959248)[0m                'rollout_correction': {'bypass_mode': False,
[36m(TaskRunner pid=959248)[0m                                       'loss_type': 'ppo_clip',
[36m(TaskRunner pid=959248)[0m                                       'rollout_is': 'token',
[36m(TaskRunner pid=959248)[0m                                       'rollout_is_batch_normalize': False,
[36m(TaskRunner pid=959248)[0m                                       'rollout_is_threshold': 2.0,
[36m(TaskRunner pid=959248)[0m                                       'rollout_rs': None,
[36m(TaskRunner pid=959248)[0m                                       'rollout_rs_threshold': None},
[36m(TaskRunner pid=959248)[0m                'use_kl_in_reward': False,
[36m(TaskRunner pid=959248)[0m                'use_pf_ppo': False},
[36m(TaskRunner pid=959248)[0m  'critic': {'_target_': 'verl.workers.config.FSDPCriticConfig',
[36m(TaskRunner pid=959248)[0m             'checkpoint': {'_target_': 'verl.trainer.config.CheckpointConfig',
[36m(TaskRunner pid=959248)[0m                            'async_save': False,
[36m(TaskRunner pid=959248)[0m                            'load_contents': ['model', 'optimizer', 'extra'],
[36m(TaskRunner pid=959248)[0m                            'save_contents': ['model', 'optimizer', 'extra']},
[36m(TaskRunner pid=959248)[0m             'cliprange_value': 0.5,
[36m(TaskRunner pid=959248)[0m             'data_loader_seed': 42,
[36m(TaskRunner pid=959248)[0m             'enable': None,
[36m(TaskRunner pid=959248)[0m             'forward_max_token_len_per_gpu': 32768,
[36m(TaskRunner pid=959248)[0m             'forward_micro_batch_size': None,
[36m(TaskRunner pid=959248)[0m             'forward_micro_batch_size_per_gpu': None,
[36m(TaskRunner pid=959248)[0m             'grad_clip': 1.0,
[36m(TaskRunner pid=959248)[0m             'loss_agg_mode': 'token-mean',
[36m(TaskRunner pid=959248)[0m             'model': {'_target_': 'verl.workers.config.FSDPCriticModelCfg',
[36m(TaskRunner pid=959248)[0m                       'enable_activation_offload': False,
[36m(TaskRunner pid=959248)[0m                       'enable_gradient_checkpointing': True,
[36m(TaskRunner pid=959248)[0m                       'external_lib': None,
[36m(TaskRunner pid=959248)[0m                       'fsdp_config': {'_target_': 'verl.workers.config.FSDPEngineConfig',
[36m(TaskRunner pid=959248)[0m                                       'dtype': 'bfloat16',
[36m(TaskRunner pid=959248)[0m                                       'entropy_checkpointing': False,
[36m(TaskRunner pid=959248)[0m                                       'entropy_from_logits_with_chunking': False,
[36m(TaskRunner pid=959248)[0m                                       'forward_only': False,
[36m(TaskRunner pid=959248)[0m                                       'forward_prefetch': False,
[36m(TaskRunner pid=959248)[0m                                       'fsdp_size': -1,
[36m(TaskRunner pid=959248)[0m                                       'full_determinism': False,
[36m(TaskRunner pid=959248)[0m                                       'model_dtype': 'fp32',
[36m(TaskRunner pid=959248)[0m                                       'offload_policy': False,
[36m(TaskRunner pid=959248)[0m                                       'optimizer_offload': False,
[36m(TaskRunner pid=959248)[0m                                       'param_offload': False,
[36m(TaskRunner pid=959248)[0m                                       'reshard_after_forward': True,
[36m(TaskRunner pid=959248)[0m                                       'seed': 42,
[36m(TaskRunner pid=959248)[0m                                       'strategy': 'fsdp',
[36m(TaskRunner pid=959248)[0m                                       'ulysses_sequence_parallel_size': 1,
[36m(TaskRunner pid=959248)[0m                                       'use_orig_params': False,
[36m(TaskRunner pid=959248)[0m                                       'use_torch_compile': True,
[36m(TaskRunner pid=959248)[0m                                       'wrap_policy': {'min_num_params': 0}},
[36m(TaskRunner pid=959248)[0m                       'lora_alpha': 16,
[36m(TaskRunner pid=959248)[0m                       'lora_rank': 0,
[36m(TaskRunner pid=959248)[0m                       'override_config': {},
[36m(TaskRunner pid=959248)[0m                       'path': '/inspire/hdd/global_user/mengweicheng-240108120092/lzy/models/Qwen3.5-4B',
[36m(TaskRunner pid=959248)[0m                       'target_modules': 'all-linear',
[36m(TaskRunner pid=959248)[0m                       'tiled_mlp': {'enabled': False, 'num_shards': 4},
[36m(TaskRunner pid=959248)[0m                       'tokenizer_path': '/inspire/hdd/global_user/mengweicheng-240108120092/lzy/models/Qwen3.5-4B',
[36m(TaskRunner pid=959248)[0m                       'trust_remote_code': True,
[36m(TaskRunner pid=959248)[0m                       'use_remove_padding': False,
[36m(TaskRunner pid=959248)[0m                       'use_shm': False},
[36m(TaskRunner pid=959248)[0m             'optim': {'_target_': 'verl.workers.config.FSDPOptimizerConfig',
[36m(TaskRunner pid=959248)[0m                       'betas': [0.9, 0.999],
[36m(TaskRunner pid=959248)[0m                       'clip_grad': 1.0,
[36m(TaskRunner pid=959248)[0m                       'lr': 1e-05,
[36m(TaskRunner pid=959248)[0m                       'lr_scheduler_type': 'constant',
[36m(TaskRunner pid=959248)[0m                       'lr_warmup_steps': -1,
[36m(TaskRunner pid=959248)[0m                       'lr_warmup_steps_ratio': 0.0,
[36m(TaskRunner pid=959248)[0m                       'min_lr_ratio': 0.0,
[36m(TaskRunner pid=959248)[0m                       'num_cycles': 0.5,
[36m(TaskRunner pid=959248)[0m                       'optimizer': 'AdamW',
[36m(TaskRunner pid=959248)[0m                       'optimizer_impl': 'torch.optim',
[36m(TaskRunner pid=959248)[0m                       'override_optimizer_config': None,
[36m(TaskRunner pid=959248)[0m                       'total_training_steps': -1,
[36m(TaskRunner pid=959248)[0m                       'warmup_style': None,
[36m(TaskRunner pid=959248)[0m                       'weight_decay': 0.01},
[36m(TaskRunner pid=959248)[0m             'ppo_epochs': 1,
[36m(TaskRunner pid=959248)[0m             'ppo_max_token_len_per_gpu': 32768,
[36m(TaskRunner pid=959248)[0m             'ppo_micro_batch_size': None,
[36m(TaskRunner pid=959248)[0m             'ppo_micro_batch_size_per_gpu': None,
[36m(TaskRunner pid=959248)[0m             'ppo_mini_batch_size': 4,
[36m(TaskRunner pid=959248)[0m             'profiler': {'_target_': 'verl.utils.profiler.ProfilerConfig',
[36m(TaskRunner pid=959248)[0m                          'all_ranks': False,
[36m(TaskRunner pid=959248)[0m                          'enable': False,
[36m(TaskRunner pid=959248)[0m                          'ranks': [],
[36m(TaskRunner pid=959248)[0m                          'save_path': 'outputs/profile',
[36m(TaskRunner pid=959248)[0m                          'tool': None,
[36m(TaskRunner pid=959248)[0m                          'tool_config': {'npu': {'_target_': 'verl.utils.profiler.config.NPUToolConfig',
[36m(TaskRunner pid=959248)[0m                                                  'analysis': True,
[36m(TaskRunner pid=959248)[0m                                                  'contents': [],
[36m(TaskRunner pid=959248)[0m                                                  'discrete': False,
[36m(TaskRunner pid=959248)[0m                                                  'level': 'level0'},
[36m(TaskRunner pid=959248)[0m                                          'nsys': {'_target_': 'verl.utils.profiler.config.NsightToolConfig',
[36m(TaskRunner pid=959248)[0m                                                   'discrete': False},
[36m(TaskRunner pid=959248)[0m                                          'torch': {'_target_': 'verl.utils.profiler.config.TorchProfilerToolConfig',
[36m(TaskRunner pid=959248)[0m                                                    'step_end': None,
[36m(TaskRunner pid=959248)[0m                                                    'step_start': 0},
[36m(TaskRunner pid=959248)[0m                                          'torch_memory': {'_target_': 'verl.utils.profiler.config.TorchMemoryToolConfig',
[36m(TaskRunner pid=959248)[0m                                                           'stack_depth': 32,
[36m(TaskRunner pid=959248)[0m                                                           'trace_alloc_max_entries': 100000}}},
[36m(TaskRunner pid=959248)[0m             'rollout_n': 1,
[36m(TaskRunner pid=959248)[0m             'shuffle': False,
[36m(TaskRunner pid=959248)[0m             'strategy': 'fsdp',
[36m(TaskRunner pid=959248)[0m             'ulysses_sequence_parallel_size': 1,
[36m(TaskRunner pid=959248)[0m             'use_dynamic_bsz': True},
[36m(TaskRunner pid=959248)[0m  'custom_reward_function': {'name': 'compute_score', 'path': None},
[36m(TaskRunner pid=959248)[0m  'data': {'apply_chat_template_kwargs': {},
[36m(TaskRunner pid=959248)[0m           'custom_cls': {'name': None, 'path': None},
[36m(TaskRunner pid=959248)[0m           'datagen': {'name': None, 'path': None},
[36m(TaskRunner pid=959248)[0m           'dataloader_num_workers': 0,
[36m(TaskRunner pid=959248)[0m           'filter_overlong_prompts': False,
[36m(TaskRunner pid=959248)[0m           'filter_overlong_prompts_workers': 1,
[36m(TaskRunner pid=959248)[0m           'image_key': 'images',
[36m(TaskRunner pid=959248)[0m           'image_patch_size': 14,
[36m(TaskRunner pid=959248)[0m           'max_prompt_length': 8192,
[36m(TaskRunner pid=959248)[0m           'max_response_length': 128,
[36m(TaskRunner pid=959248)[0m           'prompt_key': 'prompt',
[36m(TaskRunner pid=959248)[0m           'return_full_prompt': False,
[36m(TaskRunner pid=959248)[0m           'return_multi_modal_inputs': True,
[36m(TaskRunner pid=959248)[0m           'return_raw_chat': True,
[36m(TaskRunner pid=959248)[0m           'return_raw_input_ids': False,
[36m(TaskRunner pid=959248)[0m           'reward_fn_key': 'data_source',
[36m(TaskRunner pid=959248)[0m           'sampler': {'class_name': None, 'class_path': None},
[36m(TaskRunner pid=959248)[0m           'seed': None,
[36m(TaskRunner pid=959248)[0m           'shuffle': False,
[36m(TaskRunner pid=959248)[0m           'tokenizer': None,
[36m(TaskRunner pid=959248)[0m           'tool_config_path': None,
[36m(TaskRunner pid=959248)[0m           'train_batch_size': 4,
[36m(TaskRunner pid=959248)[0m           'train_files': ['/inspire/hdd/global_user/mengweicheng-240108120092/lzy/projects/Dual-Track-OPD/third_party/Vision-OPD/data/train.parquet'],
[36m(TaskRunner pid=959248)[0m           'train_max_samples': -1,
[36m(TaskRunner pid=959248)[0m           'truncation': 'error',
[36m(TaskRunner pid=959248)[0m           'trust_remote_code': True,
[36m(TaskRunner pid=959248)[0m           'use_shm': False,
[36m(TaskRunner pid=959248)[0m           'val_batch_size': None,
[36m(TaskRunner pid=959248)[0m           'val_files': [],
[36m(TaskRunner pid=959248)[0m           'val_max_samples': -1,
[36m(TaskRunner pid=959248)[0m           'validation_shuffle': False,
[36m(TaskRunner pid=959248)[0m           'video_key': 'videos'},
[36m(TaskRunner pid=959248)[0m  'global_profiler': {'_target_': 'verl.utils.profiler.ProfilerConfig',
[36m(TaskRunner pid=959248)[0m                      'global_tool_config': {'nsys': {'_target_': 'verl.utils.profiler.config.NsightToolConfig',
[36m(TaskRunner pid=959248)[0m                                                      'controller_nsight_options': {'cuda-graph-trace': 'graph',
[36m(TaskRunner pid=959248)[0m                                                                                    'cuda-memory-usage': 'true',
[36m(TaskRunner pid=959248)[0m                                                                                    'trace': 'cuda,nvtx,cublas,ucx'},
[36m(TaskRunner pid=959248)[0m                                                      'discrete': False,
[36m(TaskRunner pid=959248)[0m                                                      'worker_nsight_options': {'capture-range': 'cudaProfilerApi',
[36m(TaskRunner pid=959248)[0m                                                                                'capture-range-end': None,
[36m(TaskRunner pid=959248)[0m                                                                                'cuda-graph-trace': 'graph',
[36m(TaskRunner pid=959248)[0m                                                                                'cuda-memory-usage': 'true',
[36m(TaskRunner pid=959248)[0m                                                                                'kill': 'none',
[36m(TaskRunner pid=959248)[0m                                                                                'trace': 'cuda,nvtx,cublas,ucx'}},
[36m(TaskRunner pid=959248)[0m                                             'torch_memory': {'context': 'all',
[36m(TaskRunner pid=959248)[0m                                                              'kw_args': {},
[36m(TaskRunner pid=959248)[0m                                                              'stack_depth': 32,
[36m(TaskRunner pid=959248)[0m                                                              'stacks': 'all',
[36m(TaskRunner pid=959248)[0m                                                              'trace_alloc_max_entries': 100000}},
[36m(TaskRunner pid=959248)[0m                      'profile_continuous_steps': False,
[36m(TaskRunner pid=959248)[0m                      'save_path': 'outputs/profile',
[36m(TaskRunner pid=959248)[0m                      'steps': None,
[36m(TaskRunner pid=959248)[0m                      'tool': None},
[36m(TaskRunner pid=959248)[0m  'max_model_len': 18944,
[36m(TaskRunner pid=959248)[0m  'ray_kwargs': {'ray_init': {'num_cpus': None}, 'timeline_json_file': None},
[36m(TaskRunner pid=959248)[0m  'reward_manager': {'_target_': 'verl.trainer.config.config.RewardManagerConfig',
[36m(TaskRunner pid=959248)[0m                     'module': {'_target_': 'verl.trainer.config.config.ModuleConfig',
[36m(TaskRunner pid=959248)[0m                                'name': 'custom_reward_manager',
[36m(TaskRunner pid=959248)[0m                                'path': None},
[36m(TaskRunner pid=959248)[0m                     'name': 'naive',
[36m(TaskRunner pid=959248)[0m                     'source': 'register'},
[36m(TaskRunner pid=959248)[0m  'reward_model': {'enable': False,
[36m(TaskRunner pid=959248)[0m                   'enable_resource_pool': False,
[36m(TaskRunner pid=959248)[0m                   'forward_max_token_len_per_gpu': 32768,
[36m(TaskRunner pid=959248)[0m                   'launch_reward_fn_async': False,
[36m(TaskRunner pid=959248)[0m                   'max_length': None,
[36m(TaskRunner pid=959248)[0m                   'micro_batch_size': None,
[36m(TaskRunner pid=959248)[0m                   'micro_batch_size_per_gpu': None,
[36m(TaskRunner pid=959248)[0m                   'model': {'external_lib': None,
[36m(TaskRunner pid=959248)[0m                             'fsdp_config': {'_target_': 'verl.workers.config.FSDPEngineConfig',
[36m(TaskRunner pid=959248)[0m                                             'forward_prefetch': False,
[36m(TaskRunner pid=959248)[0m                                             'fsdp_size': -1,
[36m(TaskRunner pid=959248)[0m                                             'param_offload': False,
[36m(TaskRunner pid=959248)[0m                                             'reshard_after_forward': True,
[36m(TaskRunner pid=959248)[0m                                             'wrap_policy': {'min_num_params': 0}},
[36m(TaskRunner pid=959248)[0m                             'input_tokenizer': '/inspire/hdd/global_user/mengweicheng-240108120092/lzy/models/Qwen3.5-4B',
[36m(TaskRunner pid=959248)[0m                             'override_config': {},
[36m(TaskRunner pid=959248)[0m                             'path': '~/models/FsfairX-LLaMA3-RM-v0.1',
[36m(TaskRunner pid=959248)[0m                             'trust_remote_code': False,
[36m(TaskRunner pid=959248)[0m                             'use_fused_kernels': False,
[36m(TaskRunner pid=959248)[0m                             'use_remove_padding': False,
[36m(TaskRunner pid=959248)[0m                             'use_shm': False},
[36m(TaskRunner pid=959248)[0m                   'n_gpus_per_node': 8,
[36m(TaskRunner pid=959248)[0m                   'nnodes': 0,
[36m(TaskRunner pid=959248)[0m                   'num_workers': 1,
[36m(TaskRunner pid=959248)[0m                   'profiler': {'_target_': 'verl.utils.profiler.ProfilerConfig',
[36m(TaskRunner pid=959248)[0m                                'all_ranks': False,
[36m(TaskRunner pid=959248)[0m                                'enable': False,
[36m(TaskRunner pid=959248)[0m                                'ranks': [],
[36m(TaskRunner pid=959248)[0m                                'save_path': 'outputs/profile',
[36m(TaskRunner pid=959248)[0m                                'tool': None,
[36m(TaskRunner pid=959248)[0m                                'tool_config': {'npu': {'_target_': 'verl.utils.profiler.config.NPUToolConfig',
[36m(TaskRunner pid=959248)[0m                                                        'analysis': True,
[36m(TaskRunner pid=959248)[0m                                                        'contents': [],
[36m(TaskRunner pid=959248)[0m                                                        'discrete': False,
[36m(TaskRunner pid=959248)[0m                                                        'level': 'level0'},
[36m(TaskRunner pid=959248)[0m                                                'nsys': {'_target_': 'verl.utils.profiler.config.NsightToolConfig',
[36m(TaskRunner pid=959248)[0m                                                         'discrete': False},
[36m(TaskRunner pid=959248)[0m                                                'torch': {'_target_': 'verl.utils.profiler.config.TorchProfilerToolConfig',
[36m(TaskRunner pid=959248)[0m                                                          'step_end': None,
[36m(TaskRunner pid=959248)[0m                                                          'step_start': 0},
[36m(TaskRunner pid=959248)[0m                                                'torch_memory': {'_target_': 'verl.utils.profiler.config.TorchMemoryToolConfig',
[36m(TaskRunner pid=959248)[0m                                                                 'stack_depth': 32,
[36m(TaskRunner pid=959248)[0m                                                                 'trace_alloc_max_entries': 100000}}},
[36m(TaskRunner pid=959248)[0m                   'reward_loop_class_name': None,
[36m(TaskRunner pid=959248)[0m                   'reward_loop_module_path': None,
[36m(TaskRunner pid=959248)[0m                   'reward_loop_source': 'register',
[36m(TaskRunner pid=959248)[0m                   'reward_manager': 'naive',
[36m(TaskRunner pid=959248)[0m                   'rollout': {'_target_': 'verl.workers.config.RolloutConfig',
[36m(TaskRunner pid=959248)[0m                               'cudagraph_capture_sizes': None,
[36m(TaskRunner pid=959248)[0m                               'data_parallel_size': 1,
[36m(TaskRunner pid=959248)[0m                               'disable_log_stats': True,
[36m(TaskRunner pid=959248)[0m                               'dtype': 'bfloat16',
[36m(TaskRunner pid=959248)[0m                               'enable_chunked_prefill': True,
[36m(TaskRunner pid=959248)[0m                               'enable_prefix_caching': True,
[36m(TaskRunner pid=959248)[0m                               'enforce_eager': True,
[36m(TaskRunner pid=959248)[0m                               'engine_kwargs': {},
[36m(TaskRunner pid=959248)[0m                               'expert_parallel_size': 1,
[36m(TaskRunner pid=959248)[0m                               'free_cache_engine': True,
[36m(TaskRunner pid=959248)[0m                               'gpu_memory_utilization': 0.5,
[36m(TaskRunner pid=959248)[0m                               'limit_images': None,
[36m(TaskRunner pid=959248)[0m                               'load_format': 'auto',
[36m(TaskRunner pid=959248)[0m                               'max_model_len': None,
[36m(TaskRunner pid=959248)[0m                               'max_num_batched_tokens': 8192,
[36m(TaskRunner pid=959248)[0m                               'max_num_seqs': 1024,
[36m(TaskRunner pid=959248)[0m                               'name': '???',
[36m(TaskRunner pid=959248)[0m                               'prompt_length': 2048,
[36m(TaskRunner pid=959248)[0m                               'response_length': 2048,
[36m(TaskRunner pid=959248)[0m                               'skip_tokenizer_init': False,
[36m(TaskRunner pid=959248)[0m                               'tensor_model_parallel_size': 2},
[36m(TaskRunner pid=959248)[0m                   'sandbox_fusion': {'max_concurrent': 64,
[36m(TaskRunner pid=959248)[0m                                      'memory_limit_mb': 1024,
[36m(TaskRunner pid=959248)[0m                                      'url': None},
[36m(TaskRunner pid=959248)[0m                   'strategy': 'fsdp',
[36m(TaskRunner pid=959248)[0m                   'ulysses_sequence_parallel_size': 1,
[36m(TaskRunner pid=959248)[0m                   'use_dynamic_bsz': True,
[36m(TaskRunner pid=959248)[0m                   'use_reward_loop': False},
[36m(TaskRunner pid=959248)[0m  'trainer': {'balance_batch': True,
[36m(TaskRunner pid=959248)[0m              'critic_warmup': 0,
[36m(TaskRunner pid=959248)[0m              'default_hdfs_dir': None,
[36m(TaskRunner pid=959248)[0m              'default_local_dir': '/inspire/hdd/global_user/mengweicheng-240108120092/lzy/projects/Dual-Track-OPD/baselines/vision_opd/logs/smoke_4xh200/ckpt',
[36m(TaskRunner pid=959248)[0m              'del_local_ckpt_after_load': False,
[36m(TaskRunner pid=959248)[0m              'device': 'cuda',
[36m(TaskRunner pid=959248)[0m              'esi_redundant_time': 0,
[36m(TaskRunner pid=959248)[0m              'experiment_name': 'smoke_4xh200',
[36m(TaskRunner pid=959248)[0m              'group_name': 'smoke_4xh200',
[36m(TaskRunner pid=959248)[0m              'log_val_generations': 0,
[36m(TaskRunner pid=959248)[0m              'logger': ['console'],
[36m(TaskRunner pid=959248)[0m              'max_actor_ckpt_to_keep': None,
[36m(TaskRunner pid=959248)[0m              'max_critic_ckpt_to_keep': None,
[36m(TaskRunner pid=959248)[0m              'n_gpus_per_node': 4,
[36m(TaskRunner pid=959248)[0m              'nnodes': 1,
[36m(TaskRunner pid=959248)[0m              'project_name': 'Vision-OPD-Smoke',
[36m(TaskRunner pid=959248)[0m              'ray_wait_register_center_timeout': 300,
[36m(TaskRunner pid=959248)[0m              'resume_from_path': None,
[36m(TaskRunner pid=959248)[0m              'resume_mode': 'auto',
[36m(TaskRunner pid=959248)[0m              'rollout_data_dir': '/inspire/hdd/global_user/mengweicheng-240108120092/lzy/projects/Dual-Track-OPD/baselines/vision_opd/logs/smoke_4xh200/rollouts',
[36m(TaskRunner pid=959248)[0m              'save_freq': -1,
[36m(TaskRunner pid=959248)[0m              'test_freq': -1,
[36m(TaskRunner pid=959248)[0m              'total_epochs': 1,
[36m(TaskRunner pid=959248)[0m              'total_training_steps': None,
[36m(TaskRunner pid=959248)[0m              'use_legacy_worker_impl': 'auto',
[36m(TaskRunner pid=959248)[0m              'val_before_train': False,
[36m(TaskRunner pid=959248)[0m              'val_only': False,
[36m(TaskRunner pid=959248)[0m              'validation_data_dir': None},
[36m(TaskRunner pid=959248)[0m  'transfer_queue': {'enable': False},
[36m(TaskRunner pid=959248)[0m  'vars': {'ckpt_dir': './checkpoints', 'dir': './data', 'log_dir': './output'}}
[36m(TaskRunner pid=959248)[0m [validate_config] All configuration checks passed successfully!
[36m(TaskRunner pid=959248)[0m /inspire/hdd/global_user/mengweicheng-240108120092/lzy/projects/Dual-Track-OPD/third_party/Vision-OPD/verl/trainer/main_ppo.py:315: UserWarning: Disabled critic as algorithm.adv_estimator != gae. If it is not intended, please set critic.enable=True
[36m(TaskRunner pid=959248)[0m   use_critic=need_critic(config),
[36m(TaskRunner pid=959248)[0m /inspire/hdd/global_user/mengweicheng-240108120092/lzy/projects/Dual-Track-OPD/third_party/Vision-OPD/verl/utils/profiler/config.py:52: UserWarning: Torch profiler tool config is not fully supported now.
[36m(TaskRunner pid=959248)[0m   warnings.warn("Torch profiler tool config is not fully supported now.", stacklevel=1)
[36m(TaskRunner pid=959248)[0m The `use_fast` parameter is deprecated and will be removed in a future version. Use `backend="torchvision"` instead of `use_fast=True`, or `backend="pil"` instead of `use_fast=False`.
[36m(TaskRunner pid=959248)[0m Using dataset class: RLHFDataset
[36m(TaskRunner pid=959248)[0m dataset len: 6241
[36m(TaskRunner pid=959248)[0m Size of train dataloader: 1560, Size of val dataloader: 0
[36m(TaskRunner pid=959248)[0m Total training steps: 1560
[36m(TaskRunner pid=959248)[0m colocated worker base class <class 'verl.single_controller.base.worker.Worker'>
[36m(TaskRunner pid=959248)[0m bind role actor_rollout_ref method chat_completion to class <class 'verl.single_controller.ray.base.create_colocated_worker_cls.<locals>.WorkerDict'>
[36m(TaskRunner pid=959248)[0m bind role actor_rollout_ref method generate to class <class 'verl.single_controller.ray.base.create_colocated_worker_cls.<locals>.WorkerDict'>
[36m(TaskRunner pid=959248)[0m bind role actor_rollout_ref method get_zeromq_address to class <class 'verl.single_controller.ray.base.create_colocated_worker_cls.<locals>.WorkerDict'>
[36m(TaskRunner pid=959248)[0m bind role actor_rollout_ref method sleep to class <class 'verl.single_controller.ray.base.create_colocated_worker_cls.<locals>.WorkerDict'>
[36m(TaskRunner pid=959248)[0m bind role actor_rollout_ref method wake_up to class <class 'verl.single_controller.ray.base.create_colocated_worker_cls.<locals>.WorkerDict'>
[36m(TaskRunner pid=959248)[0m /inspire/hdd/global_user/mengweicheng-240108120092/lzy/projects/Dual-Track-OPD/third_party/Vision-OPD/verl/trainer/ppo/ray_trainer.py:384: UserWarning: Disabled critic as algorithm.adv_estimator != gae. If it is not intended, please set critic.enable=True
[36m(TaskRunner pid=959248)[0m   self.use_critic = need_critic(self.config)
[36m(WorkerDict pid=1010536)[0m [Gloo] Rank 0 is connected to 3 peer ranks. Expected number of connected peer ranks is : 3
[36m(WorkerDict pid=1010536)[0m Model config after override: Qwen3_5Config {
[36m(WorkerDict pid=1010536)[0m   "architectures": [
[36m(WorkerDict pid=1010536)[0m     "Qwen3_5ForConditionalGeneration"
[36m(WorkerDict pid=1010536)[0m   ],
[36m(WorkerDict pid=1010536)[0m   "bos_token_id": null,
[36m(WorkerDict pid=1010536)[0m   "eos_token_id": 248046,
[36m(WorkerDict pid=1010536)[0m   "image_token_id": 248056,
[36m(WorkerDict pid=1010536)[0m   "model_type": "qwen3_5",
[36m(WorkerDict pid=1010536)[0m   "pad_token_id": 248044,
[36m(WorkerDict pid=1010536)[0m   "text_config": {
[36m(WorkerDict pid=1010536)[0m     "attention_bias": false,
[36m(WorkerDict pid=1010536)[0m     "attention_dropout": 0.0,
[36m(WorkerDict pid=1010536)[0m     "attn_output_gate": true,
[36m(WorkerDict pid=1010536)[0m     "bos_token_id": null,
[36m(WorkerDict pid=1010536)[0m     "dtype": "bfloat16",
[36m(WorkerDict pid=1010536)[0m     "eos_token_id": 248044,
[36m(WorkerDict pid=1010536)[0m     "full_attention_interval": 4,
[36m(WorkerDict pid=1010536)[0m     "head_dim": 256,
[36m(WorkerDict pid=1010536)[0m     "hidden_act": "silu",
[36m(WorkerDict pid=1010536)[0m     "hidden_size": 2560,
[36m(WorkerDict pid=1010536)[0m     "initializer_range": 0.02,
[36m(WorkerDict pid=1010536)[0m     "intermediate_size": 9216,
[36m(WorkerDict pid=1010536)[0m     "layer_types": [
[36m(WorkerDict pid=1010536)[0m       "linear_attention",
[36m(WorkerDict pid=1010536)[0m       "linear_attention",
[36m(WorkerDict pid=1010536)[0m       "linear_attention",
[36m(WorkerDict pid=1010536)[0m       "full_attention",
[36m(WorkerDict pid=1010536)[0m       "linear_attention",
[36m(WorkerDict pid=1010536)[0m       "linear_attention",
[36m(WorkerDict pid=1010536)[0m       "linear_attention",
[36m(WorkerDict pid=1010536)[0m       "full_attention",
[36m(WorkerDict pid=1010536)[0m       "linear_attention",
[36m(WorkerDict pid=1010536)[0m       "linear_attention",
[36m(WorkerDict pid=1010536)[0m       "linear_attention",
[36m(WorkerDict pid=1010536)[0m       "full_attention",
[36m(WorkerDict pid=1010536)[0m       "linear_attention",
[36m(WorkerDict pid=1010536)[0m       "linear_attention",
[36m(WorkerDict pid=1010536)[0m       "linear_attention",
[36m(WorkerDict pid=1010536)[0m       "full_attention",
[36m(WorkerDict pid=1010536)[0m       "linear_attention",
[36m(WorkerDict pid=1010536)[0m       "linear_attention",
[36m(WorkerDict pid=1010536)[0m       "linear_attention",
[36m(WorkerDict pid=1010536)[0m       "full_attention",
[36m(WorkerDict pid=1010536)[0m       "linear_attention",
[36m(WorkerDict pid=1010536)[0m       "linear_attention",
[36m(WorkerDict pid=1010536)[0m       "linear_attention",
[36m(WorkerDict pid=1010536)[0m       "full_attention",
[36m(WorkerDict pid=1010536)[0m       "linear_attention",
[36m(WorkerDict pid=1010536)[0m       "linear_attention",
[36m(WorkerDict pid=1010536)[0m       "linear_attention",
[36m(WorkerDict pid=1010536)[0m       "full_attention",
[36m(WorkerDict pid=1010536)[0m       "linear_attention",
[36m(WorkerDict pid=1010536)[0m       "linear_attention",
[36m(WorkerDict pid=1010536)[0m       "linear_attention",
[36m(WorkerDict pid=1010536)[0m       "full_attention"
[36m(WorkerDict pid=1010536)[0m     ],
[36m(WorkerDict pid=1010536)[0m     "linear_conv_kernel_dim": 4,
[36m(WorkerDict pid=1010536)[0m     "linear_key_head_dim": 128,
[36m(WorkerDict pid=1010536)[0m     "linear_num_key_heads": 16,
[36m(WorkerDict pid=1010536)[0m     "linear_num_value_heads": 32,
[36m(WorkerDict pid=1010536)[0m     "linear_value_head_dim": 128,
[36m(WorkerDict pid=1010536)[0m     "mamba_ssm_dtype": "float32",
[36m(WorkerDict pid=1010536)[0m     "max_position_embeddings": 262144,
[36m(WorkerDict pid=1010536)[0m     "mlp_only_layers": [],
[36m(WorkerDict pid=1010536)[0m     "model_type": "qwen3_5_text",
[36m(WorkerDict pid=1010536)[0m     "mtp_num_hidden_layers": 1,
[36m(WorkerDict pid=1010536)[0m     "mtp_use_dedicated_embeddings": false,
[36m(WorkerDict pid=1010536)[0m     "num_attention_heads": 16,
[36m(WorkerDict pid=1010536)[0m     "num_hidden_layers": 32,
[36m(WorkerDict pid=1010536)[0m     "num_key_value_heads": 4,
[36m(WorkerDict pid=1010536)[0m     "pad_token_id": null,
[36m(WorkerDict pid=1010536)[0m     "partial_rotary_factor": 0.25,
[36m(WorkerDict pid=1010536)[0m     "rms_norm_eps": 1e-06,
[36m(WorkerDict pid=1010536)[0m     "rope_parameters": {
[36m(WorkerDict pid=1010536)[0m       "mrope_interleaved": true,
[36m(WorkerDict pid=1010536)[0m       "mrope_section": [
[36m(WorkerDict pid=1010536)[0m         11,
[36m(WorkerDict pid=1010536)[0m         11,
[36m(WorkerDict pid=1010536)[0m         10
[36m(WorkerDict pid=1010536)[0m       ],
[36m(WorkerDict pid=1010536)[0m       "partial_rotary_factor": 0.25,
[36m(WorkerDict pid=1010536)[0m       "rope_theta": 10000000,
[36m(WorkerDict pid=1010536)[0m       "rope_type": "default"
[36m(WorkerDict pid=1010536)[0m     },
[36m(WorkerDict pid=1010536)[0m     "tie_word_embeddings": true,
[36m(WorkerDict pid=1010536)[0m     "use_cache": true,
[36m(WorkerDict pid=1010536)[0m     "vocab_size": 248320
[36m(WorkerDict pid=1010536)[0m   },
[36m(WorkerDict pid=1010536)[0m   "tie_word_embeddings": true,
[36m(WorkerDict pid=1010536)[0m   "transformers_version": "5.5.0",
[36m(WorkerDict pid=1010536)[0m   "video_token_id": 248057,
[36m(WorkerDict pid=1010536)[0m   "vision_config": {
[36m(WorkerDict pid=1010536)[0m     "deepstack_visual_indexes": [],
[36m(WorkerDict pid=1010536)[0m     "depth": 24,
[36m(WorkerDict pid=1010536)[0m     "hidden_act": "gelu_pytorch_tanh",
[36m(WorkerDict pid=1010536)[0m     "hidden_size": 1024,
[36m(WorkerDict pid=1010536)[0m     "in_channels": 3,
[36m(WorkerDict pid=1010536)[0m     "initializer_range": 0.02,
[36m(WorkerDict pid=1010536)[0m     "intermediate_size": 4096,
[36m(WorkerDict pid=1010536)[0m     "model_type": "qwen3_5",
[36m(WorkerDict pid=1010536)[0m     "num_heads": 16,
[36m(WorkerDict pid=1010536)[0m     "num_position_embeddings": 2304,
[36m(WorkerDict pid=1010536)[0m     "out_hidden_size": 2560,
[36m(WorkerDict pid=1010536)[0m     "patch_size": 16,
[36m(WorkerDict pid=1010536)[0m     "spatial_merge_size": 2,
[36m(WorkerDict pid=1010536)[0m     "temporal_patch_size": 2
[36m(WorkerDict pid=1010536)[0m   },
[36m(WorkerDict pid=1010536)[0m   "vision_end_token_id": 248054,
[36m(WorkerDict pid=1010536)[0m   "vision_start_token_id": 248053
[36m(WorkerDict pid=1010536)[0m }
[36m(WorkerDict pid=1010536)[0m 
[36m(WorkerDict pid=1010536)[0m Flash Attention 2 only supports torch.float16 and torch.bfloat16 dtypes, but the current dype in Qwen3_5ForConditionalGeneration is torch.float32. You should run training or inference using Automatic Mixed-Precision via the `with torch.autocast(device_type='torch_device'):` decorator, or load the model with the `dtype` argument. Example: `model = AutoModel.from_pretrained("meta-llama/Llama-3.2-1B", attn_implementation="flash_attention_2", dtype=torch.float16)`
[36m(WorkerDict pid=1010536)[0m Flash Attention 2 only supports torch.float16 and torch.bfloat16 dtypes, but the current dype in Qwen3_5Model is torch.float32. You should run training or inference using Automatic Mixed-Precision via the `with torch.autocast(device_type='torch_device'):` decorator, or load the model with the `dtype` argument. Example: `model = AutoModel.from_pretrained("meta-llama/Llama-3.2-1B", attn_implementation="flash_attention_2", dtype=torch.float16)`
[36m(WorkerDict pid=1010536)[0m Flash Attention 2 only supports torch.float16 and torch.bfloat16 dtypes, but the current dype in Qwen3_5VisionModel is torch.float32. You should run training or inference using Automatic Mixed-Precision via the `with torch.autocast(device_type='torch_device'):` decorator, or load the model with the `dtype` argument. Example: `model = AutoModel.from_pretrained("meta-llama/Llama-3.2-1B", attn_implementation="flash_attention_2", dtype=torch.float16)`
[36m(WorkerDict pid=1010536)[0m The fast path is not available because one of the required library is not installed. Falling back to torch implementation. To install follow https://github.com/fla-org/flash-linear-attention#installation and https://github.com/Dao-AILab/causal-conv1d
[36m(WorkerDict pid=1010536)[0m Loading weights:   0%|          | 0/723 [00:00<?, ?it/s]
[36m(WorkerDict pid=1010536)[0m Loading weights:   0%|          | 1/723 [00:01<15:48,  1.31s/it]
[36m(WorkerDict pid=1010536)[0m Loading weights: 100%|██████████| 723/723 [00:02<00:00, 292.92it/s]
[36m(WorkerDict pid=1010536)[0m Monkey patch Qwen3_5ForConditionalGeneration model forward
[36m(WorkerDict pid=1010536)[0m Monkey patch _flash_attention_forward in transformers.integrations.flash_attention
[36m(WorkerDict pid=1010536)[0m Skipping monkey patch for Qwen3_5ForConditionalGeneration as use_fused_kernels is False or fused_kernels_backend is torch
[36m(WorkerDict pid=1010536)[0m Qwen3_5ForConditionalGeneration contains 4.54B parameters
[36m(WorkerDict pid=1010536)[0m wrap_policy: functools.partial(<function _or_policy at 0x7ed921c920c0>, policies=[functools.partial(<function transformer_auto_wrap_policy at 0x7ed921c91f80>, transformer_layer_cls={<class 'transformers.models.qwen3_5.modeling_qwen3_5.Qwen3_5DecoderLayer'>, <class 'transformers.models.qwen3_5.modeling_qwen3_5.Qwen3_5VisionBlock'>})])
[36m(WorkerDict pid=1010551)[0m [Gloo] Rank 2 is connected to 3 peer ranks. Expected number of connected peer ranks is : 3[32m [repeated 3x across cluster] (Ray deduplicates logs by default. Set RAY_DEDUP_LOGS=0 to disable log deduplication, or see https://docs.ray.io/en/master/ray-observability/user-guides/configure-logging.html#log-deduplication for more options.)[0m
[36m(WorkerDict pid=1010536)[0m NCCL version 2.27.5+cuda12.9
[36m(WorkerDict pid=1010536)[0m Total steps: 1560, num_warmup_steps: 0
[36m(WorkerDict pid=1010551)[0m Monkey patch Qwen3_5ForConditionalGeneration model forward[32m [repeated 3x across cluster][0m
[36m(WorkerDict pid=1010551)[0m Monkey patch _flash_attention_forward in transformers.integrations.flash_attention[32m [repeated 3x across cluster][0m
[36m(WorkerDict pid=1010551)[0m Skipping monkey patch for Qwen3_5ForConditionalGeneration as use_fused_kernels is False or fused_kernels_backend is torch[32m [repeated 3x across cluster][0m
[36m(WorkerDict pid=1010556)[0m /inspire/hdd/global_user/mengweicheng-240108120092/lzy/projects/Dual-Track-OPD/third_party/Vision-OPD/verl/utils/profiler/config.py:52: UserWarning: Torch profiler tool config is not fully supported now.
[36m(WorkerDict pid=1010556)[0m   warnings.warn("Torch profiler tool config is not fully supported now.", stacklevel=1)
[36m(WorkerDict pid=1010551)[0m Flash Attention 2 only supports torch.float16 and torch.bfloat16 dtypes, but the current dype in Qwen3_5TextModel is torch.float32. You should run training or inference using Automatic Mixed-Precision via the `with torch.autocast(device_type='torch_device'):` decorator, or load the model with the `dtype` argument. Example: `model = AutoModel.from_pretrained("meta-llama/Llama-3.2-1B", attn_implementation="flash_attention_2", dtype=torch.float16)`[32m [repeated 13x across cluster][0m
[36m(WorkerDict pid=1010551)[0m The fast path is not available because one of the required library is not installed. Falling back to torch implementation. To install follow https://github.com/fla-org/flash-linear-attention#installation and https://github.com/Dao-AILab/causal-conv1d[32m [repeated 3x across cluster][0m
[36m(WorkerDict pid=1010551)[0m Loading weights:   0%|          | 0/723 [00:00<?, ?it/s][32m [repeated 3x across cluster][0m
[36m(WorkerDict pid=1010551)[0m Loading weights:  85%|████████▍ | 612/723 [00:02<00:00, 395.28it/s][32m [repeated 19x across cluster][0m
[36m(WorkerDict pid=1010551)[0m Loading weights: 100%|██████████| 723/723 [00:02<00:00, 293.13it/s][32m [repeated 3x across cluster][0m
[36m(WorkerDict pid=1010536)[0m Actor use_remove_padding=True
[36m(WorkerDict pid=1010536)[0m Actor use_fused_kernels=False
[36m(WorkerDict pid=1010536)[0m Actor use_prefix_grouper=False
[36m(WorkerDict pid=1010556)[0m [Gloo] Rank 0 is connected to 0 peer ranks. Expected number of connected peer ranks is : 0
[36m(WorkerDict pid=1010556)[0m [Gloo] Rank 0 is connected to 0 peer ranks. Expected number of connected peer ranks is : 0
[36m(WorkerDict pid=1010551)[0m /inspire/hdd/global_user/mengweicheng-240108120092/lzy/projects/Dual-Track-OPD/third_party/Vision-OPD/verl/workers/fsdp_workers.py:666: FutureWarning: FSDP.state_dict_type() and FSDP.set_state_dict_type() are being deprecated. Please use APIs, get_state_dict() and set_state_dict(), which can support different parallelisms, FSDP1, FSDP2, DDP. API doc: https://pytorch.org/docs/stable/distributed.checkpoint.html#torch.distributed.checkpoint.state_dict.get_state_dict .Tutorial: https://pytorch.org/tutorials/recipes/distributed_checkpoint_recipe.html .
[36m(WorkerDict pid=1010551)[0m   FSDP.set_state_dict_type(
[36m(WorkerDict pid=1010536)[0m /inspire/hdd/global_user/mengweicheng-240108120092/lzy/projects/Dual-Track-OPD/third_party/Vision-OPD/verl/utils/profiler/config.py:52: UserWarning: Torch profiler tool config is not fully supported now.[32m [repeated 3x across cluster][0m
[36m(WorkerDict pid=1010536)[0m   warnings.warn("Torch profiler tool config is not fully supported now.", stacklevel=1)[32m [repeated 3x across cluster][0m
[36m(WorkerDict pid=1010536)[0m reference model: /inspire/hdd/global_user/mengweicheng-240108120092/lzy/models/Qwen3.5-4B
[36m(WorkerDict pid=1010536)[0m Model config after override: Qwen3_5Config {
[36m(WorkerDict pid=1010536)[0m   "architectures": [
[36m(WorkerDict pid=1010536)[0m     "Qwen3_5ForConditionalGeneration"
[36m(WorkerDict pid=1010536)[0m   ],
[36m(WorkerDict pid=1010536)[0m   "bos_token_id": null,
[36m(WorkerDict pid=1010536)[0m   "eos_token_id": 248046,
[36m(WorkerDict pid=1010536)[0m   "image_token_id": 248056,
[36m(WorkerDict pid=1010536)[0m   "model_type": "qwen3_5",
[36m(WorkerDict pid=1010536)[0m   "pad_token_id": 248044,
[36m(WorkerDict pid=1010536)[0m   "text_config": {
[36m(WorkerDict pid=1010536)[0m     "attention_bias": false,
[36m(WorkerDict pid=1010536)[0m     "attention_dropout": 0.0,
[36m(WorkerDict pid=1010536)[0m     "attn_output_gate": true,
[36m(WorkerDict pid=1010536)[0m     "bos_token_id": null,
[36m(WorkerDict pid=1010536)[0m     "dtype": "bfloat16",
[36m(WorkerDict pid=1010536)[0m     "eos_token_id": 248044,
[36m(WorkerDict pid=1010536)[0m     "full_attention_interval": 4,
[36m(WorkerDict pid=1010536)[0m     "head_dim": 256,
[36m(WorkerDict pid=1010536)[0m     "hidden_act": "silu",
[36m(WorkerDict pid=1010536)[0m     "hidden_size": 2560,
[36m(WorkerDict pid=1010536)[0m     "initializer_range": 0.02,
[36m(WorkerDict pid=1010536)[0m     "intermediate_size": 9216,
[36m(WorkerDict pid=1010536)[0m     "layer_types": [
[36m(WorkerDict pid=1010536)[0m       "linear_attention",
[36m(WorkerDict pid=1010536)[0m       "linear_attention",
[36m(WorkerDict pid=1010536)[0m       "linear_attention",
[36m(WorkerDict pid=1010536)[0m       "full_attention",
[36m(WorkerDict pid=1010536)[0m       "linear_attention",
[36m(WorkerDict pid=1010536)[0m       "linear_attention",
[36m(WorkerDict pid=1010536)[0m       "linear_attention",
[36m(WorkerDict pid=1010536)[0m       "full_attention",
[36m(WorkerDict pid=1010536)[0m       "linear_attention",
[36m(WorkerDict pid=1010536)[0m       "linear_attention",
[36m(WorkerDict pid=1010536)[0m       "linear_attention",
[36m(WorkerDict pid=1010536)[0m       "full_attention",
[36m(WorkerDict pid=1010536)[0m       "linear_attention",
[36m(WorkerDict pid=1010536)[0m       "linear_attention",
[36m(WorkerDict pid=1010536)[0m       "linear_attention",
[36m(WorkerDict pid=1010536)[0m       "full_attention",
[36m(WorkerDict pid=1010536)[0m       "linear_attention",
[36m(WorkerDict pid=1010536)[0m       "linear_attention",
[36m(WorkerDict pid=1010536)[0m       "linear_attention",
[36m(WorkerDict pid=1010536)[0m       "full_attention",
[36m(WorkerDict pid=1010536)[0m       "linear_attention",
[36m(WorkerDict pid=1010536)[0m       "linear_attention",
[36m(WorkerDict pid=1010536)[0m       "linear_attention",
[36m(WorkerDict pid=1010536)[0m       "full_attention",
[36m(WorkerDict pid=1010536)[0m       "linear_attention",
[36m(WorkerDict pid=1010536)[0m       "linear_attention",
[36m(WorkerDict pid=1010536)[0m       "linear_attention",
[36m(WorkerDict pid=1010536)[0m       "full_attention",
[36m(WorkerDict pid=1010536)[0m       "linear_attention",
[36m(WorkerDict pid=1010536)[0m       "linear_attention",
[36m(WorkerDict pid=1010536)[0m       "linear_attention",
[36m(WorkerDict pid=1010536)[0m       "full_attention"
[36m(WorkerDict pid=1010536)[0m     ],
[36m(WorkerDict pid=1010536)[0m     "linear_conv_kernel_dim": 4,
[36m(WorkerDict pid=1010536)[0m     "linear_key_head_dim": 128,
[36m(WorkerDict pid=1010536)[0m     "linear_num_key_heads": 16,
[36m(WorkerDict pid=1010536)[0m     "linear_num_value_heads": 32,
[36m(WorkerDict pid=1010536)[0m     "linear_value_head_dim": 128,
[36m(WorkerDict pid=1010536)[0m     "mamba_ssm_dtype": "float32",
[36m(WorkerDict pid=1010536)[0m     "max_position_embeddings": 262144,
[36m(WorkerDict pid=1010536)[0m     "mlp_only_layers": [],
[36m(WorkerDict pid=1010536)[0m     "model_type": "qwen3_5_text",
[36m(WorkerDict pid=1010536)[0m     "mtp_num_hidden_layers": 1,
[36m(WorkerDict pid=1010536)[0m     "mtp_use_dedicated_embeddings": false,
[36m(WorkerDict pid=1010536)[0m     "num_attention_heads": 16,
[36m(WorkerDict pid=1010536)[0m     "num_hidden_layers": 32,
[36m(WorkerDict pid=1010536)[0m     "num_key_value_heads": 4,
[36m(WorkerDict pid=1010536)[0m     "pad_token_id": null,
[36m(WorkerDict pid=1010536)[0m     "partial_rotary_factor": 0.25,
[36m(WorkerDict pid=1010536)[0m     "rms_norm_eps": 1e-06,
[36m(WorkerDict pid=1010536)[0m     "rope_parameters": {
[36m(WorkerDict pid=1010536)[0m       "mrope_interleaved": true,
[36m(WorkerDict pid=1010536)[0m       "mrope_section": [
[36m(WorkerDict pid=1010536)[0m         11,
[36m(WorkerDict pid=1010536)[0m         11,
[36m(WorkerDict pid=1010536)[0m         10
[36m(WorkerDict pid=1010536)[0m       ],
[36m(WorkerDict pid=1010536)[0m       "partial_rotary_factor": 0.25,
[36m(WorkerDict pid=1010536)[0m       "rope_theta": 10000000,
[36m(WorkerDict pid=1010536)[0m       "rope_type": "default"
[36m(WorkerDict pid=1010536)[0m     },
[36m(WorkerDict pid=1010536)[0m     "tie_word_embeddings": true,
[36m(WorkerDict pid=1010536)[0m     "use_cache": true,
[36m(WorkerDict pid=1010536)[0m     "vocab_size": 248320
[36m(WorkerDict pid=1010536)[0m   },
[36m(WorkerDict pid=1010536)[0m   "tie_word_embeddings": true,
[36m(WorkerDict pid=1010536)[0m   "transformers_version": "5.5.0",
[36m(WorkerDict pid=1010536)[0m   "video_token_id": 248057,
[36m(WorkerDict pid=1010536)[0m   "vision_config": {
[36m(WorkerDict pid=1010536)[0m     "deepstack_visual_indexes": [],
[36m(WorkerDict pid=1010536)[0m     "depth": 24,
[36m(WorkerDict pid=1010536)[0m     "hidden_act": "gelu_pytorch_tanh",
[36m(WorkerDict pid=1010536)[0m     "hidden_size": 1024,
[36m(WorkerDict pid=1010536)[0m     "in_channels": 3,
[36m(WorkerDict pid=1010536)[0m     "initializer_range": 0.02,
[36m(WorkerDict pid=1010536)[0m     "intermediate_size": 4096,
[36m(WorkerDict pid=1010536)[0m     "model_type": "qwen3_5",
[36m(WorkerDict pid=1010536)[0m     "num_heads": 16,
[36m(WorkerDict pid=1010536)[0m     "num_position_embeddings": 2304,
[36m(WorkerDict pid=1010536)[0m     "out_hidden_size": 2560,
[36m(WorkerDict pid=1010536)[0m     "patch_size": 16,
[36m(WorkerDict pid=1010536)[0m     "spatial_merge_size": 2,
[36m(WorkerDict pid=1010536)[0m     "temporal_patch_size": 2
[36m(WorkerDict pid=1010536)[0m   },
[36m(WorkerDict pid=1010536)[0m   "vision_end_token_id": 248054,
[36m(WorkerDict pid=1010536)[0m   "vision_start_token_id": 248053
[36m(WorkerDict pid=1010536)[0m }
[36m(WorkerDict pid=1010536)[0m 
[36m(WorkerDict pid=1010536)[0m [Gloo] Rank 0 is connected to 0 peer ranks. Expected number of connected peer ranks is : 0[32m [repeated 6x across cluster][0m
[36m(WorkerDict pid=1010536)[0m Loading weights:   0%|          | 0/723 [00:00<?, ?it/s]
[36m(WorkerDict pid=1010536)[0m Loading weights:   0%|          | 1/723 [00:01<16:56,  1.41s/it]
[36m(WorkerDict pid=1010556)[0m /inspire/hdd/global_user/mengweicheng-240108120092/lzy/projects/Dual-Track-OPD/third_party/Vision-OPD/verl/workers/fsdp_workers.py:666: FutureWarning: FSDP.state_dict_type() and FSDP.set_state_dict_type() are being deprecated. Please use APIs, get_state_dict() and set_state_dict(), which can support different parallelisms, FSDP1, FSDP2, DDP. API doc: https://pytorch.org/docs/stable/distributed.checkpoint.html#torch.distributed.checkpoint.state_dict.get_state_dict .Tutorial: https://pytorch.org/tutorials/recipes/distributed_checkpoint_recipe.html .[32m [repeated 3x across cluster][0m
[36m(WorkerDict pid=1010556)[0m   FSDP.set_state_dict_type([32m [repeated 3x across cluster][0m
[36m(WorkerDict pid=1010551)[0m Loading weights:  59%|█████▊    | 423/723 [00:02<00:01, 217.16it/s]Loading weights:  82%|████████▏ | 590/723 [00:02<00:00, 368.03it/s]
[36m(WorkerDict pid=1010536)[0m Loading weights:  88%|████████▊ | 636/723 [00:02<00:00, 408.88it/s]Loading weights: 100%|██████████| 723/723 [00:02<00:00, 286.48it/s]
[36m(WorkerDict pid=1010551)[0m Loading weights: 100%|██████████| 723/723 [00:02<00:00, 280.94it/s]
[36m(WorkerDict pid=1010536)[0m Monkey patch Qwen3_5ForConditionalGeneration model forward
[36m(WorkerDict pid=1010536)[0m Monkey patch _flash_attention_forward in transformers.integrations.flash_attention
[36m(WorkerDict pid=1010536)[0m Skipping monkey patch for Qwen3_5ForConditionalGeneration as use_fused_kernels is False or fused_kernels_backend is torch
[36m(WorkerDict pid=1010536)[0m Qwen3_5ForConditionalGeneration contains 4.54B parameters
[36m(WorkerDict pid=1010536)[0m wrap_policy: functools.partial(<function _or_policy at 0x7ed921c920c0>, policies=[functools.partial(<function transformer_auto_wrap_policy at 0x7ed921c91f80>, transformer_layer_cls={<class 'transformers.models.qwen3_5.modeling_qwen3_5.Qwen3_5DecoderLayer'>, <class 'transformers.models.qwen3_5.modeling_qwen3_5.Qwen3_5VisionBlock'>})])
[36m(WorkerDict pid=1010536)[0m Ref use_remove_padding=True
[36m(WorkerDict pid=1010536)[0m Ref use_fused_kernels=False
[36m(WorkerDict pid=1010536)[0m Ref use_prefix_grouper=False
[36m(WorkerDict pid=1010556)[0m Monkey patch Qwen3_5ForConditionalGeneration model forward[32m [repeated 3x across cluster][0m
[36m(WorkerDict pid=1010556)[0m Monkey patch _flash_attention_forward in transformers.integrations.flash_attention[32m [repeated 3x across cluster][0m
[36m(WorkerDict pid=1010556)[0m Skipping monkey patch for Qwen3_5ForConditionalGeneration as use_fused_kernels is False or fused_kernels_backend is torch[32m [repeated 3x across cluster][0m
[36m(TaskRunner pid=959248)[0m W0624 07:37:57.320000 959248 site-packages/torch/utils/cpp_extension.py:118] No CUDA runtime is found, using CUDA_HOME='/inspire/hdd/global_user/mengweicheng-240108120092/lzy/envs/cuda128-toolchain'
[36m(WorkerDict pid=1010556)[0m Loading weights:   0%|          | 0/723 [00:00<?, ?it/s][32m [repeated 3x across cluster][0m
[36m(WorkerDict pid=1010556)[0m Loading weights:  64%|██████▍   | 465/723 [00:02<00:01, 250.85it/s][32m [repeated 14x across cluster][0m
[36m(WorkerDict pid=1010556)[0m Loading weights:  89%|████████▉ | 646/723 [00:02<00:00, 416.71it/s]Loading weights: 100%|██████████| 723/723 [00:02<00:00, 284.79it/s][32m [repeated 2x across cluster][0m
[36m(TaskRunner pid=959248)[0m /inspire/hdd/global_user/mengweicheng-240108120092/lzy/projects/Dual-Track-OPD/third_party/Vision-OPD/verl/utils/profiler/config.py:52: UserWarning: Torch profiler tool config is not fully supported now.
[36m(TaskRunner pid=959248)[0m   warnings.warn("Torch profiler tool config is not fully supported now.", stacklevel=1)
[36m(pid=1066775)[0m W0624 07:38:06.323000 1066775 site-packages/torch/utils/cpp_extension.py:118] No CUDA runtime is found, using CUDA_HOME='/inspire/hdd/global_user/mengweicheng-240108120092/lzy/envs/cuda128-toolchain'
[36m(pid=1066836)[0m W0624 07:38:06.353000 1066836 site-packages/torch/utils/cpp_extension.py:118] No CUDA runtime is found, using CUDA_HOME='/inspire/hdd/global_user/mengweicheng-240108120092/lzy/envs/cuda128-toolchain'
[36m(vLLMHttpServer pid=1066805)[0m ['serve',
[36m(vLLMHttpServer pid=1066805)[0m  '/inspire/hdd/global_user/mengweicheng-240108120092/lzy/models/Qwen3.5-4B',
[36m(vLLMHttpServer pid=1066805)[0m  '--dtype',
[36m(vLLMHttpServer pid=1066805)[0m  'bfloat16',
[36m(vLLMHttpServer pid=1066805)[0m  '--load_format',
[36m(vLLMHttpServer pid=1066805)[0m  'dummy',
[36m(vLLMHttpServer pid=1066805)[0m  '--trust_remote_code',
[36m(vLLMHttpServer pid=1066805)[0m  '--max_model_len',
[36m(vLLMHttpServer pid=1066805)[0m  '262144',
[36m(vLLMHttpServer pid=1066805)[0m  '--max_num_seqs',
[36m(vLLMHttpServer pid=1066805)[0m  '1024',
[36m(vLLMHttpServer pid=1066805)[0m  '--enable_chunked_prefill',
[36m(vLLMHttpServer pid=1066805)[0m  '--max_num_batched_tokens',
[36m(vLLMHttpServer pid=1066805)[0m  '8320',
[36m(vLLMHttpServer pid=1066805)[0m  '--enable_prefix_caching',
[36m(vLLMHttpServer pid=1066805)[0m  '--enable_sleep_mode',
[36m(vLLMHttpServer pid=1066805)[0m  '--logprobs_mode',
[36m(vLLMHttpServer pid=1066805)[0m  'processed_logprobs',
[36m(vLLMHttpServer pid=1066805)[0m  '--disable_custom_all_reduce',
[36m(vLLMHttpServer pid=1066805)[0m  '--gpu_memory_utilization',
[36m(vLLMHttpServer pid=1066805)[0m  '0.45',
[36m(vLLMHttpServer pid=1066805)[0m  '--disable_log_stats',
[36m(vLLMHttpServer pid=1066805)[0m  '--tensor_parallel_size',
[36m(vLLMHttpServer pid=1066805)[0m  '1',
[36m(vLLMHttpServer pid=1066805)[0m  '--seed',
[36m(vLLMHttpServer pid=1066805)[0m  '0',
[36m(vLLMHttpServer pid=1066805)[0m  '--override_generation_config',
[36m(vLLMHttpServer pid=1066805)[0m  '{"temperature": 1.0, "top_k": -1, "top_p": 1, "repetition_penalty": 1.0, '
[36m(vLLMHttpServer pid=1066805)[0m  '"max_new_tokens": 128}',
[36m(vLLMHttpServer pid=1066805)[0m  '--hf_overrides',
[36m(vLLMHttpServer pid=1066805)[0m  '{}',
[36m(vLLMHttpServer pid=1066805)[0m  '--scheduling_policy',
[36m(vLLMHttpServer pid=1066805)[0m  'fcfs',
[36m(vLLMHttpServer pid=1066805)[0m  '--compilation_config',
[36m(vLLMHttpServer pid=1066805)[0m  '{"pass_config": {"fuse_allreduce_rms": false}}',
[36m(vLLMHttpServer pid=1066805)[0m  '--kernel_config',
[36m(vLLMHttpServer pid=1066805)[0m  '{"enable_flashinfer_autotune": false}']
[36m(vLLMHttpServer pid=1066747)[0m WARNING 06-24 07:38:11 [envs.py:1717] Unknown vLLM environment variable detected: VLLM_USE_V1
[36m(vLLMHttpServer pid=1066747)[0m Using blocking ray.get inside async actor. This blocks the event loop. Please use `await` on object ref with asyncio.gather if you want to yield execution to the event loop instead.
[36m(vLLMHttpServer pid=1066747)[0m The argument `trust_remote_code` is to be used with Auto classes. It has no effect here and is ignored.
[36m(vLLMHttpServer pid=1066747)[0m `layer_type_validation` is deprecated and will be removed in v5.20. Use `PreTrainedConfig.validate_layer_type` instead
[36m(vLLMHttpServer pid=1066747)[0m `layer_type_validation` is deprecated and will be removed in v5.20. Use `PreTrainedConfig.validate_layer_type` instead
[36m(vLLMHttpServer pid=1066747)[0m `layer_type_validation` is deprecated and will be removed in v5.20. Use `PreTrainedConfig.validate_layer_type` instead
[36m(vLLMHttpServer pid=1066747)[0m WARNING 06-24 07:38:11 [config.py:372] Mamba cache mode is set to 'align' for Qwen3_5ForConditionalGeneration by default when prefix caching is enabled
[36m(vLLMHttpServer pid=1066747)[0m WARNING 06-24 07:38:11 [vllm.py:743] Async scheduling will be disabled because it is not supported with the `<class 'verl.workers.rollout.vllm_rollout.vllm_async_server.ExternalZeroMQDistributedExecutor'>` distributed executor backend (only `mp`, `uni`, and `external_launcher` are supported).
[36m(vLLMHttpServer pid=1066747)[0m `Qwen2VLImageProcessorFast` is deprecated. The `Fast` suffix for image processors has been removed; use `Qwen2VLImageProcessor` instead.
[36m(pid=1066805)[0m W0624 07:38:06.399000 1066805 site-packages/torch/utils/cpp_extension.py:118] No CUDA runtime is found, using CUDA_HOME='/inspire/hdd/global_user/mengweicheng-240108120092/lzy/envs/cuda128-toolchain'[32m [repeated 2x across cluster][0m
[36m(vLLMHttpServer pid=1066805)[0m The `use_fast` parameter is deprecated and will be removed in a future version. Use `backend="torchvision"` instead of `use_fast=True`, or `backend="pil"` instead of `use_fast=False`.
[36m(vLLMHttpServer pid=1066836)[0m Using blocking ray.get inside async actor. This blocks the event loop. Please use `await` on object ref with asyncio.gather if you want to yield execution to the event loop instead.[32m [repeated 3x across cluster][0m
[36m(vLLMHttpServer pid=1066747)[0m The argument `trust_remote_code` is to be used with Auto classes. It has no effect here and is ignored.[32m [repeated 7x across cluster][0m
[36m(vLLMHttpServer pid=1066747)[0m `layer_type_validation` is deprecated and will be removed in v5.20. Use `PreTrainedConfig.validate_layer_type` instead[32m [repeated 21x across cluster][0m
[36m(vLLMHttpServer pid=1066836)[0m `Qwen2VLImageProcessorFast` is deprecated. The `Fast` suffix for image processors has been removed; use `Qwen2VLImageProcessor` instead.[32m [repeated 3x across cluster][0m
[36m(vLLMHttpServer pid=1066805)[0m WARNING 06-24 07:38:19 [system_utils.py:152] We must use the `spawn` multiprocessing start method. Overriding VLLM_WORKER_MULTIPROC_METHOD to 'spawn'. See https://docs.vllm.ai/en/latest/usage/troubleshooting.html#python-multiprocessing for more information. Reasons: In a Ray actor and can only be spawned
[36m(vLLMHttpServer pid=1066836)[0m WARNING 06-24 07:38:11 [envs.py:1717] Unknown vLLM environment variable detected: VLLM_USE_V1[32m [repeated 3x across cluster][0m
[36m(vLLMHttpServer pid=1066836)[0m WARNING 06-24 07:38:11 [config.py:372] Mamba cache mode is set to 'align' for Qwen3_5ForConditionalGeneration by default when prefix caching is enabled[32m [repeated 3x across cluster][0m
[36m(vLLMHttpServer pid=1066836)[0m WARNING 06-24 07:38:11 [vllm.py:743] Async scheduling will be disabled because it is not supported with the `<class 'verl.workers.rollout.vllm_rollout.vllm_async_server.ExternalZeroMQDistributedExecutor'>` distributed executor backend (only `mp`, `uni`, and `external_launcher` are supported).[32m [repeated 3x across cluster][0m
[36m(vLLMHttpServer pid=1066805)[0m W0624 07:38:25.166000 1100026 site-packages/torch/utils/cpp_extension.py:118] No CUDA runtime is found, using CUDA_HOME='/inspire/hdd/global_user/mengweicheng-240108120092/lzy/envs/cuda128-toolchain'
[36m(vLLMHttpServer pid=1066747)[0m The `use_fast` parameter is deprecated and will be removed in a future version. Use `backend="torchvision"` instead of `use_fast=True`, or `backend="pil"` instead of `use_fast=False`.[32m [repeated 3x across cluster][0m
[36m(WorkerDict pid=1010536)[0m WARNING 06-24 07:38:28 [worker_base.py:287] Missing `shared_worker_lock` argument from executor. This argument is needed for mm_processor_cache_type='shm'.
[36m(vLLMHttpServer pid=1066747)[0m WARNING 06-24 07:38:19 [system_utils.py:152] We must use the `spawn` multiprocessing start method. Overriding VLLM_WORKER_MULTIPROC_METHOD to 'spawn'. See https://docs.vllm.ai/en/latest/usage/troubleshooting.html#python-multiprocessing for more information. Reasons: In a Ray actor and can only be spawned[32m [repeated 3x across cluster][0m
[36m(WorkerDict pid=1010536)[0m `Qwen2VLImageProcessorFast` is deprecated. The `Fast` suffix for image processors has been removed; use `Qwen2VLImageProcessor` instead.
[36m(vLLMHttpServer pid=1066836)[0m W0624 07:38:25.523000 1100490 site-packages/torch/utils/cpp_extension.py:118] No CUDA runtime is found, using CUDA_HOME='/inspire/hdd/global_user/mengweicheng-240108120092/lzy/envs/cuda128-toolchain'[32m [repeated 3x across cluster][0m
[36m(WorkerDict pid=1010543)[0m The `use_fast` parameter is deprecated and will be removed in a future version. Use `backend="torchvision"` instead of `use_fast=True`, or `backend="pil"` instead of `use_fast=False`.
[36m(WorkerDict pid=1010536)[0m The `use_fast` parameter is deprecated and will be removed in a future version. Use `backend="torchvision"` instead of `use_fast=True`, or `backend="pil"` instead of `use_fast=False`.
[36m(WorkerDict pid=1010536)[0m <frozen importlib._bootstrap_external>:1301: FutureWarning: The cuda.cudart module is deprecated and will be removed in a future release, please switch to use the cuda.bindings.runtime module instead.
[36m(WorkerDict pid=1010536)[0m <frozen importlib._bootstrap_external>:1301: FutureWarning: The cuda.nvrtc module is deprecated and will be removed in a future release, please switch to use the cuda.bindings.nvrtc module instead.
[36m(WorkerDict pid=1010556)[0m `Qwen2VLImageProcessorFast` is deprecated. The `Fast` suffix for image processors has been removed; use `Qwen2VLImageProcessor` instead.[32m [repeated 3x across cluster][0m
[36m(WorkerDict pid=1010536)[0m Capturing CUDA graphs (mixed prefill-decode, PIECEWISE):   0%|          | 0/51 [00:00<?, ?it/s]
[36m(WorkerDict pid=1010551)[0m The `use_fast` parameter is deprecated and will be removed in a future version. Use `backend="torchvision"` instead of `use_fast=True`, or `backend="pil"` instead of `use_fast=False`.[32m [repeated 2x across cluster][0m
[36m(WorkerDict pid=1010551)[0m <frozen importlib._bootstrap_external>:1301: FutureWarning: The cuda.cudart module is deprecated and will be removed in a future release, please switch to use the cuda.bindings.runtime module instead.[32m [repeated 3x across cluster][0m
[36m(WorkerDict pid=1010551)[0m <frozen importlib._bootstrap_external>:1301: FutureWarning: The cuda.nvrtc module is deprecated and will be removed in a future release, please switch to use the cuda.bindings.nvrtc module instead.[32m [repeated 3x across cluster][0m
[36m(WorkerDict pid=1010536)[0m Capturing CUDA graphs (mixed prefill-decode, PIECEWISE):   4%|▍         | 2/51 [00:00<00:03, 15.41it/s]
[36m(WorkerDict pid=1010536)[0m Capturing CUDA graphs (mixed prefill-decode, PIECEWISE):  10%|▉         | 5/51 [00:00<00:02, 20.55it/s]
[36m(WorkerDict pid=1010536)[0m Capturing CUDA graphs (mixed prefill-decode, PIECEWISE):  16%|█▌        | 8/51 [00:00<00:02, 20.93it/s]
[36m(WorkerDict pid=1010536)[0m Capturing CUDA graphs (mixed prefill-decode, PIECEWISE):  22%|██▏       | 11/51 [00:00<00:02, 19.89it/s]
[36m(WorkerDict pid=1010536)[0m Capturing CUDA graphs (mixed prefill-decode, PIECEWISE):  27%|██▋       | 14/51 [00:00<00:01, 20.60it/s]
[36m(WorkerDict pid=1010536)[0m Capturing CUDA graphs (mixed prefill-decode, PIECEWISE):  33%|███▎      | 17/51 [00:00<00:01, 17.39it/s]
[36m(WorkerDict pid=1010536)[0m Capturing CUDA graphs (mixed prefill-decode, PIECEWISE):  39%|███▉      | 20/51 [00:01<00:01, 18.74it/s]
[36m(WorkerDict pid=1010536)[0m Capturing CUDA graphs (mixed prefill-decode, PIECEWISE):  43%|████▎     | 22/51 [00:01<00:01, 17.16it/s]
[36m(WorkerDict pid=1010536)[0m Capturing CUDA graphs (mixed prefill-decode, PIECEWISE):  47%|████▋     | 24/51 [00:01<00:01, 17.00it/s]
[36m(WorkerDict pid=1010536)[0m Capturing CUDA graphs (mixed prefill-decode, PIECEWISE):  53%|█████▎    | 27/51 [00:01<00:01, 17.91it/s]
[36m(WorkerDict pid=1010536)[0m Capturing CUDA graphs (mixed prefill-decode, PIECEWISE):  59%|█████▉    | 30/51 [00:01<00:01, 13.26it/s]
[36m(WorkerDict pid=1010536)[0m Capturing CUDA graphs (mixed prefill-decode, PIECEWISE):  63%|██████▎   | 32/51 [00:01<00:01, 14.22it/s]
[36m(WorkerDict pid=1010536)[0m Capturing CUDA graphs (mixed prefill-decode, PIECEWISE):  69%|██████▊   | 35/51 [00:02<00:01, 15.91it/s]
[36m(WorkerDict pid=1010536)[0m Capturing CUDA graphs (mixed prefill-decode, PIECEWISE):  73%|███████▎  | 37/51 [00:02<00:00, 16.32it/s]
[36m(WorkerDict pid=1010536)[0m Capturing CUDA graphs (mixed prefill-decode, PIECEWISE):  76%|███████▋  | 39/51 [00:02<00:00, 16.59it/s]
[36m(WorkerDict pid=1010536)[0m Capturing CUDA graphs (mixed prefill-decode, PIECEWISE):  82%|████████▏ | 42/51 [00:02<00:00, 18.20it/s]
[36m(WorkerDict pid=1010536)[0m Capturing CUDA graphs (mixed prefill-decode, PIECEWISE):  88%|████████▊ | 45/51 [00:02<00:00, 19.28it/s]
[36m(WorkerDict pid=1010536)[0m Capturing CUDA graphs (mixed prefill-decode, PIECEWISE):  92%|█████████▏| 47/51 [00:02<00:00, 19.21it/s]
[36m(WorkerDict pid=1010536)[0m Capturing CUDA graphs (mixed prefill-decode, PIECEWISE):  98%|█████████▊| 50/51 [00:02<00:00, 20.91it/s]Capturing CUDA graphs (mixed prefill-decode, PIECEWISE): 100%|██████████| 51/51 [00:02<00:00, 17.96it/s]
[36m(WorkerDict pid=1010536)[0m Capturing CUDA graphs (decode, FULL):   0%|          | 0/51 [00:00<?, ?it/s]
[36m(WorkerDict pid=1010536)[0m Capturing CUDA graphs (decode, FULL):   6%|▌         | 3/51 [00:00<00:02, 22.56it/s]
[36m(WorkerDict pid=1010536)[0m Capturing CUDA graphs (decode, FULL):  12%|█▏        | 6/51 [00:00<00:01, 23.72it/s]
[36m(WorkerDict pid=1010536)[0m Capturing CUDA graphs (decode, FULL):  18%|█▊        | 9/51 [00:00<00:01, 24.53it/s]
[36m(WorkerDict pid=1010536)[0m Capturing CUDA graphs (decode, FULL):  24%|██▎       | 12/51 [00:00<00:01, 23.12it/s]
[36m(WorkerDict pid=1010536)[0m Capturing CUDA graphs (decode, FULL):  29%|██▉       | 15/51 [00:00<00:01, 24.24it/s]
[36m(WorkerDict pid=1010536)[0m Capturing CUDA graphs (decode, FULL):  35%|███▌      | 18/51 [00:00<00:01, 25.32it/s]
[36m(WorkerDict pid=1010536)[0m Capturing CUDA graphs (decode, FULL):  43%|████▎     | 22/51 [00:00<00:01, 27.09it/s]
[36m(WorkerDict pid=1010536)[0m Capturing CUDA graphs (decode, FULL):  51%|█████     | 26/51 [00:01<00:00, 27.62it/s]
[36m(WorkerDict pid=1010536)[0m Capturing CUDA graphs (decode, FULL):  57%|█████▋    | 29/51 [00:01<00:00, 28.10it/s]
[36m(WorkerDict pid=1010536)[0m Capturing CUDA graphs (decode, FULL):  63%|██████▎   | 32/51 [00:01<00:00, 27.74it/s]
[36m(WorkerDict pid=1010536)[0m Capturing CUDA graphs (decode, FULL):  69%|██████▊   | 35/51 [00:01<00:00, 26.53it/s]
[36m(WorkerDict pid=1010536)[0m Capturing CUDA graphs (decode, FULL):  75%|███████▍  | 38/51 [00:01<00:00, 27.13it/s]
[36m(WorkerDict pid=1010536)[0m Capturing CUDA graphs (decode, FULL):  80%|████████  | 41/51 [00:01<00:00, 27.48it/s]
[36m(WorkerDict pid=1010536)[0m Capturing CUDA graphs (decode, FULL):  86%|████████▋ | 44/51 [00:01<00:00, 27.97it/s]
[36m(WorkerDict pid=1010536)[0m Capturing CUDA graphs (decode, FULL):  92%|█████████▏| 47/51 [00:01<00:00, 26.78it/s]
[36m(WorkerDict pid=1010536)[0m Capturing CUDA graphs (decode, FULL): 100%|██████████| 51/51 [00:02<00:00, 21.90it/s]Capturing CUDA graphs (decode, FULL): 100%|██████████| 51/51 [00:02<00:00, 25.21it/s]
[36m(vLLMHttpServer pid=1066747)[0m (EngineCore pid=1101019) `Qwen2VLImageProcessorFast` is deprecated. The `Fast` suffix for image processors has been removed; use `Qwen2VLImageProcessor` instead.
[36m(vLLMHttpServer pid=1066747)[0m (EngineCore pid=1101019) The `use_fast` parameter is deprecated and will be removed in a future version. Use `backend="torchvision"` instead of `use_fast=True`, or `backend="pil"` instead of `use_fast=False`.
[36m(vLLMHttpServer pid=1066747)[0m WARNING 06-24 07:39:10 [api_router.py:30] LoRA dynamic loading & unloading is enabled in the API server. This should ONLY be used for local development!
[36m(WorkerDict pid=1010551)[0m WARNING 06-24 07:38:28 [worker_base.py:287] Missing `shared_worker_lock` argument from executor. This argument is needed for mm_processor_cache_type='shm'.[32m [repeated 3x across cluster][0m
[36m(vLLMHttpServer pid=1066747)[0m The argument `trust_remote_code` is to be used with Auto classes. It has no effect here and is ignored.
[36m(vLLMHttpServer pid=1066747)[0m `layer_type_validation` is deprecated and will be removed in v5.20. Use `PreTrainedConfig.validate_layer_type` instead
[36m(vLLMHttpServer pid=1066747)[0m `layer_type_validation` is deprecated and will be removed in v5.20. Use `PreTrainedConfig.validate_layer_type` instead
[36m(vLLMHttpServer pid=1066747)[0m `layer_type_validation` is deprecated and will be removed in v5.20. Use `PreTrainedConfig.validate_layer_type` instead
[36m(vLLMHttpServer pid=1066836)[0m (EngineCore pid=1100490) `Qwen2VLImageProcessorFast` is deprecated. The `Fast` suffix for image processors has been removed; use `Qwen2VLImageProcessor` instead.[32m [repeated 3x across cluster][0m
[36m(vLLMHttpServer pid=1066747)[0m WARNING 06-24 07:39:11 [model.py:1376] Default vLLM sampling parameters have been overridden by the model's `generation_config.json`: `{'repetition_penalty': 1.0, 'temperature': 1.0, 'top_k': -1, 'top_p': 1, 'max_tokens': 128}`. If this is not intended, please relaunch vLLM instance with `--generation-config vllm`.
[36m(vLLMHttpServer pid=1066747)[0m The argument `trust_remote_code` is to be used with Auto classes. It has no effect here and is ignored.
[36m(vLLMHttpServer pid=1066747)[0m `layer_type_validation` is deprecated and will be removed in v5.20. Use `PreTrainedConfig.validate_layer_type` instead
[36m(vLLMHttpServer pid=1066747)[0m `layer_type_validation` is deprecated and will be removed in v5.20. Use `PreTrainedConfig.validate_layer_type` instead
[36m(vLLMHttpServer pid=1066747)[0m `layer_type_validation` is deprecated and will be removed in v5.20. Use `PreTrainedConfig.validate_layer_type` instead
[36m(vLLMHttpServer pid=1066747)[0m The argument `trust_remote_code` is to be used with Auto classes. It has no effect here and is ignored.
[36m(vLLMHttpServer pid=1066747)[0m `layer_type_validation` is deprecated and will be removed in v5.20. Use `PreTrainedConfig.validate_layer_type` instead
[36m(vLLMHttpServer pid=1066747)[0m `layer_type_validation` is deprecated and will be removed in v5.20. Use `PreTrainedConfig.validate_layer_type` instead
[36m(vLLMHttpServer pid=1066747)[0m `layer_type_validation` is deprecated and will be removed in v5.20. Use `PreTrainedConfig.validate_layer_type` instead
[36m(vLLMHttpServer pid=1066836)[0m (EngineCore pid=1100490) The `use_fast` parameter is deprecated and will be removed in a future version. Use `backend="torchvision"` instead of `use_fast=True`, or `backend="pil"` instead of `use_fast=False`.[32m [repeated 3x across cluster][0m
[36m(vLLMHttpServer pid=1066747)[0m The argument `trust_remote_code` is to be used with Auto classes. It has no effect here and is ignored.[32m [repeated 11x across cluster][0m
[36m(vLLMHttpServer pid=1066747)[0m `layer_type_validation` is deprecated and will be removed in v5.20. Use `PreTrainedConfig.validate_layer_type` instead[32m [repeated 33x across cluster][0m
[36m(TaskRunner pid=959248)[0m AgentLoopManager: ['10.247.97.220:42893', '10.247.97.220:33407', '10.247.97.220:36449', '10.247.97.220:41681']
[36m(vLLMHttpServer pid=1066836)[0m WARNING 06-24 07:39:11 [api_router.py:30] LoRA dynamic loading & unloading is enabled in the API server. This should ONLY be used for local development![32m [repeated 3x across cluster][0m
[36m(vLLMHttpServer pid=1066836)[0m WARNING 06-24 07:39:11 [model.py:1376] Default vLLM sampling parameters have been overridden by the model's `generation_config.json`: `{'repetition_penalty': 1.0, 'temperature': 1.0, 'top_k': -1, 'top_p': 1, 'max_tokens': 128}`. If this is not intended, please relaunch vLLM instance with `--generation-config vllm`.[32m [repeated 3x across cluster][0m
[36m(WorkerDict pid=1010556)[0m /inspire/hdd/global_user/mengweicheng-240108120092/lzy/projects/Dual-Track-OPD/third_party/Vision-OPD/verl/utils/device.py:134: FutureWarning: torch.cuda._set_allocator_settings is deprecated. Use torch._C._accelerator_setAllocatorSettings instead.
[36m(WorkerDict pid=1010556)[0m   torch.cuda.memory._set_allocator_settings(f"expandable_segments:{enable}")
[36m(TaskRunner pid=959248)[0m Checkpoint tracker file does not exist: /inspire/hdd/global_user/mengweicheng-240108120092/lzy/projects/Dual-Track-OPD/baselines/vision_opd/logs/smoke_4xh200/ckpt/latest_checkpointed_iteration.txt
[36m(TaskRunner pid=959248)[0m Training from scratch
[36m(TaskRunner pid=959248)[0m Training Progress:   0%|          | 0/1560 [00:00<?, ?it/s]
[36m(AgentLoopWorker pid=1188613)[0m W0624 07:39:27.129000 1188613 site-packages/torch/utils/cpp_extension.py:118] No CUDA runtime is found, using CUDA_HOME='/inspire/hdd/global_user/mengweicheng-240108120092/lzy/envs/cuda128-toolchain'
[36m(vLLMHttpServer pid=1066836)[0m The argument `trust_remote_code` is to be used with Auto classes. It has no effect here and is ignored.[32m [repeated 6x across cluster][0m
[36m(vLLMHttpServer pid=1066836)[0m `layer_type_validation` is deprecated and will be removed in v5.20. Use `PreTrainedConfig.validate_layer_type` instead[32m [repeated 18x across cluster][0m
[36m(WorkerDict pid=1010551)[0m /inspire/hdd/global_user/mengweicheng-240108120092/lzy/projects/Dual-Track-OPD/third_party/Vision-OPD/verl/utils/device.py:134: FutureWarning: torch.cuda._set_allocator_settings is deprecated. Use torch._C._accelerator_setAllocatorSettings instead.[32m [repeated 3x across cluster][0m
[36m(WorkerDict pid=1010551)[0m   torch.cuda.memory._set_allocator_settings(f"expandable_segments:{enable}")[32m [repeated 3x across cluster][0m
[36m(AgentLoopWorker pid=1188613)[0m Using dataset class: RLHFDataset
[36m(AgentLoopWorker pid=1188613)[0m Keyword argument `video_metadatas` is not a valid argument for this processor and will be ignored.
[36m(vLLMHttpServer pid=1066747)[0m WARNING 06-24 07:39:31 [input_processor.py:227] Passing raw prompts to InputProcessor is deprecated and will be removed in v0.18. You should instead pass the outputs of Renderer.render_cmpl() or Renderer.render_chat().
[36m(AgentLoopWorker pid=1188623)[0m W0624 07:39:27.195000 1188623 site-packages/torch/utils/cpp_extension.py:118] No CUDA runtime is found, using CUDA_HOME='/inspire/hdd/global_user/mengweicheng-240108120092/lzy/envs/cuda128-toolchain'[32m [repeated 3x across cluster][0m
[36m(WorkerDict pid=1010543)[0m /inspire/hdd/global_user/mengweicheng-240108120092/lzy/projects/Dual-Track-OPD/third_party/Vision-OPD/verl/utils/device.py:134: FutureWarning: torch.cuda._set_allocator_settings is deprecated. Use torch._C._accelerator_setAllocatorSettings instead.
[36m(WorkerDict pid=1010543)[0m   torch.cuda.memory._set_allocator_settings(f"expandable_segments:{enable}")
[36m(WorkerDict pid=1010536)[0m /inspire/hdd/global_user/mengweicheng-240108120092/lzy/projects/Dual-Track-OPD/third_party/Vision-OPD/verl/utils/device.py:134: FutureWarning: torch.cuda._set_allocator_settings is deprecated. Use torch._C._accelerator_setAllocatorSettings instead.
[36m(WorkerDict pid=1010536)[0m   torch.cuda.memory._set_allocator_settings(f"expandable_segments:{enable}")
[36m(TaskRunner pid=959248)[0m Dumped generations to /inspire/hdd/global_user/mengweicheng-240108120092/lzy/projects/Dual-Track-OPD/baselines/vision_opd/logs/smoke_4xh200/rollouts/1.jsonl
[36m(TaskRunner pid=959248)[0m step:1 - global_seqlen/min:3491 - global_seqlen/max:4104 - global_seqlen/minmax_diff:613 - global_seqlen/balanced_min:3491 - global_seqlen/balanced_max:4104 - global_seqlen/mean:3797.5 - self_distillation/teacher_always_on_fraction:1.0 - self_distillation/teacher_image_swap_fraction:1.0 - self_distillation/policy_fallback_fraction:0.0 - self_distillation/grpo_fallback_count:0.0 - rollout_corr/rollout_is_mean:1.0 - rollout_corr/rollout_is_ratio_fraction_high:0.0 - rollout_corr/rollout_is_ratio_fraction_low:0.0 - rollout_corr/rollout_is_max:1.0 - rollout_corr/rollout_is_min:1.0 - rollout_corr/rollout_is_std:0.0 - rollout_corr/rollout_is_eff_sample_size:1.0 - rollout_corr/rollout_is_seq_mean:1.0 - rollout_corr/rollout_is_seq_std:0.0 - rollout_corr/rollout_is_seq_max:1.0 - rollout_corr/rollout_is_seq_min:1.0 - rollout_corr/rollout_is_seq_max_deviation:0.0 - rollout_corr/rollout_is_seq_fraction_high:0.0 - rollout_corr/rollout_is_seq_fraction_low:0.0 - rollout_corr/training_ppl:1.5415126085281372 - rollout_corr/training_log_ppl:0.4263804331421852 - rollout_corr/kl:-3.862410085275769e-05 - rollout_corr/k3_kl:0.0008157227421179414 - rollout_corr/rollout_ppl:1.5416657030582428 - rollout_corr/rollout_log_ppl:0.42641904950141907 - rollout_corr/log_ppl_diff:-3.86163592338562e-05 - rollout_corr/log_ppl_abs_diff:0.002226404845714569 - rollout_corr/log_ppl_diff_max:0.003439188003540039 - rollout_corr/log_ppl_diff_min:-0.002546459436416626 - rollout_corr/ppl_ratio:0.9999642968177795 - rollout_corr/chi2_token:0.003453269600868225 - rollout_corr/chi2_seq:0.19556784629821777 - actor/pg_loss:0.07371188327670097 - actor/kl_loss:0.0 - actor/grpo_loss:0.0 - actor/vopd_loss:0.07371188327670097 - actor/vopd_loss_weighted:0.07371188327670097 - actor/policy_fallback_fraction:0.0 - self_distillation/raw_jsd_token_mean:0.07371188327670097 - self_distillation/weighted_jsd_token_mean:0.07371188327670097 - self_distillation/self_distillation_mask.mean():1.0 - self_distillation/num_distill_tokens:128.0 - self_distillation/empty_target_batch:0.0 - actor/grad_norm:4.144721984863281 - timing_s/update_actor/student_forward:1.5069417711347342 - timing_s/update_actor/teacher_forward:7.275671378709376 - timing_s/update_actor/loss_compute:0.0036208732053637505 - timing_s/update_actor/backward:1.2977208718657494 - timing_s/update_actor/optimizer_step:0.05619146302342415 - timing_s/update_actor/teacher_ema_update:3.1563858557492495 - perf/mfu/actor:0.01443175002245458 - perf/max_memory_allocated_gb:83.89270162582397 - perf/max_memory_reserved_gb:95.7890625 - perf/cpu_memory_used_gb:235.33080387115479 - actor/lr:2e-06 - training/global_step:1 - training/epoch:0 - response_length/mean:128.0 - response_length/max:128.0 - response_length/min:128.0 - response_length/clip_ratio:1.0 - response_length_non_aborted/mean:128.0 - response_length_non_aborted/max:128.0 - response_length_non_aborted/min:128.0 - response_length_non_aborted/clip_ratio:1.0 - response/aborted_ratio:0.0 - prompt_length/mean:3669.5 - prompt_length/max:3976.0 - prompt_length/min:3363.0 - prompt_length/clip_ratio:0.0 - num_turns/min:2 - num_turns/max:2 - num_turns/mean:2.0 - timing_s/start_profile:3.095250576734543e-05 - timing_s/agent_loop/generate_sequences/min:1.939085747115314 - timing_s/agent_loop/generate_sequences/max:2.3509228974580765 - timing_s/agent_loop/generate_sequences/mean:2.1739297141321003 - timing_s/agent_loop/tool_calls/min:0.0 - timing_s/agent_loop/tool_calls/max:0.0 - timing_s/agent_loop/tool_calls/mean:0.0 - timing_s/agent_loop/slowest/generate_sequences:2.3509228974580765 - timing_s/agent_loop/slowest/tool_calls:0.0 - timing_s/agent_loop/slowest/prompt_length:3368 - timing_s/agent_loop/slowest/response_length:128 - timing_s/gen:15.41093548387289 - timing_s/adv:0.2006799541413784 - timing_s/update_actor:13.845398058183491 - timing_s/dump_rollout_generations:0.003597947768867016 - timing_s/step:29.46731883008033 - timing_s/stop_profile:3.9383769035339355e-05 - timing_per_token_ms/gen:30.09948336693924 - timing_per_token_ms/update_actor:0.9114811098211647 - timing_per_token_ms/adv:0.013211320219972246 - perf/total_num_tokens:15190 - perf/time_per_step:29.46731883008033 - perf/throughput:128.87158217202645
[36m(AgentLoopWorker pid=1188623)[0m Using dataset class: RLHFDataset[32m [repeated 3x across cluster][0m
[36m(vLLMHttpServer pid=1066836)[0m WARNING 06-24 07:39:31 [input_processor.py:227] Passing raw prompts to InputProcessor is deprecated and will be removed in v0.18. You should instead pass the outputs of Renderer.render_cmpl() or Renderer.render_chat().[32m [repeated 2x across cluster][0m
[36m(TaskRunner pid=959248)[0m Training Progress:   0%|          | 1/1560 [00:29<12:45:44, 29.47s/it]
[36m(AgentLoopWorker pid=1188634)[0m Keyword argument `video_metadatas` is not a valid argument for this processor and will be ignored.[32m [repeated 3x across cluster][0m
[36m(WorkerDict pid=1010556)[0m /inspire/hdd/global_user/mengweicheng-240108120092/lzy/projects/Dual-Track-OPD/third_party/Vision-OPD/verl/utils/device.py:134: FutureWarning: torch.cuda._set_allocator_settings is deprecated. Use torch._C._accelerator_setAllocatorSettings instead.
[36m(WorkerDict pid=1010556)[0m   torch.cuda.memory._set_allocator_settings(f"expandable_segments:{enable}")
[36m(TaskRunner pid=959248)[0m Dumped generations to /inspire/hdd/global_user/mengweicheng-240108120092/lzy/projects/Dual-Track-OPD/baselines/vision_opd/logs/smoke_4xh200/rollouts/2.jsonl
[36m(TaskRunner pid=959248)[0m step:2 - global_seqlen/min:3115 - global_seqlen/max:3491 - global_seqlen/minmax_diff:376 - global_seqlen/balanced_min:3115 - global_seqlen/balanced_max:3491 - global_seqlen/mean:3396.25 - self_distillation/teacher_always_on_fraction:1.0 - self_distillation/teacher_image_swap_fraction:1.0 - self_distillation/policy_fallback_fraction:0.0 - self_distillation/grpo_fallback_count:0.0 - rollout_corr/rollout_is_mean:1.0 - rollout_corr/rollout_is_ratio_fraction_high:0.0 - rollout_corr/rollout_is_ratio_fraction_low:0.0 - rollout_corr/rollout_is_max:1.0 - rollout_corr/rollout_is_min:1.0 - rollout_corr/rollout_is_std:0.0 - rollout_corr/rollout_is_eff_sample_size:1.0 - rollout_corr/rollout_is_seq_mean:1.0 - rollout_corr/rollout_is_seq_std:0.0 - rollout_corr/rollout_is_seq_max:1.0 - rollout_corr/rollout_is_seq_min:1.0 - rollout_corr/rollout_is_seq_max_deviation:0.0 - rollout_corr/rollout_is_seq_fraction_high:0.0 - rollout_corr/rollout_is_seq_fraction_low:0.0 - rollout_corr/training_ppl:1.6351675987243652 - rollout_corr/training_log_ppl:0.4892335683107376 - rollout_corr/kl:0.004498342052102089 - rollout_corr/k3_kl:0.0010523316450417042 - rollout_corr/rollout_ppl:1.6278279721736908 - rollout_corr/rollout_log_ppl:0.48473522812128067 - rollout_corr/log_ppl_diff:0.00449834018945694 - rollout_corr/log_ppl_abs_diff:0.00449834018945694 - rollout_corr/log_ppl_diff_max:0.0055907368659973145 - rollout_corr/log_ppl_diff_min:0.003900289535522461 - rollout_corr/ppl_ratio:1.0045087039470673 - rollout_corr/chi2_token:-0.004924878478050232 - rollout_corr/chi2_seq:-0.6796544939279556 - actor/pg_loss:0.08156216889619827 - actor/kl_loss:0.0 - actor/grpo_loss:0.0 - actor/vopd_loss:0.08156216889619827 - actor/vopd_loss_weighted:0.08156216889619827 - actor/policy_fallback_fraction:0.0 - self_distillation/raw_jsd_token_mean:0.08156216889619827 - self_distillation/weighted_jsd_token_mean:0.08156216889619827 - self_distillation/self_distillation_mask.mean():1.0 - self_distillation/num_distill_tokens:128.0 - self_distillation/empty_target_batch:0.0 - actor/grad_norm:4.95196533203125 - timing_s/update_actor/student_forward:0.8183276550844312 - timing_s/update_actor/teacher_forward:0.31969475094228983 - timing_s/update_actor/loss_compute:0.0008588237687945366 - timing_s/update_actor/backward:1.247380687855184 - timing_s/update_actor/optimizer_step:0.008834180422127247 - timing_s/update_actor/teacher_ema_update:3.0372899528592825 - perf/mfu/actor:0.030356349923817978 - perf/max_memory_allocated_gb:89.59155416488647 - perf/max_memory_reserved_gb:101.810546875 - perf/cpu_memory_used_gb:235.4212770462036 - actor/lr:2e-06 - training/global_step:2 - training/epoch:0 - response_length/mean:128.0 - response_length/max:128.0 - response_length/min:128.0 - response_length/clip_ratio:1.0 - response_length_non_aborted/mean:128.0 - response_length_non_aborted/max:128.0 - response_length_non_aborted/min:128.0 - response_length_non_aborted/clip_ratio:1.0 - response/aborted_ratio:0.0 - prompt_length/mean:3268.25 - prompt_length/max:3363.0 - prompt_length/min:2987.0 - prompt_length/clip_ratio:0.0 - num_turns/min:2 - num_turns/max:2 - num_turns/mean:2.0 - timing_s/start_profile:3.528129309415817e-05 - timing_s/agent_loop/generate_sequences/min:1.2951965611428022 - timing_s/agent_loop/generate_sequences/max:1.6616896204650402 - timing_s/agent_loop/generate_sequences/mean:1.506059357430786 - timing_s/agent_loop/tool_calls/min:0.0 - timing_s/agent_loop/tool_calls/max:0.0 - timing_s/agent_loop/tool_calls/mean:0.0 - timing_s/agent_loop/slowest/generate_sequences:1.6616896204650402 - timing_s/agent_loop/slowest/tool_calls:0.0 - timing_s/agent_loop/slowest/prompt_length:3362 - timing_s/agent_loop/slowest/response_length:128 - timing_s/gen:7.172179722227156 - timing_s/adv:0.15851128939539194 - timing_s/update_actor:5.891954329796135 - timing_s/dump_rollout_generations:0.003973163664340973 - timing_s/step:13.23141928203404 - timing_s/stop_profile:2.906937152147293e-05 - timing_per_token_ms/gen:14.008163519974914 - timing_per_token_ms/update_actor:0.4337102929551811 - timing_per_token_ms/adv:0.011668111107500326 - perf/total_num_tokens:13585 - perf/time_per_step:13.23141928203404 - perf/throughput:256.68070277324784
[36m(vLLMHttpServer pid=1066775)[0m WARNING 06-24 07:39:53 [input_processor.py:227] Passing raw prompts to InputProcessor is deprecated and will be removed in v0.18. You should instead pass the outputs of Renderer.render_cmpl() or Renderer.render_chat().
[36m(TaskRunner pid=959248)[0m Training Progress:   0%|          | 2/1560 [00:42<8:37:25, 19.93s/it] 
[36m(TaskRunner pid=959248)[0m Dumped generations to /inspire/hdd/global_user/mengweicheng-240108120092/lzy/projects/Dual-Track-OPD/baselines/vision_opd/logs/smoke_4xh200/rollouts/3.jsonl
[36m(TaskRunner pid=959248)[0m step:3 - global_seqlen/min:3488 - global_seqlen/max:3500 - global_seqlen/minmax_diff:12 - global_seqlen/balanced_min:3488 - global_seqlen/balanced_max:3500 - global_seqlen/mean:3492.75 - self_distillation/teacher_always_on_fraction:1.0 - self_distillation/teacher_image_swap_fraction:1.0 - self_distillation/policy_fallback_fraction:0.0 - self_distillation/grpo_fallback_count:0.0 - rollout_corr/rollout_is_mean:1.0 - rollout_corr/rollout_is_ratio_fraction_high:0.0 - rollout_corr/rollout_is_ratio_fraction_low:0.0 - rollout_corr/rollout_is_max:1.0 - rollout_corr/rollout_is_min:1.0 - rollout_corr/rollout_is_std:0.0 - rollout_corr/rollout_is_eff_sample_size:1.0 - rollout_corr/rollout_is_seq_mean:1.0 - rollout_corr/rollout_is_seq_std:0.0 - rollout_corr/rollout_is_seq_max:1.0 - rollout_corr/rollout_is_seq_min:1.0 - rollout_corr/rollout_is_seq_max_deviation:0.0 - rollout_corr/rollout_is_seq_fraction_high:0.0 - rollout_corr/rollout_is_seq_fraction_low:0.0 - rollout_corr/training_ppl:1.5551144778728485 - rollout_corr/training_log_ppl:0.4349924474954605 - rollout_corr/kl:0.00017388627748005092 - rollout_corr/k3_kl:0.0010227495804429054 - rollout_corr/rollout_ppl:1.554719477891922 - rollout_corr/rollout_log_ppl:0.4348185583949089 - rollout_corr/log_ppl_diff:0.00017388910055160522 - rollout_corr/log_ppl_abs_diff:0.004704810678958893 - rollout_corr/log_ppl_diff_max:0.008753657341003418 - rollout_corr/log_ppl_diff_min:-0.008455634117126465 - rollout_corr/ppl_ratio:1.0001925826072693 - rollout_corr/chi2_token:0.0038083791732788086 - rollout_corr/chi2_seq:1.6897729635238647 - actor/pg_loss:0.06388367619365454 - actor/kl_loss:0.0 - actor/grpo_loss:0.0 - actor/vopd_loss:0.06388367619365454 - actor/vopd_loss_weighted:0.06388367619365454 - actor/policy_fallback_fraction:0.0 - self_distillation/raw_jsd_token_mean:0.06388367619365454 - self_distillation/weighted_jsd_token_mean:0.06388367619365454 - self_distillation/self_distillation_mask.mean():1.0 - self_distillation/num_distill_tokens:128.0 - self_distillation/empty_target_batch:0.0 - actor/grad_norm:6.216644763946533 - timing_s/update_actor/student_forward:0.5931181339547038 - timing_s/update_actor/teacher_forward:0.2711583022028208 - timing_s/update_actor/loss_compute:0.0008935853838920593 - timing_s/update_actor/backward:0.9905865509063005 - timing_s/update_actor/optimizer_step:0.009665023535490036 - timing_s/update_actor/teacher_ema_update:2.99650913849473 - perf/mfu/actor:0.03519824970719658 - perf/max_memory_allocated_gb:89.64626216888428 - perf/max_memory_reserved_gb:101.875 - perf/cpu_memory_used_gb:235.55328464508057 - actor/lr:2e-06 - training/global_step:3 - training/epoch:0 - response_length/mean:128.0 - response_length/max:128.0 - response_length/min:128.0 - response_length/clip_ratio:1.0 - response_length_non_aborted/mean:128.0 - response_length_non_aborted/max:128.0 - response_length_non_aborted/min:128.0 - response_length_non_aborted/clip_ratio:1.0 - response/aborted_ratio:0.0 - prompt_length/mean:3364.75 - prompt_length/max:3372.0 - prompt_length/min:3360.0 - prompt_length/clip_ratio:0.0 - num_turns/min:2 - num_turns/max:2 - num_turns/mean:2.0 - timing_s/start_profile:2.990197390317917e-05 - timing_s/agent_loop/generate_sequences/min:1.3281180942431092 - timing_s/agent_loop/generate_sequences/max:1.6701263999566436 - timing_s/agent_loop/generate_sequences/mean:1.4919778094626963 - timing_s/agent_loop/tool_calls/min:0.0 - timing_s/agent_loop/tool_calls/max:0.0 - timing_s/agent_loop/tool_calls/mean:0.0 - timing_s/agent_loop/slowest/generate_sequences:1.6701263999566436 - timing_s/agent_loop/slowest/tool_calls:0.0 - timing_s/agent_loop/slowest/prompt_length:3360 - timing_s/agent_loop/slowest/response_length:128 - timing_s/gen:8.503539254888892 - timing_s/adv:0.1289058355614543 - timing_s/update_actor:5.297755948267877 - timing_s/dump_rollout_generations:0.003880174830555916 - timing_s/step:13.940373215824366 - timing_s/stop_profile:4.127342253923416e-05 - timing_per_token_ms/gen:16.608475107204868 - timing_per_token_ms/update_actor:0.3791966178704371 - timing_per_token_ms/adv:0.00922667207511662 - perf/total_num_tokens:13971 - perf/time_per_step:13.940373215824366 - perf/throughput:250.54924613031287
[36m(TaskRunner pid=959248)[0m Training Progress:   0%|          | 3/1560 [00:56<7:26:19, 17.20s/it]
[36m(TaskRunner pid=959248)[0m Dumped generations to /inspire/hdd/global_user/mengweicheng-240108120092/lzy/projects/Dual-Track-OPD/baselines/vision_opd/logs/smoke_4xh200/rollouts/4.jsonl
[36m(TaskRunner pid=959248)[0m step:4 - global_seqlen/min:3491 - global_seqlen/max:3537 - global_seqlen/minmax_diff:46 - global_seqlen/balanced_min:3491 - global_seqlen/balanced_max:3537 - global_seqlen/mean:3503.0 - self_distillation/teacher_always_on_fraction:1.0 - self_distillation/teacher_image_swap_fraction:1.0 - self_distillation/policy_fallback_fraction:0.0 - self_distillation/grpo_fallback_count:0.0 - rollout_corr/rollout_is_mean:1.0 - rollout_corr/rollout_is_ratio_fraction_high:0.0 - rollout_corr/rollout_is_ratio_fraction_low:0.0 - rollout_corr/rollout_is_max:1.0 - rollout_corr/rollout_is_min:1.0 - rollout_corr/rollout_is_std:0.0 - rollout_corr/rollout_is_eff_sample_size:1.0 - rollout_corr/rollout_is_seq_mean:1.0 - rollout_corr/rollout_is_seq_std:0.0 - rollout_corr/rollout_is_seq_max:1.0 - rollout_corr/rollout_is_seq_min:1.0 - rollout_corr/rollout_is_seq_max_deviation:0.0 - rollout_corr/rollout_is_seq_fraction_high:0.0 - rollout_corr/rollout_is_seq_fraction_low:0.0 - rollout_corr/training_ppl:1.6434666216373444 - rollout_corr/training_log_ppl:0.4830617383122444 - rollout_corr/kl:0.0023885961272753775 - rollout_corr/k3_kl:0.000970962573774159 - rollout_corr/rollout_ppl:1.6379644870758057 - rollout_corr/rollout_log_ppl:0.4806731417775154 - rollout_corr/log_ppl_diff:0.002388596534729004 - rollout_corr/log_ppl_abs_diff:0.005352109670639038 - rollout_corr/log_ppl_diff_max:0.011998534202575684 - rollout_corr/log_ppl_diff_min:-0.0034979581832885742 - rollout_corr/ppl_ratio:1.0024104714393616 - rollout_corr/chi2_token:-0.0009313523769378662 - rollout_corr/chi2_seq:0.19180011749267578 - actor/pg_loss:0.07301451079547405 - actor/kl_loss:0.0 - actor/grpo_loss:0.0 - actor/vopd_loss:0.07301451079547405 - actor/vopd_loss_weighted:0.07301451079547405 - actor/policy_fallback_fraction:0.0 - self_distillation/raw_jsd_token_mean:0.07301451079547405 - self_distillation/weighted_jsd_token_mean:0.07301451079547405 - self_distillation/self_distillation_mask.mean():1.0 - self_distillation/num_distill_tokens:128.0 - self_distillation/empty_target_batch:0.0 - actor/grad_norm:2.0061895847320557 - timing_s/update_actor/student_forward:0.7411056999117136 - timing_s/update_actor/teacher_forward:0.3206643247976899 - timing_s/update_actor/loss_compute:0.0008601928129792213 - timing_s/update_actor/backward:1.450058643706143 - timing_s/update_actor/optimizer_step:0.009066030383110046 - timing_s/update_actor/teacher_ema_update:2.984566690400243 - perf/mfu/actor:0.0306772516315201 - perf/max_memory_allocated_gb:89.8338451385498 - perf/max_memory_reserved_gb:102.044921875 - perf/cpu_memory_used_gb:235.8126344680786 - actor/lr:2e-06 - training/global_step:4 - training/epoch:0 - response_length/mean:128.0 - response_length/max:128.0 - response_length/min:128.0 - response_length/clip_ratio:1.0 - response_length_non_aborted/mean:128.0 - response_length_non_aborted/max:128.0 - response_length_non_aborted/min:128.0 - response_length_non_aborted/clip_ratio:1.0 - response/aborted_ratio:0.0 - prompt_length/mean:3375.0 - prompt_length/max:3409.0 - prompt_length/min:3363.0 - prompt_length/clip_ratio:0.0 - num_turns/min:2 - num_turns/max:2 - num_turns/mean:2.0 - timing_s/start_profile:2.7414411306381226e-05 - timing_s/agent_loop/generate_sequences/min:1.3163852989673615 - timing_s/agent_loop/generate_sequences/max:1.3583018891513348 - timing_s/agent_loop/generate_sequences/mean:1.3427876131609082 - timing_s/agent_loop/tool_calls/min:0.0 - timing_s/agent_loop/tool_calls/max:0.0 - timing_s/agent_loop/tool_calls/mean:0.0 - timing_s/agent_loop/slowest/generate_sequences:1.3583018891513348 - timing_s/agent_loop/slowest/tool_calls:0.0 - timing_s/agent_loop/slowest/prompt_length:3409 - timing_s/agent_loop/slowest/response_length:128 - timing_s/gen:6.785196992568672 - timing_s/adv:0.1828343840315938 - timing_s/update_actor:6.094490303657949 - timing_s/dump_rollout_generations:0.0038245832547545433 - timing_s/step:13.072339334525168 - timing_s/stop_profile:2.684071660041809e-05 - timing_per_token_ms/gen:13.252337876110687 - timing_per_token_ms/update_actor:0.4349479234697366 - timing_per_token_ms/adv:0.013048414504110319 - perf/total_num_tokens:14012 - perf/time_per_step:13.072339334525168 - perf/throughput:267.97039996875515
[36m(TaskRunner pid=959248)[0m Training Progress:   0%|          | 4/1560 [01:09<6:43:55, 15.58s/it]
[36m(TaskRunner pid=959248)[0m Dumped generations to /inspire/hdd/global_user/mengweicheng-240108120092/lzy/projects/Dual-Track-OPD/baselines/vision_opd/logs/smoke_4xh200/rollouts/5.jsonl
[36m(TaskRunner pid=959248)[0m step:5 - global_seqlen/min:3112 - global_seqlen/max:3494 - global_seqlen/minmax_diff:382 - global_seqlen/balanced_min:3112 - global_seqlen/balanced_max:3494 - global_seqlen/mean:3393.5 - self_distillation/teacher_always_on_fraction:1.0 - self_distillation/teacher_image_swap_fraction:1.0 - self_distillation/policy_fallback_fraction:0.0 - self_distillation/grpo_fallback_count:0.0 - rollout_corr/rollout_is_mean:1.0 - rollout_corr/rollout_is_ratio_fraction_high:0.0 - rollout_corr/rollout_is_ratio_fraction_low:0.0 - rollout_corr/rollout_is_max:1.0 - rollout_corr/rollout_is_min:1.0 - rollout_corr/rollout_is_std:0.0 - rollout_corr/rollout_is_eff_sample_size:1.0 - rollout_corr/rollout_is_seq_mean:1.0 - rollout_corr/rollout_is_seq_std:0.0 - rollout_corr/rollout_is_seq_max:1.0 - rollout_corr/rollout_is_seq_min:1.0 - rollout_corr/rollout_is_seq_max_deviation:0.0 - rollout_corr/rollout_is_seq_fraction_high:0.0 - rollout_corr/rollout_is_seq_fraction_low:0.0 - rollout_corr/training_ppl:1.9262146055698395 - rollout_corr/training_log_ppl:0.6391186565160751 - rollout_corr/kl:0.0010662180939107202 - rollout_corr/k3_kl:0.0007195303332991898 - rollout_corr/rollout_ppl:1.9240374267101288 - rollout_corr/rollout_log_ppl:0.6380524411797523 - rollout_corr/log_ppl_diff:0.0010662153363227844 - rollout_corr/log_ppl_abs_diff:0.0010662153363227844 - rollout_corr/log_ppl_diff_max:0.002067089080810547 - rollout_corr/log_ppl_diff_min:3.927946090698242e-05 - rollout_corr/ppl_ratio:1.0010672807693481 - rollout_corr/chi2_token:0.0007527321577072144 - rollout_corr/chi2_seq:-0.21372288465499878 - actor/pg_loss:0.05740092182531953 - actor/kl_loss:0.0 - actor/grpo_loss:0.0 - actor/vopd_loss:0.05740092182531953 - actor/vopd_loss_weighted:0.05740092182531953 - actor/policy_fallback_fraction:0.0 - self_distillation/raw_jsd_token_mean:0.05740092182531953 - self_distillation/weighted_jsd_token_mean:0.05740092182531953 - self_distillation/self_distillation_mask.mean():1.0 - self_distillation/num_distill_tokens:125.25 - self_distillation/empty_target_batch:0.0 - actor/grad_norm:3.631945848464966 - timing_s/update_actor/student_forward:0.8220833828672767 - timing_s/update_actor/teacher_forward:0.3175546796992421 - timing_s/update_actor/loss_compute:0.0008430005982518196 - timing_s/update_actor/backward:1.1690729958936572 - timing_s/update_actor/optimizer_step:0.009616962634027004 - timing_s/update_actor/teacher_ema_update:3.145709321834147 - perf/mfu/actor:0.030272722388273634 - perf/max_memory_allocated_gb:89.8338451385498 - perf/max_memory_reserved_gb:102.044921875 - perf/cpu_memory_used_gb:235.86260414123535 - actor/lr:2e-06 - training/global_step:5 - training/epoch:0 - response_length/mean:125.25 - response_length/max:128.0 - response_length/min:117.0 - response_length/clip_ratio:0.75 - response_length_non_aborted/mean:125.25 - response_length_non_aborted/max:128.0 - response_length_non_aborted/min:117.0 - response_length_non_aborted/clip_ratio:0.75 - response/aborted_ratio:0.0 - prompt_length/mean:3268.25 - prompt_length/max:3366.0 - prompt_length/min:2984.0 - prompt_length/clip_ratio:0.0 - num_turns/min:2 - num_turns/max:2 - num_turns/mean:2.0 - timing_s/start_profile:2.6895664632320404e-05 - timing_s/agent_loop/generate_sequences/min:1.2861465094611049 - timing_s/agent_loop/generate_sequences/max:1.6601521978154778 - timing_s/agent_loop/generate_sequences/mean:1.4597610488999635 - timing_s/agent_loop/tool_calls/min:0.0 - timing_s/agent_loop/tool_calls/max:0.0 - timing_s/agent_loop/tool_calls/mean:0.0 - timing_s/agent_loop/slowest/generate_sequences:1.6601521978154778 - timing_s/agent_loop/slowest/tool_calls:0.0 - timing_s/agent_loop/slowest/prompt_length:2984 - timing_s/agent_loop/slowest/response_length:128 - timing_s/gen:8.497544391080737 - timing_s/adv:0.1675534090027213 - timing_s/update_actor:5.856672960333526 - timing_s/dump_rollout_generations:0.004286403767764568 - timing_s/step:14.532972306013107 - timing_s/stop_profile:4.7421082854270935e-05 - timing_per_token_ms/gen:16.961166449262947 - timing_per_token_ms/update_actor:0.4314625725897691 - timing_per_token_ms/adv:0.012343701856690828 - perf/total_num_tokens:13574 - perf/time_per_step:14.532972306013107 - perf/throughput:233.50350695954455
[36m(TaskRunner pid=959248)[0m Training Progress:   0%|          | 5/1560 [01:24<6:34:02, 15.20s/it]
[36m(TaskRunner pid=959248)[0m Dumped generations to /inspire/hdd/global_user/mengweicheng-240108120092/lzy/projects/Dual-Track-OPD/baselines/vision_opd/logs/smoke_4xh200/rollouts/6.jsonl
[36m(TaskRunner pid=959248)[0m step:6 - global_seqlen/min:3486 - global_seqlen/max:3632 - global_seqlen/minmax_diff:146 - global_seqlen/balanced_min:3486 - global_seqlen/balanced_max:3632 - global_seqlen/mean:3524.0 - self_distillation/teacher_always_on_fraction:1.0 - self_distillation/teacher_image_swap_fraction:1.0 - self_distillation/policy_fallback_fraction:0.0 - self_distillation/grpo_fallback_count:0.0 - rollout_corr/rollout_is_mean:1.0 - rollout_corr/rollout_is_ratio_fraction_high:0.0 - rollout_corr/rollout_is_ratio_fraction_low:0.0 - rollout_corr/rollout_is_max:1.0 - rollout_corr/rollout_is_min:1.0 - rollout_corr/rollout_is_std:0.0 - rollout_corr/rollout_is_eff_sample_size:1.0 - rollout_corr/rollout_is_seq_mean:1.0 - rollout_corr/rollout_is_seq_std:0.0 - rollout_corr/rollout_is_seq_max:1.0 - rollout_corr/rollout_is_seq_min:1.0 - rollout_corr/rollout_is_seq_max_deviation:0.0 - rollout_corr/rollout_is_seq_fraction_high:0.0 - rollout_corr/rollout_is_seq_fraction_low:0.0 - rollout_corr/training_ppl:1.8648101389408112 - rollout_corr/training_log_ppl:0.6143111661076546 - rollout_corr/kl:0.003830338944680989 - rollout_corr/k3_kl:0.0009797880193218589 - rollout_corr/rollout_ppl:1.8574514091014862 - rollout_corr/rollout_log_ppl:0.6104808300733566 - rollout_corr/log_ppl_diff:0.003830336034297943 - rollout_corr/log_ppl_abs_diff:0.003830336034297943 - rollout_corr/log_ppl_diff_max:0.006781637668609619 - rollout_corr/log_ppl_diff_min:0.002453327178955078 - rollout_corr/ppl_ratio:1.0038391947746277 - rollout_corr/chi2_token:-0.0038895010948181152 - rollout_corr/chi2_seq:-0.5926619470119476 - actor/pg_loss:0.041437551844865084 - actor/kl_loss:0.0 - actor/grpo_loss:0.0 - actor/vopd_loss:0.041437551844865084 - actor/vopd_loss_weighted:0.041437551844865084 - actor/policy_fallback_fraction:0.0 - self_distillation/raw_jsd_token_mean:0.041437551844865084 - self_distillation/weighted_jsd_token_mean:0.041437551844865084 - self_distillation/self_distillation_mask.mean():1.0 - self_distillation/num_distill_tokens:128.0 - self_distillation/empty_target_batch:0.0 - actor/grad_norm:4.587413311004639 - timing_s/update_actor/student_forward:0.5411638654768467 - timing_s/update_actor/teacher_forward:0.25346085987985134 - timing_s/update_actor/loss_compute:0.0008629746735095978 - timing_s/update_actor/backward:1.0249957302585244 - timing_s/update_actor/optimizer_step:0.008871435187757015 - timing_s/update_actor/teacher_ema_update:3.036079356446862 - perf/mfu/actor:0.0353033147245086 - perf/max_memory_allocated_gb:90.26893424987793 - perf/max_memory_reserved_gb:102.515625 - perf/cpu_memory_used_gb:236.07717895507812 - actor/lr:2e-06 - training/global_step:6 - training/epoch:0 - response_length/mean:128.0 - response_length/max:128.0 - response_length/min:128.0 - response_length/clip_ratio:1.0 - response_length_non_aborted/mean:128.0 - response_length_non_aborted/max:128.0 - response_length_non_aborted/min:128.0 - response_length_non_aborted/clip_ratio:1.0 - response/aborted_ratio:0.0 - prompt_length/mean:3396.0 - prompt_length/max:3504.0 - prompt_length/min:3358.0 - prompt_length/clip_ratio:0.0 - num_turns/min:2 - num_turns/max:2 - num_turns/mean:2.0 - timing_s/start_profile:2.4073757231235504e-05 - timing_s/agent_loop/generate_sequences/min:1.3172443304210901 - timing_s/agent_loop/generate_sequences/max:1.6367941675707698 - timing_s/agent_loop/generate_sequences/mean:1.4880693471059203 - timing_s/agent_loop/tool_calls/min:0.0 - timing_s/agent_loop/tool_calls/max:0.0 - timing_s/agent_loop/tool_calls/mean:0.0 - timing_s/agent_loop/slowest/generate_sequences:1.6367941675707698 - timing_s/agent_loop/slowest/tool_calls:0.0 - timing_s/agent_loop/slowest/prompt_length:3363 - timing_s/agent_loop/slowest/response_length:128 - timing_s/gen:7.131211033090949 - timing_s/adv:0.20218857284635305 - timing_s/update_actor:5.358346764929593 - timing_s/dump_rollout_generations:0.00626381766051054 - timing_s/step:12.704572943039238 - timing_s/stop_profile:2.7127563953399658e-05 - timing_per_token_ms/gen:13.92814654900576 - timing_per_token_ms/update_actor:0.3801324322452889 - timing_per_token_ms/adv:0.014343684225762845 - perf/total_num_tokens:14096 - perf/time_per_step:12.704572943039238 - perf/throughput:277.3804374062632
[36m(TaskRunner pid=959248)[0m Training Progress:   0%|          | 6/1560 [01:37<6:11:53, 14.36s/it]
[36m(TaskRunner pid=959248)[0m Dumped generations to /inspire/hdd/global_user/mengweicheng-240108120092/lzy/projects/Dual-Track-OPD/baselines/vision_opd/logs/smoke_4xh200/rollouts/7.jsonl
[36m(TaskRunner pid=959248)[0m step:7 - global_seqlen/min:3491 - global_seqlen/max:3546 - global_seqlen/minmax_diff:55 - global_seqlen/balanced_min:3491 - global_seqlen/balanced_max:3546 - global_seqlen/mean:3506.75 - self_distillation/teacher_always_on_fraction:1.0 - self_distillation/teacher_image_swap_fraction:1.0 - self_distillation/policy_fallback_fraction:0.0 - self_distillation/grpo_fallback_count:0.0 - rollout_corr/rollout_is_mean:1.0 - rollout_corr/rollout_is_ratio_fraction_high:0.0 - rollout_corr/rollout_is_ratio_fraction_low:0.0 - rollout_corr/rollout_is_max:1.0 - rollout_corr/rollout_is_min:1.0 - rollout_corr/rollout_is_std:0.0 - rollout_corr/rollout_is_eff_sample_size:1.0 - rollout_corr/rollout_is_seq_mean:1.0 - rollout_corr/rollout_is_seq_std:0.0 - rollout_corr/rollout_is_seq_max:1.0 - rollout_corr/rollout_is_seq_min:1.0 - rollout_corr/rollout_is_seq_max_deviation:0.0 - rollout_corr/rollout_is_seq_fraction_high:0.0 - rollout_corr/rollout_is_seq_fraction_low:0.0 - rollout_corr/training_ppl:1.6657456159591675 - rollout_corr/training_log_ppl:0.4954310581088066 - rollout_corr/kl:7.203922723419964e-05 - rollout_corr/k3_kl:0.0004624107386916876 - rollout_corr/rollout_ppl:1.6655527651309967 - rollout_corr/rollout_log_ppl:0.49535902962088585 - rollout_corr/log_ppl_diff:7.202848792076111e-05 - rollout_corr/log_ppl_abs_diff:0.0018809475004673004 - rollout_corr/log_ppl_diff_max:0.003905951976776123 - rollout_corr/log_ppl_diff_min:-0.002418041229248047 - rollout_corr/ppl_ratio:1.0000748336315155 - rollout_corr/chi2_token:0.0017093122005462646 - rollout_corr/chi2_seq:0.14333030581474304 - actor/pg_loss:0.03474178444594145 - actor/kl_loss:0.0 - actor/grpo_loss:0.0 - actor/vopd_loss:0.03474178444594145 - actor/vopd_loss_weighted:0.03474178444594145 - actor/policy_fallback_fraction:0.0 - self_distillation/raw_jsd_token_mean:0.03474178444594145 - self_distillation/weighted_jsd_token_mean:0.03474178444594145 - self_distillation/self_distillation_mask.mean():1.0 - self_distillation/num_distill_tokens:128.0 - self_distillation/empty_target_batch:0.0 - actor/grad_norm:2.262917995452881 - timing_s/update_actor/student_forward:0.7399439793080091 - timing_s/update_actor/teacher_forward:0.3465369129553437 - timing_s/update_actor/loss_compute:0.0008716825395822525 - timing_s/update_actor/backward:1.15344079118222 - timing_s/update_actor/optimizer_step:0.00906388834118843 - timing_s/update_actor/teacher_ema_update:3.1060301270335913 - perf/mfu/actor:0.03235641033542758 - perf/max_memory_allocated_gb:90.26893424987793 - perf/max_memory_reserved_gb:102.515625 - perf/cpu_memory_used_gb:236.1806240081787 - actor/lr:2e-06 - training/global_step:7 - training/epoch:0 - response_length/mean:128.0 - response_length/max:128.0 - response_length/min:128.0 - response_length/clip_ratio:1.0 - response_length_non_aborted/mean:128.0 - response_length_non_aborted/max:128.0 - response_length_non_aborted/min:128.0 - response_length_non_aborted/clip_ratio:1.0 - response/aborted_ratio:0.0 - prompt_length/mean:3378.75 - prompt_length/max:3418.0 - prompt_length/min:3363.0 - prompt_length/clip_ratio:0.0 - num_turns/min:2 - num_turns/max:2 - num_turns/mean:2.0 - timing_s/start_profile:2.946332097053528e-05 - timing_s/agent_loop/generate_sequences/min:1.3559893034398556 - timing_s/agent_loop/generate_sequences/max:1.6425353717058897 - timing_s/agent_loop/generate_sequences/mean:1.5070145558565855 - timing_s/agent_loop/tool_calls/min:0.0 - timing_s/agent_loop/tool_calls/max:0.0 - timing_s/agent_loop/tool_calls/mean:0.0 - timing_s/agent_loop/slowest/generate_sequences:1.6425353717058897 - timing_s/agent_loop/slowest/tool_calls:0.0 - timing_s/agent_loop/slowest/prompt_length:3418 - timing_s/agent_loop/slowest/response_length:128 - timing_s/gen:7.954318523406982 - timing_s/adv:0.1434859661385417 - timing_s/update_actor:5.77445240970701 - timing_s/dump_rollout_generations:0.004729551263153553 - timing_s/step:13.882949586957693 - timing_s/stop_profile:3.623589873313904e-05 - timing_per_token_ms/gen:15.535778366029263 - timing_per_token_ms/update_actor:0.4116669572757546 - timing_per_token_ms/adv:0.010229269704038048 - perf/total_num_tokens:14027 - perf/time_per_step:13.882949586957693 - perf/throughput:252.59401671345177
[36m(TaskRunner pid=959248)[0m Training Progress:   0%|          | 7/1560 [01:50<6:07:45, 14.21s/it]
[36m(TaskRunner pid=959248)[0m Dumped generations to /inspire/hdd/global_user/mengweicheng-240108120092/lzy/projects/Dual-Track-OPD/baselines/vision_opd/logs/smoke_4xh200/rollouts/8.jsonl
[36m(TaskRunner pid=959248)[0m step:8 - global_seqlen/min:3487 - global_seqlen/max:3499 - global_seqlen/minmax_diff:12 - global_seqlen/balanced_min:3487 - global_seqlen/balanced_max:3499 - global_seqlen/mean:3493.75 - self_distillation/teacher_always_on_fraction:1.0 - self_distillation/teacher_image_swap_fraction:1.0 - self_distillation/policy_fallback_fraction:0.0 - self_distillation/grpo_fallback_count:0.0 - rollout_corr/rollout_is_mean:1.0 - rollout_corr/rollout_is_ratio_fraction_high:0.0 - rollout_corr/rollout_is_ratio_fraction_low:0.0 - rollout_corr/rollout_is_max:1.0 - rollout_corr/rollout_is_min:1.0 - rollout_corr/rollout_is_std:0.0 - rollout_corr/rollout_is_eff_sample_size:1.0 - rollout_corr/rollout_is_seq_mean:1.0 - rollout_corr/rollout_is_seq_std:0.0 - rollout_corr/rollout_is_seq_max:1.0 - rollout_corr/rollout_is_seq_min:1.0 - rollout_corr/rollout_is_seq_max_deviation:0.0 - rollout_corr/rollout_is_seq_fraction_high:0.0 - rollout_corr/rollout_is_seq_fraction_low:0.0 - rollout_corr/training_ppl:2.0488243401050568 - rollout_corr/training_log_ppl:0.6971379369497299 - rollout_corr/kl:0.0005317355680745095 - rollout_corr/k3_kl:0.0007448861142620444 - rollout_corr/rollout_ppl:2.047369062900543 - rollout_corr/rollout_log_ppl:0.6966062039136887 - rollout_corr/log_ppl_diff:0.0005317330360412598 - rollout_corr/log_ppl_abs_diff:0.0018186569213867188 - rollout_corr/log_ppl_diff_max:0.0021303296089172363 - rollout_corr/log_ppl_diff_min:-0.002573847770690918 - rollout_corr/ppl_ratio:1.0005336701869965 - rollout_corr/chi2_token:0.0019393712282180786 - rollout_corr/chi2_seq:-0.008071303367614746 - actor/pg_loss:0.03117162501439452 - actor/kl_loss:0.0 - actor/grpo_loss:0.0 - actor/vopd_loss:0.03117162501439452 - actor/vopd_loss_weighted:0.03117162501439452 - actor/policy_fallback_fraction:0.0 - self_distillation/raw_jsd_token_mean:0.03117162501439452 - self_distillation/weighted_jsd_token_mean:0.03117162501439452 - self_distillation/self_distillation_mask.mean():1.0 - self_distillation/num_distill_tokens:128.0 - self_distillation/empty_target_batch:0.0 - actor/grad_norm:3.0137131214141846 - timing_s/update_actor/student_forward:0.5196620682254434 - timing_s/update_actor/teacher_forward:0.32026390358805656 - timing_s/update_actor/loss_compute:0.0009445548057556152 - timing_s/update_actor/backward:0.9212599080055952 - timing_s/update_actor/optimizer_step:0.008879760280251503 - timing_s/update_actor/teacher_ema_update:3.022663996554911 - perf/mfu/actor:0.03571634205739413 - perf/max_memory_allocated_gb:90.26893424987793 - perf/max_memory_reserved_gb:102.515625 - perf/cpu_memory_used_gb:236.6106472015381 - actor/lr:2e-06 - training/global_step:8 - training/epoch:0 - response_length/mean:128.0 - response_length/max:128.0 - response_length/min:128.0 - response_length/clip_ratio:1.0 - response_length_non_aborted/mean:128.0 - response_length_non_aborted/max:128.0 - response_length_non_aborted/min:128.0 - response_length_non_aborted/clip_ratio:1.0 - response/aborted_ratio:0.0 - prompt_length/mean:3365.75 - prompt_length/max:3371.0 - prompt_length/min:3359.0 - prompt_length/clip_ratio:0.0 - num_turns/min:2 - num_turns/max:2 - num_turns/mean:2.0 - timing_s/start_profile:3.307592123746872e-05 - timing_s/agent_loop/generate_sequences/min:1.3002363620325923 - timing_s/agent_loop/generate_sequences/max:1.3369405753910542 - timing_s/agent_loop/generate_sequences/mean:1.3128845454193652 - timing_s/agent_loop/tool_calls/min:0.0 - timing_s/agent_loop/tool_calls/max:0.0 - timing_s/agent_loop/tool_calls/mean:0.0 - timing_s/agent_loop/slowest/generate_sequences:1.3369405753910542 - timing_s/agent_loop/slowest/tool_calls:0.0 - timing_s/agent_loop/slowest/prompt_length:3366 - timing_s/agent_loop/slowest/response_length:128 - timing_s/gen:6.840582180768251 - timing_s/adv:0.32306059170514345 - timing_s/update_actor:5.311357324011624 - timing_s/dump_rollout_generations:0.0048081642016768456 - timing_s/step:12.486300501972437 - timing_s/stop_profile:3.582704812288284e-05 - timing_per_token_ms/gen:13.360512071812991 - timing_per_token_ms/update_actor:0.38006134697757593 - timing_per_token_ms/adv:0.023117036973534417 - perf/total_num_tokens:13975 - perf/time_per_step:12.486300501972437 - perf/throughput:279.80665685949964
[36m(TaskRunner pid=959248)[0m Training Progress:   1%|          | 8/1560 [02:03<5:53:27, 13.66s/it]
[36m(TaskRunner pid=959248)[0m Dumped generations to /inspire/hdd/global_user/mengweicheng-240108120092/lzy/projects/Dual-Track-OPD/baselines/vision_opd/logs/smoke_4xh200/rollouts/9.jsonl
[36m(TaskRunner pid=959248)[0m step:9 - global_seqlen/min:3114 - global_seqlen/max:3496 - global_seqlen/minmax_diff:382 - global_seqlen/balanced_min:3114 - global_seqlen/balanced_max:3496 - global_seqlen/mean:3307.75 - self_distillation/teacher_always_on_fraction:1.0 - self_distillation/teacher_image_swap_fraction:1.0 - self_distillation/policy_fallback_fraction:0.0 - self_distillation/grpo_fallback_count:0.0 - rollout_corr/rollout_is_mean:1.0 - rollout_corr/rollout_is_ratio_fraction_high:0.0 - rollout_corr/rollout_is_ratio_fraction_low:0.0 - rollout_corr/rollout_is_max:1.0 - rollout_corr/rollout_is_min:1.0 - rollout_corr/rollout_is_std:0.0 - rollout_corr/rollout_is_eff_sample_size:1.0 - rollout_corr/rollout_is_seq_mean:1.0 - rollout_corr/rollout_is_seq_std:0.0 - rollout_corr/rollout_is_seq_max:1.0 - rollout_corr/rollout_is_seq_min:1.0 - rollout_corr/rollout_is_seq_max_deviation:0.0 - rollout_corr/rollout_is_seq_fraction_high:0.0 - rollout_corr/rollout_is_seq_fraction_low:0.0 - rollout_corr/training_ppl:1.538240134716034 - rollout_corr/training_log_ppl:0.4264605641365051 - rollout_corr/kl:0.00022128061391413212 - rollout_corr/k3_kl:0.0003637191839516163 - rollout_corr/rollout_ppl:1.5381205379962921 - rollout_corr/rollout_log_ppl:0.4262392744421959 - rollout_corr/log_ppl_diff:0.00022128969430923462 - rollout_corr/log_ppl_abs_diff:0.003015585243701935 - rollout_corr/log_ppl_diff_max:0.0037578046321868896 - rollout_corr/log_ppl_diff_min:-0.004844963550567627 - rollout_corr/ppl_ratio:1.0002269893884659 - rollout_corr/chi2_token:0.0010191798210144043 - rollout_corr/chi2_seq:0.38686472177505493 - actor/pg_loss:0.03620249265804887 - actor/kl_loss:0.0 - actor/grpo_loss:0.0 - actor/vopd_loss:0.03620249265804887 - actor/vopd_loss_weighted:0.03620249265804887 - actor/policy_fallback_fraction:0.0 - self_distillation/raw_jsd_token_mean:0.03620249265804887 - self_distillation/weighted_jsd_token_mean:0.03620249265804887 - self_distillation/self_distillation_mask.mean():1.0 - self_distillation/num_distill_tokens:128.0 - self_distillation/empty_target_batch:0.0 - actor/grad_norm:2.2012014389038086 - timing_s/update_actor/student_forward:0.829252215102315 - timing_s/update_actor/teacher_forward:0.28982888627797365 - timing_s/update_actor/loss_compute:0.0011308789253234863 - timing_s/update_actor/backward:1.1513665048405528 - timing_s/update_actor/optimizer_step:0.009394992142915726 - timing_s/update_actor/teacher_ema_update:3.153405347838998 - perf/mfu/actor:0.02916775248887661 - perf/max_memory_allocated_gb:90.26893424987793 - perf/max_memory_reserved_gb:102.515625 - perf/cpu_memory_used_gb:236.79888343811035 - actor/lr:2e-06 - training/global_step:9 - training/epoch:0 - response_length/mean:128.0 - response_length/max:128.0 - response_length/min:128.0 - response_length/clip_ratio:1.0 - response_length_non_aborted/mean:128.0 - response_length_non_aborted/max:128.0 - response_length_non_aborted/min:128.0 - response_length_non_aborted/clip_ratio:1.0 - response/aborted_ratio:0.0 - prompt_length/mean:3179.75 - prompt_length/max:3368.0 - prompt_length/min:2986.0 - prompt_length/clip_ratio:0.0 - num_turns/min:2 - num_turns/max:2 - num_turns/mean:2.0 - timing_s/start_profile:2.8594397008419037e-05 - timing_s/agent_loop/generate_sequences/min:1.2650129478424788 - timing_s/agent_loop/generate_sequences/max:1.5159707767888904 - timing_s/agent_loop/generate_sequences/mean:1.413690726738423 - timing_s/agent_loop/tool_calls/min:0.0 - timing_s/agent_loop/tool_calls/max:0.0 - timing_s/agent_loop/tool_calls/mean:0.0 - timing_s/agent_loop/slowest/generate_sequences:1.5159707767888904 - timing_s/agent_loop/slowest/tool_calls:0.0 - timing_s/agent_loop/slowest/prompt_length:2986 - timing_s/agent_loop/slowest/response_length:128 - timing_s/gen:7.718069237656891 - timing_s/adv:0.16249592695385218 - timing_s/update_actor:6.150690480135381 - timing_s/dump_rollout_generations:0.004322404973208904 - timing_s/step:14.041894464753568 - timing_s/stop_profile:2.851523458957672e-05 - timing_per_token_ms/gen:15.074353979798616 - timing_per_token_ms/update_actor:0.46486966065568597 - timing_per_token_ms/adv:0.012281454686255928 - perf/total_num_tokens:13231 - perf/time_per_step:14.041894464753568 - perf/throughput:235.562944038837
[36m(TaskRunner pid=959248)[0m Training Progress:   1%|          | 9/1560 [02:17<5:56:23, 13.79s/it]
[36m(TaskRunner pid=959248)[0m Dumped generations to /inspire/hdd/global_user/mengweicheng-240108120092/lzy/projects/Dual-Track-OPD/baselines/vision_opd/logs/smoke_4xh200/rollouts/10.jsonl
[36m(TaskRunner pid=959248)[0m step:10 - global_seqlen/min:3115 - global_seqlen/max:3497 - global_seqlen/minmax_diff:382 - global_seqlen/balanced_min:3115 - global_seqlen/balanced_max:3497 - global_seqlen/mean:3397.75 - self_distillation/teacher_always_on_fraction:1.0 - self_distillation/teacher_image_swap_fraction:1.0 - self_distillation/policy_fallback_fraction:0.0 - self_distillation/grpo_fallback_count:0.0 - rollout_corr/rollout_is_mean:1.0 - rollout_corr/rollout_is_ratio_fraction_high:0.0 - rollout_corr/rollout_is_ratio_fraction_low:0.0 - rollout_corr/rollout_is_max:1.0 - rollout_corr/rollout_is_min:1.0 - rollout_corr/rollout_is_std:0.0 - rollout_corr/rollout_is_eff_sample_size:1.0 - rollout_corr/rollout_is_seq_mean:1.0 - rollout_corr/rollout_is_seq_std:0.0 - rollout_corr/rollout_is_seq_max:1.0 - rollout_corr/rollout_is_seq_min:1.0 - rollout_corr/rollout_is_seq_max_deviation:0.0 - rollout_corr/rollout_is_seq_fraction_high:0.0 - rollout_corr/rollout_is_seq_fraction_low:0.0 - rollout_corr/training_ppl:1.8614470064640045 - rollout_corr/training_log_ppl:0.612276092171669 - rollout_corr/kl:-0.0003566094092093408 - rollout_corr/k3_kl:0.0008835198823362589 - rollout_corr/rollout_ppl:1.862573117017746 - rollout_corr/rollout_log_ppl:0.612632729113102 - rollout_corr/log_ppl_diff:-0.0003566369414329529 - rollout_corr/log_ppl_abs_diff:0.0021938756108283997 - rollout_corr/log_ppl_diff_max:0.0030486583709716797 - rollout_corr/log_ppl_diff_min:-0.003522157669067383 - rollout_corr/ppl_ratio:0.9996464252471924 - rollout_corr/chi2_token:0.0043801069259643555 - rollout_corr/chi2_seq:0.31798286736011505 - actor/pg_loss:0.04618113115429878 - actor/kl_loss:0.0 - actor/grpo_loss:0.0 - actor/vopd_loss:0.04618113115429878 - actor/vopd_loss_weighted:0.04618113115429878 - actor/policy_fallback_fraction:0.0 - self_distillation/raw_jsd_token_mean:0.04618113115429878 - self_distillation/weighted_jsd_token_mean:0.04618113115429878 - self_distillation/self_distillation_mask.mean():1.0 - self_distillation/num_distill_tokens:128.0 - self_distillation/empty_target_batch:0.0 - actor/grad_norm:3.571603298187256 - timing_s/update_actor/student_forward:0.5178142748773098 - timing_s/update_actor/teacher_forward:0.26812252774834633 - timing_s/update_actor/loss_compute:0.0008200537413358688 - timing_s/update_actor/backward:0.8879327950999141 - timing_s/update_actor/optimizer_step:0.00877617672085762 - timing_s/update_actor/teacher_ema_update:3.1136021921411157 - perf/mfu/actor:0.03418841092862746 - perf/max_memory_allocated_gb:90.26893424987793 - perf/max_memory_reserved_gb:102.515625 - perf/cpu_memory_used_gb:236.89533805847168 - actor/lr:2e-06 - training/global_step:10 - training/epoch:0 - response_length/mean:128.0 - response_length/max:128.0 - response_length/min:128.0 - response_length/clip_ratio:1.0 - response_length_non_aborted/mean:128.0 - response_length_non_aborted/max:128.0 - response_length_non_aborted/min:128.0 - response_length_non_aborted/clip_ratio:1.0 - response/aborted_ratio:0.0 - prompt_length/mean:3269.75 - prompt_length/max:3369.0 - prompt_length/min:2987.0 - prompt_length/clip_ratio:0.0 - num_turns/min:2 - num_turns/max:2 - num_turns/mean:2.0 - timing_s/start_profile:2.4206936359405518e-05 - timing_s/agent_loop/generate_sequences/min:1.2952642710879445 - timing_s/agent_loop/generate_sequences/max:1.4903466384857893 - timing_s/agent_loop/generate_sequences/mean:1.3930453173816204 - timing_s/agent_loop/tool_calls/min:0.0 - timing_s/agent_loop/tool_calls/max:0.0 - timing_s/agent_loop/tool_calls/mean:0.0 - timing_s/agent_loop/slowest/generate_sequences:1.4903466384857893 - timing_s/agent_loop/slowest/tool_calls:0.0 - timing_s/agent_loop/slowest/prompt_length:3364 - timing_s/agent_loop/slowest/response_length:128 - timing_s/gen:7.652834217064083 - timing_s/adv:0.03863928373903036 - timing_s/update_actor:5.232072865590453 - timing_s/dump_rollout_generations:0.00411814171820879 - timing_s/step:12.933387255296111 - timing_s/stop_profile:2.9459595680236816e-05 - timing_per_token_ms/gen:14.946941830203286 - timing_per_token_ms/update_actor:0.38496599702674217 - timing_per_token_ms/adv:0.0028430052048436733 - perf/total_num_tokens:13591 - perf/time_per_step:12.933387255296111 - perf/throughput:262.711533562768
[36m(TaskRunner pid=959248)[0m Training Progress:   1%|          | 10/1560 [02:30<5:49:27, 13.53s/it]
[36m(TaskRunner pid=959248)[0m Dumped generations to /inspire/hdd/global_user/mengweicheng-240108120092/lzy/projects/Dual-Track-OPD/baselines/vision_opd/logs/smoke_4xh200/rollouts/11.jsonl
[36m(TaskRunner pid=959248)[0m step:11 - global_seqlen/min:3488 - global_seqlen/max:3495 - global_seqlen/minmax_diff:7 - global_seqlen/balanced_min:3488 - global_seqlen/balanced_max:3495 - global_seqlen/mean:3491.25 - self_distillation/teacher_always_on_fraction:1.0 - self_distillation/teacher_image_swap_fraction:1.0 - self_distillation/policy_fallback_fraction:0.0 - self_distillation/grpo_fallback_count:0.0 - rollout_corr/rollout_is_mean:1.0 - rollout_corr/rollout_is_ratio_fraction_high:0.0 - rollout_corr/rollout_is_ratio_fraction_low:0.0 - rollout_corr/rollout_is_max:1.0 - rollout_corr/rollout_is_min:1.0 - rollout_corr/rollout_is_std:0.0 - rollout_corr/rollout_is_eff_sample_size:1.0 - rollout_corr/rollout_is_seq_mean:1.0 - rollout_corr/rollout_is_seq_std:0.0 - rollout_corr/rollout_is_seq_max:1.0 - rollout_corr/rollout_is_seq_min:1.0 - rollout_corr/rollout_is_seq_max_deviation:0.0 - rollout_corr/rollout_is_seq_fraction_high:0.0 - rollout_corr/rollout_is_seq_fraction_low:0.0 - rollout_corr/training_ppl:1.5794444978237152 - rollout_corr/training_log_ppl:0.45599063485860825 - rollout_corr/kl:0.00038651228533126414 - rollout_corr/k3_kl:0.0007319002179428935 - rollout_corr/rollout_ppl:1.579111933708191 - rollout_corr/rollout_log_ppl:0.4556041285395622 - rollout_corr/log_ppl_diff:0.0003865063190460205 - rollout_corr/log_ppl_abs_diff:0.004446804523468018 - rollout_corr/log_ppl_diff_max:0.006969660520553589 - rollout_corr/log_ppl_diff_min:-0.007941365242004395 - rollout_corr/ppl_ratio:1.0004014074802399 - rollout_corr/chi2_token:0.002103373408317566 - rollout_corr/chi2_seq:1.3382776081562042 - actor/pg_loss:0.04385544592514634 - actor/kl_loss:0.0 - actor/grpo_loss:0.0 - actor/vopd_loss:0.04385544592514634 - actor/vopd_loss_weighted:0.04385544592514634 - actor/policy_fallback_fraction:0.0 - self_distillation/raw_jsd_token_mean:0.04385544592514634 - self_distillation/weighted_jsd_token_mean:0.04385544592514634 - self_distillation/self_distillation_mask.mean():1.0 - self_distillation/num_distill_tokens:128.0 - self_distillation/empty_target_batch:0.0 - actor/grad_norm:2.688302516937256 - timing_s/update_actor/student_forward:0.9431441389024258 - timing_s/update_actor/teacher_forward:0.4228251287713647 - timing_s/update_actor/loss_compute:0.0007817614823579788 - timing_s/update_actor/backward:1.2786235474050045 - timing_s/update_actor/optimizer_step:0.008777824230492115 - timing_s/update_actor/teacher_ema_update:3.1244622841477394 - perf/mfu/actor:0.030387939217052518 - perf/max_memory_allocated_gb:90.26893424987793 - perf/max_memory_reserved_gb:102.515625 - perf/cpu_memory_used_gb:237.00224208831787 - actor/lr:2e-06 - training/global_step:11 - training/epoch:0 - response_length/mean:128.0 - response_length/max:128.0 - response_length/min:128.0 - response_length/clip_ratio:1.0 - response_length_non_aborted/mean:128.0 - response_length_non_aborted/max:128.0 - response_length_non_aborted/min:128.0 - response_length_non_aborted/clip_ratio:1.0 - response/aborted_ratio:0.0 - prompt_length/mean:3363.25 - prompt_length/max:3367.0 - prompt_length/min:3360.0 - prompt_length/clip_ratio:0.0 - num_turns/min:2 - num_turns/max:2 - num_turns/mean:2.0 - timing_s/start_profile:2.740509808063507e-05 - timing_s/agent_loop/generate_sequences/min:1.3501408491283655 - timing_s/agent_loop/generate_sequences/max:1.6119486102834344 - timing_s/agent_loop/generate_sequences/mean:1.5199780235998333 - timing_s/agent_loop/tool_calls/min:0.0 - timing_s/agent_loop/tool_calls/max:0.0 - timing_s/agent_loop/tool_calls/mean:0.0 - timing_s/agent_loop/slowest/generate_sequences:1.6119486102834344 - timing_s/agent_loop/slowest/tool_calls:0.0 - timing_s/agent_loop/slowest/prompt_length:3367 - timing_s/agent_loop/slowest/response_length:128 - timing_s/gen:7.180857015773654 - timing_s/adv:0.03158868942409754 - timing_s/update_actor:6.027649860829115 - timing_s/dump_rollout_generations:0.004202347248792648 - timing_s/step:13.249894079752266 - timing_s/stop_profile:2.8859823942184448e-05 - timing_per_token_ms/gen:14.025111358932918 - timing_per_token_ms/update_actor:0.4316254823364923 - timing_per_token_ms/adv:0.002261989933698356 - perf/total_num_tokens:13965 - perf/time_per_step:13.249894079752266 - perf/throughput:263.49267239314236
[36m(TaskRunner pid=959248)[0m Training Progress:   1%|          | 11/1560 [02:43<5:47:09, 13.45s/it]
[36m(TaskRunner pid=959248)[0m Dumped generations to /inspire/hdd/global_user/mengweicheng-240108120092/lzy/projects/Dual-Track-OPD/baselines/vision_opd/logs/smoke_4xh200/rollouts/12.jsonl
[36m(TaskRunner pid=959248)[0m step:12 - global_seqlen/min:3491 - global_seqlen/max:3498 - global_seqlen/minmax_diff:7 - global_seqlen/balanced_min:3491 - global_seqlen/balanced_max:3498 - global_seqlen/mean:3495.0 - self_distillation/teacher_always_on_fraction:1.0 - self_distillation/teacher_image_swap_fraction:1.0 - self_distillation/policy_fallback_fraction:0.0 - self_distillation/grpo_fallback_count:0.0 - rollout_corr/rollout_is_mean:1.0 - rollout_corr/rollout_is_ratio_fraction_high:0.0 - rollout_corr/rollout_is_ratio_fraction_low:0.0 - rollout_corr/rollout_is_max:1.0 - rollout_corr/rollout_is_min:1.0 - rollout_corr/rollout_is_std:0.0 - rollout_corr/rollout_is_eff_sample_size:1.0 - rollout_corr/rollout_is_seq_mean:1.0 - rollout_corr/rollout_is_seq_std:0.0 - rollout_corr/rollout_is_seq_max:1.0 - rollout_corr/rollout_is_seq_min:1.0 - rollout_corr/rollout_is_seq_max_deviation:0.0 - rollout_corr/rollout_is_seq_fraction_high:0.0 - rollout_corr/rollout_is_seq_fraction_low:0.0 - rollout_corr/training_ppl:1.7699960768222809 - rollout_corr/training_log_ppl:0.5656336545944214 - rollout_corr/kl:-0.0007714560197200626 - rollout_corr/k3_kl:0.0007855056319385767 - rollout_corr/rollout_ppl:1.7714218199253082 - rollout_corr/rollout_log_ppl:0.5664051175117493 - rollout_corr/log_ppl_diff:-0.0007714629173278809 - rollout_corr/log_ppl_abs_diff:0.0015869438648223877 - rollout_corr/log_ppl_diff_max:0.0008547306060791016 - rollout_corr/log_ppl_diff_min:-0.002650320529937744 - rollout_corr/ppl_ratio:0.9992301166057587 - rollout_corr/chi2_token:0.004745215177536011 - rollout_corr/chi2_seq:0.3228529393672943 - actor/pg_loss:0.028991419356316328 - actor/kl_loss:0.0 - actor/grpo_loss:0.0 - actor/vopd_loss:0.028991419356316328 - actor/vopd_loss_weighted:0.028991419356316328 - actor/policy_fallback_fraction:0.0 - self_distillation/raw_jsd_token_mean:0.028991419356316328 - self_distillation/weighted_jsd_token_mean:0.028991419356316328 - self_distillation/self_distillation_mask.mean():1.0 - self_distillation/num_distill_tokens:128.0 - self_distillation/empty_target_batch:0.0 - actor/grad_norm:3.159651279449463 - timing_s/update_actor/student_forward:0.5042373575270176 - timing_s/update_actor/teacher_forward:0.280450620688498 - timing_s/update_actor/loss_compute:0.0007973136380314827 - timing_s/update_actor/backward:0.8930324912071228 - timing_s/update_actor/optimizer_step:0.008785082027316093 - timing_s/update_actor/teacher_ema_update:3.1123781856149435 - perf/mfu/actor:0.035839698784364445 - perf/max_memory_allocated_gb:90.26893424987793 - perf/max_memory_reserved_gb:102.515625 - perf/cpu_memory_used_gb:237.16761112213135 - actor/lr:2e-06 - training/global_step:12 - training/epoch:0 - response_length/mean:128.0 - response_length/max:128.0 - response_length/min:128.0 - response_length/clip_ratio:1.0 - response_length_non_aborted/mean:128.0 - response_length_non_aborted/max:128.0 - response_length_non_aborted/min:128.0 - response_length_non_aborted/clip_ratio:1.0 - response/aborted_ratio:0.0 - prompt_length/mean:3367.0 - prompt_length/max:3370.0 - prompt_length/min:3363.0 - prompt_length/clip_ratio:0.0 - num_turns/min:2 - num_turns/max:2 - num_turns/mean:2.0 - timing_s/start_profile:4.0221959352493286e-05 - timing_s/agent_loop/generate_sequences/min:1.3380523612722754 - timing_s/agent_loop/generate_sequences/max:1.3617670936509967 - timing_s/agent_loop/generate_sequences/mean:1.3454506902489811 - timing_s/agent_loop/tool_calls/min:0.0 - timing_s/agent_loop/tool_calls/max:0.0 - timing_s/agent_loop/tool_calls/mean:0.0 - timing_s/agent_loop/slowest/generate_sequences:1.3617670936509967 - timing_s/agent_loop/slowest/tool_calls:0.0 - timing_s/agent_loop/slowest/prompt_length:3370 - timing_s/agent_loop/slowest/response_length:128 - timing_s/gen:8.165363849140704 - timing_s/adv:0.16594041045755148 - timing_s/update_actor:5.255542503669858 - timing_s/dump_rollout_generations:0.004255637526512146 - timing_s/step:13.597214791923761 - timing_s/stop_profile:3.8363970816135406e-05 - timing_per_token_ms/gen:15.947976267852937 - timing_per_token_ms/update_actor:0.37593294017667084 - timing_per_token_ms/adv:0.01186984338036849 - perf/total_num_tokens:13980 - perf/time_per_step:13.597214791923761 - perf/throughput:257.03793412720813
[36m(TaskRunner pid=959248)[0m Training Progress:   1%|          | 12/1560 [02:57<5:48:13, 13.50s/it]
[36m(TaskRunner pid=959248)[0m Dumped generations to /inspire/hdd/global_user/mengweicheng-240108120092/lzy/projects/Dual-Track-OPD/baselines/vision_opd/logs/smoke_4xh200/rollouts/13.jsonl
[36m(TaskRunner pid=959248)[0m step:13 - global_seqlen/min:2971 - global_seqlen/max:4110 - global_seqlen/minmax_diff:1139 - global_seqlen/balanced_min:2971 - global_seqlen/balanced_max:4110 - global_seqlen/mean:3538.5 - self_distillation/teacher_always_on_fraction:1.0 - self_distillation/teacher_image_swap_fraction:1.0 - self_distillation/policy_fallback_fraction:0.0 - self_distillation/grpo_fallback_count:0.0 - rollout_corr/rollout_is_mean:1.0 - rollout_corr/rollout_is_ratio_fraction_high:0.0 - rollout_corr/rollout_is_ratio_fraction_low:0.0 - rollout_corr/rollout_is_max:1.0 - rollout_corr/rollout_is_min:1.0 - rollout_corr/rollout_is_std:0.0 - rollout_corr/rollout_is_eff_sample_size:1.0 - rollout_corr/rollout_is_seq_mean:1.0 - rollout_corr/rollout_is_seq_std:0.0 - rollout_corr/rollout_is_seq_max:1.0 - rollout_corr/rollout_is_seq_min:1.0 - rollout_corr/rollout_is_seq_max_deviation:0.0 - rollout_corr/rollout_is_seq_fraction_high:0.0 - rollout_corr/rollout_is_seq_fraction_low:0.0 - rollout_corr/training_ppl:2.1528231501579285 - rollout_corr/training_log_ppl:0.7655850350856781 - rollout_corr/kl:-0.0006672824383713305 - rollout_corr/k3_kl:0.0016990139847621322 - rollout_corr/rollout_ppl:2.154339373111725 - rollout_corr/rollout_log_ppl:0.7662522941827774 - rollout_corr/log_ppl_diff:-0.0006672590970993042 - rollout_corr/log_ppl_abs_diff:0.004491850733757019 - rollout_corr/log_ppl_diff_max:0.007207632064819336 - rollout_corr/log_ppl_diff_min:-0.006936490535736084 - rollout_corr/ppl_ratio:0.9993467181921005 - rollout_corr/chi2_token:0.008429169654846191 - rollout_corr/chi2_seq:1.3331151008605957 - actor/pg_loss:0.033991944044828415 - actor/kl_loss:0.0 - actor/grpo_loss:0.0 - actor/vopd_loss:0.033991944044828415 - actor/vopd_loss_weighted:0.033991944044828415 - actor/policy_fallback_fraction:0.0 - self_distillation/raw_jsd_token_mean:0.033991944044828415 - self_distillation/weighted_jsd_token_mean:0.033991944044828415 - self_distillation/self_distillation_mask.mean():1.0 - self_distillation/num_distill_tokens:128.0 - self_distillation/empty_target_batch:0.0 - actor/grad_norm:3.5307364463806152 - timing_s/update_actor/student_forward:0.9844204103574157 - timing_s/update_actor/teacher_forward:0.4694359665736556 - timing_s/update_actor/loss_compute:0.0008773831650614738 - timing_s/update_actor/backward:1.3440457545220852 - timing_s/update_actor/optimizer_step:0.009194283746182919 - timing_s/update_actor/teacher_ema_update:3.0050709061324596 - perf/mfu/actor:0.03039024086067071 - perf/max_memory_allocated_gb:92.46459245681763 - perf/max_memory_reserved_gb:104.59765625 - perf/cpu_memory_used_gb:237.52383041381836 - actor/lr:2e-06 - training/global_step:13 - training/epoch:0 - response_length/mean:128.0 - response_length/max:128.0 - response_length/min:128.0 - response_length/clip_ratio:1.0 - response_length_non_aborted/mean:128.0 - response_length_non_aborted/max:128.0 - response_length_non_aborted/min:128.0 - response_length_non_aborted/clip_ratio:1.0 - response/aborted_ratio:0.0 - prompt_length/mean:3410.5 - prompt_length/max:3982.0 - prompt_length/min:2843.0 - prompt_length/clip_ratio:0.0 - num_turns/min:2 - num_turns/max:2 - num_turns/mean:2.0 - timing_s/start_profile:3.4446828067302704e-05 - timing_s/agent_loop/generate_sequences/min:1.1942700603976846 - timing_s/agent_loop/generate_sequences/max:1.5580471456050873 - timing_s/agent_loop/generate_sequences/mean:1.4211477926000953 - timing_s/agent_loop/tool_calls/min:0.0 - timing_s/agent_loop/tool_calls/max:0.0 - timing_s/agent_loop/tool_calls/mean:0.0 - timing_s/agent_loop/slowest/generate_sequences:1.5580471456050873 - timing_s/agent_loop/slowest/tool_calls:0.0 - timing_s/agent_loop/slowest/prompt_length:3455 - timing_s/agent_loop/slowest/response_length:128 - timing_s/gen:7.151944752782583 - timing_s/adv:0.2813753616064787 - timing_s/update_actor:6.298807812854648 - timing_s/dump_rollout_generations:0.004437596537172794 - timing_s/step:13.742523497901857 - timing_s/stop_profile:3.289896994829178e-05 - timing_per_token_ms/gen:13.968642095278483 - timing_per_token_ms/update_actor:0.44501962786877547 - timing_per_token_ms/adv:0.019879564900839246 - perf/total_num_tokens:14154 - perf/time_per_step:13.742523497901857 - perf/throughput:257.4854611338479
[36m(TaskRunner pid=959248)[0m Training Progress:   1%|          | 13/1560 [03:11<5:50:01, 13.58s/it]
[36m(TaskRunner pid=959248)[0m Dumped generations to /inspire/hdd/global_user/mengweicheng-240108120092/lzy/projects/Dual-Track-OPD/baselines/vision_opd/logs/smoke_4xh200/rollouts/14.jsonl
[36m(TaskRunner pid=959248)[0m step:14 - global_seqlen/min:3491 - global_seqlen/max:3583 - global_seqlen/minmax_diff:92 - global_seqlen/balanced_min:3491 - global_seqlen/balanced_max:3583 - global_seqlen/mean:3515.5 - self_distillation/teacher_always_on_fraction:1.0 - self_distillation/teacher_image_swap_fraction:1.0 - self_distillation/policy_fallback_fraction:0.0 - self_distillation/grpo_fallback_count:0.0 - rollout_corr/rollout_is_mean:1.0 - rollout_corr/rollout_is_ratio_fraction_high:0.0 - rollout_corr/rollout_is_ratio_fraction_low:0.0 - rollout_corr/rollout_is_max:1.0 - rollout_corr/rollout_is_min:1.0 - rollout_corr/rollout_is_std:0.0 - rollout_corr/rollout_is_eff_sample_size:1.0 - rollout_corr/rollout_is_seq_mean:1.0 - rollout_corr/rollout_is_seq_std:0.0 - rollout_corr/rollout_is_seq_max:1.0 - rollout_corr/rollout_is_seq_min:1.0 - rollout_corr/rollout_is_seq_max_deviation:0.0 - rollout_corr/rollout_is_seq_fraction_high:0.0 - rollout_corr/rollout_is_seq_fraction_low:0.0 - rollout_corr/training_ppl:1.8258394300937653 - rollout_corr/training_log_ppl:0.5962033122777939 - rollout_corr/kl:-0.0006172838329803199 - rollout_corr/k3_kl:0.000511609367094934 - rollout_corr/rollout_ppl:1.8270836770534515 - rollout_corr/rollout_log_ppl:0.5968206152319908 - rollout_corr/log_ppl_diff:-0.0006173029541969299 - rollout_corr/log_ppl_abs_diff:0.0017294064164161682 - rollout_corr/log_ppl_diff_max:0.0018122196197509766 - rollout_corr/log_ppl_diff_min:-0.003698110580444336 - rollout_corr/ppl_ratio:0.9993849396705627 - rollout_corr/chi2_token:0.003317221999168396 - rollout_corr/chi2_seq:0.34902916848659515 - actor/pg_loss:0.028904650709591806 - actor/kl_loss:0.0 - actor/grpo_loss:0.0 - actor/vopd_loss:0.028904650709591806 - actor/vopd_loss_weighted:0.028904650709591806 - actor/policy_fallback_fraction:0.0 - self_distillation/raw_jsd_token_mean:0.028904650709591806 - self_distillation/weighted_jsd_token_mean:0.028904650709591806 - self_distillation/self_distillation_mask.mean():1.0 - self_distillation/num_distill_tokens:128.0 - self_distillation/empty_target_batch:0.0 - actor/grad_norm:3.9131433963775635 - timing_s/update_actor/student_forward:0.6569290338084102 - timing_s/update_actor/teacher_forward:0.29682216979563236 - timing_s/update_actor/loss_compute:0.0009312238544225693 - timing_s/update_actor/backward:1.2331643914803863 - timing_s/update_actor/optimizer_step:0.009499108418822289 - timing_s/update_actor/teacher_ema_update:3.1284954883158207 - perf/mfu/actor:0.03256867753995993 - perf/max_memory_allocated_gb:92.46459245681763 - perf/max_memory_reserved_gb:104.59765625 - perf/cpu_memory_used_gb:237.57497692108154 - actor/lr:2e-06 - training/global_step:14 - training/epoch:0 - response_length/mean:128.0 - response_length/max:128.0 - response_length/min:128.0 - response_length/clip_ratio:1.0 - response_length_non_aborted/mean:128.0 - response_length_non_aborted/max:128.0 - response_length_non_aborted/min:128.0 - response_length_non_aborted/clip_ratio:1.0 - response/aborted_ratio:0.0 - prompt_length/mean:3387.5 - prompt_length/max:3455.0 - prompt_length/min:3363.0 - prompt_length/clip_ratio:0.0 - num_turns/min:2 - num_turns/max:2 - num_turns/mean:2.0 - timing_s/start_profile:2.8508715331554413e-05 - timing_s/agent_loop/generate_sequences/min:1.3111623115837574 - timing_s/agent_loop/generate_sequences/max:1.5765245947986841 - timing_s/agent_loop/generate_sequences/mean:1.4490652529057115 - timing_s/agent_loop/tool_calls/min:0.0 - timing_s/agent_loop/tool_calls/max:0.0 - timing_s/agent_loop/tool_calls/mean:0.0 - timing_s/agent_loop/slowest/generate_sequences:1.5765245947986841 - timing_s/agent_loop/slowest/tool_calls:0.0 - timing_s/agent_loop/slowest/prompt_length:3368 - timing_s/agent_loop/slowest/response_length:128 - timing_s/gen:7.922364687547088 - timing_s/adv:0.2094298703595996 - timing_s/update_actor:5.818713412620127 - timing_s/dump_rollout_generations:0.004437175579369068 - timing_s/step:13.961327963508666 - timing_s/stop_profile:3.75574454665184e-05 - timing_per_token_ms/gen:15.473368530365406 - timing_per_token_ms/update_actor:0.4137898885379126 - timing_per_token_ms/adv:0.014893320321405177 - perf/total_num_tokens:14062 - perf/time_per_step:13.961327963508666 - perf/throughput:251.80269449930668
[36m(TaskRunner pid=959248)[0m Training Progress:   1%|          | 14/1560 [03:25<5:52:55, 13.70s/it]
[36m(TaskRunner pid=959248)[0m Dumped generations to /inspire/hdd/global_user/mengweicheng-240108120092/lzy/projects/Dual-Track-OPD/baselines/vision_opd/logs/smoke_4xh200/rollouts/15.jsonl
[36m(TaskRunner pid=959248)[0m step:15 - global_seqlen/min:3488 - global_seqlen/max:3542 - global_seqlen/minmax_diff:54 - global_seqlen/balanced_min:3488 - global_seqlen/balanced_max:3542 - global_seqlen/mean:3515.25 - self_distillation/teacher_always_on_fraction:1.0 - self_distillation/teacher_image_swap_fraction:1.0 - self_distillation/policy_fallback_fraction:0.0 - self_distillation/grpo_fallback_count:0.0 - rollout_corr/rollout_is_mean:1.0 - rollout_corr/rollout_is_ratio_fraction_high:0.0 - rollout_corr/rollout_is_ratio_fraction_low:0.0 - rollout_corr/rollout_is_max:1.0 - rollout_corr/rollout_is_min:1.0 - rollout_corr/rollout_is_std:0.0 - rollout_corr/rollout_is_eff_sample_size:1.0 - rollout_corr/rollout_is_seq_mean:1.0 - rollout_corr/rollout_is_seq_std:0.0 - rollout_corr/rollout_is_seq_max:1.0 - rollout_corr/rollout_is_seq_min:1.0 - rollout_corr/rollout_is_seq_max_deviation:0.0 - rollout_corr/rollout_is_seq_fraction_high:0.0 - rollout_corr/rollout_is_seq_fraction_low:0.0 - rollout_corr/training_ppl:1.9313430190086365 - rollout_corr/training_log_ppl:0.6520480215549469 - rollout_corr/kl:0.0014032325707376003 - rollout_corr/k3_kl:0.0007811513496562839 - rollout_corr/rollout_ppl:1.9292537569999695 - rollout_corr/rollout_log_ppl:0.6506447643041611 - rollout_corr/log_ppl_diff:0.0014032572507858276 - rollout_corr/log_ppl_abs_diff:0.0027964264154434204 - rollout_corr/log_ppl_diff_max:0.005566537380218506 - rollout_corr/log_ppl_diff_min:-0.0027863383293151855 - rollout_corr/ppl_ratio:1.0014086365699768 - rollout_corr/chi2_token:0.00038114190101623535 - rollout_corr/chi2_seq:-0.08125598728656769 - actor/pg_loss:0.03033960796892643 - actor/kl_loss:0.0 - actor/grpo_loss:0.0 - actor/vopd_loss:0.03033960796892643 - actor/vopd_loss_weighted:0.03033960796892643 - actor/policy_fallback_fraction:0.0 - self_distillation/raw_jsd_token_mean:0.03033960796892643 - self_distillation/weighted_jsd_token_mean:0.03033960796892643 - self_distillation/self_distillation_mask.mean():1.0 - self_distillation/num_distill_tokens:128.0 - self_distillation/empty_target_batch:0.0 - actor/grad_norm:2.906073570251465 - timing_s/update_actor/student_forward:0.5278116883710027 - timing_s/update_actor/teacher_forward:0.24994620494544506 - timing_s/update_actor/loss_compute:0.0007897568866610527 - timing_s/update_actor/backward:1.1075797658413649 - timing_s/update_actor/optimizer_step:0.00875280424952507 - timing_s/update_actor/teacher_ema_update:3.0415387079119682 - perf/mfu/actor:0.034810038725847994 - perf/max_memory_allocated_gb:92.46459245681763 - perf/max_memory_reserved_gb:104.59765625 - perf/cpu_memory_used_gb:237.67206478118896 - actor/lr:2e-06 - training/global_step:15 - training/epoch:0 - response_length/mean:128.0 - response_length/max:128.0 - response_length/min:128.0 - response_length/clip_ratio:1.0 - response_length_non_aborted/mean:128.0 - response_length_non_aborted/max:128.0 - response_length_non_aborted/min:128.0 - response_length_non_aborted/clip_ratio:1.0 - response/aborted_ratio:0.0 - prompt_length/mean:3387.25 - prompt_length/max:3414.0 - prompt_length/min:3360.0 - prompt_length/clip_ratio:0.0 - num_turns/min:2 - num_turns/max:2 - num_turns/mean:2.0 - timing_s/start_profile:4.173442721366882e-05 - timing_s/agent_loop/generate_sequences/min:1.3117750445380807 - timing_s/agent_loop/generate_sequences/max:1.5981566328555346 - timing_s/agent_loop/generate_sequences/mean:1.461009068414569 - timing_s/agent_loop/tool_calls/min:0.0 - timing_s/agent_loop/tool_calls/max:0.0 - timing_s/agent_loop/tool_calls/mean:0.0 - timing_s/agent_loop/slowest/generate_sequences:1.5981566328555346 - timing_s/agent_loop/slowest/tool_calls:0.0 - timing_s/agent_loop/slowest/prompt_length:3360 - timing_s/agent_loop/slowest/response_length:128 - timing_s/gen:7.00255661085248 - timing_s/adv:0.11545211728662252 - timing_s/update_actor:5.380264881066978 - timing_s/dump_rollout_generations:0.004035624675452709 - timing_s/step:12.508543121628463 - timing_s/stop_profile:2.7650967240333557e-05 - timing_per_token_ms/gen:13.67686838057125 - timing_per_token_ms/update_actor:0.3826374284237947 - timing_per_token_ms/adv:0.008210804159492392 - perf/total_num_tokens:14061 - perf/time_per_step:12.508543121628463 - perf/throughput:281.0279315359914
[36m(TaskRunner pid=959248)[0m Training Progress:   1%|          | 15/1560 [03:37<5:43:35, 13.34s/it]
[36m(TaskRunner pid=959248)[0m Dumped generations to /inspire/hdd/global_user/mengweicheng-240108120092/lzy/projects/Dual-Track-OPD/baselines/vision_opd/logs/smoke_4xh200/rollouts/16.jsonl
[36m(TaskRunner pid=959248)[0m step:16 - global_seqlen/min:2976 - global_seqlen/max:3495 - global_seqlen/minmax_diff:519 - global_seqlen/balanced_min:2976 - global_seqlen/balanced_max:3495 - global_seqlen/mean:3363.75 - self_distillation/teacher_always_on_fraction:1.0 - self_distillation/teacher_image_swap_fraction:1.0 - self_distillation/policy_fallback_fraction:0.0 - self_distillation/grpo_fallback_count:0.0 - rollout_corr/rollout_is_mean:1.0 - rollout_corr/rollout_is_ratio_fraction_high:0.0 - rollout_corr/rollout_is_ratio_fraction_low:0.0 - rollout_corr/rollout_is_max:1.0 - rollout_corr/rollout_is_min:1.0 - rollout_corr/rollout_is_std:0.0 - rollout_corr/rollout_is_eff_sample_size:1.0 - rollout_corr/rollout_is_seq_mean:1.0 - rollout_corr/rollout_is_seq_std:0.0 - rollout_corr/rollout_is_seq_max:1.0 - rollout_corr/rollout_is_seq_min:1.0 - rollout_corr/rollout_is_seq_max_deviation:0.0 - rollout_corr/rollout_is_seq_fraction_high:0.0 - rollout_corr/rollout_is_seq_fraction_low:0.0 - rollout_corr/training_ppl:1.8603020012378693 - rollout_corr/training_log_ppl:0.6164553612470627 - rollout_corr/kl:-0.001637390349060297 - rollout_corr/k3_kl:0.0007996509084478021 - rollout_corr/rollout_ppl:1.863167256116867 - rollout_corr/rollout_log_ppl:0.618092730641365 - rollout_corr/log_ppl_diff:-0.0016373693943023682 - rollout_corr/log_ppl_abs_diff:0.0018946528434753418 - rollout_corr/log_ppl_diff_max:0.0005145668983459473 - rollout_corr/log_ppl_diff_min:-0.004266083240509033 - rollout_corr/ppl_ratio:0.9983654767274857 - rollout_corr/chi2_token:0.0065513551235198975 - rollout_corr/chi2_seq:0.6816436201334 - actor/pg_loss:0.02130401087924838 - actor/kl_loss:0.0 - actor/grpo_loss:0.0 - actor/vopd_loss:0.02130401087924838 - actor/vopd_loss_weighted:0.02130401087924838 - actor/policy_fallback_fraction:0.0 - self_distillation/raw_jsd_token_mean:0.02130401087924838 - self_distillation/weighted_jsd_token_mean:0.02130401087924838 - self_distillation/self_distillation_mask.mean():1.0 - self_distillation/num_distill_tokens:128.0 - self_distillation/empty_target_batch:0.0 - actor/grad_norm:1.8697903156280518 - timing_s/update_actor/student_forward:0.8113308427855372 - timing_s/update_actor/teacher_forward:0.37277875281870365 - timing_s/update_actor/loss_compute:0.0009241737425327301 - timing_s/update_actor/backward:1.1098687434569001 - timing_s/update_actor/optimizer_step:0.00853930413722992 - timing_s/update_actor/teacher_ema_update:3.01545990165323 - perf/mfu/actor:0.030605564657360283 - perf/max_memory_allocated_gb:92.46459245681763 - perf/max_memory_reserved_gb:104.59765625 - perf/cpu_memory_used_gb:237.84276485443115 - actor/lr:2e-06 - training/global_step:16 - training/epoch:0 - response_length/mean:128.0 - response_length/max:128.0 - response_length/min:128.0 - response_length/clip_ratio:1.0 - response_length_non_aborted/mean:128.0 - response_length_non_aborted/max:128.0 - response_length_non_aborted/min:128.0 - response_length_non_aborted/clip_ratio:1.0 - response/aborted_ratio:0.0 - prompt_length/mean:3235.75 - prompt_length/max:3367.0 - prompt_length/min:2848.0 - prompt_length/clip_ratio:0.0 - num_turns/min:2 - num_turns/max:2 - num_turns/mean:2.0 - timing_s/start_profile:2.8944574296474457e-05 - timing_s/agent_loop/generate_sequences/min:1.2535147676244378 - timing_s/agent_loop/generate_sequences/max:1.4476995253935456 - timing_s/agent_loop/generate_sequences/mean:1.3520061122253537 - timing_s/agent_loop/tool_calls/min:0.0 - timing_s/agent_loop/tool_calls/max:0.0 - timing_s/agent_loop/tool_calls/mean:0.0 - timing_s/agent_loop/slowest/generate_sequences:1.4476995253935456 - timing_s/agent_loop/slowest/tool_calls:0.0 - timing_s/agent_loop/slowest/prompt_length:3367 - timing_s/agent_loop/slowest/response_length:128 - timing_s/gen:7.786205533891916 - timing_s/adv:0.18363002594560385 - timing_s/update_actor:5.8015047032386065 - timing_s/dump_rollout_generations:0.004294205456972122 - timing_s/step:13.784097561612725 - timing_s/stop_profile:2.9486604034900665e-05 - timing_per_token_ms/gen:15.207432683382649 - timing_per_token_ms/update_actor:0.43117835029644047 - timing_per_token_ms/adv:0.013647716532560672 - perf/total_num_tokens:13455 - perf/time_per_step:13.784097561612725 - perf/throughput:244.03120951259754
[36m(TaskRunner pid=959248)[0m Training Progress:   1%|          | 16/1560 [03:51<5:46:53, 13.48s/it]
[36m(TaskRunner pid=959248)[0m Dumped generations to /inspire/hdd/global_user/mengweicheng-240108120092/lzy/projects/Dual-Track-OPD/baselines/vision_opd/logs/smoke_4xh200/rollouts/17.jsonl
[36m(TaskRunner pid=959248)[0m step:17 - global_seqlen/min:3490 - global_seqlen/max:3543 - global_seqlen/minmax_diff:53 - global_seqlen/balanced_min:3490 - global_seqlen/balanced_max:3543 - global_seqlen/mean:3505.25 - self_distillation/teacher_always_on_fraction:1.0 - self_distillation/teacher_image_swap_fraction:1.0 - self_distillation/policy_fallback_fraction:0.0 - self_distillation/grpo_fallback_count:0.0 - rollout_corr/rollout_is_mean:1.0 - rollout_corr/rollout_is_ratio_fraction_high:0.0 - rollout_corr/rollout_is_ratio_fraction_low:0.0 - rollout_corr/rollout_is_max:1.0 - rollout_corr/rollout_is_min:1.0 - rollout_corr/rollout_is_std:0.0 - rollout_corr/rollout_is_eff_sample_size:1.0 - rollout_corr/rollout_is_seq_mean:1.0 - rollout_corr/rollout_is_seq_std:0.0 - rollout_corr/rollout_is_seq_max:1.0 - rollout_corr/rollout_is_seq_min:1.0 - rollout_corr/rollout_is_seq_max_deviation:0.0 - rollout_corr/rollout_is_seq_fraction_high:0.0 - rollout_corr/rollout_is_seq_fraction_low:0.0 - rollout_corr/training_ppl:1.8116998374462128 - rollout_corr/training_log_ppl:0.5719130337238312 - rollout_corr/kl:0.003619232535129413 - rollout_corr/k3_kl:0.0010320849251002073 - rollout_corr/rollout_ppl:1.8050399720668793 - rollout_corr/rollout_log_ppl:0.5682938322424889 - rollout_corr/log_ppl_diff:0.0036192014813423157 - rollout_corr/log_ppl_abs_diff:0.0036192014813423157 - rollout_corr/log_ppl_diff_max:0.0067920684814453125 - rollout_corr/log_ppl_diff_min:0.001420348882675171 - rollout_corr/ppl_ratio:1.0036279559135437 - rollout_corr/chi2_token:-0.0031450390815734863 - rollout_corr/chi2_seq:-0.5503904521465302 - actor/pg_loss:0.04503471916541457 - actor/kl_loss:0.0 - actor/grpo_loss:0.0 - actor/vopd_loss:0.04503471916541457 - actor/vopd_loss_weighted:0.04503471916541457 - actor/policy_fallback_fraction:0.0 - self_distillation/raw_jsd_token_mean:0.04503471916541457 - self_distillation/weighted_jsd_token_mean:0.04503471916541457 - self_distillation/self_distillation_mask.mean():1.0 - self_distillation/num_distill_tokens:128.0 - self_distillation/empty_target_batch:0.0 - actor/grad_norm:2.728964328765869 - timing_s/update_actor/student_forward:0.5349976299330592 - timing_s/update_actor/teacher_forward:0.28910731989890337 - timing_s/update_actor/loss_compute:0.0008755531162023544 - timing_s/update_actor/backward:0.9012698354199529 - timing_s/update_actor/optimizer_step:0.008428210392594337 - timing_s/update_actor/teacher_ema_update:2.996858541853726 - perf/mfu/actor:0.03629747716569422 - perf/max_memory_allocated_gb:92.46459245681763 - perf/max_memory_reserved_gb:104.59765625 - perf/cpu_memory_used_gb:237.96777629852295 - actor/lr:2e-06 - training/global_step:17 - training/epoch:0 - response_length/mean:128.0 - response_length/max:128.0 - response_length/min:128.0 - response_length/clip_ratio:1.0 - response_length_non_aborted/mean:128.0 - response_length_non_aborted/max:128.0 - response_length_non_aborted/min:128.0 - response_length_non_aborted/clip_ratio:1.0 - response/aborted_ratio:0.0 - prompt_length/mean:3377.25 - prompt_length/max:3415.0 - prompt_length/min:3362.0 - prompt_length/clip_ratio:0.0 - num_turns/min:2 - num_turns/max:2 - num_turns/mean:2.0 - timing_s/start_profile:2.9237940907478333e-05 - timing_s/agent_loop/generate_sequences/min:1.3262291373685002 - timing_s/agent_loop/generate_sequences/max:1.5555110462009907 - timing_s/agent_loop/generate_sequences/mean:1.4516741698607802 - timing_s/agent_loop/tool_calls/min:0.0 - timing_s/agent_loop/tool_calls/max:0.0 - timing_s/agent_loop/tool_calls/mean:0.0 - timing_s/agent_loop/slowest/generate_sequences:1.5555110462009907 - timing_s/agent_loop/slowest/tool_calls:0.0 - timing_s/agent_loop/slowest/prompt_length:3367 - timing_s/agent_loop/slowest/response_length:128 - timing_s/gen:7.149562665261328 - timing_s/adv:0.23194399941712618 - timing_s/update_actor:5.207002107985318 - timing_s/dump_rollout_generations:0.0035844119265675545 - timing_s/step:12.597695032134652 - timing_s/stop_profile:3.8251280784606934e-05 - timing_per_token_ms/gen:13.963989580588532 - timing_per_token_ms/update_actor:0.37137166450219794 - timing_per_token_ms/adv:0.016542614607882904 - perf/total_num_tokens:14021 - perf/time_per_step:12.597695032134652 - perf/throughput:278.24534496657384
[36m(TaskRunner pid=959248)[0m Training Progress:   1%|          | 17/1560 [04:03<5:39:56, 13.22s/it]
[36m(TaskRunner pid=959248)[0m Dumped generations to /inspire/hdd/global_user/mengweicheng-240108120092/lzy/projects/Dual-Track-OPD/baselines/vision_opd/logs/smoke_4xh200/rollouts/18.jsonl
[36m(TaskRunner pid=959248)[0m step:18 - global_seqlen/min:3487 - global_seqlen/max:3629 - global_seqlen/minmax_diff:142 - global_seqlen/balanced_min:3487 - global_seqlen/balanced_max:3629 - global_seqlen/mean:3523.75 - self_distillation/teacher_always_on_fraction:1.0 - self_distillation/teacher_image_swap_fraction:1.0 - self_distillation/policy_fallback_fraction:0.0 - self_distillation/grpo_fallback_count:0.0 - rollout_corr/rollout_is_mean:1.0 - rollout_corr/rollout_is_ratio_fraction_high:0.0 - rollout_corr/rollout_is_ratio_fraction_low:0.0 - rollout_corr/rollout_is_max:1.0 - rollout_corr/rollout_is_min:1.0 - rollout_corr/rollout_is_std:0.0 - rollout_corr/rollout_is_eff_sample_size:1.0 - rollout_corr/rollout_is_seq_mean:1.0 - rollout_corr/rollout_is_seq_std:0.0 - rollout_corr/rollout_is_seq_max:1.0 - rollout_corr/rollout_is_seq_min:1.0 - rollout_corr/rollout_is_seq_max_deviation:0.0 - rollout_corr/rollout_is_seq_fraction_high:0.0 - rollout_corr/rollout_is_seq_fraction_low:0.0 - rollout_corr/training_ppl:2.065804660320282 - rollout_corr/training_log_ppl:0.717043049633503 - rollout_corr/kl:0.001806488900911063 - rollout_corr/k3_kl:0.0008944281144067645 - rollout_corr/rollout_ppl:2.0620712339878082 - rollout_corr/rollout_log_ppl:0.715236559510231 - rollout_corr/log_ppl_diff:0.0018064901232719421 - rollout_corr/log_ppl_abs_diff:0.0027660056948661804 - rollout_corr/log_ppl_diff_max:0.006703078746795654 - rollout_corr/log_ppl_diff_min:-0.0019190311431884766 - rollout_corr/ppl_ratio:1.0018129795789719 - rollout_corr/chi2_token:-9.261071681976318e-05 - rollout_corr/chi2_seq:-0.18047550320625305 - actor/pg_loss:0.02954861707985401 - actor/kl_loss:0.0 - actor/grpo_loss:0.0 - actor/vopd_loss:0.02954861707985401 - actor/vopd_loss_weighted:0.02954861707985401 - actor/policy_fallback_fraction:0.0 - self_distillation/raw_jsd_token_mean:0.02954861707985401 - self_distillation/weighted_jsd_token_mean:0.02954861707985401 - self_distillation/self_distillation_mask.mean():1.0 - self_distillation/num_distill_tokens:128.0 - self_distillation/empty_target_batch:0.0 - actor/grad_norm:3.9962472915649414 - timing_s/update_actor/student_forward:0.6789971552789211 - timing_s/update_actor/teacher_forward:0.2488838993012905 - timing_s/update_actor/loss_compute:0.0008150013163685799 - timing_s/update_actor/backward:1.319641623646021 - timing_s/update_actor/optimizer_step:0.01043172087520361 - timing_s/update_actor/teacher_ema_update:3.1853288244456053 - perf/mfu/actor:0.031632377630934634 - perf/max_memory_allocated_gb:92.46459245681763 - perf/max_memory_reserved_gb:104.59765625 - perf/cpu_memory_used_gb:238.19630813598633 - actor/lr:2e-06 - training/global_step:18 - training/epoch:0 - response_length/mean:128.0 - response_length/max:128.0 - response_length/min:128.0 - response_length/clip_ratio:1.0 - response_length_non_aborted/mean:128.0 - response_length_non_aborted/max:128.0 - response_length_non_aborted/min:128.0 - response_length_non_aborted/clip_ratio:1.0 - response/aborted_ratio:0.0 - prompt_length/mean:3395.75 - prompt_length/max:3501.0 - prompt_length/min:3359.0 - prompt_length/clip_ratio:0.0 - num_turns/min:2 - num_turns/max:2 - num_turns/mean:2.0 - timing_s/start_profile:2.8634443879127502e-05 - timing_s/agent_loop/generate_sequences/min:1.4278796073049307 - timing_s/agent_loop/generate_sequences/max:1.591279567219317 - timing_s/agent_loop/generate_sequences/mean:1.5024822605773807 - timing_s/agent_loop/tool_calls/min:0.0 - timing_s/agent_loop/tool_calls/max:0.0 - timing_s/agent_loop/tool_calls/mean:0.0 - timing_s/agent_loop/slowest/generate_sequences:1.591279567219317 - timing_s/agent_loop/slowest/tool_calls:0.0 - timing_s/agent_loop/slowest/prompt_length:3363 - timing_s/agent_loop/slowest/response_length:128 - timing_s/gen:8.11057806853205 - timing_s/adv:0.13141314685344696 - timing_s/update_actor:5.956062245182693 - timing_s/dump_rollout_generations:0.00431849155575037 - timing_s/step:14.209358811378479 - timing_s/stop_profile:3.318674862384796e-05 - timing_per_token_ms/gen:15.84097279010166 - timing_per_token_ms/update_actor:0.4225656080299889 - timing_per_token_ms/adv:0.00932338750290507 - perf/total_num_tokens:14095 - perf/time_per_step:14.209358811378479 - perf/throughput:247.98796671798266
[36m(TaskRunner pid=959248)[0m Training Progress:   1%|          | 18/1560 [04:18<5:47:28, 13.52s/it]
[36m(TaskRunner pid=959248)[0m Dumped generations to /inspire/hdd/global_user/mengweicheng-240108120092/lzy/projects/Dual-Track-OPD/baselines/vision_opd/logs/smoke_4xh200/rollouts/19.jsonl
[36m(TaskRunner pid=959248)[0m step:19 - global_seqlen/min:3491 - global_seqlen/max:3499 - global_seqlen/minmax_diff:8 - global_seqlen/balanced_min:3491 - global_seqlen/balanced_max:3499 - global_seqlen/mean:3494.0 - self_distillation/teacher_always_on_fraction:1.0 - self_distillation/teacher_image_swap_fraction:1.0 - self_distillation/policy_fallback_fraction:0.0 - self_distillation/grpo_fallback_count:0.0 - rollout_corr/rollout_is_mean:1.0 - rollout_corr/rollout_is_ratio_fraction_high:0.0 - rollout_corr/rollout_is_ratio_fraction_low:0.0 - rollout_corr/rollout_is_max:1.0 - rollout_corr/rollout_is_min:1.0 - rollout_corr/rollout_is_std:0.0 - rollout_corr/rollout_is_eff_sample_size:1.0 - rollout_corr/rollout_is_seq_mean:1.0 - rollout_corr/rollout_is_seq_std:0.0 - rollout_corr/rollout_is_seq_max:1.0 - rollout_corr/rollout_is_seq_min:1.0 - rollout_corr/rollout_is_seq_max_deviation:0.0 - rollout_corr/rollout_is_seq_fraction_high:0.0 - rollout_corr/rollout_is_seq_fraction_low:0.0 - rollout_corr/training_ppl:1.9633395373821259 - rollout_corr/training_log_ppl:0.6661962419748306 - rollout_corr/kl:-0.00016348337521776557 - rollout_corr/k3_kl:0.0005256379954516888 - rollout_corr/rollout_ppl:1.9645421504974365 - rollout_corr/rollout_log_ppl:0.6663597226142883 - rollout_corr/log_ppl_diff:-0.00016348063945770264 - rollout_corr/log_ppl_abs_diff:0.003082945942878723 - rollout_corr/log_ppl_diff_max:0.005838930606842041 - rollout_corr/log_ppl_diff_min:-0.0037877559661865234 - rollout_corr/ppl_ratio:0.9998433589935303 - rollout_corr/chi2_token:0.0024411529302597046 - rollout_corr/chi2_seq:0.44827498495578766 - actor/pg_loss:0.027323803631588817 - actor/kl_loss:0.0 - actor/grpo_loss:0.0 - actor/vopd_loss:0.027323803631588817 - actor/vopd_loss_weighted:0.027323803631588817 - actor/policy_fallback_fraction:0.0 - self_distillation/raw_jsd_token_mean:0.027323803631588817 - self_distillation/weighted_jsd_token_mean:0.027323803631588817 - self_distillation/self_distillation_mask.mean():1.0 - self_distillation/num_distill_tokens:128.0 - self_distillation/empty_target_batch:0.0 - actor/grad_norm:8.620996475219727 - timing_s/update_actor/student_forward:0.6284961206838489 - timing_s/update_actor/teacher_forward:0.29806772992014885 - timing_s/update_actor/loss_compute:0.0008218009024858475 - timing_s/update_actor/backward:0.8868478527292609 - timing_s/update_actor/optimizer_step:0.009299930185079575 - timing_s/update_actor/teacher_ema_update:3.138116553425789 - perf/mfu/actor:0.034609868393396775 - perf/max_memory_allocated_gb:92.46459245681763 - perf/max_memory_reserved_gb:104.59765625 - perf/cpu_memory_used_gb:238.36061763763428 - actor/lr:2e-06 - training/global_step:19 - training/epoch:0 - response_length/mean:128.0 - response_length/max:128.0 - response_length/min:128.0 - response_length/clip_ratio:1.0 - response_length_non_aborted/mean:128.0 - response_length_non_aborted/max:128.0 - response_length_non_aborted/min:128.0 - response_length_non_aborted/clip_ratio:1.0 - response/aborted_ratio:0.0 - prompt_length/mean:3366.0 - prompt_length/max:3371.0 - prompt_length/min:3363.0 - prompt_length/clip_ratio:0.0 - num_turns/min:2 - num_turns/max:2 - num_turns/mean:2.0 - timing_s/start_profile:3.3047981560230255e-05 - timing_s/agent_loop/generate_sequences/min:1.3360412390902638 - timing_s/agent_loop/generate_sequences/max:1.5621172590181231 - timing_s/agent_loop/generate_sequences/mean:1.4491199278272688 - timing_s/agent_loop/tool_calls/min:0.0 - timing_s/agent_loop/tool_calls/max:0.0 - timing_s/agent_loop/tool_calls/mean:0.0 - timing_s/agent_loop/slowest/generate_sequences:1.5621172590181231 - timing_s/agent_loop/slowest/tool_calls:0.0 - timing_s/agent_loop/slowest/prompt_length:3363 - timing_s/agent_loop/slowest/response_length:128 - timing_s/gen:8.085021439008415 - timing_s/adv:0.1105234818533063 - timing_s/update_actor:5.39401654433459 - timing_s/dump_rollout_generations:0.004158078692853451 - timing_s/step:13.600006240420043 - timing_s/stop_profile:4.38690185546875e-05 - timing_per_token_ms/gen:15.79105749806331 - timing_per_token_ms/update_actor:0.3859485220617194 - timing_per_token_ms/adv:0.007908091145771772 - perf/total_num_tokens:13976 - perf/time_per_step:13.600006240420043 - perf/throughput:256.91164682083894
[36m(TaskRunner pid=959248)[0m Training Progress:   1%|          | 19/1560 [04:31<5:47:58, 13.55s/it]
[36m(TaskRunner pid=959248)[0m Dumped generations to /inspire/hdd/global_user/mengweicheng-240108120092/lzy/projects/Dual-Track-OPD/baselines/vision_opd/logs/smoke_4xh200/rollouts/20.jsonl
[36m(TaskRunner pid=959248)[0m step:20 - global_seqlen/min:3490 - global_seqlen/max:4670 - global_seqlen/minmax_diff:1180 - global_seqlen/balanced_min:3490 - global_seqlen/balanced_max:4670 - global_seqlen/mean:3937.75 - self_distillation/teacher_always_on_fraction:1.0 - self_distillation/teacher_image_swap_fraction:1.0 - self_distillation/policy_fallback_fraction:0.0 - self_distillation/grpo_fallback_count:0.0 - rollout_corr/rollout_is_mean:1.0 - rollout_corr/rollout_is_ratio_fraction_high:0.0 - rollout_corr/rollout_is_ratio_fraction_low:0.0 - rollout_corr/rollout_is_max:1.0 - rollout_corr/rollout_is_min:1.0 - rollout_corr/rollout_is_std:0.0 - rollout_corr/rollout_is_eff_sample_size:1.0 - rollout_corr/rollout_is_seq_mean:1.0 - rollout_corr/rollout_is_seq_std:0.0 - rollout_corr/rollout_is_seq_max:1.0 - rollout_corr/rollout_is_seq_min:1.0 - rollout_corr/rollout_is_seq_max_deviation:0.0 - rollout_corr/rollout_is_seq_fraction_high:0.0 - rollout_corr/rollout_is_seq_fraction_low:0.0 - rollout_corr/training_ppl:2.423094779253006 - rollout_corr/training_log_ppl:0.8655346184968948 - rollout_corr/kl:0.00044041467481292784 - rollout_corr/k3_kl:0.0007592141628265381 - rollout_corr/rollout_ppl:2.4230290949344635 - rollout_corr/rollout_log_ppl:0.8650941997766495 - rollout_corr/log_ppl_diff:0.00044041872024536133 - rollout_corr/log_ppl_abs_diff:0.003920257091522217 - rollout_corr/log_ppl_diff_max:0.008721351623535156 - rollout_corr/log_ppl_diff_min:-0.003579258918762207 - rollout_corr/ppl_ratio:1.0004522800445557 - rollout_corr/chi2_token:0.002152755856513977 - rollout_corr/chi2_seq:0.42252373695373535 - actor/pg_loss:0.02993583120405674 - actor/kl_loss:0.0 - actor/grpo_loss:0.0 - actor/vopd_loss:0.02993583120405674 - actor/vopd_loss_weighted:0.02993583120405674 - actor/policy_fallback_fraction:0.0 - self_distillation/raw_jsd_token_mean:0.02993583120405674 - self_distillation/weighted_jsd_token_mean:0.02993583120405674 - self_distillation/self_distillation_mask.mean():1.0 - self_distillation/num_distill_tokens:128.0 - self_distillation/empty_target_batch:0.0 - actor/grad_norm:2.971595048904419 - timing_s/update_actor/student_forward:0.8117284337058663 - timing_s/update_actor/teacher_forward:0.29675860702991486 - timing_s/update_actor/loss_compute:0.0008122362196445465 - timing_s/update_actor/backward:1.4474680190905929 - timing_s/update_actor/optimizer_step:0.009285937063395977 - timing_s/update_actor/teacher_ema_update:3.130704453215003 - perf/mfu/actor:0.03583344401114352 - perf/max_memory_allocated_gb:95.01639223098755 - perf/max_memory_reserved_gb:106.923828125 - perf/cpu_memory_used_gb:238.59805011749268 - actor/lr:2e-06 - training/global_step:20 - training/epoch:0 - response_length/mean:128.0 - response_length/max:128.0 - response_length/min:128.0 - response_length/clip_ratio:1.0 - response_length_non_aborted/mean:128.0 - response_length_non_aborted/max:128.0 - response_length_non_aborted/min:128.0 - response_length_non_aborted/clip_ratio:1.0 - response/aborted_ratio:0.0 - prompt_length/mean:3809.75 - prompt_length/max:4542.0 - prompt_length/min:3362.0 - prompt_length/clip_ratio:0.0 - num_turns/min:2 - num_turns/max:2 - num_turns/mean:2.0 - timing_s/start_profile:3.079138696193695e-05 - timing_s/agent_loop/generate_sequences/min:1.3366763545200229 - timing_s/agent_loop/generate_sequences/max:1.4945220667868853 - timing_s/agent_loop/generate_sequences/mean:1.4123118703719229 - timing_s/agent_loop/tool_calls/min:0.0 - timing_s/agent_loop/tool_calls/max:0.0 - timing_s/agent_loop/tool_calls/mean:0.0 - timing_s/agent_loop/slowest/generate_sequences:1.4945220667868853 - timing_s/agent_loop/slowest/tool_calls:0.0 - timing_s/agent_loop/slowest/prompt_length:4542 - timing_s/agent_loop/slowest/response_length:128 - timing_s/gen:7.88611280079931 - timing_s/adv:0.0855905469506979 - timing_s/update_actor:6.169635917060077 - timing_s/dump_rollout_generations:0.007213804870843887 - timing_s/step:14.155219065025449 - timing_s/stop_profile:2.7144327759742737e-05 - timing_per_token_ms/gen:15.402564064061153 - timing_per_token_ms/update_actor:0.39169804565170957 - timing_per_token_ms/adv:0.005433975427001326 - perf/total_num_tokens:15751 - perf/time_per_step:14.155219065025449 - perf/throughput:278.18361424934403
[36m(TaskRunner pid=959248)[0m Training Progress:   1%|▏         | 20/1560 [04:45<5:52:31, 13.73s/it]
[36m(TaskRunner pid=959248)[0m Dumped generations to /inspire/hdd/global_user/mengweicheng-240108120092/lzy/projects/Dual-Track-OPD/baselines/vision_opd/logs/smoke_4xh200/rollouts/21.jsonl
[36m(TaskRunner pid=959248)[0m step:21 - global_seqlen/min:3489 - global_seqlen/max:3537 - global_seqlen/minmax_diff:48 - global_seqlen/balanced_min:3489 - global_seqlen/balanced_max:3537 - global_seqlen/mean:3503.25 - self_distillation/teacher_always_on_fraction:1.0 - self_distillation/teacher_image_swap_fraction:1.0 - self_distillation/policy_fallback_fraction:0.0 - self_distillation/grpo_fallback_count:0.0 - rollout_corr/rollout_is_mean:1.0 - rollout_corr/rollout_is_ratio_fraction_high:0.0 - rollout_corr/rollout_is_ratio_fraction_low:0.0 - rollout_corr/rollout_is_max:1.0 - rollout_corr/rollout_is_min:1.0 - rollout_corr/rollout_is_std:0.0 - rollout_corr/rollout_is_eff_sample_size:1.0 - rollout_corr/rollout_is_seq_mean:1.0 - rollout_corr/rollout_is_seq_std:0.0 - rollout_corr/rollout_is_seq_max:1.0 - rollout_corr/rollout_is_seq_min:1.0 - rollout_corr/rollout_is_seq_max_deviation:0.0 - rollout_corr/rollout_is_seq_fraction_high:0.0 - rollout_corr/rollout_is_seq_fraction_low:0.0 - rollout_corr/training_ppl:1.7604601383209229 - rollout_corr/training_log_ppl:0.5541221052408218 - rollout_corr/kl:0.004640931554604322 - rollout_corr/k3_kl:0.0006858370034024119 - rollout_corr/rollout_ppl:1.751198798418045 - rollout_corr/rollout_log_ppl:0.5494811683893204 - rollout_corr/log_ppl_diff:0.004640936851501465 - rollout_corr/log_ppl_abs_diff:0.004640936851501465 - rollout_corr/log_ppl_diff_max:0.011771440505981445 - rollout_corr/log_ppl_diff_min:0.001452118158340454 - rollout_corr/ppl_ratio:1.0046603679656982 - rollout_corr/chi2_token:-0.006611913442611694 - rollout_corr/chi2_seq:-0.5627724230289459 - actor/pg_loss:0.028858662582933903 - actor/kl_loss:0.0 - actor/grpo_loss:0.0 - actor/vopd_loss:0.028858662582933903 - actor/vopd_loss_weighted:0.028858662582933903 - actor/policy_fallback_fraction:0.0 - self_distillation/raw_jsd_token_mean:0.028858662582933903 - self_distillation/weighted_jsd_token_mean:0.028858662582933903 - self_distillation/self_distillation_mask.mean():1.0 - self_distillation/num_distill_tokens:128.0 - self_distillation/empty_target_batch:0.0 - actor/grad_norm:2.808669328689575 - timing_s/update_actor/student_forward:0.5200525028631091 - timing_s/update_actor/teacher_forward:0.2584089171141386 - timing_s/update_actor/loss_compute:0.000941338948905468 - timing_s/update_actor/backward:0.9027433982118964 - timing_s/update_actor/optimizer_step:0.013769304379820824 - timing_s/update_actor/teacher_ema_update:2.975421533919871 - perf/mfu/actor:0.03650002886298329 - perf/max_memory_allocated_gb:95.01639223098755 - perf/max_memory_reserved_gb:106.923828125 - perf/cpu_memory_used_gb:238.62943744659424 - actor/lr:2e-06 - training/global_step:21 - training/epoch:0 - response_length/mean:128.0 - response_length/max:128.0 - response_length/min:128.0 - response_length/clip_ratio:1.0 - response_length_non_aborted/mean:128.0 - response_length_non_aborted/max:128.0 - response_length_non_aborted/min:128.0 - response_length_non_aborted/clip_ratio:1.0 - response/aborted_ratio:0.0 - prompt_length/mean:3375.25 - prompt_length/max:3409.0 - prompt_length/min:3361.0 - prompt_length/clip_ratio:0.0 - num_turns/min:2 - num_turns/max:2 - num_turns/mean:2.0 - timing_s/start_profile:4.654936492443085e-05 - timing_s/agent_loop/generate_sequences/min:1.3584053786471486 - timing_s/agent_loop/generate_sequences/max:1.5433439258486032 - timing_s/agent_loop/generate_sequences/mean:1.4487877832725644 - timing_s/agent_loop/tool_calls/min:0.0 - timing_s/agent_loop/tool_calls/max:0.0 - timing_s/agent_loop/tool_calls/mean:0.0 - timing_s/agent_loop/slowest/generate_sequences:1.5433439258486032 - timing_s/agent_loop/slowest/tool_calls:0.0 - timing_s/agent_loop/slowest/prompt_length:3363 - timing_s/agent_loop/slowest/response_length:128 - timing_s/gen:7.952466344460845 - timing_s/adv:0.16780756879597902 - timing_s/update_actor:5.212359479628503 - timing_s/dump_rollout_generations:0.005075627937912941 - timing_s/step:13.344805276021361 - timing_s/stop_profile:4.2090192437171936e-05 - timing_per_token_ms/gen:15.532160829025088 - timing_per_token_ms/update_actor:0.3719659944072292 - timing_per_token_ms/adv:0.01197513514564897 - perf/total_num_tokens:14013 - perf/time_per_step:13.344805276021361 - perf/throughput:262.5178807438143
[36m(TaskRunner pid=959248)[0m Training Progress:   1%|▏         | 21/1560 [04:59<5:49:35, 13.63s/it]
[36m(TaskRunner pid=959248)[0m Dumped generations to /inspire/hdd/global_user/mengweicheng-240108120092/lzy/projects/Dual-Track-OPD/baselines/vision_opd/logs/smoke_4xh200/rollouts/22.jsonl
[36m(TaskRunner pid=959248)[0m step:22 - global_seqlen/min:2408 - global_seqlen/max:3545 - global_seqlen/minmax_diff:1137 - global_seqlen/balanced_min:2408 - global_seqlen/balanced_max:3545 - global_seqlen/mean:3232.75 - self_distillation/teacher_always_on_fraction:1.0 - self_distillation/teacher_image_swap_fraction:1.0 - self_distillation/policy_fallback_fraction:0.0 - self_distillation/grpo_fallback_count:0.0 - rollout_corr/rollout_is_mean:1.0 - rollout_corr/rollout_is_ratio_fraction_high:0.0 - rollout_corr/rollout_is_ratio_fraction_low:0.0 - rollout_corr/rollout_is_max:1.0 - rollout_corr/rollout_is_min:1.0 - rollout_corr/rollout_is_std:0.0 - rollout_corr/rollout_is_eff_sample_size:1.0 - rollout_corr/rollout_is_seq_mean:1.0 - rollout_corr/rollout_is_seq_std:0.0 - rollout_corr/rollout_is_seq_max:1.0 - rollout_corr/rollout_is_seq_min:1.0 - rollout_corr/rollout_is_seq_max_deviation:0.0 - rollout_corr/rollout_is_seq_fraction_high:0.0 - rollout_corr/rollout_is_seq_fraction_low:0.0 - rollout_corr/training_ppl:1.6820103824138641 - rollout_corr/training_log_ppl:0.5112108439207077 - rollout_corr/kl:0.0006840529385954142 - rollout_corr/k3_kl:0.0006996808806434274 - rollout_corr/rollout_ppl:1.6807220876216888 - rollout_corr/rollout_log_ppl:0.5105267912149429 - rollout_corr/log_ppl_diff:0.0006840527057647705 - rollout_corr/log_ppl_abs_diff:0.0016070902347564697 - rollout_corr/log_ppl_diff_max:0.002586066722869873 - rollout_corr/log_ppl_diff_min:-0.0018460750579833984 - rollout_corr/ppl_ratio:1.000685676932335 - rollout_corr/chi2_token:0.0014254748821258545 - rollout_corr/chi2_seq:-0.07853442430496216 - actor/pg_loss:0.01729812636040151 - actor/kl_loss:0.0 - actor/grpo_loss:0.0 - actor/vopd_loss:0.01729812636040151 - actor/vopd_loss_weighted:0.01729812636040151 - actor/policy_fallback_fraction:0.0 - self_distillation/raw_jsd_token_mean:0.01729812636040151 - self_distillation/weighted_jsd_token_mean:0.01729812636040151 - self_distillation/self_distillation_mask.mean():1.0 - self_distillation/num_distill_tokens:128.0 - self_distillation/empty_target_batch:0.0 - actor/grad_norm:1.9099633693695068 - timing_s/update_actor/student_forward:0.6363179069012403 - timing_s/update_actor/teacher_forward:0.26943342573940754 - timing_s/update_actor/loss_compute:0.0008389819413423538 - timing_s/update_actor/backward:1.2877951515838504 - timing_s/update_actor/optimizer_step:0.009859458543360233 - timing_s/update_actor/teacher_ema_update:3.038959002122283 - perf/mfu/actor:0.0295750852494335 - perf/max_memory_allocated_gb:95.01639223098755 - perf/max_memory_reserved_gb:106.923828125 - perf/cpu_memory_used_gb:238.81464862823486 - actor/lr:2e-06 - training/global_step:22 - training/epoch:0 - response_length/mean:128.0 - response_length/max:128.0 - response_length/min:128.0 - response_length/clip_ratio:1.0 - response_length_non_aborted/mean:128.0 - response_length_non_aborted/max:128.0 - response_length_non_aborted/min:128.0 - response_length_non_aborted/clip_ratio:1.0 - response/aborted_ratio:0.0 - prompt_length/mean:3104.75 - prompt_length/max:3417.0 - prompt_length/min:2280.0 - prompt_length/clip_ratio:0.0 - num_turns/min:2 - num_turns/max:2 - num_turns/mean:2.0 - timing_s/start_profile:3.7097372114658356e-05 - timing_s/agent_loop/generate_sequences/min:1.1860574940219522 - timing_s/agent_loop/generate_sequences/max:1.5132523067295551 - timing_s/agent_loop/generate_sequences/mean:1.3806234882213175 - timing_s/agent_loop/tool_calls/min:0.0 - timing_s/agent_loop/tool_calls/max:0.0 - timing_s/agent_loop/tool_calls/mean:0.0 - timing_s/agent_loop/slowest/generate_sequences:1.5132523067295551 - timing_s/agent_loop/slowest/tool_calls:0.0 - timing_s/agent_loop/slowest/prompt_length:3360 - timing_s/agent_loop/slowest/response_length:128 - timing_s/gen:7.097505111247301 - timing_s/adv:0.11099588312208652 - timing_s/update_actor:5.66519979853183 - timing_s/dump_rollout_generations:0.00472329743206501 - timing_s/step:12.88672046083957 - timing_s/stop_profile:3.1287781894207e-05 - timing_per_token_ms/gen:13.862314670404885 - timing_per_token_ms/update_actor:0.4381099527130021 - timing_per_token_ms/adv:0.00858370451798674 - perf/total_num_tokens:12931 - perf/time_per_step:12.88672046083957 - perf/throughput:250.85901489240393
[36m(TaskRunner pid=959248)[0m Training Progress:   1%|▏         | 22/1560 [05:12<5:44:13, 13.43s/it]
[36m(TaskRunner pid=959248)[0m Dumped generations to /inspire/hdd/global_user/mengweicheng-240108120092/lzy/projects/Dual-Track-OPD/baselines/vision_opd/logs/smoke_4xh200/rollouts/23.jsonl
[36m(TaskRunner pid=959248)[0m step:23 - global_seqlen/min:3118 - global_seqlen/max:3491 - global_seqlen/minmax_diff:373 - global_seqlen/balanced_min:3118 - global_seqlen/balanced_max:3491 - global_seqlen/mean:3397.25 - self_distillation/teacher_always_on_fraction:1.0 - self_distillation/teacher_image_swap_fraction:1.0 - self_distillation/policy_fallback_fraction:0.0 - self_distillation/grpo_fallback_count:0.0 - rollout_corr/rollout_is_mean:1.0 - rollout_corr/rollout_is_ratio_fraction_high:0.0 - rollout_corr/rollout_is_ratio_fraction_low:0.0 - rollout_corr/rollout_is_max:1.0 - rollout_corr/rollout_is_min:1.0 - rollout_corr/rollout_is_std:0.0 - rollout_corr/rollout_is_eff_sample_size:1.0 - rollout_corr/rollout_is_seq_mean:1.0 - rollout_corr/rollout_is_seq_std:0.0 - rollout_corr/rollout_is_seq_max:1.0 - rollout_corr/rollout_is_seq_min:1.0 - rollout_corr/rollout_is_seq_max_deviation:0.0 - rollout_corr/rollout_is_seq_fraction_high:0.0 - rollout_corr/rollout_is_seq_fraction_low:0.0 - rollout_corr/training_ppl:1.8486568629741669 - rollout_corr/training_log_ppl:0.5920833572745323 - rollout_corr/kl:0.0011402122036088258 - rollout_corr/k3_kl:0.0005987216718494892 - rollout_corr/rollout_ppl:1.8462862372398376 - rollout_corr/rollout_log_ppl:0.5909431427717209 - rollout_corr/log_ppl_diff:0.0011402145028114319 - rollout_corr/log_ppl_abs_diff:0.0018600299954414368 - rollout_corr/log_ppl_diff_max:0.0037674307823181152 - rollout_corr/log_ppl_diff_min:-0.0014396309852600098 - rollout_corr/ppl_ratio:1.0011425763368607 - rollout_corr/chi2_token:9.007751941680908e-05 - rollout_corr/chi2_seq:-0.16755658388137817 - actor/pg_loss:0.019406968029215932 - actor/kl_loss:0.0 - actor/grpo_loss:0.0 - actor/vopd_loss:0.019406968029215932 - actor/vopd_loss_weighted:0.019406968029215932 - actor/policy_fallback_fraction:0.0 - self_distillation/raw_jsd_token_mean:0.019406968029215932 - self_distillation/weighted_jsd_token_mean:0.019406968029215932 - self_distillation/self_distillation_mask.mean():1.0 - self_distillation/num_distill_tokens:128.0 - self_distillation/empty_target_batch:0.0 - actor/grad_norm:1.976274013519287 - timing_s/update_actor/student_forward:0.6538214907050133 - timing_s/update_actor/teacher_forward:0.2490746984258294 - timing_s/update_actor/loss_compute:0.0008340487256646156 - timing_s/update_actor/backward:0.8795363726094365 - timing_s/update_actor/optimizer_step:0.008925764821469784 - timing_s/update_actor/teacher_ema_update:3.0401244573295116 - perf/mfu/actor:0.03421191471941311 - perf/max_memory_allocated_gb:95.01639223098755 - perf/max_memory_reserved_gb:106.923828125 - perf/cpu_memory_used_gb:238.95037460327148 - actor/lr:2e-06 - training/global_step:23 - training/epoch:0 - response_length/mean:128.0 - response_length/max:128.0 - response_length/min:128.0 - response_length/clip_ratio:1.0 - response_length_non_aborted/mean:128.0 - response_length_non_aborted/max:128.0 - response_length_non_aborted/min:128.0 - response_length_non_aborted/clip_ratio:1.0 - response/aborted_ratio:0.0 - prompt_length/mean:3269.25 - prompt_length/max:3363.0 - prompt_length/min:2990.0 - prompt_length/clip_ratio:0.0 - num_turns/min:2 - num_turns/max:2 - num_turns/mean:2.0 - timing_s/start_profile:3.278348594903946e-05 - timing_s/agent_loop/generate_sequences/min:1.2817554967477918 - timing_s/agent_loop/generate_sequences/max:1.5844222521409392 - timing_s/agent_loop/generate_sequences/mean:1.4518890085164458 - timing_s/agent_loop/tool_calls/min:0.0 - timing_s/agent_loop/tool_calls/max:0.0 - timing_s/agent_loop/tool_calls/mean:0.0 - timing_s/agent_loop/slowest/generate_sequences:1.5844222521409392 - timing_s/agent_loop/slowest/tool_calls:0.0 - timing_s/agent_loop/slowest/prompt_length:3363 - timing_s/agent_loop/slowest/response_length:128 - timing_s/gen:8.025754252448678 - timing_s/adv:0.06364343129098415 - timing_s/update_actor:5.270593465305865 - timing_s/dump_rollout_generations:0.004978673532605171 - timing_s/step:13.37043235450983 - timing_s/stop_profile:3.1896866858005524e-05 - timing_per_token_ms/gen:15.675301274313824 - timing_per_token_ms/update_actor:0.3878573453017783 - timing_per_token_ms/adv:0.004683452151812801 - perf/total_num_tokens:13589 - perf/time_per_step:13.37043235450983 - perf/throughput:254.0867722092855
[36m(TaskRunner pid=959248)[0m Training Progress:   1%|▏         | 23/1560 [05:25<5:43:39, 13.42s/it]
[36m(TaskRunner pid=959248)[0m Dumped generations to /inspire/hdd/global_user/mengweicheng-240108120092/lzy/projects/Dual-Track-OPD/baselines/vision_opd/logs/smoke_4xh200/rollouts/24.jsonl
[36m(TaskRunner pid=959248)[0m step:24 - global_seqlen/min:3493 - global_seqlen/max:3501 - global_seqlen/minmax_diff:8 - global_seqlen/balanced_min:3493 - global_seqlen/balanced_max:3501 - global_seqlen/mean:3497.0 - self_distillation/teacher_always_on_fraction:1.0 - self_distillation/teacher_image_swap_fraction:1.0 - self_distillation/policy_fallback_fraction:0.0 - self_distillation/grpo_fallback_count:0.0 - rollout_corr/rollout_is_mean:1.0 - rollout_corr/rollout_is_ratio_fraction_high:0.0 - rollout_corr/rollout_is_ratio_fraction_low:0.0 - rollout_corr/rollout_is_max:1.0 - rollout_corr/rollout_is_min:1.0 - rollout_corr/rollout_is_std:0.0 - rollout_corr/rollout_is_eff_sample_size:1.0 - rollout_corr/rollout_is_seq_mean:1.0 - rollout_corr/rollout_is_seq_std:0.0 - rollout_corr/rollout_is_seq_max:1.0 - rollout_corr/rollout_is_seq_min:1.0 - rollout_corr/rollout_is_seq_max_deviation:0.0 - rollout_corr/rollout_is_seq_fraction_high:0.0 - rollout_corr/rollout_is_seq_fraction_low:0.0 - rollout_corr/training_ppl:1.895224690437317 - rollout_corr/training_log_ppl:0.6318491250276566 - rollout_corr/kl:0.00024094965192489326 - rollout_corr/k3_kl:0.0007672465872019529 - rollout_corr/rollout_ppl:1.8948968648910522 - rollout_corr/rollout_log_ppl:0.6316081658005714 - rollout_corr/log_ppl_diff:0.00024095922708511353 - rollout_corr/log_ppl_abs_diff:0.0013293996453285217 - rollout_corr/log_ppl_diff_max:0.0017715990543365479 - rollout_corr/log_ppl_diff_min:-0.0021125078201293945 - rollout_corr/ppl_ratio:1.0002421885728836 - rollout_corr/chi2_token:0.002607971429824829 - rollout_corr/chi2_seq:0.018433481454849243 - actor/pg_loss:0.035800885409116745 - actor/kl_loss:0.0 - actor/grpo_loss:0.0 - actor/vopd_loss:0.035800885409116745 - actor/vopd_loss_weighted:0.035800885409116745 - actor/policy_fallback_fraction:0.0 - self_distillation/raw_jsd_token_mean:0.035800885409116745 - self_distillation/weighted_jsd_token_mean:0.035800885409116745 - self_distillation/self_distillation_mask.mean():1.0 - self_distillation/num_distill_tokens:128.0 - self_distillation/empty_target_batch:0.0 - actor/grad_norm:2.822530746459961 - timing_s/update_actor/student_forward:0.6612107073888183 - timing_s/update_actor/teacher_forward:0.45058558508753777 - timing_s/update_actor/loss_compute:0.0009203031659126282 - timing_s/update_actor/backward:1.11271358653903 - timing_s/update_actor/optimizer_step:0.008768618106842041 - timing_s/update_actor/teacher_ema_update:3.0297574466094375 - perf/mfu/actor:0.03278706446510571 - perf/max_memory_allocated_gb:95.01639223098755 - perf/max_memory_reserved_gb:106.923828125 - perf/cpu_memory_used_gb:239.23890018463135 - actor/lr:2e-06 - training/global_step:24 - training/epoch:0 - response_length/mean:128.0 - response_length/max:128.0 - response_length/min:128.0 - response_length/clip_ratio:1.0 - response_length_non_aborted/mean:128.0 - response_length_non_aborted/max:128.0 - response_length_non_aborted/min:128.0 - response_length_non_aborted/clip_ratio:1.0 - response/aborted_ratio:0.0 - prompt_length/mean:3369.0 - prompt_length/max:3373.0 - prompt_length/min:3365.0 - prompt_length/clip_ratio:0.0 - num_turns/min:2 - num_turns/max:2 - num_turns/mean:2.0 - timing_s/start_profile:2.3281201720237732e-05 - timing_s/agent_loop/generate_sequences/min:1.2999117225408554 - timing_s/agent_loop/generate_sequences/max:1.335538199171424 - timing_s/agent_loop/generate_sequences/mean:1.3154448266141117 - timing_s/agent_loop/tool_calls/min:0.0 - timing_s/agent_loop/tool_calls/max:0.0 - timing_s/agent_loop/tool_calls/mean:0.0 - timing_s/agent_loop/slowest/generate_sequences:1.335538199171424 - timing_s/agent_loop/slowest/tool_calls:0.0 - timing_s/agent_loop/slowest/prompt_length:3368 - timing_s/agent_loop/slowest/response_length:128 - timing_s/gen:6.849198179319501 - timing_s/adv:0.26702214777469635 - timing_s/update_actor:5.726711293682456 - timing_s/dump_rollout_generations:0.004513798281550407 - timing_s/step:12.854239077307284 - timing_s/stop_profile:2.886541187763214e-05 - timing_per_token_ms/gen:13.3773401939834 - timing_per_token_ms/update_actor:0.4094017224537072 - timing_per_token_ms/adv:0.019089372874942546 - perf/total_num_tokens:13988 - perf/time_per_step:12.854239077307284 - perf/throughput:272.05033133182974
[36m(TaskRunner pid=959248)[0m Training Progress:   2%|▏         | 24/1560 [05:38<5:39:14, 13.25s/it]
[36m(TaskRunner pid=959248)[0m Dumped generations to /inspire/hdd/global_user/mengweicheng-240108120092/lzy/projects/Dual-Track-OPD/baselines/vision_opd/logs/smoke_4xh200/rollouts/25.jsonl
[36m(TaskRunner pid=959248)[0m step:25 - global_seqlen/min:3113 - global_seqlen/max:3496 - global_seqlen/minmax_diff:383 - global_seqlen/balanced_min:3113 - global_seqlen/balanced_max:3496 - global_seqlen/mean:3306.5 - self_distillation/teacher_always_on_fraction:1.0 - self_distillation/teacher_image_swap_fraction:1.0 - self_distillation/policy_fallback_fraction:0.0 - self_distillation/grpo_fallback_count:0.0 - rollout_corr/rollout_is_mean:1.0 - rollout_corr/rollout_is_ratio_fraction_high:0.0 - rollout_corr/rollout_is_ratio_fraction_low:0.0 - rollout_corr/rollout_is_max:1.0 - rollout_corr/rollout_is_min:1.0 - rollout_corr/rollout_is_std:0.0 - rollout_corr/rollout_is_eff_sample_size:1.0 - rollout_corr/rollout_is_seq_mean:1.0 - rollout_corr/rollout_is_seq_std:0.0 - rollout_corr/rollout_is_seq_max:1.0 - rollout_corr/rollout_is_seq_min:1.0 - rollout_corr/rollout_is_seq_max_deviation:0.0 - rollout_corr/rollout_is_seq_fraction_high:0.0 - rollout_corr/rollout_is_seq_fraction_low:0.0 - rollout_corr/training_ppl:1.8454629182815552 - rollout_corr/training_log_ppl:0.5964851975440979 - rollout_corr/kl:-0.0015248325653374195 - rollout_corr/k3_kl:0.0010403514606878161 - rollout_corr/rollout_ppl:1.8481684625148773 - rollout_corr/rollout_log_ppl:0.5980100482702255 - rollout_corr/log_ppl_diff:-0.0015248507261276245 - rollout_corr/log_ppl_abs_diff:0.0022930949926376343 - rollout_corr/log_ppl_diff_max:0.0010328888893127441 - rollout_corr/log_ppl_diff_min:-0.006191611289978027 - rollout_corr/ppl_ratio:0.998480349779129 - rollout_corr/chi2_token:0.007239162921905518 - rollout_corr/chi2_seq:0.9933973699808121 - actor/pg_loss:0.020826042629778385 - actor/kl_loss:0.0 - actor/grpo_loss:0.0 - actor/vopd_loss:0.020826042629778385 - actor/vopd_loss_weighted:0.020826042629778385 - actor/policy_fallback_fraction:0.0 - self_distillation/raw_jsd_token_mean:0.020826042629778385 - self_distillation/weighted_jsd_token_mean:0.020826042629778385 - self_distillation/self_distillation_mask.mean():1.0 - self_distillation/num_distill_tokens:128.0 - self_distillation/empty_target_batch:0.0 - actor/grad_norm:3.3168978691101074 - timing_s/update_actor/student_forward:0.7222439255565405 - timing_s/update_actor/teacher_forward:0.3681932492181659 - timing_s/update_actor/loss_compute:0.0007924158126115799 - timing_s/update_actor/backward:1.160315303131938 - timing_s/update_actor/optimizer_step:0.009851367212831974 - timing_s/update_actor/teacher_ema_update:3.041394203901291 - perf/mfu/actor:0.03027505054250923 - perf/max_memory_allocated_gb:95.01639223098755 - perf/max_memory_reserved_gb:106.923828125 - perf/cpu_memory_used_gb:239.1616439819336 - actor/lr:2e-06 - training/global_step:25 - training/epoch:0 - response_length/mean:128.0 - response_length/max:128.0 - response_length/min:128.0 - response_length/clip_ratio:1.0 - response_length_non_aborted/mean:128.0 - response_length_non_aborted/max:128.0 - response_length_non_aborted/min:128.0 - response_length_non_aborted/clip_ratio:1.0 - response/aborted_ratio:0.0 - prompt_length/mean:3178.5 - prompt_length/max:3368.0 - prompt_length/min:2985.0 - prompt_length/clip_ratio:0.0 - num_turns/min:2 - num_turns/max:2 - num_turns/mean:2.0 - timing_s/start_profile:3.0372291803359985e-05 - timing_s/agent_loop/generate_sequences/min:1.3193209683522582 - timing_s/agent_loop/generate_sequences/max:1.5259067276492715 - timing_s/agent_loop/generate_sequences/mean:1.4322406861465424 - timing_s/agent_loop/tool_calls/min:0.0 - timing_s/agent_loop/tool_calls/max:0.0 - timing_s/agent_loop/tool_calls/mean:0.0 - timing_s/agent_loop/slowest/generate_sequences:1.5259067276492715 - timing_s/agent_loop/slowest/tool_calls:0.0 - timing_s/agent_loop/slowest/prompt_length:2985 - timing_s/agent_loop/slowest/response_length:128 - timing_s/gen:8.079539204016328 - timing_s/adv:0.21826634742319584 - timing_s/update_actor:5.699597615748644 - timing_s/dump_rollout_generations:0.004618335515260696 - timing_s/step:14.009248171932995 - timing_s/stop_profile:3.387685865163803e-05 - timing_per_token_ms/gen:15.78035000784439 - timing_per_token_ms/update_actor:0.4309388791583732 - timing_per_token_ms/adv:0.01650282378823498 - perf/total_num_tokens:13226 - perf/time_per_step:14.009248171932995 - perf/throughput:236.022658705158
[36m(TaskRunner pid=959248)[0m Training Progress:   2%|▏         | 25/1560 [05:52<5:45:00, 13.49s/it]
[36m(TaskRunner pid=959248)[0m Dumped generations to /inspire/hdd/global_user/mengweicheng-240108120092/lzy/projects/Dual-Track-OPD/baselines/vision_opd/logs/smoke_4xh200/rollouts/26.jsonl
[36m(TaskRunner pid=959248)[0m step:26 - global_seqlen/min:3486 - global_seqlen/max:3496 - global_seqlen/minmax_diff:10 - global_seqlen/balanced_min:3486 - global_seqlen/balanced_max:3496 - global_seqlen/mean:3490.0 - self_distillation/teacher_always_on_fraction:1.0 - self_distillation/teacher_image_swap_fraction:1.0 - self_distillation/policy_fallback_fraction:0.0 - self_distillation/grpo_fallback_count:0.0 - rollout_corr/rollout_is_mean:1.0 - rollout_corr/rollout_is_ratio_fraction_high:0.0 - rollout_corr/rollout_is_ratio_fraction_low:0.0 - rollout_corr/rollout_is_max:1.0 - rollout_corr/rollout_is_min:1.0 - rollout_corr/rollout_is_std:0.0 - rollout_corr/rollout_is_eff_sample_size:1.0 - rollout_corr/rollout_is_seq_mean:1.0 - rollout_corr/rollout_is_seq_std:0.0 - rollout_corr/rollout_is_seq_max:1.0 - rollout_corr/rollout_is_seq_min:1.0 - rollout_corr/rollout_is_seq_max_deviation:0.0 - rollout_corr/rollout_is_seq_fraction_high:0.0 - rollout_corr/rollout_is_seq_fraction_low:0.0 - rollout_corr/training_ppl:1.7451924085617065 - rollout_corr/training_log_ppl:0.5381228476762772 - rollout_corr/kl:0.0023815195308998227 - rollout_corr/k3_kl:0.0007811608957126737 - rollout_corr/rollout_ppl:1.740866333246231 - rollout_corr/rollout_log_ppl:0.5357413217425346 - rollout_corr/log_ppl_diff:0.002381525933742523 - rollout_corr/log_ppl_abs_diff:0.004402659833431244 - rollout_corr/log_ppl_diff_max:0.0073223114013671875 - rollout_corr/log_ppl_diff_min:-0.004042267799377441 - rollout_corr/ppl_ratio:1.002392828464508 - rollout_corr/chi2_token:-0.0017459243535995483 - rollout_corr/chi2_seq:-0.030809491872787476 - actor/pg_loss:0.016340299742296338 - actor/kl_loss:0.0 - actor/grpo_loss:0.0 - actor/vopd_loss:0.016340299742296338 - actor/vopd_loss_weighted:0.016340299742296338 - actor/policy_fallback_fraction:0.0 - self_distillation/raw_jsd_token_mean:0.016340299742296338 - self_distillation/weighted_jsd_token_mean:0.016340299742296338 - self_distillation/self_distillation_mask.mean():1.0 - self_distillation/num_distill_tokens:128.0 - self_distillation/empty_target_batch:0.0 - actor/grad_norm:2.631467819213867 - timing_s/update_actor/student_forward:0.6079714465886354 - timing_s/update_actor/teacher_forward:0.2795068956911564 - timing_s/update_actor/loss_compute:0.0008842116221785545 - timing_s/update_actor/backward:0.8799422532320023 - timing_s/update_actor/optimizer_step:0.00881857518106699 - timing_s/update_actor/teacher_ema_update:3.068956038914621 - perf/mfu/actor:0.03528220361387087 - perf/max_memory_allocated_gb:95.01639223098755 - perf/max_memory_reserved_gb:106.923828125 - perf/cpu_memory_used_gb:239.406343460083 - actor/lr:2e-06 - training/global_step:26 - training/epoch:0 - response_length/mean:128.0 - response_length/max:128.0 - response_length/min:128.0 - response_length/clip_ratio:1.0 - response_length_non_aborted/mean:128.0 - response_length_non_aborted/max:128.0 - response_length_non_aborted/min:128.0 - response_length_non_aborted/clip_ratio:1.0 - response/aborted_ratio:0.0 - prompt_length/mean:3362.0 - prompt_length/max:3368.0 - prompt_length/min:3358.0 - prompt_length/clip_ratio:0.0 - num_turns/min:2 - num_turns/max:2 - num_turns/mean:2.0 - timing_s/start_profile:2.594292163848877e-05 - timing_s/agent_loop/generate_sequences/min:1.3385979672893882 - timing_s/agent_loop/generate_sequences/max:1.5778882522135973 - timing_s/agent_loop/generate_sequences/mean:1.457643203670159 - timing_s/agent_loop/tool_calls/min:0.0 - timing_s/agent_loop/tool_calls/max:0.0 - timing_s/agent_loop/tool_calls/mean:0.0 - timing_s/agent_loop/slowest/generate_sequences:1.5778882522135973 - timing_s/agent_loop/slowest/tool_calls:0.0 - timing_s/agent_loop/slowest/prompt_length:3358 - timing_s/agent_loop/slowest/response_length:128 - timing_s/gen:7.074104990810156 - timing_s/adv:0.36323633790016174 - timing_s/update_actor:5.486450849100947 - timing_s/dump_rollout_generations:0.004761458374559879 - timing_s/step:12.935486608184874 - timing_s/stop_profile:3.8996338844299316e-05 - timing_per_token_ms/gen:13.816611310176086 - timing_per_token_ms/update_actor:0.3930122384742799 - timing_per_token_ms/adv:0.026019794978521613 - perf/total_num_tokens:13960 - perf/time_per_step:12.935486608184874 - perf/throughput:269.80044166190993
[36m(TaskRunner pid=959248)[0m Training Progress:   2%|▏         | 26/1560 [06:05<5:40:40, 13.33s/it]
