/inspire/hdd/global_user/mengweicheng-240108120092/lzy/fc-opd-storage/envs/fc-opd-verl071-cu128/lib/python3.12/site-packages/torch/cuda/__init__.py:63: FutureWarning: The pynvml package is deprecated. Please install nvidia-ml-py instead. If you did not install pynvml directly, please report this to the maintainers of the package that installed pynvml for you.
  import pynvml  # type: ignore[import]
INFO 07-11 03:55:03 [__init__.py:216] Automatically detected platform cuda.
2026-07-11 03:55:05,080	INFO worker.py:1814 -- Connecting to existing Ray cluster at address: 252.0.19.74:6379...
2026-07-11 03:55:05,091	INFO worker.py:2003 -- Connected to Ray cluster. View the dashboard at [1m[32mhttp://127.0.0.1:8265 [39m[22m
/inspire/hdd/global_user/mengweicheng-240108120092/lzy/fc-opd-storage/envs/fc-opd-verl071-cu128/lib/python3.12/site-packages/ray/_private/worker.py:2051: FutureWarning: Tip: In future versions of Ray, Ray will no longer override accelerator visible devices env var if num_gpus=0 or num_gpus=None (default). To enable this behavior and turn off this error message, set RAY_ACCEL_ENV_VAR_OVERRIDE_ON_ZERO=0
  warnings.warn(
[36m(pid=2835327)[0m /inspire/hdd/global_user/mengweicheng-240108120092/lzy/fc-opd-storage/envs/fc-opd-verl071-cu128/lib/python3.12/site-packages/torch/cuda/__init__.py:63: FutureWarning: The pynvml package is deprecated. Please install nvidia-ml-py instead. If you did not install pynvml directly, please report this to the maintainers of the package that installed pynvml for you.
[36m(pid=2835327)[0m   import pynvml  # type: ignore[import]
ray init kwargs: {'num_cpus': None, 'runtime_env': {'env_vars': {'TOKENIZERS_PARALLELISM': 'true', 'NCCL_DEBUG': 'WARN', 'VLLM_LOGGING_LEVEL': 'WARN', 'VLLM_ALLOW_RUNTIME_LORA_UPDATING': 'true', 'CUDA_DEVICE_MAX_CONNECTIONS': '1', 'VLLM_DISABLE_COMPILE_CACHE': '1', 'HCCL_HOST_SOCKET_PORT_RANGE': 'auto', 'HCCL_NPU_SOCKET_PORT_RANGE': 'auto'}, 'working_dir': None}}
[36m(TaskRunner pid=2835327)[0m TaskRunner hostname: opd-lzy-lowp--c24fb4f37218-h7ygf7nouj, PID: 2835327
[36m(TaskRunner pid=2835327)[0m {'actor_rollout_ref': {'actor': {'_target_': 'verl.workers.config.FSDPActorConfig',
[36m(TaskRunner pid=2835327)[0m                                  'calculate_entropy': False,
[36m(TaskRunner pid=2835327)[0m                                  'calculate_sum_pi_squared': False,
[36m(TaskRunner pid=2835327)[0m                                  'checkpoint': {'_target_': 'verl.trainer.config.CheckpointConfig',
[36m(TaskRunner pid=2835327)[0m                                                 'async_save': False,
[36m(TaskRunner pid=2835327)[0m                                                 'load_contents': ['model',
[36m(TaskRunner pid=2835327)[0m                                                                   'optimizer',
[36m(TaskRunner pid=2835327)[0m                                                                   'extra'],
[36m(TaskRunner pid=2835327)[0m                                                 'mbridge_config': {},
[36m(TaskRunner pid=2835327)[0m                                                 'save_contents': ['model',
[36m(TaskRunner pid=2835327)[0m                                                                   'optimizer',
[36m(TaskRunner pid=2835327)[0m                                                                   'extra']},
[36m(TaskRunner pid=2835327)[0m                                  'clip_ratio': 0.2,
[36m(TaskRunner pid=2835327)[0m                                  'clip_ratio_c': 3.0,
[36m(TaskRunner pid=2835327)[0m                                  'clip_ratio_high': 0.2,
[36m(TaskRunner pid=2835327)[0m                                  'clip_ratio_low': 0.2,
[36m(TaskRunner pid=2835327)[0m                                  'data_loader_seed': 42,
[36m(TaskRunner pid=2835327)[0m                                  'entropy_checkpointing': False,
[36m(TaskRunner pid=2835327)[0m                                  'entropy_coeff': 0,
[36m(TaskRunner pid=2835327)[0m                                  'entropy_from_logits_with_chunking': False,
[36m(TaskRunner pid=2835327)[0m                                  'freeze_vision_tower': False,
[36m(TaskRunner pid=2835327)[0m                                  'fsdp_config': {'_target_': 'verl.workers.config.FSDPEngineConfig',
[36m(TaskRunner pid=2835327)[0m                                                  'dtype': 'bfloat16',
[36m(TaskRunner pid=2835327)[0m                                                  'entropy_checkpointing': False,
[36m(TaskRunner pid=2835327)[0m                                                  'entropy_from_logits_with_chunking': False,
[36m(TaskRunner pid=2835327)[0m                                                  'forward_only': False,
[36m(TaskRunner pid=2835327)[0m                                                  'forward_prefetch': False,
[36m(TaskRunner pid=2835327)[0m                                                  'fsdp_size': -1,
[36m(TaskRunner pid=2835327)[0m                                                  'full_determinism': False,
[36m(TaskRunner pid=2835327)[0m                                                  'model_dtype': 'fp32',
[36m(TaskRunner pid=2835327)[0m                                                  'offload_policy': False,
[36m(TaskRunner pid=2835327)[0m                                                  'optimizer_offload': False,
[36m(TaskRunner pid=2835327)[0m                                                  'param_offload': False,
[36m(TaskRunner pid=2835327)[0m                                                  'qat': {'_target_': 'verl.workers.config.QATEngineConfig',
[36m(TaskRunner pid=2835327)[0m                                                          'activation_observer': 'static_minmax',
[36m(TaskRunner pid=2835327)[0m                                                          'enable': False,
[36m(TaskRunner pid=2835327)[0m                                                          'group_size': 16,
[36m(TaskRunner pid=2835327)[0m                                                          'ignore_patterns': ['lm_head',
[36m(TaskRunner pid=2835327)[0m                                                                              'embed_tokens',
[36m(TaskRunner pid=2835327)[0m                                                                              're:.*mlp.gate$'],
[36m(TaskRunner pid=2835327)[0m                                                          'mode': 'w4a16',
[36m(TaskRunner pid=2835327)[0m                                                          'quantization_config_path': None},
[36m(TaskRunner pid=2835327)[0m                                                  'reshard_after_forward': True,
[36m(TaskRunner pid=2835327)[0m                                                  'seed': 42,
[36m(TaskRunner pid=2835327)[0m                                                  'strategy': 'fsdp',
[36m(TaskRunner pid=2835327)[0m                                                  'ulysses_sequence_parallel_size': 1,
[36m(TaskRunner pid=2835327)[0m                                                  'use_orig_params': False,
[36m(TaskRunner pid=2835327)[0m                                                  'use_torch_compile': True,
[36m(TaskRunner pid=2835327)[0m                                                  'wrap_policy': {'min_num_params': 0}},
[36m(TaskRunner pid=2835327)[0m                                  'grad_clip': 1.0,
[36m(TaskRunner pid=2835327)[0m                                  'kl_loss_coef': 0.001,
[36m(TaskRunner pid=2835327)[0m                                  'kl_loss_type': 'low_var_kl',
[36m(TaskRunner pid=2835327)[0m                                  'loss_agg_mode': 'token-mean',
[36m(TaskRunner pid=2835327)[0m                                  'loss_scale_factor': None,
[36m(TaskRunner pid=2835327)[0m                                  'optim': {'_target_': 'verl.workers.config.FSDPOptimizerConfig',
[36m(TaskRunner pid=2835327)[0m                                            'betas': [0.9, 0.999],
[36m(TaskRunner pid=2835327)[0m                                            'clip_grad': 1.0,
[36m(TaskRunner pid=2835327)[0m                                            'lr': 1e-06,
[36m(TaskRunner pid=2835327)[0m                                            'lr_scheduler_type': 'constant',
[36m(TaskRunner pid=2835327)[0m                                            'lr_warmup_steps': -1,
[36m(TaskRunner pid=2835327)[0m                                            'lr_warmup_steps_ratio': 0.0,
[36m(TaskRunner pid=2835327)[0m                                            'min_lr_ratio': 0.0,
[36m(TaskRunner pid=2835327)[0m                                            'num_cycles': 0.5,
[36m(TaskRunner pid=2835327)[0m                                            'optimizer': 'AdamW',
[36m(TaskRunner pid=2835327)[0m                                            'optimizer_impl': 'torch.optim',
[36m(TaskRunner pid=2835327)[0m                                            'override_optimizer_config': None,
[36m(TaskRunner pid=2835327)[0m                                            'total_training_steps': -1,
[36m(TaskRunner pid=2835327)[0m                                            'warmup_style': None,
[36m(TaskRunner pid=2835327)[0m                                            'weight_decay': 0.01,
[36m(TaskRunner pid=2835327)[0m                                            'zero_indexed_step': True},
[36m(TaskRunner pid=2835327)[0m                                  'policy_loss': {'_target_': 'verl.workers.config.PolicyLossConfig',
[36m(TaskRunner pid=2835327)[0m                                                  'clip_cov_lb': 1.0,
[36m(TaskRunner pid=2835327)[0m                                                  'clip_cov_ratio': 0.0002,
[36m(TaskRunner pid=2835327)[0m                                                  'clip_cov_ub': 5.0,
[36m(TaskRunner pid=2835327)[0m                                                  'kl_cov_ratio': 0.0002,
[36m(TaskRunner pid=2835327)[0m                                                  'loss_mode': 'vanilla',
[36m(TaskRunner pid=2835327)[0m                                                  'ppo_kl_coef': 0.1},
[36m(TaskRunner pid=2835327)[0m                                  'ppo_epochs': 1,
[36m(TaskRunner pid=2835327)[0m                                  'ppo_max_token_len_per_gpu': 8192,
[36m(TaskRunner pid=2835327)[0m                                  'ppo_micro_batch_size': None,
[36m(TaskRunner pid=2835327)[0m                                  'ppo_micro_batch_size_per_gpu': 1,
[36m(TaskRunner pid=2835327)[0m                                  'ppo_mini_batch_size': 4,
[36m(TaskRunner pid=2835327)[0m                                  'profiler': {'_target_': 'verl.utils.profiler.ProfilerConfig',
[36m(TaskRunner pid=2835327)[0m                                               'all_ranks': False,
[36m(TaskRunner pid=2835327)[0m                                               'enable': False,
[36m(TaskRunner pid=2835327)[0m                                               'ranks': [],
[36m(TaskRunner pid=2835327)[0m                                               'save_path': 'outputs/profile',
[36m(TaskRunner pid=2835327)[0m                                               'tool': None,
[36m(TaskRunner pid=2835327)[0m                                               'tool_config': {'npu': {'_target_': 'verl.utils.profiler.config.NPUToolConfig',
[36m(TaskRunner pid=2835327)[0m                                                                       'analysis': True,
[36m(TaskRunner pid=2835327)[0m                                                                       'contents': [],
[36m(TaskRunner pid=2835327)[0m                                                                       'discrete': False,
[36m(TaskRunner pid=2835327)[0m                                                                       'level': 'level0'},
[36m(TaskRunner pid=2835327)[0m                                                               'nsys': {'_target_': 'verl.utils.profiler.config.NsightToolConfig',
[36m(TaskRunner pid=2835327)[0m                                                                        'discrete': False},
[36m(TaskRunner pid=2835327)[0m                                                               'torch': {'_target_': 'verl.utils.profiler.config.TorchProfilerToolConfig',
[36m(TaskRunner pid=2835327)[0m                                                                         'contents': [],
[36m(TaskRunner pid=2835327)[0m                                                                         'discrete': False},
[36m(TaskRunner pid=2835327)[0m                                                               'torch_memory': {'_target_': 'verl.utils.profiler.config.TorchMemoryToolConfig',
[36m(TaskRunner pid=2835327)[0m                                                                                'stack_depth': 32,
[36m(TaskRunner pid=2835327)[0m                                                                                'trace_alloc_max_entries': 100000}}},
[36m(TaskRunner pid=2835327)[0m                                  'qat': {'activation_observer': 'static_minmax',
[36m(TaskRunner pid=2835327)[0m                                          'enable': False,
[36m(TaskRunner pid=2835327)[0m                                          'group_size': 16,
[36m(TaskRunner pid=2835327)[0m                                          'ignore_patterns': ['lm_head',
[36m(TaskRunner pid=2835327)[0m                                                              'embed_tokens',
[36m(TaskRunner pid=2835327)[0m                                                              're:.*mlp.gate$'],
[36m(TaskRunner pid=2835327)[0m                                          'mode': 'w4a16',
[36m(TaskRunner pid=2835327)[0m                                          'quantization_config_path': None},
[36m(TaskRunner pid=2835327)[0m                                  'rollout_n': 1,
[36m(TaskRunner pid=2835327)[0m                                  'router_replay': {'_target_': 'verl.workers.config.RouterReplayConfig',
[36m(TaskRunner pid=2835327)[0m                                                    'mode': 'disabled',
[36m(TaskRunner pid=2835327)[0m                                                    'record_file': None,
[36m(TaskRunner pid=2835327)[0m                                                    'replay_file': None},
[36m(TaskRunner pid=2835327)[0m                                  'shuffle': False,
[36m(TaskRunner pid=2835327)[0m                                  'strategy': 'fsdp2',
[36m(TaskRunner pid=2835327)[0m                                  'sum_pi_squared_checkpointing': False,
[36m(TaskRunner pid=2835327)[0m                                  'tau_neg': 1.05,
[36m(TaskRunner pid=2835327)[0m                                  'tau_pos': 1.0,
[36m(TaskRunner pid=2835327)[0m                                  'ulysses_sequence_parallel_size': 1,
[36m(TaskRunner pid=2835327)[0m                                  'use_dynamic_bsz': True,
[36m(TaskRunner pid=2835327)[0m                                  'use_fused_kernels': False,
[36m(TaskRunner pid=2835327)[0m                                  'use_kl_loss': False,
[36m(TaskRunner pid=2835327)[0m                                  'use_prefix_grouper': False,
[36m(TaskRunner pid=2835327)[0m                                  'use_remove_padding': False,
[36m(TaskRunner pid=2835327)[0m                                  'use_torch_compile': True},
[36m(TaskRunner pid=2835327)[0m                        'hybrid_engine': True,
[36m(TaskRunner pid=2835327)[0m                        'model': {'_target_': 'verl.workers.config.HFModelConfig',
[36m(TaskRunner pid=2835327)[0m                                  'custom_chat_template': None,
[36m(TaskRunner pid=2835327)[0m                                  'enable_activation_offload': False,
[36m(TaskRunner pid=2835327)[0m                                  'enable_gradient_checkpointing': True,
[36m(TaskRunner pid=2835327)[0m                                  'exclude_modules': None,
[36m(TaskRunner pid=2835327)[0m                                  'external_lib': None,
[36m(TaskRunner pid=2835327)[0m                                  'fused_kernel_options': {'impl_backend': 'torch'},
[36m(TaskRunner pid=2835327)[0m                                  'hf_config_path': None,
[36m(TaskRunner pid=2835327)[0m                                  'lora_adapter_path': None,
[36m(TaskRunner pid=2835327)[0m                                  'lora_alpha': 16,
[36m(TaskRunner pid=2835327)[0m                                  'lora_rank': 0,
[36m(TaskRunner pid=2835327)[0m                                  'mtp': {'_target_': 'verl.workers.config.MtpConfig',
[36m(TaskRunner pid=2835327)[0m                                          'detach_encoder': False,
[36m(TaskRunner pid=2835327)[0m                                          'enable': False,
[36m(TaskRunner pid=2835327)[0m                                          'enable_rollout': False,
[36m(TaskRunner pid=2835327)[0m                                          'enable_train': False,
[36m(TaskRunner pid=2835327)[0m                                          'method': 'mtp',
[36m(TaskRunner pid=2835327)[0m                                          'mtp_loss_scaling_factor': 0.1,
[36m(TaskRunner pid=2835327)[0m                                          'num_speculative_tokens': 1,
[36m(TaskRunner pid=2835327)[0m                                          'speculative_algorithm': 'EAGLE',
[36m(TaskRunner pid=2835327)[0m                                          'speculative_eagle_topk': 1,
[36m(TaskRunner pid=2835327)[0m                                          'speculative_num_draft_tokens': 4,
[36m(TaskRunner pid=2835327)[0m                                          'speculative_num_steps': 3},
[36m(TaskRunner pid=2835327)[0m                                  'override_config': {'attn_implementation': 'sdpa'},
[36m(TaskRunner pid=2835327)[0m                                  'path': '/inspire/hdd/global_user/mengweicheng-240108120092/lzy/models/Qwen3-VL-4B-Instruct',
[36m(TaskRunner pid=2835327)[0m                                  'target_modules': 'all-linear',
[36m(TaskRunner pid=2835327)[0m                                  'tiled_mlp': {'enabled': False,
[36m(TaskRunner pid=2835327)[0m                                                'num_shards': 4},
[36m(TaskRunner pid=2835327)[0m                                  'tokenizer_path': None,
[36m(TaskRunner pid=2835327)[0m                                  'trust_remote_code': False,
[36m(TaskRunner pid=2835327)[0m                                  'use_fused_kernels': False,
[36m(TaskRunner pid=2835327)[0m                                  'use_liger': False,
[36m(TaskRunner pid=2835327)[0m                                  'use_remove_padding': False,
[36m(TaskRunner pid=2835327)[0m                                  'use_shm': False},
[36m(TaskRunner pid=2835327)[0m                        'nccl_timeout': 600,
[36m(TaskRunner pid=2835327)[0m                        'ref': {'_target_': 'verl.workers.config.FSDPActorConfig',
[36m(TaskRunner pid=2835327)[0m                                'entropy_checkpointing': False,
[36m(TaskRunner pid=2835327)[0m                                'entropy_from_logits_with_chunking': False,
[36m(TaskRunner pid=2835327)[0m                                'fsdp_config': {'_target_': 'verl.workers.config.FSDPEngineConfig',
[36m(TaskRunner pid=2835327)[0m                                                'dtype': 'bfloat16',
[36m(TaskRunner pid=2835327)[0m                                                'entropy_checkpointing': False,
[36m(TaskRunner pid=2835327)[0m                                                'entropy_from_logits_with_chunking': False,
[36m(TaskRunner pid=2835327)[0m                                                'forward_only': True,
[36m(TaskRunner pid=2835327)[0m                                                'forward_prefetch': False,
[36m(TaskRunner pid=2835327)[0m                                                'fsdp_size': -1,
[36m(TaskRunner pid=2835327)[0m                                                'full_determinism': False,
[36m(TaskRunner pid=2835327)[0m                                                'model_dtype': 'fp32',
[36m(TaskRunner pid=2835327)[0m                                                'offload_policy': False,
[36m(TaskRunner pid=2835327)[0m                                                'optimizer_offload': False,
[36m(TaskRunner pid=2835327)[0m                                                'param_offload': False,
[36m(TaskRunner pid=2835327)[0m                                                'qat': {'_target_': 'verl.workers.config.QATEngineConfig',
[36m(TaskRunner pid=2835327)[0m                                                        'activation_observer': 'static_minmax',
[36m(TaskRunner pid=2835327)[0m                                                        'enable': False,
[36m(TaskRunner pid=2835327)[0m                                                        'group_size': 16,
[36m(TaskRunner pid=2835327)[0m                                                        'ignore_patterns': ['lm_head',
[36m(TaskRunner pid=2835327)[0m                                                                            'embed_tokens',
[36m(TaskRunner pid=2835327)[0m                                                                            're:.*mlp.gate$'],
[36m(TaskRunner pid=2835327)[0m                                                        'mode': 'w4a16',
[36m(TaskRunner pid=2835327)[0m                                                        'quantization_config_path': None},
[36m(TaskRunner pid=2835327)[0m                                                'reshard_after_forward': True,
[36m(TaskRunner pid=2835327)[0m                                                'seed': 42,
[36m(TaskRunner pid=2835327)[0m                                                'strategy': 'fsdp',
[36m(TaskRunner pid=2835327)[0m                                                'ulysses_sequence_parallel_size': 1,
[36m(TaskRunner pid=2835327)[0m                                                'use_orig_params': False,
[36m(TaskRunner pid=2835327)[0m                                                'use_torch_compile': True,
[36m(TaskRunner pid=2835327)[0m                                                'wrap_policy': {'min_num_params': 0}},
[36m(TaskRunner pid=2835327)[0m                                'log_prob_max_token_len_per_gpu': 8192,
[36m(TaskRunner pid=2835327)[0m                                'log_prob_micro_batch_size': None,
[36m(TaskRunner pid=2835327)[0m                                'log_prob_micro_batch_size_per_gpu': None,
[36m(TaskRunner pid=2835327)[0m                                'log_prob_use_dynamic_bsz': True,
[36m(TaskRunner pid=2835327)[0m                                'profiler': {'_target_': 'verl.utils.profiler.ProfilerConfig',
[36m(TaskRunner pid=2835327)[0m                                             'all_ranks': False,
[36m(TaskRunner pid=2835327)[0m                                             'enable': False,
[36m(TaskRunner pid=2835327)[0m                                             'ranks': [],
[36m(TaskRunner pid=2835327)[0m                                             'save_path': 'outputs/profile',
[36m(TaskRunner pid=2835327)[0m                                             'tool': None,
[36m(TaskRunner pid=2835327)[0m                                             'tool_config': {'npu': {'_target_': 'verl.utils.profiler.config.NPUToolConfig',
[36m(TaskRunner pid=2835327)[0m                                                                     'analysis': True,
[36m(TaskRunner pid=2835327)[0m                                                                     'contents': [],
[36m(TaskRunner pid=2835327)[0m                                                                     'discrete': False,
[36m(TaskRunner pid=2835327)[0m                                                                     'level': 'level0'},
[36m(TaskRunner pid=2835327)[0m                                                             'nsys': {'_target_': 'verl.utils.profiler.config.NsightToolConfig',
[36m(TaskRunner pid=2835327)[0m                                                                      'discrete': False},
[36m(TaskRunner pid=2835327)[0m                                                             'torch': {'_target_': 'verl.utils.profiler.config.TorchProfilerToolConfig',
[36m(TaskRunner pid=2835327)[0m                                                                       'contents': [],
[36m(TaskRunner pid=2835327)[0m                                                                       'discrete': False},
[36m(TaskRunner pid=2835327)[0m                                                             'torch_memory': {'_target_': 'verl.utils.profiler.config.TorchMemoryToolConfig',
[36m(TaskRunner pid=2835327)[0m                                                                              'stack_depth': 32,
[36m(TaskRunner pid=2835327)[0m                                                                              'trace_alloc_max_entries': 100000}}},
[36m(TaskRunner pid=2835327)[0m                                'rollout_n': 1,
[36m(TaskRunner pid=2835327)[0m                                'router_replay': {'_target_': 'verl.workers.config.RouterReplayConfig',
[36m(TaskRunner pid=2835327)[0m                                                  'mode': 'disabled',
[36m(TaskRunner pid=2835327)[0m                                                  'record_file': None,
[36m(TaskRunner pid=2835327)[0m                                                  'replay_file': None},
[36m(TaskRunner pid=2835327)[0m                                'strategy': 'fsdp2',
[36m(TaskRunner pid=2835327)[0m                                'ulysses_sequence_parallel_size': 1,
[36m(TaskRunner pid=2835327)[0m                                'use_torch_compile': True},
[36m(TaskRunner pid=2835327)[0m                        'rollout': {'_target_': 'verl.workers.config.RolloutConfig',
[36m(TaskRunner pid=2835327)[0m                                    'agent': {'_target_': 'verl.workers.config.AgentLoopConfig',
[36m(TaskRunner pid=2835327)[0m                                              'agent_loop_config_path': None,
[36m(TaskRunner pid=2835327)[0m                                              'custom_async_server': {'_target_': 'verl.workers.config.CustomAsyncServerConfig',
[36m(TaskRunner pid=2835327)[0m                                                                      'name': None,
[36m(TaskRunner pid=2835327)[0m                                                                      'path': None},
[36m(TaskRunner pid=2835327)[0m                                              'default_agent_loop': 'single_turn_agent',
[36m(TaskRunner pid=2835327)[0m                                              'num_workers': 4},
[36m(TaskRunner pid=2835327)[0m                                    'calculate_log_probs': False,
[36m(TaskRunner pid=2835327)[0m                                    'checkpoint_engine': {'_target_': 'verl.workers.config.CheckpointEngineConfig',
[36m(TaskRunner pid=2835327)[0m                                                          'backend': 'naive',
[36m(TaskRunner pid=2835327)[0m                                                          'engine_kwargs': {},
[36m(TaskRunner pid=2835327)[0m                                                          'update_weights_bucket_megabytes': 2048},
[36m(TaskRunner pid=2835327)[0m                                    'cudagraph_capture_sizes': None,
[36m(TaskRunner pid=2835327)[0m                                    'data_parallel_size': 1,
[36m(TaskRunner pid=2835327)[0m                                    'disable_log_stats': True,
[36m(TaskRunner pid=2835327)[0m                                    'do_sample': True,
[36m(TaskRunner pid=2835327)[0m                                    'dtype': 'bfloat16',
[36m(TaskRunner pid=2835327)[0m                                    'enable_chunked_prefill': True,
[36m(TaskRunner pid=2835327)[0m                                    'enable_prefix_caching': True,
[36m(TaskRunner pid=2835327)[0m                                    'enable_rollout_routing_replay': False,
[36m(TaskRunner pid=2835327)[0m                                    'enforce_eager': False,
[36m(TaskRunner pid=2835327)[0m                                    'engine_kwargs': {'sglang': {},
[36m(TaskRunner pid=2835327)[0m                                                      'trtllm': {},
[36m(TaskRunner pid=2835327)[0m                                                      'vllm': {}},
[36m(TaskRunner pid=2835327)[0m                                    'expert_parallel_size': 1,
[36m(TaskRunner pid=2835327)[0m                                    'free_cache_engine': True,
[36m(TaskRunner pid=2835327)[0m                                    'gpu_memory_utilization': 0.45,
[36m(TaskRunner pid=2835327)[0m                                    'ignore_eos': False,
[36m(TaskRunner pid=2835327)[0m                                    'layered_summon': False,
[36m(TaskRunner pid=2835327)[0m                                    'load_format': 'dummy',
[36m(TaskRunner pid=2835327)[0m                                    'log_prob_max_token_len_per_gpu': 8192,
[36m(TaskRunner pid=2835327)[0m                                    'log_prob_micro_batch_size': None,
[36m(TaskRunner pid=2835327)[0m                                    'log_prob_micro_batch_size_per_gpu': 4,
[36m(TaskRunner pid=2835327)[0m                                    'log_prob_use_dynamic_bsz': True,
[36m(TaskRunner pid=2835327)[0m                                    'logprobs_mode': 'processed_logprobs',
[36m(TaskRunner pid=2835327)[0m                                    'max_model_len': 7168,
[36m(TaskRunner pid=2835327)[0m                                    'max_num_batched_tokens': 8192,
[36m(TaskRunner pid=2835327)[0m                                    'max_num_seqs': 1024,
[36m(TaskRunner pid=2835327)[0m                                    'mode': 'async',
[36m(TaskRunner pid=2835327)[0m                                    'mtp': {'_target_': 'verl.workers.config.MtpConfig',
[36m(TaskRunner pid=2835327)[0m                                            'detach_encoder': False,
[36m(TaskRunner pid=2835327)[0m                                            'enable': False,
[36m(TaskRunner pid=2835327)[0m                                            'enable_rollout': False,
[36m(TaskRunner pid=2835327)[0m                                            'enable_train': False,
[36m(TaskRunner pid=2835327)[0m                                            'method': 'mtp',
[36m(TaskRunner pid=2835327)[0m                                            'mtp_loss_scaling_factor': 0.1,
[36m(TaskRunner pid=2835327)[0m                                            'num_speculative_tokens': 1,
[36m(TaskRunner pid=2835327)[0m                                            'speculative_algorithm': 'EAGLE',
[36m(TaskRunner pid=2835327)[0m                                            'speculative_eagle_topk': 1,
[36m(TaskRunner pid=2835327)[0m                                            'speculative_num_draft_tokens': 4,
[36m(TaskRunner pid=2835327)[0m                                            'speculative_num_steps': 3},
[36m(TaskRunner pid=2835327)[0m                                    'multi_stage_wake_up': False,
[36m(TaskRunner pid=2835327)[0m                                    'multi_turn': {'_target_': 'verl.workers.config.MultiTurnConfig',
[36m(TaskRunner pid=2835327)[0m                                                   'enable': False,
[36m(TaskRunner pid=2835327)[0m                                                   'format': 'hermes',
[36m(TaskRunner pid=2835327)[0m                                                   'interaction_config_path': None,
[36m(TaskRunner pid=2835327)[0m                                                   'max_assistant_turns': None,
[36m(TaskRunner pid=2835327)[0m                                                   'max_parallel_calls': 1,
[36m(TaskRunner pid=2835327)[0m                                                   'max_tool_response_length': 256,
[36m(TaskRunner pid=2835327)[0m                                                   'max_user_turns': None,
[36m(TaskRunner pid=2835327)[0m                                                   'num_repeat_rollouts': None,
[36m(TaskRunner pid=2835327)[0m                                                   'tokenization_sanity_check_mode': 'strict',
[36m(TaskRunner pid=2835327)[0m                                                   'tool_config_path': None,
[36m(TaskRunner pid=2835327)[0m                                                   'tool_response_truncate_side': 'middle',
[36m(TaskRunner pid=2835327)[0m                                                   'use_inference_chat_template': False},
[36m(TaskRunner pid=2835327)[0m                                    'n': 1,
[36m(TaskRunner pid=2835327)[0m                                    'n_gpus_per_node': 4,
[36m(TaskRunner pid=2835327)[0m                                    'name': 'vllm',
[36m(TaskRunner pid=2835327)[0m                                    'nnodes': 0,
[36m(TaskRunner pid=2835327)[0m                                    'over_sample_rate': 0,
[36m(TaskRunner pid=2835327)[0m                                    'pipeline_model_parallel_size': 1,
[36m(TaskRunner pid=2835327)[0m                                    'profiler': {'_target_': 'verl.utils.profiler.ProfilerConfig',
[36m(TaskRunner pid=2835327)[0m                                                 'all_ranks': False,
[36m(TaskRunner pid=2835327)[0m                                                 'enable': False,
[36m(TaskRunner pid=2835327)[0m                                                 'ranks': [],
[36m(TaskRunner pid=2835327)[0m                                                 'save_path': 'outputs/profile',
[36m(TaskRunner pid=2835327)[0m                                                 'tool': None,
[36m(TaskRunner pid=2835327)[0m                                                 'tool_config': {'npu': {'_target_': 'verl.utils.profiler.config.NPUToolConfig',
[36m(TaskRunner pid=2835327)[0m                                                                         'analysis': True,
[36m(TaskRunner pid=2835327)[0m                                                                         'contents': [],
[36m(TaskRunner pid=2835327)[0m                                                                         'discrete': False,
[36m(TaskRunner pid=2835327)[0m                                                                         'level': 'level0'},
[36m(TaskRunner pid=2835327)[0m                                                                 'torch': {'_target_': 'verl.utils.profiler.config.TorchProfilerToolConfig',
[36m(TaskRunner pid=2835327)[0m                                                                           'contents': [],
[36m(TaskRunner pid=2835327)[0m                                                                           'discrete': False}}},
[36m(TaskRunner pid=2835327)[0m                                    'prometheus': {'_target_': 'verl.workers.config.PrometheusConfig',
[36m(TaskRunner pid=2835327)[0m                                                   'enable': False,
[36m(TaskRunner pid=2835327)[0m                                                   'file': '/tmp/ray/session_latest/metrics/prometheus/prometheus.yml',
[36m(TaskRunner pid=2835327)[0m                                                   'port': 9090,
[36m(TaskRunner pid=2835327)[0m                                                   'served_model_name': '/inspire/hdd/global_user/mengweicheng-240108120092/lzy/models/Qwen3-VL-4B-Instruct'},
[36m(TaskRunner pid=2835327)[0m                                    'prompt_length': 6144,
[36m(TaskRunner pid=2835327)[0m                                    'qat': {'_target_': 'verl.workers.config.QATEngineConfig',
[36m(TaskRunner pid=2835327)[0m                                            'activation_observer': 'static_minmax',
[36m(TaskRunner pid=2835327)[0m                                            'enable': False,
[36m(TaskRunner pid=2835327)[0m                                            'group_size': 16,
[36m(TaskRunner pid=2835327)[0m                                            'ignore_patterns': ['lm_head',
[36m(TaskRunner pid=2835327)[0m                                                                'embed_tokens',
[36m(TaskRunner pid=2835327)[0m                                                                're:.*mlp.gate$'],
[36m(TaskRunner pid=2835327)[0m                                            'mode': 'w4a16',
[36m(TaskRunner pid=2835327)[0m                                            'quantization_config_path': None},
[36m(TaskRunner pid=2835327)[0m                                    'quantization': None,
[36m(TaskRunner pid=2835327)[0m                                    'quantization_config_file': None,
[36m(TaskRunner pid=2835327)[0m                                    'response_length': 1024,
[36m(TaskRunner pid=2835327)[0m                                    'scheduling_policy': 'fcfs',
[36m(TaskRunner pid=2835327)[0m                                    'skip_dump_dir': '/tmp/rollout_dump',
[36m(TaskRunner pid=2835327)[0m                                    'skip_rollout': False,
[36m(TaskRunner pid=2835327)[0m                                    'skip_tokenizer_init': True,
[36m(TaskRunner pid=2835327)[0m                                    'temperature': 1.0,
[36m(TaskRunner pid=2835327)[0m                                    'tensor_model_parallel_size': 1,
[36m(TaskRunner pid=2835327)[0m                                    'top_k': -1,
[36m(TaskRunner pid=2835327)[0m                                    'top_p': 0.99,
[36m(TaskRunner pid=2835327)[0m                                    'trace': {'_target_': 'verl.workers.config.TraceConfig',
[36m(TaskRunner pid=2835327)[0m                                              'backend': None,
[36m(TaskRunner pid=2835327)[0m                                              'experiment_name': 'qwen3vl_geometry3k_gkd_20260711_035352',
[36m(TaskRunner pid=2835327)[0m                                              'max_samples_per_step_per_worker': None,
[36m(TaskRunner pid=2835327)[0m                                              'project_name': 'qwen3vl_geometry3k_distill',
[36m(TaskRunner pid=2835327)[0m                                              'token2text': False},
[36m(TaskRunner pid=2835327)[0m                                    'val_kwargs': {'_target_': 'verl.workers.config.SamplingConfig',
[36m(TaskRunner pid=2835327)[0m                                                   'do_sample': False,
[36m(TaskRunner pid=2835327)[0m                                                   'n': 1,
[36m(TaskRunner pid=2835327)[0m                                                   'temperature': 0,
[36m(TaskRunner pid=2835327)[0m                                                   'top_k': -1,
[36m(TaskRunner pid=2835327)[0m                                                   'top_p': 1.0}}},
[36m(TaskRunner pid=2835327)[0m  'algorithm': {'_target_': 'verl.trainer.config.AlgoConfig',
[36m(TaskRunner pid=2835327)[0m                'adv_estimator': 'grpo',
[36m(TaskRunner pid=2835327)[0m                'fc_opd': {'compute_hook_loss': False,
[36m(TaskRunner pid=2835327)[0m                           'conditions': ['full'],
[36m(TaskRunner pid=2835327)[0m                           'include_tail': False,
[36m(TaskRunner pid=2835327)[0m                           'loss_coef': 1.0,
[36m(TaskRunner pid=2835327)[0m                           'loss_mode': 'gkd',
[36m(TaskRunner pid=2835327)[0m                           'post_rollout_hook': 'dual_track_opd.fc_opd.verl_post_rollout_hook.fc_opd_post_rollout_hook',
[36m(TaskRunner pid=2835327)[0m                           'renormalize_topk': True,
[36m(TaskRunner pid=2835327)[0m                           'teacher_url': 'http://127.0.0.1:18080'},
[36m(TaskRunner pid=2835327)[0m                'gamma': 1.0,
[36m(TaskRunner pid=2835327)[0m                'kl_ctrl': {'_target_': 'verl.trainer.config.KLControlConfig',
[36m(TaskRunner pid=2835327)[0m                            'horizon': 10000,
[36m(TaskRunner pid=2835327)[0m                            'kl_coef': 0.001,
[36m(TaskRunner pid=2835327)[0m                            'target_kl': 0.1,
[36m(TaskRunner pid=2835327)[0m                            'type': 'fixed'},
[36m(TaskRunner pid=2835327)[0m                'kl_penalty': 'kl',
[36m(TaskRunner pid=2835327)[0m                'lam': 1.0,
[36m(TaskRunner pid=2835327)[0m                'norm_adv_by_std_in_grpo': True,
[36m(TaskRunner pid=2835327)[0m                'pf_ppo': {'reweight_method': 'pow', 'weight_pow': 2.0},
[36m(TaskRunner pid=2835327)[0m                'rollout_correction': {'bypass_mode': False,
[36m(TaskRunner pid=2835327)[0m                                       'loss_type': 'ppo_clip',
[36m(TaskRunner pid=2835327)[0m                                       'rollout_is': None,
[36m(TaskRunner pid=2835327)[0m                                       'rollout_is_batch_normalize': False,
[36m(TaskRunner pid=2835327)[0m                                       'rollout_is_threshold': 2.0,
[36m(TaskRunner pid=2835327)[0m                                       'rollout_rs': None,
[36m(TaskRunner pid=2835327)[0m                                       'rollout_rs_threshold': None},
[36m(TaskRunner pid=2835327)[0m                'use_kl_in_reward': False,
[36m(TaskRunner pid=2835327)[0m                'use_pf_ppo': False},
[36m(TaskRunner pid=2835327)[0m  'critic': {'_target_': 'verl.workers.config.FSDPCriticConfig',
[36m(TaskRunner pid=2835327)[0m             'checkpoint': {'_target_': 'verl.trainer.config.CheckpointConfig',
[36m(TaskRunner pid=2835327)[0m                            'async_save': False,
[36m(TaskRunner pid=2835327)[0m                            'load_contents': ['model', 'optimizer', 'extra'],
[36m(TaskRunner pid=2835327)[0m                            'mbridge_config': {},
[36m(TaskRunner pid=2835327)[0m                            'save_contents': ['model', 'optimizer', 'extra']},
[36m(TaskRunner pid=2835327)[0m             'cliprange_value': 0.5,
[36m(TaskRunner pid=2835327)[0m             'data_loader_seed': 42,
[36m(TaskRunner pid=2835327)[0m             'enable': None,
[36m(TaskRunner pid=2835327)[0m             'forward_max_token_len_per_gpu': 32768,
[36m(TaskRunner pid=2835327)[0m             'forward_micro_batch_size': None,
[36m(TaskRunner pid=2835327)[0m             'forward_micro_batch_size_per_gpu': None,
[36m(TaskRunner pid=2835327)[0m             'grad_clip': 1.0,
[36m(TaskRunner pid=2835327)[0m             'loss_agg_mode': 'token-mean',
[36m(TaskRunner pid=2835327)[0m             'model': {'_target_': 'verl.workers.config.FSDPCriticModelCfg',
[36m(TaskRunner pid=2835327)[0m                       'enable_activation_offload': False,
[36m(TaskRunner pid=2835327)[0m                       'enable_gradient_checkpointing': True,
[36m(TaskRunner pid=2835327)[0m                       'external_lib': None,
[36m(TaskRunner pid=2835327)[0m                       'fsdp_config': {'_target_': 'verl.workers.config.FSDPEngineConfig',
[36m(TaskRunner pid=2835327)[0m                                       'dtype': 'bfloat16',
[36m(TaskRunner pid=2835327)[0m                                       'entropy_checkpointing': False,
[36m(TaskRunner pid=2835327)[0m                                       'entropy_from_logits_with_chunking': False,
[36m(TaskRunner pid=2835327)[0m                                       'forward_only': False,
[36m(TaskRunner pid=2835327)[0m                                       'forward_prefetch': False,
[36m(TaskRunner pid=2835327)[0m                                       'fsdp_size': -1,
[36m(TaskRunner pid=2835327)[0m                                       'full_determinism': False,
[36m(TaskRunner pid=2835327)[0m                                       'model_dtype': 'fp32',
[36m(TaskRunner pid=2835327)[0m                                       'offload_policy': False,
[36m(TaskRunner pid=2835327)[0m                                       'optimizer_offload': False,
[36m(TaskRunner pid=2835327)[0m                                       'param_offload': False,
[36m(TaskRunner pid=2835327)[0m                                       'qat': {'_target_': 'verl.workers.config.QATEngineConfig',
[36m(TaskRunner pid=2835327)[0m                                               'activation_observer': 'static_minmax',
[36m(TaskRunner pid=2835327)[0m                                               'enable': False,
[36m(TaskRunner pid=2835327)[0m                                               'group_size': 16,
[36m(TaskRunner pid=2835327)[0m                                               'ignore_patterns': ['lm_head',
[36m(TaskRunner pid=2835327)[0m                                                                   'embed_tokens',
[36m(TaskRunner pid=2835327)[0m                                                                   're:.*mlp.gate$'],
[36m(TaskRunner pid=2835327)[0m                                               'mode': 'w4a16',
[36m(TaskRunner pid=2835327)[0m                                               'quantization_config_path': None},
[36m(TaskRunner pid=2835327)[0m                                       'reshard_after_forward': True,
[36m(TaskRunner pid=2835327)[0m                                       'seed': 42,
[36m(TaskRunner pid=2835327)[0m                                       'strategy': 'fsdp',
[36m(TaskRunner pid=2835327)[0m                                       'ulysses_sequence_parallel_size': 1,
[36m(TaskRunner pid=2835327)[0m                                       'use_orig_params': False,
[36m(TaskRunner pid=2835327)[0m                                       'use_torch_compile': True,
[36m(TaskRunner pid=2835327)[0m                                       'wrap_policy': {'min_num_params': 0}},
[36m(TaskRunner pid=2835327)[0m                       'lora_alpha': 16,
[36m(TaskRunner pid=2835327)[0m                       'lora_rank': 0,
[36m(TaskRunner pid=2835327)[0m                       'override_config': {},
[36m(TaskRunner pid=2835327)[0m                       'path': '~/models/deepseek-llm-7b-chat',
[36m(TaskRunner pid=2835327)[0m                       'target_modules': 'all-linear',
[36m(TaskRunner pid=2835327)[0m                       'tiled_mlp': {'enabled': False, 'num_shards': 4},
[36m(TaskRunner pid=2835327)[0m                       'tokenizer_path': '/inspire/hdd/global_user/mengweicheng-240108120092/lzy/models/Qwen3-VL-4B-Instruct',
[36m(TaskRunner pid=2835327)[0m                       'trust_remote_code': False,
[36m(TaskRunner pid=2835327)[0m                       'use_remove_padding': False,
[36m(TaskRunner pid=2835327)[0m                       'use_shm': False},
[36m(TaskRunner pid=2835327)[0m             'optim': {'_target_': 'verl.workers.config.FSDPOptimizerConfig',
[36m(TaskRunner pid=2835327)[0m                       'betas': [0.9, 0.999],
[36m(TaskRunner pid=2835327)[0m                       'clip_grad': 1.0,
[36m(TaskRunner pid=2835327)[0m                       'lr': 1e-05,
[36m(TaskRunner pid=2835327)[0m                       'lr_scheduler_type': 'constant',
[36m(TaskRunner pid=2835327)[0m                       'lr_warmup_steps': -1,
[36m(TaskRunner pid=2835327)[0m                       'lr_warmup_steps_ratio': 0.0,
[36m(TaskRunner pid=2835327)[0m                       'min_lr_ratio': 0.0,
[36m(TaskRunner pid=2835327)[0m                       'num_cycles': 0.5,
[36m(TaskRunner pid=2835327)[0m                       'optimizer': 'AdamW',
[36m(TaskRunner pid=2835327)[0m                       'optimizer_impl': 'torch.optim',
[36m(TaskRunner pid=2835327)[0m                       'override_optimizer_config': None,
[36m(TaskRunner pid=2835327)[0m                       'total_training_steps': -1,
[36m(TaskRunner pid=2835327)[0m                       'warmup_style': None,
[36m(TaskRunner pid=2835327)[0m                       'weight_decay': 0.01,
[36m(TaskRunner pid=2835327)[0m                       'zero_indexed_step': True},
[36m(TaskRunner pid=2835327)[0m             'ppo_epochs': 1,
[36m(TaskRunner pid=2835327)[0m             'ppo_max_token_len_per_gpu': 32768,
[36m(TaskRunner pid=2835327)[0m             'ppo_micro_batch_size': None,
[36m(TaskRunner pid=2835327)[0m             'ppo_micro_batch_size_per_gpu': None,
[36m(TaskRunner pid=2835327)[0m             'ppo_mini_batch_size': 4,
[36m(TaskRunner pid=2835327)[0m             'profiler': {'_target_': 'verl.utils.profiler.ProfilerConfig',
[36m(TaskRunner pid=2835327)[0m                          'all_ranks': False,
[36m(TaskRunner pid=2835327)[0m                          'enable': False,
[36m(TaskRunner pid=2835327)[0m                          'ranks': [],
[36m(TaskRunner pid=2835327)[0m                          'save_path': 'outputs/profile',
[36m(TaskRunner pid=2835327)[0m                          'tool': None,
[36m(TaskRunner pid=2835327)[0m                          'tool_config': {'npu': {'_target_': 'verl.utils.profiler.config.NPUToolConfig',
[36m(TaskRunner pid=2835327)[0m                                                  'analysis': True,
[36m(TaskRunner pid=2835327)[0m                                                  'contents': [],
[36m(TaskRunner pid=2835327)[0m                                                  'discrete': False,
[36m(TaskRunner pid=2835327)[0m                                                  'level': 'level0'},
[36m(TaskRunner pid=2835327)[0m                                          'nsys': {'_target_': 'verl.utils.profiler.config.NsightToolConfig',
[36m(TaskRunner pid=2835327)[0m                                                   'discrete': False},
[36m(TaskRunner pid=2835327)[0m                                          'torch': {'_target_': 'verl.utils.profiler.config.TorchProfilerToolConfig',
[36m(TaskRunner pid=2835327)[0m                                                    'contents': [],
[36m(TaskRunner pid=2835327)[0m                                                    'discrete': False},
[36m(TaskRunner pid=2835327)[0m                                          'torch_memory': {'_target_': 'verl.utils.profiler.config.TorchMemoryToolConfig',
[36m(TaskRunner pid=2835327)[0m                                                           'stack_depth': 32,
[36m(TaskRunner pid=2835327)[0m                                                           'trace_alloc_max_entries': 100000}}},
[36m(TaskRunner pid=2835327)[0m             'rollout_n': 1,
[36m(TaskRunner pid=2835327)[0m             'shuffle': False,
[36m(TaskRunner pid=2835327)[0m             'strategy': 'fsdp',
[36m(TaskRunner pid=2835327)[0m             'ulysses_sequence_parallel_size': 1,
[36m(TaskRunner pid=2835327)[0m             'use_dynamic_bsz': True},
[36m(TaskRunner pid=2835327)[0m  'data': {'apply_chat_template_kwargs': {},
[36m(TaskRunner pid=2835327)[0m           'custom_cls': {'name': 'FCOPDDataset',
[36m(TaskRunner pid=2835327)[0m                          'path': 'file:///inspire/hdd/global_user/mengweicheng-240108120092/lzy/projects/Dual-Track-OPD/src/dual_track_opd/fc_opd/verl_dataset.py'},
[36m(TaskRunner pid=2835327)[0m           'datagen': {'name': None, 'path': None},
[36m(TaskRunner pid=2835327)[0m           'dataloader_num_workers': 8,
[36m(TaskRunner pid=2835327)[0m           'filter_overlong_prompts': False,
[36m(TaskRunner pid=2835327)[0m           'filter_overlong_prompts_workers': 1,
[36m(TaskRunner pid=2835327)[0m           'image_key': 'images',
[36m(TaskRunner pid=2835327)[0m           'image_patch_size': 14,
[36m(TaskRunner pid=2835327)[0m           'max_prompt_length': 6144,
[36m(TaskRunner pid=2835327)[0m           'max_response_length': 1024,
[36m(TaskRunner pid=2835327)[0m           'prompt_key': 'prompt',
[36m(TaskRunner pid=2835327)[0m           'return_full_prompt': False,
[36m(TaskRunner pid=2835327)[0m           'return_multi_modal_inputs': True,
[36m(TaskRunner pid=2835327)[0m           'return_raw_chat': True,
[36m(TaskRunner pid=2835327)[0m           'return_raw_input_ids': False,
[36m(TaskRunner pid=2835327)[0m           'reward_fn_key': 'data_source',
[36m(TaskRunner pid=2835327)[0m           'sampler': {'class_name': None, 'class_path': None},
[36m(TaskRunner pid=2835327)[0m           'seed': None,
[36m(TaskRunner pid=2835327)[0m           'shuffle': True,
[36m(TaskRunner pid=2835327)[0m           'tokenizer': None,
[36m(TaskRunner pid=2835327)[0m           'tool_config_path': None,
[36m(TaskRunner pid=2835327)[0m           'train_batch_size': 4,
[36m(TaskRunner pid=2835327)[0m           'train_files': '/inspire/hdd/global_user/mengweicheng-240108120092/lzy/fc-opd-storage/outputs/fc_opd/geometry3k_gkd/train.parquet',
[36m(TaskRunner pid=2835327)[0m           'train_max_samples': -1,
[36m(TaskRunner pid=2835327)[0m           'truncation': 'error',
[36m(TaskRunner pid=2835327)[0m           'trust_remote_code': False,
[36m(TaskRunner pid=2835327)[0m           'use_shm': False,
[36m(TaskRunner pid=2835327)[0m           'val_batch_size': None,
[36m(TaskRunner pid=2835327)[0m           'val_files': '/inspire/hdd/global_user/mengweicheng-240108120092/lzy/fc-opd-storage/outputs/fc_opd/geometry3k_gkd/val.parquet',
[36m(TaskRunner pid=2835327)[0m           'val_max_samples': -1,
[36m(TaskRunner pid=2835327)[0m           'validation_shuffle': False,
[36m(TaskRunner pid=2835327)[0m           'video_key': 'videos'},
[36m(TaskRunner pid=2835327)[0m  'global_profiler': {'_target_': 'verl.utils.profiler.ProfilerConfig',
[36m(TaskRunner pid=2835327)[0m                      'global_tool_config': {'nsys': {'_target_': 'verl.utils.profiler.config.NsightToolConfig',
[36m(TaskRunner pid=2835327)[0m                                                      'controller_nsight_options': {'cuda-graph-trace': 'graph',
[36m(TaskRunner pid=2835327)[0m                                                                                    'cuda-memory-usage': 'true',
[36m(TaskRunner pid=2835327)[0m                                                                                    'trace': 'cuda,nvtx,cublas,ucx'},
[36m(TaskRunner pid=2835327)[0m                                                      'discrete': False,
[36m(TaskRunner pid=2835327)[0m                                                      'worker_nsight_options': {'capture-range': 'cudaProfilerApi',
[36m(TaskRunner pid=2835327)[0m                                                                                'capture-range-end': None,
[36m(TaskRunner pid=2835327)[0m                                                                                'cuda-graph-trace': 'graph',
[36m(TaskRunner pid=2835327)[0m                                                                                'cuda-memory-usage': 'true',
[36m(TaskRunner pid=2835327)[0m                                                                                'kill': 'none',
[36m(TaskRunner pid=2835327)[0m                                                                                'trace': 'cuda,nvtx,cublas,ucx'}},
[36m(TaskRunner pid=2835327)[0m                                             'torch_memory': {'context': 'all',
[36m(TaskRunner pid=2835327)[0m                                                              'kw_args': {},
[36m(TaskRunner pid=2835327)[0m                                                              'stack_depth': 32,
[36m(TaskRunner pid=2835327)[0m                                                              'stacks': 'all',
[36m(TaskRunner pid=2835327)[0m                                                              'trace_alloc_max_entries': 100000}},
[36m(TaskRunner pid=2835327)[0m                      'profile_continuous_steps': False,
[36m(TaskRunner pid=2835327)[0m                      'save_path': 'outputs/profile',
[36m(TaskRunner pid=2835327)[0m                      'steps': None,
[36m(TaskRunner pid=2835327)[0m                      'tool': None},
[36m(TaskRunner pid=2835327)[0m  'model_engine': 'dp',
[36m(TaskRunner pid=2835327)[0m  'ray_kwargs': {'ray_init': {'num_cpus': None}, 'timeline_json_file': None},
[36m(TaskRunner pid=2835327)[0m  'reward': {'custom_reward_function': {'name': 'compute_score',
[36m(TaskRunner pid=2835327)[0m                                        'path': 'file:///inspire/hdd/global_user/mengweicheng-240108120092/lzy/projects/Dual-Track-OPD/src/dual_track_opd/fc_opd/smoke_reward.py'},
[36m(TaskRunner pid=2835327)[0m             'num_workers': 8,
[36m(TaskRunner pid=2835327)[0m             'reward_manager': {'_target_': 'verl.workers.config.reward_model.RewardManagerConfig',
[36m(TaskRunner pid=2835327)[0m                                'module': {'_target_': 'verl.trainer.config.config.ModuleConfig',
[36m(TaskRunner pid=2835327)[0m                                           'name': 'custom_reward_manager',
[36m(TaskRunner pid=2835327)[0m                                           'path': None},
[36m(TaskRunner pid=2835327)[0m                                'name': 'naive',
[36m(TaskRunner pid=2835327)[0m                                'source': 'register'},
[36m(TaskRunner pid=2835327)[0m             'reward_model': {'enable': False,
[36m(TaskRunner pid=2835327)[0m                              'enable_resource_pool': False,
[36m(TaskRunner pid=2835327)[0m                              'model_path': None,
[36m(TaskRunner pid=2835327)[0m                              'n_gpus_per_node': 8,
[36m(TaskRunner pid=2835327)[0m                              'nnodes': 0,
[36m(TaskRunner pid=2835327)[0m                              'rollout': {'_target_': 'verl.workers.config.RolloutConfig',
[36m(TaskRunner pid=2835327)[0m                                          'cudagraph_capture_sizes': None,
[36m(TaskRunner pid=2835327)[0m                                          'data_parallel_size': 1,
[36m(TaskRunner pid=2835327)[0m                                          'disable_log_stats': True,[36m(TaskRunner pid=2835327)[0m /inspire/hdd/global_user/mengweicheng-240108120092/lzy/projects/Dual-Track-OPD/third_party/verl/verl/trainer/main_ppo.py:302: UserWarning: Disabled critic as algorithm.adv_estimator != gae. If it is not intended, please set critic.enable=True
[36m(TaskRunner pid=2835327)[0m   use_critic=need_critic(config),
[36m(TaskRunner pid=2835327)[0m Map:   0%|          | 0/1901 [00:00<?, ? examples/s]
[36m(TaskRunner pid=2835327)[0m Map:  53%|█████▎    | 1000/1901 [00:00<00:00, 6728.35 examples/s]
[36m(TaskRunner pid=2835327)[0m Map: 100%|██████████| 1901/1901 [00:00<00:00, 7397.77 examples/s]
[36m(TaskRunner pid=2835327)[0m Map:   0%|          | 0/200 [00:00<?, ? examples/s]
[36m(TaskRunner pid=2835327)[0m Map: 100%|██████████| 200/200 [00:00<00:00, 5003.88 examples/s]
[36m(TaskRunner pid=2835327)[0m /inspire/hdd/global_user/mengweicheng-240108120092/lzy/projects/Dual-Track-OPD/third_party/verl/verl/trainer/ppo/ray_trainer.py:286: UserWarning: Disabled critic as algorithm.adv_estimator != gae. If it is not intended, please set critic.enable=True
[36m(TaskRunner pid=2835327)[0m   self.use_critic = need_critic(self.config)
[36m(pid=2942692)[0m /inspire/hdd/global_user/mengweicheng-240108120092/lzy/fc-opd-storage/envs/fc-opd-verl071-cu128/lib/python3.12/site-packages/torch/cuda/__init__.py:63: FutureWarning: The pynvml package is deprecated. Please install nvidia-ml-py instead. If you did not install pynvml directly, please report this to the maintainers of the package that installed pynvml for you.
[36m(pid=2942692)[0m   import pynvml  # type: ignore[import]

[36m(TaskRunner pid=2835327)[0m                                          'dtype': 'bfloat16',
[36m(TaskRunner pid=2835327)[0m                                          'enable_chunked_prefill': True,
[36m(TaskRunner pid=2835327)[0m                                          'enable_prefix_caching': True,
[36m(TaskRunner pid=2835327)[0m                                          'enforce_eager': True,
[36m(TaskRunner pid=2835327)[0m                                          'engine_kwargs': {},
[36m(TaskRunner pid=2835327)[0m                                          'expert_parallel_size': 1,
[36m(TaskRunner pid=2835327)[0m                                          'free_cache_engine': True,
[36m(TaskRunner pid=2835327)[0m                                          'gpu_memory_utilization': 0.5,
[36m(TaskRunner pid=2835327)[0m                                          'limit_images': None,
[36m(TaskRunner pid=2835327)[0m                                          'load_format': 'auto',
[36m(TaskRunner pid=2835327)[0m                                          'max_model_len': None,
[36m(TaskRunner pid=2835327)[0m                                          'max_num_batched_tokens': 8192,
[36m(TaskRunner pid=2835327)[0m                                          'max_num_seqs': 1024,
[36m(TaskRunner pid=2835327)[0m                                          'name': '???',
[36m(TaskRunner pid=2835327)[0m                                          'prompt_length': 2048,
[36m(TaskRunner pid=2835327)[0m                                          'response_length': 2048,
[36m(TaskRunner pid=2835327)[0m                                          'skip_tokenizer_init': False,
[36m(TaskRunner pid=2835327)[0m                                          'tensor_model_parallel_size': 
[36m(TaskRunner pid=2835327)[0m 2}},
[36m(TaskRunner pid=2835327)[0m             'sandbox_fusion': 
[36m(TaskRunner pid=2835327)[0m {'max_concurrent': 64,
[36m(TaskRunner pid=2835327)[0m                                'memory_limit_mb': 1024,
[36m(TaskRunner pid=2835327)[0m                                'url': None}},
[36m(TaskRunner pid=2835327)[0m  'trainer': {'balance_batch': True,
[36m(TaskRunner pid=2835327)[0m              'critic_warmup': 0,
[36m(TaskRunner pid=2835327)[0m              'default_hdfs_dir': None,
[36m(TaskRunner pid=2835327)[0m              'default_local_dir': '/inspire/hdd/global_user/mengweicheng-240108120092/lzy/projects/Dual-Track-OPD/checkpoints/gkd_geometry3k/qwen3vl_geometry3k_gkd_20260711_035352',
[36m(TaskRunner pid=2835327)[0m              'del_local_ckpt_after_load': False,
[36m(TaskRunner pid=2835327)[0m              'device': 'cuda',
[36m(TaskRunner pid=2835327)[0m              'esi_redundant_time': 0,
[36m(TaskRunner pid=2835327)[0m              'experiment_name': 'qwen3vl_geometry3k_gkd_20260711_035352',
[36m(TaskRunner pid=2835327)[0m              'log_val_generations': 0,
[36m(TaskRunner pid=2835327)[0m              'logger': ['console'],
[36m(TaskRunner pid=2835327)[0m              'max_actor_ckpt_to_keep': None,
[36m(TaskRunner pid=2835327)[0m              'max_critic_ckpt_to_keep': None,
[36m(TaskRunner pid=2835327)[0m              'n_gpus_per_node': 4,
[36m(TaskRunner pid=2835327)[0m              'nnodes': 1,
[36m(TaskRunner pid=2835327)[0m              'project_name': 'qwen3vl_geometry3k_distill',
[36m(TaskRunner pid=2835327)[0m              'ray_wait_register_center_timeout': 300,
[36m(TaskRunner pid=2835327)[0m              'resume_from_path': None,
[36m(TaskRunner pid=2835327)[0m              'resume_mode': 'disable',
[36m(TaskRunner pid=2835327)[0m              'rollout_data_dir': '/inspire/hdd/global_user/mengweicheng-240108120092/lzy/projects/Dual-Track-OPD/runs/gkd_geometry3k/qwen3vl_geometry3k_gkd_20260711_035352/rollouts',
[36m(TaskRunner pid=2835327)[0m              'save_freq': 10,
[36m(TaskRunner pid=2835327)[0m              'test_freq': 10,
[36m(TaskRunner pid=2835327)[0m              'total_epochs': 100,
[36m(TaskRunner pid=2835327)[0m              'total_training_steps': 50,
[36m(TaskRunner pid=2835327)[0m              'use_legacy_worker_impl': 'auto',
[36m(TaskRunner pid=2835327)[0m              'val_before_train': False,
[36m(TaskRunner pid=2835327)[0m              'val_only': False,
[36m(TaskRunner pid=2835327)[0m              'validation_data_dir': '/inspire/hdd/global_user/mengweicheng-240108120092/lzy/projects/Dual-Track-OPD/runs/gkd_geometry3k/qwen3vl_geometry3k_gkd_20260711_035352/validation'},
[36m(TaskRunner pid=2835327)[0m  'transfer_queue': {'enable': False}}
[36m(TaskRunner pid=2835327)[0m [validate_config] All configuration checks passed successfully!
[36m(TaskRunner pid=2835327)[0m Using dataset class: FCOPDDataset
[36m(TaskRunner pid=2835327)[0m dataset len: 1901
[36m(TaskRunner pid=2835327)[0m Using dataset class: FCOPDDataset
[36m(TaskRunner pid=2835327)[0m dataset len: 200
[36m(TaskRunner pid=2835327)[0m Size of train dataloader: 475, Size of val dataloader: 1
[36m(TaskRunner pid=2835327)[0m Total training steps: 50
[36m(TaskRunner pid=2835327)[0m colocated worker base class <class 'verl.single_controller.base.worker.Worker'>
[36m(WorkerDict pid=2942692)[0m [Gloo] Rank 0 is connected to 3 peer ranks. Expected number of connected peer ranks is : 3
[36m(WorkerDict pid=2942692)[0m Model config after override: Qwen3VLConfig {
[36m(WorkerDict pid=2942692)[0m   "architectures": [
[36m(WorkerDict pid=2942692)[0m     "Qwen3VLForConditionalGeneration"
[36m(WorkerDict pid=2942692)[0m   ],
[36m(WorkerDict pid=2942692)[0m   "attn_implementation": "sdpa",
[36m(WorkerDict pid=2942692)[0m   "eos_token_id": 151645,
[36m(WorkerDict pid=2942692)[0m   "image_token_id": 151655,
[36m(WorkerDict pid=2942692)[0m   "model_type": "qwen3_vl",
[36m(WorkerDict pid=2942692)[0m   "pad_token_id": 151643,
[36m(WorkerDict pid=2942692)[0m   "text_config": {
[36m(WorkerDict pid=2942692)[0m     "attention_bias": false,
[36m(WorkerDict pid=2942692)[0m     "attention_dropout": 0.0,
[36m(WorkerDict pid=2942692)[0m     "bos_token_id": 151643,
[36m(WorkerDict pid=2942692)[0m     "dtype": "bfloat16",
[36m(WorkerDict pid=2942692)[0m     "eos_token_id": 151645,
[36m(WorkerDict pid=2942692)[0m     "head_dim": 128,
[36m(WorkerDict pid=2942692)[0m     "hidden_act": "silu",
[36m(WorkerDict pid=2942692)[0m     "hidden_size": 2560,
[36m(WorkerDict pid=2942692)[0m     "initializer_range": 0.02,
[36m(WorkerDict pid=2942692)[0m     "intermediate_size": 9728,
[36m(WorkerDict pid=2942692)[0m     "max_position_embeddings": 262144,
[36m(WorkerDict pid=2942692)[0m     "model_type": "qwen3_vl_text",
[36m(WorkerDict pid=2942692)[0m     "num_attention_heads": 32,
[36m(WorkerDict pid=2942692)[0m     "num_hidden_layers": 36,
[36m(WorkerDict pid=2942692)[0m     "num_key_value_heads": 8,
[36m(WorkerDict pid=2942692)[0m     "rms_norm_eps": 1e-06,
[36m(WorkerDict pid=2942692)[0m     "rope_scaling": {
[36m(WorkerDict pid=2942692)[0m       "mrope_interleaved": true,
[36m(WorkerDict pid=2942692)[0m       "mrope_section": [
[36m(WorkerDict pid=2942692)[0m         24,
[36m(WorkerDict pid=2942692)[0m         20,
[36m(WorkerDict pid=2942692)[0m         20
[36m(WorkerDict pid=2942692)[0m       ],
[36m(WorkerDict pid=2942692)[0m       "rope_type": "default"
[36m(WorkerDict pid=2942692)[0m     },
[36m(WorkerDict pid=2942692)[0m     "rope_theta": 5000000,
[36m(WorkerDict pid=2942692)[0m     "tie_word_embeddings": true,
[36m(WorkerDict pid=2942692)[0m     "use_cache": true,
[36m(WorkerDict pid=2942692)[0m     "vocab_size": 151936
[36m(WorkerDict pid=2942692)[0m   },
[36m(WorkerDict pid=2942692)[0m   "tie_word_embeddings": true,
[36m(WorkerDict pid=2942692)[0m   "transformers_version": "4.57.3",
[36m(WorkerDict pid=2942692)[0m   "video_token_id": 151656,
[36m(WorkerDict pid=2942692)[0m   "vision_config": {
[36m(WorkerDict pid=2942692)[0m     "deepstack_visual_indexes": [
[36m(WorkerDict pid=2942692)[0m       5,
[36m(WorkerDict pid=2942692)[0m       11,
[36m(WorkerDict pid=2942692)[0m       17[36m(WorkerDict pid=2942716)[0m `torch_dtype` is deprecated! Use `dtype` instead!
[36m(pid=2942707)[0m /inspire/hdd/global_user/mengweicheng-240108120092/lzy/fc-opd-storage/envs/fc-opd-verl071-cu128/lib/python3.12/site-packages/torch/cuda/__init__.py:63: FutureWarning: The pynvml package is deprecated. Please install nvidia-ml-py instead. If you did not install pynvml directly, please report this to the maintainers of the package that installed pynvml for you.[32m [repeated 3x across cluster] (Ray deduplicates logs by default. Set RAY_DEDUP_LOGS=0 to disable log deduplication, or see https://docs.ray.io/en/master/ray-observability/user-guides/configure-logging.html#log-deduplication for more options.)[0m
[36m(pid=2942707)[0m   import pynvml  # type: ignore[import][32m [repeated 3x across cluster][0m
[36m(WorkerDict pid=2942692)[0m Loading checkpoint shards:   0%|          | 0/2 [00:00<?, ?it/s]
[36m(WorkerDict pid=2942692)[0m Loading checkpoint shards:  50%|█████     | 1/2 [00:06<00:06,  6.21s/it]
[36m(WorkerDict pid=2942692)[0m `torch_dtype` is deprecated! Use `dtype` instead![32m [repeated 3x across cluster][0m
[36m(WorkerDict pid=2942707)[0m Loading checkpoint shards:   0%|          | 0/2 [00:00<?, ?it/s][32m [repeated 3x across cluster][0m
[36m(WorkerDict pid=2942692)[0m Loading checkpoint shards: 100%|██████████| 2/2 [00:11<00:00,  5.38s/it]Loading checkpoint shards: 100%|██████████| 2/2 [00:11<00:00,  5.51s/it]
[36m(pid=3007691)[0m /inspire/hdd/global_user/mengweicheng-240108120092/lzy/fc-opd-storage/envs/fc-opd-verl071-cu128/lib/python3.12/site-packages/torch/cuda/__init__.py:63: FutureWarning: The pynvml package is deprecated. Please install nvidia-ml-py instead. If you did not install pynvml directly, please report this to the maintainers of the package that installed pynvml for you.
[36m(pid=3007691)[0m   import pynvml  # type: ignore[import]
[36m(WorkerDict pid=2942707)[0m Loading checkpoint shards:  50%|█████     | 1/2 [00:06<00:06,  6.23s/it][32m [repeated 3x across cluster][0m
[36m(WorkerDict pid=2942707)[0m Loading checkpoint shards: 100%|██████████| 2/2 [00:11<00:00,  5.39s/it]Loading checkpoint shards: 100%|██████████| 2/2 [00:11<00:00,  5.52s/it][32m [repeated 3x across cluster][0m
[36m(vLLMHttpServer pid=3013569)[0m WARNING:2026-07-11 03:56:56,786:agent loop only support torch and npu profiler, got None
[36m(vLLMHttpServer pid=3013569)[0m INFO:2026-07-11 03:56:56,786:vLLMHttpServer, replica_rank: 0, node_rank: 0, CUDA_VISIBLE_DEVICES: 1, master_address: 252.0.19.74, master_port: 33277, data_parallel_rpc_port: 39879, data_parallel_master_port: 44537
[36m(vLLMHttpServer pid=3013569)[0m INFO:2026-07-11 03:56:56,795:override_generation_config: {'temperature': 1.0, 'top_k': -1, 'top_p': 0.99, 'repetition_penalty': 1.0, 'max_new_tokens': 1024}
[36m(vLLMHttpServer pid=3013569)[0m INFO:2026-07-11 03:56:56,795:enable_sleep_mode: True
[36m(vLLMHttpServer pid=3013569)[0m `torch_dtype` is deprecated! Use `dtype` instead!
[36m(pid=3013759)[0m /inspire/hdd/global_user/mengweicheng-240108120092/lzy/fc-opd-storage/envs/fc-opd-verl071-cu128/lib/python3.12/site-packages/torch/cuda/__init__.py:63: FutureWarning: The pynvml package is deprecated. Please install nvidia-ml-py instead. If you did not install pynvml directly, please report this to the maintainers of the package that installed pynvml for you.[32m [repeated 11x across cluster][0m
[36m(pid=3013759)[0m   import pynvml  # type: ignore[import][32m [repeated 11x across cluster][0m
[36m(vLLMHttpServer pid=3013759)[0m WARNING:2026-07-11 03:56:57,649:agent loop only support torch and npu profiler, got None[32m [repeated 3x across cluster][0m
[36m(vLLMHttpServer pid=3013759)[0m INFO:2026-07-11 03:56:57,649:vLLMHttpServer, replica_rank: 3, node_rank: 0, CUDA_VISIBLE_DEVICES: 4, master_address: 252.0.19.74, master_port: 35787, data_parallel_rpc_port: 40363, data_parallel_master_port: 43065[32m [repeated 3x across cluster][0m
[36m(vLLMHttpServer pid=3013759)[0m INFO:2026-07-11 03:56:57,653:override_generation_config: {'temperature': 1.0, 'top_k': -1, 'top_p': 0.99, 'repetition_penalty': 1.0, 'max_new_tokens': 1024}[32m [repeated 3x across cluster][0m
[36m(vLLMHttpServer pid=3013759)[0m INFO:2026-07-11 03:56:57,653:enable_sleep_mode: True[32m [repeated 3x across cluster][0m
[36m(vLLMHttpServer pid=3013759)[0m `torch_dtype` is deprecated! Use `dtype` instead![32m [repeated 3x across cluster][0m
[36m(vLLMHttpServer pid=3013569)[0m /inspire/hdd/global_user/mengweicheng-240108120092/lzy/fc-opd-storage/envs/fc-opd-verl071-cu128/lib/python3.12/site-packages/torch/cuda/__init__.py:63: FutureWarning: The pynvml package is deprecated. Please install nvidia-ml-py instead. If you did not install pynvml directly, please report this to the maintainers of the package that installed pynvml for you.[32m [repeated 5x across cluster][0m
[36m(vLLMHttpServer pid=3013569)[0m   import pynvml  # type: ignore[import][32m [repeated 5x across cluster][0m
[36m(vLLMHttpServer pid=3013569)[0m W0711 03:57:10.005000 3040026 site-packages/torch/utils/cpp_extension.py:2425] TORCH_CUDA_ARCH_LIST is not set, all archs for visible cards are included for compilation. 
[36m(vLLMHttpServer pid=3013569)[0m W0711 03:57:10.005000 3040026 site-packages/torch/utils/cpp_extension.py:2425] If this is not desired, please set os.environ['TORCH_CUDA_ARCH_LIST'] to specific architectures.
[36m(vLLMHttpServer pid=3013759)[0m /inspire/hdd/global_user/mengweicheng-240108120092/lzy/fc-opd-storage/envs/fc-opd-verl071-cu128/lib/python3.12/site-packages/torch/cuda/__init__.py:63: FutureWarning: The pynvml package is deprecated. Please install nvidia-ml-py instead. If you did not install pynvml directly, please report this to the maintainers of the package that installed pynvml for you.[32m [repeated 3x across cluster][0m
[36m(vLLMHttpServer pid=3013759)[0m   import pynvml  # type: ignore[import][32m [repeated 3x across cluster][0m
[36m(vLLMHttpServer pid=3013629)[0m [1;36m(Worker pid=3040878)[0;0m 2026-07-11 03:57:52,067 - INFO - autotuner.py:256 - flashinfer.jit: [Autotuner]: Autotuning process starts ...
[36m(vLLMHttpServer pid=3013629)[0m [1;36m(Worker pid=3040878)[0;0m 2026-07-11 03:57:52,149 - INFO - autotuner.py:262 - flashinfer.jit: [Autotuner]: Autotuning process ends
[36m(vLLMHttpServer pid=3013759)[0m W0711 03:57:11.083000 3041707 site-packages/torch/utils/cpp_extension.py:2425] TORCH_CUDA_ARCH_LIST is not set, all archs for visible cards are included for compilation. [32m [repeated 3x across cluster][0m
[36m(vLLMHttpServer pid=3013759)[0m W0711 03:57:11.083000 3041707 site-packages/torch/utils/cpp_extension.py:2425] If this is not desired, please set os.environ['TORCH_CUDA_ARCH_LIST'] to specific architectures.[32m [repeated 3x across cluster][0m
[36m(vLLMHttpServer pid=3013629)[0m [1;36m(Worker pid=3040878)[0;0m Capturing CUDA graphs (mixed prefill-decode, PIECEWISE):   0%|          | 0/67 [00:00<?, ?it/s]
[36m(vLLMHttpServer pid=3013629)[0m Capturing CUDA graphs (mixed prefill-decode, PIECEWISE):   4%|▍         | 3/67 [00:00<00:02, 21.91it/s]
[36m(vLLMHttpServer pid=3013629)[0m Capturing CUDA graphs (mixed prefill-decode, PIECEWISE):   9%|▉         | 6/67 [00:00<00:02, 22.87it/s]
[36m(vLLMHttpServer pid=3013629)[0m Capturing CUDA graphs (mixed prefill-decode, PIECEWISE):  13%|█▎        | 9/67 [00:00<00:02, 22.81it/s]
[36m(vLLMHttpServer pid=3013629)[0m Capturing CUDA graphs (mixed prefill-decode, PIECEWISE):  18%|█▊        | 12/67 [00:00<00:02, 22.63it/s]
[36m(vLLMHttpServer pid=3013629)[0m Capturing CUDA graphs (mixed prefill-decode, PIECEWISE):  22%|██▏       | 15/67 [00:00<00:02, 22.40it/s]
[36m(vLLMHttpServer pid=3013629)[0m Capturing CUDA graphs (mixed prefill-decode, PIECEWISE):  27%|██▋       | 18/67 [00:00<00:02, 22.38it/s]
[36m(vLLMHttpServer pid=3013629)[0m Capturing CUDA graphs (mixed prefill-decode, PIECEWISE):  31%|███▏      | 21/67 [00:00<00:02, 22.66it/s]
[36m(vLLMHttpServer pid=3013629)[0m Capturing CUDA graphs (mixed prefill-decode, PIECEWISE):  36%|███▌      | 24/67 [00:01<00:01, 22.44it/s]
[36m(vLLMHttpServer pid=3013629)[0m Capturing CUDA graphs (mixed prefill-decode, PIECEWISE):  40%|████      | 27/67 [00:01<00:01, 22.04it/s]
[36m(vLLMHttpServer pid=3013629)[0m Capturing CUDA graphs (mixed prefill-decode, PIECEWISE):  45%|████▍     | 30/67 [00:01<00:01, 21.97it/s]
[36m(vLLMHttpServer pid=3013629)[0m Capturing CUDA graphs (mixed prefill-decode, PIECEWISE):  93%|█████████▎| 62/67 [00:03<00:00, 13.53it/s]
[36m(vLLMHttpServer pid=3013629)[0m Capturing CUDA graphs (mixed prefill-decode, PIECEWISE):  96%|█████████▌| 64/67 [00:03<00:00, 14.89it/s]
[36m(vLLMHttpServer pid=3013629)[0m Capturing CUDA graphs (mixed prefill-decode, PIECEWISE):  99%|█████████▊| 66/67 [00:03<00:00, 13.95it/s]
[36m(vLLMHttpServer pid=3013629)[0m Capturing CUDA graphs (mixed prefill-decode, PIECEWISE): 100%|██████████| 67/67 [00:03<00:00, 17.34it/s]
[36m(vLLMHttpServer pid=3013629)[0m [1;36m(Worker pid=3040878)[0;0m Capturing CUDA graphs (decode, FULL):   0%|          | 0/67 [00:00<?, ?it/s]
[36m(vLLMHttpServer pid=3013629)[0m Capturing CUDA graphs (decode, FULL):   4%|▍         | 3/67 [00:00<00:02, 23.54it/s]
[36m(vLLMHttpServer pid=3013629)[0m Capturing CUDA graphs (decode, FULL):   9%|▉         | 6/67 [00:00<00:03, 18.27it/s]
[36m(vLLMHttpServer pid=3013629)[0m Capturing CUDA graphs (decode, FULL):  15%|█▍        | 10/67 [00:00<00:03, 18.58it/s]
[36m(vLLMHttpServer pid=3013629)[0m Capturing CUDA graphs (decode, FULL):  19%|█▉        | 13/67 [00:00<00:02, 19.83it/s]
[36m(vLLMHttpServer pid=3013629)[0m Capturing CUDA graphs (decode, FULL):  24%|██▍       | 16/67 [00:00<00:02, 18.33it/s]
[36m(vLLMHttpServer pid=3013759)[0m [1;36m(Worker pid=3041707)[0;0m 2026-07-11 03:57:54,626 - INFO - autotuner.py:256 - flashinfer.jit: [Autotuner]: Autotuning process starts ...[32m [repeated 3x across cluster][0m
[36m(vLLMHttpServer pid=3013759)[0m [1;36m(Worker pid=3041707)[0;0m 2026-07-11 03:57:54,709 - INFO - autotuner.py:262 - flashinfer.jit: [Autotuner]: Autotuning process ends[32m [repeated 3x across cluster][0m
[36m(vLLMHttpServer pid=3013629)[0m Capturing CUDA graphs (decode, FULL):  28%|██▊       | 19/67 [00:00<00:02, 20.97it/s]
[36m(vLLMHttpServer pid=3013759)[0m [1;36m(Worker pid=3041707)[0;0m Capturing CUDA graphs (mixed prefill-decode, PIECEWISE):   0%|          | 0/67 [00:00<?, ?it/s][32m [repeated 3x across cluster][0m
[36m(vLLMHttpServer pid=3013629)[0m Capturing CUDA graphs (decode, FULL):  34%|███▍      | 23/67 [00:01<00:02, 21.55it/s]
[36m(vLLMHttpServer pid=3013569)[0m Capturing CUDA graphs (mixed prefill-decode, PIECEWISE):  87%|████████▋ | 58/67 [00:03<00:00, 14.18it/s][32m [repeated 68x across cluster][0m
[36m(vLLMHttpServer pid=3013629)[0m Capturing CUDA graphs (decode, FULL):  39%|███▉      | 26/67 [00:01<00:01, 22.97it/s]
[36m(vLLMHttpServer pid=3013629)[0m Capturing CUDA graphs (decode, FULL):  43%|████▎     | 29/67 [00:01<00:01, 24.18it/s]
[36m(vLLMHttpServer pid=3013629)[0m Capturing CUDA graphs (decode, FULL):  48%|████▊     | 32/67 [00:01<00:01, 22.14it/s]
[36m(vLLMHttpServer pid=3013629)[0m Capturing CUDA graphs (decode, FULL):  52%|█████▏    | 35/67 [00:01<00:01, 20.71it/s]
[36m(vLLMHttpServer pid=3013629)[0m Capturing CUDA graphs (decode, FULL):  57%|█████▋    | 38/67 [00:01<00:01, 20.88it/s]
[36m(vLLMHttpServer pid=3013629)[0m Capturing CUDA graphs (decode, FULL):  61%|██████    | 41/67 [00:02<00:01, 15.42it/s]
[36m(vLLMHttpServer pid=3013629)[0m Capturing CUDA graphs (decode, FULL):  88%|████████▊ | 59/67 [00:02<00:00, 20.09it/s]Capturing CUDA graphs (decode, FULL):  93%|█████████▎| 62/67 [00:03<00:00, 22.26it/s]
[36m(vLLMHttpServer pid=3013629)[0m Capturing CUDA graphs (decode, FULL):  97%|█████████▋| 65/67 [00:03<00:00, 18.24it/s]Capturing CUDA graphs (decode, FULL): 100%|██████████| 67/67 [00:03<00:00, 19.92it/s]
[36m(vLLMHttpServer pid=3013759)[0m Capturing CUDA graphs (mixed prefill-decode, PIECEWISE): 100%|██████████| 67/67 [00:05<00:00, 13.20it/s][32m [repeated 12x across cluster][0m
[36m(vLLMHttpServer pid=3013759)[0m [1;36m(Worker pid=3041707)[0;0m Capturing CUDA graphs (decode, FULL):   0%|          | 0/67 [00:00<?, ?it/s][32m [repeated 3x across cluster][0m
[36m(vLLMHttpServer pid=3013569)[0m Capturing CUDA graphs (decode, FULL):  94%|█████████▍| 63/67 [00:02<00:00, 25.04it/s]
[36m(vLLMHttpServer pid=3013759)[0m Capturing CUDA graphs (decode, FULL):  36%|███▌      | 24/67 [00:01<00:01, 23.97it/s][32m [repeated 42x across cluster][0m
[36m(vLLMHttpServer pid=3013759)[0m Capturing CUDA graphs (mixed prefill-decode, PIECEWISE):  90%|████████▉ | 60/67 [00:04<00:00, 12.92it/s][32m [repeated 27x across cluster][0m

[36m(WorkerDict pid=2942692)[0m     ],
[36m(WorkerDict pid=2942692)[0m     "depth": 24,
[36m(WorkerDict pid=2942692)[0m     "hidden_act": "gelu_pytorch_tanh",
[36m(WorkerDict pid=2942692)[0m     "hidden_size": 1024,
[36m(WorkerDict pid=2942692)[0m     "in_channels": 3,
[36m(WorkerDict pid=2942692)[0m     "initializer_range": 0.02,
[36m(WorkerDict pid=2942692)[0m     "intermediate_size": 4096,
[36m(WorkerDict pid=2942692)[0m     "model_type": "qwen3_vl",
[36m(WorkerDict pid=2942692)[0m     "num_heads": 16,
[36m(WorkerDict pid=2942692)[0m     "num_position_embeddings": 2304,
[36m(WorkerDict pid=2942692)[0m     "out_hidden_size": 2560,
[36m(WorkerDict pid=2942692)[0m     "patch_size": 16,
[36m(WorkerDict pid=2942692)[0m     "spatial_merge_size": 2,
[36m(WorkerDict pid=2942692)[0m     "temporal_patch_size": 2
[36m(WorkerDict pid=2942692)[0m   },
[36m(WorkerDict pid=2942692)[0m   "vision_end_token_id": 151653,
[36m(WorkerDict pid=2942692)[0m   "vision_start_token_id": 151652
[36m(WorkerDict pid=2942692)[0m }
[36m(WorkerDict pid=2942692)[0m 
[36m(WorkerDict pid=2942692)[0m Monkey patch Qwen3VLForConditionalGeneration model forward
[36m(WorkerDict pid=2942692)[0m Skipping monkey patch for Qwen3VLForConditionalGeneration as use_fused_kernels is False or fused_kernels_backend is torch
[36m(WorkerDict pid=2942692)[0m Qwen3VLForConditionalGeneration contains 4.44B parameters
[36m(WorkerDict pid=2942692)[0m wrap_policy: functools.partial(<function _or_policy at 0x7f76e9f30cc0>, policies=[functools.partial(<function transformer_auto_wrap_policy at 0x7f76e9f30b80>, transformer_layer_cls={<class 'transformers.models.qwen3_vl.modeling_qwen3_vl.Qwen3VLVisionBlock'>, <class 'transformers.models.qwen3_vl.modeling_qwen3_vl.Qwen3VLTextDecoderLayer'>})])
[36m(WorkerDict pid=2942707)[0m [Gloo] Rank 1 is connected to 3 peer ranks. Expected number of connected peer ranks is : 3[32m [repeated 3x across cluster][0m
[36m(WorkerDict pid=2942692)[0m Total steps: 50, num_warmup_steps: 0
[36m(WorkerDict pid=2942692)[0m Actor use_remove_padding=False
[36m(WorkerDict pid=2942692)[0m Actor use_fused_kernels=False
[36m(WorkerDict pid=2942692)[0m Actor use_prefix_grouper=False
[36m(WorkerDict pid=2942707)[0m Monkey patch Qwen3VLForConditionalGeneration model forward[32m [repeated 3x across cluster][0m
[36m(WorkerDict pid=2942707)[0m Skipping monkey patch for Qwen3VLForConditionalGeneration as use_fused_kernels is False or fused_kernels_backend is torch[32m [repeated 3x across cluster][0m
[36m(WorkerDict pid=2942692)[0m NCCL version 2.27.3+cuda12.9
[36m(WorkerDict pid=2942692)[0m [Gloo] Rank 0 is connected to 3 peer ranks. Expected number of connected peer ranks is : 3
[36m(WorkerDict pid=2942692)[0m [Gloo] Rank 0 is connected to 0 peer ranks. Expected number of connected peer ranks is : 0
[36m(WorkerDict pid=2942692)[0m [Gloo] Rank 0 is connected to 0 peer ranks. Expected number of connected peer ranks is : 0
[36m(TaskRunner pid=2835327)[0m WARNING 07-11 03:56:46 [api_server.py:1213] LoRA dynamic loading & unloading is enabled in the API server. This should ONLY be used for local development!
[36m(WorkerDict pid=2942707)[0m [Gloo] Rank 0 is connected to 0 peer ranks. Expected number of connected peer ranks is : 0[32m [repeated 9x across cluster][0m
[36m(pid=3013569)[0m WARNING 07-11 03:56:55 [api_server.py:1213] LoRA dynamic loading & unloading is enabled in the API server. This should ONLY be used for local development!
[36m(pid=3013629)[0m WARNING 07-11 03:56:56 [api_server.py:1213] LoRA dynamic loading & unloading is enabled in the API server. This should ONLY be used for local development!
[36m(vLLMHttpServer pid=3013569)[0m ['serve',
[36m(vLLMHttpServer pid=3013569)[0m  '/inspire/hdd/global_user/mengweicheng-240108120092/lzy/models/Qwen3-VL-4B-Instruct',
[36m(vLLMHttpServer pid=3013569)[0m  '--dtype',
[36m(vLLMHttpServer pid=3013569)[0m  'bfloat16',
[36m(vLLMHttpServer pid=3013569)[0m  '--load_format',
[36m(vLLMHttpServer pid=3013569)[0m  'dummy',
[36m(vLLMHttpServer pid=3013569)[0m  '--distributed_executor_backend',
[36m(vLLMHttpServer pid=3013569)[0m  'mp',
[36m(vLLMHttpServer pid=3013569)[0m  '--worker_extension_cls',
[36m(vLLMHttpServer pid=3013569)[0m  'verl.workers.rollout.vllm_rollout.utils.vLLMColocateWorkerExtension',
[36m(vLLMHttpServer pid=3013569)[0m  '--max_model_len',
[36m(vLLMHttpServer pid=3013569)[0m  '7168',
[36m(vLLMHttpServer pid=3013569)[0m  '--max_num_seqs',
[36m(vLLMHttpServer pid=3013569)[0m  '1024',
[36m(vLLMHttpServer pid=3013569)[0m  '--enable_chunked_prefill',
[36m(vLLMHttpServer pid=3013569)[0m  '--max_num_batched_tokens',
[36m(vLLMHttpServer pid=3013569)[0m  '8192',
[36m(vLLMHttpServer pid=3013569)[0m  '--enable_prefix_caching',
[36m(vLLMHttpServer pid=3013569)[0m  '--enable_sleep_mode',
[36m(vLLMHttpServer pid=3013569)[0m  '--logprobs_mode',
[36m(vLLMHttpServer pid=3013569)[0m  'processed_logprobs',
[36m(vLLMHttpServer pid=3013569)[0m  '--gpu_memory_utilization',
[36m(vLLMHttpServer pid=3013569)[0m  '0.45',
[36m(vLLMHttpServer pid=3013569)[0m  '--disable_log_stats',
[36m(vLLMHttpServer pid=3013569)[0m  '--tensor_parallel_size',
[36m(vLLMHttpServer pid=3013569)[0m  '1',
[36m(vLLMHttpServer pid=3013569)[0m  '--seed',
[36m(vLLMHttpServer pid=3013569)[0m  '0',
[36m(vLLMHttpServer pid=3013569)[0m  '--override_generation_config',
[36m(vLLMHttpServer pid=3013569)[0m  '{"temperature": 1.0, "top_k": -1, "top_p": 0.99, "repetition_penalty": 1.0, '
[36m(vLLMHttpServer pid=3013569)[0m  '"max_new_tokens": 1024}',
[36m(vLLMHttpServer pid=3013569)[0m  '--hf_overrides',
[36m(vLLMHttpServer pid=3013569)[0m  '{}',
[36m(vLLMHttpServer pid=3013569)[0m  '--scheduling_policy',
[36m(vLLMHttpServer pid=3013569)[0m  'fcfs',
[36m(vLLMHttpServer pid=3013569)[0m  '--compilation_config',
[36m(vLLMHttpServer pid=3013569)[0m  '{"cudagraph_mode": "FULL_AND_PIECEWISE"}']
[36m(vLLMHttpServer pid=3013569)[0m WARNING 07-11 03:56:57 [__init__.py:3036] We must use the `spawn` multiprocessing start method. Overriding VLLM_WORKER_MULTIPROC_METHOD to 'spawn'. See https://docs.vllm.ai/en/latest/usage/troubleshooting.html#python-multiprocessing for more information. Reasons: In a Ray actor and can only be spawned; CUDA is initialized
[36m(vLLMHttpServer pid=3013569)[0m [Gloo] Rank 0 is connected to 0 peer ranks. Expected number of connected peer ranks is : 0
[36m(vLLMHttpServer pid=3013569)[0m [Gloo] Rank 0 is connected to 0 peer ranks. Expected number of connected peer ranks is : 0
[36m(vLLMHttpServer pid=3013569)[0m [Gloo] Rank 0 is connected to 0 peer ranks. Expected number of connected peer ranks is : 0
[36m(vLLMHttpServer pid=3013569)[0m [Gloo] Rank 0 is connected to 0 peer ranks. Expected number of connected peer ranks is : 0
[36m(vLLMHttpServer pid=3013569)[0m [Gloo] Rank 0 is connected to 0 peer ranks. Expected number of connected peer ranks is : 0
[36m(pid=3013759)[0m WARNING 07-11 03:56:56 [api_server.py:1213] LoRA dynamic loading & unloading is enabled in the API server. This should ONLY be used for local development![32m [repeated 2x across cluster][0m
[36m(vLLMHttpServer pid=3013759)[0m WARNING 07-11 03:56:58 [__init__.py:3036] We must use the `spawn` multiprocessing start method. Overriding VLLM_WORKER_MULTIPROC_METHOD to 'spawn'. See https://docs.vllm.ai/en/latest/usage/troubleshooting.html#python-multiprocessing for more information. Reasons: In a Ray actor and can only be spawned; CUDA is initialized[32m [repeated 3x across cluster][0m
[36m(vLLMHttpServer pid=3013569)[0m [Gloo] Rank 0 is connected to 0 peer ranks. Expected number of connected peer ranks is : 0
[36m(vLLMHttpServer pid=3013629)[0m WARNING 07-11 03:58:04 [model.py:1389] Default sampling parameters have been overridden by the model's Hugging Face generation config recommended from the model creator. If this is not intended, please relaunch vLLM instance with `--generation-config vllm`.
[36m(vLLMHttpServer pid=3013759)[0m [Gloo] Rank 0 is connected to 0 peer ranks. Expected number of connected peer ranks is : 0[32m [repeated 18x across cluster][0m[36m(vLLMHttpServer pid=3013569)[0m INFO:2026-07-11 03:58:06,566:Initializing a V1 LLM engine with config: model='/inspire/hdd/global_user/mengweicheng-240108120092/lzy/models/Qwen3-VL-4B-Instruct', speculative_config=None, tokenizer='/inspire/hdd/global_user/mengweicheng-240108120092/lzy/models/Qwen3-VL-4B-Instruct', skip_tokenizer_init=False, tokenizer_mode=auto, revision=None, tokenizer_revision=None, trust_remote_code=False, dtype=torch.bfloat16, max_seq_len=7168, download_dir=None, load_format=dummy, tensor_parallel_size=1, pipeline_parallel_size=1, data_parallel_size=1, disable_custom_all_reduce=False, quantization=None, enforce_eager=False, kv_cache_dtype=auto, device_config=cuda, structured_outputs_config=StructuredOutputsConfig(backend='auto', disable_fallback=False, disable_any_whitespace=False, disable_additional_properties=False, reasoning_parser=''), observability_config=ObservabilityConfig(show_hidden_metrics_for_version=None, otlp_traces_endpoint=None, collect_detailed_traces=None), seed=0, served_model_name=/inspire/hdd/global_user/mengweicheng-240108120092/lzy/models/Qwen3-VL-4B-Instruct, enable_prefix_caching=True, chunked_prefill_enabled=True, pooler_config=None, compilation_config={"level":3,"debug_dump_path":"","cache_dir":"","backend":"","custom_ops":[],"splitting_ops":["vllm.unified_attention","vllm.unified_attention_with_output","vllm.mamba_mixer2","vllm.mamba_mixer","vllm.short_conv","vllm.linear_attention","vllm.plamo2_mamba_mixer","vllm.gdn_attention","vllm.sparse_attn_indexer"],"use_inductor":true,"compile_sizes":[],"inductor_compile_config":{"enable_auto_functionalized_v2":false},"inductor_passes":{},"cudagraph_mode":[2,1],"use_cudagraph":true,"cudagraph_num_of_warmups":1,"cudagraph_capture_sizes":[512,504,496,488,480,472,464,456,448,440,432,424,416,408,400,392,384,376,368,360,352,344,336,328,320,312,304,296,288,280,272,264,256,248,240,232,224,216,208,200,192,184,176,168,160,152,144,136,128,120,112,104,96,88,80,72,64,56,48,40,32,24,16,8,4,2,1],"cudagraph_copy_inputs":false,"full_cuda_graph":false,"use_inductor_graph_partition":false,"pass_config":{},"max_capture_size":512,"local_cache_dir":null}
[36m(vLLMHttpServer pid=3013569)[0m Capturing CUDA graphs (decode, FULL): 100%|██████████| 67/67 [00:03<00:00, 26.76it/s]Capturing CUDA graphs (decode, FULL): 100%|██████████| 67/67 [00:03<00:00, 21.64it/s]
[36m(vLLMHttpServer pid=3013759)[0m Capturing CUDA graphs (decode, FULL): 100%|██████████| 67/67 [00:03<00:00, 21.58it/s][32m [repeated 6x across cluster][0m
[36m(vLLMHttpServer pid=3013759)[0m Capturing CUDA graphs (decode, FULL):  88%|████████▊ | 59/67 [00:02<00:00, 21.42it/s][32m [repeated 19x across cluster][0m
[36m(pid=3171268)[0m /inspire/hdd/global_user/mengweicheng-240108120092/lzy/fc-opd-storage/envs/fc-opd-verl071-cu128/lib/python3.12/site-packages/torch/cuda/__init__.py:63: FutureWarning: The pynvml package is deprecated. Please install nvidia-ml-py instead. If you did not install pynvml directly, please report this to the maintainers of the package that installed pynvml for you.
[36m(pid=3171268)[0m   import pynvml  # type: ignore[import]
[36m(WorkerDict pid=2942692)[0m INFO:2026-07-11 03:58:10,607:update_weights done, time cost: 0.67s
[36m(TaskRunner pid=2835327)[0m Training Progress:   0%|          | 0/50 [00:00<?, ?it/s]
[36m(AgentLoopWorker pid=3171268)[0m You're using a Qwen2TokenizerFast tokenizer. Please note that with a fast tokenizer, using the `__call__` method is faster than using a method to encode the text followed by a call to the `pad` method to get a padded encoding.
[36m(pid=3171255)[0m /inspire/hdd/global_user/mengweicheng-240108120092/lzy/fc-opd-storage/envs/fc-opd-verl071-cu128/lib/python3.12/site-packages/torch/cuda/__init__.py:63: FutureWarning: The pynvml package is deprecated. Please install nvidia-ml-py instead. If you did not install pynvml directly, please report this to the maintainers of the package that installed pynvml for you.[32m [repeated 3x across cluster][0m
[36m(pid=3171255)[0m   import pynvml  # type: ignore[import][32m [repeated 3x across cluster][0m
[36m(TaskRunner pid=2835327)[0m WARNING:2026-07-11 03:58:28,384:========================================================================
[36m(TaskRunner pid=2835327)[0m WARNING:2026-07-11 03:58:28,384:  Qwen3-VL Online GKD Pipeline Verification
[36m(TaskRunner pid=2835327)[0m WARNING:2026-07-11 03:58:28,384:========================================================================
[36m(TaskRunner pid=2835327)[0m WARNING:2026-07-11 03:58:28,384:  C          = 1  conditions: ['full']
[36m(TaskRunner pid=2835327)[0m WARNING:2026-07-11 03:58:28,384:  loss_mode  = gkd
[36m(TaskRunner pid=2835327)[0m WARNING:2026-07-11 03:58:28,384:  batch      = [B=4, T=1024]
[36m(TaskRunner pid=2835327)[0m WARNING:2026-07-11 03:58:28,384:  top_k      = 32
[36m(TaskRunner pid=2835327)[0m WARNING:2026-07-11 03:58:28,384:  exact_lp   = torch.Size([4, 1, 1024])  (None=tail-fallback)
[36m(TaskRunner pid=2835327)[0m WARNING:2026-07-11 03:58:28,384:  Student    = raw image + canonical question  (choices allowed, no XML)
[36m(TaskRunner pid=2835327)[0m WARNING:2026-07-11 03:58:28,384:  Teacher    = raw image + same canonical question  (no format bias)
[36m(TaskRunner pid=2835327)[0m WARNING:2026-07-11 03:58:28,384:  KL         = forward
[36m(TaskRunner pid=2835327)[0m WARNING:2026-07-11 03:58:28,384:  Objective  = forward KL on the full-image teacher distribution (pure distillation, no GRPO)
[36m(TaskRunner pid=2835327)[0m WARNING:2026-07-11 03:58:28,384:  Routing    = uniform over teacher-valid response tokens
[36m(TaskRunner pid=2835327)[0m WARNING:2026-07-11 03:58:28,384:  Update     = current rollout -> immediate teacher score -> actor backward
[36m(TaskRunner pid=2835327)[0m WARNING:2026-07-11 03:58:28,384:========================================================================
[36m(TaskRunner pid=2835327)[0m ========================================================================
[36m(TaskRunner pid=2835327)[0m   Qwen3-VL Online GKD Pipeline Verification
[36m(TaskRunner pid=2835327)[0m ========================================================================
[36m(TaskRunner pid=2835327)[0m   C          = 1  conditions: ['full']
[36m(TaskRunner pid=2835327)[0m   loss_mode  = gkd
[36m(TaskRunner pid=2835327)[0m   batch      = [B=4, T=1024]
[36m(TaskRunner pid=2835327)[0m   top_k      = 32
[36m(TaskRunner pid=2835327)[0m   exact_lp   = torch.Size([4, 1, 1024])  (None=tail-fallback)
[36m(TaskRunner pid=2835327)[0m   Student    = raw image + canonical question  (choices allowed, no XML)
[36m(TaskRunner pid=2835327)[0m   Teacher    = raw image + same canonical question  (no format bias)
[36m(TaskRunner pid=2835327)[0m   KL         = forward
[36m(TaskRunner pid=2835327)[0m   Objective  = forward KL on the full-image teacher distribution (pure distillation, no GRPO)
[36m(TaskRunner pid=2835327)[0m   Routing    = uniform over teacher-valid response tokens
[36m(TaskRunner pid=2835327)[0m   Update     = current rollout -> immediate teacher score -> actor backward
[36m(TaskRunner pid=2835327)[0m ========================================================================
[36m(AgentLoopWorker pid=3171255)[0m You're using a Qwen2TokenizerFast tokenizer. Please note that with a fast tokenizer, using the `__call__` method is faster than using a method to encode the text followed by a call to the `pad` method to get a padded encoding.[32m [repeated 3x across cluster][0m
[36m(WorkerDict pid=2942692)[0m INFO:2026-07-11 03:58:35,323:update_weights done, time cost: 0.68s
[36m(TaskRunner pid=2835327)[0m Training Progress:   2%|▏         | 1/50 [00:24<20:06, 24.63s/it]
[36m(TaskRunner pid=2835327)[0m WARNING:2026-07-11 03:58:42,840:========================================================================
[36m(TaskRunner pid=2835327)[0m WARNING:2026-07-11 03:58:42,840:  Qwen3-VL Online GKD Pipeline Verification
[36m(TaskRunner pid=2835327)[0m WARNING:2026-07-11 03:58:42,840:========================================================================
[36m(TaskRunner pid=2835327)[0m WARNING:2026-07-11 03:58:42,840:  C          = 1  conditions: ['full']
[36m(TaskRunner pid=2835327)[0m WARNING:2026-07-11 03:58:42,840:  loss_mode  = gkd
[36m(TaskRunner pid=2835327)[0m WARNING:2026-07-11 03:58:42,840:  batch      = [B=4, T=1024]
[36m(TaskRunner pid=2835327)[0m WARNING:2026-07-11 03:58:42,840:  top_k      = 32
[36m(TaskRunner pid=2835327)[0m WARNING:2026-07-11 03:58:42,840:  exact_lp   = torch.Size([4, 1, 1024])  (None=tail-fallback)
[36m(TaskRunner pid=2835327)[0m WARNING:2026-07-11 03:58:42,840:  Student    = raw image + canonical question  (choices allowed, no XML)
[36m(TaskRunner pid=2835327)[0m WARNING:2026-07-11 03:58:42,840:  Teacher    = raw image + same canonical question  (no format bias)
[36m(TaskRunner pid=2835327)[0m WARNING:2026-07-11 03:58:42,840:  KL         = forward
[36m(TaskRunner pid=2835327)[0m WARNING:2026-07-11 03:58:42,840:  Objective  = forward KL on the full-image teacher distribution (pure distillation, no GRPO)
[36m(TaskRunner pid=2835327)[0m WARNING:2026-07-11 03:58:42,840:  Routing    = uniform over teacher-valid response tokens
[36m(TaskRunner pid=2835327)[0m WARNING:2026-07-11 03:58:42,840:  Update     = current rollout -> immediate teacher score -> actor backward
[36m(TaskRunner pid=2835327)[0m WARNING:2026-07-11 03:58:42,840:========================================================================
[36m(TaskRunner pid=2835327)[0m ========================================================================
[36m(TaskRunner pid=2835327)[0m   Qwen3-VL Online GKD Pipeline Verification
[36m(TaskRunner pid=2835327)[0m ========================================================================
[36m(TaskRunner pid=2835327)[0m   C          = 1  conditions: ['full']
[36m(TaskRunner pid=2835327)[0m   loss_mode  = gkd
[36m(TaskRunner pid=2835327)[0m   batch      = [B=4, T=1024]
[36m(TaskRunner pid=2835327)[0m   top_k      = 32
[36m(TaskRunner pid=2835327)[0m   exact_lp   = torch.Size([4, 1, 1024])  (None=tail-fallback)
[36m(TaskRunner pid=2835327)[0m   Student    = raw image + canonical question  (choices allowed, no XML)
[36m(TaskRunner pid=2835327)[0m   Teacher    = raw image + same canonical question  (no format bias)
[36m(TaskRunner pid=2835327)[0m   KL         = forward
[36m(TaskRunner pid=2835327)[0m   Objective  = forward KL on the full-image teacher distribution (pure distillation, no GRPO)
[36m(TaskRunner pid=2835327)[0m   Routing    = uniform over teacher-valid response tokens
[36m(TaskRunner pid=2835327)[0m   Update     = current rollout -> immediate teacher score -> actor backward
[36m(TaskRunner pid=2835327)[0m ========================================================================
[36m(WorkerDict pid=2942692)[0m INFO:2026-07-11 03:58:47,173:update_weights done, time cost: 0.61s

[36m(TaskRunner pid=2835327)[0m AgentLoopManager: ['252.0.19.74:37957', '252.0.19.74:36291', '252.0.19.74:43811', '252.0.19.74:35491']
[36m(WorkerDict pid=2942692)[0m WARNING 07-11 03:58:09 [api_server.py:1213] LoRA dynamic loading & unloading is enabled in the API server. This should ONLY be used for local development!
[36m(vLLMHttpServer pid=3013759)[0m WARNING 07-11 03:58:08 [model.py:1389] Default sampling parameters have been overridden by the model's Hugging Face generation config recommended from the model creator. If this is not intended, please relaunch vLLM instance with `--generation-config vllm`.[32m [repeated 3x across cluster][0m
[36m(AgentLoopWorker pid=3171281)[0m WARNING 07-11 03:58:17 [api_server.py:1213] LoRA dynamic loading & unloading is enabled in the API server. This should ONLY be used for local development![32m [repeated 4x across cluster][0m
[36m(AgentLoopWorker pid=3171281)[0m Using dataset class: FCOPDDataset
[36m(TaskRunner pid=2835327)[0m Dumped generations to /inspire/hdd/global_user/mengweicheng-240108120092/lzy/projects/Dual-Track-OPD/runs/gkd_geometry3k/qwen3vl_geometry3k_gkd_20260711_035352/rollouts/1.jsonl
[36m(TaskRunner pid=2835327)[0m step:1 - fc_opd/hook_loss:0.0 - fc_opd/hook_num_samples:4.0 - fc_opd/hook_active_weight:2489.0 - fc_opd/is_plain_gkd:1.0 - fc_opd/teacher_valid_ratio:1.0 - fc_opd/online/loss:0.0 - fc_opd/online/num_samples:4.0 - global_seqlen/min:308 - global_seqlen/max:1373 - global_seqlen/minmax_diff:1065 - global_seqlen/balanced_min:308 - global_seqlen/balanced_max:1373 - global_seqlen/mean:832.25 - actor/entropy:0.4679161608219147 - perf/mfu/actor_infer:0 - actor/pg_loss:-0.4999995231628418 - actor/kl_loss:0.0 - actor/fc_opd_loss:13.195111989974976 - actor/pg_clipfrac:0.0 - actor/ppo_kl:0.0 - actor/pg_clipfrac_lower:0.0 - actor/fc_opd_denominator:179.0 - actor/grad_norm:49.28801345825195 - perf/mfu/actor:0.005959929829666303 - perf/max_memory_allocated_gb:21.351612091064453 - perf/max_memory_reserved_gb:22.572265625 - perf/cpu_memory_used_gb:160.53015804290771 - actor/lr:1e-06 - training/global_step:1 - training/epoch:0 - critic/score/mean:0.5 - critic/score/max:1.0 - critic/score/min:0.0 - critic/rewards/mean:0.5 - critic/rewards/max:1.0 - critic/rewards/min:0.0 - critic/advantages/mean:0.17717942595481873 - critic/advantages/max:0.9999990463256836 - critic/advantages/min:0.0 - critic/returns/mean:0.17717942595481873 - critic/returns/max:0.9999990463256836 - critic/returns/min:0.0 - response_length/mean:622.25 - response_length/max:1024.0 - response_length/min:179.0 - response_length/clip_ratio:0.5 - response_length_non_aborted/mean:622.25 - response_length_non_aborted/max:1024.0 - response_length_non_aborted/min:179.0 - response_length_non_aborted/clip_ratio:0.5 - response/aborted_ratio:0.0 - prompt_length/mean:210.0 - prompt_length/max:349.0 - prompt_length/min:129.0 - prompt_length/clip_ratio:0.0 - num_turns/min:2 - num_turns/max:2 - num_turns/mean:2.0 - timing_s/start_profile:0.00023063085973262787 - timing_s/agent_loop/num_preempted/min:-1 - timing_s/agent_loop/num_preempted/max:-1 - timing_s/agent_loop/num_preempted/mean:-1.0 - timing_s/agent_loop/generate_sequences/min:2.912030339241028 - timing_s/agent_loop/generate_sequences/max:6.9655652698129416 - timing_s/agent_loop/generate_sequences/mean:4.990274430252612 - timing_s/agent_loop/tool_calls/min:0.0 - timing_s/agent_loop/tool_calls/max:0.0 - timing_s/agent_loop/tool_calls/mean:0.0 - timing_s/agent_loop/slowest/generate_sequences:6.9655652698129416 - timing_s/agent_loop/slowest/tool_calls:0.0 - timing_s/agent_loop/slowest/prompt_length:175 - timing_s/agent_loop/slowest/response_length:1024 - timing_s/agent_loop/slowest/num_preempted:-1 - timing_s/gen:15.71721141319722 - timing_s/fc_opd:1.1745785307139158 - timing_s/reward:3.3165328204631805e-05 - timing_s/old_log_prob:1.310503182001412 - timing_s/adv:0.0004952000454068184 - timing_s/update_actor:3.8397575737908483 - timing_s/update_weights:2.3557597948238254 - timing_s/dump_rollout_generations:0.005153801292181015 - timing_s/step:24.410331810824573 - timing_s/stop_profile:4.329811781644821e-05 - timing_per_token_ms/gen:6.314669109360072 - timing_per_token_ms/adv:0.0001487533930329884 - timing_per_token_ms/update_actor:1.1534267268822014 - perf/total_num_tokens:3329 - perf/time_per_step:24.410331810824573 - perf/throughput:34.09416989698375
[36m(AgentLoopWorker pid=3171268)[0m WARNING 07-11 03:58:18 [api_server.py:1213] LoRA dynamic loading & unloading is enabled in the API server. This should ONLY be used for local development![32m [repeated 3x across cluster][0m
[36m(AgentLoopWorker pid=3171268)[0m Using dataset class: FCOPDDataset[32m [repeated 3x across cluster][0m
[36m(TaskRunner pid=2835327)[0m Dumped generations to /inspire/hdd/global_user/mengweicheng-240108120092/lzy/projects/Dual-Track-OPD/runs/gkd_geometry3k/qwen3vl_geometry3k_gkd_20260711_035352/rollouts/2.jsonl
[36m(TaskRunner pid=2835327)[0m step:2 - fc_opd/hook_loss:0.0 - fc_opd/hook_num_samples:4.0 - fc_opd/hook_active_weight:2247.0 - fc_opd/is_plain_gkd:1.0 - fc_opd/teacher_valid_ratio:1.0 - fc_opd/online/loss:0.0 - fc_opd/online/num_samples:4.0 - global_seqlen/min:444 - global_seqlen/max:1192 - global_seqlen/minmax_diff:748 - global_seqlen/balanced_min:444 - global_seqlen/balanced_max:1192 - global_seqlen/mean:746.5 - actor/entropy:0.2683578431606293 - perf/mfu/actor_infer:0 - actor/pg_loss:-0.4999995231628418 - actor/kl_loss:0.0 - actor/fc_opd_loss:13.506268978118896 - actor/pg_clipfrac:0.0 - actor/ppo_kl:0.0 - actor/pg_clipfrac_lower:0.0 - actor/fc_opd_denominator:294.0 - actor/grad_norm:43.38505554199219 - perf/mfu/actor:0.009766669771690242 - perf/max_memory_allocated_gb:21.351612091064453 - perf/max_memory_reserved_gb:25.677734375 - perf/cpu_memory_used_gb:160.69918060302734 - actor/lr:1e-06 - training/global_step:2 - training/epoch:0 - critic/score/mean:0.5 - critic/score/max:1.0 - critic/score/min:0.0 - critic/rewards/mean:0.5 - critic/rewards/max:1.0 - critic/rewards/min:0.0 - critic/advantages/mean:0.41343972086906433 - critic/advantages/max:0.9999990463256836 - critic/advantages/min:0.0 - critic/returns/mean:0.41343972086906433 - critic/returns/max:0.9999990463256836 - critic/returns/min:0.0 - response_length/mean:561.75 - response_length/max:1024.0 - response_length/min:294.0 - response_length/clip_ratio:0.25 - response_length_non_aborted/mean:561.75 - response_length_non_aborted/max:1024.0 - response_length_non_aborted/min:294.0 - response_length_non_aborted/clip_ratio:0.25 - response/aborted_ratio:0.0 - prompt_length/mean:184.75 - prompt_length/max:288.0 - prompt_length/min:133.0 - prompt_length/clip_ratio:0.0 - num_turns/min:2 - num_turns/max:2 - num_turns/mean:2.0 - timing_s/start_profile:2.956390380859375e-05 - timing_s/agent_loop/num_preempted/min:-1 - timing_s/agent_loop/num_preempted/max:-1 - timing_s/agent_loop/num_preempted/mean:-1.0 - timing_s/agent_loop/generate_sequences/min:1.4486251072958112 - timing_s/agent_loop/generate_sequences/max:4.924492699094117 - timing_s/agent_loop/generate_sequences/mean:2.727917468873784 - timing_s/agent_loop/tool_calls/min:0.0 - timing_s/agent_loop/tool_calls/max:0.0 - timing_s/agent_loop/tool_calls/mean:0.0 - timing_s/agent_loop/slowest/generate_sequences:4.924492699094117 - timing_s/agent_loop/slowest/tool_calls:0.0 - timing_s/agent_loop/slowest/prompt_length:168 - timing_s/agent_loop/slowest/response_length:1024 - timing_s/agent_loop/slowest/num_preempted:-1 - timing_s/gen:5.9756305711343884 - timing_s/fc_opd:0.9591972781345248 - timing_s/reward:1.1761672794818878e-05 - timing_s/old_log_prob:0.6438594497740269 - timing_s/adv:0.0003868900239467621 - timing_s/update_actor:2.071266341023147 - timing_s/update_weights:2.185787090100348 - timing_s/dump_rollout_generations:0.004408625885844231 - timing_s/step:11.842977247200906 - timing_s/stop_profile:4.0180981159210205e-05 - timing_per_token_ms/gen:2.6593816515951882 - timing_per_token_ms/adv:0.00012956799194466245 - timing_per_token_ms/update_actor:0.6936591898938872 - perf/total_num_tokens:2986 - perf/time_per_step:11.842977247200906 - perf/throughput:63.033136382697656[36m(TaskRunner pid=2835327)[0m Training Progress:   4%|▍         | 2/50 [00:36<13:41, 17.11s/it]
[36m(TaskRunner pid=2835327)[0m WARNING:2026-07-11 03:58:54,943:========================================================================
[36m(TaskRunner pid=2835327)[0m WARNING:2026-07-11 03:58:54,944:  Qwen3-VL Online GKD Pipeline Verification
[36m(TaskRunner pid=2835327)[0m WARNING:2026-07-11 03:58:54,944:========================================================================
[36m(TaskRunner pid=2835327)[0m WARNING:2026-07-11 03:58:54,944:  C          = 1  conditions: ['full']
[36m(TaskRunner pid=2835327)[0m WARNING:2026-07-11 03:58:54,944:  loss_mode  = gkd
[36m(TaskRunner pid=2835327)[0m WARNING:2026-07-11 03:58:54,944:  batch      = [B=4, T=1024]
[36m(TaskRunner pid=2835327)[0m WARNING:2026-07-11 03:58:54,944:  top_k      = 32
[36m(TaskRunner pid=2835327)[0m WARNING:2026-07-11 03:58:54,944:  exact_lp   = torch.Size([4, 1, 1024])  (None=tail-fallback)
[36m(TaskRunner pid=2835327)[0m WARNING:2026-07-11 03:58:54,944:  Student    = raw image + canonical question  (choices allowed, no XML)
[36m(TaskRunner pid=2835327)[0m WARNING:2026-07-11 03:58:54,944:  Teacher    = raw image + same canonical question  (no format bias)
[36m(TaskRunner pid=2835327)[0m WARNING:2026-07-11 03:58:54,944:  KL         = forward
[36m(TaskRunner pid=2835327)[0m WARNING:2026-07-11 03:58:54,944:  Objective  = forward KL on the full-image teacher distribution (pure distillation, no GRPO)
[36m(TaskRunner pid=2835327)[0m WARNING:2026-07-11 03:58:54,944:  Routing    = uniform over teacher-valid response tokens
[36m(TaskRunner pid=2835327)[0m WARNING:2026-07-11 03:58:54,944:  Update     = current rollout -> immediate teacher score -> actor backward
[36m(TaskRunner pid=2835327)[0m WARNING:2026-07-11 03:58:54,944:========================================================================
[36m(TaskRunner pid=2835327)[0m ========================================================================
[36m(TaskRunner pid=2835327)[0m   Qwen3-VL Online GKD Pipeline Verification
[36m(TaskRunner pid=2835327)[0m ========================================================================
[36m(TaskRunner pid=2835327)[0m   C          = 1  conditions: ['full']
[36m(TaskRunner pid=2835327)[0m   loss_mode  = gkd
[36m(TaskRunner pid=2835327)[0m   batch      = [B=4, T=1024]
[36m(TaskRunner pid=2835327)[0m   top_k      = 32
[36m(TaskRunner pid=2835327)[0m   exact_lp   = torch.Size([4, 1, 1024])  (None=tail-fallback)
[36m(TaskRunner pid=2835327)[0m   Student    = raw image + canonical question  (choices allowed, no XML)
[36m(TaskRunner pid=2835327)[0m   Teacher    = raw image + same canonical question  (no format bias)
[36m(TaskRunner pid=2835327)[0m   KL         = forward
[36m(TaskRunner pid=2835327)[0m   Objective  = forward KL on the full-image teacher distribution (pure distillation, no GRPO)
[36m(TaskRunner pid=2835327)[0m   Routing    = uniform over teacher-valid response tokens
[36m(TaskRunner pid=2835327)[0m   Update     = current rollout -> immediate teacher score -> actor backward
[36m(TaskRunner pid=2835327)[0m ========================================================================
[36m(WorkerDict pid=2942692)[0m INFO:2026-07-11 03:58:59,846:update_weights done, time cost: 0.64s
[36m(TaskRunner pid=2835327)[0m Training Progress:   6%|▌         | 3/50 [00:49<11:50, 15.11s/it]
[36m(TaskRunner pid=2835327)[0m WARNING:2026-07-11 03:59:08,024:========================================================================
[36m(TaskRunner pid=2835327)[0m WARNING:2026-07-11 03:59:08,024:  Qwen3-VL Online GKD Pipeline Verification
[36m(TaskRunner pid=2835327)[0m WARNING:2026-07-11 03:59:08,024:========================================================================
[36m(TaskRunner pid=2835327)[0m WARNING:2026-07-11 03:59:08,024:  C          = 1  conditions: ['full']
[36m(TaskRunner pid=2835327)[0m WARNING:2026-07-11 03:59:08,024:  loss_mode  = gkd
[36m(TaskRunner pid=2835327)[0m WARNING:2026-07-11 03:59:08,024:  batch      = [B=4, T=1024]
[36m(TaskRunner pid=2835327)[0m WARNING:2026-07-11 03:59:08,024:  top_k      = 32
[36m(TaskRunner pid=2835327)[0m WARNING:2026-07-11 03:59:08,024:  exact_lp   = torch.Size([4, 1, 1024])  (None=tail-fallback)
[36m(TaskRunner pid=2835327)[0m WARNING:2026-07-11 03:59:08,024:  Student    = raw image + canonical question  (choices allowed, no XML)
[36m(TaskRunner pid=2835327)[0m WARNING:2026-07-11 03:59:08,024:  Teacher    = raw image + same canonical question  (no format bias)
[36m(TaskRunner pid=2835327)[0m WARNING:2026-07-11 03:59:08,024:  KL         = forward
[36m(TaskRunner pid=2835327)[0m WARNING:2026-07-11 03:59:08,024:  Objective  = forward KL on the full-image teacher distribution (pure distillation, no GRPO)
[36m(TaskRunner pid=2835327)[0m WARNING:2026-07-11 03:59:08,024:  Routing    = uniform over teacher-valid response tokens
[36m(TaskRunner pid=2835327)[0m WARNING:2026-07-11 03:59:08,024:  Update     = current rollout -> immediate teacher score -> actor backward
[36m(TaskRunner pid=2835327)[0m WARNING:2026-07-11 03:59:08,024:========================================================================
[36m(TaskRunner pid=2835327)[0m ========================================================================
[36m(TaskRunner pid=2835327)[0m   Qwen3-VL Online GKD Pipeline Verification
[36m(TaskRunner pid=2835327)[0m ========================================================================
[36m(TaskRunner pid=2835327)[0m   C          = 1  conditions: ['full']
[36m(TaskRunner pid=2835327)[0m   loss_mode  = gkd
[36m(TaskRunner pid=2835327)[0m   batch      = [B=4, T=1024]
[36m(TaskRunner pid=2835327)[0m   top_k      = 32
[36m(TaskRunner pid=2835327)[0m   exact_lp   = torch.Size([4, 1, 1024])  (None=tail-fallback)
[36m(TaskRunner pid=2835327)[0m   Student    = raw image + canonical question  (choices allowed, no XML)
[36m(TaskRunner pid=2835327)[0m   Teacher    = raw image + same canonical question  (no format bias)
[36m(TaskRunner pid=2835327)[0m   KL         = forward
[36m(TaskRunner pid=2835327)[0m   Objective  = forward KL on the full-image teacher distribution (pure distillation, no GRPO)
[36m(TaskRunner pid=2835327)[0m   Routing    = uniform over teacher-valid response tokens
[36m(TaskRunner pid=2835327)[0m   Update     = current rollout -> immediate teacher score -> actor backward
[36m(TaskRunner pid=2835327)[0m ========================================================================
[36m(WorkerDict pid=2942692)[0m INFO:2026-07-11 03:59:12,594:update_weights done, time cost: 0.68s
[36m(TaskRunner pid=2835327)[0m Training Progress:   8%|▊         | 4/50 [01:01<10:51, 14.16s/it]
[36m(TaskRunner pid=2835327)[0m WARNING:2026-07-11 03:59:20,283:========================================================================
[36m(TaskRunner pid=2835327)[0m WARNING:2026-07-11 03:59:20,283:  Qwen3-VL Online GKD Pipeline Verification
[36m(TaskRunner pid=2835327)[0m WARNING:2026-07-11 03:59:20,283:========================================================================
[36m(TaskRunner pid=2835327)[0m WARNING:2026-07-11 03:59:20,283:  C          = 1  conditions: ['full']
[36m(TaskRunner pid=2835327)[0m WARNING:2026-07-11 03:59:20,283:  loss_mode  = gkd
[36m(TaskRunner pid=2835327)[0m WARNING:2026-07-11 03:59:20,283:  batch      = [B=4, T=1024]
[36m(TaskRunner pid=2835327)[0m WARNING:2026-07-11 03:59:20,283:  top_k      = 32
[36m(TaskRunner pid=2835327)[0m WARNING:2026-07-11 03:59:20,283:  exact_lp   = torch.Size([4, 1, 1024])  (None=tail-fallback)
[36m(TaskRunner pid=2835327)[0m WARNING:2026-07-11 03:59:20,283:  Student    = raw image + canonical question  (choices allowed, no XML)
[36m(TaskRunner pid=2835327)[0m WARNING:2026-07-11 03:59:20,283:  Teacher    = raw image + same canonical question  (no format bias)
[36m(TaskRunner pid=2835327)[0m WARNING:2026-07-11 03:59:20,283:  KL         = forward
[36m(TaskRunner pid=2835327)[0m WARNING:2026-07-11 03:59:20,283:  Objective  = forward KL on the full-image teacher distribution (pure distillation, no GRPO)
[36m(TaskRunner pid=2835327)[0m WARNING:2026-07-11 03:59:20,283:  Routing    = uniform over teacher-valid response tokens
[36m(TaskRunner pid=2835327)[0m WARNING:2026-07-11 03:59:20,283:  Update     = current rollout -> immediate teacher score -> actor backward
[36m(TaskRunner pid=2835327)[0m WARNING:2026-07-11 03:59:20,283:========================================================================
[36m(TaskRunner pid=2835327)[0m ========================================================================
[36m(TaskRunner pid=2835327)[0m   Qwen3-VL Online GKD Pipeline Verification
[36m(TaskRunner pid=2835327)[0m ========================================================================
[36m(TaskRunner pid=2835327)[0m   C          = 1  conditions: ['full']
[36m(TaskRunner pid=2835327)[0m   loss_mode  = gkd
[36m(TaskRunner pid=2835327)[0m   batch      = [B=4, T=1024]
[36m(TaskRunner pid=2835327)[0m   top_k      = 32
[36m(TaskRunner pid=2835327)[0m   exact_lp   = torch.Size([4, 1, 1024])  (None=tail-fallback)
[36m(TaskRunner pid=2835327)[0m   Student    = raw image + canonical question  (choices allowed, no XML)
[36m(TaskRunner pid=2835327)[0m   Teacher    = raw image + same canonical question  (no format bias)
[36m(TaskRunner pid=2835327)[0m   KL         = forward
[36m(TaskRunner pid=2835327)[0m   Objective  = forward KL on the full-image teacher distribution (pure distillation, no GRPO)
[36m(TaskRunner pid=2835327)[0m   Routing    = uniform over teacher-valid response tokens
[36m(TaskRunner pid=2835327)[0m   Update     = current rollout -> immediate teacher score -> actor backward
[36m(TaskRunner pid=2835327)[0m ========================================================================
[36m(WorkerDict pid=2942692)[0m INFO:2026-07-11 03:59:24,546:update_weights done, time cost: 0.66s

[36m(TaskRunner pid=2835327)[0m Dumped generations to /inspire/hdd/global_user/mengweicheng-240108120092/lzy/projects/Dual-Track-OPD/runs/gkd_geometry3k/qwen3vl_geometry3k_gkd_20260711_035352/rollouts/3.jsonl
[36m(TaskRunner pid=2835327)[0m step:3 - fc_opd/hook_loss:0.0 - fc_opd/hook_num_samples:4.0 - fc_opd/hook_active_weight:3769.0 - fc_opd/is_plain_gkd:1.0 - fc_opd/teacher_valid_ratio:1.0 - fc_opd/online/loss:0.0 - fc_opd/online/num_samples:4.0 - global_seqlen/min:835 - global_seqlen/max:1306 - global_seqlen/minmax_diff:471 - global_seqlen/balanced_min:835 - global_seqlen/balanced_max:1306 - global_seqlen/mean:1143.25 - actor/entropy:0.47126826643943787 - perf/mfu/actor_infer:0 - actor/pg_loss:-0.2499997615814209 - actor/kl_loss:0.0 - actor/fc_opd_loss:12.424054622650146 - actor/pg_clipfrac:0.0 - actor/ppo_kl:0.0 - actor/pg_clipfrac_lower:0.0 - actor/fc_opd_denominator:697.0 - actor/grad_norm:59.097774505615234 - perf/mfu/actor:0.014799608183444682 - perf/max_memory_allocated_gb:21.351612091064453 - perf/max_memory_reserved_gb:25.677734375 - perf/cpu_memory_used_gb:160.81077575683594 - actor/lr:1e-06 - training/global_step:3 - training/epoch:0 - critic/score/mean:0.25 - critic/score/max:1.0 - critic/score/min:0.0 - critic/rewards/mean:0.25 - critic/rewards/max:1.0 - critic/rewards/min:0.0 - critic/advantages/mean:0.18492954969406128 - critic/advantages/max:0.9999990463256836 - critic/advantages/min:0.0 - critic/returns/mean:0.18492954969406128 - critic/returns/max:0.9999990463256836 - critic/returns/min:0.0 - response_length/mean:942.25 - response_length/max:1024.0 - response_length/min:697.0 - response_length/clip_ratio:0.75 - response_length_non_aborted/mean:942.25 - response_length_non_aborted/max:1024.0 - response_length_non_aborted/min:697.0 - response_length_non_aborted/clip_ratio:0.75 - response/aborted_ratio:0.0 - prompt_length/mean:201.0 - prompt_length/max:282.0 - prompt_length/min:138.0 - prompt_length/clip_ratio:0.0 - num_turns/min:2 - num_turns/max:2 - num_turns/mean:2.0 - timing_s/start_profile:2.7135014533996582e-05 - timing_s/agent_loop/num_preempted/min:-1 - timing_s/agent_loop/num_preempted/max:-1 - timing_s/agent_loop/num_preempted/mean:-1.0 - timing_s/agent_loop/generate_sequences/min:3.343468325212598 - timing_s/agent_loop/generate_sequences/max:4.93383221514523 - timing_s/agent_loop/generate_sequences/mean:4.526112424908206 - timing_s/agent_loop/tool_calls/min:0.0 - timing_s/agent_loop/tool_calls/max:0.0 - timing_s/agent_loop/tool_calls/mean:0.0 - timing_s/agent_loop/slowest/generate_sequences:4.93383221514523 - timing_s/agent_loop/slowest/tool_calls:0.0 - timing_s/agent_loop/slowest/prompt_length:237 - timing_s/agent_loop/slowest/response_length:1024 - timing_s/agent_loop/slowest/num_preempted:-1 - timing_s/gen:5.9358166279271245 - timing_s/fc_opd:1.2573017878457904 - timing_s/reward:9.712763130664825e-06 - timing_s/old_log_prob:0.7054877551272511 - timing_s/adv:0.00039330311119556427 - timing_s/update_actor:2.08338388428092 - timing_s/update_weights:2.737160809338093 - timing_s/dump_rollout_generations:0.004715456627309322 - timing_s/step:12.726858568377793 - timing_s/stop_profile:4.11253422498703e-05 - timing_per_token_ms/gen:1.5749049158734743 - timing_per_token_ms/adv:8.600549118643434e-05 - timing_per_token_ms/update_actor:0.45558361781782636 - perf/total_num_tokens:4573 - perf/time_per_step:12.726858568377793 - perf/throughput:89.8297088678752
[36m(TaskRunner pid=2835327)[0m Dumped generations to /inspire/hdd/global_user/mengweicheng-240108120092/lzy/projects/Dual-Track-OPD/runs/gkd_geometry3k/qwen3vl_geometry3k_gkd_20260711_035352/rollouts/4.jsonl
[36m(TaskRunner pid=2835327)[0m step:4 - fc_opd/hook_loss:0.0 - fc_opd/hook_num_samples:4.0 - fc_opd/hook_active_weight:3231.0 - fc_opd/is_plain_gkd:1.0 - fc_opd/teacher_valid_ratio:1.0 - fc_opd/online/loss:0.0 - fc_opd/online/num_samples:4.0 - global_seqlen/min:807 - global_seqlen/max:1548 - global_seqlen/minmax_diff:741 - global_seqlen/balanced_min:807 - global_seqlen/balanced_max:1548 - global_seqlen/mean:1204.25 - actor/entropy:0.3252255618572235 - perf/mfu/actor_infer:0 - actor/pg_loss:-0.7499992847442627 - actor/kl_loss:0.0 - actor/fc_opd_loss:13.304948091506958 - actor/pg_clipfrac:0.0 - actor/ppo_kl:0.0 - actor/pg_clipfrac_lower:0.0 - actor/fc_opd_denominator:660.0 - actor/grad_norm:36.47605895996094 - perf/mfu/actor:0.016224995153462377 - perf/max_memory_allocated_gb:21.351612091064453 - perf/max_memory_reserved_gb:25.85546875 - perf/cpu_memory_used_gb:160.9521255493164 - actor/lr:1e-06 - training/global_step:4 - training/epoch:0 - critic/score/mean:0.75 - critic/score/max:1.0 - critic/score/min:0.0 - critic/rewards/mean:0.75 - critic/rewards/max:1.0 - critic/rewards/min:0.0 - critic/advantages/mean:0.68306964635849 - critic/advantages/max:0.9999990463256836 - critic/advantages/min:0.0 - critic/returns/mean:0.68306964635849 - critic/returns/max:0.9999990463256836 - critic/returns/min:0.0 - response_length/mean:807.75 - response_length/max:1024.0 - response_length/min:660.0 - response_length/clip_ratio:0.25 - response_length_non_aborted/mean:807.75 - response_length_non_aborted/max:1024.0 - response_length_non_aborted/min:660.0 - response_length_non_aborted/clip_ratio:0.25 - response/aborted_ratio:0.0 - prompt_length/mean:396.5 - prompt_length/max:773.0 - prompt_length/min:147.0 - prompt_length/clip_ratio:0.0 - num_turns/min:2 - num_turns/max:2 - num_turns/mean:2.0 - timing_s/start_profile:5.4504722356796265e-05 - timing_s/agent_loop/num_preempted/min:-1 - timing_s/agent_loop/num_preempted/max:-1 - timing_s/agent_loop/num_preempted/mean:-1.0 - timing_s/agent_loop/generate_sequences/min:3.174614411778748 - timing_s/agent_loop/generate_sequences/max:4.970833028666675 - timing_s/agent_loop/generate_sequences/mean:3.93943706410937 - timing_s/agent_loop/tool_calls/min:0.0 - timing_s/agent_loop/tool_calls/max:0.0 - timing_s/agent_loop/tool_calls/mean:0.0 - timing_s/agent_loop/slowest/generate_sequences:4.970833028666675 - timing_s/agent_loop/slowest/tool_calls:0.0 - timing_s/agent_loop/slowest/prompt_length:438 - timing_s/agent_loop/slowest/response_length:1024 - timing_s/agent_loop/slowest/num_preempted:-1 - timing_s/gen:6.053978191688657 - timing_s/fc_opd:1.4697759030386806 - timing_s/reward:1.1458992958068848e-05 - timing_s/old_log_prob:0.6210845187306404 - timing_s/adv:0.0003565233200788498 - timing_s/update_actor:2.2026800410822034 - timing_s/update_weights:2.3174076676368713 - timing_s/dump_rollout_generations:0.004931020550429821 - timing_s/step:12.67315969709307 - timing_s/stop_profile:4.062056541442871e-05 - timing_per_token_ms/gen:1.8737165557686961 - timing_per_token_ms/adv:7.401356032361425e-05 - timing_per_token_ms/update_actor:0.45727216962470485 - perf/total_num_tokens:4817 - perf/time_per_step:12.67315969709307 - perf/throughput:95.02365856529269
[36m(TaskRunner pid=2835327)[0m Dumped generations to /inspire/hdd/global_user/mengweicheng-240108120092/lzy/projects/Dual-Track-OPD/runs/gkd_geometry3k/qwen3vl_geometry3k_gkd_20260711_035352/rollouts/5.jsonl
[36m(TaskRunner pid=2835327)[0m step:5 - fc_opd/hook_loss:0.0 - fc_opd/hook_num_samples:4.0 - fc_opd/hook_active_weight:4096.0 - fc_opd/is_plain_gkd:1.0 - fc_opd/teacher_valid_ratio:1.0 - fc_opd/online/loss:0.0 - fc_opd/online/num_samples:4.0 - global_seqlen/min:1150 - global_seqlen/max:1279 - global_seqlen/minmax_diff:129 - global_seqlen/balanced_min:1150 - global_seqlen/balanced_max:1279 - global_seqlen/mean:1187.75 - actor/entropy:0.5664873123168945 - perf/mfu/actor_infer:0 - actor/pg_loss:0.0 - actor/kl_loss:0.0 - actor/fc_opd_loss:11.697189331054688 - actor/pg_clipfrac:0.0 - actor/ppo_kl:0.0 - actor/pg_clipfrac_lower:0.0 - actor/fc_opd_denominator:1024.0 - actor/grad_norm:63.543033599853516 - perf/mfu/actor:0.014930672954041671 - perf/max_memory_allocated_gb:21.351612091064453 - perf/max_memory_reserved_gb:25.85546875 - perf/cpu_memory_used_gb:161.01567459106445 - actor/lr:1e-06 - training/global_step:5 - training/epoch:0 - critic/score/mean:0.0 - critic/score/max:0.0 - critic/score/min:0.0 - critic/rewards/mean:0.0 - critic/rewards/max:0.0 - critic/rewards/min:0.0 - critic/advantages/mean:0.0 - critic/advantages/max:0.0 - critic/advantages/min:0.0 - critic/returns/mean:0.0 - critic/returns/max:0.0 - critic/returns/min:0.0 - response_length/mean:1024.0 - response_length/max:1024.0 - response_length/min:1024.0 - response_length/clip_ratio:1.0 - response_length_non_aborted/mean:1024.0 - response_length_non_aborted/max:1024.0 - response_length_non_aborted/min:1024.0 - response_length_non_aborted/clip_ratio:1.0 - response/aborted_ratio:0.0 - prompt_length/mean:163.75 - prompt_length/max:255.0 - prompt_length/min:126.0 - prompt_length/clip_ratio:0.0 - num_turns/min:2 - num_turns/max:2 - num_turns/mean:2.0 - timing_s/start_profile:2.7585774660110474e-05 - timing_s/agent_loop/num_preempted/min:-1 - timing_s/agent_loop/num_preempted/max:-1 - timing_s/agent_loop/num_preempted/mean:-1.0 - timing_s/agent_loop/generate_sequences/min:4.880006894469261 - timing_s/agent_loop/generate_sequences/max:4.9318927237764 - timing_s/agent_loop/generate_sequences/mean:4.906397391809151 - timing_s/agent_loop/tool_calls/min:0.0 - timing_s/agent_loop/tool_calls/max:0.0 - timing_s/agent_loop/tool_calls/mean:0.0 - timing_s/agent_loop/slowest/generate_sequences:4.9318927237764 - timing_s/agent_loop/slowest/tool_calls:0.0 - timing_s/agent_loop/slowest/prompt_length:137 - timing_s/agent_loop/slowest/response_length:1024 - timing_s/agent_loop/slowest/num_preempted:-1 - timing_s/gen:5.886056571267545 - timing_s/fc_opd:1.2220486113801599 - timing_s/reward:1.538265496492386e-05 - timing_s/old_log_prob:0.5676149940118194 - timing_s/adv:0.00039481185376644135 - timing_s/update_actor:2.107301464304328 - timing_s/update_weights:2.3750817803665996 - timing_s/dump_rollout_generations:0.005390913225710392 - timing_s/step:12.16635568998754 - timing_s/stop_profile:0.00011373031884431839 - timing_per_token_ms/gen:1.4370255300946155 - timing_per_token_ms/adv:8.310079010028233e-05 - timing_per_token_ms/update_actor:0.4435490347935862 - perf/total_num_tokens:4751 - perf/time_per_step:12.16635568998754 - perf/throughput:97.62578295959851[36m(TaskRunner pid=2835327)[0m Training Progress:  10%|█         | 5/50 [01:14<10:04, 13.44s/it]
[36m(TaskRunner pid=2835327)[0m WARNING:2026-07-11 03:59:32,437:========================================================================
[36m(TaskRunner pid=2835327)[0m WARNING:2026-07-11 03:59:32,437:  Qwen3-VL Online GKD Pipeline Verification
[36m(TaskRunner pid=2835327)[0m WARNING:2026-07-11 03:59:32,437:========================================================================
[36m(TaskRunner pid=2835327)[0m WARNING:2026-07-11 03:59:32,437:  C          = 1  conditions: ['full']
[36m(TaskRunner pid=2835327)[0m WARNING:2026-07-11 03:59:32,437:  loss_mode  = gkd
[36m(TaskRunner pid=2835327)[0m WARNING:2026-07-11 03:59:32,437:  batch      = [B=4, T=1024]
[36m(TaskRunner pid=2835327)[0m WARNING:2026-07-11 03:59:32,437:  top_k      = 32
[36m(TaskRunner pid=2835327)[0m WARNING:2026-07-11 03:59:32,437:  exact_lp   = torch.Size([4, 1, 1024])  (None=tail-fallback)
[36m(TaskRunner pid=2835327)[0m WARNING:2026-07-11 03:59:32,437:  Student    = raw image + canonical question  (choices allowed, no XML)
[36m(TaskRunner pid=2835327)[0m WARNING:2026-07-11 03:59:32,437:  Teacher    = raw image + same canonical question  (no format bias)
[36m(TaskRunner pid=2835327)[0m WARNING:2026-07-11 03:59:32,437:  KL         = forward
[36m(TaskRunner pid=2835327)[0m WARNING:2026-07-11 03:59:32,437:  Objective  = forward KL on the full-image teacher distribution (pure distillation, no GRPO)
[36m(TaskRunner pid=2835327)[0m WARNING:2026-07-11 03:59:32,438:  Routing    = uniform over teacher-valid response tokens
[36m(TaskRunner pid=2835327)[0m WARNING:2026-07-11 03:59:32,438:  Update     = current rollout -> immediate teacher score -> actor backward
[36m(TaskRunner pid=2835327)[0m WARNING:2026-07-11 03:59:32,438:========================================================================
[36m(TaskRunner pid=2835327)[0m ========================================================================
[36m(TaskRunner pid=2835327)[0m   Qwen3-VL Online GKD Pipeline Verification
[36m(TaskRunner pid=2835327)[0m ========================================================================
[36m(TaskRunner pid=2835327)[0m   C          = 1  conditions: ['full']
[36m(TaskRunner pid=2835327)[0m   loss_mode  = gkd
[36m(TaskRunner pid=2835327)[0m   batch      = [B=4, T=1024]
[36m(TaskRunner pid=2835327)[0m   top_k      = 32
[36m(TaskRunner pid=2835327)[0m   exact_lp   = torch.Size([4, 1, 1024])  (None=tail-fallback)
[36m(TaskRunner pid=2835327)[0m   Student    = raw image + canonical question  (choices allowed, no XML)
[36m(TaskRunner pid=2835327)[0m   Teacher    = raw image + same canonical question  (no format bias)
[36m(TaskRunner pid=2835327)[0m   KL         = forward
[36m(TaskRunner pid=2835327)[0m   Objective  = forward KL on the full-image teacher distribution (pure distillation, no GRPO)
[36m(TaskRunner pid=2835327)[0m   Routing    = uniform over teacher-valid response tokens
[36m(TaskRunner pid=2835327)[0m   Update     = current rollout -> immediate teacher score -> actor backward
[36m(TaskRunner pid=2835327)[0m ========================================================================
[36m(WorkerDict pid=2942692)[0m INFO:2026-07-11 03:59:37,115:update_weights done, time cost: 0.83s
[36m(TaskRunner pid=2835327)[0m Training Progress:  12%|█▏        | 6/50 [01:26<09:35, 13.09s/it]
[36m(TaskRunner pid=2835327)[0m WARNING:2026-07-11 03:59:45,018:========================================================================
[36m(TaskRunner pid=2835327)[0m WARNING:2026-07-11 03:59:45,018:  Qwen3-VL Online GKD Pipeline Verification
[36m(TaskRunner pid=2835327)[0m WARNING:2026-07-11 03:59:45,018:========================================================================
[36m(TaskRunner pid=2835327)[0m WARNING:2026-07-11 03:59:45,018:  C          = 1  conditions: ['full']
[36m(TaskRunner pid=2835327)[0m WARNING:2026-07-11 03:59:45,018:  loss_mode  = gkd
[36m(TaskRunner pid=2835327)[0m WARNING:2026-07-11 03:59:45,018:  batch      = [B=4, T=1024]
[36m(TaskRunner pid=2835327)[0m WARNING:2026-07-11 03:59:45,018:  top_k      = 32
[36m(TaskRunner pid=2835327)[0m WARNING:2026-07-11 03:59:45,018:  exact_lp   = torch.Size([4, 1, 1024])  (None=tail-fallback)
[36m(TaskRunner pid=2835327)[0m WARNING:2026-07-11 03:59:45,018:  Student    = raw image + canonical question  (choices allowed, no XML)
[36m(TaskRunner pid=2835327)[0m WARNING:2026-07-11 03:59:45,018:  Teacher    = raw image + same canonical question  (no format bias)
[36m(TaskRunner pid=2835327)[0m WARNING:2026-07-11 03:59:45,018:  KL         = forward
[36m(TaskRunner pid=2835327)[0m WARNING:2026-07-11 03:59:45,018:  Objective  = forward KL on the full-image teacher distribution (pure distillation, no GRPO)
[36m(TaskRunner pid=2835327)[0m WARNING:2026-07-11 03:59:45,018:  Routing    = uniform over teacher-valid response tokens
[36m(TaskRunner pid=2835327)[0m WARNING:2026-07-11 03:59:45,018:  Update     = current rollout -> immediate teacher score -> actor backward
[36m(TaskRunner pid=2835327)[0m WARNING:2026-07-11 03:59:45,018:========================================================================
[36m(TaskRunner pid=2835327)[0m ========================================================================
[36m(TaskRunner pid=2835327)[0m   Qwen3-VL Online GKD Pipeline Verification
[36m(TaskRunner pid=2835327)[0m ========================================================================
[36m(TaskRunner pid=2835327)[0m   C          = 1  conditions: ['full']
[36m(TaskRunner pid=2835327)[0m   loss_mode  = gkd
[36m(TaskRunner pid=2835327)[0m   batch      = [B=4, T=1024]
[36m(TaskRunner pid=2835327)[0m   top_k      = 32
[36m(TaskRunner pid=2835327)[0m   exact_lp   = torch.Size([4, 1, 1024])  (None=tail-fallback)
[36m(TaskRunner pid=2835327)[0m   Student    = raw image + canonical question  (choices allowed, no XML)
[36m(TaskRunner pid=2835327)[0m   Teacher    = raw image + same canonical question  (no format bias)
[36m(TaskRunner pid=2835327)[0m   KL         = forward
[36m(TaskRunner pid=2835327)[0m   Objective  = forward KL on the full-image teacher distribution (pure distillation, no GRPO)
[36m(TaskRunner pid=2835327)[0m   Routing    = uniform over teacher-valid response tokens
[36m(TaskRunner pid=2835327)[0m   Update     = current rollout -> immediate teacher score -> actor backward
[36m(TaskRunner pid=2835327)[0m ========================================================================
[36m(WorkerDict pid=2942692)[0m INFO:2026-07-11 03:59:49,203:update_weights done, time cost: 0.60s
[36m(TaskRunner pid=2835327)[0m Training Progress:  14%|█▍        | 7/50 [01:38<09:07, 12.73s/it]
[36m(TaskRunner pid=2835327)[0m WARNING:2026-07-11 03:59:56,815:========================================================================
[36m(TaskRunner pid=2835327)[0m WARNING:2026-07-11 03:59:56,815:  Qwen3-VL Online GKD Pipeline Verification
[36m(TaskRunner pid=2835327)[0m WARNING:2026-07-11 03:59:56,815:========================================================================
[36m(TaskRunner pid=2835327)[0m WARNING:2026-07-11 03:59:56,815:  C          = 1  conditions: ['full']
[36m(TaskRunner pid=2835327)[0m WARNING:2026-07-11 03:59:56,815:  loss_mode  = gkd
[36m(TaskRunner pid=2835327)[0m WARNING:2026-07-11 03:59:56,815:  batch      = [B=4, T=1024]
[36m(TaskRunner pid=2835327)[0m WARNING:2026-07-11 03:59:56,815:  top_k      = 32
[36m(TaskRunner pid=2835327)[0m WARNING:2026-07-11 03:59:56,815:  exact_lp   = torch.Size([4, 1, 1024])  (None=tail-fallback)
[36m(TaskRunner pid=2835327)[0m WARNING:2026-07-11 03:59:56,815:  Student    = raw image + canonical question  (choices allowed, no XML)
[36m(TaskRunner pid=2835327)[0m WARNING:2026-07-11 03:59:56,815:  Teacher    = raw image + same canonical question  (no format bias)
[36m(TaskRunner pid=2835327)[0m WARNING:2026-07-11 03:59:56,815:  KL         = forward
[36m(TaskRunner pid=2835327)[0m WARNING:2026-07-11 03:59:56,815:  Objective  = forward KL on the full-image teacher distribution (pure distillation, no GRPO)
[36m(TaskRunner pid=2835327)[0m WARNING:2026-07-11 03:59:56,815:  Routing    = uniform over teacher-valid response tokens
[36m(TaskRunner pid=2835327)[0m WARNING:2026-07-11 03:59:56,815:  Update     = current rollout -> immediate teacher score -> actor backward
[36m(TaskRunner pid=2835327)[0m WARNING:2026-07-11 03:59:56,815:========================================================================
[36m(TaskRunner pid=2835327)[0m ========================================================================
[36m(TaskRunner pid=2835327)[0m   Qwen3-VL Online GKD Pipeline Verification
[36m(TaskRunner pid=2835327)[0m ========================================================================
[36m(TaskRunner pid=2835327)[0m   C          = 1  conditions: ['full']
[36m(TaskRunner pid=2835327)[0m   loss_mode  = gkd
[36m(TaskRunner pid=2835327)[0m   batch      = [B=4, T=1024]
[36m(TaskRunner pid=2835327)[0m   top_k      = 32
[36m(TaskRunner pid=2835327)[0m   exact_lp   = torch.Size([4, 1, 1024])  (None=tail-fallback)
[36m(TaskRunner pid=2835327)[0m   Student    = raw image + canonical question  (choices allowed, no XML)
[36m(TaskRunner pid=2835327)[0m   Teacher    = raw image + same canonical question  (no format bias)
[36m(TaskRunner pid=2835327)[0m   KL         = forward
[36m(TaskRunner pid=2835327)[0m   Objective  = forward KL on the full-image teacher distribution (pure distillation, no GRPO)
[36m(TaskRunner pid=2835327)[0m   Routing    = uniform over teacher-valid response tokens
[36m(TaskRunner pid=2835327)[0m   Update     = current rollout -> immediate teacher score -> actor backward
[36m(TaskRunner pid=2835327)[0m ========================================================================
[36m(WorkerDict pid=2942692)[0m INFO:2026-07-11 04:00:01,990:update_weights done, time cost: 0.82s

[36m(TaskRunner pid=2835327)[0m Dumped generations to /inspire/hdd/global_user/mengweicheng-240108120092/lzy/projects/Dual-Track-OPD/runs/gkd_geometry3k/qwen3vl_geometry3k_gkd_20260711_035352/rollouts/6.jsonl
[36m(TaskRunner pid=2835327)[0m step:6 - fc_opd/hook_loss:0.0 - fc_opd/hook_num_samples:4.0 - fc_opd/hook_active_weight:3473.0 - fc_opd/is_plain_gkd:1.0 - fc_opd/teacher_valid_ratio:1.0 - fc_opd/online/loss:0.0 - fc_opd/online/num_samples:4.0 - global_seqlen/min:635 - global_seqlen/max:1222 - global_seqlen/minmax_diff:587 - global_seqlen/balanced_min:635 - global_seqlen/balanced_max:1222 - global_seqlen/mean:1063.25 - actor/entropy:0.497295081615448 - perf/mfu/actor_infer:0 - actor/pg_loss:0.0 - actor/kl_loss:0.0 - actor/fc_opd_loss:12.485389947891235 - actor/pg_clipfrac:0.0 - actor/ppo_kl:0.0 - actor/pg_clipfrac_lower:0.0 - actor/fc_opd_denominator:401.0 - actor/grad_norm:49.335201263427734 - perf/mfu/actor:0.013605023680993464 - perf/max_memory_allocated_gb:21.351612091064453 - perf/max_memory_reserved_gb:25.85546875 - perf/cpu_memory_used_gb:161.09405422210693 - actor/lr:1e-06 - training/global_step:6 - training/epoch:0 - critic/score/mean:0.0 - critic/score/max:0.0 - critic/score/min:0.0 - critic/rewards/mean:0.0 - critic/rewards/max:0.0 - critic/rewards/min:0.0 - critic/advantages/mean:0.0 - critic/advantages/max:0.0 - critic/advantages/min:0.0 - critic/returns/mean:0.0 - critic/returns/max:0.0 - critic/returns/min:0.0 - response_length/mean:868.25 - response_length/max:1024.0 - response_length/min:401.0 - response_length/clip_ratio:0.75 - response_length_non_aborted/mean:868.25 - response_length_non_aborted/max:1024.0 - response_length_non_aborted/min:401.0 - response_length_non_aborted/clip_ratio:0.75 - response/aborted_ratio:0.0 - prompt_length/mean:195.0 - prompt_length/max:234.0 - prompt_length/min:171.0 - prompt_length/clip_ratio:0.0 - num_turns/min:2 - num_turns/max:2 - num_turns/mean:2.0 - timing_s/start_profile:3.0309893190860748e-05 - timing_s/agent_loop/num_preempted/min:-1 - timing_s/agent_loop/num_preempted/max:-1 - timing_s/agent_loop/num_preempted/mean:-1.0 - timing_s/agent_loop/generate_sequences/min:1.9596881698817015 - timing_s/agent_loop/generate_sequences/max:4.916056515648961 - timing_s/agent_loop/generate_sequences/mean:4.158676444552839 - timing_s/agent_loop/tool_calls/min:0.0 - timing_s/agent_loop/tool_calls/max:0.0 - timing_s/agent_loop/tool_calls/mean:0.0 - timing_s/agent_loop/slowest/generate_sequences:4.916056515648961 - timing_s/agent_loop/slowest/tool_calls:0.0 - timing_s/agent_loop/slowest/prompt_length:177 - timing_s/agent_loop/slowest/response_length:1024 - timing_s/agent_loop/slowest/num_preempted:-1 - timing_s/gen:5.942246927879751 - timing_s/fc_opd:1.1499809194356203 - timing_s/reward:1.0097399353981018e-05 - timing_s/old_log_prob:0.5974544528871775 - timing_s/adv:0.0003499099984765053 - timing_s/update_actor:2.0782920820638537 - timing_s/update_weights:2.5812687184661627 - timing_s/dump_rollout_generations:0.05561829824000597 - timing_s/step:12.4075318723917 - timing_s/stop_profile:3.9245933294296265e-05 - timing_per_token_ms/gen:1.7109838548458827 - timing_per_token_ms/adv:8.227368880237603e-05 - timing_per_token_ms/update_actor:0.4886649616891262 - perf/total_num_tokens:4253 - perf/time_per_step:12.4075318723917 - perf/throughput:85.69391648034879
[36m(TaskRunner pid=2835327)[0m Dumped generations to /inspire/hdd/global_user/mengweicheng-240108120092/lzy/projects/Dual-Track-OPD/runs/gkd_geometry3k/qwen3vl_geometry3k_gkd_20260711_035352/rollouts/7.jsonl
[36m(TaskRunner pid=2835327)[0m step:7 - fc_opd/hook_loss:0.0 - fc_opd/hook_num_samples:4.0 - fc_opd/hook_active_weight:4096.0 - fc_opd/is_plain_gkd:1.0 - fc_opd/teacher_valid_ratio:1.0 - fc_opd/online/loss:0.0 - fc_opd/online/num_samples:4.0 - global_seqlen/min:1146 - global_seqlen/max:1363 - global_seqlen/minmax_diff:217 - global_seqlen/balanced_min:1146 - global_seqlen/balanced_max:1363 - global_seqlen/mean:1249.0 - actor/entropy:0.6098970770835876 - perf/mfu/actor_infer:0 - actor/pg_loss:0.0 - actor/kl_loss:0.0 - actor/fc_opd_loss:11.738334894180298 - actor/pg_clipfrac:0.0 - actor/ppo_kl:0.0 - actor/pg_clipfrac_lower:0.0 - actor/fc_opd_denominator:1024.0 - actor/grad_norm:64.76466369628906 - perf/mfu/actor:0.01645963420944699 - perf/max_memory_allocated_gb:21.351612091064453 - perf/max_memory_reserved_gb:25.85546875 - perf/cpu_memory_used_gb:161.13429260253906 - actor/lr:1e-06 - training/global_step:7 - training/epoch:0 - critic/score/mean:0.0 - critic/score/max:0.0 - critic/score/min:0.0 - critic/rewards/mean:0.0 - critic/rewards/max:0.0 - critic/rewards/min:0.0 - critic/advantages/mean:0.0 - critic/advantages/max:0.0 - critic/advantages/min:0.0 - critic/returns/mean:0.0 - critic/returns/max:0.0 - critic/returns/min:0.0 - response_length/mean:1024.0 - response_length/max:1024.0 - response_length/min:1024.0 - response_length/clip_ratio:1.0 - response_length_non_aborted/mean:1024.0 - response_length_non_aborted/max:1024.0 - response_length_non_aborted/min:1024.0 - response_length_non_aborted/clip_ratio:1.0 - response/aborted_ratio:0.0 - prompt_length/mean:225.0 - prompt_length/max:339.0 - prompt_length/min:122.0 - prompt_length/clip_ratio:0.0 - num_turns/min:2 - num_turns/max:2 - num_turns/mean:2.0 - timing_s/start_profile:2.835690975189209e-05 - timing_s/agent_loop/num_preempted/min:-1 - timing_s/agent_loop/num_preempted/max:-1 - timing_s/agent_loop/num_preempted/mean:-1.0 - timing_s/agent_loop/generate_sequences/min:4.885148640722036 - timing_s/agent_loop/generate_sequences/max:4.923851894214749 - timing_s/agent_loop/generate_sequences/mean:4.905837091384456 - timing_s/agent_loop/tool_calls/min:0.0 - timing_s/agent_loop/tool_calls/max:0.0 - timing_s/agent_loop/tool_calls/mean:0.0 - timing_s/agent_loop/slowest/generate_sequences:4.923851894214749 - timing_s/agent_loop/slowest/tool_calls:0.0 - timing_s/agent_loop/slowest/prompt_length:185 - timing_s/agent_loop/slowest/response_length:1024 - timing_s/agent_loop/slowest/num_preempted:-1 - timing_s/gen:5.953903927467763 - timing_s/fc_opd:1.3088744692504406 - timing_s/reward:1.2565404176712036e-05 - timing_s/old_log_prob:0.5782126057893038 - timing_s/adv:0.0003691529855132103 - timing_s/update_actor:2.0539526799693704 - timing_s/update_weights:2.0700117219239473 - timing_s/dump_rollout_generations:0.0049331700429320335 - timing_s/step:11.97274845931679 - timing_s/stop_profile:3.906711935997009e-05 - timing_per_token_ms/gen:1.4535898260419344 - timing_per_token_ms/adv:7.388970886973785e-05 - timing_per_token_ms/update_actor:0.41111943153910535 - perf/total_num_tokens:4996 - perf/time_per_step:11.97274845931679 - perf/throughput:104.32024060674809
[36m(TaskRunner pid=2835327)[0m Dumped generations to /inspire/hdd/global_user/mengweicheng-240108120092/lzy/projects/Dual-Track-OPD/runs/gkd_geometry3k/qwen3vl_geometry3k_gkd_20260711_035352/rollouts/8.jsonl
[36m(TaskRunner pid=2835327)[0m step:8 - fc_opd/hook_loss:0.0 - fc_opd/hook_num_samples:4.0 - fc_opd/hook_active_weight:2682.0 - fc_opd/is_plain_gkd:1.0 - fc_opd/teacher_valid_ratio:1.0 - fc_opd/online/loss:0.0 - fc_opd/online/num_samples:4.0 - global_seqlen/min:467 - global_seqlen/max:1197 - global_seqlen/minmax_diff:730 - global_seqlen/balanced_min:467 - global_seqlen/balanced_max:1197 - global_seqlen/mean:814.0 - actor/entropy:0.4534531235694885 - perf/mfu/actor_infer:0 - actor/pg_loss:-0.4999995231628418 - actor/kl_loss:0.0 - actor/fc_opd_loss:12.858262777328491 - actor/pg_clipfrac:0.0 - actor/ppo_kl:0.0 - actor/pg_clipfrac_lower:0.0 - actor/fc_opd_denominator:326.0 - actor/grad_norm:51.70843505859375 - perf/mfu/actor:0.009764209516039136 - perf/max_memory_allocated_gb:21.351612091064453 - perf/max_memory_reserved_gb:25.85546875 - perf/cpu_memory_used_gb:161.1485710144043 - actor/lr:1e-06 - training/global_step:8 - training/epoch:0 - critic/score/mean:0.5 - critic/score/max:1.0 - critic/score/min:0.0 - critic/rewards/mean:0.5 - critic/rewards/max:1.0 - critic/rewards/min:0.0 - critic/advantages/mean:0.26174473762512207 - critic/advantages/max:0.9999990463256836 - critic/advantages/min:0.0 - critic/returns/mean:0.26174473762512207 - critic/returns/max:0.9999990463256836 - critic/returns/min:0.0 - response_length/mean:670.5 - response_length/max:1024.0 - response_length/min:326.0 - response_length/clip_ratio:0.25 - response_length_non_aborted/mean:670.5 - response_length_non_aborted/max:1024.0 - response_length_non_aborted/min:326.0 - response_length_non_aborted/clip_ratio:0.25 - response/aborted_ratio:0.0 - prompt_length/mean:143.5 - prompt_length/max:173.0 - prompt_length/min:120.0 - prompt_length/clip_ratio:0.0 - num_turns/min:2 - num_turns/max:2 - num_turns/mean:2.0 - timing_s/start_profile:2.633035182952881e-05 - timing_s/agent_loop/num_preempted/min:-1 - timing_s/agent_loop/num_preempted/max:-1 - timing_s/agent_loop/num_preempted/mean:-1.0 - timing_s/agent_loop/generate_sequences/min:1.593561079353094 - timing_s/agent_loop/generate_sequences/max:4.883628299459815 - timing_s/agent_loop/generate_sequences/mean:3.220917595550418 - timing_s/agent_loop/tool_calls/min:0.0 - timing_s/agent_loop/tool_calls/max:0.0 - timing_s/agent_loop/tool_calls/mean:0.0 - timing_s/agent_loop/slowest/generate_sequences:4.883628299459815 - timing_s/agent_loop/slowest/tool_calls:0.0 - timing_s/agent_loop/slowest/prompt_length:173 - timing_s/agent_loop/slowest/response_length:1024 - timing_s/agent_loop/slowest/num_preempted:-1 - timing_s/gen:6.095569869503379 - timing_s/fc_opd:0.9887582557275891 - timing_s/reward:1.0328367352485657e-05 - timing_s/old_log_prob:0.809037497267127 - timing_s/adv:0.0003456640988588333 - timing_s/update_actor:2.204028940759599 - timing_s/update_weights:2.7479693787172437 - timing_s/dump_rollout_generations:0.00449078343808651 - timing_s/step:12.85315767209977 - timing_s/stop_profile:4.1522085666656494e-05 - timing_per_token_ms/gen:2.2727702719997684 - timing_per_token_ms/adv:0.0001061621925242117 - timing_per_token_ms/update_actor:0.6769130653438572 - perf/total_num_tokens:3256 - perf/time_per_step:12.85315767209977 - perf/throughput:63.33074103392836[36m(TaskRunner pid=2835327)[0m Training Progress:  16%|█▌        | 8/50 [01:51<08:56, 12.77s/it]
[36m(TaskRunner pid=2835327)[0m WARNING:2026-07-11 04:00:09,569:========================================================================
[36m(TaskRunner pid=2835327)[0m WARNING:2026-07-11 04:00:09,569:  Qwen3-VL Online GKD Pipeline Verification
[36m(TaskRunner pid=2835327)[0m WARNING:2026-07-11 04:00:09,569:========================================================================
[36m(TaskRunner pid=2835327)[0m WARNING:2026-07-11 04:00:09,569:  C          = 1  conditions: ['full']
[36m(TaskRunner pid=2835327)[0m WARNING:2026-07-11 04:00:09,569:  loss_mode  = gkd
[36m(TaskRunner pid=2835327)[0m WARNING:2026-07-11 04:00:09,569:  batch      = [B=4, T=1024]
[36m(TaskRunner pid=2835327)[0m WARNING:2026-07-11 04:00:09,569:  top_k      = 32
[36m(TaskRunner pid=2835327)[0m WARNING:2026-07-11 04:00:09,569:  exact_lp   = torch.Size([4, 1, 1024])  (None=tail-fallback)
[36m(TaskRunner pid=2835327)[0m WARNING:2026-07-11 04:00:09,569:  Student    = raw image + canonical question  (choices allowed, no XML)
[36m(TaskRunner pid=2835327)[0m WARNING:2026-07-11 04:00:09,569:  Teacher    = raw image + same canonical question  (no format bias)
[36m(TaskRunner pid=2835327)[0m WARNING:2026-07-11 04:00:09,569:  KL         = forward
[36m(TaskRunner pid=2835327)[0m WARNING:2026-07-11 04:00:09,569:  Objective  = forward KL on the full-image teacher distribution (pure distillation, no GRPO)
[36m(TaskRunner pid=2835327)[0m WARNING:2026-07-11 04:00:09,569:  Routing    = uniform over teacher-valid response tokens
[36m(TaskRunner pid=2835327)[0m WARNING:2026-07-11 04:00:09,569:  Update     = current rollout -> immediate teacher score -> actor backward
[36m(TaskRunner pid=2835327)[0m WARNING:2026-07-11 04:00:09,569:========================================================================
[36m(TaskRunner pid=2835327)[0m ========================================================================
[36m(TaskRunner pid=2835327)[0m   Qwen3-VL Online GKD Pipeline Verification
[36m(TaskRunner pid=2835327)[0m ========================================================================
[36m(TaskRunner pid=2835327)[0m   C          = 1  conditions: ['full']
[36m(TaskRunner pid=2835327)[0m   loss_mode  = gkd
[36m(TaskRunner pid=2835327)[0m   batch      = [B=4, T=1024]
[36m(TaskRunner pid=2835327)[0m   top_k      = 32
[36m(TaskRunner pid=2835327)[0m   exact_lp   = torch.Size([4, 1, 1024])  (None=tail-fallback)
[36m(TaskRunner pid=2835327)[0m   Student    = raw image + canonical question  (choices allowed, no XML)
[36m(TaskRunner pid=2835327)[0m   Teacher    = raw image + same canonical question  (no format bias)
[36m(TaskRunner pid=2835327)[0m   KL         = forward
[36m(TaskRunner pid=2835327)[0m   Objective  = forward KL on the full-image teacher distribution (pure distillation, no GRPO)
[36m(TaskRunner pid=2835327)[0m   Routing    = uniform over teacher-valid response tokens
[36m(TaskRunner pid=2835327)[0m   Update     = current rollout -> immediate teacher score -> actor backward
[36m(TaskRunner pid=2835327)[0m ========================================================================
[36m(WorkerDict pid=2942692)[0m INFO:2026-07-11 04:00:14,568:update_weights done, time cost: 0.78s
[36m(TaskRunner pid=2835327)[0m Training Progress:  18%|█▊        | 9/50 [02:03<08:40, 12.69s/it]
[36m(TaskRunner pid=2835327)[0m WARNING:2026-07-11 04:00:21,988:========================================================================
[36m(TaskRunner pid=2835327)[0m WARNING:2026-07-11 04:00:21,988:  Qwen3-VL Online GKD Pipeline Verification
[36m(TaskRunner pid=2835327)[0m WARNING:2026-07-11 04:00:21,988:========================================================================
[36m(TaskRunner pid=2835327)[0m WARNING:2026-07-11 04:00:21,988:  C          = 1  conditions: ['full']
[36m(TaskRunner pid=2835327)[0m WARNING:2026-07-11 04:00:21,988:  loss_mode  = gkd
[36m(TaskRunner pid=2835327)[0m WARNING:2026-07-11 04:00:21,988:  batch      = [B=4, T=1024]
[36m(TaskRunner pid=2835327)[0m WARNING:2026-07-11 04:00:21,988:  top_k      = 32
[36m(TaskRunner pid=2835327)[0m WARNING:2026-07-11 04:00:21,988:  exact_lp   = torch.Size([4, 1, 1024])  (None=tail-fallback)
[36m(TaskRunner pid=2835327)[0m WARNING:2026-07-11 04:00:21,988:  Student    = raw image + canonical question  (choices allowed, no XML)
[36m(TaskRunner pid=2835327)[0m WARNING:2026-07-11 04:00:21,988:  Teacher    = raw image + same canonical question  (no format bias)
[36m(TaskRunner pid=2835327)[0m WARNING:2026-07-11 04:00:21,988:  KL         = forward
[36m(TaskRunner pid=2835327)[0m WARNING:2026-07-11 04:00:21,988:  Objective  = forward KL on the full-image teacher distribution (pure distillation, no GRPO)
[36m(TaskRunner pid=2835327)[0m WARNING:2026-07-11 04:00:21,988:  Routing    = uniform over teacher-valid response tokens
[36m(TaskRunner pid=2835327)[0m WARNING:2026-07-11 04:00:21,988:  Update     = current rollout -> immediate teacher score -> actor backward
[36m(TaskRunner pid=2835327)[0m WARNING:2026-07-11 04:00:21,988:========================================================================
[36m(TaskRunner pid=2835327)[0m ========================================================================
[36m(TaskRunner pid=2835327)[0m   Qwen3-VL Online GKD Pipeline Verification
[36m(TaskRunner pid=2835327)[0m ========================================================================
[36m(TaskRunner pid=2835327)[0m   C          = 1  conditions: ['full']
[36m(TaskRunner pid=2835327)[0m   loss_mode  = gkd
[36m(TaskRunner pid=2835327)[0m   batch      = [B=4, T=1024]
[36m(TaskRunner pid=2835327)[0m   top_k      = 32
[36m(TaskRunner pid=2835327)[0m   exact_lp   = torch.Size([4, 1, 1024])  (None=tail-fallback)
[36m(TaskRunner pid=2835327)[0m   Student    = raw image + canonical question  (choices allowed, no XML)
[36m(TaskRunner pid=2835327)[0m   Teacher    = raw image + same canonical question  (no format bias)
[36m(TaskRunner pid=2835327)[0m   KL         = forward
[36m(TaskRunner pid=2835327)[0m   Objective  = forward KL on the full-image teacher distribution (pure distillation, no GRPO)
[36m(TaskRunner pid=2835327)[0m   Routing    = uniform over teacher-valid response tokens
[36m(TaskRunner pid=2835327)[0m   Update     = current rollout -> immediate teacher score -> actor backward
[36m(TaskRunner pid=2835327)[0m ========================================================================
[36m(WorkerDict pid=2942716)[0m INFO:2026-07-11 04:00:27,577:[Rank 2] Saved model to /inspire/hdd/global_user/mengweicheng-240108120092/lzy/projects/Dual-Track-OPD/checkpoints/gkd_geometry3k/qwen3vl_geometry3k_gkd_20260711_035352/global_step_10/actor/model_world_size_4_rank_2.pt
[36m(WorkerDict pid=2942716)[0m INFO:2026-07-11 04:00:33,139:[Rank 2] Saved optim to /inspire/hdd/global_user/mengweicheng-240108120092/lzy/projects/Dual-Track-OPD/checkpoints/gkd_geometry3k/qwen3vl_geometry3k_gkd_20260711_035352/global_step_10/actor/optim_world_size_4_rank_2.pt
[36m(WorkerDict pid=2942716)[0m INFO:2026-07-11 04:00:33,145:[Rank 2] Saved extra_state to /inspire/hdd/global_user/mengweicheng-240108120092/lzy/projects/Dual-Track-OPD/checkpoints/gkd_geometry3k/qwen3vl_geometry3k_gkd_20260711_035352/global_step_10/actor/extra_state_world_size_4_rank_2.pt
[36m(WorkerDict pid=2942692)[0m INFO:2026-07-11 04:00:27,654:[Rank 0] Saved model to /inspire/hdd/global_user/mengweicheng-240108120092/lzy/projects/Dual-Track-OPD/checkpoints/gkd_geometry3k/qwen3vl_geometry3k_gkd_20260711_035352/global_step_10/actor/model_world_size_4_rank_0.pt[32m [repeated 3x across cluster][0m
[36m(WorkerDict pid=2942692)[0m INFO:2026-07-11 04:00:33,859:[Rank 0] Saved model config and tokenizer class to /inspire/hdd/global_user/mengweicheng-240108120092/lzy/projects/Dual-Track-OPD/checkpoints/gkd_geometry3k/qwen3vl_geometry3k_gkd_20260711_035352/global_step_10/actor/huggingface
[36m(WorkerDict pid=2942692)[0m INFO:2026-07-11 04:00:35,746:update_weights done, time cost: 0.69s
[36m(TaskRunner pid=2835327)[0m Training Progress:  20%|██        | 10/50 [02:35<12:23, 18.59s/it]
[36m(WorkerDict pid=2942692)[0m INFO:2026-07-11 04:00:33,350:[Rank 0] Saved optim to /inspire/hdd/global_user/mengweicheng-240108120092/lzy/projects/Dual-Track-OPD/checkpoints/gkd_geometry3k/qwen3vl_geometry3k_gkd_20260711_035352/global_step_10/actor/optim_world_size_4_rank_0.pt[32m [repeated 3x across cluster][0m
[36m(WorkerDict pid=2942692)[0m INFO:2026-07-11 04:00:33,352:[Rank 0] Saved extra_state to /inspire/hdd/global_user/mengweicheng-240108120092/lzy/projects/Dual-Track-OPD/checkpoints/gkd_geometry3k/qwen3vl_geometry3k_gkd_20260711_035352/global_step_10/actor/extra_state_world_size_4_rank_0.pt[32m [repeated 3x across cluster][0m
[36m(TaskRunner pid=2835327)[0m WARNING:2026-07-11 04:00:51,402:========================================================================
[36m(TaskRunner pid=2835327)[0m WARNING:2026-07-11 04:00:51,402:  Qwen3-VL Online GKD Pipeline Verification
[36m(TaskRunner pid=2835327)[0m WARNING:2026-07-11 04:00:51,402:========================================================================
[36m(TaskRunner pid=2835327)[0m WARNING:2026-07-11 04:00:51,402:  C          = 1  conditions: ['full']
[36m(TaskRunner pid=2835327)[0m WARNING:2026-07-11 04:00:51,402:  loss_mode  = gkd
[36m(TaskRunner pid=2835327)[0m WARNING:2026-07-11 04:00:51,402:  batch      = [B=4, T=1024]
[36m(TaskRunner pid=2835327)[0m WARNING:2026-07-11 04:00:51,402:  top_k      = 32
[36m(TaskRunner pid=2835327)[0m WARNING:2026-07-11 04:00:51,402:  exact_lp   = torch.Size([4, 1, 1024])  (None=tail-fallback)
[36m(TaskRunner pid=2835327)[0m WARNING:2026-07-11 04:00:51,402:  Student    = raw image + canonical question  (choices allowed, no XML)
[36m(TaskRunner pid=2835327)[0m WARNING:2026-07-11 04:00:51,402:  Teacher    = raw image + same canonical question  (no format bias)
[36m(TaskRunner pid=2835327)[0m WARNING:2026-07-11 04:00:51,402:  KL         = forward
[36m(TaskRunner pid=2835327)[0m WARNING:2026-07-11 04:00:51,402:  Objective  = forward KL on the full-image teacher distribution (pure distillation, no GRPO)
[36m(TaskRunner pid=2835327)[0m WARNING:2026-07-11 04:00:51,402:  Routing    = uniform over teacher-valid response tokens
[36m(TaskRunner pid=2835327)[0m WARNING:2026-07-11 04:00:51,402:  Update     = current rollout -> immediate teacher score -> actor backward
[36m(TaskRunner pid=2835327)[0m WARNING:2026-07-11 04:00:51,402:========================================================================
[36m(TaskRunner pid=2835327)[0m ========================================================================
[36m(TaskRunner pid=2835327)[0m   Qwen3-VL Online GKD Pipeline Verification
[36m(TaskRunner pid=2835327)[0m ========================================================================
[36m(TaskRunner pid=2835327)[0m   C          = 1  conditions: ['full']
[36m(TaskRunner pid=2835327)[0m   loss_mode  = gkd
[36m(TaskRunner pid=2835327)[0m   batch      = [B=4, T=1024]
[36m(TaskRunner pid=2835327)[0m   top_k      = 32
[36m(TaskRunner pid=2835327)[0m   exact_lp   = torch.Size([4, 1, 1024])  (None=tail-fallback)
[36m(TaskRunner pid=2835327)[0m   Student    = raw image + canonical question  (choices allowed, no XML)
[36m(TaskRunner pid=2835327)[0m   Teacher    = raw image + same canonical question  (no format bias)
[36m(TaskRunner pid=2835327)[0m   KL         = forward
[36m(TaskRunner pid=2835327)[0m   Objective  = forward KL on the full-image teacher distribution (pure distillation, no GRPO)
[36m(TaskRunner pid=2835327)[0m   Routing    = uniform over teacher-valid response tokens
[36m(TaskRunner pid=2835327)[0m   Update     = current rollout -> immediate teacher score -> actor backward
[36m(TaskRunner pid=2835327)[0m ========================================================================
[36m(WorkerDict pid=2942692)[0m INFO:2026-07-11 04:00:55,886:update_weights done, time cost: 0.57s

[36m(TaskRunner pid=2835327)[0m Dumped generations to /inspire/hdd/global_user/mengweicheng-240108120092/lzy/projects/Dual-Track-OPD/runs/gkd_geometry3k/qwen3vl_geometry3k_gkd_20260711_035352/rollouts/9.jsonl
[36m(TaskRunner pid=2835327)[0m step:9 - fc_opd/hook_loss:0.0 - fc_opd/hook_num_samples:4.0 - fc_opd/hook_active_weight:2620.0 - fc_opd/is_plain_gkd:1.0 - fc_opd/teacher_valid_ratio:1.0 - fc_opd/online/loss:0.0 - fc_opd/online/num_samples:4.0 - global_seqlen/min:470 - global_seqlen/max:1277 - global_seqlen/minmax_diff:807 - global_seqlen/balanced_min:470 - global_seqlen/balanced_max:1277 - global_seqlen/mean:856.0 - actor/entropy:0.6264148354530334 - perf/mfu/actor_infer:0 - actor/pg_loss:-0.2499997615814209 - actor/kl_loss:0.0 - actor/fc_opd_loss:11.994845628738403 - actor/pg_clipfrac:0.0 - actor/ppo_kl:0.0 - actor/pg_clipfrac_lower:0.0 - actor/fc_opd_denominator:280.0 - actor/grad_norm:54.704811096191406 - perf/mfu/actor:0.011031135529326488 - perf/max_memory_allocated_gb:21.351612091064453 - perf/max_memory_reserved_gb:25.85546875 - perf/cpu_memory_used_gb:161.23979949951172 - actor/lr:1e-06 - training/global_step:9 - training/epoch:0 - critic/score/mean:0.25 - critic/score/max:1.0 - critic/score/min:0.0 - critic/rewards/mean:0.25 - critic/rewards/max:1.0 - critic/rewards/min:0.0 - critic/advantages/mean:0.11145027726888657 - critic/advantages/max:0.9999990463256836 - critic/advantages/min:0.0 - critic/returns/mean:0.11145027726888657 - critic/returns/max:0.9999990463256836 - critic/returns/min:0.0 - response_length/mean:655.0 - response_length/max:1024.0 - response_length/min:280.0 - response_length/clip_ratio:0.5 - response_length_non_aborted/mean:655.0 - response_length_non_aborted/max:1024.0 - response_length_non_aborted/min:280.0 - response_length_non_aborted/clip_ratio:0.5 - response/aborted_ratio:0.0 - prompt_length/mean:201.0 - prompt_length/max:253.0 - prompt_length/min:143.0 - prompt_length/clip_ratio:0.0 - num_turns/min:2 - num_turns/max:2 - num_turns/mean:2.0 - timing_s/start_profile:5.531124770641327e-05 - timing_s/agent_loop/num_preempted/min:-1 - timing_s/agent_loop/num_preempted/max:-1 - timing_s/agent_loop/num_preempted/mean:-1.0 - timing_s/agent_loop/generate_sequences/min:1.3799454662948847 - timing_s/agent_loop/generate_sequences/max:4.962470158003271 - timing_s/agent_loop/generate_sequences/mean:3.1748550506308675 - timing_s/agent_loop/tool_calls/min:0.0 - timing_s/agent_loop/tool_calls/max:0.0 - timing_s/agent_loop/tool_calls/mean:0.0 - timing_s/agent_loop/slowest/generate_sequences:4.962470158003271 - timing_s/agent_loop/slowest/tool_calls:0.0 - timing_s/agent_loop/slowest/prompt_length:253 - timing_s/agent_loop/slowest/response_length:1024 - timing_s/agent_loop/slowest/num_preempted:-1 - timing_s/gen:5.961358713917434 - timing_s/fc_opd:1.0050708344206214 - timing_s/reward:1.4944002032279968e-05 - timing_s/old_log_prob:0.6544950474053621 - timing_s/adv:0.0003698104992508888 - timing_s/update_actor:2.1352160153910518 - timing_s/update_weights:2.737661969847977 - timing_s/dump_rollout_generations:0.004572686739265919 - timing_s/step:12.501126483082771 - timing_s/stop_profile:4.442781209945679e-05 - timing_per_token_ms/gen:2.2753277534036007 - timing_per_token_ms/adv:0.00010800540281860071 - timing_per_token_ms/update_actor:0.6236028082333679 - perf/total_num_tokens:3424 - perf/time_per_step:12.501126483082771 - perf/throughput:68.47382923118069
[36m(TaskRunner pid=2835327)[0m local_global_step_folder: /inspire/hdd/global_user/mengweicheng-240108120092/lzy/projects/Dual-Track-OPD/checkpoints/gkd_geometry3k/qwen3vl_geometry3k_gkd_20260711_035352/global_step_10
[36m(TaskRunner pid=2835327)[0m Dumped generations to /inspire/hdd/global_user/mengweicheng-240108120092/lzy/projects/Dual-Track-OPD/runs/gkd_geometry3k/qwen3vl_geometry3k_gkd_20260711_035352/rollouts/10.jsonl
[36m(TaskRunner pid=2835327)[0m test_gen_batch meta info: {'eos_token_id': 151645, 'pad_token_id': 151643, 'recompute_log_prob': False, 'do_sample': False, 'validate': True, 'global_steps': 10}
[36m(TaskRunner pid=2835327)[0m validation generation end
[36m(TaskRunner pid=2835327)[0m Dumped generations to /inspire/hdd/global_user/mengweicheng-240108120092/lzy/projects/Dual-Track-OPD/runs/gkd_geometry3k/qwen3vl_geometry3k_gkd_20260711_035352/validation/10.jsonl
[36m(TaskRunner pid=2835327)[0m step:10 - fc_opd/hook_loss:0.0 - fc_opd/hook_num_samples:4.0 - fc_opd/hook_active_weight:2034.0 - fc_opd/is_plain_gkd:1.0 - fc_opd/teacher_valid_ratio:1.0 - fc_opd/online/loss:0.0 - fc_opd/online/num_samples:4.0 - global_seqlen/min:267 - global_seqlen/max:1196 - global_seqlen/minmax_diff:929 - global_seqlen/balanced_min:267 - global_seqlen/balanced_max:1196 - global_seqlen/mean:712.75 - actor/entropy:0.6473841071128845 - perf/mfu/actor_infer:0 - actor/pg_loss:-0.4999995529651642 - actor/kl_loss:0.0 - actor/fc_opd_loss:12.13411545753479 - actor/pg_clipfrac:0.0 - actor/ppo_kl:0.0 - actor/pg_clipfrac_lower:0.0 - actor/fc_opd_denominator:137.0 - actor/grad_norm:52.792659759521484 - perf/mfu/actor:0.009261521379399801 - perf/max_memory_allocated_gb:21.351612091064453 - perf/max_memory_reserved_gb:25.85546875 - perf/cpu_memory_used_gb:161.29986953735352 - actor/lr:1e-06 - val-core/geometry3k/reward/mean@1:0.355 - val-aux/geometry3k/score/mean@1:0.355 - val-aux/num_turns/min:2 - val-aux/num_turns/max:2 - val-aux/num_turns/mean:2.0 - training/global_step:10 - training/epoch:0 - critic/score/mean:0.5 - critic/score/max:1.0 - critic/score/min:0.0 - critic/rewards/mean:0.5 - critic/rewards/max:1.0 - critic/rewards/min:0.0 - critic/advantages/mean:0.19763991236686707 - critic/advantages/max:0.9999990463256836 - critic/advantages/min:0.0 - critic/returns/mean:0.19763991236686707 - critic/returns/max:0.9999990463256836 - critic/returns/min:0.0 - response_length/mean:508.5 - response_length/max:1024.0 - response_length/min:137.0 - response_length/clip_ratio:0.25 - response_length_non_aborted/mean:508.5 - response_length_non_aborted/max:1024.0 - response_length_non_aborted/min:137.0 - response_length_non_aborted/clip_ratio:0.25 - response/aborted_ratio:0.0 - prompt_length/mean:204.25 - prompt_length/max:378.0 - prompt_length/min:130.0 - prompt_length/clip_ratio:0.0 - num_turns/min:2 - num_turns/max:2 - num_turns/mean:2.0 - timing_s/start_profile:2.8274022042751312e-05 - timing_s/agent_loop/num_preempted/min:-1 - timing_s/agent_loop/num_preempted/max:-1 - timing_s/agent_loop/num_preempted/mean:-1.0 - timing_s/agent_loop/generate_sequences/min:0.7635292559862137 - timing_s/agent_loop/generate_sequences/max:4.9756424790248275 - timing_s/agent_loop/generate_sequences/mean:2.5293572265654802 - timing_s/agent_loop/tool_calls/min:0.0 - timing_s/agent_loop/tool_calls/max:0.0 - timing_s/agent_loop/tool_calls/mean:0.0 - timing_s/agent_loop/slowest/generate_sequences:4.9756424790248275 - timing_s/agent_loop/slowest/tool_calls:0.0 - timing_s/agent_loop/slowest/prompt_length:172 - timing_s/agent_loop/slowest/response_length:1024 - timing_s/agent_loop/slowest/num_preempted:-1 - timing_s/gen:5.940729453228414 - timing_s/fc_opd:0.9408015944063663 - timing_s/reward:1.1231750249862671e-05 - timing_s/old_log_prob:0.5742153059691191 - timing_s/adv:0.0003643883392214775 - timing_s/update_actor:2.1181132718920708 - timing_s/save_checkpoint:9.183331214822829 - timing_s/update_weights:2.42364605050534 - timing_s/dump_rollout_generations:0.004584398120641708 - timing_s/step:21.18847978580743 - timing_s/testing:10.605554386042058 - timing_s/stop_profile:9.178556501865387e-05 - timing_per_token_ms/gen:2.9207126122066933 - timing_per_token_ms/adv:0.0001278107117577964 - timing_per_token_ms/update_actor:0.7429369596254194 - perf/total_num_tokens:2851 - perf/time_per_step:21.18847978580743 - perf/throughput:33.638562426617206
[36m(TaskRunner pid=2835327)[0m Dumped generations to /inspire/hdd/global_user/mengweicheng-240108120092/lzy/projects/Dual-Track-OPD/runs/gkd_geometry3k/qwen3vl_geometry3k_gkd_20260711_035352/rollouts/11.jsonl
[36m(TaskRunner pid=2835327)[0m step:11 - fc_opd/hook_loss:0.0 - fc_opd/hook_num_samples:4.0 - fc_opd/hook_active_weight:1480.0 - fc_opd/is_plain_gkd:1.0 - fc_opd/teacher_valid_ratio:1.0 - fc_opd/online/loss:0.0 - fc_opd/online/num_samples:4.0 - global_seqlen/min:277 - global_seqlen/max:852 - global_seqlen/minmax_diff:575 - global_seqlen/balanced_min:277 - global_seqlen/balanced_max:852 - global_seqlen/mean:615.75 - actor/entropy:0.45047226548194885 - perf/mfu/actor_infer:0 - actor/pg_loss:-0.7499992847442627 - actor/kl_loss:0.0 - actor/fc_opd_loss:12.814350128173828 - actor/pg_clipfrac:0.0 - actor/ppo_kl:0.0 - actor/pg_clipfrac_lower:0.0 - actor/fc_opd_denominator:144.0 - actor/grad_norm:53.859134674072266 - perf/mfu/actor:0.008536317434785435 - perf/max_memory_allocated_gb:21.351612091064453 - perf/max_memory_reserved_gb:25.85546875 - perf/cpu_memory_used_gb:165.41037368774414 - actor/lr:1e-06 - training/global_step:11 - training/epoch:0 - critic/score/mean:0.75 - critic/score/max:1.0 - critic/score/min:0.0 - critic/rewards/mean:0.75 - critic/rewards/max:1.0 - critic/rewards/min:0.0 - critic/advantages/mean:0.6283777356147766 - critic/advantages/max:0.9999990463256836 - critic/advantages/min:0.0 - critic/returns/mean:0.6283777356147766 - critic/returns/max:0.9999990463256836 - critic/returns/min:0.0 - response_length/mean:370.0 - response_length/max:550.0 - response_length/min:144.0 - response_length/clip_ratio:0.0 - response_length_non_aborted/mean:370.0 - response_length_non_aborted/max:550.0 - response_length_non_aborted/min:144.0 - response_length_non_aborted/clip_ratio:0.0 - response/aborted_ratio:0.0 - prompt_length/mean:245.75 - prompt_length/max:369.0 - prompt_length/min:133.0 - prompt_length/clip_ratio:0.0 - num_turns/min:2 - num_turns/max:2 - num_turns/mean:2.0 - timing_s/start_profile:2.8971582651138306e-05 - timing_s/agent_loop/num_preempted/min:-1 - timing_s/agent_loop/num_preempted/max:-1 - timing_s/agent_loop/num_preempted/mean:-1.0 - timing_s/agent_loop/generate_sequences/min:0.711349886842072 - timing_s/agent_loop/generate_sequences/max:2.6315671876072884 - timing_s/agent_loop/generate_sequences/mean:1.7907972333487123 - timing_s/agent_loop/tool_calls/min:0.0 - timing_s/agent_loop/tool_calls/max:0.0 - timing_s/agent_loop/tool_calls/mean:0.0 - timing_s/agent_loop/slowest/generate_sequences:2.6315671876072884 - timing_s/agent_loop/slowest/tool_calls:0.0 - timing_s/agent_loop/slowest/prompt_length:151 - timing_s/agent_loop/slowest/response_length:550 - timing_s/agent_loop/slowest/num_preempted:-1 - timing_s/gen:3.6017312156036496 - timing_s/fc_opd:0.8970152037218213 - timing_s/reward:9.841285645961761e-06 - timing_s/old_log_prob:0.5751380678266287 - timing_s/adv:0.00038051139563322067 - timing_s/update_actor:2.076171866618097 - timing_s/update_weights:2.414239970035851 - timing_s/dump_rollout_generations:0.00430427398532629 - timing_s/step:9.571833223104477 - timing_s/stop_profile:3.8324855268001556e-05 - timing_per_token_ms/gen:2.433602172705169 - timing_per_token_ms/adv:0.00015449102542964706 - timing_per_token_ms/update_actor:0.842944322622045 - perf/total_num_tokens:2463 - perf/time_per_step:9.571833223104477 - perf/throughput:64.32936989684521[36m(TaskRunner pid=2835327)[0m Training Progress:  22%|██▏       | 11/50 [02:45<10:17, 15.83s/it]
[36m(TaskRunner pid=2835327)[0m WARNING:2026-07-11 04:01:03,929:========================================================================
[36m(TaskRunner pid=2835327)[0m WARNING:2026-07-11 04:01:03,929:  Qwen3-VL Online GKD Pipeline Verification
[36m(TaskRunner pid=2835327)[0m WARNING:2026-07-11 04:01:03,929:========================================================================
[36m(TaskRunner pid=2835327)[0m WARNING:2026-07-11 04:01:03,929:  C          = 1  conditions: ['full']
[36m(TaskRunner pid=2835327)[0m WARNING:2026-07-11 04:01:03,929:  loss_mode  = gkd
[36m(TaskRunner pid=2835327)[0m WARNING:2026-07-11 04:01:03,929:  batch      = [B=4, T=1024]
[36m(TaskRunner pid=2835327)[0m WARNING:2026-07-11 04:01:03,929:  top_k      = 32
[36m(TaskRunner pid=2835327)[0m WARNING:2026-07-11 04:01:03,929:  exact_lp   = torch.Size([4, 1, 1024])  (None=tail-fallback)
[36m(TaskRunner pid=2835327)[0m WARNING:2026-07-11 04:01:03,929:  Student    = raw image + canonical question  (choices allowed, no XML)
[36m(TaskRunner pid=2835327)[0m WARNING:2026-07-11 04:01:03,929:  Teacher    = raw image + same canonical question  (no format bias)
[36m(TaskRunner pid=2835327)[0m WARNING:2026-07-11 04:01:03,929:  KL         = forward
[36m(TaskRunner pid=2835327)[0m WARNING:2026-07-11 04:01:03,929:  Objective  = forward KL on the full-image teacher distribution (pure distillation, no GRPO)
[36m(TaskRunner pid=2835327)[0m WARNING:2026-07-11 04:01:03,929:  Routing    = uniform over teacher-valid response tokens
[36m(TaskRunner pid=2835327)[0m WARNING:2026-07-11 04:01:03,929:  Update     = current rollout -> immediate teacher score -> actor backward
[36m(TaskRunner pid=2835327)[0m WARNING:2026-07-11 04:01:03,929:========================================================================
[36m(TaskRunner pid=2835327)[0m ========================================================================
[36m(TaskRunner pid=2835327)[0m   Qwen3-VL Online GKD Pipeline Verification
[36m(TaskRunner pid=2835327)[0m ========================================================================
[36m(TaskRunner pid=2835327)[0m   C          = 1  conditions: ['full']
[36m(TaskRunner pid=2835327)[0m   loss_mode  = gkd
[36m(TaskRunner pid=2835327)[0m   batch      = [B=4, T=1024]
[36m(TaskRunner pid=2835327)[0m   top_k      = 32
[36m(TaskRunner pid=2835327)[0m   exact_lp   = torch.Size([4, 1, 1024])  (None=tail-fallback)
[36m(TaskRunner pid=2835327)[0m   Student    = raw image + canonical question  (choices allowed, no XML)
[36m(TaskRunner pid=2835327)[0m   Teacher    = raw image + same canonical question  (no format bias)
[36m(TaskRunner pid=2835327)[0m   KL         = forward
[36m(TaskRunner pid=2835327)[0m   Objective  = forward KL on the full-image teacher distribution (pure distillation, no GRPO)
[36m(TaskRunner pid=2835327)[0m   Routing    = uniform over teacher-valid response tokens
[36m(TaskRunner pid=2835327)[0m   Update     = current rollout -> immediate teacher score -> actor backward
[36m(TaskRunner pid=2835327)[0m ========================================================================
[36m(WorkerDict pid=2942692)[0m INFO:2026-07-11 04:01:08,553:update_weights done, time cost: 0.60s
[36m(TaskRunner pid=2835327)[0m Training Progress:  24%|██▍       | 12/50 [02:57<09:24, 14.86s/it]
[36m(TaskRunner pid=2835327)[0m WARNING:2026-07-11 04:01:16,112:========================================================================
[36m(TaskRunner pid=2835327)[0m WARNING:2026-07-11 04:01:16,112:  Qwen3-VL Online GKD Pipeline Verification
[36m(TaskRunner pid=2835327)[0m WARNING:2026-07-11 04:01:16,112:========================================================================
[36m(TaskRunner pid=2835327)[0m WARNING:2026-07-11 04:01:16,112:  C          = 1  conditions: ['full']
[36m(TaskRunner pid=2835327)[0m WARNING:2026-07-11 04:01:16,112:  loss_mode  = gkd
[36m(TaskRunner pid=2835327)[0m WARNING:2026-07-11 04:01:16,112:  batch      = [B=4, T=1024]
[36m(TaskRunner pid=2835327)[0m WARNING:2026-07-11 04:01:16,112:  top_k      = 32
[36m(TaskRunner pid=2835327)[0m WARNING:2026-07-11 04:01:16,112:  exact_lp   = torch.Size([4, 1, 1024])  (None=tail-fallback)
[36m(TaskRunner pid=2835327)[0m WARNING:2026-07-11 04:01:16,112:  Student    = raw image + canonical question  (choices allowed, no XML)
[36m(TaskRunner pid=2835327)[0m WARNING:2026-07-11 04:01:16,112:  Teacher    = raw image + same canonical question  (no format bias)
[36m(TaskRunner pid=2835327)[0m WARNING:2026-07-11 04:01:16,112:  KL         = forward
[36m(TaskRunner pid=2835327)[0m WARNING:2026-07-11 04:01:16,112:  Objective  = forward KL on the full-image teacher distribution (pure distillation, no GRPO)
[36m(TaskRunner pid=2835327)[0m WARNING:2026-07-11 04:01:16,112:  Routing    = uniform over teacher-valid response tokens
[36m(TaskRunner pid=2835327)[0m WARNING:2026-07-11 04:01:16,112:  Update     = current rollout -> immediate teacher score -> actor backward
[36m(TaskRunner pid=2835327)[0m WARNING:2026-07-11 04:01:16,112:========================================================================
[36m(TaskRunner pid=2835327)[0m ========================================================================
[36m(TaskRunner pid=2835327)[0m   Qwen3-VL Online GKD Pipeline Verification
[36m(TaskRunner pid=2835327)[0m ========================================================================
[36m(TaskRunner pid=2835327)[0m   C          = 1  conditions: ['full']
[36m(TaskRunner pid=2835327)[0m   loss_mode  = gkd
[36m(TaskRunner pid=2835327)[0m   batch      = [B=4, T=1024]
[36m(TaskRunner pid=2835327)[0m   top_k      = 32
[36m(TaskRunner pid=2835327)[0m   exact_lp   = torch.Size([4, 1, 1024])  (None=tail-fallback)
[36m(TaskRunner pid=2835327)[0m   Student    = raw image + canonical question  (choices allowed, no XML)
[36m(TaskRunner pid=2835327)[0m   Teacher    = raw image + same canonical question  (no format bias)
[36m(TaskRunner pid=2835327)[0m   KL         = forward
[36m(TaskRunner pid=2835327)[0m   Objective  = forward KL on the full-image teacher distribution (pure distillation, no GRPO)
[36m(TaskRunner pid=2835327)[0m   Routing    = uniform over teacher-valid response tokens
[36m(TaskRunner pid=2835327)[0m   Update     = current rollout -> immediate teacher score -> actor backward
[36m(TaskRunner pid=2835327)[0m ========================================================================
[36m(WorkerDict pid=2942692)[0m INFO:2026-07-11 04:01:20,266:update_weights done, time cost: 0.58s
[36m(TaskRunner pid=2835327)[0m Training Progress:  26%|██▌       | 13/50 [03:09<08:35, 13.92s/it]
[36m(TaskRunner pid=2835327)[0m WARNING:2026-07-11 04:01:28,332:========================================================================
[36m(TaskRunner pid=2835327)[0m WARNING:2026-07-11 04:01:28,332:  Qwen3-VL Online GKD Pipeline Verification
[36m(TaskRunner pid=2835327)[0m WARNING:2026-07-11 04:01:28,332:========================================================================
[36m(TaskRunner pid=2835327)[0m WARNING:2026-07-11 04:01:28,332:  C          = 1  conditions: ['full']
[36m(TaskRunner pid=2835327)[0m WARNING:2026-07-11 04:01:28,332:  loss_mode  = gkd
[36m(TaskRunner pid=2835327)[0m WARNING:2026-07-11 04:01:28,332:  batch      = [B=4, T=1024]
[36m(TaskRunner pid=2835327)[0m WARNING:2026-07-11 04:01:28,332:  top_k      = 32
[36m(TaskRunner pid=2835327)[0m WARNING:2026-07-11 04:01:28,332:  exact_lp   = torch.Size([4, 1, 1024])  (None=tail-fallback)
[36m(TaskRunner pid=2835327)[0m WARNING:2026-07-11 04:01:28,332:  Student    = raw image + canonical question  (choices allowed, no XML)
[36m(TaskRunner pid=2835327)[0m WARNING:2026-07-11 04:01:28,332:  Teacher    = raw image + same canonical question  (no format bias)
[36m(TaskRunner pid=2835327)[0m WARNING:2026-07-11 04:01:28,333:  KL         = forward
[36m(TaskRunner pid=2835327)[0m WARNING:2026-07-11 04:01:28,333:  Objective  = forward KL on the full-image teacher distribution (pure distillation, no GRPO)
[36m(TaskRunner pid=2835327)[0m WARNING:2026-07-11 04:01:28,333:  Routing    = uniform over teacher-valid response tokens
[36m(TaskRunner pid=2835327)[0m WARNING:2026-07-11 04:01:28,333:  Update     = current rollout -> immediate teacher score -> actor backward
[36m(TaskRunner pid=2835327)[0m WARNING:2026-07-11 04:01:28,333:========================================================================
[36m(TaskRunner pid=2835327)[0m ========================================================================
[36m(TaskRunner pid=2835327)[0m   Qwen3-VL Online GKD Pipeline Verification
[36m(TaskRunner pid=2835327)[0m ========================================================================
[36m(TaskRunner pid=2835327)[0m   C          = 1  conditions: ['full']
[36m(TaskRunner pid=2835327)[0m   loss_mode  = gkd
[36m(TaskRunner pid=2835327)[0m   batch      = [B=4, T=1024]
[36m(TaskRunner pid=2835327)[0m   top_k      = 32
[36m(TaskRunner pid=2835327)[0m   exact_lp   = torch.Size([4, 1, 1024])  (None=tail-fallback)
[36m(TaskRunner pid=2835327)[0m   Student    = raw image + canonical question  (choices allowed, no XML)
[36m(TaskRunner pid=2835327)[0m   Teacher    = raw image + same canonical question  (no format bias)
[36m(TaskRunner pid=2835327)[0m   KL         = forward
[36m(TaskRunner pid=2835327)[0m   Objective  = forward KL on the full-image teacher distribution (pure distillation, no GRPO)
[36m(TaskRunner pid=2835327)[0m   Routing    = uniform over teacher-valid response tokens
[36m(TaskRunner pid=2835327)[0m   Update     = current rollout -> immediate teacher score -> actor backward
[36m(TaskRunner pid=2835327)[0m ========================================================================
[36m(WorkerDict pid=2942692)[0m INFO:2026-07-11 04:01:33,003:update_weights done, time cost: 0.64s

[36m(TaskRunner pid=2835327)[0m Dumped generations to /inspire/hdd/global_user/mengweicheng-240108120092/lzy/projects/Dual-Track-OPD/runs/gkd_geometry3k/qwen3vl_geometry3k_gkd_20260711_035352/rollouts/12.jsonl
[36m(TaskRunner pid=2835327)[0m step:12 - fc_opd/hook_loss:0.0 - fc_opd/hook_num_samples:4.0 - fc_opd/hook_active_weight:3167.0 - fc_opd/is_plain_gkd:1.0 - fc_opd/teacher_valid_ratio:1.0 - fc_opd/online/loss:0.0 - fc_opd/online/num_samples:4.0 - global_seqlen/min:221 - global_seqlen/max:1322 - global_seqlen/minmax_diff:1101 - global_seqlen/balanced_min:221 - global_seqlen/balanced_max:1322 - global_seqlen/mean:1002.0 - actor/entropy:0.41317465901374817 - perf/mfu/actor_infer:0 - actor/pg_loss:-0.2499997615814209 - actor/kl_loss:0.0 - actor/fc_opd_loss:12.807040691375732 - actor/pg_clipfrac:0.0 - actor/ppo_kl:0.0 - actor/pg_clipfrac_lower:0.0 - actor/fc_opd_denominator:95.0 - actor/grad_norm:42.93864822387695 - perf/mfu/actor:0.011927318360701896 - perf/max_memory_allocated_gb:21.351612091064453 - perf/max_memory_reserved_gb:25.85546875 - perf/cpu_memory_used_gb:165.49083709716797 - actor/lr:1e-06 - training/global_step:12 - training/epoch:0 - critic/score/mean:0.25 - critic/score/max:1.0 - critic/score/min:0.0 - critic/rewards/mean:0.25 - critic/rewards/max:1.0 - critic/rewards/min:0.0 - critic/advantages/mean:0.02999681606888771 - critic/advantages/max:0.9999990463256836 - critic/advantages/min:0.0 - critic/returns/mean:0.02999681606888771 - critic/returns/max:0.9999990463256836 - critic/returns/min:0.0 - response_length/mean:791.75 - response_length/max:1024.0 - response_length/min:95.0 - response_length/clip_ratio:0.75 - response_length_non_aborted/mean:791.75 - response_length_non_aborted/max:1024.0 - response_length_non_aborted/min:95.0 - response_length_non_aborted/clip_ratio:0.75 - response/aborted_ratio:0.0 - prompt_length/mean:210.25 - prompt_length/max:298.0 - prompt_length/min:126.0 - prompt_length/clip_ratio:0.0 - num_turns/min:2 - num_turns/max:2 - num_turns/mean:2.0 - timing_s/start_profile:5.352497100830078e-05 - timing_s/agent_loop/num_preempted/min:-1 - timing_s/agent_loop/num_preempted/max:-1 - timing_s/agent_loop/num_preempted/mean:-1.0 - timing_s/agent_loop/generate_sequences/min:0.48296784795820713 - timing_s/agent_loop/generate_sequences/max:5.015865043736994 - timing_s/agent_loop/generate_sequences/mean:3.8404227027203888 - timing_s/agent_loop/tool_calls/min:0.0 - timing_s/agent_loop/tool_calls/max:0.0 - timing_s/agent_loop/tool_calls/mean:0.0 - timing_s/agent_loop/slowest/generate_sequences:5.015865043736994 - timing_s/agent_loop/slowest/tool_calls:0.0 - timing_s/agent_loop/slowest/prompt_length:298 - timing_s/agent_loop/slowest/response_length:1024 - timing_s/agent_loop/slowest/num_preempted:-1 - timing_s/gen:6.170600711368024 - timing_s/fc_opd:1.275618470273912 - timing_s/reward:9.708106517791748e-06 - timing_s/old_log_prob:0.5902487803250551 - timing_s/adv:0.0004200441762804985 - timing_s/update_actor:2.313859677873552 - timing_s/update_weights:2.2644747430458665 - timing_s/dump_rollout_generations:0.0047719646245241165 - timing_s/step:12.62228390853852 - timing_s/stop_profile:4.2348168790340424e-05 - timing_per_token_ms/gen:1.9484056556261522 - timing_per_token_ms/adv:0.00010480144118774912 - timing_per_token_ms/update_actor:0.5773102988706467 - perf/total_num_tokens:4008 - perf/time_per_step:12.62228390853852 - perf/throughput:79.38341486061671
[36m(TaskRunner pid=2835327)[0m Dumped generations to /inspire/hdd/global_user/mengweicheng-240108120092/lzy/projects/Dual-Track-OPD/runs/gkd_geometry3k/qwen3vl_geometry3k_gkd_20260711_035352/rollouts/13.jsonl
[36m(TaskRunner pid=2835327)[0m step:13 - fc_opd/hook_loss:0.0 - fc_opd/hook_num_samples:4.0 - fc_opd/hook_active_weight:2100.0 - fc_opd/is_plain_gkd:1.0 - fc_opd/teacher_valid_ratio:1.0 - fc_opd/online/loss:0.0 - fc_opd/online/num_samples:4.0 - global_seqlen/min:423 - global_seqlen/max:1249 - global_seqlen/minmax_diff:826 - global_seqlen/balanced_min:423 - global_seqlen/balanced_max:1249 - global_seqlen/mean:739.0 - actor/entropy:0.7447694540023804 - perf/mfu/actor_infer:0 - actor/pg_loss:-0.7499992549419403 - actor/kl_loss:0.0 - actor/fc_opd_loss:11.880241870880127 - actor/pg_clipfrac:0.0 - actor/ppo_kl:0.0 - actor/pg_clipfrac_lower:0.0 - actor/fc_opd_denominator:197.0 - actor/grad_norm:56.848480224609375 - perf/mfu/actor:0.009855981336818847 - perf/max_memory_allocated_gb:21.351612091064453 - perf/max_memory_reserved_gb:25.85546875 - perf/cpu_memory_used_gb:164.85131454467773 - actor/lr:1e-06 - training/global_step:13 - training/epoch:0 - critic/score/mean:0.75 - critic/score/max:1.0 - critic/score/min:0.0 - critic/rewards/mean:0.75 - critic/rewards/max:1.0 - critic/rewards/min:0.0 - critic/advantages/mean:0.5123804807662964 - critic/advantages/max:0.9999990463256836 - critic/advantages/min:0.0 - critic/returns/mean:0.5123804807662964 - critic/returns/max:0.9999990463256836 - critic/returns/min:0.0 - response_length/mean:525.0 - response_length/max:1024.0 - response_length/min:197.0 - response_length/clip_ratio:0.25 - response_length_non_aborted/mean:525.0 - response_length_non_aborted/max:1024.0 - response_length_non_aborted/min:197.0 - response_length_non_aborted/clip_ratio:0.25 - response/aborted_ratio:0.0 - prompt_length/mean:214.0 - prompt_length/max:237.0 - prompt_length/min:168.0 - prompt_length/clip_ratio:0.0 - num_turns/min:2 - num_turns/max:2 - num_turns/mean:2.0 - timing_s/start_profile:2.8973445296287537e-05 - timing_s/agent_loop/num_preempted/min:-1 - timing_s/agent_loop/num_preempted/max:-1 - timing_s/agent_loop/num_preempted/mean:-1.0 - timing_s/agent_loop/generate_sequences/min:0.9643114265054464 - timing_s/agent_loop/generate_sequences/max:4.975628962740302 - timing_s/agent_loop/generate_sequences/mean:2.564941719174385 - timing_s/agent_loop/tool_calls/min:0.0 - timing_s/agent_loop/tool_calls/max:0.0 - timing_s/agent_loop/tool_calls/mean:0.0 - timing_s/agent_loop/slowest/generate_sequences:4.975628962740302 - timing_s/agent_loop/slowest/tool_calls:0.0 - timing_s/agent_loop/slowest/prompt_length:225 - timing_s/agent_loop/slowest/response_length:1024 - timing_s/agent_loop/slowest/num_preempted:-1 - timing_s/gen:6.025295993313193 - timing_s/fc_opd:0.9792901799082756 - timing_s/reward:1.7609447240829468e-05 - timing_s/old_log_prob:0.568057986907661 - timing_s/adv:0.0003801276907324791 - timing_s/update_actor:2.058627446182072 - timing_s/update_weights:2.1235990207642317 - timing_s/dump_rollout_generations:0.0047893524169921875 - timing_s/step:11.762942071072757 - timing_s/stop_profile:4.816707223653793e-05 - timing_per_token_ms/gen:2.8691885682443776 - timing_per_token_ms/adv:0.00012859529456443812 - timing_per_token_ms/update_actor:0.6964233579776969 - perf/total_num_tokens:2956 - perf/time_per_step:11.762942071072757 - perf/throughput:62.82441888558962
[36m(TaskRunner pid=2835327)[0m Dumped generations to /inspire/hdd/global_user/mengweicheng-240108120092/lzy/projects/Dual-Track-OPD/runs/gkd_geometry3k/qwen3vl_geometry3k_gkd_20260711_035352/rollouts/14.jsonl
[36m(TaskRunner pid=2835327)[0m step:14 - fc_opd/hook_loss:0.0 - fc_opd/hook_num_samples:4.0 - fc_opd/hook_active_weight:3631.0 - fc_opd/is_plain_gkd:1.0 - fc_opd/teacher_valid_ratio:1.0 - fc_opd/online/loss:0.0 - fc_opd/online/num_samples:4.0 - global_seqlen/min:725 - global_seqlen/max:1220 - global_seqlen/minmax_diff:495 - global_seqlen/balanced_min:725 - global_seqlen/balanced_max:1220 - global_seqlen/mean:1071.75 - actor/entropy:0.7821146845817566 - perf/mfu/actor_infer:0 - actor/pg_loss:0.0 - actor/kl_loss:0.0 - actor/fc_opd_loss:10.832214117050171 - actor/pg_clipfrac:0.0 - actor/ppo_kl:0.0 - actor/pg_clipfrac_lower:0.0 - actor/fc_opd_denominator:559.0 - actor/grad_norm:78.66719055175781 - perf/mfu/actor:0.013339662835319288 - perf/max_memory_allocated_gb:21.351612091064453 - perf/max_memory_reserved_gb:25.85546875 - perf/cpu_memory_used_gb:164.91976165771484 - actor/lr:1e-06 - training/global_step:14 - training/epoch:0 - critic/score/mean:0.0 - critic/score/max:0.0 - critic/score/min:0.0 - critic/rewards/mean:0.0 - critic/rewards/max:0.0 - critic/rewards/min:0.0 - critic/advantages/mean:0.0 - critic/advantages/max:0.0 - critic/advantages/min:0.0 - critic/returns/mean:0.0 - critic/returns/max:0.0 - critic/returns/min:0.0 - response_length/mean:907.75 - response_length/max:1024.0 - response_length/min:559.0 - response_length/clip_ratio:0.75 - response_length_non_aborted/mean:907.75 - response_length_non_aborted/max:1024.0 - response_length_non_aborted/min:559.0 - response_length_non_aborted/clip_ratio:0.75 - response/aborted_ratio:0.0 - prompt_length/mean:164.0 - prompt_length/max:196.0 - prompt_length/min:131.0 - prompt_length/clip_ratio:0.0 - num_turns/min:2 - num_turns/max:2 - num_turns/mean:2.0 - timing_s/start_profile:3.31047922372818e-05 - timing_s/agent_loop/num_preempted/min:-1 - timing_s/agent_loop/num_preempted/max:-1 - timing_s/agent_loop/num_preempted/mean:-1.0 - timing_s/agent_loop/generate_sequences/min:2.696962575428188 - timing_s/agent_loop/generate_sequences/max:4.914138951338828 - timing_s/agent_loop/generate_sequences/mean:4.3362538404762745 - timing_s/agent_loop/tool_calls/min:0.0 - timing_s/agent_loop/tool_calls/max:0.0 - timing_s/agent_loop/tool_calls/mean:0.0 - timing_s/agent_loop/slowest/generate_sequences:4.914138951338828 - timing_s/agent_loop/slowest/tool_calls:0.0 - timing_s/agent_loop/slowest/prompt_length:163 - timing_s/agent_loop/slowest/response_length:1024 - timing_s/agent_loop/slowest/num_preempted:-1 - timing_s/gen:6.165978780947626 - timing_s/fc_opd:1.2934189895167947 - timing_s/reward:9.846873581409454e-06 - timing_s/old_log_prob:0.546346197836101 - timing_s/adv:0.0003602113574743271 - timing_s/update_actor:2.129971510730684 - timing_s/update_weights:2.6368119539693 - timing_s/dump_rollout_generations:0.004718208685517311 - timing_s/step:12.780430517159402 - timing_s/stop_profile:4.3569132685661316e-05 - timing_per_token_ms/gen:1.6981489344388945 - timing_per_token_ms/adv:8.402410951115631e-05 - timing_per_token_ms/update_actor:0.496844299214062 - perf/total_num_tokens:4287 - perf/time_per_step:12.780430517159402 - perf/throughput:83.8586774178722[36m(TaskRunner pid=2835327)[0m Training Progress:  28%|██▊       | 14/50 [03:22<08:08, 13.58s/it]
[36m(TaskRunner pid=2835327)[0m WARNING:2026-07-11 04:01:36,658:========================================================================
[36m(TaskRunner pid=2835327)[0m WARNING:2026-07-11 04:01:36,658:  Qwen3-VL Online GKD Pipeline Verification
[36m(TaskRunner pid=2835327)[0m WARNING:2026-07-11 04:01:36,658:========================================================================
[36m(TaskRunner pid=2835327)[0m WARNING:2026-07-11 04:01:36,658:  C          = 1  conditions: ['full']
[36m(TaskRunner pid=2835327)[0m WARNING:2026-07-11 04:01:36,658:  loss_mode  = gkd
[36m(TaskRunner pid=2835327)[0m WARNING:2026-07-11 04:01:36,658:  batch      = [B=4, T=1024]
[36m(TaskRunner pid=2835327)[0m WARNING:2026-07-11 04:01:36,658:  top_k      = 32
[36m(TaskRunner pid=2835327)[0m WARNING:2026-07-11 04:01:36,658:  exact_lp   = torch.Size([4, 1, 1024])  (None=tail-fallback)
[36m(TaskRunner pid=2835327)[0m WARNING:2026-07-11 04:01:36,658:  Student    = raw image + canonical question  (choices allowed, no XML)
[36m(TaskRunner pid=2835327)[0m WARNING:2026-07-11 04:01:36,658:  Teacher    = raw image + same canonical question  (no format bias)
[36m(TaskRunner pid=2835327)[0m WARNING:2026-07-11 04:01:36,658:  KL         = forward
[36m(TaskRunner pid=2835327)[0m WARNING:2026-07-11 04:01:36,658:  Objective  = forward KL on the full-image teacher distribution (pure distillation, no GRPO)
[36m(TaskRunner pid=2835327)[0m WARNING:2026-07-11 04:01:36,658:  Routing    = uniform over teacher-valid response tokens
[36m(TaskRunner pid=2835327)[0m WARNING:2026-07-11 04:01:36,658:  Update     = current rollout -> immediate teacher score -> actor backward
[36m(TaskRunner pid=2835327)[0m WARNING:2026-07-11 04:01:36,658:========================================================================
[36m(TaskRunner pid=2835327)[0m ========================================================================
[36m(TaskRunner pid=2835327)[0m   Qwen3-VL Online GKD Pipeline Verification
[36m(TaskRunner pid=2835327)[0m ========================================================================
[36m(TaskRunner pid=2835327)[0m   C          = 1  conditions: ['full']
[36m(TaskRunner pid=2835327)[0m   loss_mode  = gkd
[36m(TaskRunner pid=2835327)[0m   batch      = [B=4, T=1024]
[36m(TaskRunner pid=2835327)[0m   top_k      = 32
[36m(TaskRunner pid=2835327)[0m   exact_lp   = torch.Size([4, 1, 1024])  (None=tail-fallback)
[36m(TaskRunner pid=2835327)[0m   Student    = raw image + canonical question  (choices allowed, no XML)
[36m(TaskRunner pid=2835327)[0m   Teacher    = raw image + same canonical question  (no format bias)
[36m(TaskRunner pid=2835327)[0m   KL         = forward
[36m(TaskRunner pid=2835327)[0m   Objective  = forward KL on the full-image teacher distribution (pure distillation, no GRPO)
[36m(TaskRunner pid=2835327)[0m   Routing    = uniform over teacher-valid response tokens
[36m(TaskRunner pid=2835327)[0m   Update     = current rollout -> immediate teacher score -> actor backward
[36m(TaskRunner pid=2835327)[0m ========================================================================
[36m(WorkerDict pid=2942692)[0m INFO:2026-07-11 04:01:41,369:update_weights done, time cost: 0.61s
[36m(TaskRunner pid=2835327)[0m Training Progress:  30%|███       | 15/50 [03:30<06:59, 11.99s/it]
[36m(TaskRunner pid=2835327)[0m WARNING:2026-07-11 04:01:49,171:========================================================================
[36m(TaskRunner pid=2835327)[0m WARNING:2026-07-11 04:01:49,171:  Qwen3-VL Online GKD Pipeline Verification
[36m(TaskRunner pid=2835327)[0m WARNING:2026-07-11 04:01:49,171:========================================================================
[36m(TaskRunner pid=2835327)[0m WARNING:2026-07-11 04:01:49,171:  C          = 1  conditions: ['full']
[36m(TaskRunner pid=2835327)[0m WARNING:2026-07-11 04:01:49,171:  loss_mode  = gkd
[36m(TaskRunner pid=2835327)[0m WARNING:2026-07-11 04:01:49,171:  batch      = [B=4, T=1024]
[36m(TaskRunner pid=2835327)[0m WARNING:2026-07-11 04:01:49,171:  top_k      = 32
[36m(TaskRunner pid=2835327)[0m WARNING:2026-07-11 04:01:49,171:  exact_lp   = torch.Size([4, 1, 1024])  (None=tail-fallback)
[36m(TaskRunner pid=2835327)[0m WARNING:2026-07-11 04:01:49,171:  Student    = raw image + canonical question  (choices allowed, no XML)
[36m(TaskRunner pid=2835327)[0m WARNING:2026-07-11 04:01:49,171:  Teacher    = raw image + same canonical question  (no format bias)
[36m(TaskRunner pid=2835327)[0m WARNING:2026-07-11 04:01:49,171:  KL         = forward
[36m(TaskRunner pid=2835327)[0m WARNING:2026-07-11 04:01:49,171:  Objective  = forward KL on the full-image teacher distribution (pure distillation, no GRPO)
[36m(TaskRunner pid=2835327)[0m WARNING:2026-07-11 04:01:49,171:  Routing    = uniform over teacher-valid response tokens
[36m(TaskRunner pid=2835327)[0m WARNING:2026-07-11 04:01:49,171:  Update     = current rollout -> immediate teacher score -> actor backward
[36m(TaskRunner pid=2835327)[0m WARNING:2026-07-11 04:01:49,172:========================================================================
[36m(TaskRunner pid=2835327)[0m ========================================================================
[36m(TaskRunner pid=2835327)[0m   Qwen3-VL Online GKD Pipeline Verification
[36m(TaskRunner pid=2835327)[0m ========================================================================
[36m(TaskRunner pid=2835327)[0m   C          = 1  conditions: ['full']
[36m(TaskRunner pid=2835327)[0m   loss_mode  = gkd
[36m(TaskRunner pid=2835327)[0m   batch      = [B=4, T=1024]
[36m(TaskRunner pid=2835327)[0m   top_k      = 32
[36m(TaskRunner pid=2835327)[0m   exact_lp   = torch.Size([4, 1, 1024])  (None=tail-fallback)
[36m(TaskRunner pid=2835327)[0m   Student    = raw image + canonical question  (choices allowed, no XML)
[36m(TaskRunner pid=2835327)[0m   Teacher    = raw image + same canonical question  (no format bias)
[36m(TaskRunner pid=2835327)[0m   KL         = forward
[36m(TaskRunner pid=2835327)[0m   Objective  = forward KL on the full-image teacher distribution (pure distillation, no GRPO)
[36m(TaskRunner pid=2835327)[0m   Routing    = uniform over teacher-valid response tokens
[36m(TaskRunner pid=2835327)[0m   Update     = current rollout -> immediate teacher score -> actor backward
[36m(TaskRunner pid=2835327)[0m ========================================================================
[36m(WorkerDict pid=2942692)[0m INFO:2026-07-11 04:01:53,343:update_weights done, time cost: 0.62s
[36m(TaskRunner pid=2835327)[0m Training Progress:  32%|███▏      | 16/50 [03:42<06:47, 11.98s/it]
[36m(TaskRunner pid=2835327)[0m WARNING:2026-07-11 04:02:01,045:========================================================================
[36m(TaskRunner pid=2835327)[0m WARNING:2026-07-11 04:02:01,045:  Qwen3-VL Online GKD Pipeline Verification
[36m(TaskRunner pid=2835327)[0m WARNING:2026-07-11 04:02:01,045:========================================================================
[36m(TaskRunner pid=2835327)[0m WARNING:2026-07-11 04:02:01,045:  C          = 1  conditions: ['full']
[36m(TaskRunner pid=2835327)[0m WARNING:2026-07-11 04:02:01,045:  loss_mode  = gkd
[36m(TaskRunner pid=2835327)[0m WARNING:2026-07-11 04:02:01,045:  batch      = [B=4, T=1024]
[36m(TaskRunner pid=2835327)[0m WARNING:2026-07-11 04:02:01,045:  top_k      = 32
[36m(TaskRunner pid=2835327)[0m WARNING:2026-07-11 04:02:01,045:  exact_lp   = torch.Size([4, 1, 1024])  (None=tail-fallback)
[36m(TaskRunner pid=2835327)[0m WARNING:2026-07-11 04:02:01,045:  Student    = raw image + canonical question  (choices allowed, no XML)
[36m(TaskRunner pid=2835327)[0m WARNING:2026-07-11 04:02:01,045:  Teacher    = raw image + same canonical question  (no format bias)
[36m(TaskRunner pid=2835327)[0m WARNING:2026-07-11 04:02:01,045:  KL         = forward
[36m(TaskRunner pid=2835327)[0m WARNING:2026-07-11 04:02:01,045:  Objective  = forward KL on the full-image teacher distribution (pure distillation, no GRPO)
[36m(TaskRunner pid=2835327)[0m WARNING:2026-07-11 04:02:01,045:  Routing    = uniform over teacher-valid response tokens
[36m(TaskRunner pid=2835327)[0m WARNING:2026-07-11 04:02:01,045:  Update     = current rollout -> immediate teacher score -> actor backward
[36m(TaskRunner pid=2835327)[0m WARNING:2026-07-11 04:02:01,045:========================================================================
[36m(TaskRunner pid=2835327)[0m ========================================================================
[36m(TaskRunner pid=2835327)[0m   Qwen3-VL Online GKD Pipeline Verification
[36m(TaskRunner pid=2835327)[0m ========================================================================
[36m(TaskRunner pid=2835327)[0m   C          = 1  conditions: ['full']
[36m(TaskRunner pid=2835327)[0m   loss_mode  = gkd
[36m(TaskRunner pid=2835327)[0m   batch      = [B=4, T=1024]
[36m(TaskRunner pid=2835327)[0m   top_k      = 32
[36m(TaskRunner pid=2835327)[0m   exact_lp   = torch.Size([4, 1, 1024])  (None=tail-fallback)
[36m(TaskRunner pid=2835327)[0m   Student    = raw image + canonical question  (choices allowed, no XML)
[36m(TaskRunner pid=2835327)[0m   Teacher    = raw image + same canonical question  (no format bias)
[36m(TaskRunner pid=2835327)[0m   KL         = forward
[36m(TaskRunner pid=2835327)[0m   Objective  = forward KL on the full-image teacher distribution (pure distillation, no GRPO)
[36m(TaskRunner pid=2835327)[0m   Routing    = uniform over teacher-valid response tokens
[36m(TaskRunner pid=2835327)[0m   Update     = current rollout -> immediate teacher score -> actor backward
[36m(TaskRunner pid=2835327)[0m ========================================================================
[36m(WorkerDict pid=2942692)[0m INFO:2026-07-11 04:02:05,749:update_weights done, time cost: 0.67s

[36m(TaskRunner pid=2835327)[0m Dumped generations to /inspire/hdd/global_user/mengweicheng-240108120092/lzy/projects/Dual-Track-OPD/runs/gkd_geometry3k/qwen3vl_geometry3k_gkd_20260711_035352/rollouts/15.jsonl
[36m(TaskRunner pid=2835327)[0m step:15 - fc_opd/hook_loss:0.0 - fc_opd/hook_num_samples:4.0 - fc_opd/hook_active_weight:908.0 - fc_opd/is_plain_gkd:1.0 - fc_opd/teacher_valid_ratio:1.0 - fc_opd/online/loss:0.0 - fc_opd/online/num_samples:4.0 - global_seqlen/min:372 - global_seqlen/max:526 - global_seqlen/minmax_diff:154 - global_seqlen/balanced_min:372 - global_seqlen/balanced_max:526 - global_seqlen/mean:440.0 - actor/entropy:0.41069602966308594 - perf/mfu/actor_infer:0 - actor/pg_loss:-0.7499992698431015 - actor/kl_loss:0.0 - actor/fc_opd_loss:12.541179895401001 - actor/pg_clipfrac:0.0 - actor/ppo_kl:0.0 - actor/pg_clipfrac_lower:0.0 - actor/fc_opd_denominator:183.0 - actor/grad_norm:64.8668212890625 - perf/mfu/actor:0.005639177657444781 - perf/max_memory_allocated_gb:21.351612091064453 - perf/max_memory_reserved_gb:25.85546875 - perf/cpu_memory_used_gb:164.93968963623047 - actor/lr:1e-06 - training/global_step:15 - training/epoch:0 - critic/score/mean:0.75 - critic/score/max:1.0 - critic/score/min:0.0 - critic/rewards/mean:0.75 - critic/rewards/max:1.0 - critic/rewards/min:0.0 - critic/advantages/mean:0.7312769293785095 - critic/advantages/max:0.9999990463256836 - critic/advantages/min:0.0 - critic/returns/mean:0.7312769293785095 - critic/returns/max:0.9999990463256836 - critic/returns/min:0.0 - response_length/mean:227.0 - response_length/max:244.0 - response_length/min:183.0 - response_length/clip_ratio:0.0 - response_length_non_aborted/mean:227.0 - response_length_non_aborted/max:244.0 - response_length_non_aborted/min:183.0 - response_length_non_aborted/clip_ratio:0.0 - response/aborted_ratio:0.0 - prompt_length/mean:213.0 - prompt_length/max:287.0 - prompt_length/min:128.0 - prompt_length/clip_ratio:0.0 - num_turns/min:2 - num_turns/max:2 - num_turns/mean:2.0 - timing_s/start_profile:2.920161932706833e-05 - timing_s/agent_loop/num_preempted/min:-1 - timing_s/agent_loop/num_preempted/max:-1 - timing_s/agent_loop/num_preempted/mean:-1.0 - timing_s/agent_loop/generate_sequences/min:0.9262243490666151 - timing_s/agent_loop/generate_sequences/max:1.1955376118421555 - timing_s/agent_loop/generate_sequences/mean:1.1195271769538522 - timing_s/agent_loop/tool_calls/min:0.0 - timing_s/agent_loop/tool_calls/max:0.0 - timing_s/agent_loop/tool_calls/mean:0.0 - timing_s/agent_loop/slowest/generate_sequences:1.1955376118421555 - timing_s/agent_loop/slowest/tool_calls:0.0 - timing_s/agent_loop/slowest/prompt_length:197 - timing_s/agent_loop/slowest/response_length:242 - timing_s/agent_loop/slowest/num_preempted:-1 - timing_s/gen:2.214891859330237 - timing_s/fc_opd:0.7875997703522444 - timing_s/reward:1.5317462384700775e-05 - timing_s/old_log_prob:0.6369183473289013 - timing_s/adv:0.00040203798562288284 - timing_s/update_actor:2.2388286562636495 - timing_s/update_weights:2.4194951355457306 - timing_s/dump_rollout_generations:0.004429567605257034 - timing_s/step:8.305096422322094 - timing_s/stop_profile:4.3626874685287476e-05 - timing_per_token_ms/gen:2.4393082151214065 - timing_per_token_ms/adv:0.00022843067364936525 - timing_per_token_ms/update_actor:1.2720617365134372 - perf/total_num_tokens:1760 - perf/time_per_step:8.305096422322094 - perf/throughput:52.979517350019705
[36m(TaskRunner pid=2835327)[0m Dumped generations to /inspire/hdd/global_user/mengweicheng-240108120092/lzy/projects/Dual-Track-OPD/runs/gkd_geometry3k/qwen3vl_geometry3k_gkd_20260711_035352/rollouts/16.jsonl
[36m(TaskRunner pid=2835327)[0m step:16 - fc_opd/hook_loss:0.0 - fc_opd/hook_num_samples:4.0 - fc_opd/hook_active_weight:3376.0 - fc_opd/is_plain_gkd:1.0 - fc_opd/teacher_valid_ratio:1.0 - fc_opd/online/loss:0.0 - fc_opd/online/num_samples:4.0 - global_seqlen/min:479 - global_seqlen/max:1342 - global_seqlen/minmax_diff:863 - global_seqlen/balanced_min:479 - global_seqlen/balanced_max:1342 - global_seqlen/mean:1068.5 - actor/entropy:0.8918306827545166 - perf/mfu/actor_infer:0 - actor/pg_loss:0.0 - actor/kl_loss:0.0 - actor/fc_opd_loss:11.13630723953247 - actor/pg_clipfrac:0.0 - actor/ppo_kl:0.0 - actor/pg_clipfrac_lower:0.0 - actor/fc_opd_denominator:337.0 - actor/grad_norm:62.737972259521484 - perf/mfu/actor:0.014132930668170547 - perf/max_memory_allocated_gb:21.351612091064453 - perf/max_memory_reserved_gb:25.85546875 - perf/cpu_memory_used_gb:164.923734664917 - actor/lr:1e-06 - training/global_step:16 - training/epoch:0 - critic/score/mean:0.0 - critic/score/max:0.0 - critic/score/min:0.0 - critic/rewards/mean:0.0 - critic/rewards/max:0.0 - critic/rewards/min:0.0 - critic/advantages/mean:0.0 - critic/advantages/max:0.0 - critic/advantages/min:0.0 - critic/returns/mean:0.0 - critic/returns/max:0.0 - critic/returns/min:0.0 - response_length/mean:844.0 - response_length/max:1024.0 - response_length/min:337.0 - response_length/clip_ratio:0.5 - response_length_non_aborted/mean:844.0 - response_length_non_aborted/max:1024.0 - response_length_non_aborted/min:337.0 - response_length_non_aborted/clip_ratio:0.5 - response/aborted_ratio:0.0 - prompt_length/mean:224.5 - prompt_length/max:318.0 - prompt_length/min:142.0 - prompt_length/clip_ratio:0.0 - num_turns/min:2 - num_turns/max:2 - num_turns/mean:2.0 - timing_s/start_profile:2.6952475309371948e-05 - timing_s/agent_loop/num_preempted/min:-1 - timing_s/agent_loop/num_preempted/max:-1 - timing_s/agent_loop/num_preempted/mean:-1.0 - timing_s/agent_loop/generate_sequences/min:1.6423818720504642 - timing_s/agent_loop/generate_sequences/max:4.941483560018241 - timing_s/agent_loop/generate_sequences/mean:4.057013539364561 - timing_s/agent_loop/tool_calls/min:0.0 - timing_s/agent_loop/tool_calls/max:0.0 - timing_s/agent_loop/tool_calls/mean:0.0 - timing_s/agent_loop/slowest/generate_sequences:4.941483560018241 - timing_s/agent_loop/slowest/tool_calls:0.0 - timing_s/agent_loop/slowest/prompt_length:291 - timing_s/agent_loop/slowest/response_length:1024 - timing_s/agent_loop/slowest/num_preempted:-1 - timing_s/gen:5.944699720479548 - timing_s/fc_opd:1.2634633164852858 - timing_s/reward:1.0721385478973389e-05 - timing_s/old_log_prob:0.5799940461292863 - timing_s/adv:0.00035986490547657013 - timing_s/update_actor:2.0602762270718813 - timing_s/update_weights:2.0937340492382646 - timing_s/dump_rollout_generations:0.005621178075671196 - timing_s/step:11.951692304573953 - timing_s/stop_profile:3.956817090511322e-05 - timing_per_token_ms/gen:1.7608707702842263 - timing_per_token_ms/adv:8.41986208414998e-05 - timing_per_token_ms/update_actor:0.48204871948336014 - perf/total_num_tokens:4274 - perf/time_per_step:11.951692304573953 - perf/throughput:89.40156529892268
[36m(TaskRunner pid=2835327)[0m Dumped generations to /inspire/hdd/global_user/mengweicheng-240108120092/lzy/projects/Dual-Track-OPD/runs/gkd_geometry3k/qwen3vl_geometry3k_gkd_20260711_035352/rollouts/17.jsonl
[36m(TaskRunner pid=2835327)[0m step:17 - fc_opd/hook_loss:0.0 - fc_opd/hook_num_samples:4.0 - fc_opd/hook_active_weight:2401.0 - fc_opd/is_plain_gkd:1.0 - fc_opd/teacher_valid_ratio:1.0 - fc_opd/online/loss:0.0 - fc_opd/online/num_samples:4.0 - global_seqlen/min:509 - global_seqlen/max:1210 - global_seqlen/minmax_diff:701 - global_seqlen/balanced_min:509 - global_seqlen/balanced_max:1210 - global_seqlen/mean:872.25 - actor/entropy:0.9428786039352417 - perf/mfu/actor_infer:0 - actor/pg_loss:-0.7499992698431015 - actor/kl_loss:0.0 - actor/fc_opd_loss:10.232553720474243 - actor/pg_clipfrac:0.0 - actor/ppo_kl:0.0 - actor/pg_clipfrac_lower:0.0 - actor/fc_opd_denominator:315.0 - actor/grad_norm:79.85537719726562 - perf/mfu/actor:0.011081808520945886 - perf/max_memory_allocated_gb:21.351612091064453 - perf/max_memory_reserved_gb:25.85546875 - perf/cpu_memory_used_gb:164.87874794006348 - actor/lr:1e-06 - training/global_step:17 - training/epoch:0 - critic/score/mean:0.75 - critic/score/max:1.0 - critic/score/min:0.0 - critic/rewards/mean:0.75 - critic/rewards/max:1.0 - critic/rewards/min:0.0 - critic/advantages/mean:0.5735105276107788 - critic/advantages/max:0.9999990463256836 - critic/advantages/min:0.0 - critic/returns/mean:0.5735105276107788 - critic/returns/max:0.9999990463256836 - critic/returns/min:0.0 - response_length/mean:600.25 - response_length/max:1024.0 - response_length/min:315.0 - response_length/clip_ratio:0.25 - response_length_non_aborted/mean:600.25 - response_length_non_aborted/max:1024.0 - response_length_non_aborted/min:315.0 - response_length_non_aborted/clip_ratio:0.25 - response/aborted_ratio:0.0 - prompt_length/mean:272.0 - prompt_length/max:517.0 - prompt_length/min:140.0 - prompt_length/clip_ratio:0.0 - num_turns/min:2 - num_turns/max:2 - num_turns/mean:2.0 - timing_s/start_profile:5.656201392412186e-05 - timing_s/agent_loop/num_preempted/min:-1 - timing_s/agent_loop/num_preempted/max:-1 - timing_s/agent_loop/num_preempted/mean:-1.0 - timing_s/agent_loop/generate_sequences/min:1.5620490713045 - timing_s/agent_loop/generate_sequences/max:4.882998812943697 - timing_s/agent_loop/generate_sequences/mean:2.8992315675131977 - timing_s/agent_loop/tool_calls/min:0.0 - timing_s/agent_loop/tool_calls/max:0.0 - timing_s/agent_loop/tool_calls/mean:0.0 - timing_s/agent_loop/slowest/generate_sequences:4.882998812943697 - timing_s/agent_loop/slowest/tool_calls:0.0 - timing_s/agent_loop/slowest/prompt_length:172 - timing_s/agent_loop/slowest/response_length:1024 - timing_s/agent_loop/slowest/num_preempted:-1 - timing_s/gen:5.969787356443703 - timing_s/fc_opd:1.1275184508413076 - timing_s/reward:1.5894882380962372e-05 - timing_s/old_log_prob:0.623912145383656 - timing_s/adv:0.0003856085240840912 - timing_s/update_actor:2.238015953451395 - timing_s/update_weights:2.524165155366063 - timing_s/dump_rollout_generations:0.00473690964281559 - timing_s/step:12.490952984429896 - timing_s/stop_profile:4.339683800935745e-05 - timing_per_token_ms/gen:2.4863754087645575 - timing_per_token_ms/adv:0.00011052121641848415 - timing_per_token_ms/update_actor:0.6414491124824864 - perf/total_num_tokens:3489 - perf/time_per_step:12.490952984429896 - perf/throughput:69.83054063907444[36m(TaskRunner pid=2835327)[0m Training Progress:  34%|███▍      | 17/50 [03:55<06:40, 12.14s/it]
[36m(TaskRunner pid=2835327)[0m WARNING:2026-07-11 04:02:13,673:========================================================================
[36m(TaskRunner pid=2835327)[0m WARNING:2026-07-11 04:02:13,673:  Qwen3-VL Online GKD Pipeline Verification
[36m(TaskRunner pid=2835327)[0m WARNING:2026-07-11 04:02:13,673:========================================================================
[36m(TaskRunner pid=2835327)[0m WARNING:2026-07-11 04:02:13,673:  C          = 1  conditions: ['full']
[36m(TaskRunner pid=2835327)[0m WARNING:2026-07-11 04:02:13,673:  loss_mode  = gkd
[36m(TaskRunner pid=2835327)[0m WARNING:2026-07-11 04:02:13,673:  batch      = [B=4, T=1024]
[36m(TaskRunner pid=2835327)[0m WARNING:2026-07-11 04:02:13,673:  top_k      = 32
[36m(TaskRunner pid=2835327)[0m WARNING:2026-07-11 04:02:13,673:  exact_lp   = torch.Size([4, 1, 1024])  (None=tail-fallback)
[36m(TaskRunner pid=2835327)[0m WARNING:2026-07-11 04:02:13,674:  Student    = raw image + canonical question  (choices allowed, no XML)
[36m(TaskRunner pid=2835327)[0m WARNING:2026-07-11 04:02:13,674:  Teacher    = raw image + same canonical question  (no format bias)
[36m(TaskRunner pid=2835327)[0m WARNING:2026-07-11 04:02:13,674:  KL         = forward
[36m(TaskRunner pid=2835327)[0m WARNING:2026-07-11 04:02:13,674:  Objective  = forward KL on the full-image teacher distribution (pure distillation, no GRPO)
[36m(TaskRunner pid=2835327)[0m WARNING:2026-07-11 04:02:13,674:  Routing    = uniform over teacher-valid response tokens
[36m(TaskRunner pid=2835327)[0m WARNING:2026-07-11 04:02:13,674:  Update     = current rollout -> immediate teacher score -> actor backward
[36m(TaskRunner pid=2835327)[0m WARNING:2026-07-11 04:02:13,674:========================================================================
[36m(TaskRunner pid=2835327)[0m ========================================================================
[36m(TaskRunner pid=2835327)[0m   Qwen3-VL Online GKD Pipeline Verification
[36m(TaskRunner pid=2835327)[0m ========================================================================
[36m(TaskRunner pid=2835327)[0m   C          = 1  conditions: ['full']
[36m(TaskRunner pid=2835327)[0m   loss_mode  = gkd
[36m(TaskRunner pid=2835327)[0m   batch      = [B=4, T=1024]
[36m(TaskRunner pid=2835327)[0m   top_k      = 32
[36m(TaskRunner pid=2835327)[0m   exact_lp   = torch.Size([4, 1, 1024])  (None=tail-fallback)
[36m(TaskRunner pid=2835327)[0m   Student    = raw image + canonical question  (choices allowed, no XML)
[36m(TaskRunner pid=2835327)[0m   Teacher    = raw image + same canonical question  (no format bias)
[36m(TaskRunner pid=2835327)[0m   KL         = forward
[36m(TaskRunner pid=2835327)[0m   Objective  = forward KL on the full-image teacher distribution (pure distillation, no GRPO)
[36m(TaskRunner pid=2835327)[0m   Routing    = uniform over teacher-valid response tokens
[36m(TaskRunner pid=2835327)[0m   Update     = current rollout -> immediate teacher score -> actor backward
[36m(TaskRunner pid=2835327)[0m ========================================================================
[36m(WorkerDict pid=2942692)[0m INFO:2026-07-11 04:02:17,929:update_weights done, time cost: 0.64s
[36m(TaskRunner pid=2835327)[0m Training Progress:  36%|███▌      | 18/50 [04:07<06:27, 12.12s/it]
[36m(TaskRunner pid=2835327)[0m WARNING:2026-07-11 04:02:25,642:========================================================================
[36m(TaskRunner pid=2835327)[0m WARNING:2026-07-11 04:02:25,642:  Qwen3-VL Online GKD Pipeline Verification
[36m(TaskRunner pid=2835327)[0m WARNING:2026-07-11 04:02:25,642:========================================================================
[36m(TaskRunner pid=2835327)[0m WARNING:2026-07-11 04:02:25,642:  C          = 1  conditions: ['full']
[36m(TaskRunner pid=2835327)[0m WARNING:2026-07-11 04:02:25,642:  loss_mode  = gkd
[36m(TaskRunner pid=2835327)[0m WARNING:2026-07-11 04:02:25,642:  batch      = [B=4, T=1024]
[36m(TaskRunner pid=2835327)[0m WARNING:2026-07-11 04:02:25,642:  top_k      = 32
[36m(TaskRunner pid=2835327)[0m WARNING:2026-07-11 04:02:25,642:  exact_lp   = torch.Size([4, 1, 1024])  (None=tail-fallback)
[36m(TaskRunner pid=2835327)[0m WARNING:2026-07-11 04:02:25,642:  Student    = raw image + canonical question  (choices allowed, no XML)
[36m(TaskRunner pid=2835327)[0m WARNING:2026-07-11 04:02:25,642:  Teacher    = raw image + same canonical question  (no format bias)
[36m(TaskRunner pid=2835327)[0m WARNING:2026-07-11 04:02:25,642:  KL         = forward
[36m(TaskRunner pid=2835327)[0m WARNING:2026-07-11 04:02:25,642:  Objective  = forward KL on the full-image teacher distribution (pure distillation, no GRPO)
[36m(TaskRunner pid=2835327)[0m WARNING:2026-07-11 04:02:25,642:  Routing    = uniform over teacher-valid response tokens
[36m(TaskRunner pid=2835327)[0m WARNING:2026-07-11 04:02:25,642:  Update     = current rollout -> immediate teacher score -> actor backward
[36m(TaskRunner pid=2835327)[0m WARNING:2026-07-11 04:02:25,642:========================================================================
[36m(TaskRunner pid=2835327)[0m ========================================================================
[36m(TaskRunner pid=2835327)[0m   Qwen3-VL Online GKD Pipeline Verification
[36m(TaskRunner pid=2835327)[0m ========================================================================
[36m(TaskRunner pid=2835327)[0m   C          = 1  conditions: ['full']
[36m(TaskRunner pid=2835327)[0m   loss_mode  = gkd
[36m(TaskRunner pid=2835327)[0m   batch      = [B=4, T=1024]
[36m(TaskRunner pid=2835327)[0m   top_k      = 32
[36m(TaskRunner pid=2835327)[0m   exact_lp   = torch.Size([4, 1, 1024])  (None=tail-fallback)
[36m(TaskRunner pid=2835327)[0m   Student    = raw image + canonical question  (choices allowed, no XML)
[36m(TaskRunner pid=2835327)[0m   Teacher    = raw image + same canonical question  (no format bias)
[36m(TaskRunner pid=2835327)[0m   KL         = forward
[36m(TaskRunner pid=2835327)[0m   Objective  = forward KL on the full-image teacher distribution (pure distillation, no GRPO)
[36m(TaskRunner pid=2835327)[0m   Routing    = uniform over teacher-valid response tokens
[36m(TaskRunner pid=2835327)[0m   Update     = current rollout -> immediate teacher score -> actor backward
[36m(TaskRunner pid=2835327)[0m ========================================================================
[36m(WorkerDict pid=2942692)[0m INFO:2026-07-11 04:02:30,458:update_weights done, time cost: 0.61s
[36m(TaskRunner pid=2835327)[0m Training Progress:  38%|███▊      | 19/50 [04:19<06:19, 12.23s/it]
[36m(TaskRunner pid=2835327)[0m WARNING:2026-07-11 04:02:38,087:========================================================================
[36m(TaskRunner pid=2835327)[0m WARNING:2026-07-11 04:02:38,087:  Qwen3-VL Online GKD Pipeline Verification
[36m(TaskRunner pid=2835327)[0m WARNING:2026-07-11 04:02:38,087:========================================================================
[36m(TaskRunner pid=2835327)[0m WARNING:2026-07-11 04:02:38,087:  C          = 1  conditions: ['full']
[36m(TaskRunner pid=2835327)[0m WARNING:2026-07-11 04:02:38,087:  loss_mode  = gkd
[36m(TaskRunner pid=2835327)[0m WARNING:2026-07-11 04:02:38,087:  batch      = [B=4, T=1024]
[36m(TaskRunner pid=2835327)[0m WARNING:2026-07-11 04:02:38,087:  top_k      = 32
[36m(TaskRunner pid=2835327)[0m WARNING:2026-07-11 04:02:38,087:  exact_lp   = torch.Size([4, 1, 1024])  (None=tail-fallback)
[36m(TaskRunner pid=2835327)[0m WARNING:2026-07-11 04:02:38,087:  Student    = raw image + canonical question  (choices allowed, no XML)
[36m(TaskRunner pid=2835327)[0m WARNING:2026-07-11 04:02:38,087:  Teacher    = raw image + same canonical question  (no format bias)
[36m(TaskRunner pid=2835327)[0m WARNING:2026-07-11 04:02:38,087:  KL         = forward
[36m(TaskRunner pid=2835327)[0m WARNING:2026-07-11 04:02:38,087:  Objective  = forward KL on the full-image teacher distribution (pure distillation, no GRPO)
[36m(TaskRunner pid=2835327)[0m WARNING:2026-07-11 04:02:38,087:  Routing    = uniform over teacher-valid response tokens
[36m(TaskRunner pid=2835327)[0m WARNING:2026-07-11 04:02:38,087:  Update     = current rollout -> immediate teacher score -> actor backward
[36m(TaskRunner pid=2835327)[0m WARNING:2026-07-11 04:02:38,087:========================================================================
[36m(TaskRunner pid=2835327)[0m ========================================================================
[36m(TaskRunner pid=2835327)[0m   Qwen3-VL Online GKD Pipeline Verification
[36m(TaskRunner pid=2835327)[0m ========================================================================
[36m(TaskRunner pid=2835327)[0m   C          = 1  conditions: ['full']
[36m(TaskRunner pid=2835327)[0m   loss_mode  = gkd
[36m(TaskRunner pid=2835327)[0m   batch      = [B=4, T=1024]
[36m(TaskRunner pid=2835327)[0m   top_k      = 32
[36m(TaskRunner pid=2835327)[0m   exact_lp   = torch.Size([4, 1, 1024])  (None=tail-fallback)
[36m(TaskRunner pid=2835327)[0m   Student    = raw image + canonical question  (choices allowed, no XML)
[36m(TaskRunner pid=2835327)[0m   Teacher    = raw image + same canonical question  (no format bias)
[36m(TaskRunner pid=2835327)[0m   KL         = forward
[36m(TaskRunner pid=2835327)[0m   Objective  = forward KL on the full-image teacher distribution (pure distillation, no GRPO)
[36m(TaskRunner pid=2835327)[0m   Routing    = uniform over teacher-valid response tokens
[36m(TaskRunner pid=2835327)[0m   Update     = current rollout -> immediate teacher score -> actor backward
[36m(TaskRunner pid=2835327)[0m ========================================================================
[36m(WorkerDict pid=2942692)[0m INFO:2026-07-11 04:02:43,751:[Rank 0] Saved model to /inspire/hdd/global_user/mengweicheng-240108120092/lzy/projects/Dual-Track-OPD/checkpoints/gkd_geometry3k/qwen3vl_geometry3k_gkd_20260711_035352/global_step_20/actor/model_world_size_4_rank_0.pt
[36m(WorkerDict pid=2942692)[0m INFO:2026-07-11 04:02:49,356:[Rank 0] Saved optim to /inspire/hdd/global_user/mengweicheng-240108120092/lzy/projects/Dual-Track-OPD/checkpoints/gkd_geometry3k/qwen3vl_geometry3k_gkd_20260711_035352/global_step_20/actor/optim_world_size_4_rank_0.pt
[36m(WorkerDict pid=2942692)[0m INFO:2026-07-11 04:02:49,357:[Rank 0] Saved extra_state to /inspire/hdd/global_user/mengweicheng-240108120092/lzy/projects/Dual-Track-OPD/checkpoints/gkd_geometry3k/qwen3vl_geometry3k_gkd_20260711_035352/global_step_20/actor/extra_state_world_size_4_rank_0.pt
[36m(WorkerDict pid=2942726)[0m INFO:2026-07-11 04:02:43,790:[Rank 3] Saved model to /inspire/hdd/global_user/mengweicheng-240108120092/lzy/projects/Dual-Track-OPD/checkpoints/gkd_geometry3k/qwen3vl_geometry3k_gkd_20260711_035352/global_step_20/actor/model_world_size_4_rank_3.pt[32m [repeated 3x across cluster][0m
[36m(WorkerDict pid=2942692)[0m INFO:2026-07-11 04:02:49,865:[Rank 0] Saved model config and tokenizer class to /inspire/hdd/global_user/mengweicheng-240108120092/lzy/projects/Dual-Track-OPD/checkpoints/gkd_geometry3k/qwen3vl_geometry3k_gkd_20260711_035352/global_step_20/actor/huggingface
[36m(WorkerDict pid=2942692)[0m INFO:2026-07-11 04:02:51,543:update_weights done, time cost: 0.62s

[36m(TaskRunner pid=2835327)[0m Dumped generations to /inspire/hdd/global_user/mengweicheng-240108120092/lzy/projects/Dual-Track-OPD/runs/gkd_geometry3k/qwen3vl_geometry3k_gkd_20260711_035352/rollouts/18.jsonl
[36m(TaskRunner pid=2835327)[0m step:18 - fc_opd/hook_loss:0.0 - fc_opd/hook_num_samples:4.0 - fc_opd/hook_active_weight:2626.0 - fc_opd/is_plain_gkd:1.0 - fc_opd/teacher_valid_ratio:1.0 - fc_opd/online/loss:0.0 - fc_opd/online/num_samples:4.0 - global_seqlen/min:530 - global_seqlen/max:1359 - global_seqlen/minmax_diff:829 - global_seqlen/balanced_min:530 - global_seqlen/balanced_max:1359 - global_seqlen/mean:912.5 - actor/entropy:2.020260810852051 - perf/mfu/actor_infer:0 - actor/pg_loss:-0.4999995231628418 - actor/kl_loss:0.0 - actor/fc_opd_loss:7.978986740112305 - actor/pg_clipfrac:0.0 - actor/ppo_kl:0.0 - actor/pg_clipfrac_lower:0.0 - actor/fc_opd_denominator:264.0 - actor/grad_norm:48.548004150390625 - perf/mfu/actor:0.012233032042966028 - perf/max_memory_allocated_gb:21.351612091064453 - perf/max_memory_reserved_gb:25.85546875 - perf/cpu_memory_used_gb:164.98559379577637 - actor/lr:1e-06 - training/global_step:18 - training/epoch:0 - critic/score/mean:0.5 - critic/score/max:1.0 - critic/score/min:0.0 - critic/rewards/mean:0.5 - critic/rewards/max:1.0 - critic/rewards/min:0.0 - critic/advantages/mean:0.22010642290115356 - critic/advantages/max:0.9999990463256836 - critic/advantages/min:0.0 - critic/returns/mean:0.22010642290115356 - critic/returns/max:0.9999990463256836 - critic/returns/min:0.0 - response_length/mean:656.5 - response_length/max:1024.0 - response_length/min:264.0 - response_length/clip_ratio:0.5 - response_length_non_aborted/mean:656.5 - response_length_non_aborted/max:1024.0 - response_length_non_aborted/min:264.0 - response_length_non_aborted/clip_ratio:0.5 - response/aborted_ratio:0.0 - prompt_length/mean:256.0 - prompt_length/max:335.0 - prompt_length/min:153.0 - prompt_length/clip_ratio:0.0 - num_turns/min:2 - num_turns/max:2 - num_turns/mean:2.0 - timing_s/start_profile:2.7519650757312775e-05 - timing_s/agent_loop/num_preempted/min:-1 - timing_s/agent_loop/num_preempted/max:-1 - timing_s/agent_loop/num_preempted/mean:-1.0 - timing_s/agent_loop/generate_sequences/min:1.3142255516722798 - timing_s/agent_loop/generate_sequences/max:4.94309514388442 - timing_s/agent_loop/generate_sequences/mean:3.177242814563215 - timing_s/agent_loop/tool_calls/min:0.0 - timing_s/agent_loop/tool_calls/max:0.0 - timing_s/agent_loop/tool_calls/mean:0.0 - timing_s/agent_loop/slowest/generate_sequences:4.94309514388442 - timing_s/agent_loop/slowest/tool_calls:0.0 - timing_s/agent_loop/slowest/prompt_length:335 - timing_s/agent_loop/slowest/response_length:1024 - timing_s/agent_loop/slowest/num_preempted:-1 - timing_s/gen:6.121559791266918 - timing_s/fc_opd:1.1104378821328282 - timing_s/reward:1.2604519724845886e-05 - timing_s/old_log_prob:0.5983746871352196 - timing_s/adv:0.0003715669736266136 - timing_s/update_actor:2.0754469260573387 - timing_s/update_weights:2.1339176716282964 - timing_s/dump_rollout_generations:0.0067023541778326035 - timing_s/step:12.049353993497789 - timing_s/stop_profile:4.010368138551712e-05 - timing_per_token_ms/gen:2.3311347263011872 - timing_per_token_ms/adv:0.00010179917085660647 - timing_per_token_ms/update_actor:0.5686155961800928 - perf/total_num_tokens:3650 - perf/time_per_step:12.049353993497789 - perf/throughput:75.73020101263634
[36m(TaskRunner pid=2835327)[0m Dumped generations to /inspire/hdd/global_user/mengweicheng-240108120092/lzy/projects/Dual-Track-OPD/runs/gkd_geometry3k/qwen3vl_geometry3k_gkd_20260711_035352/rollouts/19.jsonl
[36m(TaskRunner pid=2835327)[0m step:19 - fc_opd/hook_loss:0.0 - fc_opd/hook_num_samples:4.0 - fc_opd/hook_active_weight:2451.0 - fc_opd/is_plain_gkd:1.0 - fc_opd/teacher_valid_ratio:1.0 - fc_opd/online/loss:0.0 - fc_opd/online/num_samples:4.0 - global_seqlen/min:384 - global_seqlen/max:1164 - global_seqlen/minmax_diff:780 - global_seqlen/balanced_min:384 - global_seqlen/balanced_max:1164 - global_seqlen/mean:777.5 - actor/entropy:1.739525556564331 - perf/mfu/actor_infer:0 - actor/pg_loss:-0.2499997764825821 - actor/kl_loss:0.0 - actor/fc_opd_loss:8.455801129341125 - actor/pg_clipfrac:0.0 - actor/ppo_kl:0.0 - actor/pg_clipfrac_lower:0.0 - actor/fc_opd_denominator:167.0 - actor/grad_norm:61.00347137451172 - perf/mfu/actor:0.009246525635908843 - perf/max_memory_allocated_gb:21.351612091064453 - perf/max_memory_reserved_gb:25.85546875 - perf/cpu_memory_used_gb:165.0444049835205 - actor/lr:1e-06 - training/global_step:19 - training/epoch:0 - critic/score/mean:0.25 - critic/score/max:1.0 - critic/score/min:0.0 - critic/rewards/mean:0.25 - critic/rewards/max:1.0 - critic/rewards/min:0.0 - critic/advantages/mean:0.06813539564609528 - critic/advantages/max:0.9999990463256836 - critic/advantages/min:0.0 - critic/returns/mean:0.06813539564609528 - critic/returns/max:0.9999990463256836 - critic/returns/min:0.0 - response_length/mean:612.75 - response_length/max:1024.0 - response_length/min:167.0 - response_length/clip_ratio:0.5 - response_length_non_aborted/mean:612.75 - response_length_non_aborted/max:1024.0 - response_length_non_aborted/min:167.0 - response_length_non_aborted/clip_ratio:0.5 - response/aborted_ratio:0.0 - prompt_length/mean:164.75 - prompt_length/max:238.0 - prompt_length/min:133.0 - prompt_length/clip_ratio:0.0 - num_turns/min:2 - num_turns/max:2 - num_turns/mean:2.0 - timing_s/start_profile:2.669263631105423e-05 - timing_s/agent_loop/num_preempted/min:-1 - timing_s/agent_loop/num_preempted/max:-1 - timing_s/agent_loop/num_preempted/mean:-1.0 - timing_s/agent_loop/generate_sequences/min:0.8340366575866938 - timing_s/agent_loop/generate_sequences/max:4.923065397888422 - timing_s/agent_loop/generate_sequences/mean:2.9489957680925727 - timing_s/agent_loop/tool_calls/min:0.0 - timing_s/agent_loop/tool_calls/max:0.0 - timing_s/agent_loop/tool_calls/mean:0.0 - timing_s/agent_loop/slowest/generate_sequences:4.923065397888422 - timing_s/agent_loop/slowest/tool_calls:0.0 - timing_s/agent_loop/slowest/prompt_length:140 - timing_s/agent_loop/slowest/response_length:1024 - timing_s/agent_loop/slowest/num_preempted:-1 - timing_s/gen:5.952348745428026 - timing_s/fc_opd:1.1964378068223596 - timing_s/reward:3.0856579542160034e-05 - timing_s/old_log_prob:0.5750049501657486 - timing_s/adv:0.0003460375592112541 - timing_s/update_actor:2.2589800553396344 - timing_s/update_weights:2.5179024785757065 - timing_s/dump_rollout_generations:0.004500451497733593 - timing_s/step:12.508296478539705 - timing_s/stop_profile:3.9031729102134705e-05 - timing_per_token_ms/gen:2.428538859823756 - timing_per_token_ms/adv:0.00011126609620940646 - timing_per_token_ms/update_actor:0.726360146411458 - perf/total_num_tokens:3110 - perf/time_per_step:12.508296478539705 - perf/throughput:62.15874410507818
[36m(TaskRunner pid=2835327)[0m local_global_step_folder: /inspire/hdd/global_user/mengweicheng-240108120092/lzy/projects/Dual-Track-OPD/checkpoints/gkd_geometry3k/qwen3vl_geometry3k_gkd_20260711_035352/global_step_20
[36m(TaskRunner pid=2835327)[0m Dumped generations to /inspire/hdd/global_user/mengweicheng-240108120092/lzy/projects/Dual-Track-OPD/runs/gkd_geometry3k/qwen3vl_geometry3k_gkd_20260711_035352/rollouts/20.jsonl
[36m(TaskRunner pid=2835327)[0m test_gen_batch meta info: {'eos_token_id': 151645, 'pad_token_id': 151643, 'recompute_log_prob': False, 'do_sample': False, 'validate': True, 'global_steps': 20}
[36m(TaskRunner pid=2835327)[0m validation generation end
[36m(TaskRunner pid=2835327)[0m Dumped generations to /inspire/hdd/global_user/mengweicheng-240108120092/lzy/projects/Dual-Track-OPD/runs/gkd_geometry3k/qwen3vl_geometry3k_gkd_20260711_035352/validation/20.jsonl
[36m(TaskRunner pid=2835327)[0m step:20 - fc_opd/hook_loss:0.0 - fc_opd/hook_num_samples:4.0 - fc_opd/hook_active_weight:2044.0 - fc_opd/is_plain_gkd:1.0 - fc_opd/teacher_valid_ratio:1.0 - fc_opd/online/loss:0.0 - fc_opd/online/num_samples:4.0 - global_seqlen/min:510 - global_seqlen/max:1162 - global_seqlen/minmax_diff:652 - global_seqlen/balanced_min:510 - global_seqlen/balanced_max:1162 - global_seqlen/mean:810.25 - actor/entropy:1.9509122371673584 - perf/mfu/actor_infer:0 - actor/pg_loss:-0.7499992698431015 - actor/kl_loss:0.0 - actor/fc_opd_loss:8.692636609077454 - actor/pg_clipfrac:0.0 - actor/ppo_kl:0.0 - actor/pg_clipfrac_lower:0.0 - actor/fc_opd_denominator:310.0 - actor/grad_norm:57.001468658447266 - perf/mfu/actor:0.011057940338663542 - perf/max_memory_allocated_gb:21.351612091064453 - perf/max_memory_reserved_gb:25.85546875 - perf/cpu_memory_used_gb:165.05582809448242 - actor/lr:1e-06 - val-core/geometry3k/reward/mean@1:0.245 - val-aux/geometry3k/score/mean@1:0.245 - val-aux/num_turns/min:2 - val-aux/num_turns/max:2 - val-aux/num_turns/mean:2.0 - training/global_step:20 - training/epoch:0 - critic/score/mean:0.75 - critic/score/max:1.0 - critic/score/min:0.0 - critic/rewards/mean:0.75 - critic/rewards/max:1.0 - critic/rewards/min:0.0 - critic/advantages/mean:0.499021053314209 - critic/advantages/max:0.9999990463256836 - critic/advantages/min:0.0 - critic/returns/mean:0.499021053314209 - critic/returns/max:0.9999990463256836 - critic/returns/min:0.0 - response_length/mean:511.0 - response_length/max:1024.0 - response_length/min:310.0 - response_length/clip_ratio:0.25 - response_length_non_aborted/mean:511.0 - response_length_non_aborted/max:1024.0 - response_length_non_aborted/min:310.0 - response_length_non_aborted/clip_ratio:0.25 - response/aborted_ratio:0.0 - prompt_length/mean:299.25 - prompt_length/max:531.0 - prompt_length/min:138.0 - prompt_length/clip_ratio:0.0 - num_turns/min:2 - num_turns/max:2 - num_turns/mean:2.0 - timing_s/start_profile:5.2432529628276825e-05 - timing_s/agent_loop/num_preempted/min:-1 - timing_s/agent_loop/num_preempted/max:-1 - timing_s/agent_loop/num_preempted/mean:-1.0 - timing_s/agent_loop/generate_sequences/min:1.54032545350492 - timing_s/agent_loop/generate_sequences/max:4.902085294015706 - timing_s/agent_loop/generate_sequences/mean:2.474832537351176 - timing_s/agent_loop/tool_calls/min:0.0 - timing_s/agent_loop/tool_calls/max:0.0 - timing_s/agent_loop/tool_calls/mean:0.0 - timing_s/agent_loop/slowest/generate_sequences:4.902085294015706 - timing_s/agent_loop/slowest/tool_calls:0.0 - timing_s/agent_loop/slowest/prompt_length:138 - timing_s/agent_loop/slowest/response_length:1024 - timing_s/agent_loop/slowest/num_preempted:-1 - timing_s/gen:6.056963816285133 - timing_s/fc_opd:1.0196461789309978 - timing_s/reward:1.5673227608203888e-05 - timing_s/old_log_prob:0.6649406123906374 - timing_s/adv:0.00039204955101013184 - timing_s/update_actor:2.113878233358264 - timing_s/save_checkpoint:9.00290053896606 - timing_s/update_weights:2.235131382010877 - timing_s/dump_rollout_generations:0.00450007151812315 - timing_s/step:21.101038706488907 - timing_s/testing:10.877412857487798 - timing_s/stop_profile:8.474569767713547e-05 - timing_per_token_ms/gen:2.9632895382999673 - timing_per_token_ms/adv:0.00012096561277696138 - timing_per_token_ms/update_actor:0.6522302478735773 - perf/total_num_tokens:3241 - perf/time_per_step:21.101038706488907 - perf/throughput:38.39858365601856[36m(TaskRunner pid=2835327)[0m Training Progress:  40%|████      | 20/50 [04:51<09:04, 18.17s/it]
[36m(WorkerDict pid=2942726)[0m INFO:2026-07-11 04:02:49,519:[Rank 3] Saved optim to /inspire/hdd/global_user/mengweicheng-240108120092/lzy/projects/Dual-Track-OPD/checkpoints/gkd_geometry3k/qwen3vl_geometry3k_gkd_20260711_035352/global_step_20/actor/optim_world_size_4_rank_3.pt[32m [repeated 3x across cluster][0m
[36m(WorkerDict pid=2942726)[0m INFO:2026-07-11 04:02:49,522:[Rank 3] Saved extra_state to /inspire/hdd/global_user/mengweicheng-240108120092/lzy/projects/Dual-Track-OPD/checkpoints/gkd_geometry3k/qwen3vl_geometry3k_gkd_20260711_035352/global_step_20/actor/extra_state_world_size_4_rank_3.pt[32m [repeated 3x across cluster][0m
[36m(TaskRunner pid=2835327)[0m WARNING:2026-07-11 04:03:10,172:========================================================================
[36m(TaskRunner pid=2835327)[0m WARNING:2026-07-11 04:03:10,172:  Qwen3-VL Online GKD Pipeline Verification
[36m(TaskRunner pid=2835327)[0m WARNING:2026-07-11 04:03:10,172:========================================================================
[36m(TaskRunner pid=2835327)[0m WARNING:2026-07-11 04:03:10,172:  C          = 1  conditions: ['full']
[36m(TaskRunner pid=2835327)[0m WARNING:2026-07-11 04:03:10,172:  loss_mode  = gkd
[36m(TaskRunner pid=2835327)[0m WARNING:2026-07-11 04:03:10,172:  batch      = [B=4, T=1024]
[36m(TaskRunner pid=2835327)[0m WARNING:2026-07-11 04:03:10,172:  top_k      = 32
[36m(TaskRunner pid=2835327)[0m WARNING:2026-07-11 04:03:10,172:  exact_lp   = torch.Size([4, 1, 1024])  (None=tail-fallback)
[36m(TaskRunner pid=2835327)[0m WARNING:2026-07-11 04:03:10,172:  Student    = raw image + canonical question  (choices allowed, no XML)
[36m(TaskRunner pid=2835327)[0m WARNING:2026-07-11 04:03:10,172:  Teacher    = raw image + same canonical question  (no format bias)
[36m(TaskRunner pid=2835327)[0m WARNING:2026-07-11 04:03:10,172:  KL         = forward
[36m(TaskRunner pid=2835327)[0m WARNING:2026-07-11 04:03:10,173:  Objective  = forward KL on the full-image teacher distribution (pure distillation, no GRPO)
[36m(TaskRunner pid=2835327)[0m WARNING:2026-07-11 04:03:10,173:  Routing    = uniform over teacher-valid response tokens
[36m(TaskRunner pid=2835327)[0m WARNING:2026-07-11 04:03:10,173:  Update     = current rollout -> immediate teacher score -> actor backward
[36m(TaskRunner pid=2835327)[0m WARNING:2026-07-11 04:03:10,173:========================================================================
[36m(TaskRunner pid=2835327)[0m ========================================================================
[36m(TaskRunner pid=2835327)[0m   Qwen3-VL Online GKD Pipeline Verification
[36m(TaskRunner pid=2835327)[0m ========================================================================
[36m(TaskRunner pid=2835327)[0m   C          = 1  conditions: ['full']
[36m(TaskRunner pid=2835327)[0m   loss_mode  = gkd
[36m(TaskRunner pid=2835327)[0m   batch      = [B=4, T=1024]
[36m(TaskRunner pid=2835327)[0m   top_k      = 32
[36m(TaskRunner pid=2835327)[0m   exact_lp   = torch.Size([4, 1, 1024])  (None=tail-fallback)
[36m(TaskRunner pid=2835327)[0m   Student    = raw image + canonical question  (choices allowed, no XML)
[36m(TaskRunner pid=2835327)[0m   Teacher    = raw image + same canonical question  (no format bias)
[36m(TaskRunner pid=2835327)[0m   KL         = forward
[36m(TaskRunner pid=2835327)[0m   Objective  = forward KL on the full-image teacher distribution (pure distillation, no GRPO)
[36m(TaskRunner pid=2835327)[0m   Routing    = uniform over teacher-valid response tokens
[36m(TaskRunner pid=2835327)[0m   Update     = current rollout -> immediate teacher score -> actor backward
[36m(TaskRunner pid=2835327)[0m ========================================================================
[36m(WorkerDict pid=2942692)[0m INFO:2026-07-11 04:03:14,742:update_weights done, time cost: 0.69s
[36m(TaskRunner pid=2835327)[0m Training Progress:  42%|████▏     | 21/50 [05:04<07:56, 16.43s/it]
[36m(TaskRunner pid=2835327)[0m WARNING:2026-07-11 04:03:22,525:========================================================================
[36m(TaskRunner pid=2835327)[0m WARNING:2026-07-11 04:03:22,526:  Qwen3-VL Online GKD Pipeline Verification
[36m(TaskRunner pid=2835327)[0m WARNING:2026-07-11 04:03:22,526:========================================================================
[36m(TaskRunner pid=2835327)[0m WARNING:2026-07-11 04:03:22,526:  C          = 1  conditions: ['full']
[36m(TaskRunner pid=2835327)[0m WARNING:2026-07-11 04:03:22,526:  loss_mode  = gkd
[36m(TaskRunner pid=2835327)[0m WARNING:2026-07-11 04:03:22,526:  batch      = [B=4, T=1024]
[36m(TaskRunner pid=2835327)[0m WARNING:2026-07-11 04:03:22,526:  top_k      = 32
[36m(TaskRunner pid=2835327)[0m WARNING:2026-07-11 04:03:22,526:  exact_lp   = torch.Size([4, 1, 1024])  (None=tail-fallback)
[36m(TaskRunner pid=2835327)[0m WARNING:2026-07-11 04:03:22,526:  Student    = raw image + canonical question  (choices allowed, no XML)
[36m(TaskRunner pid=2835327)[0m WARNING:2026-07-11 04:03:22,526:  Teacher    = raw image + same canonical question  (no format bias)
[36m(TaskRunner pid=2835327)[0m WARNING:2026-07-11 04:03:22,526:  KL         = forward
[36m(TaskRunner pid=2835327)[0m WARNING:2026-07-11 04:03:22,526:  Objective  = forward KL on the full-image teacher distribution (pure distillation, no GRPO)
[36m(TaskRunner pid=2835327)[0m WARNING:2026-07-11 04:03:22,526:  Routing    = uniform over teacher-valid response tokens
[36m(TaskRunner pid=2835327)[0m WARNING:2026-07-11 04:03:22,526:  Update     = current rollout -> immediate teacher score -> actor backward
[36m(TaskRunner pid=2835327)[0m WARNING:2026-07-11 04:03:22,526:========================================================================
[36m(TaskRunner pid=2835327)[0m ========================================================================
[36m(TaskRunner pid=2835327)[0m   Qwen3-VL Online GKD Pipeline Verification
[36m(TaskRunner pid=2835327)[0m ========================================================================
[36m(TaskRunner pid=2835327)[0m   C          = 1  conditions: ['full']
[36m(TaskRunner pid=2835327)[0m   loss_mode  = gkd
[36m(TaskRunner pid=2835327)[0m   batch      = [B=4, T=1024]
[36m(TaskRunner pid=2835327)[0m   top_k      = 32
[36m(TaskRunner pid=2835327)[0m   exact_lp   = torch.Size([4, 1, 1024])  (None=tail-fallback)
[36m(TaskRunner pid=2835327)[0m   Student    = raw image + canonical question  (choices allowed, no XML)
[36m(TaskRunner pid=2835327)[0m   Teacher    = raw image + same canonical question  (no format bias)
[36m(TaskRunner pid=2835327)[0m   KL         = forward
[36m(TaskRunner pid=2835327)[0m   Objective  = forward KL on the full-image teacher distribution (pure distillation, no GRPO)
[36m(TaskRunner pid=2835327)[0m   Routing    = uniform over teacher-valid response tokens
[36m(TaskRunner pid=2835327)[0m   Update     = current rollout -> immediate teacher score -> actor backward
[36m(TaskRunner pid=2835327)[0m ========================================================================
[36m(WorkerDict pid=2942692)[0m INFO:2026-07-11 04:03:27,156:update_weights done, time cost: 0.61s
[36m(TaskRunner pid=2835327)[0m Training Progress:  44%|████▍     | 22/50 [05:16<07:06, 15.25s/it]
[36m(TaskRunner pid=2835327)[0m WARNING:2026-07-11 04:03:34,941:========================================================================
[36m(TaskRunner pid=2835327)[0m WARNING:2026-07-11 04:03:34,941:  Qwen3-VL Online GKD Pipeline Verification
[36m(TaskRunner pid=2835327)[0m WARNING:2026-07-11 04:03:34,941:========================================================================
[36m(TaskRunner pid=2835327)[0m WARNING:2026-07-11 04:03:34,941:  C          = 1  conditions: ['full']
[36m(TaskRunner pid=2835327)[0m WARNING:2026-07-11 04:03:34,941:  loss_mode  = gkd
[36m(TaskRunner pid=2835327)[0m WARNING:2026-07-11 04:03:34,941:  batch      = [B=4, T=1024]
[36m(TaskRunner pid=2835327)[0m WARNING:2026-07-11 04:03:34,941:  top_k      = 32
[36m(TaskRunner pid=2835327)[0m WARNING:2026-07-11 04:03:34,941:  exact_lp   = torch.Size([4, 1, 1024])  (None=tail-fallback)
[36m(TaskRunner pid=2835327)[0m WARNING:2026-07-11 04:03:34,941:  Student    = raw image + canonical question  (choices allowed, no XML)
[36m(TaskRunner pid=2835327)[0m WARNING:2026-07-11 04:03:34,941:  Teacher    = raw image + same canonical question  (no format bias)
[36m(TaskRunner pid=2835327)[0m WARNING:2026-07-11 04:03:34,941:  KL         = forward
[36m(TaskRunner pid=2835327)[0m WARNING:2026-07-11 04:03:34,941:  Objective  = forward KL on the full-image teacher distribution (pure distillation, no GRPO)
[36m(TaskRunner pid=2835327)[0m WARNING:2026-07-11 04:03:34,941:  Routing    = uniform over teacher-valid response tokens
[36m(TaskRunner pid=2835327)[0m WARNING:2026-07-11 04:03:34,941:  Update     = current rollout -> immediate teacher score -> actor backward
[36m(TaskRunner pid=2835327)[0m WARNING:2026-07-11 04:03:34,941:========================================================================
[36m(TaskRunner pid=2835327)[0m ========================================================================
[36m(TaskRunner pid=2835327)[0m   Qwen3-VL Online GKD Pipeline Verification
[36m(TaskRunner pid=2835327)[0m ========================================================================
[36m(TaskRunner pid=2835327)[0m   C          = 1  conditions: ['full']
[36m(TaskRunner pid=2835327)[0m   loss_mode  = gkd
[36m(TaskRunner pid=2835327)[0m   batch      = [B=4, T=1024]
[36m(TaskRunner pid=2835327)[0m   top_k      = 32
[36m(TaskRunner pid=2835327)[0m   exact_lp   = torch.Size([4, 1, 1024])  (None=tail-fallback)
[36m(TaskRunner pid=2835327)[0m   Student    = raw image + canonical question  (choices allowed, no XML)
[36m(TaskRunner pid=2835327)[0m   Teacher    = raw image + same canonical question  (no format bias)
[36m(TaskRunner pid=2835327)[0m   KL         = forward
[36m(TaskRunner pid=2835327)[0m   Objective  = forward KL on the full-image teacher distribution (pure distillation, no GRPO)
[36m(TaskRunner pid=2835327)[0m   Routing    = uniform over teacher-valid response tokens
[36m(TaskRunner pid=2835327)[0m   Update     = current rollout -> immediate teacher score -> actor backward
[36m(TaskRunner pid=2835327)[0m ========================================================================
[36m(WorkerDict pid=2942692)[0m INFO:2026-07-11 04:03:39,790:update_weights done, time cost: 0.76s

[36m(TaskRunner pid=2835327)[0m Dumped generations to /inspire/hdd/global_user/mengweicheng-240108120092/lzy/projects/Dual-Track-OPD/runs/gkd_geometry3k/qwen3vl_geometry3k_gkd_20260711_035352/rollouts/21.jsonl
[36m(TaskRunner pid=2835327)[0m step:21 - fc_opd/hook_loss:0.0 - fc_opd/hook_num_samples:4.0 - fc_opd/hook_active_weight:2477.0 - fc_opd/is_plain_gkd:1.0 - fc_opd/teacher_valid_ratio:1.0 - fc_opd/online/loss:0.0 - fc_opd/online/num_samples:4.0 - global_seqlen/min:489 - global_seqlen/max:1225 - global_seqlen/minmax_diff:736 - global_seqlen/balanced_min:489 - global_seqlen/balanced_max:1225 - global_seqlen/mean:811.5 - actor/entropy:2.17643141746521 - perf/mfu/actor_infer:0 - actor/pg_loss:-0.4999995231628418 - actor/kl_loss:0.0 - actor/fc_opd_loss:7.4805134534835815 - actor/pg_clipfrac:0.0 - actor/ppo_kl:0.0 - actor/pg_clipfrac_lower:0.0 - actor/fc_opd_denominator:296.0 - actor/grad_norm:52.68796157836914 - perf/mfu/actor:0.010202720670029536 - perf/max_memory_allocated_gb:21.351612091064453 - perf/max_memory_reserved_gb:25.85546875 - perf/cpu_memory_used_gb:166.42902183532715 - actor/lr:1e-06 - training/global_step:21 - training/epoch:0 - critic/score/mean:0.5 - critic/score/max:1.0 - critic/score/min:0.0 - critic/rewards/mean:0.5 - critic/rewards/max:1.0 - critic/rewards/min:0.0 - critic/advantages/mean:0.2607991397380829 - critic/advantages/max:0.9999990463256836 - critic/advantages/min:0.0 - critic/returns/mean:0.2607991397380829 - critic/returns/max:0.9999990463256836 - critic/returns/min:0.0 - response_length/mean:619.25 - response_length/max:1024.0 - response_length/min:296.0 - response_length/clip_ratio:0.25 - response_length_non_aborted/mean:619.25 - response_length_non_aborted/max:1024.0 - response_length_non_aborted/min:296.0 - response_length_non_aborted/clip_ratio:0.25 - response/aborted_ratio:0.0 - prompt_length/mean:192.25 - prompt_length/max:232.0 - prompt_length/min:143.0 - prompt_length/clip_ratio:0.0 - num_turns/min:2 - num_turns/max:2 - num_turns/mean:2.0 - timing_s/start_profile:3.0202791094779968e-05 - timing_s/agent_loop/num_preempted/min:-1 - timing_s/agent_loop/num_preempted/max:-1 - timing_s/agent_loop/num_preempted/mean:-1.0 - timing_s/agent_loop/generate_sequences/min:1.4165632808580995 - timing_s/agent_loop/generate_sequences/max:4.898258487693965 - timing_s/agent_loop/generate_sequences/mean:2.972308113705367 - timing_s/agent_loop/tool_calls/min:0.0 - timing_s/agent_loop/tool_calls/max:0.0 - timing_s/agent_loop/tool_calls/mean:0.0 - timing_s/agent_loop/slowest/generate_sequences:4.898258487693965 - timing_s/agent_loop/slowest/tool_calls:0.0 - timing_s/agent_loop/slowest/prompt_length:201 - timing_s/agent_loop/slowest/response_length:1024 - timing_s/agent_loop/slowest/num_preempted:-1 - timing_s/gen:6.140284943394363 - timing_s/fc_opd:1.0396824274212122 - timing_s/reward:1.6180798411369324e-05 - timing_s/old_log_prob:0.6272423155605793 - timing_s/adv:0.0003875121474266052 - timing_s/update_actor:2.137484174221754 - timing_s/update_weights:2.426032604649663 - timing_s/dump_rollout_generations:0.004550711251795292 - timing_s/step:12.37857523560524 - timing_s/stop_profile:4.40794974565506e-05 - timing_per_token_ms/gen:2.4789200417417696 - timing_per_token_ms/adv:0.00011938143790098744 - timing_per_token_ms/update_actor:0.6584978971724442 - perf/total_num_tokens:3246 - perf/time_per_step:12.37857523560524 - perf/throughput:65.556817691412
[36m(TaskRunner pid=2835327)[0m Dumped generations to /inspire/hdd/global_user/mengweicheng-240108120092/lzy/projects/Dual-Track-OPD/runs/gkd_geometry3k/qwen3vl_geometry3k_gkd_20260711_035352/rollouts/22.jsonl
[36m(TaskRunner pid=2835327)[0m step:22 - fc_opd/hook_loss:0.0 - fc_opd/hook_num_samples:4.0 - fc_opd/hook_active_weight:2840.0 - fc_opd/is_plain_gkd:1.0 - fc_opd/teacher_valid_ratio:1.0 - fc_opd/online/loss:0.0 - fc_opd/online/num_samples:4.0 - global_seqlen/min:660 - global_seqlen/max:1495 - global_seqlen/minmax_diff:835 - global_seqlen/balanced_min:660 - global_seqlen/balanced_max:1495 - global_seqlen/mean:967.0 - actor/entropy:3.469280481338501 - perf/mfu/actor_infer:0 - actor/pg_loss:-0.4999995231628418 - actor/kl_loss:0.0 - actor/fc_opd_loss:6.572020769119263 - actor/pg_clipfrac:0.0 - actor/ppo_kl:0.0 - actor/pg_clipfrac_lower:0.0 - actor/fc_opd_denominator:499.0 - actor/grad_norm:43.261905670166016 - perf/mfu/actor:0.01290982153636996 - perf/max_memory_allocated_gb:21.351612091064453 - perf/max_memory_reserved_gb:25.85546875 - perf/cpu_memory_used_gb:166.4577293395996 - actor/lr:1e-06 - training/global_step:22 - training/epoch:0 - critic/score/mean:0.5 - critic/score/max:1.0 - critic/score/min:0.0 - critic/rewards/mean:0.5 - critic/rewards/max:1.0 - critic/rewards/min:0.0 - critic/advantages/mean:0.42711228132247925 - critic/advantages/max:0.9999990463256836 - critic/advantages/min:0.0 - critic/returns/mean:0.42711228132247925 - critic/returns/max:0.9999990463256836 - critic/returns/min:0.0 - response_length/mean:710.0 - response_length/max:1024.0 - response_length/min:499.0 - response_length/clip_ratio:0.25 - response_length_non_aborted/mean:710.0 - response_length_non_aborted/max:1024.0 - response_length_non_aborted/min:499.0 - response_length_non_aborted/clip_ratio:0.25 - response/aborted_ratio:0.0 - prompt_length/mean:257.0 - prompt_length/max:471.0 - prompt_length/min:128.0 - prompt_length/clip_ratio:0.0 - num_turns/min:2 - num_turns/max:2 - num_turns/mean:2.0 - timing_s/start_profile:2.7091242372989655e-05 - timing_s/agent_loop/num_preempted/min:-1 - timing_s/agent_loop/num_preempted/max:-1 - timing_s/agent_loop/num_preempted/mean:-1.0 - timing_s/agent_loop/generate_sequences/min:2.419228320941329 - timing_s/agent_loop/generate_sequences/max:4.9938733065500855 - timing_s/agent_loop/generate_sequences/mean:3.442812859080732 - timing_s/agent_loop/tool_calls/min:0.0 - timing_s/agent_loop/tool_calls/max:0.0 - timing_s/agent_loop/tool_calls/mean:0.0 - timing_s/agent_loop/slowest/generate_sequences:4.9938733065500855 - timing_s/agent_loop/slowest/tool_calls:0.0 - timing_s/agent_loop/slowest/prompt_length:471 - timing_s/agent_loop/slowest/response_length:1024 - timing_s/agent_loop/slowest/num_preempted:-1 - timing_s/gen:5.9940506257116795 - timing_s/fc_opd:1.1579518197104335 - timing_s/reward:1.002289354801178e-05 - timing_s/old_log_prob:0.5787028893828392 - timing_s/adv:0.00035913195461034775 - timing_s/update_actor:2.1014019530266523 - timing_s/update_weights:2.6432683086022735 - timing_s/dump_rollout_generations:0.0047817472368478775 - timing_s/step:12.48333137575537 - timing_s/stop_profile:4.099588841199875e-05 - timing_per_token_ms/gen:2.110581206236507 - timing_per_token_ms/adv:9.284693759316126e-05 - timing_per_token_ms/update_actor:0.5432786848569422 - perf/total_num_tokens:3868 - perf/time_per_step:12.48333137575537 - perf/throughput:77.46329652660418
[36m(TaskRunner pid=2835327)[0m Dumped generations to /inspire/hdd/global_user/mengweicheng-240108120092/lzy/projects/Dual-Track-OPD/runs/gkd_geometry3k/qwen3vl_geometry3k_gkd_20260711_035352/rollouts/23.jsonl
[36m(TaskRunner pid=2835327)[0m step:23 - fc_opd/hook_loss:0.0 - fc_opd/hook_num_samples:4.0 - fc_opd/hook_active_weight:3122.0 - fc_opd/is_plain_gkd:1.0 - fc_opd/teacher_valid_ratio:1.0 - fc_opd/online/loss:0.0 - fc_opd/online/num_samples:4.0 - global_seqlen/min:666 - global_seqlen/max:1175 - global_seqlen/minmax_diff:509 - global_seqlen/balanced_min:666 - global_seqlen/balanced_max:1175 - global_seqlen/mean:963.0 - actor/entropy:2.531588315963745 - perf/mfu/actor_infer:0 - actor/pg_loss:-0.2499997615814209 - actor/kl_loss:0.0 - actor/fc_opd_loss:6.652990520000458 - actor/pg_clipfrac:0.0 - actor/ppo_kl:0.0 - actor/pg_clipfrac_lower:0.0 - actor/fc_opd_denominator:383.0 - actor/grad_norm:37.67243576049805 - perf/mfu/actor:0.011573054359156612 - perf/max_memory_allocated_gb:21.351612091064453 - perf/max_memory_reserved_gb:25.85546875 - perf/cpu_memory_used_gb:165.8288230895996 - actor/lr:1e-06 - training/global_step:23 - training/epoch:0 - critic/score/mean:0.25 - critic/score/max:1.0 - critic/score/min:0.0 - critic/rewards/mean:0.25 - critic/rewards/max:1.0 - critic/rewards/min:0.0 - critic/advantages/mean:0.22133229672908783 - critic/advantages/max:0.9999990463256836 - critic/advantages/min:0.0 - critic/returns/mean:0.22133229672908783 - critic/returns/max:0.9999990463256836 - critic/returns/min:0.0 - response_length/mean:780.5 - response_length/max:1024.0 - response_length/min:383.0 - response_length/clip_ratio:0.5 - response_length_non_aborted/mean:780.5 - response_length_non_aborted/max:1024.0 - response_length_non_aborted/min:383.0 - response_length_non_aborted/clip_ratio:0.5 - response/aborted_ratio:0.0 - prompt_length/mean:182.5 - prompt_length/max:283.0 - prompt_length/min:136.0 - prompt_length/clip_ratio:0.0 - num_turns/min:2 - num_turns/max:2 - num_turns/mean:2.0 - timing_s/start_profile:3.149453550577164e-05 - timing_s/agent_loop/num_preempted/min:-1 - timing_s/agent_loop/num_preempted/max:-1 - timing_s/agent_loop/num_preempted/mean:-1.0 - timing_s/agent_loop/generate_sequences/min:1.848771257326007 - timing_s/agent_loop/generate_sequences/max:4.908825654536486 - timing_s/agent_loop/generate_sequences/mean:3.7328300066292286 - timing_s/agent_loop/tool_calls/min:0.0 - timing_s/agent_loop/tool_calls/max:0.0 - timing_s/agent_loop/tool_calls/mean:0.0 - timing_s/agent_loop/slowest/generate_sequences:4.908825654536486 - timing_s/agent_loop/slowest/tool_calls:0.0 - timing_s/agent_loop/slowest/prompt_length:136 - timing_s/agent_loop/slowest/response_length:1024 - timing_s/agent_loop/slowest/num_preempted:-1 - timing_s/gen:5.919253429397941 - timing_s/fc_opd:1.1620665090158582 - timing_s/reward:1.2089498341083527e-05 - timing_s/old_log_prob:0.702007875777781 - timing_s/adv:0.00039478205144405365 - timing_s/update_actor:2.233046205714345 - timing_s/update_weights:2.444646098650992 - timing_s/dump_rollout_generations:0.005072246305644512 - timing_s/step:12.46952857170254 - timing_s/stop_profile:4.164408892393112e-05 - timing_per_token_ms/gen:1.8959812393971622 - timing_per_token_ms/adv:0.00010248755229596409 - timing_per_token_ms/update_actor:0.5797108529891861 - perf/total_num_tokens:3852 - perf/time_per_step:12.46952857170254 - perf/throughput:77.22826043202336[36m(TaskRunner pid=2835327)[0m Training Progress:  46%|████▌     | 23/50 [05:29<06:29, 14.41s/it]
[36m(TaskRunner pid=2835327)[0m WARNING:2026-07-11 04:03:47,471:========================================================================
[36m(TaskRunner pid=2835327)[0m WARNING:2026-07-11 04:03:47,471:  Qwen3-VL Online GKD Pipeline Verification
[36m(TaskRunner pid=2835327)[0m WARNING:2026-07-11 04:03:47,471:========================================================================
[36m(TaskRunner pid=2835327)[0m WARNING:2026-07-11 04:03:47,471:  C          = 1  conditions: ['full']
[36m(TaskRunner pid=2835327)[0m WARNING:2026-07-11 04:03:47,471:  loss_mode  = gkd
[36m(TaskRunner pid=2835327)[0m WARNING:2026-07-11 04:03:47,471:  batch      = [B=4, T=1024]
[36m(TaskRunner pid=2835327)[0m WARNING:2026-07-11 04:03:47,471:  top_k      = 32
[36m(TaskRunner pid=2835327)[0m WARNING:2026-07-11 04:03:47,471:  exact_lp   = torch.Size([4, 1, 1024])  (None=tail-fallback)
[36m(TaskRunner pid=2835327)[0m WARNING:2026-07-11 04:03:47,471:  Student    = raw image + canonical question  (choices allowed, no XML)
[36m(TaskRunner pid=2835327)[0m WARNING:2026-07-11 04:03:47,471:  Teacher    = raw image + same canonical question  (no format bias)
[36m(TaskRunner pid=2835327)[0m WARNING:2026-07-11 04:03:47,471:  KL         = forward
[36m(TaskRunner pid=2835327)[0m WARNING:2026-07-11 04:03:47,471:  Objective  = forward KL on the full-image teacher distribution (pure distillation, no GRPO)
[36m(TaskRunner pid=2835327)[0m WARNING:2026-07-11 04:03:47,471:  Routing    = uniform over teacher-valid response tokens
[36m(TaskRunner pid=2835327)[0m WARNING:2026-07-11 04:03:47,471:  Update     = current rollout -> immediate teacher score -> actor backward
[36m(TaskRunner pid=2835327)[0m WARNING:2026-07-11 04:03:47,471:========================================================================
[36m(TaskRunner pid=2835327)[0m ========================================================================
[36m(TaskRunner pid=2835327)[0m   Qwen3-VL Online GKD Pipeline Verification
[36m(TaskRunner pid=2835327)[0m ========================================================================
[36m(TaskRunner pid=2835327)[0m   C          = 1  conditions: ['full']
[36m(TaskRunner pid=2835327)[0m   loss_mode  = gkd
[36m(TaskRunner pid=2835327)[0m   batch      = [B=4, T=1024]
[36m(TaskRunner pid=2835327)[0m   top_k      = 32
[36m(TaskRunner pid=2835327)[0m   exact_lp   = torch.Size([4, 1, 1024])  (None=tail-fallback)
[36m(TaskRunner pid=2835327)[0m   Student    = raw image + canonical question  (choices allowed, no XML)
[36m(TaskRunner pid=2835327)[0m   Teacher    = raw image + same canonical question  (no format bias)
[36m(TaskRunner pid=2835327)[0m   KL         = forward
[36m(TaskRunner pid=2835327)[0m   Objective  = forward KL on the full-image teacher distribution (pure distillation, no GRPO)
[36m(TaskRunner pid=2835327)[0m   Routing    = uniform over teacher-valid response tokens
[36m(TaskRunner pid=2835327)[0m   Update     = current rollout -> immediate teacher score -> actor backward
[36m(TaskRunner pid=2835327)[0m ========================================================================
[36m(WorkerDict pid=2942692)[0m INFO:2026-07-11 04:03:51,672:update_weights done, time cost: 0.60s
[36m(TaskRunner pid=2835327)[0m Training Progress:  48%|████▊     | 24/50 [05:40<05:54, 13.65s/it]
[36m(TaskRunner pid=2835327)[0m WARNING:2026-07-11 04:03:59,410:========================================================================
[36m(TaskRunner pid=2835327)[0m WARNING:2026-07-11 04:03:59,410:  Qwen3-VL Online GKD Pipeline Verification
[36m(TaskRunner pid=2835327)[0m WARNING:2026-07-11 04:03:59,410:========================================================================
[36m(TaskRunner pid=2835327)[0m WARNING:2026-07-11 04:03:59,410:  C          = 1  conditions: ['full']
[36m(TaskRunner pid=2835327)[0m WARNING:2026-07-11 04:03:59,410:  loss_mode  = gkd
[36m(TaskRunner pid=2835327)[0m WARNING:2026-07-11 04:03:59,410:  batch      = [B=4, T=1024]
[36m(TaskRunner pid=2835327)[0m WARNING:2026-07-11 04:03:59,410:  top_k      = 32
[36m(TaskRunner pid=2835327)[0m WARNING:2026-07-11 04:03:59,410:  exact_lp   = torch.Size([4, 1, 1024])  (None=tail-fallback)
[36m(TaskRunner pid=2835327)[0m WARNING:2026-07-11 04:03:59,410:  Student    = raw image + canonical question  (choices allowed, no XML)
[36m(TaskRunner pid=2835327)[0m WARNING:2026-07-11 04:03:59,410:  Teacher    = raw image + same canonical question  (no format bias)
[36m(TaskRunner pid=2835327)[0m WARNING:2026-07-11 04:03:59,410:  KL         = forward
[36m(TaskRunner pid=2835327)[0m WARNING:2026-07-11 04:03:59,410:  Objective  = forward KL on the full-image teacher distribution (pure distillation, no GRPO)
[36m(TaskRunner pid=2835327)[0m WARNING:2026-07-11 04:03:59,410:  Routing    = uniform over teacher-valid response tokens
[36m(TaskRunner pid=2835327)[0m WARNING:2026-07-11 04:03:59,410:  Update     = current rollout -> immediate teacher score -> actor backward
[36m(TaskRunner pid=2835327)[0m WARNING:2026-07-11 04:03:59,410:========================================================================
[36m(TaskRunner pid=2835327)[0m ========================================================================
[36m(TaskRunner pid=2835327)[0m   Qwen3-VL Online GKD Pipeline Verification
[36m(TaskRunner pid=2835327)[0m ========================================================================
[36m(TaskRunner pid=2835327)[0m   C          = 1  conditions: ['full']
[36m(TaskRunner pid=2835327)[0m   loss_mode  = gkd
[36m(TaskRunner pid=2835327)[0m   batch      = [B=4, T=1024]
[36m(TaskRunner pid=2835327)[0m   top_k      = 32
[36m(TaskRunner pid=2835327)[0m   exact_lp   = torch.Size([4, 1, 1024])  (None=tail-fallback)
[36m(TaskRunner pid=2835327)[0m   Student    = raw image + canonical question  (choices allowed, no XML)
[36m(TaskRunner pid=2835327)[0m   Teacher    = raw image + same canonical question  (no format bias)
[36m(TaskRunner pid=2835327)[0m   KL         = forward
[36m(TaskRunner pid=2835327)[0m   Objective  = forward KL on the full-image teacher distribution (pure distillation, no GRPO)
[36m(TaskRunner pid=2835327)[0m   Routing    = uniform over teacher-valid response tokens
[36m(TaskRunner pid=2835327)[0m   Update     = current rollout -> immediate teacher score -> actor backward
[36m(TaskRunner pid=2835327)[0m ========================================================================
[36m(WorkerDict pid=2942692)[0m INFO:2026-07-11 04:04:04,214:update_weights done, time cost: 0.70s
[36m(TaskRunner pid=2835327)[0m Training Progress:  50%|█████     | 25/50 [05:53<05:33, 13.33s/it]
[36m(TaskRunner pid=2835327)[0m WARNING:2026-07-11 04:04:12,202:========================================================================
[36m(TaskRunner pid=2835327)[0m WARNING:2026-07-11 04:04:12,202:  Qwen3-VL Online GKD Pipeline Verification
[36m(TaskRunner pid=2835327)[0m WARNING:2026-07-11 04:04:12,202:========================================================================
[36m(TaskRunner pid=2835327)[0m WARNING:2026-07-11 04:04:12,202:  C          = 1  conditions: ['full']
[36m(TaskRunner pid=2835327)[0m WARNING:2026-07-11 04:04:12,202:  loss_mode  = gkd
[36m(TaskRunner pid=2835327)[0m WARNING:2026-07-11 04:04:12,202:  batch      = [B=4, T=1024]
[36m(TaskRunner pid=2835327)[0m WARNING:2026-07-11 04:04:12,202:  top_k      = 32
[36m(TaskRunner pid=2835327)[0m WARNING:2026-07-11 04:04:12,202:  exact_lp   = torch.Size([4, 1, 1024])  (None=tail-fallback)
[36m(TaskRunner pid=2835327)[0m WARNING:2026-07-11 04:04:12,202:  Student    = raw image + canonical question  (choices allowed, no XML)
[36m(TaskRunner pid=2835327)[0m WARNING:2026-07-11 04:04:12,202:  Teacher    = raw image + same canonical question  (no format bias)
[36m(TaskRunner pid=2835327)[0m WARNING:2026-07-11 04:04:12,202:  KL         = forward
[36m(TaskRunner pid=2835327)[0m WARNING:2026-07-11 04:04:12,202:  Objective  = forward KL on the full-image teacher distribution (pure distillation, no GRPO)
[36m(TaskRunner pid=2835327)[0m WARNING:2026-07-11 04:04:12,202:  Routing    = uniform over teacher-valid response tokens
[36m(TaskRunner pid=2835327)[0m WARNING:2026-07-11 04:04:12,202:  Update     = current rollout -> immediate teacher score -> actor backward
[36m(TaskRunner pid=2835327)[0m WARNING:2026-07-11 04:04:12,202:========================================================================
[36m(TaskRunner pid=2835327)[0m ========================================================================
[36m(TaskRunner pid=2835327)[0m   Qwen3-VL Online GKD Pipeline Verification
[36m(TaskRunner pid=2835327)[0m ========================================================================
[36m(TaskRunner pid=2835327)[0m   C          = 1  conditions: ['full']
[36m(TaskRunner pid=2835327)[0m   loss_mode  = gkd
[36m(TaskRunner pid=2835327)[0m   batch      = [B=4, T=1024]
[36m(TaskRunner pid=2835327)[0m   top_k      = 32
[36m(TaskRunner pid=2835327)[0m   exact_lp   = torch.Size([4, 1, 1024])  (None=tail-fallback)
[36m(TaskRunner pid=2835327)[0m   Student    = raw image + canonical question  (choices allowed, no XML)
[36m(TaskRunner pid=2835327)[0m   Teacher    = raw image + same canonical question  (no format bias)
[36m(TaskRunner pid=2835327)[0m   KL         = forward
[36m(TaskRunner pid=2835327)[0m   Objective  = forward KL on the full-image teacher distribution (pure distillation, no GRPO)
[36m(TaskRunner pid=2835327)[0m   Routing    = uniform over teacher-valid response tokens
[36m(TaskRunner pid=2835327)[0m   Update     = current rollout -> immediate teacher score -> actor backward
[36m(TaskRunner pid=2835327)[0m ========================================================================
[36m(WorkerDict pid=2942692)[0m INFO:2026-07-11 04:04:16,539:update_weights done, time cost: 0.66s

[36m(TaskRunner pid=2835327)[0m Dumped generations to /inspire/hdd/global_user/mengweicheng-240108120092/lzy/projects/Dual-Track-OPD/runs/gkd_geometry3k/qwen3vl_geometry3k_gkd_20260711_035352/rollouts/24.jsonl
[36m(TaskRunner pid=2835327)[0m step:24 - fc_opd/hook_loss:0.0 - fc_opd/hook_num_samples:4.0 - fc_opd/hook_active_weight:3242.0 - fc_opd/is_plain_gkd:1.0 - fc_opd/teacher_valid_ratio:1.0 - fc_opd/online/loss:0.0 - fc_opd/online/num_samples:4.0 - global_seqlen/min:314 - global_seqlen/max:1260 - global_seqlen/minmax_diff:946 - global_seqlen/balanced_min:314 - global_seqlen/balanced_max:1260 - global_seqlen/mean:979.0 - actor/entropy:3.126868486404419 - perf/mfu/actor_infer:0 - actor/pg_loss:-0.2499997764825821 - actor/kl_loss:0.0 - actor/fc_opd_loss:6.303362429141998 - actor/pg_clipfrac:0.0 - actor/ppo_kl:0.0 - actor/pg_clipfrac_lower:0.0 - actor/fc_opd_denominator:170.0 - actor/grad_norm:40.22936248779297 - perf/mfu/actor:0.012386550123652945 - perf/max_memory_allocated_gb:21.351612091064453 - perf/max_memory_reserved_gb:25.85546875 - perf/cpu_memory_used_gb:165.72418403625488 - actor/lr:1e-06 - training/global_step:24 - training/epoch:0 - critic/score/mean:0.25 - critic/score/max:1.0 - critic/score/min:0.0 - critic/rewards/mean:0.25 - critic/rewards/max:1.0 - critic/rewards/min:0.0 - critic/advantages/mean:0.05243672430515289 - critic/advantages/max:0.9999990463256836 - critic/advantages/min:0.0 - critic/returns/mean:0.05243672430515289 - critic/returns/max:0.9999990463256836 - critic/returns/min:0.0 - response_length/mean:810.5 - response_length/max:1024.0 - response_length/min:170.0 - response_length/clip_ratio:0.75 - response_length_non_aborted/mean:810.5 - response_length_non_aborted/max:1024.0 - response_length_non_aborted/min:170.0 - response_length_non_aborted/clip_ratio:0.75 - response/aborted_ratio:0.0 - prompt_length/mean:168.5 - prompt_length/max:236.0 - prompt_length/min:136.0 - prompt_length/clip_ratio:0.0 - num_turns/min:2 - num_turns/max:2 - num_turns/mean:2.0 - timing_s/start_profile:3.0310824513435364e-05 - timing_s/agent_loop/num_preempted/min:-1 - timing_s/agent_loop/num_preempted/max:-1 - timing_s/agent_loop/num_preempted/mean:-1.0 - timing_s/agent_loop/generate_sequences/min:0.8414855403825641 - timing_s/agent_loop/generate_sequences/max:4.8998998189345 - timing_s/agent_loop/generate_sequences/mean:3.8836693288758397 - timing_s/agent_loop/tool_calls/min:0.0 - timing_s/agent_loop/tool_calls/max:0.0 - timing_s/agent_loop/tool_calls/mean:0.0 - timing_s/agent_loop/slowest/generate_sequences:4.8998998189345 - timing_s/agent_loop/slowest/tool_calls:0.0 - timing_s/agent_loop/slowest/prompt_length:236 - timing_s/agent_loop/slowest/response_length:1024 - timing_s/agent_loop/slowest/num_preempted:-1 - timing_s/gen:5.879678351804614 - timing_s/fc_opd:1.2603765688836575 - timing_s/reward:1.7336569726467133e-05 - timing_s/old_log_prob:0.5611571222543716 - timing_s/adv:0.00039761513471603394 - timing_s/update_actor:2.1021838365122676 - timing_s/update_weights:2.0627387203276157 - timing_s/dump_rollout_generations:0.005099345929920673 - timing_s/step:11.874159407801926 - timing_s/stop_profile:4.507414996623993e-05 - timing_per_token_ms/gen:1.8135960369539217 - timing_per_token_ms/adv:0.00010153604053014146 - timing_per_token_ms/update_actor:0.5368191615199867 - perf/total_num_tokens:3916 - perf/time_per_step:11.874159407801926 - perf/throughput:82.44794148179847
[36m(TaskRunner pid=2835327)[0m Dumped generations to /inspire/hdd/global_user/mengweicheng-240108120092/lzy/projects/Dual-Track-OPD/runs/gkd_geometry3k/qwen3vl_geometry3k_gkd_20260711_035352/rollouts/25.jsonl
[36m(TaskRunner pid=2835327)[0m step:25 - fc_opd/hook_loss:0.0 - fc_opd/hook_num_samples:4.0 - fc_opd/hook_active_weight:2938.0 - fc_opd/is_plain_gkd:1.0 - fc_opd/teacher_valid_ratio:1.0 - fc_opd/online/loss:0.0 - fc_opd/online/num_samples:4.0 - global_seqlen/min:595 - global_seqlen/max:1402 - global_seqlen/minmax_diff:807 - global_seqlen/balanced_min:595 - global_seqlen/balanced_max:1402 - global_seqlen/mean:949.25 - actor/entropy:4.283960819244385 - perf/mfu/actor_infer:0 - actor/pg_loss:-0.2499997764825821 - actor/kl_loss:0.0 - actor/fc_opd_loss:4.926499545574188 - actor/pg_clipfrac:0.0 - actor/ppo_kl:0.0 - actor/pg_clipfrac_lower:0.0 - actor/fc_opd_denominator:425.0 - actor/grad_norm:46.97537612915039 - perf/mfu/actor:0.01162653177910338 - perf/max_memory_allocated_gb:21.351612091064453 - perf/max_memory_reserved_gb:25.85546875 - perf/cpu_memory_used_gb:165.81317138671875 - actor/lr:1e-06 - training/global_step:25 - training/epoch:0 - critic/score/mean:0.25 - critic/score/max:1.0 - critic/score/min:0.0 - critic/rewards/mean:0.25 - critic/rewards/max:1.0 - critic/rewards/min:0.0 - critic/advantages/mean:0.15827077627182007 - critic/advantages/max:0.9999990463256836 - critic/advantages/min:0.0 - critic/returns/mean:0.15827077627182007 - critic/returns/max:0.9999990463256836 - critic/returns/min:0.0 - response_length/mean:734.5 - response_length/max:1024.0 - response_length/min:425.0 - response_length/clip_ratio:0.5 - response_length_non_aborted/mean:734.5 - response_length_non_aborted/max:1024.0 - response_length_non_aborted/min:425.0 - response_length_non_aborted/clip_ratio:0.5 - response/aborted_ratio:0.0 - prompt_length/mean:214.75 - prompt_length/max:378.0 - prompt_length/min:140.0 - prompt_length/clip_ratio:0.0 - num_turns/min:2 - num_turns/max:2 - num_turns/mean:2.0 - timing_s/start_profile:5.6519173085689545e-05 - timing_s/agent_loop/num_preempted/min:-1 - timing_s/agent_loop/num_preempted/max:-1 - timing_s/agent_loop/num_preempted/mean:-1.0 - timing_s/agent_loop/generate_sequences/min:2.051262905821204 - timing_s/agent_loop/generate_sequences/max:4.941776368767023 - timing_s/agent_loop/generate_sequences/mean:3.537693787366152 - timing_s/agent_loop/tool_calls/min:0.0 - timing_s/agent_loop/tool_calls/max:0.0 - timing_s/agent_loop/tool_calls/mean:0.0 - timing_s/agent_loop/slowest/generate_sequences:4.941776368767023 - timing_s/agent_loop/slowest/tool_calls:0.0 - timing_s/agent_loop/slowest/prompt_length:378 - timing_s/agent_loop/slowest/response_length:1024 - timing_s/agent_loop/slowest/num_preempted:-1 - timing_s/gen:6.029957704246044 - timing_s/fc_opd:1.140686105005443 - timing_s/reward:1.1838041245937347e-05 - timing_s/old_log_prob:0.8690110053867102 - timing_s/adv:0.00036116503179073334 - timing_s/update_actor:2.2276960918679833 - timing_s/update_weights:2.2612754264846444 - timing_s/dump_rollout_generations:0.004888717085123062 - timing_s/step:12.537030898965895 - timing_s/stop_profile:4.063546657562256e-05 - timing_per_token_ms/gen:2.0524022138345965 - timing_per_token_ms/adv:9.511852298939514e-05 - timing_per_token_ms/update_actor:0.5866989970682074 - perf/total_num_tokens:3797 - perf/time_per_step:12.537030898965895 - perf/throughput:75.7156943816975
[36m(TaskRunner pid=2835327)[0m Dumped generations to /inspire/hdd/global_user/mengweicheng-240108120092/lzy/projects/Dual-Track-OPD/runs/gkd_geometry3k/qwen3vl_geometry3k_gkd_20260711_035352/rollouts/26.jsonl
[36m(TaskRunner pid=2835327)[0m step:26 - fc_opd/hook_loss:0.0 - fc_opd/hook_num_samples:4.0 - fc_opd/hook_active_weight:4096.0 - fc_opd/is_plain_gkd:1.0 - fc_opd/teacher_valid_ratio:1.0 - fc_opd/online/loss:0.0 - fc_opd/online/num_samples:4.0 - global_seqlen/min:1148 - global_seqlen/max:1194 - global_seqlen/minmax_diff:46 - global_seqlen/balanced_min:1148 - global_seqlen/balanced_max:1194 - global_seqlen/mean:1174.0 - actor/entropy:5.252546787261963 - perf/mfu/actor_infer:0 - actor/pg_loss:0.0 - actor/kl_loss:0.0 - actor/fc_opd_loss:3.7361661195755005 - actor/pg_clipfrac:0.0 - actor/ppo_kl:0.0 - actor/pg_clipfrac_lower:0.0 - actor/fc_opd_denominator:1024.0 - actor/grad_norm:23.058496475219727 - perf/mfu/actor:0.014188143043748084 - perf/max_memory_allocated_gb:21.351612091064453 - perf/max_memory_reserved_gb:25.85546875 - perf/cpu_memory_used_gb:165.8275909423828 - actor/lr:1e-06 - training/global_step:26 - training/epoch:0 - critic/score/mean:0.0 - critic/score/max:0.0 - critic/score/min:0.0 - critic/rewards/mean:0.0 - critic/rewards/max:0.0 - critic/rewards/min:0.0 - critic/advantages/mean:0.0 - critic/advantages/max:0.0 - critic/advantages/min:0.0 - critic/returns/mean:0.0 - critic/returns/max:0.0 - critic/returns/min:0.0 - response_length/mean:1024.0 - response_length/max:1024.0 - response_length/min:1024.0 - response_length/clip_ratio:1.0 - response_length_non_aborted/mean:1024.0 - response_length_non_aborted/max:1024.0 - response_length_non_aborted/min:1024.0 - response_length_non_aborted/clip_ratio:1.0 - response/aborted_ratio:0.0 - prompt_length/mean:150.0 - prompt_length/max:170.0 - prompt_length/min:124.0 - prompt_length/clip_ratio:0.0 - num_turns/min:2 - num_turns/max:2 - num_turns/mean:2.0 - timing_s/start_profile:2.9129907488822937e-05 - timing_s/agent_loop/num_preempted/min:-1 - timing_s/agent_loop/num_preempted/max:-1 - timing_s/agent_loop/num_preempted/mean:-1.0 - timing_s/agent_loop/generate_sequences/min:4.896509036421776 - timing_s/agent_loop/generate_sequences/max:4.945690569467843 - timing_s/agent_loop/generate_sequences/mean:4.91931907646358 - timing_s/agent_loop/tool_calls/min:0.0 - timing_s/agent_loop/tool_calls/max:0.0 - timing_s/agent_loop/tool_calls/mean:0.0 - timing_s/agent_loop/slowest/generate_sequences:4.945690569467843 - timing_s/agent_loop/slowest/tool_calls:0.0 - timing_s/agent_loop/slowest/prompt_length:124 - timing_s/agent_loop/slowest/response_length:1024 - timing_s/agent_loop/slowest/num_preempted:-1 - timing_s/gen:6.085195573978126 - timing_s/fc_opd:1.3379268972203135 - timing_s/reward:1.0702759027481079e-05 - timing_s/old_log_prob:0.5892657227814198 - timing_s/adv:0.00034314487129449844 - timing_s/update_actor:2.1760762156918645 - timing_s/update_weights:2.1885064030066133 - timing_s/dump_rollout_generations:0.00548043567687273 - timing_s/step:12.385134936310351 - timing_s/stop_profile:4.3584033846855164e-05 - timing_per_token_ms/gen:1.4856434506782534 - timing_per_token_ms/adv:7.307173579525095e-05 - timing_per_token_ms/update_actor:0.4633893133926458 - perf/total_num_tokens:4696 - perf/time_per_step:12.385134936310351 - perf/throughput:94.79105444044082[36m(TaskRunner pid=2835327)[0m Training Progress:  52%|█████▏    | 26/50 [06:05<05:13, 13.05s/it]
[36m(TaskRunner pid=2835327)[0m WARNING:2026-07-11 04:04:24,194:========================================================================
[36m(TaskRunner pid=2835327)[0m WARNING:2026-07-11 04:04:24,194:  Qwen3-VL Online GKD Pipeline Verification
[36m(TaskRunner pid=2835327)[0m WARNING:2026-07-11 04:04:24,194:========================================================================
[36m(TaskRunner pid=2835327)[0m WARNING:2026-07-11 04:04:24,194:  C          = 1  conditions: ['full']
[36m(TaskRunner pid=2835327)[0m WARNING:2026-07-11 04:04:24,194:  loss_mode  = gkd
[36m(TaskRunner pid=2835327)[0m WARNING:2026-07-11 04:04:24,194:  batch      = [B=4, T=1024]
[36m(TaskRunner pid=2835327)[0m WARNING:2026-07-11 04:04:24,194:  top_k      = 32
[36m(TaskRunner pid=2835327)[0m WARNING:2026-07-11 04:04:24,194:  exact_lp   = torch.Size([4, 1, 1024])  (None=tail-fallback)
[36m(TaskRunner pid=2835327)[0m WARNING:2026-07-11 04:04:24,194:  Student    = raw image + canonical question  (choices allowed, no XML)
[36m(TaskRunner pid=2835327)[0m WARNING:2026-07-11 04:04:24,194:  Teacher    = raw image + same canonical question  (no format bias)
[36m(TaskRunner pid=2835327)[0m WARNING:2026-07-11 04:04:24,194:  KL         = forward
[36m(TaskRunner pid=2835327)[0m WARNING:2026-07-11 04:04:24,194:  Objective  = forward KL on the full-image teacher distribution (pure distillation, no GRPO)
[36m(TaskRunner pid=2835327)[0m WARNING:2026-07-11 04:04:24,194:  Routing    = uniform over teacher-valid response tokens
[36m(TaskRunner pid=2835327)[0m WARNING:2026-07-11 04:04:24,194:  Update     = current rollout -> immediate teacher score -> actor backward
[36m(TaskRunner pid=2835327)[0m WARNING:2026-07-11 04:04:24,194:========================================================================
[36m(TaskRunner pid=2835327)[0m ========================================================================
[36m(TaskRunner pid=2835327)[0m   Qwen3-VL Online GKD Pipeline Verification
[36m(TaskRunner pid=2835327)[0m ========================================================================
[36m(TaskRunner pid=2835327)[0m   C          = 1  conditions: ['full']
[36m(TaskRunner pid=2835327)[0m   loss_mode  = gkd
[36m(TaskRunner pid=2835327)[0m   batch      = [B=4, T=1024]
[36m(TaskRunner pid=2835327)[0m   top_k      = 32
[36m(TaskRunner pid=2835327)[0m   exact_lp   = torch.Size([4, 1, 1024])  (None=tail-fallback)
[36m(TaskRunner pid=2835327)[0m   Student    = raw image + canonical question  (choices allowed, no XML)
[36m(TaskRunner pid=2835327)[0m   Teacher    = raw image + same canonical question  (no format bias)
[36m(TaskRunner pid=2835327)[0m   KL         = forward
[36m(TaskRunner pid=2835327)[0m   Objective  = forward KL on the full-image teacher distribution (pure distillation, no GRPO)
[36m(TaskRunner pid=2835327)[0m   Routing    = uniform over teacher-valid response tokens
[36m(TaskRunner pid=2835327)[0m   Update     = current rollout -> immediate teacher score -> actor backward
[36m(TaskRunner pid=2835327)[0m ========================================================================
[36m(WorkerDict pid=2942692)[0m INFO:2026-07-11 04:04:29,489:update_weights done, time cost: 1.09s
[36m(TaskRunner pid=2835327)[0m Training Progress:  54%|█████▍    | 27/50 [06:18<04:58, 13.00s/it]
[36m(TaskRunner pid=2835327)[0m WARNING:2026-07-11 04:04:37,434:========================================================================
[36m(TaskRunner pid=2835327)[0m WARNING:2026-07-11 04:04:37,434:  Qwen3-VL Online GKD Pipeline Verification
[36m(TaskRunner pid=2835327)[0m WARNING:2026-07-11 04:04:37,434:========================================================================
[36m(TaskRunner pid=2835327)[0m WARNING:2026-07-11 04:04:37,434:  C          = 1  conditions: ['full']
[36m(TaskRunner pid=2835327)[0m WARNING:2026-07-11 04:04:37,434:  loss_mode  = gkd
[36m(TaskRunner pid=2835327)[0m WARNING:2026-07-11 04:04:37,434:  batch      = [B=4, T=1024]
[36m(TaskRunner pid=2835327)[0m WARNING:2026-07-11 04:04:37,434:  top_k      = 32
[36m(TaskRunner pid=2835327)[0m WARNING:2026-07-11 04:04:37,434:  exact_lp   = torch.Size([4, 1, 1024])  (None=tail-fallback)
[36m(TaskRunner pid=2835327)[0m WARNING:2026-07-11 04:04:37,434:  Student    = raw image + canonical question  (choices allowed, no XML)
[36m(TaskRunner pid=2835327)[0m WARNING:2026-07-11 04:04:37,434:  Teacher    = raw image + same canonical question  (no format bias)
[36m(TaskRunner pid=2835327)[0m WARNING:2026-07-11 04:04:37,434:  KL         = forward
[36m(TaskRunner pid=2835327)[0m WARNING:2026-07-11 04:04:37,434:  Objective  = forward KL on the full-image teacher distribution (pure distillation, no GRPO)
[36m(TaskRunner pid=2835327)[0m WARNING:2026-07-11 04:04:37,434:  Routing    = uniform over teacher-valid response tokens
[36m(TaskRunner pid=2835327)[0m WARNING:2026-07-11 04:04:37,434:  Update     = current rollout -> immediate teacher score -> actor backward
[36m(TaskRunner pid=2835327)[0m WARNING:2026-07-11 04:04:37,434:========================================================================
[36m(TaskRunner pid=2835327)[0m ========================================================================
[36m(TaskRunner pid=2835327)[0m   Qwen3-VL Online GKD Pipeline Verification
[36m(TaskRunner pid=2835327)[0m ========================================================================
[36m(TaskRunner pid=2835327)[0m   C          = 1  conditions: ['full']
[36m(TaskRunner pid=2835327)[0m   loss_mode  = gkd
[36m(TaskRunner pid=2835327)[0m   batch      = [B=4, T=1024]
[36m(TaskRunner pid=2835327)[0m   top_k      = 32
[36m(TaskRunner pid=2835327)[0m   exact_lp   = torch.Size([4, 1, 1024])  (None=tail-fallback)
[36m(TaskRunner pid=2835327)[0m   Student    = raw image + canonical question  (choices allowed, no XML)
[36m(TaskRunner pid=2835327)[0m   Teacher    = raw image + same canonical question  (no format bias)
[36m(TaskRunner pid=2835327)[0m   KL         = forward
[36m(TaskRunner pid=2835327)[0m   Objective  = forward KL on the full-image teacher distribution (pure distillation, no GRPO)
[36m(TaskRunner pid=2835327)[0m   Routing    = uniform over teacher-valid response tokens
[36m(TaskRunner pid=2835327)[0m   Update     = current rollout -> immediate teacher score -> actor backward
[36m(TaskRunner pid=2835327)[0m ========================================================================
[36m(WorkerDict pid=2942692)[0m INFO:2026-07-11 04:04:42,002:update_weights done, time cost: 0.71s
[36m(TaskRunner pid=2835327)[0m Training Progress:  56%|█████▌    | 28/50 [06:31<04:43, 12.87s/it]
[36m(TaskRunner pid=2835327)[0m WARNING:2026-07-11 04:04:50,052:========================================================================
[36m(TaskRunner pid=2835327)[0m WARNING:2026-07-11 04:04:50,052:  Qwen3-VL Online GKD Pipeline Verification
[36m(TaskRunner pid=2835327)[0m WARNING:2026-07-11 04:04:50,052:========================================================================
[36m(TaskRunner pid=2835327)[0m WARNING:2026-07-11 04:04:50,052:  C          = 1  conditions: ['full']
[36m(TaskRunner pid=2835327)[0m WARNING:2026-07-11 04:04:50,052:  loss_mode  = gkd
[36m(TaskRunner pid=2835327)[0m WARNING:2026-07-11 04:04:50,052:  batch      = [B=4, T=1024]
[36m(TaskRunner pid=2835327)[0m WARNING:2026-07-11 04:04:50,052:  top_k      = 32
[36m(TaskRunner pid=2835327)[0m WARNING:2026-07-11 04:04:50,052:  exact_lp   = torch.Size([4, 1, 1024])  (None=tail-fallback)
[36m(TaskRunner pid=2835327)[0m WARNING:2026-07-11 04:04:50,052:  Student    = raw image + canonical question  (choices allowed, no XML)
[36m(TaskRunner pid=2835327)[0m WARNING:2026-07-11 04:04:50,052:  Teacher    = raw image + same canonical question  (no format bias)
[36m(TaskRunner pid=2835327)[0m WARNING:2026-07-11 04:04:50,052:  KL         = forward
[36m(TaskRunner pid=2835327)[0m WARNING:2026-07-11 04:04:50,052:  Objective  = forward KL on the full-image teacher distribution (pure distillation, no GRPO)
[36m(TaskRunner pid=2835327)[0m WARNING:2026-07-11 04:04:50,052:  Routing    = uniform over teacher-valid response tokens
[36m(TaskRunner pid=2835327)[0m WARNING:2026-07-11 04:04:50,053:  Update     = current rollout -> immediate teacher score -> actor backward
[36m(TaskRunner pid=2835327)[0m WARNING:2026-07-11 04:04:50,053:========================================================================
[36m(TaskRunner pid=2835327)[0m ========================================================================
[36m(TaskRunner pid=2835327)[0m   Qwen3-VL Online GKD Pipeline Verification
[36m(TaskRunner pid=2835327)[0m ========================================================================
[36m(TaskRunner pid=2835327)[0m   C          = 1  conditions: ['full']
[36m(TaskRunner pid=2835327)[0m   loss_mode  = gkd
[36m(TaskRunner pid=2835327)[0m   batch      = [B=4, T=1024]
[36m(TaskRunner pid=2835327)[0m   top_k      = 32
[36m(TaskRunner pid=2835327)[0m   exact_lp   = torch.Size([4, 1, 1024])  (None=tail-fallback)
[36m(TaskRunner pid=2835327)[0m   Student    = raw image + canonical question  (choices allowed, no XML)
[36m(TaskRunner pid=2835327)[0m   Teacher    = raw image + same canonical question  (no format bias)
[36m(TaskRunner pid=2835327)[0m   KL         = forward
[36m(TaskRunner pid=2835327)[0m   Objective  = forward KL on the full-image teacher distribution (pure distillation, no GRPO)
[36m(TaskRunner pid=2835327)[0m   Routing    = uniform over teacher-valid response tokens
[36m(TaskRunner pid=2835327)[0m   Update     = current rollout -> immediate teacher score -> actor backward
[36m(TaskRunner pid=2835327)[0m ========================================================================
[36m(WorkerDict pid=2942692)[0m INFO:2026-07-11 04:04:54,338:update_weights done, time cost: 0.66s

[36m(TaskRunner pid=2835327)[0m Dumped generations to /inspire/hdd/global_user/mengweicheng-240108120092/lzy/projects/Dual-Track-OPD/runs/gkd_geometry3k/qwen3vl_geometry3k_gkd_20260711_035352/rollouts/27.jsonl
[36m(TaskRunner pid=2835327)[0m step:27 - fc_opd/hook_loss:0.0 - fc_opd/hook_num_samples:4.0 - fc_opd/hook_active_weight:2477.0 - fc_opd/is_plain_gkd:1.0 - fc_opd/teacher_valid_ratio:1.0 - fc_opd/online/loss:0.0 - fc_opd/online/num_samples:4.0 - global_seqlen/min:460 - global_seqlen/max:1166 - global_seqlen/minmax_diff:706 - global_seqlen/balanced_min:460 - global_seqlen/balanced_max:1166 - global_seqlen/mean:818.25 - actor/entropy:4.957774639129639 - perf/mfu/actor_infer:0 - actor/pg_loss:-0.2499997615814209 - actor/kl_loss:0.0 - actor/fc_opd_loss:4.255498588085175 - actor/pg_clipfrac:0.0 - actor/ppo_kl:0.0 - actor/pg_clipfrac_lower:0.0 - actor/fc_opd_denominator:174.0 - actor/grad_norm:25.509136199951172 - perf/mfu/actor:0.01055632600568809 - perf/max_memory_allocated_gb:21.351612091064453 - perf/max_memory_reserved_gb:25.85546875 - perf/cpu_memory_used_gb:165.8130340576172 - actor/lr:1e-06 - training/global_step:27 - training/epoch:0 - critic/score/mean:0.25 - critic/score/max:1.0 - critic/score/min:0.0 - critic/rewards/mean:0.25 - critic/rewards/max:1.0 - critic/rewards/min:0.0 - critic/advantages/mean:0.07024621218442917 - critic/advantages/max:0.9999990463256836 - critic/advantages/min:0.0 - critic/returns/mean:0.07024621218442917 - critic/returns/max:0.9999990463256836 - critic/returns/min:0.0 - response_length/mean:619.25 - response_length/max:1024.0 - response_length/min:174.0 - response_length/clip_ratio:0.5 - response_length_non_aborted/mean:619.25 - response_length_non_aborted/max:1024.0 - response_length_non_aborted/min:174.0 - response_length_non_aborted/clip_ratio:0.5 - response/aborted_ratio:0.0 - prompt_length/mean:199.0 - prompt_length/max:309.0 - prompt_length/min:140.0 - prompt_length/clip_ratio:0.0 - num_turns/min:2 - num_turns/max:2 - num_turns/mean:2.0 - timing_s/start_profile:2.8635375201702118e-05 - timing_s/agent_loop/num_preempted/min:-1 - timing_s/agent_loop/num_preempted/max:-1 - timing_s/agent_loop/num_preempted/mean:-1.0 - timing_s/agent_loop/generate_sequences/min:0.889364774338901 - timing_s/agent_loop/generate_sequences/max:4.911734947934747 - timing_s/agent_loop/generate_sequences/mean:2.9830563424620777 - timing_s/agent_loop/tool_calls/min:0.0 - timing_s/agent_loop/tool_calls/max:0.0 - timing_s/agent_loop/tool_calls/mean:0.0 - timing_s/agent_loop/slowest/generate_sequences:4.911734947934747 - timing_s/agent_loop/slowest/tool_calls:0.0 - timing_s/agent_loop/slowest/prompt_length:140 - timing_s/agent_loop/slowest/response_length:1024 - timing_s/agent_loop/slowest/num_preempted:-1 - timing_s/gen:5.988828896544874 - timing_s/fc_opd:1.0390616822987795 - timing_s/reward:1.5004537999629974e-05 - timing_s/old_log_prob:0.7781724911183119 - timing_s/adv:0.0003861496224999428 - timing_s/update_actor:2.1127581242471933 - timing_s/update_weights:2.9570963690057397 - timing_s/dump_rollout_generations:0.004783047363162041 - timing_s/step:12.883595605380833 - timing_s/stop_profile:4.931911826133728e-05 - timing_per_token_ms/gen:2.4177750894408048 - timing_per_token_ms/adv:0.00011798033073631005 - timing_per_token_ms/update_actor:0.6455111898097138 - perf/total_num_tokens:3273 - perf/time_per_step:12.883595605380833 - perf/throughput:63.51099685698439
[36m(TaskRunner pid=2835327)[0m Dumped generations to /inspire/hdd/global_user/mengweicheng-240108120092/lzy/projects/Dual-Track-OPD/runs/gkd_geometry3k/qwen3vl_geometry3k_gkd_20260711_035352/rollouts/28.jsonl
[36m(TaskRunner pid=2835327)[0m step:28 - fc_opd/hook_loss:0.0 - fc_opd/hook_num_samples:4.0 - fc_opd/hook_active_weight:3867.0 - fc_opd/is_plain_gkd:1.0 - fc_opd/teacher_valid_ratio:1.0 - fc_opd/online/loss:0.0 - fc_opd/online/num_samples:4.0 - global_seqlen/min:1014 - global_seqlen/max:1419 - global_seqlen/minmax_diff:405 - global_seqlen/balanced_min:1014 - global_seqlen/balanced_max:1419 - global_seqlen/mean:1184.0 - actor/entropy:6.02240514755249 - perf/mfu/actor_infer:0 - actor/pg_loss:-0.4999995231628418 - actor/kl_loss:0.0 - actor/fc_opd_loss:2.728009432554245 - actor/pg_clipfrac:0.0 - actor/ppo_kl:0.0 - actor/pg_clipfrac_lower:0.0 - actor/fc_opd_denominator:795.0 - actor/grad_norm:14.900279998779297 - perf/mfu/actor:0.01502673243999262 - perf/max_memory_allocated_gb:21.351612091064453 - perf/max_memory_reserved_gb:25.85546875 - perf/cpu_memory_used_gb:165.77571487426758 - actor/lr:1e-06 - training/global_step:28 - training/epoch:0 - critic/score/mean:0.5 - critic/score/max:1.0 - critic/score/min:0.0 - critic/rewards/mean:0.5 - critic/rewards/max:1.0 - critic/rewards/min:0.0 - critic/advantages/mean:0.5296090245246887 - critic/advantages/max:0.9999990463256836 - critic/advantages/min:0.0 - critic/returns/mean:0.5296090245246887 - critic/returns/max:0.9999990463256836 - critic/returns/min:0.0 - response_length/mean:966.75 - response_length/max:1024.0 - response_length/min:795.0 - response_length/clip_ratio:0.75 - response_length_non_aborted/mean:966.75 - response_length_non_aborted/max:1024.0 - response_length_non_aborted/min:795.0 - response_length_non_aborted/clip_ratio:0.75 - response/aborted_ratio:0.0 - prompt_length/mean:217.25 - prompt_length/max:395.0 - prompt_length/min:122.0 - prompt_length/clip_ratio:0.0 - num_turns/min:2 - num_turns/max:2 - num_turns/mean:2.0 - timing_s/start_profile:5.226396024227142e-05 - timing_s/agent_loop/num_preempted/min:-1 - timing_s/agent_loop/num_preempted/max:-1 - timing_s/agent_loop/num_preempted/mean:-1.0 - timing_s/agent_loop/generate_sequences/min:3.8472549971193075 - timing_s/agent_loop/generate_sequences/max:4.939602925442159 - timing_s/agent_loop/generate_sequences/mean:4.640536315739155 - timing_s/agent_loop/tool_calls/min:0.0 - timing_s/agent_loop/tool_calls/max:0.0 - timing_s/agent_loop/tool_calls/mean:0.0 - timing_s/agent_loop/slowest/generate_sequences:4.939602925442159 - timing_s/agent_loop/slowest/tool_calls:0.0 - timing_s/agent_loop/slowest/prompt_length:395 - timing_s/agent_loop/slowest/response_length:1024 - timing_s/agent_loop/slowest/num_preempted:-1 - timing_s/gen:6.073513662442565 - timing_s/fc_opd:1.3030096963047981 - timing_s/reward:1.0387040674686432e-05 - timing_s/old_log_prob:0.5882076881825924 - timing_s/adv:0.0003963243216276169 - timing_s/update_actor:2.137084037065506 - timing_s/update_weights:2.4553535152226686 - timing_s/dump_rollout_generations:0.005252791568636894 - timing_s/step:12.566120992414653 - timing_s/stop_profile:4.250090569257736e-05 - timing_per_token_ms/gen:1.570600895382096 - timing_per_token_ms/adv:8.36833449382637e-05 - timing_per_token_ms/update_actor:0.45124240647498015 - perf/total_num_tokens:4736 - perf/time_per_step:12.566120992414653 - perf/throughput:94.22159795490617
[36m(TaskRunner pid=2835327)[0m Dumped generations to /inspire/hdd/global_user/mengweicheng-240108120092/lzy/projects/Dual-Track-OPD/runs/gkd_geometry3k/qwen3vl_geometry3k_gkd_20260711_035352/rollouts/29.jsonl
[36m(TaskRunner pid=2835327)[0m step:29 - fc_opd/hook_loss:0.0 - fc_opd/hook_num_samples:4.0 - fc_opd/hook_active_weight:3617.0 - fc_opd/is_plain_gkd:1.0 - fc_opd/teacher_valid_ratio:1.0 - fc_opd/online/loss:0.0 - fc_opd/online/num_samples:4.0 - global_seqlen/min:720 - global_seqlen/max:1292 - global_seqlen/minmax_diff:572 - global_seqlen/balanced_min:720 - global_seqlen/balanced_max:1292 - global_seqlen/mean:1100.5 - actor/entropy:7.037675857543945 - perf/mfu/actor_infer:0 - actor/pg_loss:-0.2499997764825821 - actor/kl_loss:0.0 - actor/fc_opd_loss:1.9917568564414978 - actor/pg_clipfrac:0.0 - actor/ppo_kl:0.0 - actor/pg_clipfrac_lower:0.0 - actor/fc_opd_denominator:545.0 - actor/grad_norm:13.574356079101562 - perf/mfu/actor:0.013932006200173278 - perf/max_memory_allocated_gb:21.351612091064453 - perf/max_memory_reserved_gb:25.85546875 - perf/cpu_memory_used_gb:165.9961166381836 - actor/lr:1e-06 - training/global_step:29 - training/epoch:0 - critic/score/mean:0.25 - critic/score/max:1.0 - critic/score/min:0.0 - critic/rewards/mean:0.25 - critic/rewards/max:1.0 - critic/rewards/min:0.0 - critic/advantages/mean:0.15067721903324127 - critic/advantages/max:0.9999990463256836 - critic/advantages/min:0.0 - critic/returns/mean:0.15067721903324127 - critic/returns/max:0.9999990463256836 - critic/returns/min:0.0 - response_length/mean:904.25 - response_length/max:1024.0 - response_length/min:545.0 - response_length/clip_ratio:0.75 - response_length_non_aborted/mean:904.25 - response_length_non_aborted/max:1024.0 - response_length_non_aborted/min:545.0 - response_length_non_aborted/clip_ratio:0.75 - response/aborted_ratio:0.0 - prompt_length/mean:196.25 - prompt_length/max:268.0 - prompt_length/min:138.0 - prompt_length/clip_ratio:0.0 - num_turns/min:2 - num_turns/max:2 - num_turns/mean:2.0 - timing_s/start_profile:2.9792077839374542e-05 - timing_s/agent_loop/num_preempted/min:-1 - timing_s/agent_loop/num_preempted/max:-1 - timing_s/agent_loop/num_preempted/mean:-1.0 - timing_s/agent_loop/generate_sequences/min:2.612919337116182 - timing_s/agent_loop/generate_sequences/max:4.912085121497512 - timing_s/agent_loop/generate_sequences/mean:4.3210371495224535 - timing_s/agent_loop/tool_calls/min:0.0 - timing_s/agent_loop/tool_calls/max:0.0 - timing_s/agent_loop/tool_calls/mean:0.0 - timing_s/agent_loop/slowest/generate_sequences:4.912085121497512 - timing_s/agent_loop/slowest/tool_calls:0.0 - timing_s/agent_loop/slowest/prompt_length:204 - timing_s/agent_loop/slowest/response_length:1024 - timing_s/agent_loop/slowest/num_preempted:-1 - timing_s/gen:5.885900055989623 - timing_s/fc_opd:1.5405745962634683 - timing_s/reward:1.172628253698349e-05 - timing_s/old_log_prob:0.5803355481475592 - timing_s/adv:0.00034612230956554413 - timing_s/update_actor:2.114545125514269 - timing_s/update_weights:2.3076268220320344 - timing_s/dump_rollout_generations:0.006105189211666584 - timing_s/step:12.438824604265392 - timing_s/stop_profile:4.211626946926117e-05 - timing_per_token_ms/gen:1.6272878230549137 - timing_per_token_ms/adv:7.862842107349934e-05 - timing_per_token_ms/update_actor:0.4803600921204609 - perf/total_num_tokens:4402 - perf/time_per_step:12.438824604265392 - perf/throughput:88.47298961210757[36m(TaskRunner pid=2835327)[0m Training Progress:  58%|█████▊    | 29/50 [06:43<04:27, 12.74s/it]
[36m(TaskRunner pid=2835327)[0m WARNING:2026-07-11 04:05:02,424:========================================================================
[36m(TaskRunner pid=2835327)[0m WARNING:2026-07-11 04:05:02,424:  Qwen3-VL Online GKD Pipeline Verification
[36m(TaskRunner pid=2835327)[0m WARNING:2026-07-11 04:05:02,424:========================================================================
[36m(TaskRunner pid=2835327)[0m WARNING:2026-07-11 04:05:02,424:  C          = 1  conditions: ['full']
[36m(TaskRunner pid=2835327)[0m WARNING:2026-07-11 04:05:02,424:  loss_mode  = gkd
[36m(TaskRunner pid=2835327)[0m WARNING:2026-07-11 04:05:02,424:  batch      = [B=4, T=1024]
[36m(TaskRunner pid=2835327)[0m WARNING:2026-07-11 04:05:02,424:  top_k      = 32
[36m(TaskRunner pid=2835327)[0m WARNING:2026-07-11 04:05:02,424:  exact_lp   = torch.Size([4, 1, 1024])  (None=tail-fallback)
[36m(TaskRunner pid=2835327)[0m WARNING:2026-07-11 04:05:02,424:  Student    = raw image + canonical question  (choices allowed, no XML)
[36m(TaskRunner pid=2835327)[0m WARNING:2026-07-11 04:05:02,424:  Teacher    = raw image + same canonical question  (no format bias)
[36m(TaskRunner pid=2835327)[0m WARNING:2026-07-11 04:05:02,424:  KL         = forward
[36m(TaskRunner pid=2835327)[0m WARNING:2026-07-11 04:05:02,424:  Objective  = forward KL on the full-image teacher distribution (pure distillation, no GRPO)
[36m(TaskRunner pid=2835327)[0m WARNING:2026-07-11 04:05:02,424:  Routing    = uniform over teacher-valid response tokens
[36m(TaskRunner pid=2835327)[0m WARNING:2026-07-11 04:05:02,424:  Update     = current rollout -> immediate teacher score -> actor backward
[36m(TaskRunner pid=2835327)[0m WARNING:2026-07-11 04:05:02,424:========================================================================
[36m(TaskRunner pid=2835327)[0m ========================================================================
[36m(TaskRunner pid=2835327)[0m   Qwen3-VL Online GKD Pipeline Verification
[36m(TaskRunner pid=2835327)[0m ========================================================================
[36m(TaskRunner pid=2835327)[0m   C          = 1  conditions: ['full']
[36m(TaskRunner pid=2835327)[0m   loss_mode  = gkd
[36m(TaskRunner pid=2835327)[0m   batch      = [B=4, T=1024]
[36m(TaskRunner pid=2835327)[0m   top_k      = 32
[36m(TaskRunner pid=2835327)[0m   exact_lp   = torch.Size([4, 1, 1024])  (None=tail-fallback)
[36m(TaskRunner pid=2835327)[0m   Student    = raw image + canonical question  (choices allowed, no XML)
[36m(TaskRunner pid=2835327)[0m   Teacher    = raw image + same canonical question  (no format bias)
[36m(TaskRunner pid=2835327)[0m   KL         = forward
[36m(TaskRunner pid=2835327)[0m   Objective  = forward KL on the full-image teacher distribution (pure distillation, no GRPO)
[36m(TaskRunner pid=2835327)[0m   Routing    = uniform over teacher-valid response tokens
[36m(TaskRunner pid=2835327)[0m   Update     = current rollout -> immediate teacher score -> actor backward
[36m(TaskRunner pid=2835327)[0m ========================================================================
[36m(WorkerDict pid=2942692)[0m INFO:2026-07-11 04:05:08,164:[Rank 0] Saved model to /inspire/hdd/global_user/mengweicheng-240108120092/lzy/projects/Dual-Track-OPD/checkpoints/gkd_geometry3k/qwen3vl_geometry3k_gkd_20260711_035352/global_step_30/actor/model_world_size_4_rank_0.pt
[36m(WorkerDict pid=2942726)[0m INFO:2026-07-11 04:05:14,029:[Rank 3] Saved optim to /inspire/hdd/global_user/mengweicheng-240108120092/lzy/projects/Dual-Track-OPD/checkpoints/gkd_geometry3k/qwen3vl_geometry3k_gkd_20260711_035352/global_step_30/actor/optim_world_size_4_rank_3.pt
[36m(WorkerDict pid=2942726)[0m INFO:2026-07-11 04:05:14,031:[Rank 3] Saved extra_state to /inspire/hdd/global_user/mengweicheng-240108120092/lzy/projects/Dual-Track-OPD/checkpoints/gkd_geometry3k/qwen3vl_geometry3k_gkd_20260711_035352/global_step_30/actor/extra_state_world_size_4_rank_3.pt
[36m(WorkerDict pid=2942707)[0m INFO:2026-07-11 04:05:08,187:[Rank 1] Saved model to /inspire/hdd/global_user/mengweicheng-240108120092/lzy/projects/Dual-Track-OPD/checkpoints/gkd_geometry3k/qwen3vl_geometry3k_gkd_20260711_035352/global_step_30/actor/model_world_size_4_rank_1.pt[32m [repeated 3x across cluster][0m
[36m(WorkerDict pid=2942692)[0m INFO:2026-07-11 04:05:14,620:[Rank 0] Saved model config and tokenizer class to /inspire/hdd/global_user/mengweicheng-240108120092/lzy/projects/Dual-Track-OPD/checkpoints/gkd_geometry3k/qwen3vl_geometry3k_gkd_20260711_035352/global_step_30/actor/huggingface
[36m(WorkerDict pid=2942692)[0m INFO:2026-07-11 04:05:16,441:update_weights done, time cost: 0.65s
[36m(TaskRunner pid=2835327)[0m Training Progress:  60%|██████    | 30/50 [07:17<06:20, 19.01s/it]
[36m(WorkerDict pid=2942716)[0m INFO:2026-07-11 04:05:14,215:[Rank 2] Saved optim to /inspire/hdd/global_user/mengweicheng-240108120092/lzy/projects/Dual-Track-OPD/checkpoints/gkd_geometry3k/qwen3vl_geometry3k_gkd_20260711_035352/global_step_30/actor/optim_world_size_4_rank_2.pt[32m [repeated 3x across cluster][0m
[36m(WorkerDict pid=2942716)[0m INFO:2026-07-11 04:05:14,218:[Rank 2] Saved extra_state to /inspire/hdd/global_user/mengweicheng-240108120092/lzy/projects/Dual-Track-OPD/checkpoints/gkd_geometry3k/qwen3vl_geometry3k_gkd_20260711_035352/global_step_30/actor/extra_state_world_size_4_rank_2.pt[32m [repeated 3x across cluster][0m
[36m(TaskRunner pid=2835327)[0m WARNING:2026-07-11 04:05:35,940:========================================================================
[36m(TaskRunner pid=2835327)[0m WARNING:2026-07-11 04:05:35,941:  Qwen3-VL Online GKD Pipeline Verification
[36m(TaskRunner pid=2835327)[0m WARNING:2026-07-11 04:05:35,941:========================================================================
[36m(TaskRunner pid=2835327)[0m WARNING:2026-07-11 04:05:35,941:  C          = 1  conditions: ['full']
[36m(TaskRunner pid=2835327)[0m WARNING:2026-07-11 04:05:35,941:  loss_mode  = gkd
[36m(TaskRunner pid=2835327)[0m WARNING:2026-07-11 04:05:35,941:  batch      = [B=4, T=1024]
[36m(TaskRunner pid=2835327)[0m WARNING:2026-07-11 04:05:35,941:  top_k      = 32
[36m(TaskRunner pid=2835327)[0m WARNING:2026-07-11 04:05:35,941:  exact_lp   = torch.Size([4, 1, 1024])  (None=tail-fallback)
[36m(TaskRunner pid=2835327)[0m WARNING:2026-07-11 04:05:35,941:  Student    = raw image + canonical question  (choices allowed, no XML)
[36m(TaskRunner pid=2835327)[0m WARNING:2026-07-11 04:05:35,941:  Teacher    = raw image + same canonical question  (no format bias)
[36m(TaskRunner pid=2835327)[0m WARNING:2026-07-11 04:05:35,941:  KL         = forward
[36m(TaskRunner pid=2835327)[0m WARNING:2026-07-11 04:05:35,941:  Objective  = forward KL on the full-image teacher distribution (pure distillation, no GRPO)
[36m(TaskRunner pid=2835327)[0m WARNING:2026-07-11 04:05:35,941:  Routing    = uniform over teacher-valid response tokens
[36m(TaskRunner pid=2835327)[0m WARNING:2026-07-11 04:05:35,941:  Update     = current rollout -> immediate teacher score -> actor backward
[36m(TaskRunner pid=2835327)[0m WARNING:2026-07-11 04:05:35,941:========================================================================
[36m(TaskRunner pid=2835327)[0m ========================================================================
[36m(TaskRunner pid=2835327)[0m   Qwen3-VL Online GKD Pipeline Verification
[36m(TaskRunner pid=2835327)[0m ========================================================================
[36m(TaskRunner pid=2835327)[0m   C          = 1  conditions: ['full']
[36m(TaskRunner pid=2835327)[0m   loss_mode  = gkd
[36m(TaskRunner pid=2835327)[0m   batch      = [B=4, T=1024]
[36m(TaskRunner pid=2835327)[0m   top_k      = 32
[36m(TaskRunner pid=2835327)[0m   exact_lp   = torch.Size([4, 1, 1024])  (None=tail-fallback)
[36m(TaskRunner pid=2835327)[0m   Student    = raw image + canonical question  (choices allowed, no XML)
[36m(TaskRunner pid=2835327)[0m   Teacher    = raw image + same canonical question  (no format bias)
[36m(TaskRunner pid=2835327)[0m   KL         = forward
[36m(TaskRunner pid=2835327)[0m   Objective  = forward KL on the full-image teacher distribution (pure distillation, no GRPO)
[36m(TaskRunner pid=2835327)[0m   Routing    = uniform over teacher-valid response tokens
[36m(TaskRunner pid=2835327)[0m   Update     = current rollout -> immediate teacher score -> actor backward
[36m(TaskRunner pid=2835327)[0m ========================================================================
[36m(WorkerDict pid=2942692)[0m INFO:2026-07-11 04:05:40,402:update_weights done, time cost: 0.63s
[36m(TaskRunner pid=2835327)[0m Training Progress:  62%|██████▏   | 31/50 [07:29<05:22, 16.98s/it]
[36m(TaskRunner pid=2835327)[0m WARNING:2026-07-11 04:05:48,044:========================================================================
[36m(TaskRunner pid=2835327)[0m WARNING:2026-07-11 04:05:48,044:  Qwen3-VL Online GKD Pipeline Verification
[36m(TaskRunner pid=2835327)[0m WARNING:2026-07-11 04:05:48,044:========================================================================
[36m(TaskRunner pid=2835327)[0m WARNING:2026-07-11 04:05:48,044:  C          = 1  conditions: ['full']
[36m(TaskRunner pid=2835327)[0m WARNING:2026-07-11 04:05:48,044:  loss_mode  = gkd
[36m(TaskRunner pid=2835327)[0m WARNING:2026-07-11 04:05:48,044:  batch      = [B=4, T=1024]
[36m(TaskRunner pid=2835327)[0m WARNING:2026-07-11 04:05:48,044:  top_k      = 32
[36m(TaskRunner pid=2835327)[0m WARNING:2026-07-11 04:05:48,044:  exact_lp   = torch.Size([4, 1, 1024])  (None=tail-fallback)
[36m(TaskRunner pid=2835327)[0m WARNING:2026-07-11 04:05:48,044:  Student    = raw image + canonical question  (choices allowed, no XML)
[36m(TaskRunner pid=2835327)[0m WARNING:2026-07-11 04:05:48,044:  Teacher    = raw image + same canonical question  (no format bias)
[36m(TaskRunner pid=2835327)[0m WARNING:2026-07-11 04:05:48,044:  KL         = forward
[36m(TaskRunner pid=2835327)[0m WARNING:2026-07-11 04:05:48,044:  Objective  = forward KL on the full-image teacher distribution (pure distillation, no GRPO)
[36m(TaskRunner pid=2835327)[0m WARNING:2026-07-11 04:05:48,044:  Routing    = uniform over teacher-valid response tokens
[36m(TaskRunner pid=2835327)[0m WARNING:2026-07-11 04:05:48,044:  Update     = current rollout -> immediate teacher score -> actor backward
[36m(TaskRunner pid=2835327)[0m WARNING:2026-07-11 04:05:48,044:========================================================================
[36m(TaskRunner pid=2835327)[0m ========================================================================
[36m(TaskRunner pid=2835327)[0m   Qwen3-VL Online GKD Pipeline Verification
[36m(TaskRunner pid=2835327)[0m ========================================================================
[36m(TaskRunner pid=2835327)[0m   C          = 1  conditions: ['full']
[36m(TaskRunner pid=2835327)[0m   loss_mode  = gkd
[36m(TaskRunner pid=2835327)[0m   batch      = [B=4, T=1024]
[36m(TaskRunner pid=2835327)[0m   top_k      = 32
[36m(TaskRunner pid=2835327)[0m   exact_lp   = torch.Size([4, 1, 1024])  (None=tail-fallback)
[36m(TaskRunner pid=2835327)[0m   Student    = raw image + canonical question  (choices allowed, no XML)
[36m(TaskRunner pid=2835327)[0m   Teacher    = raw image + same canonical question  (no format bias)
[36m(TaskRunner pid=2835327)[0m   KL         = forward
[36m(TaskRunner pid=2835327)[0m   Objective  = forward KL on the full-image teacher distribution (pure distillation, no GRPO)
[36m(TaskRunner pid=2835327)[0m   Routing    = uniform over teacher-valid response tokens
[36m(TaskRunner pid=2835327)[0m   Update     = current rollout -> immediate teacher score -> actor backward
[36m(TaskRunner pid=2835327)[0m ========================================================================
[36m(WorkerDict pid=2942692)[0m INFO:2026-07-11 04:05:52,207:update_weights done, time cost: 0.57s

[36m(TaskRunner pid=2835327)[0m local_global_step_folder: /inspire/hdd/global_user/mengweicheng-240108120092/lzy/projects/Dual-Track-OPD/checkpoints/gkd_geometry3k/qwen3vl_geometry3k_gkd_20260711_035352/global_step_30
[36m(TaskRunner pid=2835327)[0m Dumped generations to /inspire/hdd/global_user/mengweicheng-240108120092/lzy/projects/Dual-Track-OPD/runs/gkd_geometry3k/qwen3vl_geometry3k_gkd_20260711_035352/rollouts/30.jsonl
[36m(TaskRunner pid=2835327)[0m test_gen_batch meta info: {'eos_token_id': 151645, 'pad_token_id': 151643, 'recompute_log_prob': False, 'do_sample': False, 'validate': True, 'global_steps': 30}
[36m(TaskRunner pid=2835327)[0m validation generation end
[36m(TaskRunner pid=2835327)[0m Dumped generations to /inspire/hdd/global_user/mengweicheng-240108120092/lzy/projects/Dual-Track-OPD/runs/gkd_geometry3k/qwen3vl_geometry3k_gkd_20260711_035352/validation/30.jsonl
[36m(TaskRunner pid=2835327)[0m step:30 - fc_opd/hook_loss:0.0 - fc_opd/hook_num_samples:4.0 - fc_opd/hook_active_weight:3192.0 - fc_opd/is_plain_gkd:1.0 - fc_opd/teacher_valid_ratio:1.0 - fc_opd/online/loss:0.0 - fc_opd/online/num_samples:4.0 - global_seqlen/min:283 - global_seqlen/max:1417 - global_seqlen/minmax_diff:1134 - global_seqlen/balanced_min:283 - global_seqlen/balanced_max:1417 - global_seqlen/mean:1091.0 - actor/entropy:7.358659267425537 - perf/mfu/actor_infer:0 - actor/pg_loss:0.0 - actor/kl_loss:0.0 - actor/fc_opd_loss:1.3383261114358902 - actor/pg_clipfrac:0.0 - actor/ppo_kl:0.0 - actor/pg_clipfrac_lower:0.0 - actor/fc_opd_denominator:120.0 - actor/grad_norm:13.845528602600098 - perf/mfu/actor:0.01406455681941165 - perf/max_memory_allocated_gb:21.351612091064453 - perf/max_memory_reserved_gb:25.85546875 - perf/cpu_memory_used_gb:166.0604705810547 - actor/lr:1e-06 - val-core/geometry3k/reward/mean@1:0.145 - val-aux/geometry3k/score/mean@1:0.145 - val-aux/num_turns/min:2 - val-aux/num_turns/max:2 - val-aux/num_turns/mean:2.0 - training/global_step:30 - training/epoch:0 - critic/score/mean:0.0 - critic/score/max:0.0 - critic/score/min:0.0 - critic/rewards/mean:0.0 - critic/rewards/max:0.0 - critic/rewards/min:0.0 - critic/advantages/mean:0.0 - critic/advantages/max:0.0 - critic/advantages/min:0.0 - critic/returns/mean:0.0 - critic/returns/max:0.0 - critic/returns/min:0.0 - response_length/mean:798.0 - response_length/max:1024.0 - response_length/min:120.0 - response_length/clip_ratio:0.75 - response_length_non_aborted/mean:798.0 - response_length_non_aborted/max:1024.0 - response_length_non_aborted/min:120.0 - response_length_non_aborted/clip_ratio:0.75 - response/aborted_ratio:0.0 - prompt_length/mean:293.0 - prompt_length/max:393.0 - prompt_length/min:163.0 - prompt_length/clip_ratio:0.0 - num_turns/min:2 - num_turns/max:2 - num_turns/mean:2.0 - timing_s/start_profile:2.8450042009353638e-05 - timing_s/agent_loop/num_preempted/min:-1 - timing_s/agent_loop/num_preempted/max:-1 - timing_s/agent_loop/num_preempted/mean:-1.0 - timing_s/agent_loop/generate_sequences/min:0.6008753245696425 - timing_s/agent_loop/generate_sequences/max:4.937578500248492 - timing_s/agent_loop/generate_sequences/mean:3.8404906548094004 - timing_s/agent_loop/tool_calls/min:0.0 - timing_s/agent_loop/tool_calls/max:0.0 - timing_s/agent_loop/tool_calls/mean:0.0 - timing_s/agent_loop/slowest/generate_sequences:4.937578500248492 - timing_s/agent_loop/slowest/tool_calls:0.0 - timing_s/agent_loop/slowest/prompt_length:300 - timing_s/agent_loop/slowest/response_length:1024 - timing_s/agent_loop/slowest/num_preempted:-1 - timing_s/gen:6.103950471617281 - timing_s/fc_opd:1.2529879761859775 - timing_s/reward:1.1302530765533447e-05 - timing_s/old_log_prob:0.6277181040495634 - timing_s/adv:0.00035912729799747467 - timing_s/update_actor:2.1839502276852727 - timing_s/save_checkpoint:9.388128822669387 - timing_s/update_weights:2.420243971981108 - timing_s/dump_rollout_generations:0.005028603598475456 - timing_s/step:21.984734199009836 - timing_s/testing:11.633772771805525 - timing_s/stop_profile:8.739344775676727e-05 - timing_per_token_ms/gen:1.9122651853437598 - timing_per_token_ms/adv:8.229314802875221e-05 - timing_per_token_ms/update_actor:0.5004468899370469 - perf/total_num_tokens:4364 - perf/time_per_step:21.984734199009836 - perf/throughput:49.62534411942707
[36m(TaskRunner pid=2835327)[0m Dumped generations to /inspire/hdd/global_user/mengweicheng-240108120092/lzy/projects/Dual-Track-OPD/runs/gkd_geometry3k/qwen3vl_geometry3k_gkd_20260711_035352/rollouts/31.jsonl
[36m(TaskRunner pid=2835327)[0m step:31 - fc_opd/hook_loss:0.0 - fc_opd/hook_num_samples:4.0 - fc_opd/hook_active_weight:2496.0 - fc_opd/is_plain_gkd:1.0 - fc_opd/teacher_valid_ratio:1.0 - fc_opd/online/loss:0.0 - fc_opd/online/num_samples:4.0 - global_seqlen/min:287 - global_seqlen/max:1310 - global_seqlen/minmax_diff:1023 - global_seqlen/balanced_min:287 - global_seqlen/balanced_max:1310 - global_seqlen/mean:862.5 - actor/entropy:4.9201765060424805 - perf/mfu/actor_infer:0 - actor/pg_loss:-0.2499997615814209 - actor/kl_loss:0.0 - actor/fc_opd_loss:3.55744232237339 - actor/pg_clipfrac:0.0 - actor/ppo_kl:0.0 - actor/pg_clipfrac_lower:0.0 - actor/fc_opd_denominator:115.0 - actor/grad_norm:40.73371505737305 - perf/mfu/actor:0.011210201102017564 - perf/max_memory_allocated_gb:21.351612091064453 - perf/max_memory_reserved_gb:25.85546875 - perf/cpu_memory_used_gb:166.80203437805176 - actor/lr:1e-06 - training/global_step:31 - training/epoch:0 - critic/score/mean:0.25 - critic/score/max:1.0 - critic/score/min:0.0 - critic/rewards/mean:0.25 - critic/rewards/max:1.0 - critic/rewards/min:0.0 - critic/advantages/mean:0.04607367143034935 - critic/advantages/max:0.9999990463256836 - critic/advantages/min:0.0 - critic/returns/mean:0.04607367143034935 - critic/returns/max:0.9999990463256836 - critic/returns/min:0.0 - response_length/mean:624.0 - response_length/max:1024.0 - response_length/min:115.0 - response_length/clip_ratio:0.5 - response_length_non_aborted/mean:624.0 - response_length_non_aborted/max:1024.0 - response_length_non_aborted/min:115.0 - response_length_non_aborted/clip_ratio:0.5 - response/aborted_ratio:0.0 - prompt_length/mean:238.5 - prompt_length/max:319.0 - prompt_length/min:172.0 - prompt_length/clip_ratio:0.0 - num_turns/min:2 - num_turns/max:2 - num_turns/mean:2.0 - timing_s/start_profile:2.9410235583782196e-05 - timing_s/agent_loop/num_preempted/min:-1 - timing_s/agent_loop/num_preempted/max:-1 - timing_s/agent_loop/num_preempted/mean:-1.0 - timing_s/agent_loop/generate_sequences/min:0.5962743274867535 - timing_s/agent_loop/generate_sequences/max:4.932277058251202 - timing_s/agent_loop/generate_sequences/mean:3.005839701509103 - timing_s/agent_loop/tool_calls/min:0.0 - timing_s/agent_loop/tool_calls/max:0.0 - timing_s/agent_loop/tool_calls/mean:0.0 - timing_s/agent_loop/slowest/generate_sequences:4.932277058251202 - timing_s/agent_loop/slowest/tool_calls:0.0 - timing_s/agent_loop/slowest/prompt_length:286 - timing_s/agent_loop/slowest/response_length:1024 - timing_s/agent_loop/slowest/num_preempted:-1 - timing_s/gen:6.142300339415669 - timing_s/fc_opd:1.1102051446214318 - timing_s/reward:2.2673048079013824e-05 - timing_s/old_log_prob:0.5996939409524202 - timing_s/adv:0.0004134569317102432 - timing_s/update_actor:2.13332246709615 - timing_s/update_weights:2.2682242086157203 - timing_s/dump_rollout_generations:0.006042257882654667 - timing_s/step:12.263298855163157 - timing_s/stop_profile:4.8160552978515625e-05 - timing_per_token_ms/gen:2.4608575077787136 - timing_per_token_ms/adv:0.00011984258890151978 - timing_per_token_ms/update_actor:0.6183543382887391 - perf/total_num_tokens:3450 - perf/time_per_step:12.263298855163157 - perf/throughput:70.33180958783092
[36m(TaskRunner pid=2835327)[0m Dumped generations to /inspire/hdd/global_user/mengweicheng-240108120092/lzy/projects/Dual-Track-OPD/runs/gkd_geometry3k/qwen3vl_geometry3k_gkd_20260711_035352/rollouts/32.jsonl
[36m(TaskRunner pid=2835327)[0m step:32 - fc_opd/hook_loss:0.0 - fc_opd/hook_num_samples:4.0 - fc_opd/hook_active_weight:2689.0 - fc_opd/is_plain_gkd:1.0 - fc_opd/teacher_valid_ratio:1.0 - fc_opd/online/loss:0.0 - fc_opd/online/num_samples:4.0 - global_seqlen/min:374 - global_seqlen/max:1307 - global_seqlen/minmax_diff:933 - global_seqlen/balanced_min:374 - global_seqlen/balanced_max:1307 - global_seqlen/mean:912.0 - actor/entropy:7.985762119293213 - perf/mfu/actor_infer:0 - actor/pg_loss:-0.2499997466802597 - actor/kl_loss:0.0 - actor/fc_opd_loss:1.4958615452051163 - actor/pg_clipfrac:0.0 - actor/ppo_kl:0.0 - actor/pg_clipfrac_lower:0.0 - actor/fc_opd_denominator:217.0 - actor/grad_norm:7.735249996185303 - perf/mfu/actor:0.012030182924646344 - perf/max_memory_allocated_gb:21.351612091064453 - perf/max_memory_reserved_gb:25.85546875 - perf/cpu_memory_used_gb:166.76115226745605 - actor/lr:1e-06 - training/global_step:32 - training/epoch:0 - critic/score/mean:0.25 - critic/score/max:1.0 - critic/score/min:0.0 - critic/rewards/mean:0.25 - critic/rewards/max:1.0 - critic/rewards/min:0.0 - critic/advantages/mean:0.08069905638694763 - critic/advantages/max:0.9999990463256836 - critic/advantages/min:0.0 - critic/returns/mean:0.08069905638694763 - critic/returns/max:0.9999990463256836 - critic/returns/min:0.0 - response_length/mean:672.25 - response_length/max:1024.0 - response_length/min:217.0 - response_length/clip_ratio:0.5 - response_length_non_aborted/mean:672.25 - response_length_non_aborted/max:1024.0 - response_length_non_aborted/min:217.0 - response_length_non_aborted/clip_ratio:0.5 - response/aborted_ratio:0.0 - prompt_length/mean:239.75 - prompt_length/max:381.0 - prompt_length/min:138.0 - prompt_length/clip_ratio:0.0 - num_turns/min:2 - num_turns/max:2 - num_turns/mean:2.0 - timing_s/start_profile:2.7681700885295868e-05 - timing_s/agent_loop/num_preempted/min:-1 - timing_s/agent_loop/num_preempted/max:-1 - timing_s/agent_loop/num_preempted/mean:-1.0 - timing_s/agent_loop/generate_sequences/min:1.0706059681251645 - timing_s/agent_loop/generate_sequences/max:4.924120693467557 - timing_s/agent_loop/generate_sequences/mean:3.232629123609513 - timing_s/agent_loop/tool_calls/min:0.0 - timing_s/agent_loop/tool_calls/max:0.0 - timing_s/agent_loop/tool_calls/mean:0.0 - timing_s/agent_loop/slowest/generate_sequences:4.924120693467557 - timing_s/agent_loop/slowest/tool_calls:0.0 - timing_s/agent_loop/slowest/prompt_length:283 - timing_s/agent_loop/slowest/response_length:1024 - timing_s/agent_loop/slowest/num_preempted:-1 - timing_s/gen:5.953269240446389 - timing_s/fc_opd:1.1370073650032282 - timing_s/reward:1.078285276889801e-05 - timing_s/old_log_prob:0.5720459939911962 - timing_s/adv:0.0003619622439146042 - timing_s/update_actor:2.082134196534753 - timing_s/update_weights:2.037552678026259 - timing_s/dump_rollout_generations:0.005342086777091026 - timing_s/step:11.790517990477383 - timing_s/stop_profile:4.136655479669571e-05 - timing_per_token_ms/gen:2.2139342656922234 - timing_per_token_ms/adv:9.922210633624018e-05 - timing_per_token_ms/update_actor:0.5707604705413248 - perf/total_num_tokens:3648 - perf/time_per_step:11.790517990477383 - perf/throughput:77.3502912032005[36m(TaskRunner pid=2835327)[0m Training Progress:  64%|██████▍   | 32/50 [07:41<04:37, 15.43s/it]
[36m(TaskRunner pid=2835327)[0m WARNING:2026-07-11 04:06:00,022:========================================================================
[36m(TaskRunner pid=2835327)[0m WARNING:2026-07-11 04:06:00,022:  Qwen3-VL Online GKD Pipeline Verification
[36m(TaskRunner pid=2835327)[0m WARNING:2026-07-11 04:06:00,022:========================================================================
[36m(TaskRunner pid=2835327)[0m WARNING:2026-07-11 04:06:00,022:  C          = 1  conditions: ['full']
[36m(TaskRunner pid=2835327)[0m WARNING:2026-07-11 04:06:00,022:  loss_mode  = gkd
[36m(TaskRunner pid=2835327)[0m WARNING:2026-07-11 04:06:00,023:  batch      = [B=4, T=1024]
[36m(TaskRunner pid=2835327)[0m WARNING:2026-07-11 04:06:00,023:  top_k      = 32
[36m(TaskRunner pid=2835327)[0m WARNING:2026-07-11 04:06:00,023:  exact_lp   = torch.Size([4, 1, 1024])  (None=tail-fallback)
[36m(TaskRunner pid=2835327)[0m WARNING:2026-07-11 04:06:00,023:  Student    = raw image + canonical question  (choices allowed, no XML)
[36m(TaskRunner pid=2835327)[0m WARNING:2026-07-11 04:06:00,023:  Teacher    = raw image + same canonical question  (no format bias)
[36m(TaskRunner pid=2835327)[0m WARNING:2026-07-11 04:06:00,023:  KL         = forward
[36m(TaskRunner pid=2835327)[0m WARNING:2026-07-11 04:06:00,023:  Objective  = forward KL on the full-image teacher distribution (pure distillation, no GRPO)
[36m(TaskRunner pid=2835327)[0m WARNING:2026-07-11 04:06:00,023:  Routing    = uniform over teacher-valid response tokens
[36m(TaskRunner pid=2835327)[0m WARNING:2026-07-11 04:06:00,023:  Update     = current rollout -> immediate teacher score -> actor backward
[36m(TaskRunner pid=2835327)[0m WARNING:2026-07-11 04:06:00,023:========================================================================
[36m(TaskRunner pid=2835327)[0m ========================================================================
[36m(TaskRunner pid=2835327)[0m   Qwen3-VL Online GKD Pipeline Verification
[36m(TaskRunner pid=2835327)[0m ========================================================================
[36m(TaskRunner pid=2835327)[0m   C          = 1  conditions: ['full']
[36m(TaskRunner pid=2835327)[0m   loss_mode  = gkd
[36m(TaskRunner pid=2835327)[0m   batch      = [B=4, T=1024]
[36m(TaskRunner pid=2835327)[0m   top_k      = 32
[36m(TaskRunner pid=2835327)[0m   exact_lp   = torch.Size([4, 1, 1024])  (None=tail-fallback)
[36m(TaskRunner pid=2835327)[0m   Student    = raw image + canonical question  (choices allowed, no XML)
[36m(TaskRunner pid=2835327)[0m   Teacher    = raw image + same canonical question  (no format bias)
[36m(TaskRunner pid=2835327)[0m   KL         = forward
[36m(TaskRunner pid=2835327)[0m   Objective  = forward KL on the full-image teacher distribution (pure distillation, no GRPO)
[36m(TaskRunner pid=2835327)[0m   Routing    = uniform over teacher-valid response tokens
[36m(TaskRunner pid=2835327)[0m   Update     = current rollout -> immediate teacher score -> actor backward
[36m(TaskRunner pid=2835327)[0m ========================================================================
[36m(WorkerDict pid=2942692)[0m INFO:2026-07-11 04:06:04,774:update_weights done, time cost: 0.64s
[36m(TaskRunner pid=2835327)[0m Training Progress:  66%|██████▌   | 33/50 [07:54<04:07, 14.57s/it]
[36m(TaskRunner pid=2835327)[0m WARNING:2026-07-11 04:06:12,670:========================================================================
[36m(TaskRunner pid=2835327)[0m WARNING:2026-07-11 04:06:12,670:  Qwen3-VL Online GKD Pipeline Verification
[36m(TaskRunner pid=2835327)[0m WARNING:2026-07-11 04:06:12,670:========================================================================
[36m(TaskRunner pid=2835327)[0m WARNING:2026-07-11 04:06:12,670:  C          = 1  conditions: ['full']
[36m(TaskRunner pid=2835327)[0m WARNING:2026-07-11 04:06:12,670:  loss_mode  = gkd
[36m(TaskRunner pid=2835327)[0m WARNING:2026-07-11 04:06:12,670:  batch      = [B=4, T=1024]
[36m(TaskRunner pid=2835327)[0m WARNING:2026-07-11 04:06:12,670:  top_k      = 32
[36m(TaskRunner pid=2835327)[0m WARNING:2026-07-11 04:06:12,670:  exact_lp   = torch.Size([4, 1, 1024])  (None=tail-fallback)
[36m(TaskRunner pid=2835327)[0m WARNING:2026-07-11 04:06:12,670:  Student    = raw image + canonical question  (choices allowed, no XML)
[36m(TaskRunner pid=2835327)[0m WARNING:2026-07-11 04:06:12,670:  Teacher    = raw image + same canonical question  (no format bias)
[36m(TaskRunner pid=2835327)[0m WARNING:2026-07-11 04:06:12,670:  KL         = forward
[36m(TaskRunner pid=2835327)[0m WARNING:2026-07-11 04:06:12,670:  Objective  = forward KL on the full-image teacher distribution (pure distillation, no GRPO)
[36m(TaskRunner pid=2835327)[0m WARNING:2026-07-11 04:06:12,670:  Routing    = uniform over teacher-valid response tokens
[36m(TaskRunner pid=2835327)[0m WARNING:2026-07-11 04:06:12,670:  Update     = current rollout -> immediate teacher score -> actor backward
[36m(TaskRunner pid=2835327)[0m WARNING:2026-07-11 04:06:12,670:========================================================================
[36m(TaskRunner pid=2835327)[0m ========================================================================
[36m(TaskRunner pid=2835327)[0m   Qwen3-VL Online GKD Pipeline Verification
[36m(TaskRunner pid=2835327)[0m ========================================================================
[36m(TaskRunner pid=2835327)[0m   C          = 1  conditions: ['full']
[36m(TaskRunner pid=2835327)[0m   loss_mode  = gkd
[36m(TaskRunner pid=2835327)[0m   batch      = [B=4, T=1024]
[36m(TaskRunner pid=2835327)[0m   top_k      = 32
[36m(TaskRunner pid=2835327)[0m   exact_lp   = torch.Size([4, 1, 1024])  (None=tail-fallback)
[36m(TaskRunner pid=2835327)[0m   Student    = raw image + canonical question  (choices allowed, no XML)
[36m(TaskRunner pid=2835327)[0m   Teacher    = raw image + same canonical question  (no format bias)
[36m(TaskRunner pid=2835327)[0m   KL         = forward
[36m(TaskRunner pid=2835327)[0m   Objective  = forward KL on the full-image teacher distribution (pure distillation, no GRPO)
[36m(TaskRunner pid=2835327)[0m   Routing    = uniform over teacher-valid response tokens
[36m(TaskRunner pid=2835327)[0m   Update     = current rollout -> immediate teacher score -> actor backward
[36m(TaskRunner pid=2835327)[0m ========================================================================
[36m(WorkerDict pid=2942692)[0m INFO:2026-07-11 04:06:17,091:update_weights done, time cost: 0.57s
[36m(TaskRunner pid=2835327)[0m Training Progress:  68%|██████▊   | 34/50 [08:06<03:42, 13.89s/it]
[36m(TaskRunner pid=2835327)[0m WARNING:2026-07-11 04:06:24,640:========================================================================
[36m(TaskRunner pid=2835327)[0m WARNING:2026-07-11 04:06:24,640:  Qwen3-VL Online GKD Pipeline Verification
[36m(TaskRunner pid=2835327)[0m WARNING:2026-07-11 04:06:24,640:========================================================================
[36m(TaskRunner pid=2835327)[0m WARNING:2026-07-11 04:06:24,640:  C          = 1  conditions: ['full']
[36m(TaskRunner pid=2835327)[0m WARNING:2026-07-11 04:06:24,640:  loss_mode  = gkd
[36m(TaskRunner pid=2835327)[0m WARNING:2026-07-11 04:06:24,640:  batch      = [B=4, T=1024]
[36m(TaskRunner pid=2835327)[0m WARNING:2026-07-11 04:06:24,640:  top_k      = 32
[36m(TaskRunner pid=2835327)[0m WARNING:2026-07-11 04:06:24,640:  exact_lp   = torch.Size([4, 1, 1024])  (None=tail-fallback)
[36m(TaskRunner pid=2835327)[0m WARNING:2026-07-11 04:06:24,640:  Student    = raw image + canonical question  (choices allowed, no XML)
[36m(TaskRunner pid=2835327)[0m WARNING:2026-07-11 04:06:24,640:  Teacher    = raw image + same canonical question  (no format bias)
[36m(TaskRunner pid=2835327)[0m WARNING:2026-07-11 04:06:24,640:  KL         = forward
[36m(TaskRunner pid=2835327)[0m WARNING:2026-07-11 04:06:24,640:  Objective  = forward KL on the full-image teacher distribution (pure distillation, no GRPO)
[36m(TaskRunner pid=2835327)[0m WARNING:2026-07-11 04:06:24,640:  Routing    = uniform over teacher-valid response tokens
[36m(TaskRunner pid=2835327)[0m WARNING:2026-07-11 04:06:24,640:  Update     = current rollout -> immediate teacher score -> actor backward
[36m(TaskRunner pid=2835327)[0m WARNING:2026-07-11 04:06:24,640:========================================================================
[36m(TaskRunner pid=2835327)[0m ========================================================================
[36m(TaskRunner pid=2835327)[0m   Qwen3-VL Online GKD Pipeline Verification
[36m(TaskRunner pid=2835327)[0m ========================================================================
[36m(TaskRunner pid=2835327)[0m   C          = 1  conditions: ['full']
[36m(TaskRunner pid=2835327)[0m   loss_mode  = gkd
[36m(TaskRunner pid=2835327)[0m   batch      = [B=4, T=1024]
[36m(TaskRunner pid=2835327)[0m   top_k      = 32
[36m(TaskRunner pid=2835327)[0m   exact_lp   = torch.Size([4, 1, 1024])  (None=tail-fallback)
[36m(TaskRunner pid=2835327)[0m   Student    = raw image + canonical question  (choices allowed, no XML)
[36m(TaskRunner pid=2835327)[0m   Teacher    = raw image + same canonical question  (no format bias)
[36m(TaskRunner pid=2835327)[0m   KL         = forward
[36m(TaskRunner pid=2835327)[0m   Objective  = forward KL on the full-image teacher distribution (pure distillation, no GRPO)
[36m(TaskRunner pid=2835327)[0m   Routing    = uniform over teacher-valid response tokens
[36m(TaskRunner pid=2835327)[0m   Update     = current rollout -> immediate teacher score -> actor backward
[36m(TaskRunner pid=2835327)[0m ========================================================================
[36m(WorkerDict pid=2942692)[0m INFO:2026-07-11 04:06:29,657:update_weights done, time cost: 0.83s

[36m(TaskRunner pid=2835327)[0m Dumped generations to /inspire/hdd/global_user/mengweicheng-240108120092/lzy/projects/Dual-Track-OPD/runs/gkd_geometry3k/qwen3vl_geometry3k_gkd_20260711_035352/rollouts/33.jsonl
[36m(TaskRunner pid=2835327)[0m step:33 - fc_opd/hook_loss:0.0 - fc_opd/hook_num_samples:4.0 - fc_opd/hook_active_weight:3252.0 - fc_opd/is_plain_gkd:1.0 - fc_opd/teacher_valid_ratio:1.0 - fc_opd/online/loss:0.0 - fc_opd/online/num_samples:4.0 - global_seqlen/min:320 - global_seqlen/max:1334 - global_seqlen/minmax_diff:1014 - global_seqlen/balanced_min:320 - global_seqlen/balanced_max:1334 - global_seqlen/mean:1012.5 - actor/entropy:6.0271687507629395 - perf/mfu/actor_infer:0 - actor/pg_loss:0.0 - actor/kl_loss:0.0 - actor/fc_opd_loss:1.9257327318191528 - actor/pg_clipfrac:0.0 - actor/ppo_kl:0.0 - actor/pg_clipfrac_lower:0.0 - actor/fc_opd_denominator:180.0 - actor/grad_norm:20.988061904907227 - perf/mfu/actor:0.01203593560373279 - perf/max_memory_allocated_gb:21.351612091064453 - perf/max_memory_reserved_gb:25.85546875 - perf/cpu_memory_used_gb:166.5413522720337 - actor/lr:1e-06 - training/global_step:33 - training/epoch:0 - critic/score/mean:0.0 - critic/score/max:0.0 - critic/score/min:0.0 - critic/rewards/mean:0.0 - critic/rewards/max:0.0 - critic/rewards/min:0.0 - critic/advantages/mean:0.0 - critic/advantages/max:0.0 - critic/advantages/min:0.0 - critic/returns/mean:0.0 - critic/returns/max:0.0 - critic/returns/min:0.0 - response_length/mean:813.0 - response_length/max:1024.0 - response_length/min:180.0 - response_length/clip_ratio:0.75 - response_length_non_aborted/mean:813.0 - response_length_non_aborted/max:1024.0 - response_length_non_aborted/min:180.0 - response_length_non_aborted/clip_ratio:0.75 - response/aborted_ratio:0.0 - prompt_length/mean:199.5 - prompt_length/max:310.0 - prompt_length/min:140.0 - prompt_length/clip_ratio:0.0 - num_turns/min:2 - num_turns/max:2 - num_turns/mean:2.0 - timing_s/start_profile:5.302019417285919e-05 - timing_s/agent_loop/num_preempted/min:-1 - timing_s/agent_loop/num_preempted/max:-1 - timing_s/agent_loop/num_preempted/mean:-1.0 - timing_s/agent_loop/generate_sequences/min:0.8750479090958834 - timing_s/agent_loop/generate_sequences/max:4.909522945992649 - timing_s/agent_loop/generate_sequences/mean:3.8888799627311528 - timing_s/agent_loop/tool_calls/min:0.0 - timing_s/agent_loop/tool_calls/max:0.0 - timing_s/agent_loop/tool_calls/mean:0.0 - timing_s/agent_loop/slowest/generate_sequences:4.909522945992649 - timing_s/agent_loop/slowest/tool_calls:0.0 - timing_s/agent_loop/slowest/prompt_length:310 - timing_s/agent_loop/slowest/response_length:1024 - timing_s/agent_loop/slowest/num_preempted:-1 - timing_s/gen:6.067343484610319 - timing_s/fc_opd:1.1756252776831388 - timing_s/reward:1.135747879743576e-05 - timing_s/old_log_prob:0.7481142235919833 - timing_s/adv:0.00035979971289634705 - timing_s/update_actor:2.29801326431334 - timing_s/update_weights:2.24820963665843 - timing_s/dump_rollout_generations:0.004876770079135895 - timing_s/step:12.545101632364094 - timing_s/stop_profile:4.0123239159584045e-05 - timing_per_token_ms/gen:1.865726778785461 - timing_per_token_ms/adv:8.883943528304865e-05 - timing_per_token_ms/update_actor:0.5674106825465037 - perf/total_num_tokens:4050 - perf/time_per_step:12.545101632364094 - perf/throughput:80.70879213827436
[36m(TaskRunner pid=2835327)[0m Dumped generations to /inspire/hdd/global_user/mengweicheng-240108120092/lzy/projects/Dual-Track-OPD/runs/gkd_geometry3k/qwen3vl_geometry3k_gkd_20260711_035352/rollouts/34.jsonl
[36m(TaskRunner pid=2835327)[0m step:34 - fc_opd/hook_loss:0.0 - fc_opd/hook_num_samples:4.0 - fc_opd/hook_active_weight:3452.0 - fc_opd/is_plain_gkd:1.0 - fc_opd/teacher_valid_ratio:1.0 - fc_opd/online/loss:0.0 - fc_opd/online/num_samples:4.0 - global_seqlen/min:555 - global_seqlen/max:1450 - global_seqlen/minmax_diff:895 - global_seqlen/balanced_min:555 - global_seqlen/balanced_max:1450 - global_seqlen/mean:1082.75 - actor/entropy:4.911942481994629 - perf/mfu/actor_infer:0 - actor/pg_loss:0.0 - actor/kl_loss:0.0 - actor/fc_opd_loss:1.6629972904920578 - actor/pg_clipfrac:0.0 - actor/ppo_kl:0.0 - actor/pg_clipfrac_lower:0.0 - actor/fc_opd_denominator:380.0 - actor/grad_norm:27.007986068725586 - perf/mfu/actor:0.014110909768859044 - perf/max_memory_allocated_gb:21.351612091064453 - perf/max_memory_reserved_gb:25.85546875 - perf/cpu_memory_used_gb:166.47058868408203 - actor/lr:1e-06 - training/global_step:34 - training/epoch:0 - critic/score/mean:0.0 - critic/score/max:0.0 - critic/score/min:0.0 - critic/rewards/mean:0.0 - critic/rewards/max:0.0 - critic/rewards/min:0.0 - critic/advantages/mean:0.0 - critic/advantages/max:0.0 - critic/advantages/min:0.0 - critic/returns/mean:0.0 - critic/returns/max:0.0 - critic/returns/min:0.0 - response_length/mean:863.0 - response_length/max:1024.0 - response_length/min:380.0 - response_length/clip_ratio:0.75 - response_length_non_aborted/mean:863.0 - response_length_non_aborted/max:1024.0 - response_length_non_aborted/min:380.0 - response_length_non_aborted/clip_ratio:0.75 - response/aborted_ratio:0.0 - prompt_length/mean:219.75 - prompt_length/max:426.0 - prompt_length/min:128.0 - prompt_length/clip_ratio:0.0 - num_turns/min:2 - num_turns/max:2 - num_turns/mean:2.0 - timing_s/start_profile:2.6960857212543488e-05 - timing_s/agent_loop/num_preempted/min:-1 - timing_s/agent_loop/num_preempted/max:-1 - timing_s/agent_loop/num_preempted/mean:-1.0 - timing_s/agent_loop/generate_sequences/min:1.9286312106996775 - timing_s/agent_loop/generate_sequences/max:4.971186951734126 - timing_s/agent_loop/generate_sequences/mean:4.1980384779162705 - timing_s/agent_loop/tool_calls/min:0.0 - timing_s/agent_loop/tool_calls/max:0.0 - timing_s/agent_loop/tool_calls/mean:0.0 - timing_s/agent_loop/slowest/generate_sequences:4.971186951734126 - timing_s/agent_loop/slowest/tool_calls:0.0 - timing_s/agent_loop/slowest/prompt_length:150 - timing_s/agent_loop/slowest/response_length:1024 - timing_s/agent_loop/slowest/num_preempted:-1 - timing_s/gen:6.120964198373258 - timing_s/fc_opd:1.2225558822974563 - timing_s/reward:1.8948689103126526e-05 - timing_s/old_log_prob:0.6199696557596326 - timing_s/adv:0.000400640070438385 - timing_s/update_actor:2.0974589250981808 - timing_s/update_weights:2.242774825543165 - timing_s/dump_rollout_generations:0.00499136745929718 - timing_s/step:12.311731762252748 - timing_s/stop_profile:5.059037357568741e-05 - timing_per_token_ms/gen:1.7731645997605034 - timing_per_token_ms/adv:9.250521136882591e-05 - timing_per_token_ms/update_actor:0.48428975412103 - perf/total_num_tokens:4331 - perf/time_per_step:12.311731762252748 - perf/throughput:87.94457359115522
[36m(TaskRunner pid=2835327)[0m Dumped generations to /inspire/hdd/global_user/mengweicheng-240108120092/lzy/projects/Dual-Track-OPD/runs/gkd_geometry3k/qwen3vl_geometry3k_gkd_20260711_035352/rollouts/35.jsonl
[36m(TaskRunner pid=2835327)[0m step:35 - fc_opd/hook_loss:0.0 - fc_opd/hook_num_samples:4.0 - fc_opd/hook_active_weight:2986.0 - fc_opd/is_plain_gkd:1.0 - fc_opd/teacher_valid_ratio:1.0 - fc_opd/online/loss:0.0 - fc_opd/online/num_samples:4.0 - global_seqlen/min:236 - global_seqlen/max:1267 - global_seqlen/minmax_diff:1031 - global_seqlen/balanced_min:236 - global_seqlen/balanced_max:1267 - global_seqlen/mean:956.75 - actor/entropy:6.335151195526123 - perf/mfu/actor_infer:0 - actor/pg_loss:0.0 - actor/kl_loss:0.0 - actor/fc_opd_loss:1.2908243834972382 - actor/pg_clipfrac:0.0 - actor/ppo_kl:0.0 - actor/pg_clipfrac_lower:0.0 - actor/fc_opd_denominator:73.0 - actor/grad_norm:14.106585502624512 - perf/mfu/actor:0.011598789432736937 - perf/max_memory_allocated_gb:21.351612091064453 - perf/max_memory_reserved_gb:25.85546875 - perf/cpu_memory_used_gb:166.52368545532227 - actor/lr:1e-06 - training/global_step:35 - training/epoch:0 - critic/score/mean:0.0 - critic/score/max:0.0 - critic/score/min:0.0 - critic/rewards/mean:0.0 - critic/rewards/max:0.0 - critic/rewards/min:0.0 - critic/advantages/mean:0.0 - critic/advantages/max:0.0 - critic/advantages/min:0.0 - critic/returns/mean:0.0 - critic/returns/max:0.0 - critic/returns/min:0.0 - response_length/mean:746.5 - response_length/max:1024.0 - response_length/min:73.0 - response_length/clip_ratio:0.5 - response_length_non_aborted/mean:746.5 - response_length_non_aborted/max:1024.0 - response_length_non_aborted/min:73.0 - response_length_non_aborted/clip_ratio:0.5 - response/aborted_ratio:0.0 - prompt_length/mean:210.25 - prompt_length/max:402.0 - prompt_length/min:126.0 - prompt_length/clip_ratio:0.0 - num_turns/min:2 - num_turns/max:2 - num_turns/mean:2.0 - timing_s/start_profile:3.069452941417694e-05 - timing_s/agent_loop/num_preempted/min:-1 - timing_s/agent_loop/num_preempted/max:-1 - timing_s/agent_loop/num_preempted/mean:-1.0 - timing_s/agent_loop/generate_sequences/min:0.38793004024773836 - timing_s/agent_loop/generate_sequences/max:4.905070615932345 - timing_s/agent_loop/generate_sequences/mean:3.5836700496729463 - timing_s/agent_loop/tool_calls/min:0.0 - timing_s/agent_loop/tool_calls/max:0.0 - timing_s/agent_loop/tool_calls/mean:0.0 - timing_s/agent_loop/slowest/generate_sequences:4.905070615932345 - timing_s/agent_loop/slowest/tool_calls:0.0 - timing_s/agent_loop/slowest/prompt_length:126 - timing_s/agent_loop/slowest/response_length:1024 - timing_s/agent_loop/slowest/num_preempted:-1 - timing_s/gen:5.845705094747245 - timing_s/fc_opd:1.1528052194043994 - timing_s/reward:1.0685063898563385e-05 - timing_s/old_log_prob:0.5628252550959587 - timing_s/adv:0.00035193096846342087 - timing_s/update_actor:2.3178593767806888 - timing_s/update_weights:2.650503544136882 - timing_s/dump_rollout_generations:0.005705578252673149 - timing_s/step:12.538940832018852 - timing_s/stop_profile:4.1697174310684204e-05 - timing_per_token_ms/gen:1.9577043184016227 - timing_per_token_ms/adv:9.196001266355393e-05 - timing_per_token_ms/update_actor:0.6056596228849461 - perf/total_num_tokens:3827 - perf/time_per_step:12.538940832018852 - perf/throughput:76.30229800246669[36m(TaskRunner pid=2835327)[0m Training Progress:  70%|███████   | 35/50 [08:18<03:22, 13.49s/it]
[36m(TaskRunner pid=2835327)[0m WARNING:2026-07-11 04:06:37,685:========================================================================
[36m(TaskRunner pid=2835327)[0m WARNING:2026-07-11 04:06:37,685:  Qwen3-VL Online GKD Pipeline Verification
[36m(TaskRunner pid=2835327)[0m WARNING:2026-07-11 04:06:37,685:========================================================================
[36m(TaskRunner pid=2835327)[0m WARNING:2026-07-11 04:06:37,685:  C          = 1  conditions: ['full']
[36m(TaskRunner pid=2835327)[0m WARNING:2026-07-11 04:06:37,685:  loss_mode  = gkd
[36m(TaskRunner pid=2835327)[0m WARNING:2026-07-11 04:06:37,685:  batch      = [B=4, T=1024]
[36m(TaskRunner pid=2835327)[0m WARNING:2026-07-11 04:06:37,686:  top_k      = 32
[36m(TaskRunner pid=2835327)[0m WARNING:2026-07-11 04:06:37,686:  exact_lp   = torch.Size([4, 1, 1024])  (None=tail-fallback)
[36m(TaskRunner pid=2835327)[0m WARNING:2026-07-11 04:06:37,686:  Student    = raw image + canonical question  (choices allowed, no XML)
[36m(TaskRunner pid=2835327)[0m WARNING:2026-07-11 04:06:37,686:  Teacher    = raw image + same canonical question  (no format bias)
[36m(TaskRunner pid=2835327)[0m WARNING:2026-07-11 04:06:37,686:  KL         = forward
[36m(TaskRunner pid=2835327)[0m WARNING:2026-07-11 04:06:37,686:  Objective  = forward KL on the full-image teacher distribution (pure distillation, no GRPO)
[36m(TaskRunner pid=2835327)[0m WARNING:2026-07-11 04:06:37,686:  Routing    = uniform over teacher-valid response tokens
[36m(TaskRunner pid=2835327)[0m WARNING:2026-07-11 04:06:37,686:  Update     = current rollout -> immediate teacher score -> actor backward
[36m(TaskRunner pid=2835327)[0m WARNING:2026-07-11 04:06:37,686:========================================================================
[36m(TaskRunner pid=2835327)[0m ========================================================================
[36m(TaskRunner pid=2835327)[0m   Qwen3-VL Online GKD Pipeline Verification
[36m(TaskRunner pid=2835327)[0m ========================================================================
[36m(TaskRunner pid=2835327)[0m   C          = 1  conditions: ['full']
[36m(TaskRunner pid=2835327)[0m   loss_mode  = gkd
[36m(TaskRunner pid=2835327)[0m   batch      = [B=4, T=1024]
[36m(TaskRunner pid=2835327)[0m   top_k      = 32
[36m(TaskRunner pid=2835327)[0m   exact_lp   = torch.Size([4, 1, 1024])  (None=tail-fallback)
[36m(TaskRunner pid=2835327)[0m   Student    = raw image + canonical question  (choices allowed, no XML)
[36m(TaskRunner pid=2835327)[0m   Teacher    = raw image + same canonical question  (no format bias)
[36m(TaskRunner pid=2835327)[0m   KL         = forward
[36m(TaskRunner pid=2835327)[0m   Objective  = forward KL on the full-image teacher distribution (pure distillation, no GRPO)
[36m(TaskRunner pid=2835327)[0m   Routing    = uniform over teacher-valid response tokens
[36m(TaskRunner pid=2835327)[0m   Update     = current rollout -> immediate teacher score -> actor backward
[36m(TaskRunner pid=2835327)[0m ========================================================================
[36m(WorkerDict pid=2942692)[0m INFO:2026-07-11 04:06:42,282:update_weights done, time cost: 0.71s
[36m(TaskRunner pid=2835327)[0m Training Progress:  72%|███████▏  | 36/50 [08:31<03:05, 13.24s/it]
[36m(TaskRunner pid=2835327)[0m WARNING:2026-07-11 04:06:50,141:========================================================================
[36m(TaskRunner pid=2835327)[0m WARNING:2026-07-11 04:06:50,141:  Qwen3-VL Online GKD Pipeline Verification
[36m(TaskRunner pid=2835327)[0m WARNING:2026-07-11 04:06:50,141:========================================================================
[36m(TaskRunner pid=2835327)[0m WARNING:2026-07-11 04:06:50,141:  C          = 1  conditions: ['full']
[36m(TaskRunner pid=2835327)[0m WARNING:2026-07-11 04:06:50,141:  loss_mode  = gkd
[36m(TaskRunner pid=2835327)[0m WARNING:2026-07-11 04:06:50,141:  batch      = [B=4, T=1024]
[36m(TaskRunner pid=2835327)[0m WARNING:2026-07-11 04:06:50,141:  top_k      = 32
[36m(TaskRunner pid=2835327)[0m WARNING:2026-07-11 04:06:50,141:  exact_lp   = torch.Size([4, 1, 1024])  (None=tail-fallback)
[36m(TaskRunner pid=2835327)[0m WARNING:2026-07-11 04:06:50,141:  Student    = raw image + canonical question  (choices allowed, no XML)
[36m(TaskRunner pid=2835327)[0m WARNING:2026-07-11 04:06:50,141:  Teacher    = raw image + same canonical question  (no format bias)
[36m(TaskRunner pid=2835327)[0m WARNING:2026-07-11 04:06:50,141:  KL         = forward
[36m(TaskRunner pid=2835327)[0m WARNING:2026-07-11 04:06:50,141:  Objective  = forward KL on the full-image teacher distribution (pure distillation, no GRPO)
[36m(TaskRunner pid=2835327)[0m WARNING:2026-07-11 04:06:50,141:  Routing    = uniform over teacher-valid response tokens
[36m(TaskRunner pid=2835327)[0m WARNING:2026-07-11 04:06:50,141:  Update     = current rollout -> immediate teacher score -> actor backward
[36m(TaskRunner pid=2835327)[0m WARNING:2026-07-11 04:06:50,141:========================================================================
[36m(TaskRunner pid=2835327)[0m ========================================================================
[36m(TaskRunner pid=2835327)[0m   Qwen3-VL Online GKD Pipeline Verification
[36m(TaskRunner pid=2835327)[0m ========================================================================
[36m(TaskRunner pid=2835327)[0m   C          = 1  conditions: ['full']
[36m(TaskRunner pid=2835327)[0m   loss_mode  = gkd
[36m(TaskRunner pid=2835327)[0m   batch      = [B=4, T=1024]
[36m(TaskRunner pid=2835327)[0m   top_k      = 32
[36m(TaskRunner pid=2835327)[0m   exact_lp   = torch.Size([4, 1, 1024])  (None=tail-fallback)
[36m(TaskRunner pid=2835327)[0m   Student    = raw image + canonical question  (choices allowed, no XML)
[36m(TaskRunner pid=2835327)[0m   Teacher    = raw image + same canonical question  (no format bias)
[36m(TaskRunner pid=2835327)[0m   KL         = forward
[36m(TaskRunner pid=2835327)[0m   Objective  = forward KL on the full-image teacher distribution (pure distillation, no GRPO)
[36m(TaskRunner pid=2835327)[0m   Routing    = uniform over teacher-valid response tokens
[36m(TaskRunner pid=2835327)[0m   Update     = current rollout -> immediate teacher score -> actor backward
[36m(TaskRunner pid=2835327)[0m ========================================================================
[36m(WorkerDict pid=2942692)[0m INFO:2026-07-11 04:06:54,494:update_weights done, time cost: 0.80s
[36m(TaskRunner pid=2835327)[0m Training Progress:  74%|███████▍  | 37/50 [08:43<02:48, 12.94s/it]
[36m(TaskRunner pid=2835327)[0m WARNING:2026-07-11 04:07:02,238:========================================================================
[36m(TaskRunner pid=2835327)[0m WARNING:2026-07-11 04:07:02,238:  Qwen3-VL Online GKD Pipeline Verification
[36m(TaskRunner pid=2835327)[0m WARNING:2026-07-11 04:07:02,238:========================================================================
[36m(TaskRunner pid=2835327)[0m WARNING:2026-07-11 04:07:02,238:  C          = 1  conditions: ['full']
[36m(TaskRunner pid=2835327)[0m WARNING:2026-07-11 04:07:02,238:  loss_mode  = gkd
[36m(TaskRunner pid=2835327)[0m WARNING:2026-07-11 04:07:02,238:  batch      = [B=4, T=1024]
[36m(TaskRunner pid=2835327)[0m WARNING:2026-07-11 04:07:02,238:  top_k      = 32
[36m(TaskRunner pid=2835327)[0m WARNING:2026-07-11 04:07:02,238:  exact_lp   = torch.Size([4, 1, 1024])  (None=tail-fallback)
[36m(TaskRunner pid=2835327)[0m WARNING:2026-07-11 04:07:02,238:  Student    = raw image + canonical question  (choices allowed, no XML)
[36m(TaskRunner pid=2835327)[0m WARNING:2026-07-11 04:07:02,238:  Teacher    = raw image + same canonical question  (no format bias)
[36m(TaskRunner pid=2835327)[0m WARNING:2026-07-11 04:07:02,238:  KL         = forward
[36m(TaskRunner pid=2835327)[0m WARNING:2026-07-11 04:07:02,238:  Objective  = forward KL on the full-image teacher distribution (pure distillation, no GRPO)
[36m(TaskRunner pid=2835327)[0m WARNING:2026-07-11 04:07:02,238:  Routing    = uniform over teacher-valid response tokens
[36m(TaskRunner pid=2835327)[0m WARNING:2026-07-11 04:07:02,238:  Update     = current rollout -> immediate teacher score -> actor backward
[36m(TaskRunner pid=2835327)[0m WARNING:2026-07-11 04:07:02,238:========================================================================
[36m(TaskRunner pid=2835327)[0m ========================================================================
[36m(TaskRunner pid=2835327)[0m   Qwen3-VL Online GKD Pipeline Verification
[36m(TaskRunner pid=2835327)[0m ========================================================================
[36m(TaskRunner pid=2835327)[0m   C          = 1  conditions: ['full']
[36m(TaskRunner pid=2835327)[0m   loss_mode  = gkd
[36m(TaskRunner pid=2835327)[0m   batch      = [B=4, T=1024]
[36m(TaskRunner pid=2835327)[0m   top_k      = 32
[36m(TaskRunner pid=2835327)[0m   exact_lp   = torch.Size([4, 1, 1024])  (None=tail-fallback)
[36m(TaskRunner pid=2835327)[0m   Student    = raw image + canonical question  (choices allowed, no XML)
[36m(TaskRunner pid=2835327)[0m   Teacher    = raw image + same canonical question  (no format bias)
[36m(TaskRunner pid=2835327)[0m   KL         = forward
[36m(TaskRunner pid=2835327)[0m   Objective  = forward KL on the full-image teacher distribution (pure distillation, no GRPO)
[36m(TaskRunner pid=2835327)[0m   Routing    = uniform over teacher-valid response tokens
[36m(TaskRunner pid=2835327)[0m   Update     = current rollout -> immediate teacher score -> actor backward
[36m(TaskRunner pid=2835327)[0m ========================================================================
[36m(WorkerDict pid=2942692)[0m INFO:2026-07-11 04:07:06,721:update_weights done, time cost: 0.69s

[36m(TaskRunner pid=2835327)[0m Dumped generations to /inspire/hdd/global_user/mengweicheng-240108120092/lzy/projects/Dual-Track-OPD/runs/gkd_geometry3k/qwen3vl_geometry3k_gkd_20260711_035352/rollouts/36.jsonl
[36m(TaskRunner pid=2835327)[0m step:36 - fc_opd/hook_loss:0.0 - fc_opd/hook_num_samples:4.0 - fc_opd/hook_active_weight:4096.0 - fc_opd/is_plain_gkd:1.0 - fc_opd/teacher_valid_ratio:1.0 - fc_opd/online/loss:0.0 - fc_opd/online/num_samples:4.0 - global_seqlen/min:1171 - global_seqlen/max:1340 - global_seqlen/minmax_diff:169 - global_seqlen/balanced_min:1171 - global_seqlen/balanced_max:1340 - global_seqlen/mean:1233.5 - actor/entropy:5.73013162612915 - perf/mfu/actor_infer:0 - actor/pg_loss:0.0 - actor/kl_loss:0.0 - actor/fc_opd_loss:1.2173196971416473 - actor/pg_clipfrac:0.0 - actor/ppo_kl:0.0 - actor/pg_clipfrac_lower:0.0 - actor/fc_opd_denominator:1024.0 - actor/grad_norm:21.5283203125 - perf/mfu/actor:0.014995657443695541 - perf/max_memory_allocated_gb:21.351612091064453 - perf/max_memory_reserved_gb:25.85546875 - perf/cpu_memory_used_gb:166.51877784729004 - actor/lr:1e-06 - training/global_step:36 - training/epoch:0 - critic/score/mean:0.0 - critic/score/max:0.0 - critic/score/min:0.0 - critic/rewards/mean:0.0 - critic/rewards/max:0.0 - critic/rewards/min:0.0 - critic/advantages/mean:0.0 - critic/advantages/max:0.0 - critic/advantages/min:0.0 - critic/returns/mean:0.0 - critic/returns/max:0.0 - critic/returns/min:0.0 - response_length/mean:1024.0 - response_length/max:1024.0 - response_length/min:1024.0 - response_length/clip_ratio:1.0 - response_length_non_aborted/mean:1024.0 - response_length_non_aborted/max:1024.0 - response_length_non_aborted/min:1024.0 - response_length_non_aborted/clip_ratio:1.0 - response/aborted_ratio:0.0 - prompt_length/mean:209.5 - prompt_length/max:316.0 - prompt_length/min:147.0 - prompt_length/clip_ratio:0.0 - num_turns/min:2 - num_turns/max:2 - num_turns/mean:2.0 - timing_s/start_profile:5.3583644330501556e-05 - timing_s/agent_loop/num_preempted/min:-1 - timing_s/agent_loop/num_preempted/max:-1 - timing_s/agent_loop/num_preempted/mean:-1.0 - timing_s/agent_loop/generate_sequences/min:4.910471737384796 - timing_s/agent_loop/generate_sequences/max:4.916196566075087 - timing_s/agent_loop/generate_sequences/mean:4.913281991612166 - timing_s/agent_loop/tool_calls/min:0.0 - timing_s/agent_loop/tool_calls/max:0.0 - timing_s/agent_loop/tool_calls/mean:0.0 - timing_s/agent_loop/slowest/generate_sequences:4.916196566075087 - timing_s/agent_loop/slowest/tool_calls:0.0 - timing_s/agent_loop/slowest/prompt_length:208 - timing_s/agent_loop/slowest/response_length:1024 - timing_s/agent_loop/slowest/num_preempted:-1 - timing_s/gen:6.044557990506291 - timing_s/fc_opd:1.453997983597219 - timing_s/reward:2.065300941467285e-05 - timing_s/old_log_prob:0.5965568143874407 - timing_s/adv:0.000414479523897171 - timing_s/update_actor:2.2034880500286818 - timing_s/update_weights:2.357409722171724 - timing_s/dump_rollout_generations:0.005336790345609188 - timing_s/step:12.664329065009952 - timing_s/stop_profile:5.028583109378815e-05 - timing_per_token_ms/gen:1.47572216565095 - timing_per_token_ms/adv:8.40047677132491e-05 - timing_per_token_ms/update_actor:0.44659263275814387 - perf/total_num_tokens:4934 - perf/time_per_step:12.664329065009952 - perf/throughput:97.39955379144523
[36m(TaskRunner pid=2835327)[0m Dumped generations to /inspire/hdd/global_user/mengweicheng-240108120092/lzy/projects/Dual-Track-OPD/runs/gkd_geometry3k/qwen3vl_geometry3k_gkd_20260711_035352/rollouts/37.jsonl
[36m(TaskRunner pid=2835327)[0m step:37 - fc_opd/hook_loss:0.0 - fc_opd/hook_num_samples:4.0 - fc_opd/hook_active_weight:4096.0 - fc_opd/is_plain_gkd:1.0 - fc_opd/teacher_valid_ratio:1.0 - fc_opd/online/loss:0.0 - fc_opd/online/num_samples:4.0 - global_seqlen/min:1185 - global_seqlen/max:1333 - global_seqlen/minmax_diff:148 - global_seqlen/balanced_min:1185 - global_seqlen/balanced_max:1333 - global_seqlen/mean:1238.25 - actor/entropy:6.706024169921875 - perf/mfu/actor_infer:0 - actor/pg_loss:0.0 - actor/kl_loss:0.0 - actor/fc_opd_loss:0.7782576531171799 - actor/pg_clipfrac:0.0 - actor/ppo_kl:0.0 - actor/pg_clipfrac_lower:0.0 - actor/fc_opd_denominator:1024.0 - actor/grad_norm:10.651183128356934 - perf/mfu/actor:0.016232969594012554 - perf/max_memory_allocated_gb:21.351612091064453 - perf/max_memory_reserved_gb:25.85546875 - perf/cpu_memory_used_gb:166.53124237060547 - actor/lr:1e-06 - training/global_step:37 - training/epoch:0 - critic/score/mean:0.0 - critic/score/max:0.0 - critic/score/min:0.0 - critic/rewards/mean:0.0 - critic/rewards/max:0.0 - critic/rewards/min:0.0 - critic/advantages/mean:0.0 - critic/advantages/max:0.0 - critic/advantages/min:0.0 - critic/returns/mean:0.0 - critic/returns/max:0.0 - critic/returns/min:0.0 - response_length/mean:1024.0 - response_length/max:1024.0 - response_length/min:1024.0 - response_length/clip_ratio:1.0 - response_length_non_aborted/mean:1024.0 - response_length_non_aborted/max:1024.0 - response_length_non_aborted/min:1024.0 - response_length_non_aborted/clip_ratio:1.0 - response/aborted_ratio:0.0 - prompt_length/mean:214.25 - prompt_length/max:309.0 - prompt_length/min:161.0 - prompt_length/clip_ratio:0.0 - num_turns/min:2 - num_turns/max:2 - num_turns/mean:2.0 - timing_s/start_profile:2.9433518648147583e-05 - timing_s/agent_loop/num_preempted/min:-1 - timing_s/agent_loop/num_preempted/max:-1 - timing_s/agent_loop/num_preempted/mean:-1.0 - timing_s/agent_loop/generate_sequences/min:4.90218370873481 - timing_s/agent_loop/generate_sequences/max:4.948856543749571 - timing_s/agent_loop/generate_sequences/mean:4.92134839319624 - timing_s/agent_loop/tool_calls/min:0.0 - timing_s/agent_loop/tool_calls/max:0.0 - timing_s/agent_loop/tool_calls/mean:0.0 - timing_s/agent_loop/slowest/generate_sequences:4.948856543749571 - timing_s/agent_loop/slowest/tool_calls:0.0 - timing_s/agent_loop/slowest/prompt_length:178 - timing_s/agent_loop/slowest/response_length:1024 - timing_s/agent_loop/slowest/num_preempted:-1 - timing_s/gen:5.936880188062787 - timing_s/fc_opd:1.3504732809960842 - timing_s/reward:1.1142343282699585e-05 - timing_s/old_log_prob:0.5819188691675663 - timing_s/adv:0.0003950204700231552 - timing_s/update_actor:2.052051261998713 - timing_s/update_weights:2.305314904078841 - timing_s/dump_rollout_generations:0.005279066041111946 - timing_s/step:12.235664652660489 - timing_s/stop_profile:4.2135827243328094e-05 - timing_per_token_ms/gen:1.4494336396637664 - timing_per_token_ms/adv:7.975377953223404e-05 - timing_per_token_ms/update_actor:0.4143047167370711 - perf/total_num_tokens:4953 - perf/time_per_step:12.235664652660489 - perf/throughput:101.20006024607403
[36m(TaskRunner pid=2835327)[0m Dumped generations to /inspire/hdd/global_user/mengweicheng-240108120092/lzy/projects/Dual-Track-OPD/runs/gkd_geometry3k/qwen3vl_geometry3k_gkd_20260711_035352/rollouts/38.jsonl
[36m(TaskRunner pid=2835327)[0m step:38 - fc_opd/hook_loss:0.0 - fc_opd/hook_num_samples:4.0 - fc_opd/hook_active_weight:3074.0 - fc_opd/is_plain_gkd:1.0 - fc_opd/teacher_valid_ratio:1.0 - fc_opd/online/loss:0.0 - fc_opd/online/num_samples:4.0 - global_seqlen/min:315 - global_seqlen/max:1220 - global_seqlen/minmax_diff:905 - global_seqlen/balanced_min:315 - global_seqlen/balanced_max:1220 - global_seqlen/mean:961.5 - actor/entropy:5.726366996765137 - perf/mfu/actor_infer:0 - actor/pg_loss:0.0 - actor/kl_loss:0.0 - actor/fc_opd_loss:1.8385437577962875 - actor/pg_clipfrac:0.0 - actor/ppo_kl:0.0 - actor/pg_clipfrac_lower:0.0 - actor/fc_opd_denominator:2.0 - actor/grad_norm:65.00763702392578 - perf/mfu/actor:0.012281252192926199 - perf/max_memory_allocated_gb:21.351612091064453 - perf/max_memory_reserved_gb:25.85546875 - perf/cpu_memory_used_gb:166.53880310058594 - actor/lr:1e-06 - training/global_step:38 - training/epoch:0 - critic/score/mean:0.0 - critic/score/max:0.0 - critic/score/min:0.0 - critic/rewards/mean:0.0 - critic/rewards/max:0.0 - critic/rewards/min:0.0 - critic/advantages/mean:0.0 - critic/advantages/max:0.0 - critic/advantages/min:0.0 - critic/returns/mean:0.0 - critic/returns/max:0.0 - critic/returns/min:0.0 - response_length/mean:768.5 - response_length/max:1024.0 - response_length/min:2.0 - response_length/clip_ratio:0.75 - response_length_non_aborted/mean:768.5 - response_length_non_aborted/max:1024.0 - response_length_non_aborted/min:2.0 - response_length_non_aborted/clip_ratio:0.75 - response/aborted_ratio:0.0 - prompt_length/mean:193.0 - prompt_length/max:313.0 - prompt_length/min:129.0 - prompt_length/clip_ratio:0.0 - num_turns/min:2 - num_turns/max:2 - num_turns/mean:2.0 - timing_s/start_profile:2.797599881887436e-05 - timing_s/agent_loop/num_preempted/min:-1 - timing_s/agent_loop/num_preempted/max:-1 - timing_s/agent_loop/num_preempted/mean:-1.0 - timing_s/agent_loop/generate_sequences/min:0.061568052507936954 - timing_s/agent_loop/generate_sequences/max:4.937830614857376 - timing_s/agent_loop/generate_sequences/mean:3.7058794589247555 - timing_s/agent_loop/tool_calls/min:0.0 - timing_s/agent_loop/tool_calls/max:0.0 - timing_s/agent_loop/tool_calls/mean:0.0 - timing_s/agent_loop/slowest/generate_sequences:4.937830614857376 - timing_s/agent_loop/slowest/tool_calls:0.0 - timing_s/agent_loop/slowest/prompt_length:196 - timing_s/agent_loop/slowest/response_length:1024 - timing_s/agent_loop/slowest/num_preempted:-1 - timing_s/gen:5.967652904801071 - timing_s/fc_opd:1.1780640333890915 - timing_s/reward:9.896233677864075e-06 - timing_s/old_log_prob:0.5883363876491785 - timing_s/adv:0.00036590080708265305 - timing_s/update_actor:2.1176114520058036 - timing_s/update_weights:2.350237939506769 - timing_s/dump_rollout_generations:0.004739176481962204 - timing_s/step:12.209258203394711 - timing_s/stop_profile:3.958214074373245e-05 - timing_per_token_ms/gen:1.941331458946347 - timing_per_token_ms/adv:9.513801536210427e-05 - timing_per_token_ms/update_actor:0.5506010015615714 - perf/total_num_tokens:3846 - perf/time_per_step:12.209258203394711 - perf/throughput:78.75171316572376[36m(TaskRunner pid=2835327)[0m Training Progress:  76%|███████▌  | 38/50 [08:56<02:32, 12.72s/it]
[36m(TaskRunner pid=2835327)[0m WARNING:2026-07-11 04:07:14,698:========================================================================
[36m(TaskRunner pid=2835327)[0m WARNING:2026-07-11 04:07:14,698:  Qwen3-VL Online GKD Pipeline Verification
[36m(TaskRunner pid=2835327)[0m WARNING:2026-07-11 04:07:14,698:========================================================================
[36m(TaskRunner pid=2835327)[0m WARNING:2026-07-11 04:07:14,698:  C          = 1  conditions: ['full']
[36m(TaskRunner pid=2835327)[0m WARNING:2026-07-11 04:07:14,698:  loss_mode  = gkd
[36m(TaskRunner pid=2835327)[0m WARNING:2026-07-11 04:07:14,698:  batch      = [B=4, T=1024]
[36m(TaskRunner pid=2835327)[0m WARNING:2026-07-11 04:07:14,698:  top_k      = 32
[36m(TaskRunner pid=2835327)[0m WARNING:2026-07-11 04:07:14,698:  exact_lp   = torch.Size([4, 1, 1024])  (None=tail-fallback)
[36m(TaskRunner pid=2835327)[0m WARNING:2026-07-11 04:07:14,698:  Student    = raw image + canonical question  (choices allowed, no XML)
[36m(TaskRunner pid=2835327)[0m WARNING:2026-07-11 04:07:14,698:  Teacher    = raw image + same canonical question  (no format bias)
[36m(TaskRunner pid=2835327)[0m WARNING:2026-07-11 04:07:14,698:  KL         = forward
[36m(TaskRunner pid=2835327)[0m WARNING:2026-07-11 04:07:14,698:  Objective  = forward KL on the full-image teacher distribution (pure distillation, no GRPO)
[36m(TaskRunner pid=2835327)[0m WARNING:2026-07-11 04:07:14,698:  Routing    = uniform over teacher-valid response tokens
[36m(TaskRunner pid=2835327)[0m WARNING:2026-07-11 04:07:14,698:  Update     = current rollout -> immediate teacher score -> actor backward
[36m(TaskRunner pid=2835327)[0m WARNING:2026-07-11 04:07:14,698:========================================================================
[36m(TaskRunner pid=2835327)[0m ========================================================================
[36m(TaskRunner pid=2835327)[0m   Qwen3-VL Online GKD Pipeline Verification
[36m(TaskRunner pid=2835327)[0m ========================================================================
[36m(TaskRunner pid=2835327)[0m   C          = 1  conditions: ['full']
[36m(TaskRunner pid=2835327)[0m   loss_mode  = gkd
[36m(TaskRunner pid=2835327)[0m   batch      = [B=4, T=1024]
[36m(TaskRunner pid=2835327)[0m   top_k      = 32
[36m(TaskRunner pid=2835327)[0m   exact_lp   = torch.Size([4, 1, 1024])  (None=tail-fallback)
[36m(TaskRunner pid=2835327)[0m   Student    = raw image + canonical question  (choices allowed, no XML)
[36m(TaskRunner pid=2835327)[0m   Teacher    = raw image + same canonical question  (no format bias)
[36m(TaskRunner pid=2835327)[0m   KL         = forward
[36m(TaskRunner pid=2835327)[0m   Objective  = forward KL on the full-image teacher distribution (pure distillation, no GRPO)
[36m(TaskRunner pid=2835327)[0m   Routing    = uniform over teacher-valid response tokens
[36m(TaskRunner pid=2835327)[0m   Update     = current rollout -> immediate teacher score -> actor backward
[36m(TaskRunner pid=2835327)[0m ========================================================================
[36m(WorkerDict pid=2942692)[0m INFO:2026-07-11 04:07:19,002:update_weights done, time cost: 0.66s
[36m(TaskRunner pid=2835327)[0m Training Progress:  78%|███████▊  | 39/50 [09:08<02:18, 12.58s/it]
[36m(TaskRunner pid=2835327)[0m WARNING:2026-07-11 04:07:27,149:========================================================================
[36m(TaskRunner pid=2835327)[0m WARNING:2026-07-11 04:07:27,149:  Qwen3-VL Online GKD Pipeline Verification
[36m(TaskRunner pid=2835327)[0m WARNING:2026-07-11 04:07:27,149:========================================================================
[36m(TaskRunner pid=2835327)[0m WARNING:2026-07-11 04:07:27,149:  C          = 1  conditions: ['full']
[36m(TaskRunner pid=2835327)[0m WARNING:2026-07-11 04:07:27,149:  loss_mode  = gkd
[36m(TaskRunner pid=2835327)[0m WARNING:2026-07-11 04:07:27,149:  batch      = [B=4, T=1024]
[36m(TaskRunner pid=2835327)[0m WARNING:2026-07-11 04:07:27,149:  top_k      = 32
[36m(TaskRunner pid=2835327)[0m WARNING:2026-07-11 04:07:27,149:  exact_lp   = torch.Size([4, 1, 1024])  (None=tail-fallback)
[36m(TaskRunner pid=2835327)[0m WARNING:2026-07-11 04:07:27,149:  Student    = raw image + canonical question  (choices allowed, no XML)
[36m(TaskRunner pid=2835327)[0m WARNING:2026-07-11 04:07:27,149:  Teacher    = raw image + same canonical question  (no format bias)
[36m(TaskRunner pid=2835327)[0m WARNING:2026-07-11 04:07:27,149:  KL         = forward
[36m(TaskRunner pid=2835327)[0m WARNING:2026-07-11 04:07:27,149:  Objective  = forward KL on the full-image teacher distribution (pure distillation, no GRPO)
[36m(TaskRunner pid=2835327)[0m WARNING:2026-07-11 04:07:27,149:  Routing    = uniform over teacher-valid response tokens
[36m(TaskRunner pid=2835327)[0m WARNING:2026-07-11 04:07:27,149:  Update     = current rollout -> immediate teacher score -> actor backward
[36m(TaskRunner pid=2835327)[0m WARNING:2026-07-11 04:07:27,149:========================================================================
[36m(TaskRunner pid=2835327)[0m ========================================================================
[36m(TaskRunner pid=2835327)[0m   Qwen3-VL Online GKD Pipeline Verification
[36m(TaskRunner pid=2835327)[0m ========================================================================
[36m(TaskRunner pid=2835327)[0m   C          = 1  conditions: ['full']
[36m(TaskRunner pid=2835327)[0m   loss_mode  = gkd
[36m(TaskRunner pid=2835327)[0m   batch      = [B=4, T=1024]
[36m(TaskRunner pid=2835327)[0m   top_k      = 32
[36m(TaskRunner pid=2835327)[0m   exact_lp   = torch.Size([4, 1, 1024])  (None=tail-fallback)
[36m(TaskRunner pid=2835327)[0m   Student    = raw image + canonical question  (choices allowed, no XML)
[36m(TaskRunner pid=2835327)[0m   Teacher    = raw image + same canonical question  (no format bias)
[36m(TaskRunner pid=2835327)[0m   KL         = forward
[36m(TaskRunner pid=2835327)[0m   Objective  = forward KL on the full-image teacher distribution (pure distillation, no GRPO)
[36m(TaskRunner pid=2835327)[0m   Routing    = uniform over teacher-valid response tokens
[36m(TaskRunner pid=2835327)[0m   Update     = current rollout -> immediate teacher score -> actor backward
[36m(TaskRunner pid=2835327)[0m ========================================================================
[36m(WorkerDict pid=2942692)[0m INFO:2026-07-11 04:07:32,735:[Rank 0] Saved model to /inspire/hdd/global_user/mengweicheng-240108120092/lzy/projects/Dual-Track-OPD/checkpoints/gkd_geometry3k/qwen3vl_geometry3k_gkd_20260711_035352/global_step_40/actor/model_world_size_4_rank_0.pt
[36m(WorkerDict pid=2942692)[0m INFO:2026-07-11 04:07:38,430:[Rank 0] Saved optim to /inspire/hdd/global_user/mengweicheng-240108120092/lzy/projects/Dual-Track-OPD/checkpoints/gkd_geometry3k/qwen3vl_geometry3k_gkd_20260711_035352/global_step_40/actor/optim_world_size_4_rank_0.pt
[36m(WorkerDict pid=2942692)[0m INFO:2026-07-11 04:07:38,431:[Rank 0] Saved extra_state to /inspire/hdd/global_user/mengweicheng-240108120092/lzy/projects/Dual-Track-OPD/checkpoints/gkd_geometry3k/qwen3vl_geometry3k_gkd_20260711_035352/global_step_40/actor/extra_state_world_size_4_rank_0.pt
[36m(WorkerDict pid=2942716)[0m INFO:2026-07-11 04:07:32,872:[Rank 2] Saved model to /inspire/hdd/global_user/mengweicheng-240108120092/lzy/projects/Dual-Track-OPD/checkpoints/gkd_geometry3k/qwen3vl_geometry3k_gkd_20260711_035352/global_step_40/actor/model_world_size_4_rank_2.pt[32m [repeated 3x across cluster][0m
[36m(WorkerDict pid=2942692)[0m INFO:2026-07-11 04:07:38,936:[Rank 0] Saved model config and tokenizer class to /inspire/hdd/global_user/mengweicheng-240108120092/lzy/projects/Dual-Track-OPD/checkpoints/gkd_geometry3k/qwen3vl_geometry3k_gkd_20260711_035352/global_step_40/actor/huggingface
[36m(WorkerDict pid=2942692)[0m INFO:2026-07-11 04:07:40,710:update_weights done, time cost: 0.61s
[36m(TaskRunner pid=2835327)[0m Training Progress:  80%|████████  | 40/50 [09:42<03:10, 19.04s/it]
[36m(WorkerDict pid=2942716)[0m INFO:2026-07-11 04:07:38,461:[Rank 2] Saved optim to /inspire/hdd/global_user/mengweicheng-240108120092/lzy/projects/Dual-Track-OPD/checkpoints/gkd_geometry3k/qwen3vl_geometry3k_gkd_20260711_035352/global_step_40/actor/optim_world_size_4_rank_2.pt[32m [repeated 3x across cluster][0m
[36m(WorkerDict pid=2942716)[0m INFO:2026-07-11 04:07:38,462:[Rank 2] Saved extra_state to /inspire/hdd/global_user/mengweicheng-240108120092/lzy/projects/Dual-Track-OPD/checkpoints/gkd_geometry3k/qwen3vl_geometry3k_gkd_20260711_035352/global_step_40/actor/extra_state_world_size_4_rank_2.pt[32m [repeated 3x across cluster][0m
[36m(TaskRunner pid=2835327)[0m WARNING:2026-07-11 04:08:01,276:========================================================================
[36m(TaskRunner pid=2835327)[0m WARNING:2026-07-11 04:08:01,276:  Qwen3-VL Online GKD Pipeline Verification
[36m(TaskRunner pid=2835327)[0m WARNING:2026-07-11 04:08:01,276:========================================================================
[36m(TaskRunner pid=2835327)[0m WARNING:2026-07-11 04:08:01,276:  C          = 1  conditions: ['full']
[36m(TaskRunner pid=2835327)[0m WARNING:2026-07-11 04:08:01,276:  loss_mode  = gkd
[36m(TaskRunner pid=2835327)[0m WARNING:2026-07-11 04:08:01,276:  batch      = [B=4, T=1024]
[36m(TaskRunner pid=2835327)[0m WARNING:2026-07-11 04:08:01,276:  top_k      = 32
[36m(TaskRunner pid=2835327)[0m WARNING:2026-07-11 04:08:01,276:  exact_lp   = torch.Size([4, 1, 1024])  (None=tail-fallback)
[36m(TaskRunner pid=2835327)[0m WARNING:2026-07-11 04:08:01,276:  Student    = raw image + canonical question  (choices allowed, no XML)
[36m(TaskRunner pid=2835327)[0m WARNING:2026-07-11 04:08:01,276:  Teacher    = raw image + same canonical question  (no format bias)
[36m(TaskRunner pid=2835327)[0m WARNING:2026-07-11 04:08:01,276:  KL         = forward
[36m(TaskRunner pid=2835327)[0m WARNING:2026-07-11 04:08:01,276:  Objective  = forward KL on the full-image teacher distribution (pure distillation, no GRPO)
[36m(TaskRunner pid=2835327)[0m WARNING:2026-07-11 04:08:01,276:  Routing    = uniform over teacher-valid response tokens
[36m(TaskRunner pid=2835327)[0m WARNING:2026-07-11 04:08:01,276:  Update     = current rollout -> immediate teacher score -> actor backward
[36m(TaskRunner pid=2835327)[0m WARNING:2026-07-11 04:08:01,276:========================================================================
[36m(TaskRunner pid=2835327)[0m ========================================================================
[36m(TaskRunner pid=2835327)[0m   Qwen3-VL Online GKD Pipeline Verification
[36m(TaskRunner pid=2835327)[0m ========================================================================
[36m(TaskRunner pid=2835327)[0m   C          = 1  conditions: ['full']
[36m(TaskRunner pid=2835327)[0m   loss_mode  = gkd
[36m(TaskRunner pid=2835327)[0m   batch      = [B=4, T=1024]
[36m(TaskRunner pid=2835327)[0m   top_k      = 32
[36m(TaskRunner pid=2835327)[0m   exact_lp   = torch.Size([4, 1, 1024])  (None=tail-fallback)
[36m(TaskRunner pid=2835327)[0m   Student    = raw image + canonical question  (choices allowed, no XML)
[36m(TaskRunner pid=2835327)[0m   Teacher    = raw image + same canonical question  (no format bias)
[36m(TaskRunner pid=2835327)[0m   KL         = forward
[36m(TaskRunner pid=2835327)[0m   Objective  = forward KL on the full-image teacher distribution (pure distillation, no GRPO)
[36m(TaskRunner pid=2835327)[0m   Routing    = uniform over teacher-valid response tokens
[36m(TaskRunner pid=2835327)[0m   Update     = current rollout -> immediate teacher score -> actor backward
[36m(TaskRunner pid=2835327)[0m ========================================================================
[36m(WorkerDict pid=2942692)[0m INFO:2026-07-11 04:08:05,984:update_weights done, time cost: 0.67s

[36m(TaskRunner pid=2835327)[0m Dumped generations to /inspire/hdd/global_user/mengweicheng-240108120092/lzy/projects/Dual-Track-OPD/runs/gkd_geometry3k/qwen3vl_geometry3k_gkd_20260711_035352/rollouts/39.jsonl
[36m(TaskRunner pid=2835327)[0m step:39 - fc_opd/hook_loss:0.0 - fc_opd/hook_num_samples:4.0 - fc_opd/hook_active_weight:4096.0 - fc_opd/is_plain_gkd:1.0 - fc_opd/teacher_valid_ratio:1.0 - fc_opd/online/loss:0.0 - fc_opd/online/num_samples:4.0 - global_seqlen/min:1150 - global_seqlen/max:1307 - global_seqlen/minmax_diff:157 - global_seqlen/balanced_min:1150 - global_seqlen/balanced_max:1307 - global_seqlen/mean:1215.5 - actor/entropy:5.186945915222168 - perf/mfu/actor_infer:0 - actor/pg_loss:0.0 - actor/kl_loss:0.0 - actor/fc_opd_loss:1.118561565876007 - actor/pg_clipfrac:0.0 - actor/ppo_kl:0.0 - actor/pg_clipfrac_lower:0.0 - actor/fc_opd_denominator:1024.0 - actor/grad_norm:25.27660369873047 - perf/mfu/actor:0.01586884594541252 - perf/max_memory_allocated_gb:21.351612091064453 - perf/max_memory_reserved_gb:25.85546875 - perf/cpu_memory_used_gb:166.51503372192383 - actor/lr:1e-06 - training/global_step:39 - training/epoch:0 - critic/score/mean:0.0 - critic/score/max:0.0 - critic/score/min:0.0 - critic/rewards/mean:0.0 - critic/rewards/max:0.0 - critic/rewards/min:0.0 - critic/advantages/mean:0.0 - critic/advantages/max:0.0 - critic/advantages/min:0.0 - critic/returns/mean:0.0 - critic/returns/max:0.0 - critic/returns/min:0.0 - response_length/mean:1024.0 - response_length/max:1024.0 - response_length/min:1024.0 - response_length/clip_ratio:1.0 - response_length_non_aborted/mean:1024.0 - response_length_non_aborted/max:1024.0 - response_length_non_aborted/min:1024.0 - response_length_non_aborted/clip_ratio:1.0 - response/aborted_ratio:0.0 - prompt_length/mean:191.5 - prompt_length/max:283.0 - prompt_length/min:126.0 - prompt_length/clip_ratio:0.0 - num_turns/min:2 - num_turns/max:2 - num_turns/mean:2.0 - timing_s/start_profile:2.7660280466079712e-05 - timing_s/agent_loop/num_preempted/min:-1 - timing_s/agent_loop/num_preempted/max:-1 - timing_s/agent_loop/num_preempted/mean:-1.0 - timing_s/agent_loop/generate_sequences/min:4.905788016505539 - timing_s/agent_loop/generate_sequences/max:4.921440806239843 - timing_s/agent_loop/generate_sequences/mean:4.915382094914094 - timing_s/agent_loop/tool_calls/min:0.0 - timing_s/agent_loop/tool_calls/max:0.0 - timing_s/agent_loop/tool_calls/mean:0.0 - timing_s/agent_loop/slowest/generate_sequences:4.921440806239843 - timing_s/agent_loop/slowest/tool_calls:0.0 - timing_s/agent_loop/slowest/prompt_length:201 - timing_s/agent_loop/slowest/response_length:1024 - timing_s/agent_loop/slowest/num_preempted:-1 - timing_s/gen:6.049140620045364 - timing_s/fc_opd:1.3451012689620256 - timing_s/reward:1.9694678485393524e-05 - timing_s/old_log_prob:0.674471034668386 - timing_s/adv:0.00039634015411138535 - timing_s/update_actor:2.0469193076714873 - timing_s/update_weights:2.107820642180741 - timing_s/dump_rollout_generations:0.005299431271851063 - timing_s/step:12.231684898026288 - timing_s/stop_profile:4.8317015171051025e-05 - timing_per_token_ms/gen:1.4768409716907627 - timing_per_token_ms/adv:8.151792556795256e-05 - timing_per_token_ms/update_actor:0.4210035597843454 - perf/total_num_tokens:4862 - perf/time_per_step:12.231684898026288 - perf/throughput:99.37306349316879
[36m(TaskRunner pid=2835327)[0m local_global_step_folder: /inspire/hdd/global_user/mengweicheng-240108120092/lzy/projects/Dual-Track-OPD/checkpoints/gkd_geometry3k/qwen3vl_geometry3k_gkd_20260711_035352/global_step_40
[36m(TaskRunner pid=2835327)[0m Dumped generations to /inspire/hdd/global_user/mengweicheng-240108120092/lzy/projects/Dual-Track-OPD/runs/gkd_geometry3k/qwen3vl_geometry3k_gkd_20260711_035352/rollouts/40.jsonl
[36m(TaskRunner pid=2835327)[0m test_gen_batch meta info: {'eos_token_id': 151645, 'pad_token_id': 151643, 'recompute_log_prob': False, 'do_sample': False, 'validate': True, 'global_steps': 40}
[36m(TaskRunner pid=2835327)[0m validation generation end
[36m(TaskRunner pid=2835327)[0m Dumped generations to /inspire/hdd/global_user/mengweicheng-240108120092/lzy/projects/Dual-Track-OPD/runs/gkd_geometry3k/qwen3vl_geometry3k_gkd_20260711_035352/validation/40.jsonl
[36m(TaskRunner pid=2835327)[0m step:40 - fc_opd/hook_loss:0.0 - fc_opd/hook_num_samples:4.0 - fc_opd/hook_active_weight:4096.0 - fc_opd/is_plain_gkd:1.0 - fc_opd/teacher_valid_ratio:1.0 - fc_opd/online/loss:0.0 - fc_opd/online/num_samples:4.0 - global_seqlen/min:1146 - global_seqlen/max:1385 - global_seqlen/minmax_diff:239 - global_seqlen/balanced_min:1146 - global_seqlen/balanced_max:1385 - global_seqlen/mean:1231.0 - actor/entropy:4.684690475463867 - perf/mfu/actor_infer:0 - actor/pg_loss:0.0 - actor/kl_loss:0.0 - actor/fc_opd_loss:1.096007615327835 - actor/pg_clipfrac:0.0 - actor/ppo_kl:0.0 - actor/pg_clipfrac_lower:0.0 - actor/fc_opd_denominator:1024.0 - actor/grad_norm:25.44752311706543 - perf/mfu/actor:0.015590955213173156 - perf/max_memory_allocated_gb:21.351612091064453 - perf/max_memory_reserved_gb:25.85546875 - perf/cpu_memory_used_gb:166.54657077789307 - actor/lr:1e-06 - val-core/geometry3k/reward/mean@1:0.0 - val-aux/geometry3k/score/mean@1:0.0 - val-aux/num_turns/min:2 - val-aux/num_turns/max:2 - val-aux/num_turns/mean:2.0 - training/global_step:40 - training/epoch:0 - critic/score/mean:0.0 - critic/score/max:0.0 - critic/score/min:0.0 - critic/rewards/mean:0.0 - critic/rewards/max:0.0 - critic/rewards/min:0.0 - critic/advantages/mean:0.0 - critic/advantages/max:0.0 - critic/advantages/min:0.0 - critic/returns/mean:0.0 - critic/returns/max:0.0 - critic/returns/min:0.0 - response_length/mean:1024.0 - response_length/max:1024.0 - response_length/min:1024.0 - response_length/clip_ratio:1.0 - response_length_non_aborted/mean:1024.0 - response_length_non_aborted/max:1024.0 - response_length_non_aborted/min:1024.0 - response_length_non_aborted/clip_ratio:1.0 - response/aborted_ratio:0.0 - prompt_length/mean:207.0 - prompt_length/max:361.0 - prompt_length/min:122.0 - prompt_length/clip_ratio:0.0 - num_turns/min:2 - num_turns/max:2 - num_turns/mean:2.0 - timing_s/start_profile:3.0353665351867676e-05 - timing_s/agent_loop/num_preempted/min:-1 - timing_s/agent_loop/num_preempted/max:-1 - timing_s/agent_loop/num_preempted/mean:-1.0 - timing_s/agent_loop/generate_sequences/min:4.883987474255264 - timing_s/agent_loop/generate_sequences/max:4.900457670912147 - timing_s/agent_loop/generate_sequences/mean:4.891589148202911 - timing_s/agent_loop/tool_calls/min:0.0 - timing_s/agent_loop/tool_calls/max:0.0 - timing_s/agent_loop/tool_calls/mean:0.0 - timing_s/agent_loop/slowest/generate_sequences:4.900457670912147 - timing_s/agent_loop/slowest/tool_calls:0.0 - timing_s/agent_loop/slowest/prompt_length:214 - timing_s/agent_loop/slowest/response_length:1024 - timing_s/agent_loop/slowest/num_preempted:-1 - timing_s/gen:6.023254029452801 - timing_s/fc_opd:1.5879300870001316 - timing_s/reward:9.893439710140228e-06 - timing_s/old_log_prob:0.5782390534877777 - timing_s/adv:0.00039334315806627274 - timing_s/update_actor:2.1346649788320065 - timing_s/save_checkpoint:9.078712325543165 - timing_s/update_weights:2.4302127109840512 - timing_s/dump_rollout_generations:0.004912837408483028 - timing_s/step:21.84138503856957 - timing_s/testing:12.287029307335615 - timing_s/stop_profile:8.998904377222061e-05 - timing_per_token_ms/gen:1.4705210032843752 - timing_per_token_ms/adv:7.988285094765897e-05 - timing_per_token_ms/update_actor:0.4335225383493108 - perf/total_num_tokens:4924 - perf/time_per_step:21.84138503856957 - perf/throughput:56.36089459648207
[36m(TaskRunner pid=2835327)[0m Dumped generations to /inspire/hdd/global_user/mengweicheng-240108120092/lzy/projects/Dual-Track-OPD/runs/gkd_geometry3k/qwen3vl_geometry3k_gkd_20260711_035352/rollouts/41.jsonl
[36m(TaskRunner pid=2835327)[0m step:41 - fc_opd/hook_loss:0.0 - fc_opd/hook_num_samples:4.0 - fc_opd/hook_active_weight:4096.0 - fc_opd/is_plain_gkd:1.0 - fc_opd/teacher_valid_ratio:1.0 - fc_opd/online/loss:0.0 - fc_opd/online/num_samples:4.0 - global_seqlen/min:1158 - global_seqlen/max:1428 - global_seqlen/minmax_diff:270 - global_seqlen/balanced_min:1158 - global_seqlen/balanced_max:1428 - global_seqlen/mean:1266.5 - actor/entropy:5.293237209320068 - perf/mfu/actor_infer:0 - actor/pg_loss:0.0 - actor/kl_loss:0.0 - actor/fc_opd_loss:0.9175181090831757 - actor/pg_clipfrac:0.0 - actor/ppo_kl:0.0 - actor/pg_clipfrac_lower:0.0 - actor/fc_opd_denominator:1024.0 - actor/grad_norm:21.583946228027344 - perf/mfu/actor:0.015820503388264084 - perf/max_memory_allocated_gb:21.351612091064453 - perf/max_memory_reserved_gb:25.85546875 - perf/cpu_memory_used_gb:167.20352935791016 - actor/lr:1e-06 - training/global_step:41 - training/epoch:0 - critic/score/mean:0.0 - critic/score/max:0.0 - critic/score/min:0.0 - critic/rewards/mean:0.0 - critic/rewards/max:0.0 - critic/rewards/min:0.0 - critic/advantages/mean:0.0 - critic/advantages/max:0.0 - critic/advantages/min:0.0 - critic/returns/mean:0.0 - critic/returns/max:0.0 - critic/returns/min:0.0 - response_length/mean:1024.0 - response_length/max:1024.0 - response_length/min:1024.0 - response_length/clip_ratio:1.0 - response_length_non_aborted/mean:1024.0 - response_length_non_aborted/max:1024.0 - response_length_non_aborted/min:1024.0 - response_length_non_aborted/clip_ratio:1.0 - response/aborted_ratio:0.0 - prompt_length/mean:242.5 - prompt_length/max:404.0 - prompt_length/min:134.0 - prompt_length/clip_ratio:0.0 - num_turns/min:2 - num_turns/max:2 - num_turns/mean:2.0 - timing_s/start_profile:5.6726858019828796e-05 - timing_s/agent_loop/num_preempted/min:-1 - timing_s/agent_loop/num_preempted/max:-1 - timing_s/agent_loop/num_preempted/mean:-1.0 - timing_s/agent_loop/generate_sequences/min:4.876700676977634 - timing_s/agent_loop/generate_sequences/max:4.952237782999873 - timing_s/agent_loop/generate_sequences/mean:4.9156099951360375 - timing_s/agent_loop/tool_calls/min:0.0 - timing_s/agent_loop/tool_calls/max:0.0 - timing_s/agent_loop/tool_calls/mean:0.0 - timing_s/agent_loop/slowest/generate_sequences:4.952237782999873 - timing_s/agent_loop/slowest/tool_calls:0.0 - timing_s/agent_loop/slowest/prompt_length:292 - timing_s/agent_loop/slowest/response_length:1024 - timing_s/agent_loop/slowest/num_preempted:-1 - timing_s/gen:6.227342654019594 - timing_s/fc_opd:1.3367416765540838 - timing_s/reward:1.2293457984924316e-05 - timing_s/old_log_prob:0.6729674469679594 - timing_s/adv:0.0003803875297307968 - timing_s/update_actor:2.1819890262559056 - timing_s/update_weights:2.486762468703091 - timing_s/dump_rollout_generations:0.005294852890074253 - timing_s/step:12.914165382273495 - timing_s/stop_profile:3.886129707098007e-05 - timing_per_token_ms/gen:1.5203473276415025 - timing_per_token_ms/adv:7.508636591606727e-05 - timing_per_token_ms/update_actor:0.4307124015507117 - perf/total_num_tokens:5066 - perf/time_per_step:12.914165382273495 - perf/throughput:98.07060406229961[36m(TaskRunner pid=2835327)[0m Training Progress:  82%|████████▏ | 41/50 [09:55<02:34, 17.22s/it]
[36m(TaskRunner pid=2835327)[0m WARNING:2026-07-11 04:08:14,217:========================================================================
[36m(TaskRunner pid=2835327)[0m WARNING:2026-07-11 04:08:14,217:  Qwen3-VL Online GKD Pipeline Verification
[36m(TaskRunner pid=2835327)[0m WARNING:2026-07-11 04:08:14,217:========================================================================
[36m(TaskRunner pid=2835327)[0m WARNING:2026-07-11 04:08:14,217:  C          = 1  conditions: ['full']
[36m(TaskRunner pid=2835327)[0m WARNING:2026-07-11 04:08:14,217:  loss_mode  = gkd
[36m(TaskRunner pid=2835327)[0m WARNING:2026-07-11 04:08:14,217:  batch      = [B=4, T=1024]
[36m(TaskRunner pid=2835327)[0m WARNING:2026-07-11 04:08:14,217:  top_k      = 32
[36m(TaskRunner pid=2835327)[0m WARNING:2026-07-11 04:08:14,217:  exact_lp   = torch.Size([4, 1, 1024])  (None=tail-fallback)
[36m(TaskRunner pid=2835327)[0m WARNING:2026-07-11 04:08:14,217:  Student    = raw image + canonical question  (choices allowed, no XML)
[36m(TaskRunner pid=2835327)[0m WARNING:2026-07-11 04:08:14,217:  Teacher    = raw image + same canonical question  (no format bias)
[36m(TaskRunner pid=2835327)[0m WARNING:2026-07-11 04:08:14,217:  KL         = forward
[36m(TaskRunner pid=2835327)[0m WARNING:2026-07-11 04:08:14,217:  Objective  = forward KL on the full-image teacher distribution (pure distillation, no GRPO)
[36m(TaskRunner pid=2835327)[0m WARNING:2026-07-11 04:08:14,217:  Routing    = uniform over teacher-valid response tokens
[36m(TaskRunner pid=2835327)[0m WARNING:2026-07-11 04:08:14,217:  Update     = current rollout -> immediate teacher score -> actor backward
[36m(TaskRunner pid=2835327)[0m WARNING:2026-07-11 04:08:14,217:========================================================================
[36m(TaskRunner pid=2835327)[0m ========================================================================
[36m(TaskRunner pid=2835327)[0m   Qwen3-VL Online GKD Pipeline Verification
[36m(TaskRunner pid=2835327)[0m ========================================================================
[36m(TaskRunner pid=2835327)[0m   C          = 1  conditions: ['full']
[36m(TaskRunner pid=2835327)[0m   loss_mode  = gkd
[36m(TaskRunner pid=2835327)[0m   batch      = [B=4, T=1024]
[36m(TaskRunner pid=2835327)[0m   top_k      = 32
[36m(TaskRunner pid=2835327)[0m   exact_lp   = torch.Size([4, 1, 1024])  (None=tail-fallback)
[36m(TaskRunner pid=2835327)[0m   Student    = raw image + canonical question  (choices allowed, no XML)
[36m(TaskRunner pid=2835327)[0m   Teacher    = raw image + same canonical question  (no format bias)
[36m(TaskRunner pid=2835327)[0m   KL         = forward
[36m(TaskRunner pid=2835327)[0m   Objective  = forward KL on the full-image teacher distribution (pure distillation, no GRPO)
[36m(TaskRunner pid=2835327)[0m   Routing    = uniform over teacher-valid response tokens
[36m(TaskRunner pid=2835327)[0m   Update     = current rollout -> immediate teacher score -> actor backward
[36m(TaskRunner pid=2835327)[0m ========================================================================
[36m(WorkerDict pid=2942692)[0m INFO:2026-07-11 04:08:18,544:update_weights done, time cost: 0.65s
[36m(TaskRunner pid=2835327)[0m Training Progress:  84%|████████▍ | 42/50 [10:07<02:06, 15.81s/it]
[36m(TaskRunner pid=2835327)[0m WARNING:2026-07-11 04:08:26,537:========================================================================
[36m(TaskRunner pid=2835327)[0m WARNING:2026-07-11 04:08:26,538:  Qwen3-VL Online GKD Pipeline Verification
[36m(TaskRunner pid=2835327)[0m WARNING:2026-07-11 04:08:26,538:========================================================================
[36m(TaskRunner pid=2835327)[0m WARNING:2026-07-11 04:08:26,538:  C          = 1  conditions: ['full']
[36m(TaskRunner pid=2835327)[0m WARNING:2026-07-11 04:08:26,538:  loss_mode  = gkd
[36m(TaskRunner pid=2835327)[0m WARNING:2026-07-11 04:08:26,538:  batch      = [B=4, T=1024]
[36m(TaskRunner pid=2835327)[0m WARNING:2026-07-11 04:08:26,538:  top_k      = 32
[36m(TaskRunner pid=2835327)[0m WARNING:2026-07-11 04:08:26,538:  exact_lp   = torch.Size([4, 1, 1024])  (None=tail-fallback)
[36m(TaskRunner pid=2835327)[0m WARNING:2026-07-11 04:08:26,538:  Student    = raw image + canonical question  (choices allowed, no XML)
[36m(TaskRunner pid=2835327)[0m WARNING:2026-07-11 04:08:26,538:  Teacher    = raw image + same canonical question  (no format bias)
[36m(TaskRunner pid=2835327)[0m WARNING:2026-07-11 04:08:26,538:  KL         = forward
[36m(TaskRunner pid=2835327)[0m WARNING:2026-07-11 04:08:26,538:  Objective  = forward KL on the full-image teacher distribution (pure distillation, no GRPO)
[36m(TaskRunner pid=2835327)[0m WARNING:2026-07-11 04:08:26,538:  Routing    = uniform over teacher-valid response tokens
[36m(TaskRunner pid=2835327)[0m WARNING:2026-07-11 04:08:26,538:  Update     = current rollout -> immediate teacher score -> actor backward
[36m(TaskRunner pid=2835327)[0m WARNING:2026-07-11 04:08:26,538:========================================================================
[36m(TaskRunner pid=2835327)[0m ========================================================================
[36m(TaskRunner pid=2835327)[0m   Qwen3-VL Online GKD Pipeline Verification
[36m(TaskRunner pid=2835327)[0m ========================================================================
[36m(TaskRunner pid=2835327)[0m   C          = 1  conditions: ['full']
[36m(TaskRunner pid=2835327)[0m   loss_mode  = gkd
[36m(TaskRunner pid=2835327)[0m   batch      = [B=4, T=1024]
[36m(TaskRunner pid=2835327)[0m   top_k      = 32
[36m(TaskRunner pid=2835327)[0m   exact_lp   = torch.Size([4, 1, 1024])  (None=tail-fallback)
[36m(TaskRunner pid=2835327)[0m   Student    = raw image + canonical question  (choices allowed, no XML)
[36m(TaskRunner pid=2835327)[0m   Teacher    = raw image + same canonical question  (no format bias)
[36m(TaskRunner pid=2835327)[0m   KL         = forward
[36m(TaskRunner pid=2835327)[0m   Objective  = forward KL on the full-image teacher distribution (pure distillation, no GRPO)
[36m(TaskRunner pid=2835327)[0m   Routing    = uniform over teacher-valid response tokens
[36m(TaskRunner pid=2835327)[0m   Update     = current rollout -> immediate teacher score -> actor backward
[36m(TaskRunner pid=2835327)[0m ========================================================================
[36m(WorkerDict pid=2942692)[0m INFO:2026-07-11 04:08:31,479:update_weights done, time cost: 0.67s
[36m(TaskRunner pid=2835327)[0m Training Progress:  86%|████████▌ | 43/50 [10:20<01:44, 14.95s/it]
[36m(TaskRunner pid=2835327)[0m WARNING:2026-07-11 04:08:39,340:========================================================================
[36m(TaskRunner pid=2835327)[0m WARNING:2026-07-11 04:08:39,340:  Qwen3-VL Online GKD Pipeline Verification
[36m(TaskRunner pid=2835327)[0m WARNING:2026-07-11 04:08:39,340:========================================================================
[36m(TaskRunner pid=2835327)[0m WARNING:2026-07-11 04:08:39,340:  C          = 1  conditions: ['full']
[36m(TaskRunner pid=2835327)[0m WARNING:2026-07-11 04:08:39,340:  loss_mode  = gkd
[36m(TaskRunner pid=2835327)[0m WARNING:2026-07-11 04:08:39,340:  batch      = [B=4, T=1024]
[36m(TaskRunner pid=2835327)[0m WARNING:2026-07-11 04:08:39,340:  top_k      = 32
[36m(TaskRunner pid=2835327)[0m WARNING:2026-07-11 04:08:39,340:  exact_lp   = torch.Size([4, 1, 1024])  (None=tail-fallback)
[36m(TaskRunner pid=2835327)[0m WARNING:2026-07-11 04:08:39,340:  Student    = raw image + canonical question  (choices allowed, no XML)
[36m(TaskRunner pid=2835327)[0m WARNING:2026-07-11 04:08:39,340:  Teacher    = raw image + same canonical question  (no format bias)
[36m(TaskRunner pid=2835327)[0m WARNING:2026-07-11 04:08:39,340:  KL         = forward
[36m(TaskRunner pid=2835327)[0m WARNING:2026-07-11 04:08:39,340:  Objective  = forward KL on the full-image teacher distribution (pure distillation, no GRPO)
[36m(TaskRunner pid=2835327)[0m WARNING:2026-07-11 04:08:39,340:  Routing    = uniform over teacher-valid response tokens
[36m(TaskRunner pid=2835327)[0m WARNING:2026-07-11 04:08:39,340:  Update     = current rollout -> immediate teacher score -> actor backward
[36m(TaskRunner pid=2835327)[0m WARNING:2026-07-11 04:08:39,340:========================================================================
[36m(TaskRunner pid=2835327)[0m ========================================================================
[36m(TaskRunner pid=2835327)[0m   Qwen3-VL Online GKD Pipeline Verification
[36m(TaskRunner pid=2835327)[0m ========================================================================
[36m(TaskRunner pid=2835327)[0m   C          = 1  conditions: ['full']
[36m(TaskRunner pid=2835327)[0m   loss_mode  = gkd
[36m(TaskRunner pid=2835327)[0m   batch      = [B=4, T=1024]
[36m(TaskRunner pid=2835327)[0m   top_k      = 32
[36m(TaskRunner pid=2835327)[0m   exact_lp   = torch.Size([4, 1, 1024])  (None=tail-fallback)
[36m(TaskRunner pid=2835327)[0m   Student    = raw image + canonical question  (choices allowed, no XML)
[36m(TaskRunner pid=2835327)[0m   Teacher    = raw image + same canonical question  (no format bias)
[36m(TaskRunner pid=2835327)[0m   KL         = forward
[36m(TaskRunner pid=2835327)[0m   Objective  = forward KL on the full-image teacher distribution (pure distillation, no GRPO)
[36m(TaskRunner pid=2835327)[0m   Routing    = uniform over teacher-valid response tokens
[36m(TaskRunner pid=2835327)[0m   Update     = current rollout -> immediate teacher score -> actor backward
[36m(TaskRunner pid=2835327)[0m ========================================================================
[36m(WorkerDict pid=2942692)[0m INFO:2026-07-11 04:08:43,891:update_weights done, time cost: 0.72s

[36m(TaskRunner pid=2835327)[0m Dumped generations to /inspire/hdd/global_user/mengweicheng-240108120092/lzy/projects/Dual-Track-OPD/runs/gkd_geometry3k/qwen3vl_geometry3k_gkd_20260711_035352/rollouts/42.jsonl
[36m(TaskRunner pid=2835327)[0m step:42 - fc_opd/hook_loss:0.0 - fc_opd/hook_num_samples:4.0 - fc_opd/hook_active_weight:4096.0 - fc_opd/is_plain_gkd:1.0 - fc_opd/teacher_valid_ratio:1.0 - fc_opd/online/loss:0.0 - fc_opd/online/num_samples:4.0 - global_seqlen/min:1220 - global_seqlen/max:1482 - global_seqlen/minmax_diff:262 - global_seqlen/balanced_min:1220 - global_seqlen/balanced_max:1482 - global_seqlen/mean:1335.5 - actor/entropy:4.141678810119629 - perf/mfu/actor_infer:0 - actor/pg_loss:0.0 - actor/kl_loss:0.0 - actor/fc_opd_loss:0.8912323862314224 - actor/pg_clipfrac:0.0 - actor/ppo_kl:0.0 - actor/pg_clipfrac_lower:0.0 - actor/fc_opd_denominator:1024.0 - actor/grad_norm:16.970401763916016 - perf/mfu/actor:0.017905207107996812 - perf/max_memory_allocated_gb:21.351612091064453 - perf/max_memory_reserved_gb:25.85546875 - perf/cpu_memory_used_gb:167.1559066772461 - actor/lr:1e-06 - training/global_step:42 - training/epoch:0 - critic/score/mean:0.0 - critic/score/max:0.0 - critic/score/min:0.0 - critic/rewards/mean:0.0 - critic/rewards/max:0.0 - critic/rewards/min:0.0 - critic/advantages/mean:0.0 - critic/advantages/max:0.0 - critic/advantages/min:0.0 - critic/returns/mean:0.0 - critic/returns/max:0.0 - critic/returns/min:0.0 - response_length/mean:1024.0 - response_length/max:1024.0 - response_length/min:1024.0 - response_length/clip_ratio:1.0 - response_length_non_aborted/mean:1024.0 - response_length_non_aborted/max:1024.0 - response_length_non_aborted/min:1024.0 - response_length_non_aborted/clip_ratio:1.0 - response/aborted_ratio:0.0 - prompt_length/mean:311.5 - prompt_length/max:458.0 - prompt_length/min:196.0 - prompt_length/clip_ratio:0.0 - num_turns/min:2 - num_turns/max:2 - num_turns/mean:2.0 - timing_s/start_profile:2.928823232650757e-05 - timing_s/agent_loop/num_preempted/min:-1 - timing_s/agent_loop/num_preempted/max:-1 - timing_s/agent_loop/num_preempted/mean:-1.0 - timing_s/agent_loop/generate_sequences/min:4.882616328075528 - timing_s/agent_loop/generate_sequences/max:4.973708908073604 - timing_s/agent_loop/generate_sequences/mean:4.9300742810592055 - timing_s/agent_loop/tool_calls/min:0.0 - timing_s/agent_loop/tool_calls/max:0.0 - timing_s/agent_loop/tool_calls/mean:0.0 - timing_s/agent_loop/slowest/generate_sequences:4.973708908073604 - timing_s/agent_loop/slowest/tool_calls:0.0 - timing_s/agent_loop/slowest/prompt_length:324 - timing_s/agent_loop/slowest/response_length:1024 - timing_s/agent_loop/slowest/num_preempted:-1 - timing_s/gen:6.124347550794482 - timing_s/fc_opd:1.4673198889940977 - timing_s/reward:1.898501068353653e-05 - timing_s/old_log_prob:0.6686944793909788 - timing_s/adv:0.000406632199883461 - timing_s/update_actor:2.0759962387382984 - timing_s/update_weights:2.1615419071167707 - timing_s/dump_rollout_generations:0.005186442285776138 - timing_s/step:12.506135077215731 - timing_s/stop_profile:4.92120161652565e-05 - timing_per_token_ms/gen:1.4952020387681841 - timing_per_token_ms/adv:7.611984273370667e-05 - timing_per_token_ms/update_actor:0.38861779085329434 - perf/total_num_tokens:5342 - perf/time_per_step:12.506135077215731 - perf/throughput:106.78758799215892
[36m(TaskRunner pid=2835327)[0m Dumped generations to /inspire/hdd/global_user/mengweicheng-240108120092/lzy/projects/Dual-Track-OPD/runs/gkd_geometry3k/qwen3vl_geometry3k_gkd_20260711_035352/rollouts/43.jsonl
[36m(TaskRunner pid=2835327)[0m step:43 - fc_opd/hook_loss:0.0 - fc_opd/hook_num_samples:4.0 - fc_opd/hook_active_weight:4096.0 - fc_opd/is_plain_gkd:1.0 - fc_opd/teacher_valid_ratio:1.0 - fc_opd/online/loss:0.0 - fc_opd/online/num_samples:4.0 - global_seqlen/min:1218 - global_seqlen/max:1446 - global_seqlen/minmax_diff:228 - global_seqlen/balanced_min:1218 - global_seqlen/balanced_max:1446 - global_seqlen/mean:1317.25 - actor/entropy:3.633312940597534 - perf/mfu/actor_infer:0 - actor/pg_loss:0.0 - actor/kl_loss:0.0 - actor/fc_opd_loss:0.8558145016431808 - actor/pg_clipfrac:0.0 - actor/ppo_kl:0.0 - actor/pg_clipfrac_lower:0.0 - actor/fc_opd_denominator:1024.0 - actor/grad_norm:15.48585319519043 - perf/mfu/actor:0.01670576014172602 - perf/max_memory_allocated_gb:21.351612091064453 - perf/max_memory_reserved_gb:25.85546875 - perf/cpu_memory_used_gb:166.92075634002686 - actor/lr:1e-06 - training/global_step:43 - training/epoch:0 - critic/score/mean:0.0 - critic/score/max:0.0 - critic/score/min:0.0 - critic/rewards/mean:0.0 - critic/rewards/max:0.0 - critic/rewards/min:0.0 - critic/advantages/mean:0.0 - critic/advantages/max:0.0 - critic/advantages/min:0.0 - critic/returns/mean:0.0 - critic/returns/max:0.0 - critic/returns/min:0.0 - response_length/mean:1024.0 - response_length/max:1024.0 - response_length/min:1024.0 - response_length/clip_ratio:1.0 - response_length_non_aborted/mean:1024.0 - response_length_non_aborted/max:1024.0 - response_length_non_aborted/min:1024.0 - response_length_non_aborted/clip_ratio:1.0 - response/aborted_ratio:0.0 - prompt_length/mean:293.25 - prompt_length/max:422.0 - prompt_length/min:194.0 - prompt_length/clip_ratio:0.0 - num_turns/min:2 - num_turns/max:2 - num_turns/mean:2.0 - timing_s/start_profile:2.925470471382141e-05 - timing_s/agent_loop/num_preempted/min:-1 - timing_s/agent_loop/num_preempted/max:-1 - timing_s/agent_loop/num_preempted/mean:-1.0 - timing_s/agent_loop/generate_sequences/min:4.913711606524885 - timing_s/agent_loop/generate_sequences/max:4.954590071924031 - timing_s/agent_loop/generate_sequences/mean:4.9356306828558445 - timing_s/agent_loop/tool_calls/min:0.0 - timing_s/agent_loop/tool_calls/max:0.0 - timing_s/agent_loop/tool_calls/mean:0.0 - timing_s/agent_loop/slowest/generate_sequences:4.954590071924031 - timing_s/agent_loop/slowest/tool_calls:0.0 - timing_s/agent_loop/slowest/prompt_length:288 - timing_s/agent_loop/slowest/response_length:1024 - timing_s/agent_loop/slowest/num_preempted:-1 - timing_s/gen:5.968567533418536 - timing_s/fc_opd:1.4317172411829233 - timing_s/reward:1.3018958270549774e-05 - timing_s/old_log_prob:0.845987749285996 - timing_s/adv:0.00036734621971845627 - timing_s/update_actor:2.1920735212042928 - timing_s/update_weights:2.4946633521467447 - timing_s/dump_rollout_generations:0.004810289479792118 - timing_s/step:12.941434750333428 - timing_s/stop_profile:4.144478589296341e-05 - timing_per_token_ms/gen:1.4571698079635098 - timing_per_token_ms/adv:6.971839432880172e-05 - timing_per_token_ms/update_actor:0.4160321733164344 - perf/total_num_tokens:5269 - perf/time_per_step:12.941434750333428 - perf/throughput:101.78546856762244
[36m(TaskRunner pid=2835327)[0m Dumped generations to /inspire/hdd/global_user/mengweicheng-240108120092/lzy/projects/Dual-Track-OPD/runs/gkd_geometry3k/qwen3vl_geometry3k_gkd_20260711_035352/rollouts/44.jsonl
[36m(TaskRunner pid=2835327)[0m step:44 - fc_opd/hook_loss:0.0 - fc_opd/hook_num_samples:4.0 - fc_opd/hook_active_weight:4096.0 - fc_opd/is_plain_gkd:1.0 - fc_opd/teacher_valid_ratio:1.0 - fc_opd/online/loss:0.0 - fc_opd/online/num_samples:4.0 - global_seqlen/min:1157 - global_seqlen/max:1233 - global_seqlen/minmax_diff:76 - global_seqlen/balanced_min:1157 - global_seqlen/balanced_max:1233 - global_seqlen/mean:1194.75 - actor/entropy:2.747084140777588 - perf/mfu/actor_infer:0 - actor/pg_loss:0.0 - actor/kl_loss:0.0 - actor/fc_opd_loss:0.7587837129831314 - actor/pg_clipfrac:0.0 - actor/ppo_kl:0.0 - actor/pg_clipfrac_lower:0.0 - actor/fc_opd_denominator:1024.0 - actor/grad_norm:20.96842384338379 - perf/mfu/actor:0.014948427363091772 - perf/max_memory_allocated_gb:21.351612091064453 - perf/max_memory_reserved_gb:25.85546875 - perf/cpu_memory_used_gb:166.9450225830078 - actor/lr:1e-06 - training/global_step:44 - training/epoch:0 - critic/score/mean:0.0 - critic/score/max:0.0 - critic/score/min:0.0 - critic/rewards/mean:0.0 - critic/rewards/max:0.0 - critic/rewards/min:0.0 - critic/advantages/mean:0.0 - critic/advantages/max:0.0 - critic/advantages/min:0.0 - critic/returns/mean:0.0 - critic/returns/max:0.0 - critic/returns/min:0.0 - response_length/mean:1024.0 - response_length/max:1024.0 - response_length/min:1024.0 - response_length/clip_ratio:1.0 - response_length_non_aborted/mean:1024.0 - response_length_non_aborted/max:1024.0 - response_length_non_aborted/min:1024.0 - response_length_non_aborted/clip_ratio:1.0 - response/aborted_ratio:0.0 - prompt_length/mean:170.75 - prompt_length/max:209.0 - prompt_length/min:133.0 - prompt_length/clip_ratio:0.0 - num_turns/min:2 - num_turns/max:2 - num_turns/mean:2.0 - timing_s/start_profile:5.3064897656440735e-05 - timing_s/agent_loop/num_preempted/min:-1 - timing_s/agent_loop/num_preempted/max:-1 - timing_s/agent_loop/num_preempted/mean:-1.0 - timing_s/agent_loop/generate_sequences/min:4.875998673029244 - timing_s/agent_loop/generate_sequences/max:4.930942391976714 - timing_s/agent_loop/generate_sequences/mean:4.904731521150097 - timing_s/agent_loop/tool_calls/min:0.0 - timing_s/agent_loop/tool_calls/max:0.0 - timing_s/agent_loop/tool_calls/mean:0.0 - timing_s/agent_loop/slowest/generate_sequences:4.930942391976714 - timing_s/agent_loop/slowest/tool_calls:0.0 - timing_s/agent_loop/slowest/prompt_length:209 - timing_s/agent_loop/slowest/response_length:1024 - timing_s/agent_loop/slowest/num_preempted:-1 - timing_s/gen:5.990643392316997 - timing_s/fc_opd:1.2636778950691223 - timing_s/reward:1.015886664390564e-05 - timing_s/old_log_prob:0.6104015903547406 - timing_s/adv:0.0003467230126261711 - timing_s/update_actor:2.119614850729704 - timing_s/update_weights:2.3998163752257824 - timing_s/dump_rollout_generations:0.004784727469086647 - timing_s/step:12.39149466343224 - timing_s/stop_profile:3.98857519030571e-05 - timing_per_token_ms/gen:1.4625594219523919 - timing_per_token_ms/adv:7.255137322163028e-05 - timing_per_token_ms/update_actor:0.44352685723576146 - perf/total_num_tokens:4779 - perf/time_per_step:12.39149466343224 - perf/throughput:96.41694020381185[36m(TaskRunner pid=2835327)[0m Training Progress:  88%|████████▊ | 44/50 [10:33<01:25, 14.18s/it]
[36m(TaskRunner pid=2835327)[0m WARNING:2026-07-11 04:08:51,774:========================================================================
[36m(TaskRunner pid=2835327)[0m WARNING:2026-07-11 04:08:51,774:  Qwen3-VL Online GKD Pipeline Verification
[36m(TaskRunner pid=2835327)[0m WARNING:2026-07-11 04:08:51,774:========================================================================
[36m(TaskRunner pid=2835327)[0m WARNING:2026-07-11 04:08:51,774:  C          = 1  conditions: ['full']
[36m(TaskRunner pid=2835327)[0m WARNING:2026-07-11 04:08:51,774:  loss_mode  = gkd
[36m(TaskRunner pid=2835327)[0m WARNING:2026-07-11 04:08:51,774:  batch      = [B=4, T=1024]
[36m(TaskRunner pid=2835327)[0m WARNING:2026-07-11 04:08:51,774:  top_k      = 32
[36m(TaskRunner pid=2835327)[0m WARNING:2026-07-11 04:08:51,774:  exact_lp   = torch.Size([4, 1, 1024])  (None=tail-fallback)
[36m(TaskRunner pid=2835327)[0m WARNING:2026-07-11 04:08:51,774:  Student    = raw image + canonical question  (choices allowed, no XML)
[36m(TaskRunner pid=2835327)[0m WARNING:2026-07-11 04:08:51,774:  Teacher    = raw image + same canonical question  (no format bias)
[36m(TaskRunner pid=2835327)[0m WARNING:2026-07-11 04:08:51,774:  KL         = forward
[36m(TaskRunner pid=2835327)[0m WARNING:2026-07-11 04:08:51,774:  Objective  = forward KL on the full-image teacher distribution (pure distillation, no GRPO)
[36m(TaskRunner pid=2835327)[0m WARNING:2026-07-11 04:08:51,774:  Routing    = uniform over teacher-valid response tokens
[36m(TaskRunner pid=2835327)[0m WARNING:2026-07-11 04:08:51,774:  Update     = current rollout -> immediate teacher score -> actor backward
[36m(TaskRunner pid=2835327)[0m WARNING:2026-07-11 04:08:51,774:========================================================================
[36m(TaskRunner pid=2835327)[0m ========================================================================
[36m(TaskRunner pid=2835327)[0m   Qwen3-VL Online GKD Pipeline Verification
[36m(TaskRunner pid=2835327)[0m ========================================================================
[36m(TaskRunner pid=2835327)[0m   C          = 1  conditions: ['full']
[36m(TaskRunner pid=2835327)[0m   loss_mode  = gkd
[36m(TaskRunner pid=2835327)[0m   batch      = [B=4, T=1024]
[36m(TaskRunner pid=2835327)[0m   top_k      = 32
[36m(TaskRunner pid=2835327)[0m   exact_lp   = torch.Size([4, 1, 1024])  (None=tail-fallback)
[36m(TaskRunner pid=2835327)[0m   Student    = raw image + canonical question  (choices allowed, no XML)
[36m(TaskRunner pid=2835327)[0m   Teacher    = raw image + same canonical question  (no format bias)
[36m(TaskRunner pid=2835327)[0m   KL         = forward
[36m(TaskRunner pid=2835327)[0m   Objective  = forward KL on the full-image teacher distribution (pure distillation, no GRPO)
[36m(TaskRunner pid=2835327)[0m   Routing    = uniform over teacher-valid response tokens
[36m(TaskRunner pid=2835327)[0m   Update     = current rollout -> immediate teacher score -> actor backward
[36m(TaskRunner pid=2835327)[0m ========================================================================
[36m(WorkerDict pid=2942692)[0m INFO:2026-07-11 04:08:56,446:update_weights done, time cost: 0.74s
[36m(TaskRunner pid=2835327)[0m Training Progress:  90%|█████████ | 45/50 [10:45<01:08, 13.69s/it]
[36m(TaskRunner pid=2835327)[0m WARNING:2026-07-11 04:09:04,637:========================================================================
[36m(TaskRunner pid=2835327)[0m WARNING:2026-07-11 04:09:04,637:  Qwen3-VL Online GKD Pipeline Verification
[36m(TaskRunner pid=2835327)[0m WARNING:2026-07-11 04:09:04,637:========================================================================
[36m(TaskRunner pid=2835327)[0m WARNING:2026-07-11 04:09:04,637:  C          = 1  conditions: ['full']
[36m(TaskRunner pid=2835327)[0m WARNING:2026-07-11 04:09:04,637:  loss_mode  = gkd
[36m(TaskRunner pid=2835327)[0m WARNING:2026-07-11 04:09:04,637:  batch      = [B=4, T=1024]
[36m(TaskRunner pid=2835327)[0m WARNING:2026-07-11 04:09:04,637:  top_k      = 32
[36m(TaskRunner pid=2835327)[0m WARNING:2026-07-11 04:09:04,637:  exact_lp   = torch.Size([4, 1, 1024])  (None=tail-fallback)
[36m(TaskRunner pid=2835327)[0m WARNING:2026-07-11 04:09:04,637:  Student    = raw image + canonical question  (choices allowed, no XML)
[36m(TaskRunner pid=2835327)[0m WARNING:2026-07-11 04:09:04,637:  Teacher    = raw image + same canonical question  (no format bias)
[36m(TaskRunner pid=2835327)[0m WARNING:2026-07-11 04:09:04,637:  KL         = forward
[36m(TaskRunner pid=2835327)[0m WARNING:2026-07-11 04:09:04,637:  Objective  = forward KL on the full-image teacher distribution (pure distillation, no GRPO)
[36m(TaskRunner pid=2835327)[0m WARNING:2026-07-11 04:09:04,637:  Routing    = uniform over teacher-valid response tokens
[36m(TaskRunner pid=2835327)[0m WARNING:2026-07-11 04:09:04,637:  Update     = current rollout -> immediate teacher score -> actor backward
[36m(TaskRunner pid=2835327)[0m WARNING:2026-07-11 04:09:04,637:========================================================================
[36m(TaskRunner pid=2835327)[0m ========================================================================
[36m(TaskRunner pid=2835327)[0m   Qwen3-VL Online GKD Pipeline Verification
[36m(TaskRunner pid=2835327)[0m ========================================================================
[36m(TaskRunner pid=2835327)[0m   C          = 1  conditions: ['full']
[36m(TaskRunner pid=2835327)[0m   loss_mode  = gkd
[36m(TaskRunner pid=2835327)[0m   batch      = [B=4, T=1024]
[36m(TaskRunner pid=2835327)[0m   top_k      = 32
[36m(TaskRunner pid=2835327)[0m   exact_lp   = torch.Size([4, 1, 1024])  (None=tail-fallback)
[36m(TaskRunner pid=2835327)[0m   Student    = raw image + canonical question  (choices allowed, no XML)
[36m(TaskRunner pid=2835327)[0m   Teacher    = raw image + same canonical question  (no format bias)
[36m(TaskRunner pid=2835327)[0m   KL         = forward
[36m(TaskRunner pid=2835327)[0m   Objective  = forward KL on the full-image teacher distribution (pure distillation, no GRPO)
[36m(TaskRunner pid=2835327)[0m   Routing    = uniform over teacher-valid response tokens
[36m(TaskRunner pid=2835327)[0m   Update     = current rollout -> immediate teacher score -> actor backward
[36m(TaskRunner pid=2835327)[0m ========================================================================
[36m(WorkerDict pid=2942692)[0m INFO:2026-07-11 04:09:09,111:update_weights done, time cost: 0.67s
[36m(TaskRunner pid=2835327)[0m Training Progress:  92%|█████████▏| 46/50 [10:58<00:53, 13.40s/it]
[36m(TaskRunner pid=2835327)[0m WARNING:2026-07-11 04:09:17,474:========================================================================
[36m(TaskRunner pid=2835327)[0m WARNING:2026-07-11 04:09:17,474:  Qwen3-VL Online GKD Pipeline Verification
[36m(TaskRunner pid=2835327)[0m WARNING:2026-07-11 04:09:17,474:========================================================================
[36m(TaskRunner pid=2835327)[0m WARNING:2026-07-11 04:09:17,474:  C          = 1  conditions: ['full']
[36m(TaskRunner pid=2835327)[0m WARNING:2026-07-11 04:09:17,474:  loss_mode  = gkd
[36m(TaskRunner pid=2835327)[0m WARNING:2026-07-11 04:09:17,474:  batch      = [B=4, T=1024]
[36m(TaskRunner pid=2835327)[0m WARNING:2026-07-11 04:09:17,474:  top_k      = 32
[36m(TaskRunner pid=2835327)[0m WARNING:2026-07-11 04:09:17,474:  exact_lp   = torch.Size([4, 1, 1024])  (None=tail-fallback)
[36m(TaskRunner pid=2835327)[0m WARNING:2026-07-11 04:09:17,474:  Student    = raw image + canonical question  (choices allowed, no XML)
[36m(TaskRunner pid=2835327)[0m WARNING:2026-07-11 04:09:17,474:  Teacher    = raw image + same canonical question  (no format bias)
[36m(TaskRunner pid=2835327)[0m WARNING:2026-07-11 04:09:17,474:  KL         = forward
[36m(TaskRunner pid=2835327)[0m WARNING:2026-07-11 04:09:17,474:  Objective  = forward KL on the full-image teacher distribution (pure distillation, no GRPO)
[36m(TaskRunner pid=2835327)[0m WARNING:2026-07-11 04:09:17,474:  Routing    = uniform over teacher-valid response tokens
[36m(TaskRunner pid=2835327)[0m WARNING:2026-07-11 04:09:17,474:  Update     = current rollout -> immediate teacher score -> actor backward
[36m(TaskRunner pid=2835327)[0m WARNING:2026-07-11 04:09:17,474:========================================================================
[36m(TaskRunner pid=2835327)[0m ========================================================================
[36m(TaskRunner pid=2835327)[0m   Qwen3-VL Online GKD Pipeline Verification
[36m(TaskRunner pid=2835327)[0m ========================================================================
[36m(TaskRunner pid=2835327)[0m   C          = 1  conditions: ['full']
[36m(TaskRunner pid=2835327)[0m   loss_mode  = gkd
[36m(TaskRunner pid=2835327)[0m   batch      = [B=4, T=1024]
[36m(TaskRunner pid=2835327)[0m   top_k      = 32
[36m(TaskRunner pid=2835327)[0m   exact_lp   = torch.Size([4, 1, 1024])  (None=tail-fallback)
[36m(TaskRunner pid=2835327)[0m   Student    = raw image + canonical question  (choices allowed, no XML)
[36m(TaskRunner pid=2835327)[0m   Teacher    = raw image + same canonical question  (no format bias)
[36m(TaskRunner pid=2835327)[0m   KL         = forward
[36m(TaskRunner pid=2835327)[0m   Objective  = forward KL on the full-image teacher distribution (pure distillation, no GRPO)
[36m(TaskRunner pid=2835327)[0m   Routing    = uniform over teacher-valid response tokens
[36m(TaskRunner pid=2835327)[0m   Update     = current rollout -> immediate teacher score -> actor backward
[36m(TaskRunner pid=2835327)[0m ========================================================================
[36m(WorkerDict pid=2942692)[0m INFO:2026-07-11 04:09:21,691:update_weights done, time cost: 0.63s

[36m(TaskRunner pid=2835327)[0m Dumped generations to /inspire/hdd/global_user/mengweicheng-240108120092/lzy/projects/Dual-Track-OPD/runs/gkd_geometry3k/qwen3vl_geometry3k_gkd_20260711_035352/rollouts/45.jsonl
[36m(TaskRunner pid=2835327)[0m step:45 - fc_opd/hook_loss:0.0 - fc_opd/hook_num_samples:4.0 - fc_opd/hook_active_weight:4096.0 - fc_opd/is_plain_gkd:1.0 - fc_opd/teacher_valid_ratio:1.0 - fc_opd/online/loss:0.0 - fc_opd/online/num_samples:4.0 - global_seqlen/min:1169 - global_seqlen/max:1551 - global_seqlen/minmax_diff:382 - global_seqlen/balanced_min:1169 - global_seqlen/balanced_max:1551 - global_seqlen/mean:1276.5 - actor/entropy:2.632596254348755 - perf/mfu/actor_infer:0 - actor/pg_loss:-0.2499997615814209 - actor/kl_loss:0.0 - actor/fc_opd_loss:0.6669164448976517 - actor/pg_clipfrac:0.0 - actor/ppo_kl:0.0 - actor/pg_clipfrac_lower:0.0 - actor/fc_opd_denominator:1024.0 - actor/grad_norm:18.32239532470703 - perf/mfu/actor:0.016816342312731644 - perf/max_memory_allocated_gb:21.351612091064453 - perf/max_memory_reserved_gb:25.85546875 - perf/cpu_memory_used_gb:166.90657901763916 - actor/lr:1e-06 - training/global_step:45 - training/epoch:0 - critic/score/mean:0.25 - critic/score/max:1.0 - critic/score/min:0.0 - critic/rewards/mean:0.25 - critic/rewards/max:1.0 - critic/rewards/min:0.0 - critic/advantages/mean:0.2499997615814209 - critic/advantages/max:0.9999990463256836 - critic/advantages/min:0.0 - critic/returns/mean:0.2499997615814209 - critic/returns/max:0.9999990463256836 - critic/returns/min:0.0 - response_length/mean:1024.0 - response_length/max:1024.0 - response_length/min:1024.0 - response_length/clip_ratio:1.0 - response_length_non_aborted/mean:1024.0 - response_length_non_aborted/max:1024.0 - response_length_non_aborted/min:1024.0 - response_length_non_aborted/clip_ratio:1.0 - response/aborted_ratio:0.0 - prompt_length/mean:252.5 - prompt_length/max:527.0 - prompt_length/min:145.0 - prompt_length/clip_ratio:0.0 - num_turns/min:2 - num_turns/max:2 - num_turns/mean:2.0 - timing_s/start_profile:3.0887313187122345e-05 - timing_s/agent_loop/num_preempted/min:-1 - timing_s/agent_loop/num_preempted/max:-1 - timing_s/agent_loop/num_preempted/mean:-1.0 - timing_s/agent_loop/generate_sequences/min:4.896693525835872 - timing_s/agent_loop/generate_sequences/max:4.954751723445952 - timing_s/agent_loop/generate_sequences/mean:4.917880082502961 - timing_s/agent_loop/tool_calls/min:0.0 - timing_s/agent_loop/tool_calls/max:0.0 - timing_s/agent_loop/tool_calls/mean:0.0 - timing_s/agent_loop/slowest/generate_sequences:4.954751723445952 - timing_s/agent_loop/slowest/tool_calls:0.0 - timing_s/agent_loop/slowest/prompt_length:527 - timing_s/agent_loop/slowest/response_length:1024 - timing_s/agent_loop/slowest/num_preempted:-1 - timing_s/gen:5.935559277422726 - timing_s/fc_opd:1.3593470035120845 - timing_s/reward:1.898501068353653e-05 - timing_s/old_log_prob:0.5830847406759858 - timing_s/adv:0.00040109455585479736 - timing_s/update_actor:2.0845470800995827 - timing_s/update_weights:2.5658864742144942 - timing_s/dump_rollout_generations:0.0046571483835577965 - timing_s/step:12.53600649535656 - timing_s/stop_profile:5.016103386878967e-05 - timing_per_token_ms/gen:1.4491111517145328 - timing_per_token_ms/adv:7.855357537305079e-05 - timing_per_token_ms/update_actor:0.40825442226783837 - perf/total_num_tokens:5106 - perf/time_per_step:12.53600649535656 - perf/throughput:101.82668623160224
[36m(TaskRunner pid=2835327)[0m Dumped generations to /inspire/hdd/global_user/mengweicheng-240108120092/lzy/projects/Dual-Track-OPD/runs/gkd_geometry3k/qwen3vl_geometry3k_gkd_20260711_035352/rollouts/46.jsonl
[36m(TaskRunner pid=2835327)[0m step:46 - fc_opd/hook_loss:0.0 - fc_opd/hook_num_samples:4.0 - fc_opd/hook_active_weight:4096.0 - fc_opd/is_plain_gkd:1.0 - fc_opd/teacher_valid_ratio:1.0 - fc_opd/online/loss:0.0 - fc_opd/online/num_samples:4.0 - global_seqlen/min:1148 - global_seqlen/max:1402 - global_seqlen/minmax_diff:254 - global_seqlen/balanced_min:1148 - global_seqlen/balanced_max:1402 - global_seqlen/mean:1274.25 - actor/entropy:1.9264580011367798 - perf/mfu/actor_infer:0 - actor/pg_loss:0.0 - actor/kl_loss:0.0 - actor/fc_opd_loss:0.6105432286858559 - actor/pg_clipfrac:0.0 - actor/ppo_kl:0.0 - actor/pg_clipfrac_lower:0.0 - actor/fc_opd_denominator:1024.0 - actor/grad_norm:15.172674179077148 - perf/mfu/actor:0.016555094878137888 - perf/max_memory_allocated_gb:21.351612091064453 - perf/max_memory_reserved_gb:25.85546875 - perf/cpu_memory_used_gb:166.9727268218994 - actor/lr:1e-06 - training/global_step:46 - training/epoch:0 - critic/score/mean:0.0 - critic/score/max:0.0 - critic/score/min:0.0 - critic/rewards/mean:0.0 - critic/rewards/max:0.0 - critic/rewards/min:0.0 - critic/advantages/mean:0.0 - critic/advantages/max:0.0 - critic/advantages/min:0.0 - critic/returns/mean:0.0 - critic/returns/max:0.0 - critic/returns/min:0.0 - response_length/mean:1024.0 - response_length/max:1024.0 - response_length/min:1024.0 - response_length/clip_ratio:1.0 - response_length_non_aborted/mean:1024.0 - response_length_non_aborted/max:1024.0 - response_length_non_aborted/min:1024.0 - response_length_non_aborted/clip_ratio:1.0 - response/aborted_ratio:0.0 - prompt_length/mean:250.25 - prompt_length/max:378.0 - prompt_length/min:124.0 - prompt_length/clip_ratio:0.0 - num_turns/min:2 - num_turns/max:2 - num_turns/mean:2.0 - timing_s/start_profile:2.6891008019447327e-05 - timing_s/agent_loop/num_preempted/min:-1 - timing_s/agent_loop/num_preempted/max:-1 - timing_s/agent_loop/num_preempted/mean:-1.0 - timing_s/agent_loop/generate_sequences/min:4.916840355843306 - timing_s/agent_loop/generate_sequences/max:4.993367216549814 - timing_s/agent_loop/generate_sequences/mean:4.954343379475176 - timing_s/agent_loop/tool_calls/min:0.0 - timing_s/agent_loop/tool_calls/max:0.0 - timing_s/agent_loop/tool_calls/mean:0.0 - timing_s/agent_loop/slowest/generate_sequences:4.993367216549814 - timing_s/agent_loop/slowest/tool_calls:0.0 - timing_s/agent_loop/slowest/prompt_length:207 - timing_s/agent_loop/slowest/response_length:1024 - timing_s/agent_loop/slowest/num_preempted:-1 - timing_s/gen:6.170858203433454 - timing_s/fc_opd:1.4480950962752104 - timing_s/reward:1.2857839465141296e-05 - timing_s/old_log_prob:0.5980753293260932 - timing_s/adv:0.0003767935559153557 - timing_s/update_actor:2.1044016052037477 - timing_s/update_weights:2.377156622707844 - timing_s/dump_rollout_generations:0.004970955662429333 - timing_s/step:12.707062426954508 - timing_s/stop_profile:4.0180981159210205e-05 - timing_per_token_ms/gen:1.5065571785726206 - timing_per_token_ms/adv:7.39245744389554e-05 - timing_per_token_ms/update_actor:0.4128706308031681 - perf/total_num_tokens:5097 - perf/time_per_step:12.707062426954508 - perf/throughput:100.2788809234959
[36m(TaskRunner pid=2835327)[0m Dumped generations to /inspire/hdd/global_user/mengweicheng-240108120092/lzy/projects/Dual-Track-OPD/runs/gkd_geometry3k/qwen3vl_geometry3k_gkd_20260711_035352/rollouts/47.jsonl
[36m(TaskRunner pid=2835327)[0m step:47 - fc_opd/hook_loss:0.0 - fc_opd/hook_num_samples:4.0 - fc_opd/hook_active_weight:4096.0 - fc_opd/is_plain_gkd:1.0 - fc_opd/teacher_valid_ratio:1.0 - fc_opd/online/loss:0.0 - fc_opd/online/num_samples:4.0 - global_seqlen/min:1192 - global_seqlen/max:1365 - global_seqlen/minmax_diff:173 - global_seqlen/balanced_min:1192 - global_seqlen/balanced_max:1365 - global_seqlen/mean:1299.0 - actor/entropy:1.5464056730270386 - perf/mfu/actor_infer:0 - actor/pg_loss:0.0 - actor/kl_loss:0.0 - actor/fc_opd_loss:0.4621064066886902 - actor/pg_clipfrac:0.0 - actor/ppo_kl:0.0 - actor/pg_clipfrac_lower:0.0 - actor/fc_opd_denominator:1024.0 - actor/grad_norm:15.418621063232422 - perf/mfu/actor:0.017269140413565386 - perf/max_memory_allocated_gb:21.351612091064453 - perf/max_memory_reserved_gb:25.85546875 - perf/cpu_memory_used_gb:166.95477294921875 - actor/lr:1e-06 - training/global_step:47 - training/epoch:0 - critic/score/mean:0.0 - critic/score/max:0.0 - critic/score/min:0.0 - critic/rewards/mean:0.0 - critic/rewards/max:0.0 - critic/rewards/min:0.0 - critic/advantages/mean:0.0 - critic/advantages/max:0.0 - critic/advantages/min:0.0 - critic/returns/mean:0.0 - critic/returns/max:0.0 - critic/returns/min:0.0 - response_length/mean:1024.0 - response_length/max:1024.0 - response_length/min:1024.0 - response_length/clip_ratio:1.0 - response_length_non_aborted/mean:1024.0 - response_length_non_aborted/max:1024.0 - response_length_non_aborted/min:1024.0 - response_length_non_aborted/clip_ratio:1.0 - response/aborted_ratio:0.0 - prompt_length/mean:275.0 - prompt_length/max:341.0 - prompt_length/min:168.0 - prompt_length/clip_ratio:0.0 - num_turns/min:2 - num_turns/max:2 - num_turns/mean:2.0 - timing_s/start_profile:2.7903355658054352e-05 - timing_s/agent_loop/num_preempted/min:-1 - timing_s/agent_loop/num_preempted/max:-1 - timing_s/agent_loop/num_preempted/mean:-1.0 - timing_s/agent_loop/generate_sequences/min:4.87144313659519 - timing_s/agent_loop/generate_sequences/max:4.92569594271481 - timing_s/agent_loop/generate_sequences/mean:4.906173870433122 - timing_s/agent_loop/tool_calls/min:0.0 - timing_s/agent_loop/tool_calls/max:0.0 - timing_s/agent_loop/tool_calls/mean:0.0 - timing_s/agent_loop/slowest/generate_sequences:4.92569594271481 - timing_s/agent_loop/slowest/tool_calls:0.0 - timing_s/agent_loop/slowest/prompt_length:341 - timing_s/agent_loop/slowest/response_length:1024 - timing_s/agent_loop/slowest/num_preempted:-1 - timing_s/gen:6.090262211859226 - timing_s/fc_opd:1.6567428866401315 - timing_s/reward:1.956149935722351e-05 - timing_s/old_log_prob:0.5967802666127682 - timing_s/adv:0.00040723569691181183 - timing_s/update_actor:2.0682387379929423 - timing_s/update_weights:2.119090889580548 - timing_s/dump_rollout_generations:0.004522249102592468 - timing_s/step:12.538623032160103 - timing_s/stop_profile:5.4300762712955475e-05 - timing_per_token_ms/gen:1.486880422817194 - timing_per_token_ms/adv:7.837484544107233e-05 - timing_per_token_ms/update_actor:0.39804440685006587 - perf/total_num_tokens:5196 - perf/time_per_step:12.538623032160103 - perf/throughput:103.59989264117893[36m(TaskRunner pid=2835327)[0m Training Progress:  94%|█████████▍| 47/50 [11:10<00:39, 13.14s/it]
[36m(TaskRunner pid=2835327)[0m WARNING:2026-07-11 04:09:29,631:========================================================================
[36m(TaskRunner pid=2835327)[0m WARNING:2026-07-11 04:09:29,631:  Qwen3-VL Online GKD Pipeline Verification
[36m(TaskRunner pid=2835327)[0m WARNING:2026-07-11 04:09:29,631:========================================================================
[36m(TaskRunner pid=2835327)[0m WARNING:2026-07-11 04:09:29,631:  C          = 1  conditions: ['full']
[36m(TaskRunner pid=2835327)[0m WARNING:2026-07-11 04:09:29,631:  loss_mode  = gkd
[36m(TaskRunner pid=2835327)[0m WARNING:2026-07-11 04:09:29,631:  batch      = [B=4, T=1024]
[36m(TaskRunner pid=2835327)[0m WARNING:2026-07-11 04:09:29,631:  top_k      = 32
[36m(TaskRunner pid=2835327)[0m WARNING:2026-07-11 04:09:29,631:  exact_lp   = torch.Size([4, 1, 1024])  (None=tail-fallback)
[36m(TaskRunner pid=2835327)[0m WARNING:2026-07-11 04:09:29,631:  Student    = raw image + canonical question  (choices allowed, no XML)
[36m(TaskRunner pid=2835327)[0m WARNING:2026-07-11 04:09:29,631:  Teacher    = raw image + same canonical question  (no format bias)
[36m(TaskRunner pid=2835327)[0m WARNING:2026-07-11 04:09:29,631:  KL         = forward
[36m(TaskRunner pid=2835327)[0m WARNING:2026-07-11 04:09:29,631:  Objective  = forward KL on the full-image teacher distribution (pure distillation, no GRPO)
[36m(TaskRunner pid=2835327)[0m WARNING:2026-07-11 04:09:29,631:  Routing    = uniform over teacher-valid response tokens
[36m(TaskRunner pid=2835327)[0m WARNING:2026-07-11 04:09:29,631:  Update     = current rollout -> immediate teacher score -> actor backward
[36m(TaskRunner pid=2835327)[0m WARNING:2026-07-11 04:09:29,631:========================================================================
[36m(TaskRunner pid=2835327)[0m ========================================================================
[36m(TaskRunner pid=2835327)[0m   Qwen3-VL Online GKD Pipeline Verification
[36m(TaskRunner pid=2835327)[0m ========================================================================
[36m(TaskRunner pid=2835327)[0m   C          = 1  conditions: ['full']
[36m(TaskRunner pid=2835327)[0m   loss_mode  = gkd
[36m(TaskRunner pid=2835327)[0m   batch      = [B=4, T=1024]
[36m(TaskRunner pid=2835327)[0m   top_k      = 32
[36m(TaskRunner pid=2835327)[0m   exact_lp   = torch.Size([4, 1, 1024])  (None=tail-fallback)
[36m(TaskRunner pid=2835327)[0m   Student    = raw image + canonical question  (choices allowed, no XML)
[36m(TaskRunner pid=2835327)[0m   Teacher    = raw image + same canonical question  (no format bias)
[36m(TaskRunner pid=2835327)[0m   KL         = forward
[36m(TaskRunner pid=2835327)[0m   Objective  = forward KL on the full-image teacher distribution (pure distillation, no GRPO)
[36m(TaskRunner pid=2835327)[0m   Routing    = uniform over teacher-valid response tokens
[36m(TaskRunner pid=2835327)[0m   Update     = current rollout -> immediate teacher score -> actor backward
[36m(TaskRunner pid=2835327)[0m ========================================================================
[36m(WorkerDict pid=2942692)[0m INFO:2026-07-11 04:09:34,472:update_weights done, time cost: 0.62s
[36m(TaskRunner pid=2835327)[0m Training Progress:  96%|█████████▌| 48/50 [11:23<00:26, 13.04s/it]
[36m(TaskRunner pid=2835327)[0m WARNING:2026-07-11 04:09:42,593:========================================================================
[36m(TaskRunner pid=2835327)[0m WARNING:2026-07-11 04:09:42,593:  Qwen3-VL Online GKD Pipeline Verification
[36m(TaskRunner pid=2835327)[0m WARNING:2026-07-11 04:09:42,593:========================================================================
[36m(TaskRunner pid=2835327)[0m WARNING:2026-07-11 04:09:42,594:  C          = 1  conditions: ['full']
[36m(TaskRunner pid=2835327)[0m WARNING:2026-07-11 04:09:42,594:  loss_mode  = gkd
[36m(TaskRunner pid=2835327)[0m WARNING:2026-07-11 04:09:42,594:  batch      = [B=4, T=1024]
[36m(TaskRunner pid=2835327)[0m WARNING:2026-07-11 04:09:42,594:  top_k      = 32
[36m(TaskRunner pid=2835327)[0m WARNING:2026-07-11 04:09:42,594:  exact_lp   = torch.Size([4, 1, 1024])  (None=tail-fallback)
[36m(TaskRunner pid=2835327)[0m WARNING:2026-07-11 04:09:42,594:  Student    = raw image + canonical question  (choices allowed, no XML)
[36m(TaskRunner pid=2835327)[0m WARNING:2026-07-11 04:09:42,594:  Teacher    = raw image + same canonical question  (no format bias)
[36m(TaskRunner pid=2835327)[0m WARNING:2026-07-11 04:09:42,594:  KL         = forward
[36m(TaskRunner pid=2835327)[0m WARNING:2026-07-11 04:09:42,594:  Objective  = forward KL on the full-image teacher distribution (pure distillation, no GRPO)
[36m(TaskRunner pid=2835327)[0m WARNING:2026-07-11 04:09:42,594:  Routing    = uniform over teacher-valid response tokens
[36m(TaskRunner pid=2835327)[0m WARNING:2026-07-11 04:09:42,594:  Update     = current rollout -> immediate teacher score -> actor backward
[36m(TaskRunner pid=2835327)[0m WARNING:2026-07-11 04:09:42,594:========================================================================
[36m(TaskRunner pid=2835327)[0m ========================================================================
[36m(TaskRunner pid=2835327)[0m   Qwen3-VL Online GKD Pipeline Verification
[36m(TaskRunner pid=2835327)[0m ========================================================================
[36m(TaskRunner pid=2835327)[0m   C          = 1  conditions: ['full']
[36m(TaskRunner pid=2835327)[0m   loss_mode  = gkd
[36m(TaskRunner pid=2835327)[0m   batch      = [B=4, T=1024]
[36m(TaskRunner pid=2835327)[0m   top_k      = 32
[36m(TaskRunner pid=2835327)[0m   exact_lp   = torch.Size([4, 1, 1024])  (None=tail-fallback)
[36m(TaskRunner pid=2835327)[0m   Student    = raw image + canonical question  (choices allowed, no XML)
[36m(TaskRunner pid=2835327)[0m   Teacher    = raw image + same canonical question  (no format bias)
[36m(TaskRunner pid=2835327)[0m   KL         = forward
[36m(TaskRunner pid=2835327)[0m   Objective  = forward KL on the full-image teacher distribution (pure distillation, no GRPO)
[36m(TaskRunner pid=2835327)[0m   Routing    = uniform over teacher-valid response tokens
[36m(TaskRunner pid=2835327)[0m   Update     = current rollout -> immediate teacher score -> actor backward
[36m(TaskRunner pid=2835327)[0m ========================================================================
[36m(WorkerDict pid=2942692)[0m INFO:2026-07-11 04:09:46,974:update_weights done, time cost: 0.67s
[36m(TaskRunner pid=2835327)[0m Training Progress:  98%|█████████▊| 49/50 [11:36<00:12, 12.86s/it]
[36m(TaskRunner pid=2835327)[0m WARNING:2026-07-11 04:09:54,605:========================================================================
[36m(TaskRunner pid=2835327)[0m WARNING:2026-07-11 04:09:54,605:  Qwen3-VL Online GKD Pipeline Verification
[36m(TaskRunner pid=2835327)[0m WARNING:2026-07-11 04:09:54,605:========================================================================
[36m(TaskRunner pid=2835327)[0m WARNING:2026-07-11 04:09:54,605:  C          = 1  conditions: ['full']
[36m(TaskRunner pid=2835327)[0m WARNING:2026-07-11 04:09:54,605:  loss_mode  = gkd
[36m(TaskRunner pid=2835327)[0m WARNING:2026-07-11 04:09:54,605:  batch      = [B=4, T=1024]
[36m(TaskRunner pid=2835327)[0m WARNING:2026-07-11 04:09:54,605:  top_k      = 32
[36m(TaskRunner pid=2835327)[0m WARNING:2026-07-11 04:09:54,605:  exact_lp   = torch.Size([4, 1, 1024])  (None=tail-fallback)
[36m(TaskRunner pid=2835327)[0m WARNING:2026-07-11 04:09:54,605:  Student    = raw image + canonical question  (choices allowed, no XML)
[36m(TaskRunner pid=2835327)[0m WARNING:2026-07-11 04:09:54,605:  Teacher    = raw image + same canonical question  (no format bias)
[36m(TaskRunner pid=2835327)[0m WARNING:2026-07-11 04:09:54,605:  KL         = forward
[36m(TaskRunner pid=2835327)[0m WARNING:2026-07-11 04:09:54,605:  Objective  = forward KL on the full-image teacher distribution (pure distillation, no GRPO)
[36m(TaskRunner pid=2835327)[0m WARNING:2026-07-11 04:09:54,605:  Routing    = uniform over teacher-valid response tokens
[36m(TaskRunner pid=2835327)[0m WARNING:2026-07-11 04:09:54,605:  Update     = current rollout -> immediate teacher score -> actor backward
[36m(TaskRunner pid=2835327)[0m WARNING:2026-07-11 04:09:54,605:========================================================================
[36m(TaskRunner pid=2835327)[0m ========================================================================
[36m(TaskRunner pid=2835327)[0m   Qwen3-VL Online GKD Pipeline Verification
[36m(TaskRunner pid=2835327)[0m ========================================================================
[36m(TaskRunner pid=2835327)[0m   C          = 1  conditions: ['full']
[36m(TaskRunner pid=2835327)[0m   loss_mode  = gkd
[36m(TaskRunner pid=2835327)[0m   batch      = [B=4, T=1024]
[36m(TaskRunner pid=2835327)[0m   top_k      = 32
[36m(TaskRunner pid=2835327)[0m   exact_lp   = torch.Size([4, 1, 1024])  (None=tail-fallback)
[36m(TaskRunner pid=2835327)[0m   Student    = raw image + canonical question  (choices allowed, no XML)
[36m(TaskRunner pid=2835327)[0m   Teacher    = raw image + same canonical question  (no format bias)
[36m(TaskRunner pid=2835327)[0m   KL         = forward
[36m(TaskRunner pid=2835327)[0m   Objective  = forward KL on the full-image teacher distribution (pure distillation, no GRPO)
[36m(TaskRunner pid=2835327)[0m   Routing    = uniform over teacher-valid response tokens
[36m(TaskRunner pid=2835327)[0m   Update     = current rollout -> immediate teacher score -> actor backward
[36m(TaskRunner pid=2835327)[0m ========================================================================
[36m(WorkerDict pid=2942692)[0m INFO:2026-07-11 04:10:00,068:[Rank 0] Saved model to /inspire/hdd/global_user/mengweicheng-240108120092/lzy/projects/Dual-Track-OPD/checkpoints/gkd_geometry3k/qwen3vl_geometry3k_gkd_20260711_035352/global_step_50/actor/model_world_size_4_rank_0.pt
[36m(WorkerDict pid=2942692)[0m INFO:2026-07-11 04:10:05,671:[Rank 0] Saved optim to /inspire/hdd/global_user/mengweicheng-240108120092/lzy/projects/Dual-Track-OPD/checkpoints/gkd_geometry3k/qwen3vl_geometry3k_gkd_20260711_035352/global_step_50/actor/optim_world_size_4_rank_0.pt
[36m(WorkerDict pid=2942692)[0m INFO:2026-07-11 04:10:05,673:[Rank 0] Saved extra_state to /inspire/hdd/global_user/mengweicheng-240108120092/lzy/projects/Dual-Track-OPD/checkpoints/gkd_geometry3k/qwen3vl_geometry3k_gkd_20260711_035352/global_step_50/actor/extra_state_world_size_4_rank_0.pt
[36m(WorkerDict pid=2942707)[0m INFO:2026-07-11 04:10:00,108:[Rank 1] Saved model to /inspire/hdd/global_user/mengweicheng-240108120092/lzy/projects/Dual-Track-OPD/checkpoints/gkd_geometry3k/qwen3vl_geometry3k_gkd_20260711_035352/global_step_50/actor/model_world_size_4_rank_1.pt[32m [repeated 3x across cluster][0m
[36m(WorkerDict pid=2942692)[0m INFO:2026-07-11 04:10:06,168:[Rank 0] Saved model config and tokenizer class to /inspire/hdd/global_user/mengweicheng-240108120092/lzy/projects/Dual-Track-OPD/checkpoints/gkd_geometry3k/qwen3vl_geometry3k_gkd_20260711_035352/global_step_50/actor/huggingface
[36m(WorkerDict pid=2942692)[0m INFO:2026-07-11 04:10:07,957:update_weights done, time cost: 0.61s

[36m(TaskRunner pid=2835327)[0m Dumped generations to /inspire/hdd/global_user/mengweicheng-240108120092/lzy/projects/Dual-Track-OPD/runs/gkd_geometry3k/qwen3vl_geometry3k_gkd_20260711_035352/rollouts/48.jsonl
[36m(TaskRunner pid=2835327)[0m step:48 - fc_opd/hook_loss:0.0 - fc_opd/hook_num_samples:4.0 - fc_opd/hook_active_weight:4096.0 - fc_opd/is_plain_gkd:1.0 - fc_opd/teacher_valid_ratio:1.0 - fc_opd/online/loss:0.0 - fc_opd/online/num_samples:4.0 - global_seqlen/min:1156 - global_seqlen/max:1198 - global_seqlen/minmax_diff:42 - global_seqlen/balanced_min:1156 - global_seqlen/balanced_max:1198 - global_seqlen/mean:1171.75 - actor/entropy:1.133232593536377 - perf/mfu/actor_infer:0 - actor/pg_loss:0.0 - actor/kl_loss:0.0 - actor/fc_opd_loss:0.34304389357566833 - actor/pg_clipfrac:0.0 - actor/ppo_kl:0.0 - actor/pg_clipfrac_lower:0.0 - actor/fc_opd_denominator:1024.0 - actor/grad_norm:10.956711769104004 - perf/mfu/actor:0.012998112236387029 - perf/max_memory_allocated_gb:21.351612091064453 - perf/max_memory_reserved_gb:25.85546875 - perf/cpu_memory_used_gb:167.00028610229492 - actor/lr:1e-06 - training/global_step:48 - training/epoch:0 - critic/score/mean:0.0 - critic/score/max:0.0 - critic/score/min:0.0 - critic/rewards/mean:0.0 - critic/rewards/max:0.0 - critic/rewards/min:0.0 - critic/advantages/mean:0.0 - critic/advantages/max:0.0 - critic/advantages/min:0.0 - critic/returns/mean:0.0 - critic/returns/max:0.0 - critic/returns/min:0.0 - response_length/mean:1024.0 - response_length/max:1024.0 - response_length/min:1024.0 - response_length/clip_ratio:1.0 - response_length_non_aborted/mean:1024.0 - response_length_non_aborted/max:1024.0 - response_length_non_aborted/min:1024.0 - response_length_non_aborted/clip_ratio:1.0 - response/aborted_ratio:0.0 - prompt_length/mean:147.75 - prompt_length/max:174.0 - prompt_length/min:132.0 - prompt_length/clip_ratio:0.0 - num_turns/min:2 - num_turns/max:2 - num_turns/mean:2.0 - timing_s/start_profile:2.9307790100574493e-05 - timing_s/agent_loop/num_preempted/min:-1 - timing_s/agent_loop/num_preempted/max:-1 - timing_s/agent_loop/num_preempted/mean:-1.0 - timing_s/agent_loop/generate_sequences/min:4.871617132797837 - timing_s/agent_loop/generate_sequences/max:4.915377934463322 - timing_s/agent_loop/generate_sequences/mean:4.888080585515127 - timing_s/agent_loop/tool_calls/min:0.0 - timing_s/agent_loop/tool_calls/max:0.0 - timing_s/agent_loop/tool_calls/mean:0.0 - timing_s/agent_loop/slowest/generate_sequences:4.915377934463322 - timing_s/agent_loop/slowest/tool_calls:0.0 - timing_s/agent_loop/slowest/prompt_length:174 - timing_s/agent_loop/slowest/response_length:1024 - timing_s/agent_loop/slowest/num_preempted:-1 - timing_s/gen:6.094989019446075 - timing_s/fc_opd:1.2673679068684578 - timing_s/reward:1.2477859854698181e-05 - timing_s/old_log_prob:0.72184385266155 - timing_s/adv:0.000368533656001091 - timing_s/update_actor:2.360823817551136 - timing_s/update_weights:2.3601458873599768 - timing_s/dump_rollout_generations:0.004467754624783993 - timing_s/step:12.813270272687078 - timing_s/stop_profile:4.268437623977661e-05 - timing_per_token_ms/gen:1.488034428575702 - timing_per_token_ms/adv:7.862890036293813e-05 - timing_per_token_ms/update_actor:0.503696141999389 - perf/total_num_tokens:4687 - perf/time_per_step:12.813270272687078 - perf/throughput:91.44816077888535
[36m(TaskRunner pid=2835327)[0m Dumped generations to /inspire/hdd/global_user/mengweicheng-240108120092/lzy/projects/Dual-Track-OPD/runs/gkd_geometry3k/qwen3vl_geometry3k_gkd_20260711_035352/rollouts/49.jsonl
[36m(TaskRunner pid=2835327)[0m step:49 - fc_opd/hook_loss:0.0 - fc_opd/hook_num_samples:4.0 - fc_opd/hook_active_weight:4096.0 - fc_opd/is_plain_gkd:1.0 - fc_opd/teacher_valid_ratio:1.0 - fc_opd/online/loss:0.0 - fc_opd/online/num_samples:4.0 - global_seqlen/min:1287 - global_seqlen/max:1432 - global_seqlen/minmax_diff:145 - global_seqlen/balanced_min:1287 - global_seqlen/balanced_max:1432 - global_seqlen/mean:1384.25 - actor/entropy:0.6729934215545654 - perf/mfu/actor_infer:0 - actor/pg_loss:0.0 - actor/kl_loss:0.0 - actor/fc_opd_loss:0.599828690290451 - actor/pg_clipfrac:0.0 - actor/ppo_kl:0.0 - actor/pg_clipfrac_lower:0.0 - actor/fc_opd_denominator:1024.0 - actor/grad_norm:23.54669952392578 - perf/mfu/actor:0.018628879415264882 - perf/max_memory_allocated_gb:21.351612091064453 - perf/max_memory_reserved_gb:25.85546875 - perf/cpu_memory_used_gb:166.88324737548828 - actor/lr:1e-06 - training/global_step:49 - training/epoch:0 - critic/score/mean:0.0 - critic/score/max:0.0 - critic/score/min:0.0 - critic/rewards/mean:0.0 - critic/rewards/max:0.0 - critic/rewards/min:0.0 - critic/advantages/mean:0.0 - critic/advantages/max:0.0 - critic/advantages/min:0.0 - critic/returns/mean:0.0 - critic/returns/max:0.0 - critic/returns/min:0.0 - response_length/mean:1024.0 - response_length/max:1024.0 - response_length/min:1024.0 - response_length/clip_ratio:1.0 - response_length_non_aborted/mean:1024.0 - response_length_non_aborted/max:1024.0 - response_length_non_aborted/min:1024.0 - response_length_non_aborted/clip_ratio:1.0 - response/aborted_ratio:0.0 - prompt_length/mean:360.25 - prompt_length/max:408.0 - prompt_length/min:263.0 - prompt_length/clip_ratio:0.0 - num_turns/min:2 - num_turns/max:2 - num_turns/mean:2.0 - timing_s/start_profile:5.8642588555812836e-05 - timing_s/agent_loop/num_preempted/min:-1 - timing_s/agent_loop/num_preempted/max:-1 - timing_s/agent_loop/num_preempted/mean:-1.0 - timing_s/agent_loop/generate_sequences/min:4.919866730459034 - timing_s/agent_loop/generate_sequences/max:4.938197054900229 - timing_s/agent_loop/generate_sequences/mean:4.9322567651979625 - timing_s/agent_loop/tool_calls/min:0.0 - timing_s/agent_loop/tool_calls/max:0.0 - timing_s/agent_loop/tool_calls/mean:0.0 - timing_s/agent_loop/slowest/generate_sequences:4.938197054900229 - timing_s/agent_loop/slowest/tool_calls:0.0 - timing_s/agent_loop/slowest/prompt_length:408 - timing_s/agent_loop/slowest/response_length:1024 - timing_s/agent_loop/slowest/num_preempted:-1 - timing_s/gen:6.074381723999977 - timing_s/fc_opd:1.3986301366239786 - timing_s/reward:1.0298565030097961e-05 - timing_s/old_log_prob:0.7382916864007711 - timing_s/adv:0.00037181656807661057 - timing_s/update_actor:2.0999676287174225 - timing_s/update_weights:2.085674219764769 - timing_s/dump_rollout_generations:0.004338572733104229 - timing_s/step:12.403956833295524 - timing_s/stop_profile:3.992300480604172e-05 - timing_per_token_ms/gen:1.483003350585932 - timing_per_token_ms/adv:6.715126748719714e-05 - timing_per_token_ms/update_actor:0.3792609045904682 - perf/total_num_tokens:5537 - perf/time_per_step:12.403956833295524 - perf/throughput:111.59745382895112
[36m(TaskRunner pid=2835327)[0m local_global_step_folder: /inspire/hdd/global_user/mengweicheng-240108120092/lzy/projects/Dual-Track-OPD/checkpoints/gkd_geometry3k/qwen3vl_geometry3k_gkd_20260711_035352/global_step_50
[36m(TaskRunner pid=2835327)[0m Dumped generations to /inspire/hdd/global_user/mengweicheng-240108120092/lzy/projects/Dual-Track-OPD/runs/gkd_geometry3k/qwen3vl_geometry3k_gkd_20260711_035352/rollouts/50.jsonl
[36m(TaskRunner pid=2835327)[0m test_gen_batch meta info: {'eos_token_id': 151645, 'pad_token_id': 151643, 'recompute_log_prob': False, 'do_sample': False, 'validate': True, 'global_steps': 50}
[36m(TaskRunner pid=2835327)[0m validation generation end
[36m(TaskRunner pid=2835327)[0m Dumped generations to /inspire/hdd/global_user/mengweicheng-240108120092/lzy/projects/Dual-Track-OPD/runs/gkd_geometry3k/qwen3vl_geometry3k_gkd_20260711_035352/validation/50.jsonl
[36m(TaskRunner pid=2835327)[0m Training Progress: 100%|██████████| 50/50 [12:09<00:00, 19.03s/it]Training Progress: 100%|██████████| 50/50 [12:09<00:00, 14.59s/it]
[36m(WorkerDict pid=2942707)[0m INFO:2026-07-11 04:10:05,708:[Rank 1] Saved optim to /inspire/hdd/global_user/mengweicheng-240108120092/lzy/projects/Dual-Track-OPD/checkpoints/gkd_geometry3k/qwen3vl_geometry3k_gkd_20260711_035352/global_step_50/actor/optim_world_size_4_rank_1.pt[32m [repeated 3x across cluster][0m
[36m(WorkerDict pid=2942707)[0m INFO:2026-07-11 04:10:05,710:[Rank 1] Saved extra_state to /inspire/hdd/global_user/mengweicheng-240108120092/lzy/projects/Dual-Track-OPD/checkpoints/gkd_geometry3k/qwen3vl_geometry3k_gkd_20260711_035352/global_step_50/actor/extra_state_world_size_4_rank_1.pt[32m [repeated 3x across cluster][0m
[36m(TaskRunner pid=2835327)[0m Traceback (most recent call last):
[36m(TaskRunner pid=2835327)[0m   File "/inspire/hdd/global_user/mengweicheng-240108120092/lzy/fc-opd-storage/envs/fc-opd-verl071-cu128/lib/python3.12/site-packages/ray/_private/workers/default_worker.py", line 323, in <module>
[36m(TaskRunner pid=2835327)[0m     worker.main_loop()
[36m(TaskRunner pid=2835327)[0m   File "/inspire/hdd/global_user/mengweicheng-240108120092/lzy/fc-opd-storage/envs/fc-opd-verl071-cu128/lib/python3.12/site-packages/ray/_private/worker.py", line 1039, in main_loop
[36m(TaskRunner pid=2835327)[0m     self.core_worker.run_task_loop()
[36m(TaskRunner pid=2835327)[0m   File "/inspire/hdd/global_user/mengweicheng-240108120092/lzy/fc-opd-storage/envs/fc-opd-verl071-cu128/lib/python3.12/site-packages/torch/utils/data/_utils/signal_handling.py", line 73, in handler
[36m(TaskRunner pid=2835327)[0m     _error_if_any_worker_fails()
[36m(TaskRunner pid=2835327)[0m RuntimeError: DataLoader worker (pid 3178258) is killed by signal: Killed. 
[36m(TaskRunner pid=2835327)[0m step:50 - fc_opd/hook_loss:0.0 - fc_opd/hook_num_samples:4.0 - fc_opd/hook_active_weight:3336.0 - fc_opd/is_plain_gkd:1.0 - fc_opd/teacher_valid_ratio:1.0 - fc_opd/online/loss:0.0 - fc_opd/online/num_samples:4.0 - global_seqlen/min:447 - global_seqlen/max:1277 - global_seqlen/minmax_diff:830 - global_seqlen/balanced_min:447 - global_seqlen/balanced_max:1277 - global_seqlen/mean:1016.75 - actor/entropy:0.6153561472892761 - perf/mfu/actor_infer:0 - actor/pg_loss:0.0 - actor/kl_loss:0.0 - actor/fc_opd_loss:0.376688901335001 - actor/pg_clipfrac:0.0 - actor/ppo_kl:0.0 - actor/pg_clipfrac_lower:0.0 - actor/fc_opd_denominator:264.0 - actor/grad_norm:4.275015354156494 - perf/mfu/actor:0.013097406102959579 - perf/max_memory_allocated_gb:21.351612091064453 - perf/max_memory_reserved_gb:25.85546875 - perf/cpu_memory_used_gb:166.9071388244629 - actor/lr:1e-06 - val-core/geometry3k/reward/mean@1:0.0 - val-aux/geometry3k/score/mean@1:0.0 - val-aux/num_turns/min:2 - val-aux/num_turns/max:2 - val-aux/num_turns/mean:2.0 - training/global_step:50 - training/epoch:0 - critic/score/mean:0.0 - critic/score/max:0.0 - critic/score/min:0.0 - critic/rewards/mean:0.0 - critic/rewards/max:0.0 - critic/rewards/min:0.0 - critic/advantages/mean:0.0 - critic/advantages/max:0.0 - critic/advantages/min:0.0 - critic/returns/mean:0.0 - critic/returns/max:0.0 - critic/returns/min:0.0 - response_length/mean:834.0 - response_length/max:1024.0 - response_length/min:264.0 - response_length/clip_ratio:0.75 - response_length_non_aborted/mean:834.0 - response_length_non_aborted/max:1024.0 - response_length_non_aborted/min:264.0 - response_length_non_aborted/clip_ratio:0.75 - response/aborted_ratio:0.0 - prompt_length/mean:182.75 - prompt_length/max:253.0 - prompt_length/min:146.0 - prompt_length/clip_ratio:0.0 - num_turns/min:2 - num_turns/max:2 - num_turns/mean:2.0 - timing_s/start_profile:2.7519650757312775e-05 - timing_s/agent_loop/num_preempted/min:-1 - timing_s/agent_loop/num_preempted/max:-1 - timing_s/agent_loop/num_preempted/mean:-1.0 - timing_s/agent_loop/generate_sequences/min:1.3071114541962743 - timing_s/agent_loop/generate_sequences/max:4.92494007665664 - timing_s/agent_loop/generate_sequences/mean:4.013058752287179 - timing_s/agent_loop/tool_calls/min:0.0 - timing_s/agent_loop/tool_calls/max:0.0 - timing_s/agent_loop/tool_calls/mean:0.0 - timing_s/agent_loop/slowest/generate_sequences:4.92494007665664 - timing_s/agent_loop/slowest/tool_calls:0.0 - timing_s/agent_loop/slowest/prompt_length:146 - timing_s/agent_loop/slowest/response_length:1024 - timing_s/agent_loop/slowest/num_preempted:-1 - timing_s/gen:5.901938705705106 - timing_s/fc_opd:1.175468017347157 - timing_s/reward:2.2912397980690002e-05 - timing_s/old_log_prob:0.5625744750723243 - timing_s/adv:0.0003989245742559433 - timing_s/update_actor:2.069899703375995 - timing_s/save_checkpoint:8.934075137600303 - timing_s/update_weights:2.409224431961775 - timing_s/dump_rollout_generations:0.004313768818974495 - timing_s/step:21.062164849601686 - timing_s/testing:12.3615913214162 - timing_s/stop_profile:0.00010020285844802856 - timing_per_token_ms/gen:1.7691662786885811 - timing_per_token_ms/adv:9.808816677057863e-05 - timing_per_token_ms/update_actor:0.508950013124169 - perf/total_num_tokens:4067 - perf/time_per_step:21.062164849601686 - perf/throughput:48.27376517372706
[36m(TaskRunner pid=2835327)[0m ("Final validation metrics: {'val-core/geometry3k/reward/mean@1': 0.0, "
[36m(TaskRunner pid=2835327)[0m  "'val-aux/geometry3k/score/mean@1': 0.0, 'val-aux/num_turns/min': 2, "
[36m(TaskRunner pid=2835327)[0m  "'val-aux/num_turns/max': 2, 'val-aux/num_turns/mean': 2.0}")
