══════════════════════════════════════════════════════════════
  FC-OPD Overnight Training
  Run ID:       fc_opd_overnight_20260630_013805
  Steps:        200
  Save freq:    25
  Loss mode:    reverse (mode-seeking KL)
  Top-K:        32
  Rollout n:    8
  Train batch:  2
  LR:           2e-6
  GPU layout:   teacher=0, train=1..2, scorer=3
  Train log:    /inspire/hdd/global_user/mengweicheng-240108120092/lzy/projects/Dual-Track-OPD/artifacts/fc_opd/train_fc_opd_overnight_20260630_013805.log
  Checkpoint:   /inspire/hdd/global_user/mengweicheng-240108120092/lzy/projects/Dual-Track-OPD/checkpoints/verl_fc_opd_overnight/fc_opd_overnight_20260630_013805
  Data:         /inspire/hdd/global_user/mengweicheng-240108120092/lzy/fc-opd-storage/outputs/fc_opd/verl_smoke/train.parquet
══════════════════════════════════════════════════════════════

[OK] CC=/usr/bin/gcc
=== Cleanup ===
2026-06-30 01:38:09,253	INFO scripts.py:1391 -- Did not find any active Ray processes.
=== Teacher (GPU 0) ===
  Waiting ......................................... OK
=== Ray (3 GPUs) ===
2026-06-30 01:38:53,039	INFO usage_lib.py:448 -- Usage stats collection is disabled.
2026-06-30 01:38:53,039	INFO scripts.py:940 -- [37mLocal node IP[39m: [1m10.247.28.202[22m
2026-06-30 01:39:00,186	SUCC scripts.py:979 -- [32m--------------------[39m
2026-06-30 01:39:00,186	SUCC scripts.py:980 -- [32mRay runtime started.[39m
2026-06-30 01:39:00,186	SUCC scripts.py:981 -- [32m--------------------[39m
2026-06-30 01:39:00,186	INFO scripts.py:983 -- [36mNext steps[39m
2026-06-30 01:39:00,186	INFO scripts.py:986 -- To add another node to this Ray cluster, run
2026-06-30 01:39:00,186	INFO scripts.py:989 -- [1m  ray start --address='10.247.28.202:6379'[22m
2026-06-30 01:39:00,186	INFO scripts.py:1000 -- To connect to this Ray cluster:
2026-06-30 01:39:00,186	INFO scripts.py:1002 -- [35mimport[39m[26m ray
2026-06-30 01:39:00,186	INFO scripts.py:1003 -- ray[35m.[39m[26minit()
2026-06-30 01:39:00,186	INFO scripts.py:1017 -- To submit a Ray job using the Ray Jobs CLI:
2026-06-30 01:39:00,186	INFO scripts.py:1018 -- [1m  RAY_API_SERVER_ADDRESS='http://127.0.0.1:8265' ray job submit --working-dir . -- python my_script.py[22m
2026-06-30 01:39:00,186	INFO scripts.py:1027 -- See https://docs.ray.io/en/latest/cluster/running-applications/job-submission/index.html 
2026-06-30 01:39:00,186	INFO scripts.py:1031 -- for more information on submitting Ray jobs to the Ray cluster.
2026-06-30 01:39:00,186	INFO scripts.py:1036 -- To terminate the Ray runtime, run
2026-06-30 01:39:00,186	INFO scripts.py:1037 -- [1m  ray stop[22m
2026-06-30 01:39:00,186	INFO scripts.py:1040 -- To view the status of the cluster, use
2026-06-30 01:39:00,186	INFO scripts.py:1041 --   [1mray status[22m[26m
2026-06-30 01:39:00,186	INFO scripts.py:1045 -- To monitor and debug Ray, view the dashboard at 
2026-06-30 01:39:00,186	INFO scripts.py:1046 --   [1m127.0.0.1:8265[22m[26m
2026-06-30 01:39:00,186	INFO scripts.py:1053 -- [4mIf connection to the dashboard fails, check your firewall settings and network configuration.[24m
=== Training (200 steps, reverse KL, rollout n=8) ===
/inspire/hdd/global_user/mengweicheng-240108120092/lzy/fc-opd-storage/envs/fc-opd-verl071-cu128/lib/python3.12/site-packages/torch/cuda/__init__.py:63: FutureWarning: The pynvml package is deprecated. Please install nvidia-ml-py instead. If you did not install pynvml directly, please report this to the maintainers of the package that installed pynvml for you.
  import pynvml  # type: ignore[import]
/inspire/hdd/global_user/mengweicheng-240108120092/lzy/fc-opd-storage/envs/fc-opd-verl071-cu128/lib/python3.12/site-packages/transformers/utils/hub.py:110: FutureWarning: Using `TRANSFORMERS_CACHE` is deprecated and will be removed in v5 of Transformers. Use `HF_HOME` instead.
  warnings.warn(
INFO 06-30 01:39:12 [__init__.py:216] Automatically detected platform cuda.
2026-06-30 01:39:15,584	INFO worker.py:1814 -- Connecting to existing Ray cluster at address: 10.247.28.202:6379...
2026-06-30 01:39:15,596	INFO worker.py:2003 -- Connected to Ray cluster. View the dashboard at [1m[32mhttp://127.0.0.1:8265 [39m[22m
/inspire/hdd/global_user/mengweicheng-240108120092/lzy/fc-opd-storage/envs/fc-opd-verl071-cu128/lib/python3.12/site-packages/ray/_private/worker.py:2051: FutureWarning: Tip: In future versions of Ray, Ray will no longer override accelerator visible devices env var if num_gpus=0 or num_gpus=None (default). To enable this behavior and turn off this error message, set RAY_ACCEL_ENV_VAR_OVERRIDE_ON_ZERO=0
  warnings.warn(
[36m(pid=4169184)[0m /inspire/hdd/global_user/mengweicheng-240108120092/lzy/fc-opd-storage/envs/fc-opd-verl071-cu128/lib/python3.12/site-packages/torch/cuda/__init__.py:63: FutureWarning: The pynvml package is deprecated. Please install nvidia-ml-py instead. If you did not install pynvml directly, please report this to the maintainers of the package that installed pynvml for you.
[36m(pid=4169184)[0m   import pynvml  # type: ignore[import]
[36m(pid=4169184)[0m /inspire/hdd/global_user/mengweicheng-240108120092/lzy/fc-opd-storage/envs/fc-opd-verl071-cu128/lib/python3.12/site-packages/transformers/utils/hub.py:110: FutureWarning: Using `TRANSFORMERS_CACHE` is deprecated and will be removed in v5 of Transformers. Use `HF_HOME` instead.
[36m(pid=4169184)[0m   warnings.warn(
ray init kwargs: {'num_cpus': None, 'runtime_env': {'env_vars': {'TOKENIZERS_PARALLELISM': 'true', 'NCCL_DEBUG': 'WARN', 'VLLM_LOGGING_LEVEL': 'WARN', 'VLLM_ALLOW_RUNTIME_LORA_UPDATING': 'true', 'CUDA_DEVICE_MAX_CONNECTIONS': '1', 'VLLM_DISABLE_COMPILE_CACHE': '1', 'HCCL_HOST_SOCKET_PORT_RANGE': 'auto', 'HCCL_NPU_SOCKET_PORT_RANGE': 'auto'}, 'working_dir': None}}
[36m(TaskRunner pid=4169184)[0m TaskRunner hostname: distributed-rl--lzy--64d03f736800-4zdrvl4wu5, PID: 4169184
[36m(TaskRunner pid=4169184)[0m {'actor_rollout_ref': {'actor': {'_target_': 'verl.workers.config.FSDPActorConfig',
[36m(TaskRunner pid=4169184)[0m                                  'calculate_entropy': False,
[36m(TaskRunner pid=4169184)[0m                                  'calculate_sum_pi_squared': False,
[36m(TaskRunner pid=4169184)[0m                                  'checkpoint': {'_target_': 'verl.trainer.config.CheckpointConfig',
[36m(TaskRunner pid=4169184)[0m                                                 'async_save': False,
[36m(TaskRunner pid=4169184)[0m                                                 'load_contents': ['model',
[36m(TaskRunner pid=4169184)[0m                                                                   'optimizer',
[36m(TaskRunner pid=4169184)[0m                                                                   'extra'],
[36m(TaskRunner pid=4169184)[0m                                                 'mbridge_config': {},
[36m(TaskRunner pid=4169184)[0m                                                 'save_contents': ['model',
[36m(TaskRunner pid=4169184)[0m                                                                   'optimizer',
[36m(TaskRunner pid=4169184)[0m                                                                   'extra']},
[36m(TaskRunner pid=4169184)[0m                                  'clip_ratio': 0.2,
[36m(TaskRunner pid=4169184)[0m                                  'clip_ratio_c': 3.0,
[36m(TaskRunner pid=4169184)[0m                                  'clip_ratio_high': 0.2,
[36m(TaskRunner pid=4169184)[0m                                  'clip_ratio_low': 0.2,
[36m(TaskRunner pid=4169184)[0m                                  'data_loader_seed': 42,
[36m(TaskRunner pid=4169184)[0m                                  'entropy_checkpointing': False,
[36m(TaskRunner pid=4169184)[0m                                  'entropy_coeff': 0,
[36m(TaskRunner pid=4169184)[0m                                  'entropy_from_logits_with_chunking': False,
[36m(TaskRunner pid=4169184)[0m                                  'freeze_vision_tower': False,
[36m(TaskRunner pid=4169184)[0m                                  'fsdp_config': {'_target_': 'verl.workers.config.FSDPEngineConfig',
[36m(TaskRunner pid=4169184)[0m                                                  'dtype': 'bfloat16',
[36m(TaskRunner pid=4169184)[0m                                                  'entropy_checkpointing': False,
[36m(TaskRunner pid=4169184)[0m                                                  'entropy_from_logits_with_chunking': False,
[36m(TaskRunner pid=4169184)[0m                                                  'forward_only': False,
[36m(TaskRunner pid=4169184)[0m                                                  'forward_prefetch': False,
[36m(TaskRunner pid=4169184)[0m                                                  'fsdp_size': -1,
[36m(TaskRunner pid=4169184)[0m                                                  'full_determinism': False,
[36m(TaskRunner pid=4169184)[0m                                                  'model_dtype': 'fp32',
[36m(TaskRunner pid=4169184)[0m                                                  'offload_policy': False,
[36m(TaskRunner pid=4169184)[0m                                                  'optimizer_offload': False,
[36m(TaskRunner pid=4169184)[0m                                                  'param_offload': False,
[36m(TaskRunner pid=4169184)[0m                                                  'qat': {'_target_': 'verl.workers.config.QATEngineConfig',
[36m(TaskRunner pid=4169184)[0m                                                          'activation_observer': 'static_minmax',
[36m(TaskRunner pid=4169184)[0m                                                          'enable': False,
[36m(TaskRunner pid=4169184)[0m                                                          'group_size': 16,
[36m(TaskRunner pid=4169184)[0m                                                          'ignore_patterns': ['lm_head',
[36m(TaskRunner pid=4169184)[0m                                                                              'embed_tokens',
[36m(TaskRunner pid=4169184)[0m                                                                              're:.*mlp.gate$'],
[36m(TaskRunner pid=4169184)[0m                                                          'mode': 'w4a16',
[36m(TaskRunner pid=4169184)[0m                                                          'quantization_config_path': None},
[36m(TaskRunner pid=4169184)[0m                                                  'reshard_after_forward': True,
[36m(TaskRunner pid=4169184)[0m                                                  'seed': 42,
[36m(TaskRunner pid=4169184)[0m                                                  'strategy': 'fsdp',
[36m(TaskRunner pid=4169184)[0m                                                  'ulysses_sequence_parallel_size': 1,
[36m(TaskRunner pid=4169184)[0m                                                  'use_orig_params': False,
[36m(TaskRunner pid=4169184)[0m                                                  'use_torch_compile': True,
[36m(TaskRunner pid=4169184)[0m                                                  'wrap_policy': {'min_num_params': 0}},
[36m(TaskRunner pid=4169184)[0m                                  'grad_clip': 1.0,
[36m(TaskRunner pid=4169184)[0m                                  'kl_loss_coef': 0.001,
[36m(TaskRunner pid=4169184)[0m                                  'kl_loss_type': 'low_var_kl',
[36m(TaskRunner pid=4169184)[0m                                  'loss_agg_mode': 'token-mean',
[36m(TaskRunner pid=4169184)[0m                                  'loss_scale_factor': None,
[36m(TaskRunner pid=4169184)[0m                                  'optim': {'_target_': 'verl.workers.config.FSDPOptimizerConfig',
[36m(TaskRunner pid=4169184)[0m                                            'betas': [0.9, 0.999],
[36m(TaskRunner pid=4169184)[0m                                            'clip_grad': 1.0,
[36m(TaskRunner pid=4169184)[0m                                            'lr': 2e-06,
[36m(TaskRunner pid=4169184)[0m                                            'lr_scheduler_type': 'constant',
[36m(TaskRunner pid=4169184)[0m                                            'lr_warmup_steps': -1,
[36m(TaskRunner pid=4169184)[0m                                            'lr_warmup_steps_ratio': 0.0,
[36m(TaskRunner pid=4169184)[0m                                            'min_lr_ratio': 0.0,
[36m(TaskRunner pid=4169184)[0m                                            'num_cycles': 0.5,
[36m(TaskRunner pid=4169184)[0m                                            'optimizer': 'AdamW',
[36m(TaskRunner pid=4169184)[0m                                            'optimizer_impl': 'torch.optim',
[36m(TaskRunner pid=4169184)[0m                                            'override_optimizer_config': None,
[36m(TaskRunner pid=4169184)[0m                                            'total_training_steps': -1,
[36m(TaskRunner pid=4169184)[0m                                            'warmup_style': None,
[36m(TaskRunner pid=4169184)[0m                                            'weight_decay': 0.01,
[36m(TaskRunner pid=4169184)[0m                                            'zero_indexed_step': True},
[36m(TaskRunner pid=4169184)[0m                                  'policy_loss': {'_target_': 'verl.workers.config.PolicyLossConfig',
[36m(TaskRunner pid=4169184)[0m                                                  'clip_cov_lb': 1.0,
[36m(TaskRunner pid=4169184)[0m                                                  'clip_cov_ratio': 0.0002,
[36m(TaskRunner pid=4169184)[0m                                                  'clip_cov_ub': 5.0,
[36m(TaskRunner pid=4169184)[0m                                                  'kl_cov_ratio': 0.0002,
[36m(TaskRunner pid=4169184)[0m                                                  'loss_mode': 'vanilla',
[36m(TaskRunner pid=4169184)[0m                                                  'ppo_kl_coef': 0.1},
[36m(TaskRunner pid=4169184)[0m                                  'ppo_epochs': 1,
[36m(TaskRunner pid=4169184)[0m                                  'ppo_max_token_len_per_gpu': 16384,
[36m(TaskRunner pid=4169184)[0m                                  'ppo_micro_batch_size': None,
[36m(TaskRunner pid=4169184)[0m                                  'ppo_micro_batch_size_per_gpu': 1,
[36m(TaskRunner pid=4169184)[0m                                  'ppo_mini_batch_size': 2,
[36m(TaskRunner pid=4169184)[0m                                  'profiler': {'_target_': 'verl.utils.profiler.ProfilerConfig',
[36m(TaskRunner pid=4169184)[0m                                               'all_ranks': False,
[36m(TaskRunner pid=4169184)[0m                                               'enable': False,
[36m(TaskRunner pid=4169184)[0m                                               'ranks': [],
[36m(TaskRunner pid=4169184)[0m                                               'save_path': 'outputs/profile',
[36m(TaskRunner pid=4169184)[0m                                               'tool': None,
[36m(TaskRunner pid=4169184)[0m                                               'tool_config': {'npu': {'_target_': 'verl.utils.profiler.config.NPUToolConfig',
[36m(TaskRunner pid=4169184)[0m                                                                       'analysis': True,
[36m(TaskRunner pid=4169184)[0m                                                                       'contents': [],
[36m(TaskRunner pid=4169184)[0m                                                                       'discrete': False,
[36m(TaskRunner pid=4169184)[0m                                                                       'level': 'level0'},
[36m(TaskRunner pid=4169184)[0m                                                               'nsys': {'_target_': 'verl.utils.profiler.config.NsightToolConfig',
[36m(TaskRunner pid=4169184)[0m                                                                        'discrete': False},
[36m(TaskRunner pid=4169184)[0m                                                               'torch': {'_target_': 'verl.utils.profiler.config.TorchProfilerToolConfig',
[36m(TaskRunner pid=4169184)[0m                                                                         'contents': [],
[36m(TaskRunner pid=4169184)[0m                                                                         'discrete': False},
[36m(TaskRunner pid=4169184)[0m                                                               'torch_memory': {'_target_': 'verl.utils.profiler.config.TorchMemoryToolConfig',
[36m(TaskRunner pid=4169184)[0m                                                                                'stack_depth': 32,
[36m(TaskRunner pid=4169184)[0m                                                                                'trace_alloc_max_entries': 100000}}},
[36m(TaskRunner pid=4169184)[0m                                  'qat': {'activation_observer': 'static_minmax',
[36m(TaskRunner pid=4169184)[0m                                          'enable': False,
[36m(TaskRunner pid=4169184)[0m                                          'group_size': 16,
[36m(TaskRunner pid=4169184)[0m                                          'ignore_patterns': ['lm_head',
[36m(TaskRunner pid=4169184)[0m                                                              'embed_tokens',
[36m(TaskRunner pid=4169184)[0m                                                              're:.*mlp.gate$'],
[36m(TaskRunner pid=4169184)[0m                                          'mode': 'w4a16',
[36m(TaskRunner pid=4169184)[0m                                          'quantization_config_path': None},
[36m(TaskRunner pid=4169184)[0m                                  'rollout_n': 8,
[36m(TaskRunner pid=4169184)[0m                                  'router_replay': {'_target_': 'verl.workers.config.RouterReplayConfig',
[36m(TaskRunner pid=4169184)[0m                                                    'mode': 'disabled',
[36m(TaskRunner pid=4169184)[0m                                                    'record_file': None,
[36m(TaskRunner pid=4169184)[0m                                                    'replay_file': None},
[36m(TaskRunner pid=4169184)[0m                                  'shuffle': False,
[36m(TaskRunner pid=4169184)[0m                                  'strategy': 'fsdp',
[36m(TaskRunner pid=4169184)[0m                                  'sum_pi_squared_checkpointing': False,
[36m(TaskRunner pid=4169184)[0m                                  'tau_neg': 1.05,
[36m(TaskRunner pid=4169184)[0m                                  'tau_pos': 1.0,
[36m(TaskRunner pid=4169184)[0m                                  'ulysses_sequence_parallel_size': 1,
[36m(TaskRunner pid=4169184)[0m                                  'use_dynamic_bsz': True,
[36m(TaskRunner pid=4169184)[0m                                  'use_fused_kernels': False,
[36m(TaskRunner pid=4169184)[0m                                  'use_kl_loss': False,
[36m(TaskRunner pid=4169184)[0m                                  'use_prefix_grouper': False,
[36m(TaskRunner pid=4169184)[0m                                  'use_remove_padding': False,
[36m(TaskRunner pid=4169184)[0m                                  'use_torch_compile': True},
[36m(TaskRunner pid=4169184)[0m                        'hybrid_engine': True,
[36m(TaskRunner pid=4169184)[0m                        'model': {'_target_': 'verl.workers.config.HFModelConfig',
[36m(TaskRunner pid=4169184)[0m                                  'custom_chat_template': None,
[36m(TaskRunner pid=4169184)[0m                                  'enable_activation_offload': False,
[36m(TaskRunner pid=4169184)[0m                                  'enable_gradient_checkpointing': True,
[36m(TaskRunner pid=4169184)[0m                                  'exclude_modules': None,
[36m(TaskRunner pid=4169184)[0m                                  'external_lib': None,
[36m(TaskRunner pid=4169184)[0m                                  'fused_kernel_options': {'impl_backend': 'torch'},
[36m(TaskRunner pid=4169184)[0m                                  'hf_config_path': None,
[36m(TaskRunner pid=4169184)[0m                                  'lora_adapter_path': None,
[36m(TaskRunner pid=4169184)[0m                                  'lora_alpha': 16,
[36m(TaskRunner pid=4169184)[0m                                  'lora_rank': 0,
[36m(TaskRunner pid=4169184)[0m                                  'mtp': {'_target_': 'verl.workers.config.MtpConfig',
[36m(TaskRunner pid=4169184)[0m                                          'detach_encoder': False,
[36m(TaskRunner pid=4169184)[0m                                          'enable': False,
[36m(TaskRunner pid=4169184)[0m                                          'enable_rollout': False,
[36m(TaskRunner pid=4169184)[0m                                          'enable_train': False,
[36m(TaskRunner pid=4169184)[0m                                          'method': 'mtp',
[36m(TaskRunner pid=4169184)[0m                                          'mtp_loss_scaling_factor': 0.1,
[36m(TaskRunner pid=4169184)[0m                                          'num_speculative_tokens': 1,
[36m(TaskRunner pid=4169184)[0m                                          'speculative_algorithm': 'EAGLE',
[36m(TaskRunner pid=4169184)[0m                                          'speculative_eagle_topk': 1,
[36m(TaskRunner pid=4169184)[0m                                          'speculative_num_draft_tokens': 4,
[36m(TaskRunner pid=4169184)[0m                                          'speculative_num_steps': 3},
[36m(TaskRunner pid=4169184)[0m                                  'override_config': {'attn_implementation': 'sdpa'},
[36m(TaskRunner pid=4169184)[0m                                  'path': '/inspire/hdd/global_user/mengweicheng-240108120092/lzy/models/Qwen3-VL-4B-Instruct',
[36m(TaskRunner pid=4169184)[0m                                  'target_modules': 'all-linear',
[36m(TaskRunner pid=4169184)[0m                                  'tiled_mlp': {'enabled': False,
[36m(TaskRunner pid=4169184)[0m                                                'num_shards': 4},
[36m(TaskRunner pid=4169184)[0m                                  'tokenizer_path': None,
[36m(TaskRunner pid=4169184)[0m                                  'trust_remote_code': False,
[36m(TaskRunner pid=4169184)[0m                                  'use_fused_kernels': False,
[36m(TaskRunner pid=4169184)[0m                                  'use_liger': False,
[36m(TaskRunner pid=4169184)[0m                                  'use_remove_padding': False,
[36m(TaskRunner pid=4169184)[0m                                  'use_shm': False},
[36m(TaskRunner pid=4169184)[0m                        'nccl_timeout': 600,
[36m(TaskRunner pid=4169184)[0m                        'ref': {'_target_': 'verl.workers.config.FSDPActorConfig',
[36m(TaskRunner pid=4169184)[0m                                'entropy_checkpointing': False,
[36m(TaskRunner pid=4169184)[0m                                'entropy_from_logits_with_chunking': False,
[36m(TaskRunner pid=4169184)[0m                                'fsdp_config': {'_target_': 'verl.workers.config.FSDPEngineConfig',
[36m(TaskRunner pid=4169184)[0m                                                'dtype': 'bfloat16',
[36m(TaskRunner pid=4169184)[0m                                                'entropy_checkpointing': False,
[36m(TaskRunner pid=4169184)[0m                                                'entropy_from_logits_with_chunking': False,
[36m(TaskRunner pid=4169184)[0m                                                'forward_only': True,
[36m(TaskRunner pid=4169184)[0m                                                'forward_prefetch': False,
[36m(TaskRunner pid=4169184)[0m                                                'fsdp_size': -1,
[36m(TaskRunner pid=4169184)[0m                                                'full_determinism': False,
[36m(TaskRunner pid=4169184)[0m                                                'model_dtype': 'fp32',
[36m(TaskRunner pid=4169184)[0m                                                'offload_policy': False,
[36m(TaskRunner pid=4169184)[0m                                                'optimizer_offload': False,
[36m(TaskRunner pid=4169184)[0m                                                'param_offload': True,
[36m(TaskRunner pid=4169184)[0m                                                'qat': {'_target_': 'verl.workers.config.QATEngineConfig',
[36m(TaskRunner pid=4169184)[0m                                                        'activation_observer': 'static_minmax',
[36m(TaskRunner pid=4169184)[0m                                                        'enable': False,
[36m(TaskRunner pid=4169184)[0m                                                        'group_size': 16,
[36m(TaskRunner pid=4169184)[0m                                                        'ignore_patterns': ['lm_head',
[36m(TaskRunner pid=4169184)[0m                                                                            'embed_tokens',
[36m(TaskRunner pid=4169184)[0m                                                                            're:.*mlp.gate$'],
[36m(TaskRunner pid=4169184)[0m                                                        'mode': 'w4a16',
[36m(TaskRunner pid=4169184)[0m                                                        'quantization_config_path': None},
[36m(TaskRunner pid=4169184)[0m                                                'reshard_after_forward': True,
[36m(TaskRunner pid=4169184)[0m                                                'seed': 42,
[36m(TaskRunner pid=4169184)[0m                                                'strategy': 'fsdp',
[36m(TaskRunner pid=4169184)[0m                                                'ulysses_sequence_parallel_size': 1,
[36m(TaskRunner pid=4169184)[0m                                                'use_orig_params': False,
[36m(TaskRunner pid=4169184)[0m                                                'use_torch_compile': True,
[36m(TaskRunner pid=4169184)[0m                                                'wrap_policy': {'min_num_params': 0}},
[36m(TaskRunner pid=4169184)[0m                                'log_prob_max_token_len_per_gpu': 16384,
[36m(TaskRunner pid=4169184)[0m                                'log_prob_micro_batch_size': None,
[36m(TaskRunner pid=4169184)[0m                                'log_prob_micro_batch_size_per_gpu': None,
[36m(TaskRunner pid=4169184)[0m                                'log_prob_use_dynamic_bsz': True,
[36m(TaskRunner pid=4169184)[0m                                'profiler': {'_target_': 'verl.utils.profiler.ProfilerConfig',
[36m(TaskRunner pid=4169184)[0m                                             'all_ranks': False,
[36m(TaskRunner pid=4169184)[0m                                             'enable': False,
[36m(TaskRunner pid=4169184)[0m                                             'ranks': [],
[36m(TaskRunner pid=4169184)[0m                                             'save_path': 'outputs/profile',
[36m(TaskRunner pid=4169184)[0m                                             'tool': None,
[36m(TaskRunner pid=4169184)[0m                                             'tool_config': {'npu': {'_target_': 'verl.utils.profiler.config.NPUToolConfig',
[36m(TaskRunner pid=4169184)[0m                                                                     'analysis': True,
[36m(TaskRunner pid=4169184)[0m                                                                     'contents': [],
[36m(TaskRunner pid=4169184)[0m                                                                     'discrete': False,
[36m(TaskRunner pid=4169184)[0m                                                                     'level': 'level0'},
[36m(TaskRunner pid=4169184)[0m                                                             'nsys': {'_target_': 'verl.utils.profiler.config.NsightToolConfig',
[36m(TaskRunner pid=4169184)[0m                                                                      'discrete': False},
[36m(TaskRunner pid=4169184)[0m                                                             'torch': {'_target_': 'verl.utils.profiler.config.TorchProfilerToolConfig',
[36m(TaskRunner pid=4169184)[0m                                                                       'contents': [],
[36m(TaskRunner pid=4169184)[0m                                                                       'discrete': False},
[36m(TaskRunner pid=4169184)[0m                                                             'torch_memory': {'_target_': 'verl.utils.profiler.config.TorchMemoryToolConfig',
[36m(TaskRunner pid=4169184)[0m                                                                              'stack_depth': 32,
[36m(TaskRunner pid=4169184)[0m                                                                              'trace_alloc_max_entries': 100000}}},
[36m(TaskRunner pid=4169184)[0m                                'rollout_n': 8,
[36m(TaskRunner pid=4169184)[0m                                'router_replay': {'_target_': 'verl.workers.config.RouterReplayConfig',
[36m(TaskRunner pid=4169184)[0m                                                  'mode': 'disabled',
[36m(TaskRunner pid=4169184)[0m                                                  'record_file': None,
[36m(TaskRunner pid=4169184)[0m                                                  'replay_file': None},
[36m(TaskRunner pid=4169184)[0m                                'strategy': 'fsdp',
[36m(TaskRunner pid=4169184)[0m                                'ulysses_sequence_parallel_size': 1,
[36m(TaskRunner pid=4169184)[0m                                'use_torch_compile': True},
[36m(TaskRunner pid=4169184)[0m                        'rollout': {'_target_': 'verl.workers.config.RolloutConfig',
[36m(TaskRunner pid=4169184)[0m                                    'agent': {'_target_': 'verl.workers.config.AgentLoopConfig',
[36m(TaskRunner pid=4169184)[0m                                              'agent_loop_config_path': None,
[36m(TaskRunner pid=4169184)[0m                                              'custom_async_server': {'_target_': 'verl.workers.config.CustomAsyncServerConfig',
[36m(TaskRunner pid=4169184)[0m                                                                      'name': None,
[36m(TaskRunner pid=4169184)[0m                                                                      'path': None},
[36m(TaskRunner pid=4169184)[0m                                              'default_agent_loop': 'single_turn_agent',
[36m(TaskRunner pid=4169184)[0m                                              'num_workers': 4},
[36m(TaskRunner pid=4169184)[0m                                    'calculate_log_probs': False,
[36m(TaskRunner pid=4169184)[0m                                    'checkpoint_engine': {'_target_': 'verl.workers.config.CheckpointEngineConfig',
[36m(TaskRunner pid=4169184)[0m                                                          'backend': 'naive',
[36m(TaskRunner pid=4169184)[0m                                                          'engine_kwargs': {},
[36m(TaskRunner pid=4169184)[0m                                                          'update_weights_bucket_megabytes': 2048},
[36m(TaskRunner pid=4169184)[0m                                    'cudagraph_capture_sizes': None,
[36m(TaskRunner pid=4169184)[0m                                    'data_parallel_size': 1,
[36m(TaskRunner pid=4169184)[0m                                    'disable_log_stats': True,
[36m(TaskRunner pid=4169184)[0m                                    'do_sample': True,
[36m(TaskRunner pid=4169184)[0m                                    'dtype': 'bfloat16',
[36m(TaskRunner pid=4169184)[0m                                    'enable_chunked_prefill': True,
[36m(TaskRunner pid=4169184)[0m                                    'enable_prefix_caching': True,
[36m(TaskRunner pid=4169184)[0m                                    'enable_rollout_routing_replay': False,
[36m(TaskRunner pid=4169184)[0m                                    'enforce_eager': True,
[36m(TaskRunner pid=4169184)[0m                                    'engine_kwargs': {'sglang': {},
[36m(TaskRunner pid=4169184)[0m                                                      'trtllm': {},
[36m(TaskRunner pid=4169184)[0m                                                      'vllm': {}},
[36m(TaskRunner pid=4169184)[0m                                    'expert_parallel_size': 1,
[36m(TaskRunner pid=4169184)[0m                                    'free_cache_engine': True,
[36m(TaskRunner pid=4169184)[0m                                    'gpu_memory_utilization': 0.5,
[36m(TaskRunner pid=4169184)[0m                                    'ignore_eos': False,
[36m(TaskRunner pid=4169184)[0m                                    'layered_summon': False,
[36m(TaskRunner pid=4169184)[0m                                    'load_format': 'dummy',
[36m(TaskRunner pid=4169184)[0m                                    'log_prob_max_token_len_per_gpu': 16384,
[36m(TaskRunner pid=4169184)[0m                                    'log_prob_micro_batch_size': None,
[36m(TaskRunner pid=4169184)[0m                                    'log_prob_micro_batch_size_per_gpu': 4,
[36m(TaskRunner pid=4169184)[0m                                    'log_prob_use_dynamic_bsz': True,
[36m(TaskRunner pid=4169184)[0m                                    'logprobs_mode': 'processed_logprobs',
[36m(TaskRunner pid=4169184)[0m                                    'max_model_len': 2048,
[36m(TaskRunner pid=4169184)[0m                                    'max_num_batched_tokens': 8192,
[36m(TaskRunner pid=4169184)[0m                                    'max_num_seqs': 1024,
[36m(TaskRunner pid=4169184)[0m                                    'mode': 'async',
[36m(TaskRunner pid=4169184)[0m                                    'mtp': {'_target_': 'verl.workers.config.MtpConfig',
[36m(TaskRunner pid=4169184)[0m                                            'detach_encoder': False,
[36m(TaskRunner pid=4169184)[0m                                            'enable': False,
[36m(TaskRunner pid=4169184)[0m                                            'enable_rollout': False,
[36m(TaskRunner pid=4169184)[0m                                            'enable_train': False,
[36m(TaskRunner pid=4169184)[0m                                            'method': 'mtp',
[36m(TaskRunner pid=4169184)[0m                                            'mtp_loss_scaling_factor': 0.1,
[36m(TaskRunner pid=4169184)[0m                                            'num_speculative_tokens': 1,
[36m(TaskRunner pid=4169184)[0m                                            'speculative_algorithm': 'EAGLE',
[36m(TaskRunner pid=4169184)[0m                                            'speculative_eagle_topk': 1,
[36m(TaskRunner pid=4169184)[0m                                            'speculative_num_draft_tokens': 4,
[36m(TaskRunner pid=4169184)[0m                                            'speculative_num_steps': 3},
[36m(TaskRunner pid=4169184)[0m                                    'multi_stage_wake_up': False,
[36m(TaskRunner pid=4169184)[0m                                    'multi_turn': {'_target_': 'verl.workers.config.MultiTurnConfig',
[36m(TaskRunner pid=4169184)[0m                                                   'enable': False,
[36m(TaskRunner pid=4169184)[0m                                                   'format': 'hermes',
[36m(TaskRunner pid=4169184)[0m                                                   'interaction_config_path': None,
[36m(TaskRunner pid=4169184)[0m                                                   'max_assistant_turns': None,
[36m(TaskRunner pid=4169184)[0m                                                   'max_parallel_calls': 1,
[36m(TaskRunner pid=4169184)[0m                                                   'max_tool_response_length': 256,
[36m(TaskRunner pid=4169184)[0m                                                   'max_user_turns': None,
[36m(TaskRunner pid=4169184)[0m                                                   'num_repeat_rollouts': None,
[36m(TaskRunner pid=4169184)[0m                                                   'tokenization_sanity_check_mode': 'strict',
[36m(TaskRunner pid=4169184)[0m                                                   'tool_config_path': None,
[36m(TaskRunner pid=4169184)[0m                                                   'tool_response_truncate_side': 'middle',
[36m(TaskRunner pid=4169184)[0m                                                   'use_inference_chat_template': False},
[36m(TaskRunner pid=4169184)[0m                                    'n': 8,
[36m(TaskRunner pid=4169184)[0m                                    'n_gpus_per_node': 2,
[36m(TaskRunner pid=4169184)[0m                                    'name': 'vllm',
[36m(TaskRunner pid=4169184)[0m                                    'nnodes': 0,
[36m(TaskRunner pid=4169184)[0m                                    'over_sample_rate': 0,
[36m(TaskRunner pid=4169184)[0m                                    'pipeline_model_parallel_size': 1,
[36m(TaskRunner pid=4169184)[0m                                    'profiler': {'_target_': 'verl.utils.profiler.ProfilerConfig',
[36m(TaskRunner pid=4169184)[0m                                                 'all_ranks': False,
[36m(TaskRunner pid=4169184)[0m                                                 'enable': False,
[36m(TaskRunner pid=4169184)[0m                                                 'ranks': [],
[36m(TaskRunner pid=4169184)[0m                                                 'save_path': 'outputs/profile',
[36m(TaskRunner pid=4169184)[0m                                                 'tool': None,
[36m(TaskRunner pid=4169184)[0m                                                 'tool_config': {'npu': {'_target_': 'verl.utils.profiler.config.NPUToolConfig',
[36m(TaskRunner pid=4169184)[0m                                                                         'analysis': True,
[36m(TaskRunner pid=4169184)[0m                                                                         'contents': [],
[36m(TaskRunner pid=4169184)[0m                                                                         'discrete': False,
[36m(TaskRunner pid=4169184)[0m                                                                         'level': 'level0'},
[36m(TaskRunner pid=4169184)[0m                                                                 'torch': {'_target_': 'verl.utils.profiler.config.TorchProfilerToolConfig',
[36m(TaskRunner pid=4169184)[0m                                                                           'contents': [],
[36m(TaskRunner pid=4169184)[0m                                                                           'discrete': False}}},
[36m(TaskRunner pid=4169184)[0m                                    'prometheus': {'_target_': 'verl.workers.config.PrometheusConfig',
[36m(TaskRunner pid=4169184)[0m                                                   'enable': False,
[36m(TaskRunner pid=4169184)[0m                                                   'file': '/tmp/ray/session_latest/metrics/prometheus/prometheus.yml',
[36m(TaskRunner pid=4169184)[0m                                                   'port': 9090,
[36m(TaskRunner pid=4169184)[0m                                                   'served_model_name': '/inspire/hdd/global_user/mengweicheng-240108120092/lzy/models/Qwen3-VL-4B-Instruct'},
[36m(TaskRunner pid=4169184)[0m                                    'prompt_length': 1024,
[36m(TaskRunner pid=4169184)[0m                                    'qat': {'_target_': 'verl.workers.config.QATEngineConfig',
[36m(TaskRunner pid=4169184)[0m                                            'activation_observer': 'static_minmax',
[36m(TaskRunner pid=4169184)[0m                                            'enable': False,
[36m(TaskRunner pid=4169184)[0m                                            'group_size': 16,
[36m(TaskRunner pid=4169184)[0m                                            'ignore_patterns': ['lm_head',
[36m(TaskRunner pid=4169184)[0m                                                                'embed_tokens',
[36m(TaskRunner pid=4169184)[0m                                                                're:.*mlp.gate$'],
[36m(TaskRunner pid=4169184)[0m                                            'mode': 'w4a16',
[36m(TaskRunner pid=4169184)[0m                                            'quantization_config_path': None},
[36m(TaskRunner pid=4169184)[0m                                    'quantization': None,
[36m(TaskRunner pid=4169184)[0m                                    'quantization_config_file': None,
[36m(TaskRunner pid=4169184)[0m                                    'response_length': 512,
[36m(TaskRunner pid=4169184)[0m                                    'scheduling_policy': 'fcfs',
[36m(TaskRunner pid=4169184)[0m                                    'skip_dump_dir': '/tmp/rollout_dump',
[36m(TaskRunner pid=4169184)[0m                                    'skip_rollout': False,
[36m(TaskRunner pid=4169184)[0m                                    'skip_tokenizer_init': True,
[36m(TaskRunner pid=4169184)[0m                                    'temperature': 1.0,
[36m(TaskRunner pid=4169184)[0m                                    'tensor_model_parallel_size': 1,
[36m(TaskRunner pid=4169184)[0m                                    'top_k': -1,
[36m(TaskRunner pid=4169184)[0m                                    'top_p': 1,
[36m(TaskRunner pid=4169184)[0m                                    'trace': {'_target_': 'verl.workers.config.TraceConfig',
[36m(TaskRunner pid=4169184)[0m                                              'backend': None,
[36m(TaskRunner pid=4169184)[0m                                              'experiment_name': 'fc_opd_overnight_20260630_013805',
[36m(TaskRunner pid=4169184)[0m                                              'max_samples_per_step_per_worker': None,
[36m(TaskRunner pid=4169184)[0m                                              'project_name': 'fc_opd_overnight',
[36m(TaskRunner pid=4169184)[0m                                              'token2text': False},
[36m(TaskRunner pid=4169184)[0m                                    'val_kwargs': {'_target_': 'verl.workers.config.SamplingConfig',
[36m(TaskRunner pid=4169184)[0m                                                   'do_sample': False,
[36m(TaskRunner pid=4169184)[0m                                                   'n': 1,
[36m(TaskRunner pid=4169184)[0m                                                   'temperature': 0,
[36m(TaskRunner pid=4169184)[0m                                                   'top_k': -1,
[36m(TaskRunner pid=4169184)[0m                                                   'top_p': 1.0}}},
[36m(TaskRunner pid=4169184)[0m  'algorithm': {'_target_': 'verl.trainer.config.AlgoConfig',
[36m(TaskRunner pid=4169184)[0m                'adv_estimator': 'grpo',
[36m(TaskRunner pid=4169184)[0m                'fc_opd': {'conditions': ['full',
[36m(TaskRunner pid=4169184)[0m                                          'degraded',
[36m(TaskRunner pid=4169184)[0m                                          'free',
[36m(TaskRunner pid=4169184)[0m                                          'task_visible',
[36m(TaskRunner pid=4169184)[0m                                          'task_infer',
[36m(TaskRunner pid=4169184)[0m                                          'task_solve'],
[36m(TaskRunner pid=4169184)[0m                           'include_tail': True,
[36m(TaskRunner pid=4169184)[0m                           'loss_coef': 0.01,
[36m(TaskRunner pid=4169184)[0m                           'loss_mode': 'reverse',
[36m(TaskRunner pid=4169184)[0m                           'post_rollout_hook': 'dual_track_opd.fc_opd.verl_post_rollout_hook.fc_opd_post_rollout_hook',
[36m(TaskRunner pid=4169184)[0m                           'renormalize_topk': True,
[36m(TaskRunner pid=4169184)[0m                           'student_scorer_fqn': 'dual_track_opd.fc_opd.student_scorer.StudentScorer',
[36m(TaskRunner pid=4169184)[0m                           'student_scorer_kwargs': {'device': 'cuda',
[36m(TaskRunner pid=4169184)[0m                                                     'dtype': 'bfloat16',
[36m(TaskRunner pid=4169184)[0m                                                     'model_path': '/inspire/hdd/global_user/mengweicheng-240108120092/lzy/models/Qwen3-VL-4B-Instruct',
[36m(TaskRunner pid=4169184)[0m                                                     'top_k': 32},
[36m(TaskRunner pid=4169184)[0m                           'teacher_url': 'http://127.0.0.1:18080'},
[36m(TaskRunner pid=4169184)[0m                'gamma': 1.0,
[36m(TaskRunner pid=4169184)[0m                'kl_ctrl': {'_target_': 'verl.trainer.config.KLControlConfig',
[36m(TaskRunner pid=4169184)[0m                            'horizon': 10000,
[36m(TaskRunner pid=4169184)[0m                            'kl_coef': 0.001,
[36m(TaskRunner pid=4169184)[0m                            'target_kl': 0.1,
[36m(TaskRunner pid=4169184)[0m                            'type': 'fixed'},
[36m(TaskRunner pid=4169184)[0m                'kl_penalty': 'kl',
[36m(TaskRunner pid=4169184)[0m                'lam': 1.0,
[36m(TaskRunner pid=4169184)[0m                'norm_adv_by_std_in_grpo': True,
[36m(TaskRunner pid=4169184)[0m                'pf_ppo': {'reweight_method': 'pow', 'weight_pow': 2.0},
[36m(TaskRunner pid=4169184)[0m                'rollout_correction': {'bypass_mode': False,
[36m(TaskRunner pid=4169184)[0m                                       'loss_type': 'ppo_clip',
[36m(TaskRunner pid=4169184)[0m                                       'rollout_is': None,
[36m(TaskRunner pid=4169184)[0m                                       'rollout_is_batch_normalize': False,
[36m(TaskRunner pid=4169184)[0m                                       'rollout_is_threshold': 2.0,
[36m(TaskRunner pid=4169184)[0m                                       'rollout_rs': None,
[36m(TaskRunner pid=4169184)[0m                                       'rollout_rs_threshold': None},
[36m(TaskRunner pid=4169184)[0m                'use_kl_in_reward': False,
[36m(TaskRunner pid=4169184)[0m                'use_pf_ppo': False},
[36m(TaskRunner pid=4169184)[0m  'critic': {'_target_': 'verl.workers.config.FSDPCriticConfig',
[36m(TaskRunner pid=4169184)[0m             'checkpoint': {'_target_': 'verl.trainer.config.CheckpointConfig',
[36m(TaskRunner pid=4169184)[0m                            'async_save': False,
[36m(TaskRunner pid=4169184)[0m                            'load_contents': ['model', 'optimizer', 'extra'],
[36m(TaskRunner pid=4169184)[0m                            'mbridge_config': {},
[36m(TaskRunner pid=4169184)[0m                            'save_contents': ['model', 'optimizer', 'extra']},
[36m(TaskRunner pid=4169184)[0m             'cliprange_value': 0.5,
[36m(TaskRunner pid=4169184)[0m             'data_loader_seed': 42,
[36m(TaskRunner pid=4169184)[0m             'enable': None,
[36m(TaskRunner pid=4169184)[0m             'forward_max_token_len_per_gpu': 32768,
[36m(TaskRunner pid=4169184)[0m             'forward_micro_batch_size': None,
[36m(TaskRunner pid=4169184)[0m             'forward_micro_batch_size_per_gpu': None,
[36m(TaskRunner pid=4169184)[0m             'grad_clip': 1.0,
[36m(TaskRunner pid=4169184)[0m             'loss_agg_mode': 'token-mean',
[36m(TaskRunner pid=4169184)[0m             'model': {'_target_': 'verl.workers.config.FSDPCriticModelCfg',
[36m(TaskRunner pid=4169184)[0m                       'enable_activation_offload': False,
[36m(TaskRunner pid=4169184)[0m                       'enable_gradient_checkpointing': True,
[36m(TaskRunner pid=4169184)[0m                       'external_lib': None,
[36m(TaskRunner pid=4169184)[0m                       'fsdp_config': {'_target_': 'verl.workers.config.FSDPEngineConfig',
[36m(TaskRunner pid=4169184)[0m                                       'dtype': 'bfloat16',
[36m(TaskRunner pid=4169184)[0m                                       'entropy_checkpointing': False,
[36m(TaskRunner pid=4169184)[0m                                       'entropy_from_logits_with_chunking': False,
[36m(TaskRunner pid=4169184)[0m                                       'forward_only': False,
[36m(TaskRunner pid=4169184)[0m                                       'forward_prefetch': False,
[36m(TaskRunner pid=4169184)[0m                                       'fsdp_size': -1,
[36m(TaskRunner pid=4169184)[0m                                       'full_determinism': False,
[36m(TaskRunner pid=4169184)[0m                                       'model_dtype': 'fp32',
[36m(TaskRunner pid=4169184)[0m                                       'offload_policy': False,
[36m(TaskRunner pid=4169184)[0m                                       'optimizer_offload': False,
[36m(TaskRunner pid=4169184)[0m                                       'param_offload': False,
[36m(TaskRunner pid=4169184)[0m                                       'qat': {'_target_': 'verl.workers.config.QATEngineConfig',
[36m(TaskRunner pid=4169184)[0m                                               'activation_observer': 'static_minmax',
[36m(TaskRunner pid=4169184)[0m                                               'enable': False,
[36m(TaskRunner pid=4169184)[0m                                               'group_size': 16,
[36m(TaskRunner pid=4169184)[0m                                               'ignore_patterns': ['lm_head',
[36m(TaskRunner pid=4169184)[0m                                                                   'embed_tokens',
[36m(TaskRunner pid=4169184)[0m                                                                   're:.*mlp.gate$'],
[36m(TaskRunner pid=4169184)[0m                                               'mode': 'w4a16',
[36m(TaskRunner pid=4169184)[0m                                               'quantization_config_path': None},
[36m(TaskRunner pid=4169184)[0m                                       'reshard_after_forward': True,
[36m(TaskRunner pid=4169184)[0m                                       'seed': 42,
[36m(TaskRunner pid=4169184)[0m                                       'strategy': 'fsdp',
[36m(TaskRunner pid=4169184)[0m                                       'ulysses_sequence_parallel_size': 1,
[36m(TaskRunner pid=4169184)[0m                                       'use_orig_params': False,
[36m(TaskRunner pid=4169184)[0m                                       'use_torch_compile': True,
[36m(TaskRunner pid=4169184)[0m                                       'wrap_policy': {'min_num_params': 0}},
[36m(TaskRunner pid=4169184)[0m                       'lora_alpha': 16,
[36m(TaskRunner pid=4169184)[0m                       'lora_rank': 0,
[36m(TaskRunner pid=4169184)[0m                       'override_config': {},
[36m(TaskRunner pid=4169184)[0m                       'path': '~/models/deepseek-llm-7b-chat',
[36m(TaskRunner pid=4169184)[0m                       'target_modules': 'all-linear',
[36m(TaskRunner pid=4169184)[0m                       'tiled_mlp': {'enabled': False, 'num_shards': 4},
[36m(TaskRunner pid=4169184)[0m                       'tokenizer_path': '/inspire/hdd/global_user/mengweicheng-240108120092/lzy/models/Qwen3-VL-4B-Instruct',
[36m(TaskRunner pid=4169184)[0m                       'trust_remote_code': False,
[36m(TaskRunner pid=4169184)[0m                       'use_remove_padding': False,
[36m(TaskRunner pid=4169184)[0m                       'use_shm': False},
[36m(TaskRunner pid=4169184)[0m             'optim': {'_target_': 'verl.workers.config.FSDPOptimizerConfig',
[36m(TaskRunner pid=4169184)[0m                       'betas': [0.9, 0.999],
[36m(TaskRunner pid=4169184)[0m                       'clip_grad': 1.0,
[36m(TaskRunner pid=4169184)[0m                       'lr': 1e-05,
[36m(TaskRunner pid=4169184)[0m                       'lr_scheduler_type': 'constant',
[36m(TaskRunner pid=4169184)[0m                       'lr_warmup_steps': -1,
[36m(TaskRunner pid=4169184)[0m                       'lr_warmup_steps_ratio': 0.0,
[36m(TaskRunner pid=4169184)[0m                       'min_lr_ratio': 0.0,
[36m(TaskRunner pid=4169184)[0m                       'num_cycles': 0.5,
[36m(TaskRunner pid=4169184)[0m                       'optimizer': 'AdamW',
[36m(TaskRunner pid=4169184)[0m                       'optimizer_impl': 'torch.optim',
[36m(TaskRunner pid=4169184)[0m                       'override_optimizer_config': None,
[36m(TaskRunner pid=4169184)[0m                       'total_training_steps': -1,
[36m(TaskRunner pid=4169184)[0m                       'warmup_style': None,
[36m(TaskRunner pid=4169184)[0m                       'weight_decay': 0.01,
[36m(TaskRunner pid=4169184)[0m                       'zero_indexed_step': True},
[36m(TaskRunner pid=4169184)[0m             'ppo_epochs': 1,
[36m(TaskRunner pid=4169184)[0m             'ppo_max_token_len_per_gpu': 32768,
[36m(TaskRunner pid=4169184)[0m             'ppo_micro_batch_size': None,
[36m(TaskRunner pid=4169184)[0m             'ppo_micro_batch_size_per_gpu': None,
[36m(TaskRunner pid=4169184)[0m             'ppo_mini_batch_size': 2,
[36m(TaskRunner pid=4169184)[0m             'profiler': {'_target_': 'verl.utils.profiler.ProfilerConfig',
[36m(TaskRunner pid=4169184)[0m                          'all_ranks': False,
[36m(TaskRunner pid=4169184)[0m                          'enable': False,
[36m(TaskRunner pid=4169184)[0m                          'ranks': [],
[36m(TaskRunner pid=4169184)[0m                          'save_path': 'outputs/profile',
[36m(TaskRunner pid=4169184)[0m                          'tool': None,
[36m(TaskRunner pid=4169184)[0m                          'tool_config': {'npu': {'_target_': 'verl.utils.profiler.config.NPUToolConfig',
[36m(TaskRunner pid=4169184)[0m                                                  'analysis': True,
[36m(TaskRunner pid=4169184)[0m                                                  'contents': [],
[36m(TaskRunner pid=4169184)[0m                                                  'discrete': False,
[36m(TaskRunner pid=4169184)[0m                                                  'level': 'level0'},
[36m(TaskRunner pid=4169184)[0m                                          'nsys': {'_target_': 'verl.utils.profiler.config.NsightToolConfig',
[36m(TaskRunner pid=4169184)[0m                                                   'discrete': False},
[36m(TaskRunner pid=4169184)[0m                                          'torch': {'_target_': 'verl.utils.profiler.config.TorchProfilerToolConfig',
[36m(TaskRunner pid=4169184)[0m                                                    'contents': [],
[36m(TaskRunner pid=4169184)[0m                                                    'discrete': False},
[36m(TaskRunner pid=4169184)[0m                                          'torch_memory': {'_target_': 'verl.utils.profiler.config.TorchMemoryToolConfig',
[36m(TaskRunner pid=4169184)[0m                                                           'stack_depth': 32,
[36m(TaskRunner pid=4169184)[0m                                                           'trace_alloc_max_entries': 100000}}},
[36m(TaskRunner pid=4169184)[0m             'rollout_n': 8,
[36m(TaskRunner pid=4169184)[0m             'shuffle': False,
[36m(TaskRunner pid=4169184)[0m             'strategy': 'fsdp',
[36m(TaskRunner pid=4169184)[0m             'ulysses_sequence_parallel_size': 1,
[36m(TaskRunner pid=4169184)[0m             'use_dynamic_bsz': True},
[36m(TaskRunner pid=4169184)[0m  'data': {'apply_chat_template_kwargs': {},
[36m(TaskRunner pid=4169184)[0m           'custom_cls': {'name': 'FCOPDDataset',
[36m(TaskRunner pid=4169184)[0m                          'path': 'file:///inspire/hdd/global_user/mengweicheng-240108120092/lzy/projects/Dual-Track-OPD/src/dual_track_opd/fc_opd/verl_dataset.py'},
[36m(TaskRunner pid=4169184)[0m           'datagen': {'name': None, 'path': None},
[36m(TaskRunner pid=4169184)[0m           'dataloader_num_workers': 8,
[36m(TaskRunner pid=4169184)[0m           'filter_overlong_prompts': False,
[36m(TaskRunner pid=4169184)[0m           'filter_overlong_prompts_workers': 1,
[36m(TaskRunner pid=4169184)[0m           'image_key': 'images',
[36m(TaskRunner pid=4169184)[0m           'image_patch_size': 14,
[36m(TaskRunner pid=4169184)[0m           'max_prompt_length': 1024,
[36m(TaskRunner pid=4169184)[0m           'max_response_length': 512,
[36m(TaskRunner pid=4169184)[0m           'prompt_key': 'prompt',
[36m(TaskRunner pid=4169184)[0m           'return_full_prompt': False,
[36m(TaskRunner pid=4169184)[0m           'return_multi_modal_inputs': True,
[36m(TaskRunner pid=4169184)[0m           'return_raw_chat': True,
[36m(TaskRunner pid=4169184)[0m           'return_raw_input_ids': False,
[36m(TaskRunner pid=4169184)[0m           'reward_fn_key': 'data_source',
[36m(TaskRunner pid=4169184)[0m           'sampler': {'class_name': None, 'class_path': None},
[36m(TaskRunner pid=4169184)[0m           'seed': None,
[36m(TaskRunner pid=4169184)[0m           'shuffle': True,
[36m(TaskRunner pid=4169184)[0m           'tokenizer': None,
[36m(TaskRunner pid=4169184)[0m           'tool_config_path': None,
[36m(TaskRunner pid=4169184)[0m           'train_batch_size': 2,
[36m(TaskRunner pid=4169184)[0m           'train_files': '/inspire/hdd/global_user/mengweicheng-240108120092/lzy/fc-opd-storage/outputs/fc_opd/verl_smoke/train.parquet',
[36m(TaskRunner pid=4169184)[0m           'train_max_samples': -1,
[36m(TaskRunner pid=4169184)[0m           'truncation': 'error',
[36m(TaskRunner pid=4169184)[0m           'trust_remote_code': False,
[36m(TaskRunner pid=4169184)[0m           'use_shm': False,
[36m(TaskRunner pid=4169184)[0m           'val_batch_size': None,
[36m(TaskRunner pid=4169184)[0m           'val_files': '/inspire/hdd/global_user/mengweicheng-240108120092/lzy/fc-opd-storage/outputs/fc_opd/verl_smoke/train.parquet',
[36m(TaskRunner pid=4169184)[0m           'val_max_samples': -1,
[36m(TaskRunner pid=4169184)[0m           'validation_shuffle': False,
[36m(TaskRunner pid=4169184)[0m           'video_key': 'videos'},
[36m(TaskRunner pid=4169184)[0m  'global_profiler': {'_target_': 'verl.utils.profiler.ProfilerConfig',
[36m(TaskRunner pid=4169184)[0m                      'global_tool_config': {'nsys': {'_target_': 'verl.utils.profiler.config.NsightToolConfig',
[36m(TaskRunner pid=4169184)[0m                                                      'controller_nsight_options': {'cuda-graph-trace': 'graph',
[36m(TaskRunner pid=4169184)[0m                                                                                    'cuda-memory-usage': 'true',
[36m(TaskRunner pid=4169184)[0m                                                                                    'trace': 'cuda,nvtx,cublas,ucx'},
[36m(TaskRunner pid=4169184)[0m                                                      'discrete': False,
[36m(TaskRunner pid=4169184)[0m                                                      'worker_nsight_options': {'capture-range': 'cudaProfilerApi',
[36m(TaskRunner pid=4169184)[0m                                                                                'capture-range-end': None,
[36m(TaskRunner pid=4169184)[0m                                                                                'cuda-graph-trace': 'graph',
[36m(TaskRunner pid=4169184)[0m                                                                                'cuda-memory-usage': 'true',
[36m(TaskRunner pid=4169184)[0m                                                                                'kill': 'none',
[36m(TaskRunner pid=4169184)[0m                                                                                'trace': 'cuda,nvtx,cublas,ucx'}},
[36m(TaskRunner pid=4169184)[0m                                             'torch_memory': {'context': 'all',
[36m(TaskRunner pid=4169184)[0m                                                              'kw_args': {},
[36m(TaskRunner pid=4169184)[0m                                                              'stack_depth': 32,
[36m(TaskRunner pid=4169184)[0m                                                              'stacks': 'all',
[36m(TaskRunner pid=4169184)[0m                                                              'trace_alloc_max_entries': 100000}},
[36m(TaskRunner pid=4169184)[0m                      'profile_continuous_steps': False,
[36m(TaskRunner pid=4169184)[0m                      'save_path': 'outputs/profile',
[36m(TaskRunner pid=4169184)[0m                      'steps': None,
[36m(TaskRunner pid=4169184)[0m                      'tool': None},
[36m(TaskRunner pid=4169184)[0m  'model_engine': 'dp',
[36m(TaskRunner pid=4169184)[0m  'ray_kwargs': {'ray_init': {'num_cpus': None}, 'timeline_json_file': None},
[36m(TaskRunner pid=4169184)[0m  'reward': {'custom_reward_function': {'name': 'compute_score',
[36m(TaskRunner pid=4169184)[0m                                        'path': 'file:///inspire/hdd/global_user/mengweicheng-240108120092/lzy/projects/Dual-Track-OPD/src/dual_track_opd/fc_opd/smoke_reward.py'},
[36m(TaskRunner pid=4169184)[0m             'num_workers': 8,
[36m(TaskRunner pid=4169184)[0m             'reward_manager': {'_target_': 'verl.workers.config.reward_model.RewardManagerConfig',
[36m(TaskRunner pid=4169184)[0m                                'module': {'_target_': 'verl.trainer.config.config.ModuleConfig',
[36m(TaskRunner pid=4169184)[0m                                           'name': 'custom_reward_manager',
[36m(TaskRunner pid=4169184)[0m                                           'path': None},[36m(TaskRunner pid=4169184)[0m /inspire/hdd/global_user/mengweicheng-240108120092/lzy/projects/Dual-Track-OPD/third_party/verl/verl/trainer/main_ppo.py:302: UserWarning: Disabled critic as algorithm.adv_estimator != gae. If it is not intended, please set critic.enable=True
[36m(TaskRunner pid=4169184)[0m   use_critic=need_critic(config),
[36m(TaskRunner pid=4169184)[0m /inspire/hdd/global_user/mengweicheng-240108120092/lzy/projects/Dual-Track-OPD/third_party/verl/verl/trainer/ppo/ray_trainer.py:286: UserWarning: Disabled critic as algorithm.adv_estimator != gae. If it is not intended, please set critic.enable=True
[36m(TaskRunner pid=4169184)[0m   self.use_critic = need_critic(self.config)
[36m(pid=79157)[0m /inspire/hdd/global_user/mengweicheng-240108120092/lzy/fc-opd-storage/envs/fc-opd-verl071-cu128/lib/python3.12/site-packages/torch/cuda/__init__.py:63: FutureWarning: The pynvml package is deprecated. Please install nvidia-ml-py instead. If you did not install pynvml directly, please report this to the maintainers of the package that installed pynvml for you.
[36m(pid=79157)[0m   import pynvml  # type: ignore[import]
[36m(pid=79157)[0m /inspire/hdd/global_user/mengweicheng-240108120092/lzy/fc-opd-storage/envs/fc-opd-verl071-cu128/lib/python3.12/site-packages/transformers/utils/hub.py:110: FutureWarning: Using `TRANSFORMERS_CACHE` is deprecated and will be removed in v5 of Transformers. Use `HF_HOME` instead.
[36m(pid=79157)[0m   warnings.warn(

[36m(TaskRunner pid=4169184)[0m                                'name': 'naive',
[36m(TaskRunner pid=4169184)[0m                                'source': 'register'},
[36m(TaskRunner pid=4169184)[0m             'reward_model': {'enable': False,
[36m(TaskRunner pid=4169184)[0m                              'enable_resource_pool': False,
[36m(TaskRunner pid=4169184)[0m                              'model_path': None,
[36m(TaskRunner pid=4169184)[0m                              'n_gpus_per_node': 8,
[36m(TaskRunner pid=4169184)[0m                              'nnodes': 0,
[36m(TaskRunner pid=4169184)[0m                              'rollout': {'_target_': 'verl.workers.config.RolloutConfig',
[36m(TaskRunner pid=4169184)[0m                                          'cudagraph_capture_sizes': None,
[36m(TaskRunner pid=4169184)[0m                                          'data_parallel_size': 1,
[36m(TaskRunner pid=4169184)[0m                                          'disable_log_stats': True,
[36m(TaskRunner pid=4169184)[0m                                          'dtype': 'bfloat16',
[36m(TaskRunner pid=4169184)[0m                                          'enable_chunked_prefill': True,
[36m(TaskRunner pid=4169184)[0m                                          'enable_prefix_caching': True,
[36m(TaskRunner pid=4169184)[0m                                          'enforce_eager': True,
[36m(TaskRunner pid=4169184)[0m                                          'engine_kwargs': {},
[36m(TaskRunner pid=4169184)[0m                                          'expert_parallel_size': 1,
[36m(TaskRunner pid=4169184)[0m                                          'free_cache_engine': True,
[36m(TaskRunner pid=4169184)[0m                                          'gpu_memory_utilization': 0.5,
[36m(TaskRunner pid=4169184)[0m                                          'limit_images': None,
[36m(TaskRunner pid=4169184)[0m                                          'load_format': 'auto',
[36m(TaskRunner pid=4169184)[0m                                          'max_model_len': None,
[36m(TaskRunner pid=4169184)[0m                                          'max_num_batched_tokens': 8192,
[36m(TaskRunner pid=4169184)[0m                                          'max_num_seqs': 1024,
[36m(TaskRunner pid=4169184)[0m                                          'name': '???',
[36m(TaskRunner pid=4169184)[0m                                          'prompt_length': 2048,
[36m(TaskRunner pid=4169184)[0m                                          'response_length': 2048,
[36m(TaskRunner pid=4169184)[0m                                          'skip_tokenizer_init': False,
[36m(TaskRunner pid=4169184)[0m                                          'tensor_model_parallel_size': 2}},
[36m(TaskRunner pid=4169184)[0m             'sandbox_fusion': {'max_concurrent': 64,
[36m(TaskRunner pid=4169184)[0m                                'memory_limit_mb': 1024,
[36m(TaskRunner pid=4169184)[0m                                'url': None}},
[36m(TaskRunner pid=4169184)[0m  'trainer': {'balance_batch': True,
[36m(TaskRunner pid=4169184)[0m              'critic_warmup': 0,
[36m(TaskRunner pid=4169184)[0m              'default_hdfs_dir': None,
[36m(TaskRunner pid=4169184)[0m              'default_local_dir': '/inspire/hdd/global_user/mengweicheng-240108120092/lzy/projects/Dual-Track-OPD/checkpoints/verl_fc_opd_overnight/fc_opd_overnight_20260630_013805',
[36m(TaskRunner pid=4169184)[0m              'del_local_ckpt_after_load': False,
[36m(TaskRunner pid=4169184)[0m              'device': 'cuda',
[36m(TaskRunner pid=4169184)[0m              'esi_redundant_time': 0,
[36m(TaskRunner pid=4169184)[0m              'experiment_name': 'fc_opd_overnight_20260630_013805',
[36m(TaskRunner pid=4169184)[0m              'log_val_generations': 0,
[36m(TaskRunner pid=4169184)[0m              'logger': ['console'],
[36m(TaskRunner pid=4169184)[0m              'max_actor_ckpt_to_keep': None,
[36m(TaskRunner pid=4169184)[0m              'max_critic_ckpt_to_keep': None,
[36m(TaskRunner pid=4169184)[0m              'n_gpus_per_node': 2,
[36m(TaskRunner pid=4169184)[0m              'nnodes': 1,
[36m(TaskRunner pid=4169184)[0m              'project_name': 'fc_opd_overnight',
[36m(TaskRunner pid=4169184)[0m              'ray_wait_register_center_timeout': 300,
[36m(TaskRunner pid=4169184)[0m              'resume_from_path': None,
[36m(TaskRunner pid=4169184)[0m              'resume_mode': 'auto',
[36m(TaskRunner pid=4169184)[0m              'rollout_data_dir': None,
[36m(TaskRunner pid=4169184)[0m              'save_freq': 25,
[36m(TaskRunner pid=4169184)[0m              'test_freq': -1,
[36m(TaskRunner pid=4169184)[0m              'total_epochs': 200,
[36m(TaskRunner pid=4169184)[0m              'total_training_steps': None,
[36m(TaskRunner pid=4169184)[0m              'use_legacy_worker_impl': 'auto',
[36m(TaskRunner pid=4169184)[0m              'val_before_train': False,
[36m(TaskRunner pid=4169184)[0m              'val_only': False,
[36m(TaskRunner pid=4169184)[0m              'validation_data_dir': None},
[36m(TaskRunner pid=4169184)[0m  'transfer_queue': {'enable': False}}
[36m(TaskRunner pid=4169184)[0m [validate_config] All configuration checks passed successfully!
[36m(TaskRunner pid=4169184)[0m Using dataset class: FCOPDDataset
[36m(TaskRunner pid=4169184)[0m dataset len: 2
[36m(TaskRunner pid=4169184)[0m Using dataset class: FCOPDDataset
[36m(TaskRunner pid=4169184)[0m dataset len: 2
[36m(TaskRunner pid=4169184)[0m Size of train dataloader: 1, Size of val dataloader: 1
[36m(TaskRunner pid=4169184)[0m Total training steps: 200
[36m(TaskRunner pid=4169184)[0m colocated worker base class <class 'verl.single_controller.base.worker.Worker'>
[36m(WorkerDict pid=79157)[0m [Gloo] Rank 0 is connected to 1 peer ranks. Expected number of connected peer ranks is : 1
[36m(WorkerDict pid=79157)[0m Model config after override: Qwen3VLConfig {
[36m(WorkerDict pid=79157)[0m   "architectures": [
[36m(WorkerDict pid=79157)[0m     "Qwen3VLForConditionalGeneration"
[36m(WorkerDict pid=79157)[0m   ],
[36m(WorkerDict pid=79157)[0m   "attn_implementation": "sdpa",
[36m(WorkerDict pid=79157)[0m   "eos_token_id": 151645,
[36m(WorkerDict pid=79157)[0m   "image_token_id": 151655,
[36m(WorkerDict pid=79157)[0m   "model_type": "qwen3_vl",
[36m(WorkerDict pid=79157)[0m   "pad_token_id": 151643,
[36m(WorkerDict pid=79157)[0m   "text_config": {
[36m(WorkerDict pid=79157)[0m     "attention_bias": false,
[36m(WorkerDict pid=79157)[0m     "attention_dropout": 0.0,
[36m(WorkerDict pid=79157)[0m     "bos_token_id": 151643,
[36m(WorkerDict pid=79157)[0m     "dtype": "bfloat16",
[36m(WorkerDict pid=79157)[0m     "eos_token_id": 151645,
[36m(WorkerDict pid=79157)[0m     "head_dim": 128,
[36m(WorkerDict pid=79157)[0m     "hidden_act": "silu",
[36m(WorkerDict pid=79157)[0m     "hidden_size": 2560,
[36m(WorkerDict pid=79157)[0m     "initializer_range": 0.02,
[36m(WorkerDict pid=79157)[0m     "intermediate_size": 9728,
[36m(WorkerDict pid=79157)[0m     "max_position_embeddings": 262144,
[36m(WorkerDict pid=79157)[0m     "model_type": "qwen3_vl_text",
[36m(WorkerDict pid=79157)[0m     "num_attention_heads": 32,
[36m(WorkerDict pid=79157)[0m     "num_hidden_layers": 36,
[36m(WorkerDict pid=79157)[0m     "num_key_value_heads": 8,
[36m(WorkerDict pid=79157)[0m     "rms_norm_eps": 1e-06,
[36m(WorkerDict pid=79157)[0m     "rope_scaling": {
[36m(WorkerDict pid=79157)[0m       "mrope_interleaved": true,
[36m(WorkerDict pid=79157)[0m       "mrope_section": [
[36m(WorkerDict pid=79157)[0m         24,
[36m(WorkerDict pid=79157)[0m         20,
[36m(WorkerDict pid=79157)[0m         20
[36m(WorkerDict pid=79157)[0m       ],
[36m(WorkerDict pid=79157)[0m       "rope_type": "default"
[36m(WorkerDict pid=79157)[0m     },
[36m(WorkerDict pid=79157)[0m     "rope_theta": 5000000,
[36m(WorkerDict pid=79157)[0m     "tie_word_embeddings": true,
[36m(WorkerDict pid=79157)[0m     "use_cache": true,[36m(WorkerDict pid=79157)[0m `torch_dtype` is deprecated! Use `dtype` instead!
[36m(pid=79158)[0m /inspire/hdd/global_user/mengweicheng-240108120092/lzy/fc-opd-storage/envs/fc-opd-verl071-cu128/lib/python3.12/site-packages/torch/cuda/__init__.py:63: FutureWarning: The pynvml package is deprecated. Please install nvidia-ml-py instead. If you did not install pynvml directly, please report this to the maintainers of the package that installed pynvml for you.
[36m(pid=79158)[0m   import pynvml  # type: ignore[import]
[36m(WorkerDict pid=79157)[0m Loading checkpoint shards:   0%|          | 0/2 [00:00<?, ?it/s]
[36m(WorkerDict pid=79157)[0m Loading checkpoint shards:  50%|█████     | 1/2 [00:06<00:06,  6.49s/it]
[36m(pid=79158)[0m /inspire/hdd/global_user/mengweicheng-240108120092/lzy/fc-opd-storage/envs/fc-opd-verl071-cu128/lib/python3.12/site-packages/transformers/utils/hub.py:110: FutureWarning: Using `TRANSFORMERS_CACHE` is deprecated and will be removed in v5 of Transformers. Use `HF_HOME` instead.
[36m(pid=79158)[0m   warnings.warn(
[36m(WorkerDict pid=79158)[0m `torch_dtype` is deprecated! Use `dtype` instead!
[36m(WorkerDict pid=79158)[0m Loading checkpoint shards:   0%|          | 0/2 [00:00<?, ?it/s]
[36m(WorkerDict pid=79157)[0m Loading checkpoint shards: 100%|██████████| 2/2 [00:11<00:00,  5.57s/it]Loading checkpoint shards: 100%|██████████| 2/2 [00:11<00:00,  5.71s/it]
[36m(WorkerDict pid=79158)[0m Loading checkpoint shards:  50%|█████     | 1/2 [00:06<00:06,  6.49s/it]
[36m(WorkerDict pid=79157)[0m /inspire/hdd/global_user/mengweicheng-240108120092/lzy/fc-opd-storage/envs/fc-opd-verl071-cu128/lib/python3.12/site-packages/torch/distributed/fsdp/fully_sharded_data_parallel.py:678: FutureWarning: FSDP.state_dict_type() and FSDP.set_state_dict_type() are being deprecated. Please use APIs, get_state_dict() and set_state_dict(), which can support different parallelisms, FSDP1, FSDP2, DDP. API doc: https://pytorch.org/docs/stable/distributed.checkpoint.html#torch.distributed.checkpoint.state_dict.get_state_dict .Tutorial: https://pytorch.org/tutorials/recipes/distributed_checkpoint_recipe.html .
[36m(WorkerDict pid=79157)[0m   warnings.warn(
[36m(WorkerDict pid=79158)[0m Loading checkpoint shards: 100%|██████████| 2/2 [00:11<00:00,  5.57s/it]Loading checkpoint shards: 100%|██████████| 2/2 [00:11<00:00,  5.71s/it]
[36m(pid=138670)[0m /inspire/hdd/global_user/mengweicheng-240108120092/lzy/fc-opd-storage/envs/fc-opd-verl071-cu128/lib/python3.12/site-packages/torch/cuda/__init__.py:63: FutureWarning: The pynvml package is deprecated. Please install nvidia-ml-py instead. If you did not install pynvml directly, please report this to the maintainers of the package that installed pynvml for you.
[36m(pid=138670)[0m   import pynvml  # type: ignore[import]
[36m(pid=138692)[0m /inspire/hdd/global_user/mengweicheng-240108120092/lzy/fc-opd-storage/envs/fc-opd-verl071-cu128/lib/python3.12/site-packages/transformers/utils/hub.py:110: FutureWarning: Using `TRANSFORMERS_CACHE` is deprecated and will be removed in v5 of Transformers. Use `HF_HOME` instead.
[36m(WorkerDict pid=79158)[0m /inspire/hdd/global_user/mengweicheng-240108120092/lzy/fc-opd-storage/envs/fc-opd-verl071-cu128/lib/python3.12/site-packages/torch/distributed/fsdp/fully_sharded_data_parallel.py:678: FutureWarning: FSDP.state_dict_type() and FSDP.set_state_dict_type() are being deprecated. Please use APIs, get_state_dict() and set_state_dict(), which can support different parallelisms, FSDP1, FSDP2, DDP. API doc: https://pytorch.org/docs/stable/distributed.checkpoint.html#torch.distributed.checkpoint.state_dict.get_state_dict .Tutorial: https://pytorch.org/tutorials/recipes/distributed_checkpoint_recipe.html .
[36m(pid=138692)[0m   warnings.warn([32m [repeated 2x across cluster][0m
[36m(pid=144739)[0m /inspire/hdd/global_user/mengweicheng-240108120092/lzy/fc-opd-storage/envs/fc-opd-verl071-cu128/lib/python3.12/site-packages/torch/cuda/__init__.py:63: FutureWarning: The pynvml package is deprecated. Please install nvidia-ml-py instead. If you did not install pynvml directly, please report this to the maintainers of the package that installed pynvml for you.[32m [repeated 9x across cluster][0m
[36m(pid=144739)[0m   import pynvml  # type: ignore[import][32m [repeated 9x across cluster][0m
[36m(vLLMHttpServer pid=144682)[0m WARNING:2026-06-30 01:41:11,116:agent loop only support torch and npu profiler, got None
[36m(vLLMHttpServer pid=144682)[0m INFO:2026-06-30 01:41:11,116:vLLMHttpServer, replica_rank: 0, node_rank: 0, CUDA_VISIBLE_DEVICES: 1, master_address: 10.247.28.202, master_port: 43079, data_parallel_rpc_port: 38329, data_parallel_master_port: 42827
[36m(vLLMHttpServer pid=144682)[0m INFO:2026-06-30 01:41:11,120:override_generation_config: {'temperature': 1.0, 'top_k': -1, 'top_p': 1, 'repetition_penalty': 1.0, 'max_new_tokens': 512}
[36m(vLLMHttpServer pid=144682)[0m INFO:2026-06-30 01:41:11,120:enable_sleep_mode: True
[36m(pid=144739)[0m /inspire/hdd/global_user/mengweicheng-240108120092/lzy/fc-opd-storage/envs/fc-opd-verl071-cu128/lib/python3.12/site-packages/transformers/utils/hub.py:110: FutureWarning: Using `TRANSFORMERS_CACHE` is deprecated and will be removed in v5 of Transformers. Use `HF_HOME` instead.[32m [repeated 9x across cluster][0m
[36m(pid=144739)[0m   warnings.warn([32m [repeated 9x across cluster][0m
[36m(vLLMHttpServer pid=144682)[0m `torch_dtype` is deprecated! Use `dtype` instead!
[36m(vLLMHttpServer pid=144682)[0m /inspire/hdd/global_user/mengweicheng-240108120092/lzy/fc-opd-storage/envs/fc-opd-verl071-cu128/lib/python3.12/site-packages/torch/cuda/__init__.py:63: FutureWarning: The pynvml package is deprecated. Please install nvidia-ml-py instead. If you did not install pynvml directly, please report this to the maintainers of the package that installed pynvml for you.
[36m(vLLMHttpServer pid=144682)[0m   import pynvml  # type: ignore[import]
[36m(vLLMHttpServer pid=144739)[0m WARNING:2026-06-30 01:41:11,100:agent loop only support torch and npu profiler, got None
[36m(vLLMHttpServer pid=144739)[0m INFO:2026-06-30 01:41:11,100:vLLMHttpServer, replica_rank: 1, node_rank: 0, CUDA_VISIBLE_DEVICES: 2, master_address: 10.247.28.202, master_port: 34931, data_parallel_rpc_port: 36217, data_parallel_master_port: 40383
[36m(vLLMHttpServer pid=144739)[0m INFO:2026-06-30 01:41:11,105:override_generation_config: {'temperature': 1.0, 'top_k': -1, 'top_p': 1, 'repetition_penalty': 1.0, 'max_new_tokens': 512}
[36m(vLLMHttpServer pid=144739)[0m INFO:2026-06-30 01:41:11,105:enable_sleep_mode: True
[36m(vLLMHttpServer pid=144739)[0m /inspire/hdd/global_user/mengweicheng-240108120092/lzy/fc-opd-storage/envs/fc-opd-verl071-cu128/lib/python3.12/site-packages/transformers/utils/hub.py:110: FutureWarning: Using `TRANSFORMERS_CACHE` is deprecated and will be removed in v5 of Transformers. Use `HF_HOME` instead.[32m [repeated 2x across cluster][0m
[36m(vLLMHttpServer pid=144739)[0m   warnings.warn([32m [repeated 2x across cluster][0m
[36m(vLLMHttpServer pid=144739)[0m `torch_dtype` is deprecated! Use `dtype` instead!
[36m(vLLMHttpServer pid=144682)[0m /inspire/hdd/global_user/mengweicheng-240108120092/lzy/fc-opd-storage/envs/fc-opd-verl071-cu128/lib/python3.12/site-packages/torch/cuda/__init__.py:63: FutureWarning: The pynvml package is deprecated. Please install nvidia-ml-py instead. If you did not install pynvml directly, please report this to the maintainers of the package that installed pynvml for you.[32m [repeated 2x across cluster][0m
[36m(vLLMHttpServer pid=144682)[0m   import pynvml  # type: ignore[import][32m [repeated 2x across cluster][0m
[36m(vLLMHttpServer pid=144682)[0m W0630 01:41:25.098000 179976 site-packages/torch/utils/cpp_extension.py:2425] TORCH_CUDA_ARCH_LIST is not set, all archs for visible cards are included for compilation. 
[36m(vLLMHttpServer pid=144682)[0m W0630 01:41:25.098000 179976 site-packages/torch/utils/cpp_extension.py:2425] If this is not desired, please set os.environ['TORCH_CUDA_ARCH_LIST'] to specific architectures.
[36m(vLLMHttpServer pid=144739)[0m /inspire/hdd/global_user/mengweicheng-240108120092/lzy/fc-opd-storage/envs/fc-opd-verl071-cu128/lib/python3.12/site-packages/transformers/utils/hub.py:110: FutureWarning: Using `TRANSFORMERS_CACHE` is deprecated and will be removed in v5 of Transformers. Use `HF_HOME` instead.[32m [repeated 2x across cluster][0m
[36m(vLLMHttpServer pid=144739)[0m   warnings.warn([32m [repeated 2x across cluster][0m
[36m(vLLMHttpServer pid=144739)[0m /inspire/hdd/global_user/mengweicheng-240108120092/lzy/fc-opd-storage/envs/fc-opd-verl071-cu128/lib/python3.12/site-packages/torch/cuda/__init__.py:63: FutureWarning: The pynvml package is deprecated. Please install nvidia-ml-py instead. If you did not install pynvml directly, please report this to the maintainers of the package that installed pynvml for you.
[36m(vLLMHttpServer pid=144739)[0m   import pynvml  # type: ignore[import]
[36m(vLLMHttpServer pid=144682)[0m [1;36m(Worker pid=179976)[0;0m 2026-06-30 01:41:38,574 - INFO - autotuner.py:256 - flashinfer.jit: [Autotuner]: Autotuning process starts ...
[36m(vLLMHttpServer pid=144739)[0m W0630 01:41:25.098000 180023 site-packages/torch/utils/cpp_extension.py:2425] TORCH_CUDA_ARCH_LIST is not set, all archs for visible cards are included for compilation. 
[36m(vLLMHttpServer pid=144739)[0m W0630 01:41:25.098000 180023 site-packages/torch/utils/cpp_extension.py:2425] If this is not desired, please set os.environ['TORCH_CUDA_ARCH_LIST'] to specific architectures.

[36m(WorkerDict pid=79157)[0m     "vocab_size": 151936
[36m(WorkerDict pid=79157)[0m   },
[36m(WorkerDict pid=79157)[0m   "tie_word_embeddings": true,
[36m(WorkerDict pid=79157)[0m   "transformers_version": "4.57.3",
[36m(WorkerDict pid=79157)[0m   "video_token_id": 151656,
[36m(WorkerDict pid=79157)[0m   "vision_config": {
[36m(WorkerDict pid=79157)[0m     "deepstack_visual_indexes": [
[36m(WorkerDict pid=79157)[0m       5,
[36m(WorkerDict pid=79157)[0m       11,
[36m(WorkerDict pid=79157)[0m       17
[36m(WorkerDict pid=79157)[0m     ],
[36m(WorkerDict pid=79157)[0m     "depth": 24,
[36m(WorkerDict pid=79157)[0m     "hidden_act": "gelu_pytorch_tanh",
[36m(WorkerDict pid=79157)[0m     "hidden_size": 1024,
[36m(WorkerDict pid=79157)[0m     "in_channels": 3,
[36m(WorkerDict pid=79157)[0m     "initializer_range": 0.02,
[36m(WorkerDict pid=79157)[0m     "intermediate_size": 4096,
[36m(WorkerDict pid=79157)[0m     "model_type": "qwen3_vl",
[36m(WorkerDict pid=79157)[0m     "num_heads": 16,
[36m(WorkerDict pid=79157)[0m     "num_position_embeddings": 2304,
[36m(WorkerDict pid=79157)[0m     "out_hidden_size": 2560,
[36m(WorkerDict pid=79157)[0m     "patch_size": 16,
[36m(WorkerDict pid=79157)[0m     "spatial_merge_size": 2,
[36m(WorkerDict pid=79157)[0m     "temporal_patch_size": 2
[36m(WorkerDict pid=79157)[0m   },
[36m(WorkerDict pid=79157)[0m   "vision_end_token_id": 151653,
[36m(WorkerDict pid=79157)[0m   "vision_start_token_id": 151652
[36m(WorkerDict pid=79157)[0m }
[36m(WorkerDict pid=79157)[0m 
[36m(WorkerDict pid=79157)[0m Monkey patch Qwen3VLForConditionalGeneration model forward
[36m(WorkerDict pid=79157)[0m Skipping monkey patch for Qwen3VLForConditionalGeneration as use_fused_kernels is False or fused_kernels_backend is torch
[36m(WorkerDict pid=79157)[0m Qwen3VLForConditionalGeneration contains 4.44B parameters
[36m(WorkerDict pid=79157)[0m wrap_policy: functools.partial(<function _or_policy at 0x7eec382b1440>, policies=[functools.partial(<function transformer_auto_wrap_policy at 0x7eec382b1300>, transformer_layer_cls={<class 'transformers.models.qwen3_vl.modeling_qwen3_vl.Qwen3VLTextDecoderLayer'>, <class 'transformers.models.qwen3_vl.modeling_qwen3_vl.Qwen3VLVisionBlock'>})])
[36m(WorkerDict pid=79158)[0m [Gloo] Rank 1 is connected to 1 peer ranks. Expected number of connected peer ranks is : 1
[36m(WorkerDict pid=79157)[0m Total steps: 200, num_warmup_steps: 0
[36m(WorkerDict pid=79157)[0m Actor use_remove_padding=False
[36m(WorkerDict pid=79157)[0m Actor use_fused_kernels=False
[36m(WorkerDict pid=79157)[0m Actor use_prefix_grouper=False
[36m(WorkerDict pid=79158)[0m Monkey patch Qwen3VLForConditionalGeneration model forward
[36m(WorkerDict pid=79158)[0m Skipping monkey patch for Qwen3VLForConditionalGeneration as use_fused_kernels is False or fused_kernels_backend is torch
[36m(WorkerDict pid=79157)[0m NCCL version 2.27.3+cuda12.9
[36m(WorkerDict pid=79157)[0m [Gloo] Rank 0 is connected to 1 peer ranks. Expected number of connected peer ranks is : 1
[36m(WorkerDict pid=79157)[0m [Gloo] Rank 0 is connected to 0 peer ranks. Expected number of connected peer ranks is : 0
[36m(WorkerDict pid=79157)[0m [Gloo] Rank 0 is connected to 0 peer ranks. Expected number of connected peer ranks is : 0
[36m(TaskRunner pid=4169184)[0m WARNING 06-30 01:40:59 [api_server.py:1213] LoRA dynamic loading & unloading is enabled in the API server. This should ONLY be used for local development!
[36m(WorkerDict pid=79158)[0m [Gloo] Rank 0 is connected to 0 peer ranks. Expected number of connected peer ranks is : 0[32m [repeated 3x across cluster] (Ray deduplicates logs by default. Set RAY_DEDUP_LOGS=0 to disable log deduplication, or see https://docs.ray.io/en/master/ray-observability/user-guides/configure-logging.html#log-deduplication for more options.)[0m
[36m(pid=144682)[0m WARNING 06-30 01:41:09 [api_server.py:1213] LoRA dynamic loading & unloading is enabled in the API server. This should ONLY be used for local development!
[36m(pid=144739)[0m WARNING 06-30 01:41:09 [api_server.py:1213] LoRA dynamic loading & unloading is enabled in the API server. This should ONLY be used for local development!
[36m(vLLMHttpServer pid=144682)[0m ['serve',
[36m(vLLMHttpServer pid=144682)[0m  '/inspire/hdd/global_user/mengweicheng-240108120092/lzy/models/Qwen3-VL-4B-Instruct',
[36m(vLLMHttpServer pid=144682)[0m  '--dtype',
[36m(vLLMHttpServer pid=144682)[0m  'bfloat16',
[36m(vLLMHttpServer pid=144682)[0m  '--load_format',
[36m(vLLMHttpServer pid=144682)[0m  'dummy',
[36m(vLLMHttpServer pid=144682)[0m  '--distributed_executor_backend',
[36m(vLLMHttpServer pid=144682)[0m  'mp',
[36m(vLLMHttpServer pid=144682)[0m  '--worker_extension_cls',
[36m(vLLMHttpServer pid=144682)[0m  'verl.workers.rollout.vllm_rollout.utils.vLLMColocateWorkerExtension',
[36m(vLLMHttpServer pid=144682)[0m  '--max_model_len',
[36m(vLLMHttpServer pid=144682)[0m  '2048',
[36m(vLLMHttpServer pid=144682)[0m  '--max_num_seqs',
[36m(vLLMHttpServer pid=144682)[0m  '1024',
[36m(vLLMHttpServer pid=144682)[0m  '--enable_chunked_prefill',
[36m(vLLMHttpServer pid=144682)[0m  '--max_num_batched_tokens',
[36m(vLLMHttpServer pid=144682)[0m  '8192',
[36m(vLLMHttpServer pid=144682)[0m  '--enable_prefix_caching',
[36m(vLLMHttpServer pid=144682)[0m  '--enable_sleep_mode',
[36m(vLLMHttpServer pid=144682)[0m  '--logprobs_mode',
[36m(vLLMHttpServer pid=144682)[0m  'processed_logprobs',
[36m(vLLMHttpServer pid=144682)[0m  '--enforce_eager',
[36m(vLLMHttpServer pid=144682)[0m  '--gpu_memory_utilization',
[36m(vLLMHttpServer pid=144682)[0m  '0.5',
[36m(vLLMHttpServer pid=144682)[0m  '--disable_log_stats',
[36m(vLLMHttpServer pid=144682)[0m  '--tensor_parallel_size',
[36m(vLLMHttpServer pid=144682)[0m  '1',
[36m(vLLMHttpServer pid=144682)[0m  '--seed',
[36m(vLLMHttpServer pid=144682)[0m  '0',
[36m(vLLMHttpServer pid=144682)[0m  '--override_generation_config',
[36m(vLLMHttpServer pid=144682)[0m  '{"temperature": 1.0, "top_k": -1, "top_p": 1, "repetition_penalty": 1.0, '
[36m(vLLMHttpServer pid=144682)[0m  '"max_new_tokens": 512}',
[36m(vLLMHttpServer pid=144682)[0m  '--hf_overrides',
[36m(vLLMHttpServer pid=144682)[0m  '{}',
[36m(vLLMHttpServer pid=144682)[0m  '--scheduling_policy',
[36m(vLLMHttpServer pid=144682)[0m  'fcfs',
[36m(vLLMHttpServer pid=144682)[0m  '--compilation_config',
[36m(vLLMHttpServer pid=144682)[0m  '{"cudagraph_mode": "FULL_AND_PIECEWISE"}']
[36m(vLLMHttpServer pid=144682)[0m WARNING 06-30 01:41:11 [__init__.py:3036] We must use the `spawn` multiprocessing start method. Overriding VLLM_WORKER_MULTIPROC_METHOD to 'spawn'. See https://docs.vllm.ai/en/latest/usage/troubleshooting.html#python-multiprocessing for more information. Reasons: In a Ray actor and can only be spawned; CUDA is initialized
[36m(vLLMHttpServer pid=144682)[0m [Gloo] Rank 0 is connected to 0 peer ranks. Expected number of connected peer ranks is : 0
[36m(vLLMHttpServer pid=144682)[0m [Gloo] Rank 0 is connected to 0 peer ranks. Expected number of connected peer ranks is : 0
[36m(vLLMHttpServer pid=144682)[0m [Gloo] Rank 0 is connected to 0 peer ranks. Expected number of connected peer ranks is : 0
[36m(vLLMHttpServer pid=144682)[0m [Gloo] Rank 0 is connected to 0 peer ranks. Expected number of connected peer ranks is : 0
[36m(vLLMHttpServer pid=144682)[0m [Gloo] Rank 0 is connected to 0 peer ranks. Expected number of connected peer ranks is : 0
[36m(vLLMHttpServer pid=144682)[0m [Gloo] Rank 0 is connected to 0 peer ranks. Expected number of connected peer ranks is : 0
[36m(vLLMHttpServer pid=144739)[0m WARNING 06-30 01:41:11 [__init__.py:3036] We must use the `spawn` multiprocessing start method. Overriding VLLM_WORKER_MULTIPROC_METHOD to 'spawn'. See https://docs.vllm.ai/en/latest/usage/troubleshooting.html#python-multiprocessing for more information. Reasons: In a Ray actor and can only be spawned; CUDA is initialized
[36m(vLLMHttpServer pid=144682)[0m [1;36m(Worker pid=179976)[0;0m WARNING 06-30 01:41:38 [cudagraph_dispatcher.py:106] cudagraph dispatching keys are not initialized. No cudagraph will be used.[36m(vLLMHttpServer pid=144682)[0m [1;36m(Worker pid=179976)[0;0m 2026-06-30 01:41:38,674 - INFO - autotuner.py:262 - flashinfer.jit: [Autotuner]: Autotuning process ends
[36m(vLLMHttpServer pid=144682)[0m INFO:2026-06-30 01:41:43,197:Initializing a V1 LLM engine with config: model='/inspire/hdd/global_user/mengweicheng-240108120092/lzy/models/Qwen3-VL-4B-Instruct', speculative_config=None, tokenizer='/inspire/hdd/global_user/mengweicheng-240108120092/lzy/models/Qwen3-VL-4B-Instruct', skip_tokenizer_init=False, tokenizer_mode=auto, revision=None, tokenizer_revision=None, trust_remote_code=False, dtype=torch.bfloat16, max_seq_len=2048, download_dir=None, load_format=dummy, tensor_parallel_size=1, pipeline_parallel_size=1, data_parallel_size=1, disable_custom_all_reduce=False, quantization=None, enforce_eager=True, kv_cache_dtype=auto, device_config=cuda, structured_outputs_config=StructuredOutputsConfig(backend='auto', disable_fallback=False, disable_any_whitespace=False, disable_additional_properties=False, reasoning_parser=''), observability_config=ObservabilityConfig(show_hidden_metrics_for_version=None, otlp_traces_endpoint=None, collect_detailed_traces=None), seed=0, served_model_name=/inspire/hdd/global_user/mengweicheng-240108120092/lzy/models/Qwen3-VL-4B-Instruct, enable_prefix_caching=True, chunked_prefill_enabled=True, pooler_config=None, compilation_config={"level":0,"debug_dump_path":"","cache_dir":"","backend":"","custom_ops":[],"splitting_ops":null,"use_inductor":true,"compile_sizes":[],"inductor_compile_config":{"enable_auto_functionalized_v2":false},"inductor_passes":{},"cudagraph_mode":0,"use_cudagraph":true,"cudagraph_num_of_warmups":0,"cudagraph_capture_sizes":[],"cudagraph_copy_inputs":false,"full_cuda_graph":false,"use_inductor_graph_partition":false,"pass_config":{},"max_capture_size":0,"local_cache_dir":null}
[36m(pid=220745)[0m /inspire/hdd/global_user/mengweicheng-240108120092/lzy/fc-opd-storage/envs/fc-opd-verl071-cu128/lib/python3.12/site-packages/torch/cuda/__init__.py:63: FutureWarning: The pynvml package is deprecated. Please install nvidia-ml-py instead. If you did not install pynvml directly, please report this to the maintainers of the package that installed pynvml for you.
[36m(pid=220745)[0m   import pynvml  # type: ignore[import]
[36m(vLLMHttpServer pid=144739)[0m [1;36m(Worker pid=180023)[0;0m 2026-06-30 01:41:38,639 - INFO - autotuner.py:256 - flashinfer.jit: [Autotuner]: Autotuning process starts ...
[36m(vLLMHttpServer pid=144739)[0m [1;36m(Worker pid=180023)[0;0m 2026-06-30 01:41:38,738 - INFO - autotuner.py:262 - flashinfer.jit: [Autotuner]: Autotuning process ends
[36m(WorkerDict pid=79157)[0m INFO:2026-06-30 01:41:45,307:update_weights done, time cost: 0.46s
[36m(TaskRunner pid=4169184)[0m Training Progress:   0%|          | 0/200 [00:00<?, ?it/s]
[36m(pid=220745)[0m /inspire/hdd/global_user/mengweicheng-240108120092/lzy/fc-opd-storage/envs/fc-opd-verl071-cu128/lib/python3.12/site-packages/transformers/utils/hub.py:110: FutureWarning: Using `TRANSFORMERS_CACHE` is deprecated and will be removed in v5 of Transformers. Use `HF_HOME` instead.
[36m(pid=220745)[0m   warnings.warn(
[36m(AgentLoopWorker pid=220745)[0m You're using a Qwen2TokenizerFast tokenizer. Please note that with a fast tokenizer, using the `__call__` method is faster than using a method to encode the text followed by a call to the `pad` method to get a padded encoding.
[36m(pid=220783)[0m /inspire/hdd/global_user/mengweicheng-240108120092/lzy/fc-opd-storage/envs/fc-opd-verl071-cu128/lib/python3.12/site-packages/torch/cuda/__init__.py:63: FutureWarning: The pynvml package is deprecated. Please install nvidia-ml-py instead. If you did not install pynvml directly, please report this to the maintainers of the package that installed pynvml for you.[32m [repeated 3x across cluster][0m
[36m(pid=220783)[0m   import pynvml  # type: ignore[import][32m [repeated 3x across cluster][0m
[36m(pid=220783)[0m /inspire/hdd/global_user/mengweicheng-240108120092/lzy/fc-opd-storage/envs/fc-opd-verl071-cu128/lib/python3.12/site-packages/transformers/utils/hub.py:110: FutureWarning: Using `TRANSFORMERS_CACHE` is deprecated and will be removed in v5 of Transformers. Use `HF_HOME` instead.[32m [repeated 3x across cluster][0m
[36m(pid=220783)[0m   warnings.warn([32m [repeated 3x across cluster][0m
[36m(AgentLoopWorker pid=220783)[0m You're using a Qwen2TokenizerFast tokenizer. Please note that with a fast tokenizer, using the `__call__` method is faster than using a method to encode the text followed by a call to the `pad` method to get a padded encoding.[32m [repeated 3x across cluster][0m
[36m(pid=265994)[0m /inspire/hdd/global_user/mengweicheng-240108120092/lzy/fc-opd-storage/envs/fc-opd-verl071-cu128/lib/python3.12/site-packages/torch/cuda/__init__.py:63: FutureWarning: The pynvml package is deprecated. Please install nvidia-ml-py instead. If you did not install pynvml directly, please report this to the maintainers of the package that installed pynvml for you.
[36m(pid=265994)[0m   import pynvml  # type: ignore[import]
[36m(pid=265994)[0m /inspire/hdd/global_user/mengweicheng-240108120092/lzy/fc-opd-storage/envs/fc-opd-verl071-cu128/lib/python3.12/site-packages/transformers/utils/hub.py:110: FutureWarning: Using `TRANSFORMERS_CACHE` is deprecated and will be removed in v5 of Transformers. Use `HF_HOME` instead.
[36m(pid=265994)[0m   warnings.warn(
[36m(_RayStudentScorerActor pid=265994)[0m `torch_dtype` is deprecated! Use `dtype` instead!
[36m(_RayStudentScorerActor pid=265994)[0m Loading checkpoint shards:   0%|          | 0/2 [00:00<?, ?it/s]
[36m(_RayStudentScorerActor pid=265994)[0m Loading checkpoint shards:  50%|█████     | 1/2 [00:02<00:02,  2.75s/it]
[36m(_RayStudentScorerActor pid=265994)[0m Loading checkpoint shards: 100%|██████████| 2/2 [00:04<00:00,  2.43s/it]Loading checkpoint shards: 100%|██████████| 2/2 [00:04<00:00,  2.48s/it]
[36m(TaskRunner pid=4169184)[0m WARNING:2026-06-30 01:42:21,172:108e778e-7994-4244-b1eb-343d39ce4ab4/full: padding teacher scores (302 → 349 tokens).  Positions beyond teacher length get zero quality weight.
[36m(TaskRunner pid=4169184)[0m WARNING:2026-06-30 01:42:21,172:108e778e-7994-4244-b1eb-343d39ce4ab4/degraded: padding teacher scores (302 → 349 tokens).  Positions beyond teacher length get zero quality weight.
[36m(TaskRunner pid=4169184)[0m WARNING:2026-06-30 01:42:21,173:108e778e-7994-4244-b1eb-343d39ce4ab4/free: padding teacher scores (302 → 349 tokens).  Positions beyond teacher length get zero quality weight.
[36m(TaskRunner pid=4169184)[0m WARNING:2026-06-30 01:42:21,173:108e778e-7994-4244-b1eb-343d39ce4ab4/task_visible: padding teacher scores (302 → 349 tokens).  Positions beyond teacher length get zero quality weight.
[36m(TaskRunner pid=4169184)[0m WARNING:2026-06-30 01:42:21,173:108e778e-7994-4244-b1eb-343d39ce4ab4/task_infer: padding teacher scores (302 → 349 tokens).  Positions beyond teacher length get zero quality weight.
[36m(TaskRunner pid=4169184)[0m WARNING:2026-06-30 01:42:21,173:108e778e-7994-4244-b1eb-343d39ce4ab4/task_solve: padding teacher scores (302 → 349 tokens).  Positions beyond teacher length get zero quality weight.
[36m(TaskRunner pid=4169184)[0m WARNING:2026-06-30 01:42:25,618:108e778e-7994-4244-b1eb-343d39ce4ab4/full: padding teacher scores (302 → 400 tokens).  Positions beyond teacher length get zero quality weight.
[36m(TaskRunner pid=4169184)[0m WARNING:2026-06-30 01:42:25,618:108e778e-7994-4244-b1eb-343d39ce4ab4/degraded: padding teacher scores (302 → 400 tokens).  Positions beyond teacher length get zero quality weight.
[36m(TaskRunner pid=4169184)[0m WARNING:2026-06-30 01:42:25,618:108e778e-7994-4244-b1eb-343d39ce4ab4/free: padding teacher scores (302 → 400 tokens).  Positions beyond teacher length get zero quality weight.
[36m(TaskRunner pid=4169184)[0m WARNING:2026-06-30 01:42:25,619:108e778e-7994-4244-b1eb-343d39ce4ab4/task_visible: padding teacher scores (302 → 400 tokens).  Positions beyond teacher length get zero quality weight.
[36m(TaskRunner pid=4169184)[0m WARNING:2026-06-30 01:42:25,619:108e778e-7994-4244-b1eb-343d39ce4ab4/task_infer: padding teacher scores (302 → 400 tokens).  Positions beyond teacher length get zero quality weight.
[36m(TaskRunner pid=4169184)[0m WARNING:2026-06-30 01:42:25,619:108e778e-7994-4244-b1eb-343d39ce4ab4/task_solve: padding teacher scores (302 → 400 tokens).  Positions beyond teacher length get zero quality weight.
[36m(TaskRunner pid=4169184)[0m WARNING:2026-06-30 01:42:30,680:108e778e-7994-4244-b1eb-343d39ce4ab4/full: trimming teacher scores (302 → 286 tokens).  This is expected to be rare (<1% of steps).
[36m(TaskRunner pid=4169184)[0m WARNING:2026-06-30 01:42:30,680:108e778e-7994-4244-b1eb-343d39ce4ab4/degraded: trimming teacher scores (302 → 286 tokens).  This is expected to be rare (<1% of steps).
[36m(TaskRunner pid=4169184)[0m WARNING:2026-06-30 01:42:30,680:108e778e-7994-4244-b1eb-343d39ce4ab4/free: trimming teacher scores (302 → 286 tokens).  This is expected to be rare (<1% of steps).
[36m(TaskRunner pid=4169184)[0m WARNING:2026-06-30 01:42:30,680:108e778e-7994-4244-b1eb-343d39ce4ab4/task_visible: trimming teacher scores (302 → 286 tokens).  This is expected to be rare (<1% of steps).
[36m(TaskRunner pid=4169184)[0m WARNING:2026-06-30 01:42:30,680:108e778e-7994-4244-b1eb-343d39ce4ab4/task_infer: trimming teacher scores (302 → 286 tokens).  This is expected to be rare (<1% of steps).
[36m(TaskRunner pid=4169184)[0m WARNING:2026-06-30 01:42:30,680:108e778e-7994-4244-b1eb-343d39ce4ab4/task_solve: trimming teacher scores (302 → 286 tokens).  This is expected to be rare (<1% of steps).
[36m(TaskRunner pid=4169184)[0m WARNING:2026-06-30 01:42:34,367:108e778e-7994-4244-b1eb-343d39ce4ab4/full: trimming teacher scores (302 → 274 tokens).  This is expected to be rare (<1% of steps).
[36m(TaskRunner pid=4169184)[0m WARNING:2026-06-30 01:42:34,371:108e778e-7994-4244-b1eb-343d39ce4ab4/degraded: trimming teacher scores (302 → 274 tokens).  This is expected to be rare (<1% of steps).
[36m(TaskRunner pid=4169184)[0m WARNING:2026-06-30 01:42:34,371:108e778e-7994-4244-b1eb-343d39ce4ab4/free: trimming teacher scores (302 → 274 tokens).  This is expected to be rare (<1% of steps).
[36m(TaskRunner pid=4169184)[0m WARNING:2026-06-30 01:42:34,371:108e778e-7994-4244-b1eb-343d39ce4ab4/task_visible: trimming teacher scores (302 → 274 tokens).  This is expected to be rare (<1% of steps).
[36m(TaskRunner pid=4169184)[0m WARNING:2026-06-30 01:42:34,371:108e778e-7994-4244-b1eb-343d39ce4ab4/task_infer: trimming teacher scores (302 → 274 tokens).  This is expected to be rare (<1% of steps).
[36m(TaskRunner pid=4169184)[0m WARNING:2026-06-30 01:42:34,372:108e778e-7994-4244-b1eb-343d39ce4ab4/task_solve: trimming teacher scores (302 → 274 tokens).  This is expected to be rare (<1% of steps).
[36m(TaskRunner pid=4169184)[0m WARNING:2026-06-30 01:42:37,950:108e778e-7994-4244-b1eb-343d39ce4ab4/full: trimming teacher scores (302 → 286 tokens).  This is expected to be rare (<1% of steps).
[36m(TaskRunner pid=4169184)[0m WARNING:2026-06-30 01:42:37,950:108e778e-7994-4244-b1eb-343d39ce4ab4/degraded: trimming teacher scores (302 → 286 tokens).  This is expected to be rare (<1% of steps).
[36m(TaskRunner pid=4169184)[0m WARNING:2026-06-30 01:42:37,950:108e778e-7994-4244-b1eb-343d39ce4ab4/free: trimming teacher scores (302 → 286 tokens).  This is expected to be rare (<1% of steps).
[36m(TaskRunner pid=4169184)[0m WARNING:2026-06-30 01:42:37,951:108e778e-7994-4244-b1eb-343d39ce4ab4/task_visible: trimming teacher scores (302 → 286 tokens).  This is expected to be rare (<1% of steps).
[36m(TaskRunner pid=4169184)[0m WARNING:2026-06-30 01:42:37,951:108e778e-7994-4244-b1eb-343d39ce4ab4/task_infer: trimming teacher scores (302 → 286 tokens).  This is expected to be rare (<1% of steps).
[36m(TaskRunner pid=4169184)[0m WARNING:2026-06-30 01:42:37,951:108e778e-7994-4244-b1eb-343d39ce4ab4/task_solve: trimming teacher scores (302 → 286 tokens).  This is expected to be rare (<1% of steps).
[36m(TaskRunner pid=4169184)[0m WARNING:2026-06-30 01:42:41,576:108e778e-7994-4244-b1eb-343d39ce4ab4/full: padding teacher scores (302 → 339 tokens).  Positions beyond teacher length get zero quality weight.
[36m(TaskRunner pid=4169184)[0m WARNING:2026-06-30 01:42:41,577:108e778e-7994-4244-b1eb-343d39ce4ab4/degraded: padding teacher scores (302 → 339 tokens).  Positions beyond teacher length get zero quality weight.
[36m(TaskRunner pid=4169184)[0m WARNING:2026-06-30 01:42:41,577:108e778e-7994-4244-b1eb-343d39ce4ab4/free: padding teacher scores (302 → 339 tokens).  Positions beyond teacher length get zero quality weight.
[36m(TaskRunner pid=4169184)[0m WARNING:2026-06-30 01:42:41,577:108e778e-7994-4244-b1eb-343d39ce4ab4/task_visible: padding teacher scores (302 → 339 tokens).  Positions beyond teacher length get zero quality weight.
[36m(TaskRunner pid=4169184)[0m WARNING:2026-06-30 01:42:41,577:108e778e-7994-4244-b1eb-343d39ce4ab4/task_infer: padding teacher scores (302 → 339 tokens).  Positions beyond teacher length get zero quality weight.
[36m(TaskRunner pid=4169184)[0m WARNING:2026-06-30 01:42:41,578:108e778e-7994-4244-b1eb-343d39ce4ab4/task_solve: padding teacher scores (302 → 339 tokens).  Positions beyond teacher length get zero quality weight.
[36m(TaskRunner pid=4169184)[0m WARNING:2026-06-30 01:42:45,928:108e778e-7994-4244-b1eb-343d39ce4ab4/full: trimming teacher scores (302 → 276 tokens).  This is expected to be rare (<1% of steps).
[36m(TaskRunner pid=4169184)[0m WARNING:2026-06-30 01:42:45,928:108e778e-7994-4244-b1eb-343d39ce4ab4/degraded: trimming teacher scores (302 → 276 tokens).  This is expected to be rare (<1% of steps).
[36m(TaskRunner pid=4169184)[0m WARNING:2026-06-30 01:42:45,928:108e778e-7994-4244-b1eb-343d39ce4ab4/free: trimming teacher scores (302 → 276 tokens).  This is expected to be rare (<1% of steps).
[36m(TaskRunner pid=4169184)[0m WARNING:2026-06-30 01:42:45,928:108e778e-7994-4244-b1eb-343d39ce4ab4/task_visible: trimming teacher scores (302 → 276 tokens).  This is expected to be rare (<1% of steps).
[36m(TaskRunner pid=4169184)[0m WARNING:2026-06-30 01:42:45,928:108e778e-7994-4244-b1eb-343d39ce4ab4/task_infer: trimming teacher scores (302 → 276 tokens).  This is expected to be rare (<1% of steps).
[36m(TaskRunner pid=4169184)[0m WARNING:2026-06-30 01:42:45,928:108e778e-7994-4244-b1eb-343d39ce4ab4/task_solve: trimming teacher scores (302 → 276 tokens).  This is expected to be rare (<1% of steps).
[36m(TaskRunner pid=4169184)[0m WARNING:2026-06-30 01:42:53,232:9261b75c-8dea-4221-b9f5-6a754d5f7828/full: padding teacher scores (295 → 334 tokens).  Positions beyond teacher length get zero quality weight.
[36m(TaskRunner pid=4169184)[0m WARNING:2026-06-30 01:42:53,233:9261b75c-8dea-4221-b9f5-6a754d5f7828/degraded: padding teacher scores (295 → 334 tokens).  Positions beyond teacher length get zero quality weight.
[36m(TaskRunner pid=4169184)[0m WARNING:2026-06-30 01:42:53,233:9261b75c-8dea-4221-b9f5-6a754d5f7828/free: padding teacher scores (295 → 334 tokens).  Positions beyond teacher length get zero quality weight.
[36m(TaskRunner pid=4169184)[0m WARNING:2026-06-30 01:42:53,233:9261b75c-8dea-4221-b9f5-6a754d5f7828/task_visible: padding teacher scores (295 → 334 tokens).  Positions beyond teacher length get zero quality weight.
[36m(TaskRunner pid=4169184)[0m WARNING:2026-06-30 01:42:53,233:9261b75c-8dea-4221-b9f5-6a754d5f7828/task_infer: padding teacher scores (295 → 334 tokens).  Positions beyond teacher length get zero quality weight.
[36m(TaskRunner pid=4169184)[0m WARNING:2026-06-30 01:42:53,233:9261b75c-8dea-4221-b9f5-6a754d5f7828/task_solve: padding teacher scores (295 → 334 tokens).  Positions beyond teacher length get zero quality weight.
[36m(TaskRunner pid=4169184)[0m WARNING:2026-06-30 01:42:57,573:9261b75c-8dea-4221-b9f5-6a754d5f7828/full: trimming teacher scores (295 → 291 tokens).  This is expected to be rare (<1% of steps).
[36m(TaskRunner pid=4169184)[0m WARNING:2026-06-30 01:42:57,573:9261b75c-8dea-4221-b9f5-6a754d5f7828/degraded: trimming teacher scores (295 → 291 tokens).  This is expected to be rare (<1% of steps).
[36m(TaskRunner pid=4169184)[0m WARNING:2026-06-30 01:42:57,573:9261b75c-8dea-4221-b9f5-6a754d5f7828/free: trimming teacher scores (295 → 291 tokens).  This is expected to be rare (<1% of steps).
[36m(TaskRunner pid=4169184)[0m WARNING:2026-06-30 01:42:57,573:9261b75c-8dea-4221-b9f5-6a754d5f7828/task_visible: trimming teacher scores (295 → 291 tokens).  This is expected to be rare (<1% of steps).
[36m(TaskRunner pid=4169184)[0m WARNING:2026-06-30 01:42:57,574:9261b75c-8dea-4221-b9f5-6a754d5f7828/task_infer: trimming teacher scores (295 → 291 tokens).  This is expected to be rare (<1% of steps).
[36m(TaskRunner pid=4169184)[0m WARNING:2026-06-30 01:42:57,574:9261b75c-8dea-4221-b9f5-6a754d5f7828/task_solve: trimming teacher scores (295 → 291 tokens).  This is expected to be rare (<1% of steps).
[36m(TaskRunner pid=4169184)[0m WARNING:2026-06-30 01:43:01,329:9261b75c-8dea-4221-b9f5-6a754d5f7828/full: padding teacher scores (295 → 352 tokens).  Positions beyond teacher length get zero quality weight.
[36m(TaskRunner pid=4169184)[0m WARNING:2026-06-30 01:43:01,329:9261b75c-8dea-4221-b9f5-6a754d5f7828/degraded: padding teacher scores (295 → 352 tokens).  Positions beyond teacher length get zero quality weight.
[36m(TaskRunner pid=4169184)[0m WARNING:2026-06-30 01:43:01,329:9261b75c-8dea-4221-b9f5-6a754d5f7828/free: padding teacher scores (295 → 352 tokens).  Positions beyond teacher length get zero quality weight.
[36m(TaskRunner pid=4169184)[0m WARNING:2026-06-30 01:43:01,330:9261b75c-8dea-4221-b9f5-6a754d5f7828/task_visible: padding teacher scores (295 → 352 tokens).  Positions beyond teacher length get zero quality weight.
[36m(TaskRunner pid=4169184)[0m WARNING:2026-06-30 01:43:01,330:9261b75c-8dea-4221-b9f5-6a754d5f7828/task_infer: padding teacher scores (295 → 352 tokens).  Positions beyond teacher length get zero quality weight.
[36m(TaskRunner pid=4169184)[0m WARNING:2026-06-30 01:43:01,330:9261b75c-8dea-4221-b9f5-6a754d5f7828/task_solve: padding teacher scores (295 → 352 tokens).  Positions beyond teacher length get zero quality weight.
[36m(TaskRunner pid=4169184)[0m WARNING:2026-06-30 01:43:05,825:9261b75c-8dea-4221-b9f5-6a754d5f7828/full: padding teacher scores (295 → 387 tokens).  Positions beyond teacher length get zero quality weight.
[36m(TaskRunner pid=4169184)[0m WARNING:2026-06-30 01:43:05,826:9261b75c-8dea-4221-b9f5-6a754d5f7828/degraded: padding teacher scores (295 → 387 tokens).  Positions beyond teacher length get zero quality weight.
[36m(TaskRunner pid=4169184)[0m WARNING:2026-06-30 01:43:05,826:9261b75c-8dea-4221-b9f5-6a754d5f7828/free: padding teacher scores (295 → 387 tokens).  Positions beyond teacher length get zero quality weight.
[36m(TaskRunner pid=4169184)[0m WARNING:2026-06-30 01:43:05,826:9261b75c-8dea-4221-b9f5-6a754d5f7828/task_visible: padding teacher scores (295 → 387 tokens).  Positions beyond teacher length get zero quality weight.
[36m(TaskRunner pid=4169184)[0m WARNING:2026-06-30 01:43:05,827:9261b75c-8dea-4221-b9f5-6a754d5f7828/task_infer: padding teacher scores (295 → 387 tokens).  Positions beyond teacher length get zero quality weight.
[36m(TaskRunner pid=4169184)[0m WARNING:2026-06-30 01:43:05,827:9261b75c-8dea-4221-b9f5-6a754d5f7828/task_solve: padding teacher scores (295 → 387 tokens).  Positions beyond teacher length get zero quality weight.
[36m(TaskRunner pid=4169184)[0m WARNING:2026-06-30 01:43:10,690:9261b75c-8dea-4221-b9f5-6a754d5f7828/full: padding teacher scores (295 → 309 tokens).  Positions beyond teacher length get zero quality weight.
[36m(TaskRunner pid=4169184)[0m WARNING:2026-06-30 01:43:10,691:9261b75c-8dea-4221-b9f5-6a754d5f7828/degraded: padding teacher scores (295 → 309 tokens).  Positions beyond teacher length get zero quality weight.
[36m(TaskRunner pid=4169184)[0m WARNING:2026-06-30 01:43:10,691:9261b75c-8dea-4221-b9f5-6a754d5f7828/free: padding teacher scores (295 → 309 tokens).  Positions beyond teacher length get zero quality weight.
[36m(TaskRunner pid=4169184)[0m WARNING:2026-06-30 01:43:10,691:9261b75c-8dea-4221-b9f5-6a754d5f7828/task_visible: padding teacher scores (295 → 309 tokens).  Positions beyond teacher length get zero quality weight.
[36m(TaskRunner pid=4169184)[0m WARNING:2026-06-30 01:43:10,691:9261b75c-8dea-4221-b9f5-6a754d5f7828/task_infer: padding teacher scores (295 → 309 tokens).  Positions beyond teacher length get zero quality weight.
[36m(TaskRunner pid=4169184)[0m WARNING:2026-06-30 01:43:10,692:9261b75c-8dea-4221-b9f5-6a754d5f7828/task_solve: padding teacher scores (295 → 309 tokens).  Positions beyond teacher length get zero quality weight.
[36m(TaskRunner pid=4169184)[0m WARNING:2026-06-30 01:43:14,649:9261b75c-8dea-4221-b9f5-6a754d5f7828/full: trimming teacher scores (295 → 292 tokens).  This is expected to be rare (<1% of steps).
[36m(TaskRunner pid=4169184)[0m WARNING:2026-06-30 01:43:14,649:9261b75c-8dea-4221-b9f5-6a754d5f7828/degraded: trimming teacher scores (295 → 292 tokens).  This is expected to be rare (<1% of steps).
[36m(TaskRunner pid=4169184)[0m WARNING:2026-06-30 01:43:14,649:9261b75c-8dea-4221-b9f5-6a754d5f7828/free: trimming teacher scores (295 → 292 tokens).  This is expected to be rare (<1% of steps).
[36m(TaskRunner pid=4169184)[0m WARNING:2026-06-30 01:43:14,649:9261b75c-8dea-4221-b9f5-6a754d5f7828/task_visible: trimming teacher scores (295 → 292 tokens).  This is expected to be rare (<1% of steps).
[36m(TaskRunner pid=4169184)[0m WARNING:2026-06-30 01:43:14,649:9261b75c-8dea-4221-b9f5-6a754d5f7828/task_infer: trimming teacher scores (295 → 292 tokens).  This is expected to be rare (<1% of steps).
[36m(TaskRunner pid=4169184)[0m WARNING:2026-06-30 01:43:14,649:9261b75c-8dea-4221-b9f5-6a754d5f7828/task_solve: trimming teacher scores (295 → 292 tokens).  This is expected to be rare (<1% of steps).
[36m(TaskRunner pid=4169184)[0m WARNING:2026-06-30 01:43:18,398:9261b75c-8dea-4221-b9f5-6a754d5f7828/full: padding teacher scores (295 → 306 tokens).  Positions beyond teacher length get zero quality weight.
[36m(TaskRunner pid=4169184)[0m WARNING:2026-06-30 01:43:18,399:9261b75c-8dea-4221-b9f5-6a754d5f7828/degraded: padding teacher scores (295 → 306 tokens).  Positions beyond teacher length get zero quality weight.
[36m(TaskRunner pid=4169184)[0m WARNING:2026-06-30 01:43:18,399:9261b75c-8dea-4221-b9f5-6a754d5f7828/free: padding teacher scores (295 → 306 tokens).  Positions beyond teacher length get zero quality weight.
[36m(TaskRunner pid=4169184)[0m WARNING:2026-06-30 01:43:18,399:9261b75c-8dea-4221-b9f5-6a754d5f7828/task_visible: padding teacher scores (295 → 306 tokens).  Positions beyond teacher length get zero quality weight.
[36m(TaskRunner pid=4169184)[0m WARNING:2026-06-30 01:43:18,399:9261b75c-8dea-4221-b9f5-6a754d5f7828/task_infer: padding teacher scores (295 → 306 tokens).  Positions beyond teacher length get zero quality weight.
[36m(TaskRunner pid=4169184)[0m WARNING:2026-06-30 01:43:18,400:9261b75c-8dea-4221-b9f5-6a754d5f7828/task_solve: padding teacher scores (295 → 306 tokens).  Positions beyond teacher length get zero quality weight.
[36m(WorkerDict pid=79157)[0m INFO:2026-06-30 01:43:27,257:update_weights done, time cost: 0.46s
[36m(TaskRunner pid=4169184)[0m Training Progress:   0%|          | 1/200 [01:42<5:38:41, 102.12s/it]
[36m(pid=426289)[0m /inspire/hdd/global_user/mengweicheng-240108120092/lzy/fc-opd-storage/envs/fc-opd-verl071-cu128/lib/python3.12/site-packages/torch/cuda/__init__.py:63: FutureWarning: The pynvml package is deprecated. Please install nvidia-ml-py instead. If you did not install pynvml directly, please report this to the maintainers of the package that installed pynvml for you.
[36m(pid=426289)[0m   import pynvml  # type: ignore[import]
[36m(pid=426289)[0m /inspire/hdd/global_user/mengweicheng-240108120092/lzy/fc-opd-storage/envs/fc-opd-verl071-cu128/lib/python3.12/site-packages/transformers/utils/hub.py:110: FutureWarning: Using `TRANSFORMERS_CACHE` is deprecated and will be removed in v5 of Transformers. Use `HF_HOME` instead.
[36m(pid=426289)[0m   warnings.warn(
[36m(_RayStudentScorerActor pid=426289)[0m `torch_dtype` is deprecated! Use `dtype` instead!
[36m(_RayStudentScorerActor pid=426289)[0m Loading checkpoint shards:   0%|          | 0/2 [00:00<?, ?it/s]
[36m(_RayStudentScorerActor pid=426289)[0m Loading checkpoint shards:  50%|█████     | 1/2 [00:02<00:02,  2.48s/it]
[36m(_RayStudentScorerActor pid=426289)[0m Loading checkpoint shards: 100%|██████████| 2/2 [00:04<00:00,  2.18s/it]Loading checkpoint shards: 100%|██████████| 2/2 [00:04<00:00,  2.23s/it]
[36m(TaskRunner pid=4169184)[0m WARNING:2026-06-30 01:43:50,668:164659e9-92ea-48e2-95cc-d706c2dcbc33/full: trimming teacher scores (331 → 274 tokens).  This is expected to be rare (<1% of steps).
[36m(TaskRunner pid=4169184)[0m WARNING:2026-06-30 01:43:50,668:164659e9-92ea-48e2-95cc-d706c2dcbc33/degraded: trimming teacher scores (331 → 274 tokens).  This is expected to be rare (<1% of steps).
[36m(TaskRunner pid=4169184)[0m WARNING:2026-06-30 01:43:50,668:164659e9-92ea-48e2-95cc-d706c2dcbc33/free: trimming teacher scores (331 → 274 tokens).  This is expected to be rare (<1% of steps).
[36m(TaskRunner pid=4169184)[0m WARNING:2026-06-30 01:43:50,668:164659e9-92ea-48e2-95cc-d706c2dcbc33/task_visible: trimming teacher scores (331 → 274 tokens).  This is expected to be rare (<1% of steps).
[36m(TaskRunner pid=4169184)[0m WARNING:2026-06-30 01:43:50,668:164659e9-92ea-48e2-95cc-d706c2dcbc33/task_infer: trimming teacher scores (331 → 274 tokens).  This is expected to be rare (<1% of steps).
[36m(TaskRunner pid=4169184)[0m WARNING:2026-06-30 01:43:50,669:164659e9-92ea-48e2-95cc-d706c2dcbc33/task_solve: trimming teacher scores (331 → 274 tokens).  This is expected to be rare (<1% of steps).
[36m(TaskRunner pid=4169184)[0m WARNING:2026-06-30 01:43:54,207:164659e9-92ea-48e2-95cc-d706c2dcbc33/full: padding teacher scores (331 → 347 tokens).  Positions beyond teacher length get zero quality weight.
[36m(TaskRunner pid=4169184)[0m WARNING:2026-06-30 01:43:54,207:164659e9-92ea-48e2-95cc-d706c2dcbc33/degraded: padding teacher scores (331 → 347 tokens).  Positions beyond teacher length get zero quality weight.
[36m(TaskRunner pid=4169184)[0m WARNING:2026-06-30 01:43:54,207:164659e9-92ea-48e2-95cc-d706c2dcbc33/free: padding teacher scores (331 → 347 tokens).  Positions beyond teacher length get zero quality weight.
[36m(TaskRunner pid=4169184)[0m WARNING:2026-06-30 01:43:54,208:164659e9-92ea-48e2-95cc-d706c2dcbc33/task_visible: padding teacher scores (331 → 347 tokens).  Positions beyond teacher length get zero quality weight.
[36m(TaskRunner pid=4169184)[0m WARNING:2026-06-30 01:43:54,208:164659e9-92ea-48e2-95cc-d706c2dcbc33/task_infer: padding teacher scores (331 → 347 tokens).  Positions beyond teacher length get zero quality weight.
[36m(TaskRunner pid=4169184)[0m WARNING:2026-06-30 01:43:54,208:164659e9-92ea-48e2-95cc-d706c2dcbc33/task_solve: padding teacher scores (331 → 347 tokens).  Positions beyond teacher length get zero quality weight.
[36m(TaskRunner pid=4169184)[0m WARNING:2026-06-30 01:43:58,558:164659e9-92ea-48e2-95cc-d706c2dcbc33/full: trimming teacher scores (331 → 274 tokens).  This is expected to be rare (<1% of steps).
[36m(TaskRunner pid=4169184)[0m WARNING:2026-06-30 01:43:58,558:164659e9-92ea-48e2-95cc-d706c2dcbc33/degraded: trimming teacher scores (331 → 274 tokens).  This is expected to be rare (<1% of steps).
[36m(TaskRunner pid=4169184)[0m WARNING:2026-06-30 01:43:58,559:164659e9-92ea-48e2-95cc-d706c2dcbc33/free: trimming teacher scores (331 → 274 tokens).  This is expected to be rare (<1% of steps).
[36m(TaskRunner pid=4169184)[0m WARNING:2026-06-30 01:43:58,559:164659e9-92ea-48e2-95cc-d706c2dcbc33/task_visible: trimming teacher scores (331 → 274 tokens).  This is expected to be rare (<1% of steps).
[36m(TaskRunner pid=4169184)[0m WARNING:2026-06-30 01:43:58,559:164659e9-92ea-48e2-95cc-d706c2dcbc33/task_infer: trimming teacher scores (331 → 274 tokens).  This is expected to be rare (<1% of steps).
[36m(TaskRunner pid=4169184)[0m WARNING:2026-06-30 01:43:58,559:164659e9-92ea-48e2-95cc-d706c2dcbc33/task_solve: trimming teacher scores (331 → 274 tokens).  This is expected to be rare (<1% of steps).
[36m(TaskRunner pid=4169184)[0m WARNING:2026-06-30 01:44:02,022:164659e9-92ea-48e2-95cc-d706c2dcbc33/full: trimming teacher scores (331 → 280 tokens).  This is expected to be rare (<1% of steps).
[36m(TaskRunner pid=4169184)[0m WARNING:2026-06-30 01:44:02,023:164659e9-92ea-48e2-95cc-d706c2dcbc33/degraded: trimming teacher scores (331 → 280 tokens).  This is expected to be rare (<1% of steps).
[36m(TaskRunner pid=4169184)[0m WARNING:2026-06-30 01:44:02,023:164659e9-92ea-48e2-95cc-d706c2dcbc33/free: trimming teacher scores (331 → 280 tokens).  This is expected to be rare (<1% of steps).
[36m(TaskRunner pid=4169184)[0m WARNING:2026-06-30 01:44:02,023:164659e9-92ea-48e2-95cc-d706c2dcbc33/task_visible: trimming teacher scores (331 → 280 tokens).  This is expected to be rare (<1% of steps).
[36m(TaskRunner pid=4169184)[0m WARNING:2026-06-30 01:44:02,023:164659e9-92ea-48e2-95cc-d706c2dcbc33/task_infer: trimming teacher scores (331 → 280 tokens).  This is expected to be rare (<1% of steps).
[36m(TaskRunner pid=4169184)[0m WARNING:2026-06-30 01:44:02,023:164659e9-92ea-48e2-95cc-d706c2dcbc33/task_solve: trimming teacher scores (331 → 280 tokens).  This is expected to be rare (<1% of steps).
[36m(TaskRunner pid=4169184)[0m WARNING:2026-06-30 01:44:05,585:164659e9-92ea-48e2-95cc-d706c2dcbc33/full: trimming teacher scores (331 → 263 tokens).  This is expected to be rare (<1% of steps).
[36m(TaskRunner pid=4169184)[0m WARNING:2026-06-30 01:44:05,585:164659e9-92ea-48e2-95cc-d706c2dcbc33/degraded: trimming teacher scores (331 → 263 tokens).  This is expected to be rare (<1% of steps).
[36m(TaskRunner pid=4169184)[0m WARNING:2026-06-30 01:44:05,586:164659e9-92ea-48e2-95cc-d706c2dcbc33/free: trimming teacher scores (331 → 263 tokens).  This is expected to be rare (<1% of steps).
[36m(TaskRunner pid=4169184)[0m WARNING:2026-06-30 01:44:05,586:164659e9-92ea-48e2-95cc-d706c2dcbc33/task_visible: trimming teacher scores (331 → 263 tokens).  This is expected to be rare (<1% of steps).
[36m(TaskRunner pid=4169184)[0m WARNING:2026-06-30 01:44:05,586:164659e9-92ea-48e2-95cc-d706c2dcbc33/task_infer: trimming teacher scores (331 → 263 tokens).  This is expected to be rare (<1% of steps).
[36m(TaskRunner pid=4169184)[0m WARNING:2026-06-30 01:44:05,586:164659e9-92ea-48e2-95cc-d706c2dcbc33/task_solve: trimming teacher scores (331 → 263 tokens).  This is expected to be rare (<1% of steps).
[36m(TaskRunner pid=4169184)[0m WARNING:2026-06-30 01:44:09,002:164659e9-92ea-48e2-95cc-d706c2dcbc33/full: trimming teacher scores (331 → 276 tokens).  This is expected to be rare (<1% of steps).
[36m(TaskRunner pid=4169184)[0m WARNING:2026-06-30 01:44:09,002:164659e9-92ea-48e2-95cc-d706c2dcbc33/degraded: trimming teacher scores (331 → 276 tokens).  This is expected to be rare (<1% of steps).
[36m(TaskRunner pid=4169184)[0m WARNING:2026-06-30 01:44:09,002:164659e9-92ea-48e2-95cc-d706c2dcbc33/free: trimming teacher scores (331 → 276 tokens).  This is expected to be rare (<1% of steps).
[36m(TaskRunner pid=4169184)[0m WARNING:2026-06-30 01:44:09,002:164659e9-92ea-48e2-95cc-d706c2dcbc33/task_visible: trimming teacher scores (331 → 276 tokens).  This is expected to be rare (<1% of steps).
[36m(TaskRunner pid=4169184)[0m WARNING:2026-06-30 01:44:09,002:164659e9-92ea-48e2-95cc-d706c2dcbc33/task_infer: trimming teacher scores (331 → 276 tokens).  This is expected to be rare (<1% of steps).
[36m(TaskRunner pid=4169184)[0m WARNING:2026-06-30 01:44:09,002:164659e9-92ea-48e2-95cc-d706c2dcbc33/task_solve: trimming teacher scores (331 → 276 tokens).  This is expected to be rare (<1% of steps).
[36m(TaskRunner pid=4169184)[0m WARNING:2026-06-30 01:44:12,524:164659e9-92ea-48e2-95cc-d706c2dcbc33/full: trimming teacher scores (331 → 287 tokens).  This is expected to be rare (<1% of steps).
[36m(TaskRunner pid=4169184)[0m WARNING:2026-06-30 01:44:12,525:164659e9-92ea-48e2-95cc-d706c2dcbc33/degraded: trimming teacher scores (331 → 287 tokens).  This is expected to be rare (<1% of steps).
[36m(TaskRunner pid=4169184)[0m WARNING:2026-06-30 01:44:12,525:164659e9-92ea-48e2-95cc-d706c2dcbc33/free: trimming teacher scores (331 → 287 tokens).  This is expected to be rare (<1% of steps).
[36m(TaskRunner pid=4169184)[0m WARNING:2026-06-30 01:44:12,525:164659e9-92ea-48e2-95cc-d706c2dcbc33/task_visible: trimming teacher scores (331 → 287 tokens).  This is expected to be rare (<1% of steps).
[36m(TaskRunner pid=4169184)[0m WARNING:2026-06-30 01:44:12,525:164659e9-92ea-48e2-95cc-d706c2dcbc33/task_infer: trimming teacher scores (331 → 287 tokens).  This is expected to be rare (<1% of steps).
[36m(TaskRunner pid=4169184)[0m WARNING:2026-06-30 01:44:12,525:164659e9-92ea-48e2-95cc-d706c2dcbc33/task_solve: trimming teacher scores (331 → 287 tokens).  This is expected to be rare (<1% of steps).
[36m(TaskRunner pid=4169184)[0m WARNING:2026-06-30 01:44:19,722:43dbc771-7e1c-4bd5-b7bb-bf040d3552cb/full: padding teacher scores (275 → 319 tokens).  Positions beyond teacher length get zero quality weight.
[36m(TaskRunner pid=4169184)[0m WARNING:2026-06-30 01:44:19,723:43dbc771-7e1c-4bd5-b7bb-bf040d3552cb/degraded: padding teacher scores (275 → 319 tokens).  Positions beyond teacher length get zero quality weight.
[36m(TaskRunner pid=4169184)[0m WARNING:2026-06-30 01:44:19,723:43dbc771-7e1c-4bd5-b7bb-bf040d3552cb/free: padding teacher scores (275 → 319 tokens).  Positions beyond teacher length get zero quality weight.
[36m(TaskRunner pid=4169184)[0m WARNING:2026-06-30 01:44:19,723:43dbc771-7e1c-4bd5-b7bb-bf040d3552cb/task_visible: padding teacher scores (275 → 319 tokens).  Positions beyond teacher length get zero quality weight.
[36m(TaskRunner pid=4169184)[0m WARNING:2026-06-30 01:44:19,723:43dbc771-7e1c-4bd5-b7bb-bf040d3552cb/task_infer: padding teacher scores (275 → 319 tokens).  Positions beyond teacher length get zero quality weight.
[36m(TaskRunner pid=4169184)[0m WARNING:2026-06-30 01:44:19,723:43dbc771-7e1c-4bd5-b7bb-bf040d3552cb/task_solve: padding teacher scores (275 → 319 tokens).  Positions beyond teacher length get zero quality weight.
[36m(TaskRunner pid=4169184)[0m WARNING:2026-06-30 01:44:23,878:43dbc771-7e1c-4bd5-b7bb-bf040d3552cb/full: padding teacher scores (275 → 336 tokens).  Positions beyond teacher length get zero quality weight.
[36m(TaskRunner pid=4169184)[0m WARNING:2026-06-30 01:44:23,879:43dbc771-7e1c-4bd5-b7bb-bf040d3552cb/degraded: padding teacher scores (275 → 336 tokens).  Positions beyond teacher length get zero quality weight.
[36m(TaskRunner pid=4169184)[0m WARNING:2026-06-30 01:44:23,879:43dbc771-7e1c-4bd5-b7bb-bf040d3552cb/free: padding teacher scores (275 → 336 tokens).  Positions beyond teacher length get zero quality weight.
[36m(TaskRunner pid=4169184)[0m WARNING:2026-06-30 01:44:23,879:43dbc771-7e1c-4bd5-b7bb-bf040d3552cb/task_visible: padding teacher scores (275 → 336 tokens).  Positions beyond teacher length get zero quality weight.
[36m(TaskRunner pid=4169184)[0m WARNING:2026-06-30 01:44:23,879:43dbc771-7e1c-4bd5-b7bb-bf040d3552cb/task_infer: padding teacher scores (275 → 336 tokens).  Positions beyond teacher length get zero quality weight.
[36m(TaskRunner pid=4169184)[0m WARNING:2026-06-30 01:44:23,880:43dbc771-7e1c-4bd5-b7bb-bf040d3552cb/task_solve: padding teacher scores (275 → 336 tokens).  Positions beyond teacher length get zero quality weight.
[36m(TaskRunner pid=4169184)[0m WARNING:2026-06-30 01:44:28,201:43dbc771-7e1c-4bd5-b7bb-bf040d3552cb/full: padding teacher scores (275 → 308 tokens).  Positions beyond teacher length get zero quality weight.
[36m(TaskRunner pid=4169184)[0m WARNING:2026-06-30 01:44:28,201:43dbc771-7e1c-4bd5-b7bb-bf040d3552cb/degraded: padding teacher scores (275 → 308 tokens).  Positions beyond teacher length get zero quality weight.
[36m(TaskRunner pid=4169184)[0m WARNING:2026-06-30 01:44:28,201:43dbc771-7e1c-4bd5-b7bb-bf040d3552cb/free: padding teacher scores (275 → 308 tokens).  Positions beyond teacher length get zero quality weight.
[36m(TaskRunner pid=4169184)[0m WARNING:2026-06-30 01:44:28,202:43dbc771-7e1c-4bd5-b7bb-bf040d3552cb/task_visible: padding teacher scores (275 → 308 tokens).  Positions beyond teacher length get zero quality weight.
[36m(TaskRunner pid=4169184)[0m WARNING:2026-06-30 01:44:28,202:43dbc771-7e1c-4bd5-b7bb-bf040d3552cb/task_infer: padding teacher scores (275 → 308 tokens).  Positions beyond teacher length get zero quality weight.
[36m(TaskRunner pid=4169184)[0m WARNING:2026-06-30 01:44:28,202:43dbc771-7e1c-4bd5-b7bb-bf040d3552cb/task_solve: padding teacher scores (275 → 308 tokens).  Positions beyond teacher length get zero quality weight.
[36m(TaskRunner pid=4169184)[0m WARNING:2026-06-30 01:44:32,204:43dbc771-7e1c-4bd5-b7bb-bf040d3552cb/full: padding teacher scores (275 → 319 tokens).  Positions beyond teacher length get zero quality weight.
[36m(TaskRunner pid=4169184)[0m WARNING:2026-06-30 01:44:32,204:43dbc771-7e1c-4bd5-b7bb-bf040d3552cb/degraded: padding teacher scores (275 → 319 tokens).  Positions beyond teacher length get zero quality weight.
[36m(TaskRunner pid=4169184)[0m WARNING:2026-06-30 01:44:32,204:43dbc771-7e1c-4bd5-b7bb-bf040d3552cb/free: padding teacher scores (275 → 319 tokens).  Positions beyond teacher length get zero quality weight.
[36m(TaskRunner pid=4169184)[0m WARNING:2026-06-30 01:44:32,204:43dbc771-7e1c-4bd5-b7bb-bf040d3552cb/task_visible: padding teacher scores (275 → 319 tokens).  Positions beyond teacher length get zero quality weight.
[36m(TaskRunner pid=4169184)[0m WARNING:2026-06-30 01:44:32,205:43dbc771-7e1c-4bd5-b7bb-bf040d3552cb/task_infer: padding teacher scores (275 → 319 tokens).  Positions beyond teacher length get zero quality weight.
[36m(TaskRunner pid=4169184)[0m WARNING:2026-06-30 01:44:32,205:43dbc771-7e1c-4bd5-b7bb-bf040d3552cb/task_solve: padding teacher scores (275 → 319 tokens).  Positions beyond teacher length get zero quality weight.
[36m(TaskRunner pid=4169184)[0m WARNING:2026-06-30 01:44:36,293:43dbc771-7e1c-4bd5-b7bb-bf040d3552cb/full: padding teacher scores (275 → 337 tokens).  Positions beyond teacher length get zero quality weight.
[36m(TaskRunner pid=4169184)[0m WARNING:2026-06-30 01:44:36,293:43dbc771-7e1c-4bd5-b7bb-bf040d3552cb/degraded: padding teacher scores (275 → 337 tokens).  Positions beyond teacher length get zero quality weight.
[36m(TaskRunner pid=4169184)[0m WARNING:2026-06-30 01:44:36,294:43dbc771-7e1c-4bd5-b7bb-bf040d3552cb/free: padding teacher scores (275 → 337 tokens).  Positions beyond teacher length get zero quality weight.
[36m(TaskRunner pid=4169184)[0m WARNING:2026-06-30 01:44:36,294:43dbc771-7e1c-4bd5-b7bb-bf040d3552cb/task_visible: padding teacher scores (275 → 337 tokens).  Positions beyond teacher length get zero quality weight.
[36m(TaskRunner pid=4169184)[0m WARNING:2026-06-30 01:44:36,294:43dbc771-7e1c-4bd5-b7bb-bf040d3552cb/task_infer: padding teacher scores (275 → 337 tokens).  Positions beyond teacher length get zero quality weight.
[36m(TaskRunner pid=4169184)[0m WARNING:2026-06-30 01:44:36,294:43dbc771-7e1c-4bd5-b7bb-bf040d3552cb/task_solve: padding teacher scores (275 → 337 tokens).  Positions beyond teacher length get zero quality weight.
[36m(TaskRunner pid=4169184)[0m WARNING:2026-06-30 01:44:40,620:43dbc771-7e1c-4bd5-b7bb-bf040d3552cb/full: padding teacher scores (275 → 307 tokens).  Positions beyond teacher length get zero quality weight.
[36m(TaskRunner pid=4169184)[0m WARNING:2026-06-30 01:44:40,620:43dbc771-7e1c-4bd5-b7bb-bf040d3552cb/degraded: padding teacher scores (275 → 307 tokens).  Positions beyond teacher length get zero quality weight.
[36m(TaskRunner pid=4169184)[0m WARNING:2026-06-30 01:44:40,620:43dbc771-7e1c-4bd5-b7bb-bf040d3552cb/free: padding teacher scores (275 → 307 tokens).  Positions beyond teacher length get zero quality weight.
[36m(TaskRunner pid=4169184)[0m WARNING:2026-06-30 01:44:40,621:43dbc771-7e1c-4bd5-b7bb-bf040d3552cb/task_visible: padding teacher scores (275 → 307 tokens).  Positions beyond teacher length get zero quality weight.
[36m(TaskRunner pid=4169184)[0m WARNING:2026-06-30 01:44:40,621:43dbc771-7e1c-4bd5-b7bb-bf040d3552cb/task_infer: padding teacher scores (275 → 307 tokens).  Positions beyond teacher length get zero quality weight.
[36m(TaskRunner pid=4169184)[0m WARNING:2026-06-30 01:44:40,621:43dbc771-7e1c-4bd5-b7bb-bf040d3552cb/task_solve: padding teacher scores (275 → 307 tokens).  Positions beyond teacher length get zero quality weight.
[36m(TaskRunner pid=4169184)[0m WARNING:2026-06-30 01:44:44,608:43dbc771-7e1c-4bd5-b7bb-bf040d3552cb/full: padding teacher scores (275 → 320 tokens).  Positions beyond teacher length get zero quality weight.
[36m(TaskRunner pid=4169184)[0m WARNING:2026-06-30 01:44:44,608:43dbc771-7e1c-4bd5-b7bb-bf040d3552cb/degraded: padding teacher scores (275 → 320 tokens).  Positions beyond teacher length get zero quality weight.
[36m(TaskRunner pid=4169184)[0m WARNING:2026-06-30 01:44:44,608:43dbc771-7e1c-4bd5-b7bb-bf040d3552cb/free: padding teacher scores (275 → 320 tokens).  Positions beyond teacher length get zero quality weight.
[36m(TaskRunner pid=4169184)[0m WARNING:2026-06-30 01:44:44,609:43dbc771-7e1c-4bd5-b7bb-bf040d3552cb/task_visible: padding teacher scores (275 → 320 tokens).  Positions beyond teacher length get zero quality weight.
[36m(TaskRunner pid=4169184)[0m WARNING:2026-06-30 01:44:44,609:43dbc771-7e1c-4bd5-b7bb-bf040d3552cb/task_infer: padding teacher scores (275 → 320 tokens).  Positions beyond teacher length get zero quality weight.
[36m(TaskRunner pid=4169184)[0m WARNING:2026-06-30 01:44:44,609:43dbc771-7e1c-4bd5-b7bb-bf040d3552cb/task_solve: padding teacher scores (275 → 320 tokens).  Positions beyond teacher length get zero quality weight.
[36m(WorkerDict pid=79157)[0m INFO:2026-06-30 01:44:53,124:update_weights done, time cost: 0.46s

[36m(vLLMHttpServer pid=144739)[0m [Gloo] Rank 0 is connected to 0 peer ranks. Expected number of connected peer ranks is : 0[32m [repeated 6x across cluster][0m
[36m(vLLMHttpServer pid=144682)[0m WARNING 06-30 01:41:43 [model.py:1389] Default sampling parameters have been overridden by the model's Hugging Face generation config recommended from the model creator. If this is not intended, please relaunch vLLM instance with `--generation-config vllm`.
[36m(TaskRunner pid=4169184)[0m AgentLoopManager: ['10.247.28.202:35577', '10.247.28.202:45361']
[36m(TaskRunner pid=4169184)[0m Checkpoint tracker file does not exist: /inspire/hdd/global_user/mengweicheng-240108120092/lzy/projects/Dual-Track-OPD/checkpoints/verl_fc_opd_overnight/fc_opd_overnight_20260630_013805/latest_checkpointed_iteration.txt
[36m(TaskRunner pid=4169184)[0m Training from scratch
[36m(vLLMHttpServer pid=144739)[0m [1;36m(Worker pid=180023)[0;0m WARNING 06-30 01:41:38 [cudagraph_dispatcher.py:106] cudagraph dispatching keys are not initialized. No cudagraph will be used.
[36m(WorkerDict pid=79157)[0m WARNING 06-30 01:41:44 [api_server.py:1213] LoRA dynamic loading & unloading is enabled in the API server. This should ONLY be used for local development!
[36m(vLLMHttpServer pid=144739)[0m WARNING 06-30 01:41:43 [model.py:1389] Default sampling parameters have been overridden by the model's Hugging Face generation config recommended from the model creator. If this is not intended, please relaunch vLLM instance with `--generation-config vllm`.
[36m(AgentLoopWorker pid=220771)[0m WARNING 06-30 01:41:53 [api_server.py:1213] LoRA dynamic loading & unloading is enabled in the API server. This should ONLY be used for local development![32m [repeated 2x across cluster][0m
[36m(AgentLoopWorker pid=220771)[0m Using dataset class: FCOPDDataset
[36m(TaskRunner pid=4169184)[0m step:1 - fc_opd/hook_loss:13.091983795166016 - fc_opd/hook_num_samples:16.0 - fc_opd/hook_active_weight:1245.46533203125 - fc_opd/loss/task_solve:13.991519927978516 - fc_opd/selection/task_solve:0.027340557426214218 - fc_opd/loss/degraded:0.0 - fc_opd/selection/degraded:0.0 - fc_opd/loss/free:0.0 - fc_opd/selection/free:0.0 - fc_opd/loss/task_visible:14.062010765075684 - fc_opd/selection/task_visible:0.024633141234517097 - fc_opd/loss/full:12.185314178466797 - fc_opd/selection/full:0.1081213504076004 - fc_opd/loss/task_infer:13.966670989990234 - fc_opd/selection/task_infer:0.06161929666996002 - fc_opd/loss/chunk/visible_evidence:0.0 - fc_opd/loss/chunk/diagram_inference:0.0 - fc_opd/loss/chunk/reasoning:2.67354679107666 - fc_opd/loss/chunk/answer:0.0 - fc_opd/loss/total:13.091983795166016 - fc_opd/online/loss:13.091983795166016 - fc_opd/online/num_samples:16.0 - global_seqlen/min:3952 - global_seqlen/max:4006 - global_seqlen/minmax_diff:54 - global_seqlen/balanced_min:3979 - global_seqlen/balanced_max:3979 - global_seqlen/mean:3979.0 - actor/entropy:0.16514849662780762 - perf/mfu/actor_infer:0 - actor/pg_loss:0.08837575977668166 - actor/kl_loss:0.0 - actor/fc_opd_loss:11.918832302093506 - actor/pg_clipfrac:0.0 - actor/ppo_kl:0.0 - actor/pg_clipfrac_lower:0.0 - actor/fc_opd_coef:0.009999999776482582 - actor/fc_opd_active_weight_mean:0.15203434973955154 - actor/grad_norm:3.1964430809020996 - perf/mfu/actor:0.05235247831048934 - perf/max_memory_allocated_gb:41.40254354476929 - perf/max_memory_reserved_gb:46.578125 - perf/cpu_memory_used_gb:142.3027000427246 - actor/lr:2e-06 - training/global_step:1 - training/epoch:0 - critic/score/mean:0.8125 - critic/score/max:1.0 - critic/score/min:0.0 - critic/rewards/mean:0.8125 - critic/rewards/max:1.0 - critic/rewards/min:0.0 - critic/advantages/mean:-0.08837581425905228 - critic/advantages/max:0.5400605201721191 - critic/advantages/min:-2.4748666286468506 - critic/returns/mean:-0.08837581425905228 - critic/returns/max:0.5400605201721191 - critic/returns/min:-2.4748666286468506 - response_length/mean:317.375 - response_length/max:400.0 - response_length/min:274.0 - response_length/clip_ratio:0.0 - response_length_non_aborted/mean:317.375 - response_length_non_aborted/max:400.0 - response_length_non_aborted/min:274.0 - response_length_non_aborted/clip_ratio:0.0 - response/aborted_ratio:0.0 - prompt_length/mean:180.0 - prompt_length/max:180.0 - prompt_length/min:180.0 - prompt_length/clip_ratio:0.0 - num_turns/min:2 - num_turns/max:2 - num_turns/mean:2.0 - timing_s/start_profile:0.00024218112230300903 - timing_s/agent_loop/num_preempted/min:-1 - timing_s/agent_loop/num_preempted/max:-1 - timing_s/agent_loop/num_preempted/mean:-1.0 - timing_s/agent_loop/generate_sequences/min:6.892847917973995 - timing_s/agent_loop/generate_sequences/max:8.960784487426281 - timing_s/agent_loop/generate_sequences/mean:7.6557417921721935 - timing_s/agent_loop/tool_calls/min:0.0 - timing_s/agent_loop/tool_calls/max:0.0 - timing_s/agent_loop/tool_calls/mean:0.0 - timing_s/agent_loop/slowest/generate_sequences:8.960784487426281 - timing_s/agent_loop/slowest/tool_calls:0.0 - timing_s/agent_loop/slowest/prompt_length:180 - timing_s/agent_loop/slowest/response_length:400 - timing_s/agent_loop/slowest/num_preempted:-1 - timing_s/gen:18.47249194793403 - timing_s/fc_opd:77.75771562196314 - timing_s/reward:2.2780150175094604e-05 - timing_s/old_log_prob:1.2185762785375118 - timing_s/adv:0.0008656959980726242 - timing_s/update_actor:2.109043460339308 - timing_s/update_weights:2.308210588991642 - timing_s/step:101.87776444107294 - timing_s/stop_profile:5.663745105266571e-05 - timing_per_token_ms/gen:3.6377494974269458 - timing_per_token_ms/update_actor:0.2650217969765403 - timing_per_token_ms/adv:0.00010878311109231267 - perf/total_num_tokens:7958 - perf/time_per_step:101.87776444107294 - perf/throughput:39.05660888644147
[36m(AgentLoopWorker pid=220758)[0m WARNING 06-30 01:41:53 [api_server.py:1213] LoRA dynamic loading & unloading is enabled in the API server. This should ONLY be used for local development![32m [repeated 3x across cluster][0m
[36m(AgentLoopWorker pid=220758)[0m Using dataset class: FCOPDDataset[32m [repeated 3x across cluster][0m
[36m(TaskRunner pid=4169184)[0m step:2 - fc_opd/hook_loss:13.21345329284668 - fc_opd/hook_num_samples:16.0 - fc_opd/hook_active_weight:655.9189453125 - fc_opd/loss/task_solve:14.07200813293457 - fc_opd/selection/task_solve:0.02508138120174408 - fc_opd/loss/degraded:0.0 - fc_opd/selection/degraded:0.0 - fc_opd/loss/free:0.0 - fc_opd/selection/free:0.0 - fc_opd/loss/task_visible:14.218810081481934 - fc_opd/selection/task_visible:0.021079905331134796 - fc_opd/loss/full:12.34975814819336 - fc_opd/selection/full:0.05390668287873268 - fc_opd/loss/task_infer:14.072948455810547 - fc_opd/selection/task_infer:0.0404915027320385 - fc_opd/loss/chunk/visible_evidence:0.0 - fc_opd/loss/chunk/diagram_inference:0.0 - fc_opd/loss/chunk/reasoning:1.8968394994735718 - fc_opd/loss/chunk/answer:0.0 - fc_opd/loss/total:13.21345329284668 - fc_opd/online/loss:13.21345329284668 - fc_opd/online/num_samples:16.0 - global_seqlen/min:3772 - global_seqlen/max:3961 - global_seqlen/minmax_diff:189 - global_seqlen/balanced_min:3866 - global_seqlen/balanced_max:3867 - global_seqlen/mean:3866.5 - actor/entropy:0.1608400195837021 - perf/mfu/actor_infer:0 - actor/pg_loss:-0.01658729836344719 - actor/kl_loss:0.0 - actor/fc_opd_loss:13.401681900024414 - actor/pg_clipfrac:0.0 - actor/ppo_kl:0.0 - actor/pg_clipfrac_lower:0.0 - actor/fc_opd_coef:0.009999999776482582 - actor/fc_opd_active_weight_mean:0.08006823249161243 - actor/grad_norm:1.871509313583374 - perf/mfu/actor:0.05409339610975255 - perf/max_memory_allocated_gb:48.08001184463501 - perf/max_memory_reserved_gb:63.1015625 - perf/cpu_memory_used_gb:142.56010055541992 - actor/lr:2e-06 - training/global_step:2 - training/epoch:1 - critic/score/mean:0.9375 - critic/score/max:1.0 - critic/score/min:0.0 - critic/rewards/mean:0.9375 - critic/rewards/max:1.0 - critic/rewards/min:0.0 - critic/advantages/mean:0.016610346734523773 - critic/advantages/max:0.35355237126350403 - critic/advantages/min:-2.4748666286468506 - critic/returns/mean:0.016610346734523773 - critic/returns/max:0.35355237126350403 - critic/returns/min:-2.4748666286468506 - response_length/mean:303.3125 - response_length/max:347.0 - response_length/min:263.0 - response_length/clip_ratio:0.0 - response_length_non_aborted/mean:303.3125 - response_length_non_aborted/max:347.0 - response_length_non_aborted/min:263.0 - response_length_non_aborted/clip_ratio:0.0 - response/aborted_ratio:0.0 - prompt_length/mean:180.0 - prompt_length/max:180.0 - prompt_length/min:180.0 - prompt_length/clip_ratio:0.0 - num_turns/min:2 - num_turns/max:2 - num_turns/mean:2.0 - timing_s/start_profile:0.0002410244196653366 - timing_s/agent_loop/num_preempted/min:-1 - timing_s/agent_loop/num_preempted/max:-1 - timing_s/agent_loop/num_preempted/mean:-1.0 - timing_s/agent_loop/generate_sequences/min:4.512837544083595 - timing_s/agent_loop/generate_sequences/max:5.916005788370967 - timing_s/agent_loop/generate_sequences/mean:5.226151096750982 - timing_s/agent_loop/tool_calls/min:0.0 - timing_s/agent_loop/tool_calls/max:0.0 - timing_s/agent_loop/tool_calls/mean:0.0 - timing_s/agent_loop/slowest/generate_sequences:5.916005788370967 - timing_s/agent_loop/slowest/tool_calls:0.0 - timing_s/agent_loop/slowest/prompt_length:180 - timing_s/agent_loop/slowest/response_length:347 - timing_s/agent_loop/slowest/num_preempted:-1 - timing_s/gen:6.585085511207581 - timing_s/fc_opd:73.88558397814631 - timing_s/reward:2.6697292923927307e-05 - timing_s/old_log_prob:0.6284413039684296 - timing_s/adv:0.0007873307913541794 - timing_s/update_actor:1.9797745887190104 - timing_s/update_weights:2.3320987951010466 - timing_s/step:85.43081735819578 - timing_s/stop_profile:5.0280243158340454e-05 - timing_per_token_ms/gen:1.3569102640032105 - timing_per_token_ms/update_actor:0.2560163699365072 - timing_per_token_ms/adv:0.00010181440467531092 - perf/total_num_tokens:7733 - perf/time_per_step:85.43081735819578 - perf/throughput:45.25884358320573[36m(TaskRunner pid=4169184)[0m Training Progress:   1%|          | 2/200 [03:07<5:05:07, 92.46s/it] 
[36m(pid=586334)[0m /inspire/hdd/global_user/mengweicheng-240108120092/lzy/fc-opd-storage/envs/fc-opd-verl071-cu128/lib/python3.12/site-packages/torch/cuda/__init__.py:63: FutureWarning: The pynvml package is deprecated. Please install nvidia-ml-py instead. If you did not install pynvml directly, please report this to the maintainers of the package that installed pynvml for you.
[36m(pid=586334)[0m   import pynvml  # type: ignore[import]
[36m(pid=586334)[0m /inspire/hdd/global_user/mengweicheng-240108120092/lzy/fc-opd-storage/envs/fc-opd-verl071-cu128/lib/python3.12/site-packages/transformers/utils/hub.py:110: FutureWarning: Using `TRANSFORMERS_CACHE` is deprecated and will be removed in v5 of Transformers. Use `HF_HOME` instead.
[36m(pid=586334)[0m   warnings.warn(
[36m(_RayStudentScorerActor pid=586334)[0m `torch_dtype` is deprecated! Use `dtype` instead!
[36m(_RayStudentScorerActor pid=586334)[0m Loading checkpoint shards:   0%|          | 0/2 [00:00<?, ?it/s]
[36m(_RayStudentScorerActor pid=586334)[0m Loading checkpoint shards:  50%|█████     | 1/2 [00:02<00:02,  2.76s/it]
[36m(_RayStudentScorerActor pid=586334)[0m Loading checkpoint shards: 100%|██████████| 2/2 [00:04<00:00,  2.43s/it]Loading checkpoint shards: 100%|██████████| 2/2 [00:04<00:00,  2.48s/it]
[36m(TaskRunner pid=4169184)[0m WARNING:2026-06-30 01:45:18,652:7a0a51a8-db4e-4974-b6ff-c42d04395a35/full: trimming teacher scores (302 → 283 tokens).  This is expected to be rare (<1% of steps).
[36m(TaskRunner pid=4169184)[0m WARNING:2026-06-30 01:45:18,652:7a0a51a8-db4e-4974-b6ff-c42d04395a35/degraded: trimming teacher scores (302 → 283 tokens).  This is expected to be rare (<1% of steps).
[36m(TaskRunner pid=4169184)[0m WARNING:2026-06-30 01:45:18,653:7a0a51a8-db4e-4974-b6ff-c42d04395a35/free: trimming teacher scores (302 → 283 tokens).  This is expected to be rare (<1% of steps).
[36m(TaskRunner pid=4169184)[0m WARNING:2026-06-30 01:45:18,653:7a0a51a8-db4e-4974-b6ff-c42d04395a35/task_visible: trimming teacher scores (302 → 283 tokens).  This is expected to be rare (<1% of steps).
[36m(TaskRunner pid=4169184)[0m WARNING:2026-06-30 01:45:18,653:7a0a51a8-db4e-4974-b6ff-c42d04395a35/task_infer: trimming teacher scores (302 → 283 tokens).  This is expected to be rare (<1% of steps).
[36m(TaskRunner pid=4169184)[0m WARNING:2026-06-30 01:45:18,653:7a0a51a8-db4e-4974-b6ff-c42d04395a35/task_solve: trimming teacher scores (302 → 283 tokens).  This is expected to be rare (<1% of steps).
[36m(TaskRunner pid=4169184)[0m WARNING:2026-06-30 01:45:22,423:7a0a51a8-db4e-4974-b6ff-c42d04395a35/full: trimming teacher scores (302 → 273 tokens).  This is expected to be rare (<1% of steps).
[36m(TaskRunner pid=4169184)[0m WARNING:2026-06-30 01:45:22,423:7a0a51a8-db4e-4974-b6ff-c42d04395a35/degraded: trimming teacher scores (302 → 273 tokens).  This is expected to be rare (<1% of steps).
[36m(TaskRunner pid=4169184)[0m WARNING:2026-06-30 01:45:22,423:7a0a51a8-db4e-4974-b6ff-c42d04395a35/free: trimming teacher scores (302 → 273 tokens).  This is expected to be rare (<1% of steps).
[36m(TaskRunner pid=4169184)[0m WARNING:2026-06-30 01:45:22,423:7a0a51a8-db4e-4974-b6ff-c42d04395a35/task_visible: trimming teacher scores (302 → 273 tokens).  This is expected to be rare (<1% of steps).
[36m(TaskRunner pid=4169184)[0m WARNING:2026-06-30 01:45:22,424:7a0a51a8-db4e-4974-b6ff-c42d04395a35/task_infer: trimming teacher scores (302 → 273 tokens).  This is expected to be rare (<1% of steps).
[36m(TaskRunner pid=4169184)[0m WARNING:2026-06-30 01:45:22,424:7a0a51a8-db4e-4974-b6ff-c42d04395a35/task_solve: trimming teacher scores (302 → 273 tokens).  This is expected to be rare (<1% of steps).
[36m(TaskRunner pid=4169184)[0m WARNING:2026-06-30 01:45:26,039:7a0a51a8-db4e-4974-b6ff-c42d04395a35/full: trimming teacher scores (302 → 273 tokens).  This is expected to be rare (<1% of steps).
[36m(TaskRunner pid=4169184)[0m WARNING:2026-06-30 01:45:26,039:7a0a51a8-db4e-4974-b6ff-c42d04395a35/degraded: trimming teacher scores (302 → 273 tokens).  This is expected to be rare (<1% of steps).
[36m(TaskRunner pid=4169184)[0m WARNING:2026-06-30 01:45:26,039:7a0a51a8-db4e-4974-b6ff-c42d04395a35/free: trimming teacher scores (302 → 273 tokens).  This is expected to be rare (<1% of steps).
[36m(TaskRunner pid=4169184)[0m WARNING:2026-06-30 01:45:26,039:7a0a51a8-db4e-4974-b6ff-c42d04395a35/task_visible: trimming teacher scores (302 → 273 tokens).  This is expected to be rare (<1% of steps).
[36m(TaskRunner pid=4169184)[0m WARNING:2026-06-30 01:45:26,039:7a0a51a8-db4e-4974-b6ff-c42d04395a35/task_infer: trimming teacher scores (302 → 273 tokens).  This is expected to be rare (<1% of steps).
[36m(TaskRunner pid=4169184)[0m WARNING:2026-06-30 01:45:26,040:7a0a51a8-db4e-4974-b6ff-c42d04395a35/task_solve: trimming teacher scores (302 → 273 tokens).  This is expected to be rare (<1% of steps).
[36m(TaskRunner pid=4169184)[0m WARNING:2026-06-30 01:45:29,528:7a0a51a8-db4e-4974-b6ff-c42d04395a35/full: padding teacher scores (302 → 403 tokens).  Positions beyond teacher length get zero quality weight.
[36m(TaskRunner pid=4169184)[0m WARNING:2026-06-30 01:45:29,528:7a0a51a8-db4e-4974-b6ff-c42d04395a35/degraded: padding teacher scores (302 → 403 tokens).  Positions beyond teacher length get zero quality weight.
[36m(TaskRunner pid=4169184)[0m WARNING:2026-06-30 01:45:29,528:7a0a51a8-db4e-4974-b6ff-c42d04395a35/free: padding teacher scores (302 → 403 tokens).  Positions beyond teacher length get zero quality weight.
[36m(TaskRunner pid=4169184)[0m WARNING:2026-06-30 01:45:29,529:7a0a51a8-db4e-4974-b6ff-c42d04395a35/task_visible: padding teacher scores (302 → 403 tokens).  Positions beyond teacher length get zero quality weight.
[36m(TaskRunner pid=4169184)[0m WARNING:2026-06-30 01:45:29,529:7a0a51a8-db4e-4974-b6ff-c42d04395a35/task_infer: padding teacher scores (302 → 403 tokens).  Positions beyond teacher length get zero quality weight.
[36m(TaskRunner pid=4169184)[0m WARNING:2026-06-30 01:45:29,529:7a0a51a8-db4e-4974-b6ff-c42d04395a35/task_solve: padding teacher scores (302 → 403 tokens).  Positions beyond teacher length get zero quality weight.
[36m(TaskRunner pid=4169184)[0m WARNING:2026-06-30 01:45:38,609:7a0a51a8-db4e-4974-b6ff-c42d04395a35/full: padding teacher scores (302 → 310 tokens).  Positions beyond teacher length get zero quality weight.
[36m(TaskRunner pid=4169184)[0m WARNING:2026-06-30 01:45:38,610:7a0a51a8-db4e-4974-b6ff-c42d04395a35/degraded: padding teacher scores (302 → 310 tokens).  Positions beyond teacher length get zero quality weight.
[36m(TaskRunner pid=4169184)[0m WARNING:2026-06-30 01:45:38,610:7a0a51a8-db4e-4974-b6ff-c42d04395a35/free: padding teacher scores (302 → 310 tokens).  Positions beyond teacher length get zero quality weight.
[36m(TaskRunner pid=4169184)[0m WARNING:2026-06-30 01:45:38,610:7a0a51a8-db4e-4974-b6ff-c42d04395a35/task_visible: padding teacher scores (302 → 310 tokens).  Positions beyond teacher length get zero quality weight.
[36m(TaskRunner pid=4169184)[0m WARNING:2026-06-30 01:45:38,610:7a0a51a8-db4e-4974-b6ff-c42d04395a35/task_infer: padding teacher scores (302 → 310 tokens).  Positions beyond teacher length get zero quality weight.
[36m(TaskRunner pid=4169184)[0m WARNING:2026-06-30 01:45:38,610:7a0a51a8-db4e-4974-b6ff-c42d04395a35/task_solve: padding teacher scores (302 → 310 tokens).  Positions beyond teacher length get zero quality weight.
[36m(TaskRunner pid=4169184)[0m WARNING:2026-06-30 01:45:42,589:7a0a51a8-db4e-4974-b6ff-c42d04395a35/full: padding teacher scores (302 → 314 tokens).  Positions beyond teacher length get zero quality weight.
[36m(TaskRunner pid=4169184)[0m WARNING:2026-06-30 01:45:42,589:7a0a51a8-db4e-4974-b6ff-c42d04395a35/degraded: padding teacher scores (302 → 314 tokens).  Positions beyond teacher length get zero quality weight.
[36m(TaskRunner pid=4169184)[0m WARNING:2026-06-30 01:45:42,590:7a0a51a8-db4e-4974-b6ff-c42d04395a35/free: padding teacher scores (302 → 314 tokens).  Positions beyond teacher length get zero quality weight.
[36m(TaskRunner pid=4169184)[0m WARNING:2026-06-30 01:45:42,590:7a0a51a8-db4e-4974-b6ff-c42d04395a35/task_visible: padding teacher scores (302 → 314 tokens).  Positions beyond teacher length get zero quality weight.
[36m(TaskRunner pid=4169184)[0m WARNING:2026-06-30 01:45:42,590:7a0a51a8-db4e-4974-b6ff-c42d04395a35/task_infer: padding teacher scores (302 → 314 tokens).  Positions beyond teacher length get zero quality weight.
[36m(TaskRunner pid=4169184)[0m WARNING:2026-06-30 01:45:42,590:7a0a51a8-db4e-4974-b6ff-c42d04395a35/task_solve: padding teacher scores (302 → 314 tokens).  Positions beyond teacher length get zero quality weight.
[36m(TaskRunner pid=4169184)[0m WARNING:2026-06-30 01:45:51,463:6bc9e045-05d8-48b5-b049-abfb0fb24607/full: trimming teacher scores (353 → 299 tokens).  This is expected to be rare (<1% of steps).
[36m(TaskRunner pid=4169184)[0m WARNING:2026-06-30 01:45:51,464:6bc9e045-05d8-48b5-b049-abfb0fb24607/degraded: trimming teacher scores (353 → 299 tokens).  This is expected to be rare (<1% of steps).
[36m(TaskRunner pid=4169184)[0m WARNING:2026-06-30 01:45:51,464:6bc9e045-05d8-48b5-b049-abfb0fb24607/free: trimming teacher scores (353 → 299 tokens).  This is expected to be rare (<1% of steps).
[36m(TaskRunner pid=4169184)[0m WARNING:2026-06-30 01:45:51,464:6bc9e045-05d8-48b5-b049-abfb0fb24607/task_visible: trimming teacher scores (353 → 299 tokens).  This is expected to be rare (<1% of steps).
[36m(TaskRunner pid=4169184)[0m WARNING:2026-06-30 01:45:51,464:6bc9e045-05d8-48b5-b049-abfb0fb24607/task_infer: trimming teacher scores (353 → 299 tokens).  This is expected to be rare (<1% of steps).
[36m(TaskRunner pid=4169184)[0m WARNING:2026-06-30 01:45:51,464:6bc9e045-05d8-48b5-b049-abfb0fb24607/task_solve: trimming teacher scores (353 → 299 tokens).  This is expected to be rare (<1% of steps).
[36m(TaskRunner pid=4169184)[0m WARNING:2026-06-30 01:45:55,440:6bc9e045-05d8-48b5-b049-abfb0fb24607/full: trimming teacher scores (353 → 345 tokens).  This is expected to be rare (<1% of steps).
[36m(TaskRunner pid=4169184)[0m WARNING:2026-06-30 01:45:55,440:6bc9e045-05d8-48b5-b049-abfb0fb24607/degraded: trimming teacher scores (353 → 345 tokens).  This is expected to be rare (<1% of steps).
[36m(TaskRunner pid=4169184)[0m WARNING:2026-06-30 01:45:55,440:6bc9e045-05d8-48b5-b049-abfb0fb24607/free: trimming teacher scores (353 → 345 tokens).  This is expected to be rare (<1% of steps).
[36m(TaskRunner pid=4169184)[0m WARNING:2026-06-30 01:45:55,440:6bc9e045-05d8-48b5-b049-abfb0fb24607/task_visible: trimming teacher scores (353 → 345 tokens).  This is expected to be rare (<1% of steps).
[36m(TaskRunner pid=4169184)[0m WARNING:2026-06-30 01:45:55,440:6bc9e045-05d8-48b5-b049-abfb0fb24607/task_infer: trimming teacher scores (353 → 345 tokens).  This is expected to be rare (<1% of steps).
[36m(TaskRunner pid=4169184)[0m WARNING:2026-06-30 01:45:55,441:6bc9e045-05d8-48b5-b049-abfb0fb24607/task_solve: trimming teacher scores (353 → 345 tokens).  This is expected to be rare (<1% of steps).
[36m(TaskRunner pid=4169184)[0m WARNING:2026-06-30 01:46:00,068:6bc9e045-05d8-48b5-b049-abfb0fb24607/full: trimming teacher scores (353 → 305 tokens).  This is expected to be rare (<1% of steps).
[36m(TaskRunner pid=4169184)[0m WARNING:2026-06-30 01:46:00,069:6bc9e045-05d8-48b5-b049-abfb0fb24607/degraded: trimming teacher scores (353 → 305 tokens).  This is expected to be rare (<1% of steps).
[36m(TaskRunner pid=4169184)[0m WARNING:2026-06-30 01:46:00,069:6bc9e045-05d8-48b5-b049-abfb0fb24607/free: trimming teacher scores (353 → 305 tokens).  This is expected to be rare (<1% of steps).
[36m(TaskRunner pid=4169184)[0m WARNING:2026-06-30 01:46:00,069:6bc9e045-05d8-48b5-b049-abfb0fb24607/task_visible: trimming teacher scores (353 → 305 tokens).  This is expected to be rare (<1% of steps).
[36m(TaskRunner pid=4169184)[0m WARNING:2026-06-30 01:46:00,069:6bc9e045-05d8-48b5-b049-abfb0fb24607/task_infer: trimming teacher scores (353 → 305 tokens).  This is expected to be rare (<1% of steps).
[36m(TaskRunner pid=4169184)[0m WARNING:2026-06-30 01:46:00,069:6bc9e045-05d8-48b5-b049-abfb0fb24607/task_solve: trimming teacher scores (353 → 305 tokens).  This is expected to be rare (<1% of steps).
[36m(TaskRunner pid=4169184)[0m WARNING:2026-06-30 01:46:04,193:6bc9e045-05d8-48b5-b049-abfb0fb24607/full: padding teacher scores (353 → 451 tokens).  Positions beyond teacher length get zero quality weight.
[36m(TaskRunner pid=4169184)[0m WARNING:2026-06-30 01:46:04,194:6bc9e045-05d8-48b5-b049-abfb0fb24607/degraded: padding teacher scores (353 → 451 tokens).  Positions beyond teacher length get zero quality weight.
[36m(TaskRunner pid=4169184)[0m WARNING:2026-06-30 01:46:04,194:6bc9e045-05d8-48b5-b049-abfb0fb24607/free: padding teacher scores (353 → 451 tokens).  Positions beyond teacher length get zero quality weight.
[36m(TaskRunner pid=4169184)[0m WARNING:2026-06-30 01:46:04,194:6bc9e045-05d8-48b5-b049-abfb0fb24607/task_visible: padding teacher scores (353 → 451 tokens).  Positions beyond teacher length get zero quality weight.
[36m(TaskRunner pid=4169184)[0m WARNING:2026-06-30 01:46:04,194:6bc9e045-05d8-48b5-b049-abfb0fb24607/task_infer: padding teacher scores (353 → 451 tokens).  Positions beyond teacher length get zero quality weight.
[36m(TaskRunner pid=4169184)[0m WARNING:2026-06-30 01:46:04,195:6bc9e045-05d8-48b5-b049-abfb0fb24607/task_solve: padding teacher scores (353 → 451 tokens).  Positions beyond teacher length get zero quality weight.
[36m(TaskRunner pid=4169184)[0m WARNING:2026-06-30 01:46:10,225:6bc9e045-05d8-48b5-b049-abfb0fb24607/full: trimming teacher scores (353 → 295 tokens).  This is expected to be rare (<1% of steps).
[36m(TaskRunner pid=4169184)[0m WARNING:2026-06-30 01:46:10,226:6bc9e045-05d8-48b5-b049-abfb0fb24607/degraded: trimming teacher scores (353 → 295 tokens).  This is expected to be rare (<1% of steps).
[36m(TaskRunner pid=4169184)[0m WARNING:2026-06-30 01:46:10,226:6bc9e045-05d8-48b5-b049-abfb0fb24607/free: trimming teacher scores (353 → 295 tokens).  This is expected to be rare (<1% of steps).
[36m(TaskRunner pid=4169184)[0m WARNING:2026-06-30 01:46:10,226:6bc9e045-05d8-48b5-b049-abfb0fb24607/task_visible: trimming teacher scores (353 → 295 tokens).  This is expected to be rare (<1% of steps).
[36m(TaskRunner pid=4169184)[0m WARNING:2026-06-30 01:46:10,226:6bc9e045-05d8-48b5-b049-abfb0fb24607/task_infer: trimming teacher scores (353 → 295 tokens).  This is expected to be rare (<1% of steps).
[36m(TaskRunner pid=4169184)[0m WARNING:2026-06-30 01:46:10,226:6bc9e045-05d8-48b5-b049-abfb0fb24607/task_solve: trimming teacher scores (353 → 295 tokens).  This is expected to be rare (<1% of steps).
[36m(TaskRunner pid=4169184)[0m WARNING:2026-06-30 01:46:14,147:6bc9e045-05d8-48b5-b049-abfb0fb24607/full: trimming teacher scores (353 → 301 tokens).  This is expected to be rare (<1% of steps).
[36m(TaskRunner pid=4169184)[0m WARNING:2026-06-30 01:46:14,148:6bc9e045-05d8-48b5-b049-abfb0fb24607/degraded: trimming teacher scores (353 → 301 tokens).  This is expected to be rare (<1% of steps).
[36m(TaskRunner pid=4169184)[0m WARNING:2026-06-30 01:46:14,148:6bc9e045-05d8-48b5-b049-abfb0fb24607/free: trimming teacher scores (353 → 301 tokens).  This is expected to be rare (<1% of steps).
[36m(TaskRunner pid=4169184)[0m WARNING:2026-06-30 01:46:14,148:6bc9e045-05d8-48b5-b049-abfb0fb24607/task_visible: trimming teacher scores (353 → 301 tokens).  This is expected to be rare (<1% of steps).
[36m(TaskRunner pid=4169184)[0m WARNING:2026-06-30 01:46:14,148:6bc9e045-05d8-48b5-b049-abfb0fb24607/task_infer: trimming teacher scores (353 → 301 tokens).  This is expected to be rare (<1% of steps).
[36m(TaskRunner pid=4169184)[0m WARNING:2026-06-30 01:46:14,148:6bc9e045-05d8-48b5-b049-abfb0fb24607/task_solve: trimming teacher scores (353 → 301 tokens).  This is expected to be rare (<1% of steps).
[36m(TaskRunner pid=4169184)[0m WARNING:2026-06-30 01:46:18,173:6bc9e045-05d8-48b5-b049-abfb0fb24607/full: trimming teacher scores (353 → 318 tokens).  This is expected to be rare (<1% of steps).
[36m(TaskRunner pid=4169184)[0m WARNING:2026-06-30 01:46:18,174:6bc9e045-05d8-48b5-b049-abfb0fb24607/degraded: trimming teacher scores (353 → 318 tokens).  This is expected to be rare (<1% of steps).
[36m(TaskRunner pid=4169184)[0m WARNING:2026-06-30 01:46:18,174:6bc9e045-05d8-48b5-b049-abfb0fb24607/free: trimming teacher scores (353 → 318 tokens).  This is expected to be rare (<1% of steps).
[36m(TaskRunner pid=4169184)[0m WARNING:2026-06-30 01:46:18,174:6bc9e045-05d8-48b5-b049-abfb0fb24607/task_visible: trimming teacher scores (353 → 318 tokens).  This is expected to be rare (<1% of steps).
[36m(TaskRunner pid=4169184)[0m WARNING:2026-06-30 01:46:18,174:6bc9e045-05d8-48b5-b049-abfb0fb24607/task_infer: trimming teacher scores (353 → 318 tokens).  This is expected to be rare (<1% of steps).
[36m(TaskRunner pid=4169184)[0m WARNING:2026-06-30 01:46:18,174:6bc9e045-05d8-48b5-b049-abfb0fb24607/task_solve: trimming teacher scores (353 → 318 tokens).  This is expected to be rare (<1% of steps).
[36m(WorkerDict pid=79157)[0m INFO:2026-06-30 01:46:26,799:update_weights done, time cost: 0.52s
[36m(TaskRunner pid=4169184)[0m Training Progress:   2%|▏         | 3/200 [04:41<5:05:21, 93.00s/it]
[36m(pid=757057)[0m /inspire/hdd/global_user/mengweicheng-240108120092/lzy/fc-opd-storage/envs/fc-opd-verl071-cu128/lib/python3.12/site-packages/torch/cuda/__init__.py:63: FutureWarning: The pynvml package is deprecated. Please install nvidia-ml-py instead. If you did not install pynvml directly, please report this to the maintainers of the package that installed pynvml for you.
[36m(pid=757057)[0m   import pynvml  # type: ignore[import]
[36m(pid=757057)[0m /inspire/hdd/global_user/mengweicheng-240108120092/lzy/fc-opd-storage/envs/fc-opd-verl071-cu128/lib/python3.12/site-packages/transformers/utils/hub.py:110: FutureWarning: Using `TRANSFORMERS_CACHE` is deprecated and will be removed in v5 of Transformers. Use `HF_HOME` instead.
[36m(pid=757057)[0m   warnings.warn(
[36m(_RayStudentScorerActor pid=757057)[0m `torch_dtype` is deprecated! Use `dtype` instead!
[36m(_RayStudentScorerActor pid=757057)[0m Loading checkpoint shards:   0%|          | 0/2 [00:00<?, ?it/s]
[36m(_RayStudentScorerActor pid=757057)[0m Loading checkpoint shards:  50%|█████     | 1/2 [00:02<00:02,  2.47s/it]
[36m(_RayStudentScorerActor pid=757057)[0m Loading checkpoint shards: 100%|██████████| 2/2 [00:04<00:00,  2.29s/it]Loading checkpoint shards: 100%|██████████| 2/2 [00:04<00:00,  2.32s/it]
[36m(TaskRunner pid=4169184)[0m WARNING:2026-06-30 01:46:50,736:a70ab1df-913d-45e1-b3bd-b2c088e906bc/full: padding teacher scores (292 → 351 tokens).  Positions beyond teacher length get zero quality weight.
[36m(TaskRunner pid=4169184)[0m WARNING:2026-06-30 01:46:50,737:a70ab1df-913d-45e1-b3bd-b2c088e906bc/degraded: padding teacher scores (292 → 351 tokens).  Positions beyond teacher length get zero quality weight.
[36m(TaskRunner pid=4169184)[0m WARNING:2026-06-30 01:46:50,737:a70ab1df-913d-45e1-b3bd-b2c088e906bc/free: padding teacher scores (292 → 351 tokens).  Positions beyond teacher length get zero quality weight.
[36m(TaskRunner pid=4169184)[0m WARNING:2026-06-30 01:46:50,737:a70ab1df-913d-45e1-b3bd-b2c088e906bc/task_visible: padding teacher scores (292 → 351 tokens).  Positions beyond teacher length get zero quality weight.
[36m(TaskRunner pid=4169184)[0m WARNING:2026-06-30 01:46:50,737:a70ab1df-913d-45e1-b3bd-b2c088e906bc/task_infer: padding teacher scores (292 → 351 tokens).  Positions beyond teacher length get zero quality weight.
[36m(TaskRunner pid=4169184)[0m WARNING:2026-06-30 01:46:50,738:a70ab1df-913d-45e1-b3bd-b2c088e906bc/task_solve: padding teacher scores (292 → 351 tokens).  Positions beyond teacher length get zero quality weight.
[36m(TaskRunner pid=4169184)[0m WARNING:2026-06-30 01:46:55,359:a70ab1df-913d-45e1-b3bd-b2c088e906bc/full: trimming teacher scores (292 → 277 tokens).  This is expected to be rare (<1% of steps).
[36m(TaskRunner pid=4169184)[0m WARNING:2026-06-30 01:46:55,360:a70ab1df-913d-45e1-b3bd-b2c088e906bc/degraded: trimming teacher scores (292 → 277 tokens).  This is expected to be rare (<1% of steps).
[36m(TaskRunner pid=4169184)[0m WARNING:2026-06-30 01:46:55,360:a70ab1df-913d-45e1-b3bd-b2c088e906bc/free: trimming teacher scores (292 → 277 tokens).  This is expected to be rare (<1% of steps).
[36m(TaskRunner pid=4169184)[0m WARNING:2026-06-30 01:46:55,360:a70ab1df-913d-45e1-b3bd-b2c088e906bc/task_visible: trimming teacher scores (292 → 277 tokens).  This is expected to be rare (<1% of steps).
[36m(TaskRunner pid=4169184)[0m WARNING:2026-06-30 01:46:55,360:a70ab1df-913d-45e1-b3bd-b2c088e906bc/task_infer: trimming teacher scores (292 → 277 tokens).  This is expected to be rare (<1% of steps).
[36m(TaskRunner pid=4169184)[0m WARNING:2026-06-30 01:46:55,360:a70ab1df-913d-45e1-b3bd-b2c088e906bc/task_solve: trimming teacher scores (292 → 277 tokens).  This is expected to be rare (<1% of steps).
[36m(TaskRunner pid=4169184)[0m WARNING:2026-06-30 01:46:59,233:a70ab1df-913d-45e1-b3bd-b2c088e906bc/full: trimming teacher scores (292 → 279 tokens).  This is expected to be rare (<1% of steps).
[36m(TaskRunner pid=4169184)[0m WARNING:2026-06-30 01:46:59,233:a70ab1df-913d-45e1-b3bd-b2c088e906bc/degraded: trimming teacher scores (292 → 279 tokens).  This is expected to be rare (<1% of steps).
[36m(TaskRunner pid=4169184)[0m WARNING:2026-06-30 01:46:59,233:a70ab1df-913d-45e1-b3bd-b2c088e906bc/free: trimming teacher scores (292 → 279 tokens).  This is expected to be rare (<1% of steps).
[36m(TaskRunner pid=4169184)[0m WARNING:2026-06-30 01:46:59,233:a70ab1df-913d-45e1-b3bd-b2c088e906bc/task_visible: trimming teacher scores (292 → 279 tokens).  This is expected to be rare (<1% of steps).
[36m(TaskRunner pid=4169184)[0m WARNING:2026-06-30 01:46:59,233:a70ab1df-913d-45e1-b3bd-b2c088e906bc/task_infer: trimming teacher scores (292 → 279 tokens).  This is expected to be rare (<1% of steps).
[36m(TaskRunner pid=4169184)[0m WARNING:2026-06-30 01:46:59,234:a70ab1df-913d-45e1-b3bd-b2c088e906bc/task_solve: trimming teacher scores (292 → 279 tokens).  This is expected to be rare (<1% of steps).
[36m(TaskRunner pid=4169184)[0m WARNING:2026-06-30 01:47:02,983:a70ab1df-913d-45e1-b3bd-b2c088e906bc/full: trimming teacher scores (292 → 252 tokens).  This is expected to be rare (<1% of steps).
[36m(TaskRunner pid=4169184)[0m WARNING:2026-06-30 01:47:02,984:a70ab1df-913d-45e1-b3bd-b2c088e906bc/degraded: trimming teacher scores (292 → 252 tokens).  This is expected to be rare (<1% of steps).
[36m(TaskRunner pid=4169184)[0m WARNING:2026-06-30 01:47:02,984:a70ab1df-913d-45e1-b3bd-b2c088e906bc/free: trimming teacher scores (292 → 252 tokens).  This is expected to be rare (<1% of steps).
[36m(TaskRunner pid=4169184)[0m WARNING:2026-06-30 01:47:02,984:a70ab1df-913d-45e1-b3bd-b2c088e906bc/task_visible: trimming teacher scores (292 → 252 tokens).  This is expected to be rare (<1% of steps).
[36m(TaskRunner pid=4169184)[0m WARNING:2026-06-30 01:47:02,984:a70ab1df-913d-45e1-b3bd-b2c088e906bc/task_infer: trimming teacher scores (292 → 252 tokens).  This is expected to be rare (<1% of steps).
[36m(TaskRunner pid=4169184)[0m WARNING:2026-06-30 01:47:02,984:a70ab1df-913d-45e1-b3bd-b2c088e906bc/task_solve: trimming teacher scores (292 → 252 tokens).  This is expected to be rare (<1% of steps).
[36m(TaskRunner pid=4169184)[0m WARNING:2026-06-30 01:47:06,388:a70ab1df-913d-45e1-b3bd-b2c088e906bc/full: padding teacher scores (292 → 307 tokens).  Positions beyond teacher length get zero quality weight.
[36m(TaskRunner pid=4169184)[0m WARNING:2026-06-30 01:47:06,388:a70ab1df-913d-45e1-b3bd-b2c088e906bc/degraded: padding teacher scores (292 → 307 tokens).  Positions beyond teacher length get zero quality weight.
[36m(TaskRunner pid=4169184)[0m WARNING:2026-06-30 01:47:06,388:a70ab1df-913d-45e1-b3bd-b2c088e906bc/free: padding teacher scores (292 → 307 tokens).  Positions beyond teacher length get zero quality weight.
[36m(TaskRunner pid=4169184)[0m WARNING:2026-06-30 01:47:06,389:a70ab1df-913d-45e1-b3bd-b2c088e906bc/task_visible: padding teacher scores (292 → 307 tokens).  Positions beyond teacher length get zero quality weight.
[36m(TaskRunner pid=4169184)[0m WARNING:2026-06-30 01:47:06,389:a70ab1df-913d-45e1-b3bd-b2c088e906bc/task_infer: padding teacher scores (292 → 307 tokens).  Positions beyond teacher length get zero quality weight.
[36m(TaskRunner pid=4169184)[0m WARNING:2026-06-30 01:47:06,389:a70ab1df-913d-45e1-b3bd-b2c088e906bc/task_solve: padding teacher scores (292 → 307 tokens).  Positions beyond teacher length get zero quality weight.
[36m(TaskRunner pid=4169184)[0m WARNING:2026-06-30 01:47:10,508:a70ab1df-913d-45e1-b3bd-b2c088e906bc/full: padding teacher scores (292 → 315 tokens).  Positions beyond teacher length get zero quality weight.
[36m(TaskRunner pid=4169184)[0m WARNING:2026-06-30 01:47:10,508:a70ab1df-913d-45e1-b3bd-b2c088e906bc/degraded: padding teacher scores (292 → 315 tokens).  Positions beyond teacher length get zero quality weight.
[36m(TaskRunner pid=4169184)[0m WARNING:2026-06-30 01:47:10,509:a70ab1df-913d-45e1-b3bd-b2c088e906bc/free: padding teacher scores (292 → 315 tokens).  Positions beyond teacher length get zero quality weight.
[36m(TaskRunner pid=4169184)[0m WARNING:2026-06-30 01:47:10,509:a70ab1df-913d-45e1-b3bd-b2c088e906bc/task_visible: padding teacher scores (292 → 315 tokens).  Positions beyond teacher length get zero quality weight.
[36m(TaskRunner pid=4169184)[0m WARNING:2026-06-30 01:47:10,509:a70ab1df-913d-45e1-b3bd-b2c088e906bc/task_infer: padding teacher scores (292 → 315 tokens).  Positions beyond teacher length get zero quality weight.
[36m(TaskRunner pid=4169184)[0m WARNING:2026-06-30 01:47:10,509:a70ab1df-913d-45e1-b3bd-b2c088e906bc/task_solve: padding teacher scores (292 → 315 tokens).  Positions beyond teacher length get zero quality weight.
[36m(TaskRunner pid=4169184)[0m WARNING:2026-06-30 01:47:14,688:a70ab1df-913d-45e1-b3bd-b2c088e906bc/full: trimming teacher scores (292 → 279 tokens).  This is expected to be rare (<1% of steps).
[36m(TaskRunner pid=4169184)[0m WARNING:2026-06-30 01:47:14,688:a70ab1df-913d-45e1-b3bd-b2c088e906bc/degraded: trimming teacher scores (292 → 279 tokens).  This is expected to be rare (<1% of steps).
[36m(TaskRunner pid=4169184)[0m WARNING:2026-06-30 01:47:14,688:a70ab1df-913d-45e1-b3bd-b2c088e906bc/free: trimming teacher scores (292 → 279 tokens).  This is expected to be rare (<1% of steps).
[36m(TaskRunner pid=4169184)[0m WARNING:2026-06-30 01:47:14,689:a70ab1df-913d-45e1-b3bd-b2c088e906bc/task_visible: trimming teacher scores (292 → 279 tokens).  This is expected to be rare (<1% of steps).
[36m(TaskRunner pid=4169184)[0m WARNING:2026-06-30 01:47:14,689:a70ab1df-913d-45e1-b3bd-b2c088e906bc/task_infer: trimming teacher scores (292 → 279 tokens).  This is expected to be rare (<1% of steps).
[36m(TaskRunner pid=4169184)[0m WARNING:2026-06-30 01:47:14,689:a70ab1df-913d-45e1-b3bd-b2c088e906bc/task_solve: trimming teacher scores (292 → 279 tokens).  This is expected to be rare (<1% of steps).
[36m(TaskRunner pid=4169184)[0m WARNING:2026-06-30 01:47:23,504:b4f6d564-14b1-4395-8fe5-7cadce958399/full: trimming teacher scores (388 → 316 tokens).  This is expected to be rare (<1% of steps).
[36m(TaskRunner pid=4169184)[0m WARNING:2026-06-30 01:47:23,504:b4f6d564-14b1-4395-8fe5-7cadce958399/degraded: trimming teacher scores (388 → 316 tokens).  This is expected to be rare (<1% of steps).
[36m(TaskRunner pid=4169184)[0m WARNING:2026-06-30 01:47:23,504:b4f6d564-14b1-4395-8fe5-7cadce958399/free: trimming teacher scores (388 → 316 tokens).  This is expected to be rare (<1% of steps).
[36m(TaskRunner pid=4169184)[0m WARNING:2026-06-30 01:47:23,505:b4f6d564-14b1-4395-8fe5-7cadce958399/task_visible: trimming teacher scores (388 → 316 tokens).  This is expected to be rare (<1% of steps).
[36m(TaskRunner pid=4169184)[0m WARNING:2026-06-30 01:47:23,505:b4f6d564-14b1-4395-8fe5-7cadce958399/task_infer: trimming teacher scores (388 → 316 tokens).  This is expected to be rare (<1% of steps).
[36m(TaskRunner pid=4169184)[0m WARNING:2026-06-30 01:47:23,505:b4f6d564-14b1-4395-8fe5-7cadce958399/task_solve: trimming teacher scores (388 → 316 tokens).  This is expected to be rare (<1% of steps).
[36m(TaskRunner pid=4169184)[0m WARNING:2026-06-30 01:47:27,713:b4f6d564-14b1-4395-8fe5-7cadce958399/full: trimming teacher scores (388 → 298 tokens).  This is expected to be rare (<1% of steps).
[36m(TaskRunner pid=4169184)[0m WARNING:2026-06-30 01:47:27,713:b4f6d564-14b1-4395-8fe5-7cadce958399/degraded: trimming teacher scores (388 → 298 tokens).  This is expected to be rare (<1% of steps).
[36m(TaskRunner pid=4169184)[0m WARNING:2026-06-30 01:47:27,714:b4f6d564-14b1-4395-8fe5-7cadce958399/free: trimming teacher scores (388 → 298 tokens).  This is expected to be rare (<1% of steps).
[36m(TaskRunner pid=4169184)[0m WARNING:2026-06-30 01:47:27,714:b4f6d564-14b1-4395-8fe5-7cadce958399/task_visible: trimming teacher scores (388 → 298 tokens).  This is expected to be rare (<1% of steps).
[36m(TaskRunner pid=4169184)[0m WARNING:2026-06-30 01:47:27,714:b4f6d564-14b1-4395-8fe5-7cadce958399/task_infer: trimming teacher scores (388 → 298 tokens).  This is expected to be rare (<1% of steps).
[36m(TaskRunner pid=4169184)[0m WARNING:2026-06-30 01:47:27,714:b4f6d564-14b1-4395-8fe5-7cadce958399/task_solve: trimming teacher scores (388 → 298 tokens).  This is expected to be rare (<1% of steps).
[36m(TaskRunner pid=4169184)[0m WARNING:2026-06-30 01:47:31,618:b4f6d564-14b1-4395-8fe5-7cadce958399/full: trimming teacher scores (388 → 297 tokens).  This is expected to be rare (<1% of steps).
[36m(TaskRunner pid=4169184)[0m WARNING:2026-06-30 01:47:31,618:b4f6d564-14b1-4395-8fe5-7cadce958399/degraded: trimming teacher scores (388 → 297 tokens).  This is expected to be rare (<1% of steps).
[36m(TaskRunner pid=4169184)[0m WARNING:2026-06-30 01:47:31,618:b4f6d564-14b1-4395-8fe5-7cadce958399/free: trimming teacher scores (388 → 297 tokens).  This is expected to be rare (<1% of steps).
[36m(TaskRunner pid=4169184)[0m WARNING:2026-06-30 01:47:31,618:b4f6d564-14b1-4395-8fe5-7cadce958399/task_visible: trimming teacher scores (388 → 297 tokens).  This is expected to be rare (<1% of steps).
[36m(TaskRunner pid=4169184)[0m WARNING:2026-06-30 01:47:31,619:b4f6d564-14b1-4395-8fe5-7cadce958399/task_infer: trimming teacher scores (388 → 297 tokens).  This is expected to be rare (<1% of steps).
[36m(TaskRunner pid=4169184)[0m WARNING:2026-06-30 01:47:31,619:b4f6d564-14b1-4395-8fe5-7cadce958399/task_solve: trimming teacher scores (388 → 297 tokens).  This is expected to be rare (<1% of steps).
[36m(TaskRunner pid=4169184)[0m WARNING:2026-06-30 01:47:35,587:b4f6d564-14b1-4395-8fe5-7cadce958399/full: trimming teacher scores (388 → 264 tokens).  This is expected to be rare (<1% of steps).
[36m(TaskRunner pid=4169184)[0m WARNING:2026-06-30 01:47:35,587:b4f6d564-14b1-4395-8fe5-7cadce958399/degraded: trimming teacher scores (388 → 264 tokens).  This is expected to be rare (<1% of steps).
[36m(TaskRunner pid=4169184)[0m WARNING:2026-06-30 01:47:35,587:b4f6d564-14b1-4395-8fe5-7cadce958399/free: trimming teacher scores (388 → 264 tokens).  This is expected to be rare (<1% of steps).
[36m(TaskRunner pid=4169184)[0m WARNING:2026-06-30 01:47:35,588:b4f6d564-14b1-4395-8fe5-7cadce958399/task_visible: trimming teacher scores (388 → 264 tokens).  This is expected to be rare (<1% of steps).
[36m(TaskRunner pid=4169184)[0m WARNING:2026-06-30 01:47:35,588:b4f6d564-14b1-4395-8fe5-7cadce958399/task_infer: trimming teacher scores (388 → 264 tokens).  This is expected to be rare (<1% of steps).
[36m(TaskRunner pid=4169184)[0m WARNING:2026-06-30 01:47:35,588:b4f6d564-14b1-4395-8fe5-7cadce958399/task_solve: trimming teacher scores (388 → 264 tokens).  This is expected to be rare (<1% of steps).
[36m(TaskRunner pid=4169184)[0m WARNING:2026-06-30 01:47:39,170:b4f6d564-14b1-4395-8fe5-7cadce958399/full: trimming teacher scores (388 → 366 tokens).  This is expected to be rare (<1% of steps).
[36m(TaskRunner pid=4169184)[0m WARNING:2026-06-30 01:47:39,170:b4f6d564-14b1-4395-8fe5-7cadce958399/degraded: trimming teacher scores (388 → 366 tokens).  This is expected to be rare (<1% of steps).
[36m(TaskRunner pid=4169184)[0m WARNING:2026-06-30 01:47:39,171:b4f6d564-14b1-4395-8fe5-7cadce958399/free: trimming teacher scores (388 → 366 tokens).  This is expected to be rare (<1% of steps).
[36m(TaskRunner pid=4169184)[0m WARNING:2026-06-30 01:47:39,171:b4f6d564-14b1-4395-8fe5-7cadce958399/task_visible: trimming teacher scores (388 → 366 tokens).  This is expected to be rare (<1% of steps).
[36m(TaskRunner pid=4169184)[0m WARNING:2026-06-30 01:47:39,171:b4f6d564-14b1-4395-8fe5-7cadce958399/task_infer: trimming teacher scores (388 → 366 tokens).  This is expected to be rare (<1% of steps).
[36m(TaskRunner pid=4169184)[0m WARNING:2026-06-30 01:47:39,171:b4f6d564-14b1-4395-8fe5-7cadce958399/task_solve: trimming teacher scores (388 → 366 tokens).  This is expected to be rare (<1% of steps).
[36m(TaskRunner pid=4169184)[0m WARNING:2026-06-30 01:47:43,884:b4f6d564-14b1-4395-8fe5-7cadce958399/full: trimming teacher scores (388 → 310 tokens).  This is expected to be rare (<1% of steps).
[36m(TaskRunner pid=4169184)[0m WARNING:2026-06-30 01:47:43,884:b4f6d564-14b1-4395-8fe5-7cadce958399/degraded: trimming teacher scores (388 → 310 tokens).  This is expected to be rare (<1% of steps).
[36m(TaskRunner pid=4169184)[0m WARNING:2026-06-30 01:47:43,885:b4f6d564-14b1-4395-8fe5-7cadce958399/free: trimming teacher scores (388 → 310 tokens).  This is expected to be rare (<1% of steps).
[36m(TaskRunner pid=4169184)[0m WARNING:2026-06-30 01:47:43,885:b4f6d564-14b1-4395-8fe5-7cadce958399/task_visible: trimming teacher scores (388 → 310 tokens).  This is expected to be rare (<1% of steps).
[36m(TaskRunner pid=4169184)[0m WARNING:2026-06-30 01:47:43,885:b4f6d564-14b1-4395-8fe5-7cadce958399/task_infer: trimming teacher scores (388 → 310 tokens).  This is expected to be rare (<1% of steps).
[36m(TaskRunner pid=4169184)[0m WARNING:2026-06-30 01:47:43,885:b4f6d564-14b1-4395-8fe5-7cadce958399/task_solve: trimming teacher scores (388 → 310 tokens).  This is expected to be rare (<1% of steps).
[36m(TaskRunner pid=4169184)[0m WARNING:2026-06-30 01:47:47,962:b4f6d564-14b1-4395-8fe5-7cadce958399/full: trimming teacher scores (388 → 254 tokens).  This is expected to be rare (<1% of steps).
[36m(TaskRunner pid=4169184)[0m WARNING:2026-06-30 01:47:47,962:b4f6d564-14b1-4395-8fe5-7cadce958399/degraded: trimming teacher scores (388 → 254 tokens).  This is expected to be rare (<1% of steps).
[36m(TaskRunner pid=4169184)[0m WARNING:2026-06-30 01:47:47,962:b4f6d564-14b1-4395-8fe5-7cadce958399/free: trimming teacher scores (388 → 254 tokens).  This is expected to be rare (<1% of steps).
[36m(TaskRunner pid=4169184)[0m WARNING:2026-06-30 01:47:47,962:b4f6d564-14b1-4395-8fe5-7cadce958399/task_visible: trimming teacher scores (388 → 254 tokens).  This is expected to be rare (<1% of steps).
[36m(TaskRunner pid=4169184)[0m WARNING:2026-06-30 01:47:47,962:b4f6d564-14b1-4395-8fe5-7cadce958399/task_infer: trimming teacher scores (388 → 254 tokens).  This is expected to be rare (<1% of steps).
[36m(TaskRunner pid=4169184)[0m WARNING:2026-06-30 01:47:47,963:b4f6d564-14b1-4395-8fe5-7cadce958399/task_solve: trimming teacher scores (388 → 254 tokens).  This is expected to be rare (<1% of steps).
[36m(WorkerDict pid=79157)[0m INFO:2026-06-30 01:47:55,813:update_weights done, time cost: 0.46s
[36m(TaskRunner pid=4169184)[0m Training Progress:   2%|▏         | 4/200 [06:10<4:58:50, 91.48s/it]
[36m(pid=916288)[0m /inspire/hdd/global_user/mengweicheng-240108120092/lzy/fc-opd-storage/envs/fc-opd-verl071-cu128/lib/python3.12/site-packages/torch/cuda/__init__.py:63: FutureWarning: The pynvml package is deprecated. Please install nvidia-ml-py instead. If you did not install pynvml directly, please report this to the maintainers of the package that installed pynvml for you.
[36m(pid=916288)[0m   import pynvml  # type: ignore[import]
[36m(pid=916288)[0m /inspire/hdd/global_user/mengweicheng-240108120092/lzy/fc-opd-storage/envs/fc-opd-verl071-cu128/lib/python3.12/site-packages/transformers/utils/hub.py:110: FutureWarning: Using `TRANSFORMERS_CACHE` is deprecated and will be removed in v5 of Transformers. Use `HF_HOME` instead.
[36m(pid=916288)[0m   warnings.warn(
[36m(_RayStudentScorerActor pid=916288)[0m `torch_dtype` is deprecated! Use `dtype` instead!
[36m(_RayStudentScorerActor pid=916288)[0m Loading checkpoint shards:   0%|          | 0/2 [00:00<?, ?it/s]
[36m(_RayStudentScorerActor pid=916288)[0m Loading checkpoint shards:  50%|█████     | 1/2 [00:02<00:02,  2.76s/it]
[36m(_RayStudentScorerActor pid=916288)[0m Loading checkpoint shards: 100%|██████████| 2/2 [00:04<00:00,  2.42s/it]Loading checkpoint shards: 100%|██████████| 2/2 [00:04<00:00,  2.48s/it]
[36m(TaskRunner pid=4169184)[0m WARNING:2026-06-30 01:48:19,565:a4b92da8-5502-49d4-bdbe-a9217b5c3cf5/full: trimming teacher scores (314 → 286 tokens).  This is expected to be rare (<1% of steps).
[36m(TaskRunner pid=4169184)[0m WARNING:2026-06-30 01:48:19,566:a4b92da8-5502-49d4-bdbe-a9217b5c3cf5/degraded: trimming teacher scores (314 → 286 tokens).  This is expected to be rare (<1% of steps).
[36m(TaskRunner pid=4169184)[0m WARNING:2026-06-30 01:48:19,566:a4b92da8-5502-49d4-bdbe-a9217b5c3cf5/free: trimming teacher scores (314 → 286 tokens).  This is expected to be rare (<1% of steps).
[36m(TaskRunner pid=4169184)[0m WARNING:2026-06-30 01:48:19,566:a4b92da8-5502-49d4-bdbe-a9217b5c3cf5/task_visible: trimming teacher scores (314 → 286 tokens).  This is expected to be rare (<1% of steps).
[36m(TaskRunner pid=4169184)[0m WARNING:2026-06-30 01:48:19,566:a4b92da8-5502-49d4-bdbe-a9217b5c3cf5/task_infer: trimming teacher scores (314 → 286 tokens).  This is expected to be rare (<1% of steps).
[36m(TaskRunner pid=4169184)[0m WARNING:2026-06-30 01:48:19,566:a4b92da8-5502-49d4-bdbe-a9217b5c3cf5/task_solve: trimming teacher scores (314 → 286 tokens).  This is expected to be rare (<1% of steps).
[36m(TaskRunner pid=4169184)[0m WARNING:2026-06-30 01:48:23,442:a4b92da8-5502-49d4-bdbe-a9217b5c3cf5/full: padding teacher scores (314 → 319 tokens).  Positions beyond teacher length get zero quality weight.
[36m(TaskRunner pid=4169184)[0m WARNING:2026-06-30 01:48:23,443:a4b92da8-5502-49d4-bdbe-a9217b5c3cf5/degraded: padding teacher scores (314 → 319 tokens).  Positions beyond teacher length get zero quality weight.
[36m(TaskRunner pid=4169184)[0m WARNING:2026-06-30 01:48:23,443:a4b92da8-5502-49d4-bdbe-a9217b5c3cf5/free: padding teacher scores (314 → 319 tokens).  Positions beyond teacher length get zero quality weight.
[36m(TaskRunner pid=4169184)[0m WARNING:2026-06-30 01:48:23,443:a4b92da8-5502-49d4-bdbe-a9217b5c3cf5/task_visible: padding teacher scores (314 → 319 tokens).  Positions beyond teacher length get zero quality weight.
[36m(TaskRunner pid=4169184)[0m WARNING:2026-06-30 01:48:23,443:a4b92da8-5502-49d4-bdbe-a9217b5c3cf5/task_infer: padding teacher scores (314 → 319 tokens).  Positions beyond teacher length get zero quality weight.
[36m(TaskRunner pid=4169184)[0m WARNING:2026-06-30 01:48:23,443:a4b92da8-5502-49d4-bdbe-a9217b5c3cf5/task_solve: padding teacher scores (314 → 319 tokens).  Positions beyond teacher length get zero quality weight.
[36m(TaskRunner pid=4169184)[0m WARNING:2026-06-30 01:48:27,657:a4b92da8-5502-49d4-bdbe-a9217b5c3cf5/full: trimming teacher scores (314 → 276 tokens).  This is expected to be rare (<1% of steps).
[36m(TaskRunner pid=4169184)[0m WARNING:2026-06-30 01:48:27,658:a4b92da8-5502-49d4-bdbe-a9217b5c3cf5/degraded: trimming teacher scores (314 → 276 tokens).  This is expected to be rare (<1% of steps).
[36m(TaskRunner pid=4169184)[0m WARNING:2026-06-30 01:48:27,658:a4b92da8-5502-49d4-bdbe-a9217b5c3cf5/free: trimming teacher scores (314 → 276 tokens).  This is expected to be rare (<1% of steps).
[36m(TaskRunner pid=4169184)[0m WARNING:2026-06-30 01:48:27,658:a4b92da8-5502-49d4-bdbe-a9217b5c3cf5/task_visible: trimming teacher scores (314 → 276 tokens).  This is expected to be rare (<1% of steps).
[36m(TaskRunner pid=4169184)[0m WARNING:2026-06-30 01:48:27,658:a4b92da8-5502-49d4-bdbe-a9217b5c3cf5/task_infer: trimming teacher scores (314 → 276 tokens).  This is expected to be rare (<1% of steps).
[36m(TaskRunner pid=4169184)[0m WARNING:2026-06-30 01:48:27,658:a4b92da8-5502-49d4-bdbe-a9217b5c3cf5/task_solve: trimming teacher scores (314 → 276 tokens).  This is expected to be rare (<1% of steps).
[36m(TaskRunner pid=4169184)[0m WARNING:2026-06-30 01:48:31,359:a4b92da8-5502-49d4-bdbe-a9217b5c3cf5/full: trimming teacher scores (314 → 275 tokens).  This is expected to be rare (<1% of steps).
[36m(TaskRunner pid=4169184)[0m WARNING:2026-06-30 01:48:31,360:a4b92da8-5502-49d4-bdbe-a9217b5c3cf5/degraded: trimming teacher scores (314 → 275 tokens).  This is expected to be rare (<1% of steps).
[36m(TaskRunner pid=4169184)[0m WARNING:2026-06-30 01:48:31,360:a4b92da8-5502-49d4-bdbe-a9217b5c3cf5/free: trimming teacher scores (314 → 275 tokens).  This is expected to be rare (<1% of steps).
[36m(TaskRunner pid=4169184)[0m WARNING:2026-06-30 01:48:31,360:a4b92da8-5502-49d4-bdbe-a9217b5c3cf5/task_visible: trimming teacher scores (314 → 275 tokens).  This is expected to be rare (<1% of steps).
[36m(TaskRunner pid=4169184)[0m WARNING:2026-06-30 01:48:31,360:a4b92da8-5502-49d4-bdbe-a9217b5c3cf5/task_infer: trimming teacher scores (314 → 275 tokens).  This is expected to be rare (<1% of steps).
[36m(TaskRunner pid=4169184)[0m WARNING:2026-06-30 01:48:31,360:a4b92da8-5502-49d4-bdbe-a9217b5c3cf5/task_solve: trimming teacher scores (314 → 275 tokens).  This is expected to be rare (<1% of steps).
[36m(TaskRunner pid=4169184)[0m WARNING:2026-06-30 01:48:34,937:a4b92da8-5502-49d4-bdbe-a9217b5c3cf5/full: padding teacher scores (314 → 332 tokens).  Positions beyond teacher length get zero quality weight.
[36m(TaskRunner pid=4169184)[0m WARNING:2026-06-30 01:48:34,937:a4b92da8-5502-49d4-bdbe-a9217b5c3cf5/degraded: padding teacher scores (314 → 332 tokens).  Positions beyond teacher length get zero quality weight.
[36m(TaskRunner pid=4169184)[0m WARNING:2026-06-30 01:48:34,938:a4b92da8-5502-49d4-bdbe-a9217b5c3cf5/free: padding teacher scores (314 → 332 tokens).  Positions beyond teacher length get zero quality weight.
[36m(TaskRunner pid=4169184)[0m WARNING:2026-06-30 01:48:34,938:a4b92da8-5502-49d4-bdbe-a9217b5c3cf5/task_visible: padding teacher scores (314 → 332 tokens).  Positions beyond teacher length get zero quality weight.
[36m(TaskRunner pid=4169184)[0m WARNING:2026-06-30 01:48:34,938:a4b92da8-5502-49d4-bdbe-a9217b5c3cf5/task_infer: padding teacher scores (314 → 332 tokens).  Positions beyond teacher length get zero quality weight.
[36m(TaskRunner pid=4169184)[0m WARNING:2026-06-30 01:48:34,938:a4b92da8-5502-49d4-bdbe-a9217b5c3cf5/task_solve: padding teacher scores (314 → 332 tokens).  Positions beyond teacher length get zero quality weight.
[36m(TaskRunner pid=4169184)[0m WARNING:2026-06-30 01:48:39,405:a4b92da8-5502-49d4-bdbe-a9217b5c3cf5/full: trimming teacher scores (314 → 276 tokens).  This is expected to be rare (<1% of steps).
[36m(TaskRunner pid=4169184)[0m WARNING:2026-06-30 01:48:39,405:a4b92da8-5502-49d4-bdbe-a9217b5c3cf5/degraded: trimming teacher scores (314 → 276 tokens).  This is expected to be rare (<1% of steps).
[36m(TaskRunner pid=4169184)[0m WARNING:2026-06-30 01:48:39,405:a4b92da8-5502-49d4-bdbe-a9217b5c3cf5/free: trimming teacher scores (314 → 276 tokens).  This is expected to be rare (<1% of steps).
[36m(TaskRunner pid=4169184)[0m WARNING:2026-06-30 01:48:39,405:a4b92da8-5502-49d4-bdbe-a9217b5c3cf5/task_visible: trimming teacher scores (314 → 276 tokens).  This is expected to be rare (<1% of steps).
[36m(TaskRunner pid=4169184)[0m WARNING:2026-06-30 01:48:39,405:a4b92da8-5502-49d4-bdbe-a9217b5c3cf5/task_infer: trimming teacher scores (314 → 276 tokens).  This is expected to be rare (<1% of steps).
[36m(TaskRunner pid=4169184)[0m WARNING:2026-06-30 01:48:39,405:a4b92da8-5502-49d4-bdbe-a9217b5c3cf5/task_solve: trimming teacher scores (314 → 276 tokens).  This is expected to be rare (<1% of steps).
[36m(TaskRunner pid=4169184)[0m WARNING:2026-06-30 01:48:43,062:a4b92da8-5502-49d4-bdbe-a9217b5c3cf5/full: padding teacher scores (314 → 341 tokens).  Positions beyond teacher length get zero quality weight.
[36m(TaskRunner pid=4169184)[0m WARNING:2026-06-30 01:48:43,062:a4b92da8-5502-49d4-bdbe-a9217b5c3cf5/degraded: padding teacher scores (314 → 341 tokens).  Positions beyond teacher length get zero quality weight.
[36m(TaskRunner pid=4169184)[0m WARNING:2026-06-30 01:48:43,063:a4b92da8-5502-49d4-bdbe-a9217b5c3cf5/free: padding teacher scores (314 → 341 tokens).  Positions beyond teacher length get zero quality weight.
[36m(TaskRunner pid=4169184)[0m WARNING:2026-06-30 01:48:43,063:a4b92da8-5502-49d4-bdbe-a9217b5c3cf5/task_visible: padding teacher scores (314 → 341 tokens).  Positions beyond teacher length get zero quality weight.
[36m(TaskRunner pid=4169184)[0m WARNING:2026-06-30 01:48:43,063:a4b92da8-5502-49d4-bdbe-a9217b5c3cf5/task_infer: padding teacher scores (314 → 341 tokens).  Positions beyond teacher length get zero quality weight.
[36m(TaskRunner pid=4169184)[0m WARNING:2026-06-30 01:48:43,063:a4b92da8-5502-49d4-bdbe-a9217b5c3cf5/task_solve: padding teacher scores (314 → 341 tokens).  Positions beyond teacher length get zero quality weight.
[36m(TaskRunner pid=4169184)[0m WARNING:2026-06-30 01:48:50,924:12637979-c81b-40ed-a321-a065d1319b2c/full: padding teacher scores (244 → 293 tokens).  Positions beyond teacher length get zero quality weight.
[36m(TaskRunner pid=4169184)[0m WARNING:2026-06-30 01:48:50,924:12637979-c81b-40ed-a321-a065d1319b2c/degraded: padding teacher scores (244 → 293 tokens).  Positions beyond teacher length get zero quality weight.
[36m(TaskRunner pid=4169184)[0m WARNING:2026-06-30 01:48:50,924:12637979-c81b-40ed-a321-a065d1319b2c/free: padding teacher scores (244 → 293 tokens).  Positions beyond teacher length get zero quality weight.
[36m(TaskRunner pid=4169184)[0m WARNING:2026-06-30 01:48:50,925:12637979-c81b-40ed-a321-a065d1319b2c/task_visible: padding teacher scores (244 → 293 tokens).  Positions beyond teacher length get zero quality weight.
[36m(TaskRunner pid=4169184)[0m WARNING:2026-06-30 01:48:50,925:12637979-c81b-40ed-a321-a065d1319b2c/task_infer: padding teacher scores (244 → 293 tokens).  Positions beyond teacher length get zero quality weight.
[36m(TaskRunner pid=4169184)[0m WARNING:2026-06-30 01:48:50,925:12637979-c81b-40ed-a321-a065d1319b2c/task_solve: padding teacher scores (244 → 293 tokens).  Positions beyond teacher length get zero quality weight.
[36m(TaskRunner pid=4169184)[0m WARNING:2026-06-30 01:48:54,838:12637979-c81b-40ed-a321-a065d1319b2c/full: padding teacher scores (244 → 295 tokens).  Positions beyond teacher length get zero quality weight.
[36m(TaskRunner pid=4169184)[0m WARNING:2026-06-30 01:48:54,839:12637979-c81b-40ed-a321-a065d1319b2c/degraded: padding teacher scores (244 → 295 tokens).  Positions beyond teacher length get zero quality weight.
[36m(TaskRunner pid=4169184)[0m WARNING:2026-06-30 01:48:54,839:12637979-c81b-40ed-a321-a065d1319b2c/free: padding teacher scores (244 → 295 tokens).  Positions beyond teacher length get zero quality weight.
[36m(TaskRunner pid=4169184)[0m WARNING:2026-06-30 01:48:54,839:12637979-c81b-40ed-a321-a065d1319b2c/task_visible: padding teacher scores (244 → 295 tokens).  Positions beyond teacher length get zero quality weight.
[36m(TaskRunner pid=4169184)[0m WARNING:2026-06-30 01:48:54,839:12637979-c81b-40ed-a321-a065d1319b2c/task_infer: padding teacher scores (244 → 295 tokens).  Positions beyond teacher length get zero quality weight.
[36m(TaskRunner pid=4169184)[0m WARNING:2026-06-30 01:48:54,839:12637979-c81b-40ed-a321-a065d1319b2c/task_solve: padding teacher scores (244 → 295 tokens).  Positions beyond teacher length get zero quality weight.
[36m(TaskRunner pid=4169184)[0m WARNING:2026-06-30 01:48:58,727:12637979-c81b-40ed-a321-a065d1319b2c/full: padding teacher scores (244 → 331 tokens).  Positions beyond teacher length get zero quality weight.
[36m(TaskRunner pid=4169184)[0m WARNING:2026-06-30 01:48:58,727:12637979-c81b-40ed-a321-a065d1319b2c/degraded: padding teacher scores (244 → 331 tokens).  Positions beyond teacher length get zero quality weight.
[36m(TaskRunner pid=4169184)[0m WARNING:2026-06-30 01:48:58,727:12637979-c81b-40ed-a321-a065d1319b2c/free: padding teacher scores (244 → 331 tokens).  Positions beyond teacher length get zero quality weight.
[36m(TaskRunner pid=4169184)[0m WARNING:2026-06-30 01:48:58,728:12637979-c81b-40ed-a321-a065d1319b2c/task_visible: padding teacher scores (244 → 331 tokens).  Positions beyond teacher length get zero quality weight.
[36m(TaskRunner pid=4169184)[0m WARNING:2026-06-30 01:48:58,728:12637979-c81b-40ed-a321-a065d1319b2c/task_infer: padding teacher scores (244 → 331 tokens).  Positions beyond teacher length get zero quality weight.
[36m(TaskRunner pid=4169184)[0m WARNING:2026-06-30 01:48:58,728:12637979-c81b-40ed-a321-a065d1319b2c/task_solve: padding teacher scores (244 → 331 tokens).  Positions beyond teacher length get zero quality weight.
[36m(TaskRunner pid=4169184)[0m WARNING:2026-06-30 01:49:03,112:12637979-c81b-40ed-a321-a065d1319b2c/full: padding teacher scores (244 → 302 tokens).  Positions beyond teacher length get zero quality weight.
[36m(TaskRunner pid=4169184)[0m WARNING:2026-06-30 01:49:03,112:12637979-c81b-40ed-a321-a065d1319b2c/degraded: padding teacher scores (244 → 302 tokens).  Positions beyond teacher length get zero quality weight.
[36m(TaskRunner pid=4169184)[0m WARNING:2026-06-30 01:49:03,112:12637979-c81b-40ed-a321-a065d1319b2c/free: padding teacher scores (244 → 302 tokens).  Positions beyond teacher length get zero quality weight.
[36m(TaskRunner pid=4169184)[0m WARNING:2026-06-30 01:49:03,112:12637979-c81b-40ed-a321-a065d1319b2c/task_visible: padding teacher scores (244 → 302 tokens).  Positions beyond teacher length get zero quality weight.
[36m(TaskRunner pid=4169184)[0m WARNING:2026-06-30 01:49:03,113:12637979-c81b-40ed-a321-a065d1319b2c/task_infer: padding teacher scores (244 → 302 tokens).  Positions beyond teacher length get zero quality weight.
[36m(TaskRunner pid=4169184)[0m WARNING:2026-06-30 01:49:03,113:12637979-c81b-40ed-a321-a065d1319b2c/task_solve: padding teacher scores (244 → 302 tokens).  Positions beyond teacher length get zero quality weight.
[36m(TaskRunner pid=4169184)[0m WARNING:2026-06-30 01:49:07,102:12637979-c81b-40ed-a321-a065d1319b2c/full: padding teacher scores (244 → 262 tokens).  Positions beyond teacher length get zero quality weight.
[36m(TaskRunner pid=4169184)[0m WARNING:2026-06-30 01:49:07,103:12637979-c81b-40ed-a321-a065d1319b2c/degraded: padding teacher scores (244 → 262 tokens).  Positions beyond teacher length get zero quality weight.
[36m(TaskRunner pid=4169184)[0m WARNING:2026-06-30 01:49:07,103:12637979-c81b-40ed-a321-a065d1319b2c/free: padding teacher scores (244 → 262 tokens).  Positions beyond teacher length get zero quality weight.
[36m(TaskRunner pid=4169184)[0m WARNING:2026-06-30 01:49:07,103:12637979-c81b-40ed-a321-a065d1319b2c/task_visible: padding teacher scores (244 → 262 tokens).  Positions beyond teacher length get zero quality weight.
[36m(TaskRunner pid=4169184)[0m WARNING:2026-06-30 01:49:07,103:12637979-c81b-40ed-a321-a065d1319b2c/task_infer: padding teacher scores (244 → 262 tokens).  Positions beyond teacher length get zero quality weight.
[36m(TaskRunner pid=4169184)[0m WARNING:2026-06-30 01:49:07,103:12637979-c81b-40ed-a321-a065d1319b2c/task_solve: padding teacher scores (244 → 262 tokens).  Positions beyond teacher length get zero quality weight.
[36m(TaskRunner pid=4169184)[0m WARNING:2026-06-30 01:49:10,572:12637979-c81b-40ed-a321-a065d1319b2c/full: padding teacher scores (244 → 304 tokens).  Positions beyond teacher length get zero quality weight.
[36m(TaskRunner pid=4169184)[0m WARNING:2026-06-30 01:49:10,572:12637979-c81b-40ed-a321-a065d1319b2c/degraded: padding teacher scores (244 → 304 tokens).  Positions beyond teacher length get zero quality weight.
[36m(TaskRunner pid=4169184)[0m WARNING:2026-06-30 01:49:10,572:12637979-c81b-40ed-a321-a065d1319b2c/free: padding teacher scores (244 → 304 tokens).  Positions beyond teacher length get zero quality weight.
[36m(TaskRunner pid=4169184)[0m WARNING:2026-06-30 01:49:10,573:12637979-c81b-40ed-a321-a065d1319b2c/task_visible: padding teacher scores (244 → 304 tokens).  Positions beyond teacher length get zero quality weight.
[36m(TaskRunner pid=4169184)[0m WARNING:2026-06-30 01:49:10,573:12637979-c81b-40ed-a321-a065d1319b2c/task_infer: padding teacher scores (244 → 304 tokens).  Positions beyond teacher length get zero quality weight.
[36m(TaskRunner pid=4169184)[0m WARNING:2026-06-30 01:49:10,573:12637979-c81b-40ed-a321-a065d1319b2c/task_solve: padding teacher scores (244 → 304 tokens).  Positions beyond teacher length get zero quality weight.
[36m(TaskRunner pid=4169184)[0m WARNING:2026-06-30 01:49:14,593:12637979-c81b-40ed-a321-a065d1319b2c/full: padding teacher scores (244 → 328 tokens).  Positions beyond teacher length get zero quality weight.
[36m(TaskRunner pid=4169184)[0m WARNING:2026-06-30 01:49:14,594:12637979-c81b-40ed-a321-a065d1319b2c/degraded: padding teacher scores (244 → 328 tokens).  Positions beyond teacher length get zero quality weight.
[36m(TaskRunner pid=4169184)[0m WARNING:2026-06-30 01:49:14,594:12637979-c81b-40ed-a321-a065d1319b2c/free: padding teacher scores (244 → 328 tokens).  Positions beyond teacher length get zero quality weight.
[36m(TaskRunner pid=4169184)[0m WARNING:2026-06-30 01:49:14,594:12637979-c81b-40ed-a321-a065d1319b2c/task_visible: padding teacher scores (244 → 328 tokens).  Positions beyond teacher length get zero quality weight.
[36m(TaskRunner pid=4169184)[0m WARNING:2026-06-30 01:49:14,594:12637979-c81b-40ed-a321-a065d1319b2c/task_infer: padding teacher scores (244 → 328 tokens).  Positions beyond teacher length get zero quality weight.
[36m(TaskRunner pid=4169184)[0m WARNING:2026-06-30 01:49:14,595:12637979-c81b-40ed-a321-a065d1319b2c/task_solve: padding teacher scores (244 → 328 tokens).  Positions beyond teacher length get zero quality weight.
[36m(WorkerDict pid=79157)[0m INFO:2026-06-30 01:49:23,456:update_weights done, time cost: 0.46s

[36m(TaskRunner pid=4169184)[0m step:3 - fc_opd/hook_loss:13.726970672607422 - fc_opd/hook_num_samples:16.0 - fc_opd/hook_active_weight:511.0975341796875 - fc_opd/loss/task_solve:14.03235149383545 - fc_opd/selection/task_solve:0.013571548275649548 - fc_opd/loss/degraded:0.0 - fc_opd/selection/degraded:0.0 - fc_opd/loss/free:0.0 - fc_opd/selection/free:0.0 - fc_opd/loss/task_visible:14.244478225708008 - fc_opd/selection/task_visible:0.013411127030849457 - fc_opd/loss/full:13.372681617736816 - fc_opd/selection/full:0.040533922612667084 - fc_opd/loss/task_infer:14.15612506866455 - fc_opd/selection/task_infer:0.03215993568301201 - fc_opd/loss/chunk/visible_evidence:0.0 - fc_opd/loss/chunk/diagram_inference:0.0 - fc_opd/loss/chunk/reasoning:1.3682429790496826 - fc_opd/loss/chunk/answer:0.0 - fc_opd/loss/total:13.726970672607422 - fc_opd/online/loss:13.726970672607422 - fc_opd/online/num_samples:16.0 - global_seqlen/min:3900 - global_seqlen/max:4107 - global_seqlen/minmax_diff:207 - global_seqlen/balanced_min:3995 - global_seqlen/balanced_max:4012 - global_seqlen/mean:4003.5 - actor/entropy:0.169606551527977 - perf/mfu/actor_infer:0 - actor/pg_loss:0.0 - actor/kl_loss:0.0 - actor/fc_opd_loss:13.590197086334229 - actor/pg_clipfrac:0.0 - actor/ppo_kl:0.0 - actor/pg_clipfrac_lower:0.0 - actor/fc_opd_coef:0.009999999776482582 - actor/fc_opd_active_weight_mean:0.062389835715293884 - actor/grad_norm:0.14993499219417572 - perf/mfu/actor:0.05741498347738267 - perf/max_memory_allocated_gb:48.08001184463501 - perf/max_memory_reserved_gb:63.1015625 - perf/cpu_memory_used_gb:142.91212463378906 - actor/lr:2e-06 - training/global_step:3 - training/epoch:2 - critic/score/mean:1.0 - critic/score/max:1.0 - critic/score/min:1.0 - critic/rewards/mean:1.0 - critic/rewards/max:1.0 - critic/rewards/min:1.0 - critic/advantages/mean:0.0 - critic/advantages/max:0.0 - critic/advantages/min:0.0 - critic/returns/mean:0.0 - critic/returns/max:0.0 - critic/returns/min:0.0 - response_length/mean:320.4375 - response_length/max:451.0 - response_length/min:273.0 - response_length/clip_ratio:0.0 - response_length_non_aborted/mean:320.4375 - response_length_non_aborted/max:451.0 - response_length_non_aborted/min:273.0 - response_length_non_aborted/clip_ratio:0.0 - response/aborted_ratio:0.0 - prompt_length/mean:180.0 - prompt_length/max:180.0 - prompt_length/min:180.0 - prompt_length/clip_ratio:0.0 - num_turns/min:2 - num_turns/max:2 - num_turns/mean:2.0 - timing_s/start_profile:0.000252649188041687 - timing_s/agent_loop/num_preempted/min:-1 - timing_s/agent_loop/num_preempted/max:-1 - timing_s/agent_loop/num_preempted/mean:-1.0 - timing_s/agent_loop/generate_sequences/min:4.656220357865095 - timing_s/agent_loop/generate_sequences/max:7.731437727808952 - timing_s/agent_loop/generate_sequences/mean:5.49282774142921 - timing_s/agent_loop/tool_calls/min:0.0 - timing_s/agent_loop/tool_calls/max:0.0 - timing_s/agent_loop/tool_calls/mean:0.0 - timing_s/agent_loop/slowest/generate_sequences:7.731437727808952 - timing_s/agent_loop/slowest/tool_calls:0.0 - timing_s/agent_loop/slowest/prompt_length:180 - timing_s/agent_loop/slowest/response_length:451 - timing_s/agent_loop/slowest/num_preempted:-1 - timing_s/gen:8.402951169759035 - timing_s/fc_opd:80.08394286967814 - timing_s/reward:2.2601336240768433e-05 - timing_s/old_log_prob:0.623908182606101 - timing_s/adv:0.0007342752069234848 - timing_s/update_actor:1.9331410117447376 - timing_s/update_weights:2.337214909493923 - timing_s/step:93.39766611903906 - timing_s/stop_profile:4.986487329006195e-05 - timing_per_token_ms/gen:1.638960633851967 - timing_per_token_ms/update_actor:0.24143137401582834 - timing_per_token_ms/adv:9.170415972567564e-05 - perf/total_num_tokens:8007 - perf/time_per_step:93.39766611903906 - perf/throughput:42.86509680977873
[36m(TaskRunner pid=4169184)[0m step:4 - fc_opd/hook_loss:13.80095386505127 - fc_opd/hook_num_samples:16.0 - fc_opd/hook_active_weight:484.1199645996094 - fc_opd/loss/task_solve:14.012728691101074 - fc_opd/selection/task_solve:0.014301752671599388 - fc_opd/loss/degraded:0.0 - fc_opd/selection/degraded:0.0 - fc_opd/loss/free:0.0 - fc_opd/selection/free:0.0 - fc_opd/loss/task_visible:13.917016983032227 - fc_opd/selection/task_visible:0.01569562405347824 - fc_opd/loss/full:13.691543579101562 - fc_opd/selection/full:0.03873661905527115 - fc_opd/loss/task_infer:13.909927368164062 - fc_opd/selection/task_infer:0.031190544366836548 - fc_opd/loss/chunk/visible_evidence:0.0 - fc_opd/loss/chunk/diagram_inference:0.0 - fc_opd/loss/chunk/reasoning:1.3790605068206787 - fc_opd/loss/chunk/answer:0.0 - fc_opd/loss/total:13.80095386505127 - fc_opd/online/loss:13.80095386505127 - fc_opd/online/num_samples:16.0 - global_seqlen/min:3792 - global_seqlen/max:3933 - global_seqlen/minmax_diff:141 - global_seqlen/balanced_min:3862 - global_seqlen/balanced_max:3863 - global_seqlen/mean:3862.5 - actor/entropy:0.17159955203533173 - perf/mfu/actor_infer:0 - actor/pg_loss:0.0 - actor/kl_loss:0.0 - actor/fc_opd_loss:13.786143779754639 - actor/pg_clipfrac:0.0 - actor/ppo_kl:0.0 - actor/pg_clipfrac_lower:0.0 - actor/fc_opd_coef:0.009999999776482582 - actor/fc_opd_active_weight_mean:0.059096669778227806 - actor/grad_norm:0.16963528096675873 - perf/mfu/actor:0.054904304929118825 - perf/max_memory_allocated_gb:48.08001184463501 - perf/max_memory_reserved_gb:63.1015625 - perf/cpu_memory_used_gb:142.7185821533203 - actor/lr:2e-06 - training/global_step:4 - training/epoch:3 - critic/score/mean:1.0 - critic/score/max:1.0 - critic/score/min:1.0 - critic/rewards/mean:1.0 - critic/rewards/max:1.0 - critic/rewards/min:1.0 - critic/advantages/mean:0.0 - critic/advantages/max:0.0 - critic/advantages/min:0.0 - critic/returns/mean:0.0 - critic/returns/max:0.0 - critic/returns/min:0.0 - response_length/mean:302.8125 - response_length/max:388.0 - response_length/min:252.0 - response_length/clip_ratio:0.0 - response_length_non_aborted/mean:302.8125 - response_length_non_aborted/max:388.0 - response_length_non_aborted/min:252.0 - response_length_non_aborted/clip_ratio:0.0 - response/aborted_ratio:0.0 - prompt_length/mean:180.0 - prompt_length/max:180.0 - prompt_length/min:180.0 - prompt_length/clip_ratio:0.0 - num_turns/min:2 - num_turns/max:2 - num_turns/mean:2.0 - timing_s/start_profile:0.00022799521684646606 - timing_s/agent_loop/num_preempted/min:-1 - timing_s/agent_loop/num_preempted/max:-1 - timing_s/agent_loop/num_preempted/mean:-1.0 - timing_s/agent_loop/generate_sequences/min:4.412731049582362 - timing_s/agent_loop/generate_sequences/max:6.631991362199187 - timing_s/agent_loop/generate_sequences/mean:5.23959281318821 - timing_s/agent_loop/tool_calls/min:0.0 - timing_s/agent_loop/tool_calls/max:0.0 - timing_s/agent_loop/tool_calls/mean:0.0 - timing_s/agent_loop/slowest/generate_sequences:6.631991362199187 - timing_s/agent_loop/slowest/tool_calls:0.0 - timing_s/agent_loop/slowest/prompt_length:180 - timing_s/agent_loop/slowest/response_length:388 - timing_s/agent_loop/slowest/num_preempted:-1 - timing_s/gen:7.312172995880246 - timing_s/fc_opd:76.46164417080581 - timing_s/reward:1.971609890460968e-05 - timing_s/old_log_prob:0.6497000679373741 - timing_s/adv:0.0007712319493293762 - timing_s/update_actor:1.954329214990139 - timing_s/update_weights:2.4708757158368826 - timing_s/step:88.86157322116196 - timing_s/stop_profile:4.779547452926636e-05 - timing_per_token_ms/gen:1.5092204325862222 - timing_per_token_ms/update_actor:0.2529876006459727 - timing_per_token_ms/adv:9.983585104587395e-05 - perf/total_num_tokens:7725 - perf/time_per_step:88.86157322116196 - perf/throughput:43.46648230486385
[36m(TaskRunner pid=4169184)[0m step:5 - fc_opd/hook_loss:12.845823287963867 - fc_opd/hook_num_samples:16.0 - fc_opd/hook_active_weight:656.1994018554688 - fc_opd/loss/task_solve:14.079773902893066 - fc_opd/selection/task_solve:0.01768726482987404 - fc_opd/loss/degraded:0.0 - fc_opd/selection/degraded:0.0 - fc_opd/loss/free:0.0 - fc_opd/selection/free:0.0 - fc_opd/loss/task_visible:14.242901802062988 - fc_opd/selection/task_visible:0.017908906564116478 - fc_opd/loss/full:11.720870018005371 - fc_opd/selection/full:0.058200445026159286 - fc_opd/loss/task_infer:14.065431594848633 - fc_opd/selection/task_infer:0.046754807233810425 - fc_opd/loss/chunk/visible_evidence:0.0 - fc_opd/loss/chunk/diagram_inference:0.0 - fc_opd/loss/chunk/reasoning:1.8580307960510254 - fc_opd/loss/chunk/answer:0.0 - fc_opd/loss/total:12.845823287963867 - fc_opd/online/loss:12.845823287963867 - fc_opd/online/num_samples:16.0 - global_seqlen/min:3799 - global_seqlen/max:3859 - global_seqlen/minmax_diff:60 - global_seqlen/balanced_min:3829 - global_seqlen/balanced_max:3829 - global_seqlen/mean:3829.0 - actor/entropy:0.17510351538658142 - perf/mfu/actor_infer:0 - actor/pg_loss:-0.016205094754695892 - actor/kl_loss:0.0 - actor/fc_opd_loss:13.059404373168945 - actor/pg_clipfrac:0.0 - actor/ppo_kl:0.0 - actor/pg_clipfrac_lower:0.0 - actor/fc_opd_coef:0.009999999776482582 - actor/fc_opd_active_weight_mean:0.0801024679094553 - actor/grad_norm:2.3016302585601807 - perf/mfu/actor:0.054868414265107274 - perf/max_memory_allocated_gb:48.08001184463501 - perf/max_memory_reserved_gb:63.1015625 - perf/cpu_memory_used_gb:142.77735900878906 - actor/lr:2e-06 - training/global_step:5 - training/epoch:4 - critic/score/mean:0.9375 - critic/score/max:1.0 - critic/score/min:0.0 - critic/rewards/mean:0.9375 - critic/rewards/max:1.0 - critic/rewards/min:0.0 - critic/advantages/mean:0.016205091029405594 - critic/advantages/max:0.35355237126350403 - critic/advantages/min:-2.4748666286468506 - critic/returns/mean:0.016205091029405594 - critic/returns/max:0.35355237126350403 - critic/returns/min:-2.4748666286468506 - response_length/mean:298.625 - response_length/max:341.0 - response_length/min:244.0 - response_length/clip_ratio:0.0 - response_length_non_aborted/mean:298.625 - response_length_non_aborted/max:341.0 - response_length_non_aborted/min:244.0 - response_length_non_aborted/clip_ratio:0.0 - response/aborted_ratio:0.0 - prompt_length/mean:180.0 - prompt_length/max:180.0 - prompt_length/min:180.0 - prompt_length/clip_ratio:0.0 - num_turns/min:2 - num_turns/max:2 - num_turns/mean:2.0 - timing_s/start_profile:0.0002440977841615677 - timing_s/agent_loop/num_preempted/min:-1 - timing_s/agent_loop/num_preempted/max:-1 - timing_s/agent_loop/num_preempted/mean:-1.0 - timing_s/agent_loop/generate_sequences/min:4.251134198158979 - timing_s/agent_loop/generate_sequences/max:5.879024256020784 - timing_s/agent_loop/generate_sequences/mean:5.174110734369606 - timing_s/agent_loop/tool_calls/min:0.0 - timing_s/agent_loop/tool_calls/max:0.0 - timing_s/agent_loop/tool_calls/mean:0.0 - timing_s/agent_loop/slowest/generate_sequences:5.879024256020784 - timing_s/agent_loop/slowest/tool_calls:0.0 - timing_s/agent_loop/slowest/prompt_length:180 - timing_s/agent_loop/slowest/response_length:341 - timing_s/agent_loop/slowest/num_preempted:-1 - timing_s/gen:6.576250044628978 - timing_s/fc_opd:75.63873184099793 - timing_s/reward:2.278946340084076e-05 - timing_s/old_log_prob:0.661971352994442 - timing_s/adv:0.0007532145828008652 - timing_s/update_actor:1.949180368334055 - timing_s/update_weights:2.4498015213757753 - timing_s/step:87.28905943967402 - timing_s/stop_profile:4.427880048751831e-05 - timing_per_token_ms/gen:1.3763604111822891 - timing_per_token_ms/update_actor:0.2545286456429949 - timing_per_token_ms/adv:9.835656604868963e-05 - perf/total_num_tokens:7658 - perf/time_per_step:87.28905943967402 - perf/throughput:43.865749322757274[36m(TaskRunner pid=4169184)[0m Training Progress:   2%|▎         | 5/200 [07:38<4:52:45, 90.08s/it]
[36m(pid=1075584)[0m /inspire/hdd/global_user/mengweicheng-240108120092/lzy/fc-opd-storage/envs/fc-opd-verl071-cu128/lib/python3.12/site-packages/torch/cuda/__init__.py:63: FutureWarning: The pynvml package is deprecated. Please install nvidia-ml-py instead. If you did not install pynvml directly, please report this to the maintainers of the package that installed pynvml for you.
[36m(pid=1075584)[0m   import pynvml  # type: ignore[import]
[36m(pid=1075584)[0m /inspire/hdd/global_user/mengweicheng-240108120092/lzy/fc-opd-storage/envs/fc-opd-verl071-cu128/lib/python3.12/site-packages/transformers/utils/hub.py:110: FutureWarning: Using `TRANSFORMERS_CACHE` is deprecated and will be removed in v5 of Transformers. Use `HF_HOME` instead.
[36m(pid=1075584)[0m   warnings.warn(
[36m(_RayStudentScorerActor pid=1075584)[0m `torch_dtype` is deprecated! Use `dtype` instead!
[36m(_RayStudentScorerActor pid=1075584)[0m Loading checkpoint shards:   0%|          | 0/2 [00:00<?, ?it/s]
[36m(_RayStudentScorerActor pid=1075584)[0m Loading checkpoint shards:  50%|█████     | 1/2 [00:02<00:02,  2.73s/it]
[36m(_RayStudentScorerActor pid=1075584)[0m Loading checkpoint shards: 100%|██████████| 2/2 [00:04<00:00,  2.41s/it]Loading checkpoint shards: 100%|██████████| 2/2 [00:04<00:00,  2.46s/it]
[36m(TaskRunner pid=4169184)[0m WARNING:2026-06-30 01:49:47,998:2a694a4d-2be0-462a-b26e-86cd19143617/full: padding teacher scores (286 → 303 tokens).  Positions beyond teacher length get zero quality weight.
[36m(TaskRunner pid=4169184)[0m WARNING:2026-06-30 01:49:47,998:2a694a4d-2be0-462a-b26e-86cd19143617/degraded: padding teacher scores (286 → 303 tokens).  Positions beyond teacher length get zero quality weight.
[36m(TaskRunner pid=4169184)[0m WARNING:2026-06-30 01:49:47,999:2a694a4d-2be0-462a-b26e-86cd19143617/free: padding teacher scores (286 → 303 tokens).  Positions beyond teacher length get zero quality weight.
[36m(TaskRunner pid=4169184)[0m WARNING:2026-06-30 01:49:47,999:2a694a4d-2be0-462a-b26e-86cd19143617/task_visible: padding teacher scores (286 → 303 tokens).  Positions beyond teacher length get zero quality weight.
[36m(TaskRunner pid=4169184)[0m WARNING:2026-06-30 01:49:47,999:2a694a4d-2be0-462a-b26e-86cd19143617/task_infer: padding teacher scores (286 → 303 tokens).  Positions beyond teacher length get zero quality weight.
[36m(TaskRunner pid=4169184)[0m WARNING:2026-06-30 01:49:47,999:2a694a4d-2be0-462a-b26e-86cd19143617/task_solve: padding teacher scores (286 → 303 tokens).  Positions beyond teacher length get zero quality weight.
[36m(TaskRunner pid=4169184)[0m WARNING:2026-06-30 01:49:52,002:2a694a4d-2be0-462a-b26e-86cd19143617/full: padding teacher scores (286 → 300 tokens).  Positions beyond teacher length get zero quality weight.
[36m(TaskRunner pid=4169184)[0m WARNING:2026-06-30 01:49:52,003:2a694a4d-2be0-462a-b26e-86cd19143617/degraded: padding teacher scores (286 → 300 tokens).  Positions beyond teacher length get zero quality weight.
[36m(TaskRunner pid=4169184)[0m WARNING:2026-06-30 01:49:52,003:2a694a4d-2be0-462a-b26e-86cd19143617/free: padding teacher scores (286 → 300 tokens).  Positions beyond teacher length get zero quality weight.
[36m(TaskRunner pid=4169184)[0m WARNING:2026-06-30 01:49:52,003:2a694a4d-2be0-462a-b26e-86cd19143617/task_visible: padding teacher scores (286 → 300 tokens).  Positions beyond teacher length get zero quality weight.
[36m(TaskRunner pid=4169184)[0m WARNING:2026-06-30 01:49:52,003:2a694a4d-2be0-462a-b26e-86cd19143617/task_infer: padding teacher scores (286 → 300 tokens).  Positions beyond teacher length get zero quality weight.
[36m(TaskRunner pid=4169184)[0m WARNING:2026-06-30 01:49:52,003:2a694a4d-2be0-462a-b26e-86cd19143617/task_solve: padding teacher scores (286 → 300 tokens).  Positions beyond teacher length get zero quality weight.
[36m(TaskRunner pid=4169184)[0m WARNING:2026-06-30 01:49:55,997:2a694a4d-2be0-462a-b26e-86cd19143617/full: padding teacher scores (286 → 290 tokens).  Positions beyond teacher length get zero quality weight.
[36m(TaskRunner pid=4169184)[0m WARNING:2026-06-30 01:49:55,997:2a694a4d-2be0-462a-b26e-86cd19143617/degraded: padding teacher scores (286 → 290 tokens).  Positions beyond teacher length get zero quality weight.
[36m(TaskRunner pid=4169184)[0m WARNING:2026-06-30 01:49:55,997:2a694a4d-2be0-462a-b26e-86cd19143617/free: padding teacher scores (286 → 290 tokens).  Positions beyond teacher length get zero quality weight.
[36m(TaskRunner pid=4169184)[0m WARNING:2026-06-30 01:49:55,998:2a694a4d-2be0-462a-b26e-86cd19143617/task_visible: padding teacher scores (286 → 290 tokens).  Positions beyond teacher length get zero quality weight.
[36m(TaskRunner pid=4169184)[0m WARNING:2026-06-30 01:49:55,998:2a694a4d-2be0-462a-b26e-86cd19143617/task_infer: padding teacher scores (286 → 290 tokens).  Positions beyond teacher length get zero quality weight.
[36m(TaskRunner pid=4169184)[0m WARNING:2026-06-30 01:49:55,998:2a694a4d-2be0-462a-b26e-86cd19143617/task_solve: padding teacher scores (286 → 290 tokens).  Positions beyond teacher length get zero quality weight.
[36m(TaskRunner pid=4169184)[0m WARNING:2026-06-30 01:49:59,832:2a694a4d-2be0-462a-b26e-86cd19143617/full: trimming teacher scores (286 → 276 tokens).  This is expected to be rare (<1% of steps).
[36m(TaskRunner pid=4169184)[0m WARNING:2026-06-30 01:49:59,832:2a694a4d-2be0-462a-b26e-86cd19143617/degraded: trimming teacher scores (286 → 276 tokens).  This is expected to be rare (<1% of steps).
[36m(TaskRunner pid=4169184)[0m WARNING:2026-06-30 01:49:59,832:2a694a4d-2be0-462a-b26e-86cd19143617/free: trimming teacher scores (286 → 276 tokens).  This is expected to be rare (<1% of steps).
[36m(TaskRunner pid=4169184)[0m WARNING:2026-06-30 01:49:59,832:2a694a4d-2be0-462a-b26e-86cd19143617/task_visible: trimming teacher scores (286 → 276 tokens).  This is expected to be rare (<1% of steps).
[36m(TaskRunner pid=4169184)[0m WARNING:2026-06-30 01:49:59,832:2a694a4d-2be0-462a-b26e-86cd19143617/task_infer: trimming teacher scores (286 → 276 tokens).  This is expected to be rare (<1% of steps).
[36m(TaskRunner pid=4169184)[0m WARNING:2026-06-30 01:49:59,833:2a694a4d-2be0-462a-b26e-86cd19143617/task_solve: trimming teacher scores (286 → 276 tokens).  This is expected to be rare (<1% of steps).
[36m(TaskRunner pid=4169184)[0m WARNING:2026-06-30 01:50:03,515:2a694a4d-2be0-462a-b26e-86cd19143617/full: trimming teacher scores (286 → 268 tokens).  This is expected to be rare (<1% of steps).
[36m(TaskRunner pid=4169184)[0m WARNING:2026-06-30 01:50:03,515:2a694a4d-2be0-462a-b26e-86cd19143617/degraded: trimming teacher scores (286 → 268 tokens).  This is expected to be rare (<1% of steps).
[36m(TaskRunner pid=4169184)[0m WARNING:2026-06-30 01:50:03,515:2a694a4d-2be0-462a-b26e-86cd19143617/free: trimming teacher scores (286 → 268 tokens).  This is expected to be rare (<1% of steps).
[36m(TaskRunner pid=4169184)[0m WARNING:2026-06-30 01:50:03,515:2a694a4d-2be0-462a-b26e-86cd19143617/task_visible: trimming teacher scores (286 → 268 tokens).  This is expected to be rare (<1% of steps).
[36m(TaskRunner pid=4169184)[0m WARNING:2026-06-30 01:50:03,515:2a694a4d-2be0-462a-b26e-86cd19143617/task_infer: trimming teacher scores (286 → 268 tokens).  This is expected to be rare (<1% of steps).
[36m(TaskRunner pid=4169184)[0m WARNING:2026-06-30 01:50:03,516:2a694a4d-2be0-462a-b26e-86cd19143617/task_solve: trimming teacher scores (286 → 268 tokens).  This is expected to be rare (<1% of steps).
[36m(TaskRunner pid=4169184)[0m WARNING:2026-06-30 01:50:07,085:2a694a4d-2be0-462a-b26e-86cd19143617/full: trimming teacher scores (286 → 276 tokens).  This is expected to be rare (<1% of steps).
[36m(TaskRunner pid=4169184)[0m WARNING:2026-06-30 01:50:07,086:2a694a4d-2be0-462a-b26e-86cd19143617/degraded: trimming teacher scores (286 → 276 tokens).  This is expected to be rare (<1% of steps).
[36m(TaskRunner pid=4169184)[0m WARNING:2026-06-30 01:50:07,086:2a694a4d-2be0-462a-b26e-86cd19143617/free: trimming teacher scores (286 → 276 tokens).  This is expected to be rare (<1% of steps).
[36m(TaskRunner pid=4169184)[0m WARNING:2026-06-30 01:50:07,086:2a694a4d-2be0-462a-b26e-86cd19143617/task_visible: trimming teacher scores (286 → 276 tokens).  This is expected to be rare (<1% of steps).
[36m(TaskRunner pid=4169184)[0m WARNING:2026-06-30 01:50:07,086:2a694a4d-2be0-462a-b26e-86cd19143617/task_infer: trimming teacher scores (286 → 276 tokens).  This is expected to be rare (<1% of steps).
[36m(TaskRunner pid=4169184)[0m WARNING:2026-06-30 01:50:07,086:2a694a4d-2be0-462a-b26e-86cd19143617/task_solve: trimming teacher scores (286 → 276 tokens).  This is expected to be rare (<1% of steps).
[36m(TaskRunner pid=4169184)[0m WARNING:2026-06-30 01:50:10,727:2a694a4d-2be0-462a-b26e-86cd19143617/full: padding teacher scores (286 → 342 tokens).  Positions beyond teacher length get zero quality weight.
[36m(TaskRunner pid=4169184)[0m WARNING:2026-06-30 01:50:10,728:2a694a4d-2be0-462a-b26e-86cd19143617/degraded: padding teacher scores (286 → 342 tokens).  Positions beyond teacher length get zero quality weight.
[36m(TaskRunner pid=4169184)[0m WARNING:2026-06-30 01:50:10,728:2a694a4d-2be0-462a-b26e-86cd19143617/free: padding teacher scores (286 → 342 tokens).  Positions beyond teacher length get zero quality weight.
[36m(TaskRunner pid=4169184)[0m WARNING:2026-06-30 01:50:10,728:2a694a4d-2be0-462a-b26e-86cd19143617/task_visible: padding teacher scores (286 → 342 tokens).  Positions beyond teacher length get zero quality weight.
[36m(TaskRunner pid=4169184)[0m WARNING:2026-06-30 01:50:10,728:2a694a4d-2be0-462a-b26e-86cd19143617/task_infer: padding teacher scores (286 → 342 tokens).  Positions beyond teacher length get zero quality weight.
[36m(TaskRunner pid=4169184)[0m WARNING:2026-06-30 01:50:10,728:2a694a4d-2be0-462a-b26e-86cd19143617/task_solve: padding teacher scores (286 → 342 tokens).  Positions beyond teacher length get zero quality weight.
[36m(TaskRunner pid=4169184)[0m WARNING:2026-06-30 01:50:18,467:58e436fb-8ee5-4479-9fa9-b42c3be56741/full: padding teacher scores (244 → 374 tokens).  Positions beyond teacher length get zero quality weight.
[36m(TaskRunner pid=4169184)[0m WARNING:2026-06-30 01:50:18,468:58e436fb-8ee5-4479-9fa9-b42c3be56741/degraded: padding teacher scores (244 → 374 tokens).  Positions beyond teacher length get zero quality weight.
[36m(TaskRunner pid=4169184)[0m WARNING:2026-06-30 01:50:18,468:58e436fb-8ee5-4479-9fa9-b42c3be56741/free: padding teacher scores (244 → 374 tokens).  Positions beyond teacher length get zero quality weight.
[36m(TaskRunner pid=4169184)[0m WARNING:2026-06-30 01:50:18,468:58e436fb-8ee5-4479-9fa9-b42c3be56741/task_visible: padding teacher scores (244 → 374 tokens).  Positions beyond teacher length get zero quality weight.
[36m(TaskRunner pid=4169184)[0m WARNING:2026-06-30 01:50:18,468:58e436fb-8ee5-4479-9fa9-b42c3be56741/task_infer: padding teacher scores (244 → 374 tokens).  Positions beyond teacher length get zero quality weight.
[36m(TaskRunner pid=4169184)[0m WARNING:2026-06-30 01:50:18,468:58e436fb-8ee5-4479-9fa9-b42c3be56741/task_solve: padding teacher scores (244 → 374 tokens).  Positions beyond teacher length get zero quality weight.
[36m(TaskRunner pid=4169184)[0m WARNING:2026-06-30 01:50:23,345:58e436fb-8ee5-4479-9fa9-b42c3be56741/full: padding teacher scores (244 → 278 tokens).  Positions beyond teacher length get zero quality weight.
[36m(TaskRunner pid=4169184)[0m WARNING:2026-06-30 01:50:23,345:58e436fb-8ee5-4479-9fa9-b42c3be56741/degraded: padding teacher scores (244 → 278 tokens).  Positions beyond teacher length get zero quality weight.
[36m(TaskRunner pid=4169184)[0m WARNING:2026-06-30 01:50:23,345:58e436fb-8ee5-4479-9fa9-b42c3be56741/free: padding teacher scores (244 → 278 tokens).  Positions beyond teacher length get zero quality weight.
[36m(TaskRunner pid=4169184)[0m WARNING:2026-06-30 01:50:23,345:58e436fb-8ee5-4479-9fa9-b42c3be56741/task_visible: padding teacher scores (244 → 278 tokens).  Positions beyond teacher length get zero quality weight.
[36m(TaskRunner pid=4169184)[0m WARNING:2026-06-30 01:50:23,346:58e436fb-8ee5-4479-9fa9-b42c3be56741/task_infer: padding teacher scores (244 → 278 tokens).  Positions beyond teacher length get zero quality weight.
[36m(TaskRunner pid=4169184)[0m WARNING:2026-06-30 01:50:23,346:58e436fb-8ee5-4479-9fa9-b42c3be56741/task_solve: padding teacher scores (244 → 278 tokens).  Positions beyond teacher length get zero quality weight.
[36m(TaskRunner pid=4169184)[0m WARNING:2026-06-30 01:50:27,001:58e436fb-8ee5-4479-9fa9-b42c3be56741/full: padding teacher scores (244 → 298 tokens).  Positions beyond teacher length get zero quality weight.
[36m(TaskRunner pid=4169184)[0m WARNING:2026-06-30 01:50:27,001:58e436fb-8ee5-4479-9fa9-b42c3be56741/degraded: padding teacher scores (244 → 298 tokens).  Positions beyond teacher length get zero quality weight.
[36m(TaskRunner pid=4169184)[0m WARNING:2026-06-30 01:50:27,002:58e436fb-8ee5-4479-9fa9-b42c3be56741/free: padding teacher scores (244 → 298 tokens).  Positions beyond teacher length get zero quality weight.
[36m(TaskRunner pid=4169184)[0m WARNING:2026-06-30 01:50:27,002:58e436fb-8ee5-4479-9fa9-b42c3be56741/task_visible: padding teacher scores (244 → 298 tokens).  Positions beyond teacher length get zero quality weight.
[36m(TaskRunner pid=4169184)[0m WARNING:2026-06-30 01:50:27,002:58e436fb-8ee5-4479-9fa9-b42c3be56741/task_infer: padding teacher scores (244 → 298 tokens).  Positions beyond teacher length get zero quality weight.
[36m(TaskRunner pid=4169184)[0m WARNING:2026-06-30 01:50:27,002:58e436fb-8ee5-4479-9fa9-b42c3be56741/task_solve: padding teacher scores (244 → 298 tokens).  Positions beyond teacher length get zero quality weight.
[36m(TaskRunner pid=4169184)[0m WARNING:2026-06-30 01:50:30,921:58e436fb-8ee5-4479-9fa9-b42c3be56741/full: padding teacher scores (244 → 314 tokens).  Positions beyond teacher length get zero quality weight.
[36m(TaskRunner pid=4169184)[0m WARNING:2026-06-30 01:50:30,921:58e436fb-8ee5-4479-9fa9-b42c3be56741/degraded: padding teacher scores (244 → 314 tokens).  Positions beyond teacher length get zero quality weight.
[36m(TaskRunner pid=4169184)[0m WARNING:2026-06-30 01:50:30,921:58e436fb-8ee5-4479-9fa9-b42c3be56741/free: padding teacher scores (244 → 314 tokens).  Positions beyond teacher length get zero quality weight.
[36m(TaskRunner pid=4169184)[0m WARNING:2026-06-30 01:50:30,922:58e436fb-8ee5-4479-9fa9-b42c3be56741/task_visible: padding teacher scores (244 → 314 tokens).  Positions beyond teacher length get zero quality weight.
[36m(TaskRunner pid=4169184)[0m WARNING:2026-06-30 01:50:30,922:58e436fb-8ee5-4479-9fa9-b42c3be56741/task_infer: padding teacher scores (244 → 314 tokens).  Positions beyond teacher length get zero quality weight.
[36m(TaskRunner pid=4169184)[0m WARNING:2026-06-30 01:50:30,922:58e436fb-8ee5-4479-9fa9-b42c3be56741/task_solve: padding teacher scores (244 → 314 tokens).  Positions beyond teacher length get zero quality weight.
[36m(TaskRunner pid=4169184)[0m WARNING:2026-06-30 01:50:35,106:58e436fb-8ee5-4479-9fa9-b42c3be56741/full: padding teacher scores (244 → 310 tokens).  Positions beyond teacher length get zero quality weight.
[36m(TaskRunner pid=4169184)[0m WARNING:2026-06-30 01:50:35,107:58e436fb-8ee5-4479-9fa9-b42c3be56741/degraded: padding teacher scores (244 → 310 tokens).  Positions beyond teacher length get zero quality weight.
[36m(TaskRunner pid=4169184)[0m WARNING:2026-06-30 01:50:35,107:58e436fb-8ee5-4479-9fa9-b42c3be56741/free: padding teacher scores (244 → 310 tokens).  Positions beyond teacher length get zero quality weight.
[36m(TaskRunner pid=4169184)[0m WARNING:2026-06-30 01:50:35,107:58e436fb-8ee5-4479-9fa9-b42c3be56741/task_visible: padding teacher scores (244 → 310 tokens).  Positions beyond teacher length get zero quality weight.
[36m(TaskRunner pid=4169184)[0m WARNING:2026-06-30 01:50:35,108:58e436fb-8ee5-4479-9fa9-b42c3be56741/task_infer: padding teacher scores (244 → 310 tokens).  Positions beyond teacher length get zero quality weight.
[36m(TaskRunner pid=4169184)[0m WARNING:2026-06-30 01:50:35,108:58e436fb-8ee5-4479-9fa9-b42c3be56741/task_solve: padding teacher scores (244 → 310 tokens).  Positions beyond teacher length get zero quality weight.
[36m(TaskRunner pid=4169184)[0m WARNING:2026-06-30 01:50:39,231:58e436fb-8ee5-4479-9fa9-b42c3be56741/full: padding teacher scores (244 → 297 tokens).  Positions beyond teacher length get zero quality weight.
[36m(TaskRunner pid=4169184)[0m WARNING:2026-06-30 01:50:39,232:58e436fb-8ee5-4479-9fa9-b42c3be56741/degraded: padding teacher scores (244 → 297 tokens).  Positions beyond teacher length get zero quality weight.
[36m(TaskRunner pid=4169184)[0m WARNING:2026-06-30 01:50:39,232:58e436fb-8ee5-4479-9fa9-b42c3be56741/free: padding teacher scores (244 → 297 tokens).  Positions beyond teacher length get zero quality weight.
[36m(TaskRunner pid=4169184)[0m WARNING:2026-06-30 01:50:39,232:58e436fb-8ee5-4479-9fa9-b42c3be56741/task_visible: padding teacher scores (244 → 297 tokens).  Positions beyond teacher length get zero quality weight.
[36m(TaskRunner pid=4169184)[0m WARNING:2026-06-30 01:50:39,232:58e436fb-8ee5-4479-9fa9-b42c3be56741/task_infer: padding teacher scores (244 → 297 tokens).  Positions beyond teacher length get zero quality weight.
[36m(TaskRunner pid=4169184)[0m WARNING:2026-06-30 01:50:39,232:58e436fb-8ee5-4479-9fa9-b42c3be56741/task_solve: padding teacher scores (244 → 297 tokens).  Positions beyond teacher length get zero quality weight.
[36m(TaskRunner pid=4169184)[0m WARNING:2026-06-30 01:50:43,156:58e436fb-8ee5-4479-9fa9-b42c3be56741/full: padding teacher scores (244 → 285 tokens).  Positions beyond teacher length get zero quality weight.
[36m(TaskRunner pid=4169184)[0m WARNING:2026-06-30 01:50:43,156:58e436fb-8ee5-4479-9fa9-b42c3be56741/degraded: padding teacher scores (244 → 285 tokens).  Positions beyond teacher length get zero quality weight.
[36m(TaskRunner pid=4169184)[0m WARNING:2026-06-30 01:50:43,156:58e436fb-8ee5-4479-9fa9-b42c3be56741/free: padding teacher scores (244 → 285 tokens).  Positions beyond teacher length get zero quality weight.
[36m(TaskRunner pid=4169184)[0m WARNING:2026-06-30 01:50:43,157:58e436fb-8ee5-4479-9fa9-b42c3be56741/task_visible: padding teacher scores (244 → 285 tokens).  Positions beyond teacher length get zero quality weight.
[36m(TaskRunner pid=4169184)[0m WARNING:2026-06-30 01:50:43,157:58e436fb-8ee5-4479-9fa9-b42c3be56741/task_infer: padding teacher scores (244 → 285 tokens).  Positions beyond teacher length get zero quality weight.
[36m(TaskRunner pid=4169184)[0m WARNING:2026-06-30 01:50:43,157:58e436fb-8ee5-4479-9fa9-b42c3be56741/task_solve: padding teacher scores (244 → 285 tokens).  Positions beyond teacher length get zero quality weight.
[36m(WorkerDict pid=79157)[0m INFO:2026-06-30 01:50:51,530:update_weights done, time cost: 0.46s
[36m(TaskRunner pid=4169184)[0m Training Progress:   3%|▎         | 6/200 [09:06<4:48:59, 89.38s/it]
[36m(pid=1243817)[0m /inspire/hdd/global_user/mengweicheng-240108120092/lzy/fc-opd-storage/envs/fc-opd-verl071-cu128/lib/python3.12/site-packages/torch/cuda/__init__.py:63: FutureWarning: The pynvml package is deprecated. Please install nvidia-ml-py instead. If you did not install pynvml directly, please report this to the maintainers of the package that installed pynvml for you.
[36m(pid=1243817)[0m   import pynvml  # type: ignore[import]
[36m(pid=1243817)[0m /inspire/hdd/global_user/mengweicheng-240108120092/lzy/fc-opd-storage/envs/fc-opd-verl071-cu128/lib/python3.12/site-packages/transformers/utils/hub.py:110: FutureWarning: Using `TRANSFORMERS_CACHE` is deprecated and will be removed in v5 of Transformers. Use `HF_HOME` instead.
[36m(pid=1243817)[0m   warnings.warn(
[36m(_RayStudentScorerActor pid=1243817)[0m `torch_dtype` is deprecated! Use `dtype` instead!
[36m(_RayStudentScorerActor pid=1243817)[0m Loading checkpoint shards:   0%|          | 0/2 [00:00<?, ?it/s]
[36m(_RayStudentScorerActor pid=1243817)[0m Loading checkpoint shards:  50%|█████     | 1/2 [00:02<00:02,  2.76s/it]
[36m(_RayStudentScorerActor pid=1243817)[0m Loading checkpoint shards: 100%|██████████| 2/2 [00:04<00:00,  2.43s/it]Loading checkpoint shards: 100%|██████████| 2/2 [00:04<00:00,  2.48s/it]
[36m(TaskRunner pid=4169184)[0m WARNING:2026-06-30 01:51:15,530:1a815109-86af-4caa-be2b-c99afe445656/full: padding teacher scores (264 → 321 tokens).  Positions beyond teacher length get zero quality weight.
[36m(TaskRunner pid=4169184)[0m WARNING:2026-06-30 01:51:15,530:1a815109-86af-4caa-be2b-c99afe445656/degraded: padding teacher scores (264 → 321 tokens).  Positions beyond teacher length get zero quality weight.
[36m(TaskRunner pid=4169184)[0m WARNING:2026-06-30 01:51:15,530:1a815109-86af-4caa-be2b-c99afe445656/free: padding teacher scores (264 → 321 tokens).  Positions beyond teacher length get zero quality weight.
[36m(TaskRunner pid=4169184)[0m WARNING:2026-06-30 01:51:15,530:1a815109-86af-4caa-be2b-c99afe445656/task_visible: padding teacher scores (264 → 321 tokens).  Positions beyond teacher length get zero quality weight.
[36m(TaskRunner pid=4169184)[0m WARNING:2026-06-30 01:51:15,531:1a815109-86af-4caa-be2b-c99afe445656/task_infer: padding teacher scores (264 → 321 tokens).  Positions beyond teacher length get zero quality weight.
[36m(TaskRunner pid=4169184)[0m WARNING:2026-06-30 01:51:15,531:1a815109-86af-4caa-be2b-c99afe445656/task_solve: padding teacher scores (264 → 321 tokens).  Positions beyond teacher length get zero quality weight.
[36m(TaskRunner pid=4169184)[0m WARNING:2026-06-30 01:51:19,797:1a815109-86af-4caa-be2b-c99afe445656/full: padding teacher scores (264 → 370 tokens).  Positions beyond teacher length get zero quality weight.
[36m(TaskRunner pid=4169184)[0m WARNING:2026-06-30 01:51:19,797:1a815109-86af-4caa-be2b-c99afe445656/degraded: padding teacher scores (264 → 370 tokens).  Positions beyond teacher length get zero quality weight.
[36m(TaskRunner pid=4169184)[0m WARNING:2026-06-30 01:51:19,797:1a815109-86af-4caa-be2b-c99afe445656/free: padding teacher scores (264 → 370 tokens).  Positions beyond teacher length get zero quality weight.
[36m(TaskRunner pid=4169184)[0m WARNING:2026-06-30 01:51:19,798:1a815109-86af-4caa-be2b-c99afe445656/task_visible: padding teacher scores (264 → 370 tokens).  Positions beyond teacher length get zero quality weight.
[36m(TaskRunner pid=4169184)[0m WARNING:2026-06-30 01:51:19,798:1a815109-86af-4caa-be2b-c99afe445656/task_infer: padding teacher scores (264 → 370 tokens).  Positions beyond teacher length get zero quality weight.
[36m(TaskRunner pid=4169184)[0m WARNING:2026-06-30 01:51:19,798:1a815109-86af-4caa-be2b-c99afe445656/task_solve: padding teacher scores (264 → 370 tokens).  Positions beyond teacher length get zero quality weight.
[36m(TaskRunner pid=4169184)[0m WARNING:2026-06-30 01:51:24,717:1a815109-86af-4caa-be2b-c99afe445656/full: padding teacher scores (264 → 315 tokens).  Positions beyond teacher length get zero quality weight.
[36m(TaskRunner pid=4169184)[0m WARNING:2026-06-30 01:51:24,718:1a815109-86af-4caa-be2b-c99afe445656/degraded: padding teacher scores (264 → 315 tokens).  Positions beyond teacher length get zero quality weight.
[36m(TaskRunner pid=4169184)[0m WARNING:2026-06-30 01:51:24,718:1a815109-86af-4caa-be2b-c99afe445656/free: padding teacher scores (264 → 315 tokens).  Positions beyond teacher length get zero quality weight.
[36m(TaskRunner pid=4169184)[0m WARNING:2026-06-30 01:51:24,718:1a815109-86af-4caa-be2b-c99afe445656/task_visible: padding teacher scores (264 → 315 tokens).  Positions beyond teacher length get zero quality weight.
[36m(TaskRunner pid=4169184)[0m WARNING:2026-06-30 01:51:24,718:1a815109-86af-4caa-be2b-c99afe445656/task_infer: padding teacher scores (264 → 315 tokens).  Positions beyond teacher length get zero quality weight.
[36m(TaskRunner pid=4169184)[0m WARNING:2026-06-30 01:51:24,718:1a815109-86af-4caa-be2b-c99afe445656/task_solve: padding teacher scores (264 → 315 tokens).  Positions beyond teacher length get zero quality weight.
[36m(TaskRunner pid=4169184)[0m WARNING:2026-06-30 01:51:28,942:1a815109-86af-4caa-be2b-c99afe445656/full: trimming teacher scores (264 → 234 tokens).  This is expected to be rare (<1% of steps).
[36m(TaskRunner pid=4169184)[0m WARNING:2026-06-30 01:51:28,942:1a815109-86af-4caa-be2b-c99afe445656/degraded: trimming teacher scores (264 → 234 tokens).  This is expected to be rare (<1% of steps).
[36m(TaskRunner pid=4169184)[0m WARNING:2026-06-30 01:51:28,942:1a815109-86af-4caa-be2b-c99afe445656/free: trimming teacher scores (264 → 234 tokens).  This is expected to be rare (<1% of steps).
[36m(TaskRunner pid=4169184)[0m WARNING:2026-06-30 01:51:28,943:1a815109-86af-4caa-be2b-c99afe445656/task_visible: trimming teacher scores (264 → 234 tokens).  This is expected to be rare (<1% of steps).
[36m(TaskRunner pid=4169184)[0m WARNING:2026-06-30 01:51:28,943:1a815109-86af-4caa-be2b-c99afe445656/task_infer: trimming teacher scores (264 → 234 tokens).  This is expected to be rare (<1% of steps).
[36m(TaskRunner pid=4169184)[0m WARNING:2026-06-30 01:51:28,943:1a815109-86af-4caa-be2b-c99afe445656/task_solve: trimming teacher scores (264 → 234 tokens).  This is expected to be rare (<1% of steps).
[36m(TaskRunner pid=4169184)[0m WARNING:2026-06-30 01:51:31,985:1a815109-86af-4caa-be2b-c99afe445656/full: padding teacher scores (264 → 289 tokens).  Positions beyond teacher length get zero quality weight.
[36m(TaskRunner pid=4169184)[0m WARNING:2026-06-30 01:51:31,986:1a815109-86af-4caa-be2b-c99afe445656/degraded: padding teacher scores (264 → 289 tokens).  Positions beyond teacher length get zero quality weight.
[36m(TaskRunner pid=4169184)[0m WARNING:2026-06-30 01:51:31,986:1a815109-86af-4caa-be2b-c99afe445656/free: padding teacher scores (264 → 289 tokens).  Positions beyond teacher length get zero quality weight.
[36m(TaskRunner pid=4169184)[0m WARNING:2026-06-30 01:51:31,986:1a815109-86af-4caa-be2b-c99afe445656/task_visible: padding teacher scores (264 → 289 tokens).  Positions beyond teacher length get zero quality weight.
[36m(TaskRunner pid=4169184)[0m WARNING:2026-06-30 01:51:31,986:1a815109-86af-4caa-be2b-c99afe445656/task_infer: padding teacher scores (264 → 289 tokens).  Positions beyond teacher length get zero quality weight.
[36m(TaskRunner pid=4169184)[0m WARNING:2026-06-30 01:51:31,986:1a815109-86af-4caa-be2b-c99afe445656/task_solve: padding teacher scores (264 → 289 tokens).  Positions beyond teacher length get zero quality weight.
[36m(TaskRunner pid=4169184)[0m WARNING:2026-06-30 01:51:35,840:1a815109-86af-4caa-be2b-c99afe445656/full: padding teacher scores (264 → 388 tokens).  Positions beyond teacher length get zero quality weight.
[36m(TaskRunner pid=4169184)[0m WARNING:2026-06-30 01:51:35,840:1a815109-86af-4caa-be2b-c99afe445656/degraded: padding teacher scores (264 → 388 tokens).  Positions beyond teacher length get zero quality weight.
[36m(TaskRunner pid=4169184)[0m WARNING:2026-06-30 01:51:35,840:1a815109-86af-4caa-be2b-c99afe445656/free: padding teacher scores (264 → 388 tokens).  Positions beyond teacher length get zero quality weight.
[36m(TaskRunner pid=4169184)[0m WARNING:2026-06-30 01:51:35,841:1a815109-86af-4caa-be2b-c99afe445656/task_visible: padding teacher scores (264 → 388 tokens).  Positions beyond teacher length get zero quality weight.
[36m(TaskRunner pid=4169184)[0m WARNING:2026-06-30 01:51:35,841:1a815109-86af-4caa-be2b-c99afe445656/task_infer: padding teacher scores (264 → 388 tokens).  Positions beyond teacher length get zero quality weight.
[36m(TaskRunner pid=4169184)[0m WARNING:2026-06-30 01:51:35,841:1a815109-86af-4caa-be2b-c99afe445656/task_solve: padding teacher scores (264 → 388 tokens).  Positions beyond teacher length get zero quality weight.
[36m(TaskRunner pid=4169184)[0m WARNING:2026-06-30 01:51:40,892:1a815109-86af-4caa-be2b-c99afe445656/full: padding teacher scores (264 → 286 tokens).  Positions beyond teacher length get zero quality weight.
[36m(TaskRunner pid=4169184)[0m WARNING:2026-06-30 01:51:40,892:1a815109-86af-4caa-be2b-c99afe445656/degraded: padding teacher scores (264 → 286 tokens).  Positions beyond teacher length get zero quality weight.
[36m(TaskRunner pid=4169184)[0m WARNING:2026-06-30 01:51:40,892:1a815109-86af-4caa-be2b-c99afe445656/free: padding teacher scores (264 → 286 tokens).  Positions beyond teacher length get zero quality weight.
[36m(TaskRunner pid=4169184)[0m WARNING:2026-06-30 01:51:40,892:1a815109-86af-4caa-be2b-c99afe445656/task_visible: padding teacher scores (264 → 286 tokens).  Positions beyond teacher length get zero quality weight.
[36m(TaskRunner pid=4169184)[0m WARNING:2026-06-30 01:51:40,892:1a815109-86af-4caa-be2b-c99afe445656/task_infer: padding teacher scores (264 → 286 tokens).  Positions beyond teacher length get zero quality weight.
[36m(TaskRunner pid=4169184)[0m WARNING:2026-06-30 01:51:40,893:1a815109-86af-4caa-be2b-c99afe445656/task_solve: padding teacher scores (264 → 286 tokens).  Positions beyond teacher length get zero quality weight.
[36m(TaskRunner pid=4169184)[0m WARNING:2026-06-30 01:51:48,736:56660b3c-f13d-4381-9a08-bd8d7ea25d30/full: padding teacher scores (305 → 367 tokens).  Positions beyond teacher length get zero quality weight.
[36m(TaskRunner pid=4169184)[0m WARNING:2026-06-30 01:51:48,736:56660b3c-f13d-4381-9a08-bd8d7ea25d30/degraded: padding teacher scores (305 → 367 tokens).  Positions beyond teacher length get zero quality weight.
[36m(TaskRunner pid=4169184)[0m WARNING:2026-06-30 01:51:48,737:56660b3c-f13d-4381-9a08-bd8d7ea25d30/free: padding teacher scores (305 → 367 tokens).  Positions beyond teacher length get zero quality weight.
[36m(TaskRunner pid=4169184)[0m WARNING:2026-06-30 01:51:48,737:56660b3c-f13d-4381-9a08-bd8d7ea25d30/task_visible: padding teacher scores (305 → 367 tokens).  Positions beyond teacher length get zero quality weight.
[36m(TaskRunner pid=4169184)[0m WARNING:2026-06-30 01:51:48,737:56660b3c-f13d-4381-9a08-bd8d7ea25d30/task_infer: padding teacher scores (305 → 367 tokens).  Positions beyond teacher length get zero quality weight.
[36m(TaskRunner pid=4169184)[0m WARNING:2026-06-30 01:51:48,737:56660b3c-f13d-4381-9a08-bd8d7ea25d30/task_solve: padding teacher scores (305 → 367 tokens).  Positions beyond teacher length get zero quality weight.
[36m(TaskRunner pid=4169184)[0m WARNING:2026-06-30 01:51:53,533:56660b3c-f13d-4381-9a08-bd8d7ea25d30/full: trimming teacher scores (305 → 263 tokens).  This is expected to be rare (<1% of steps).
[36m(TaskRunner pid=4169184)[0m WARNING:2026-06-30 01:51:53,533:56660b3c-f13d-4381-9a08-bd8d7ea25d30/degraded: trimming teacher scores (305 → 263 tokens).  This is expected to be rare (<1% of steps).
[36m(TaskRunner pid=4169184)[0m WARNING:2026-06-30 01:51:53,533:56660b3c-f13d-4381-9a08-bd8d7ea25d30/free: trimming teacher scores (305 → 263 tokens).  This is expected to be rare (<1% of steps).
[36m(TaskRunner pid=4169184)[0m WARNING:2026-06-30 01:51:53,534:56660b3c-f13d-4381-9a08-bd8d7ea25d30/task_visible: trimming teacher scores (305 → 263 tokens).  This is expected to be rare (<1% of steps).
[36m(TaskRunner pid=4169184)[0m WARNING:2026-06-30 01:51:53,534:56660b3c-f13d-4381-9a08-bd8d7ea25d30/task_infer: trimming teacher scores (305 → 263 tokens).  This is expected to be rare (<1% of steps).
[36m(TaskRunner pid=4169184)[0m WARNING:2026-06-30 01:51:53,534:56660b3c-f13d-4381-9a08-bd8d7ea25d30/task_solve: trimming teacher scores (305 → 263 tokens).  This is expected to be rare (<1% of steps).
[36m(TaskRunner pid=4169184)[0m WARNING:2026-06-30 01:51:57,109:56660b3c-f13d-4381-9a08-bd8d7ea25d30/full: padding teacher scores (305 → 325 tokens).  Positions beyond teacher length get zero quality weight.
[36m(TaskRunner pid=4169184)[0m WARNING:2026-06-30 01:51:57,109:56660b3c-f13d-4381-9a08-bd8d7ea25d30/degraded: padding teacher scores (305 → 325 tokens).  Positions beyond teacher length get zero quality weight.
[36m(TaskRunner pid=4169184)[0m WARNING:2026-06-30 01:51:57,109:56660b3c-f13d-4381-9a08-bd8d7ea25d30/free: padding teacher scores (305 → 325 tokens).  Positions beyond teacher length get zero quality weight.
[36m(TaskRunner pid=4169184)[0m WARNING:2026-06-30 01:51:57,110:56660b3c-f13d-4381-9a08-bd8d7ea25d30/task_visible: padding teacher scores (305 → 325 tokens).  Positions beyond teacher length get zero quality weight.
[36m(TaskRunner pid=4169184)[0m WARNING:2026-06-30 01:51:57,110:56660b3c-f13d-4381-9a08-bd8d7ea25d30/task_infer: padding teacher scores (305 → 325 tokens).  Positions beyond teacher length get zero quality weight.
[36m(TaskRunner pid=4169184)[0m WARNING:2026-06-30 01:51:57,110:56660b3c-f13d-4381-9a08-bd8d7ea25d30/task_solve: padding teacher scores (305 → 325 tokens).  Positions beyond teacher length get zero quality weight.
[36m(TaskRunner pid=4169184)[0m WARNING:2026-06-30 01:52:01,356:56660b3c-f13d-4381-9a08-bd8d7ea25d30/full: padding teacher scores (305 → 344 tokens).  Positions beyond teacher length get zero quality weight.
[36m(TaskRunner pid=4169184)[0m WARNING:2026-06-30 01:52:01,356:56660b3c-f13d-4381-9a08-bd8d7ea25d30/degraded: padding teacher scores (305 → 344 tokens).  Positions beyond teacher length get zero quality weight.
[36m(TaskRunner pid=4169184)[0m WARNING:2026-06-30 01:52:01,356:56660b3c-f13d-4381-9a08-bd8d7ea25d30/free: padding teacher scores (305 → 344 tokens).  Positions beyond teacher length get zero quality weight.
[36m(TaskRunner pid=4169184)[0m WARNING:2026-06-30 01:52:01,356:56660b3c-f13d-4381-9a08-bd8d7ea25d30/task_visible: padding teacher scores (305 → 344 tokens).  Positions beyond teacher length get zero quality weight.
[36m(TaskRunner pid=4169184)[0m WARNING:2026-06-30 01:52:01,357:56660b3c-f13d-4381-9a08-bd8d7ea25d30/task_infer: padding teacher scores (305 → 344 tokens).  Positions beyond teacher length get zero quality weight.
[36m(TaskRunner pid=4169184)[0m WARNING:2026-06-30 01:52:01,357:56660b3c-f13d-4381-9a08-bd8d7ea25d30/task_solve: padding teacher scores (305 → 344 tokens).  Positions beyond teacher length get zero quality weight.
[36m(TaskRunner pid=4169184)[0m WARNING:2026-06-30 01:52:05,848:56660b3c-f13d-4381-9a08-bd8d7ea25d30/full: trimming teacher scores (305 → 288 tokens).  This is expected to be rare (<1% of steps).
[36m(TaskRunner pid=4169184)[0m WARNING:2026-06-30 01:52:05,848:56660b3c-f13d-4381-9a08-bd8d7ea25d30/degraded: trimming teacher scores (305 → 288 tokens).  This is expected to be rare (<1% of steps).
[36m(TaskRunner pid=4169184)[0m WARNING:2026-06-30 01:52:05,848:56660b3c-f13d-4381-9a08-bd8d7ea25d30/free: trimming teacher scores (305 → 288 tokens).  This is expected to be rare (<1% of steps).
[36m(TaskRunner pid=4169184)[0m WARNING:2026-06-30 01:52:05,848:56660b3c-f13d-4381-9a08-bd8d7ea25d30/task_visible: trimming teacher scores (305 → 288 tokens).  This is expected to be rare (<1% of steps).
[36m(TaskRunner pid=4169184)[0m WARNING:2026-06-30 01:52:05,849:56660b3c-f13d-4381-9a08-bd8d7ea25d30/task_infer: trimming teacher scores (305 → 288 tokens).  This is expected to be rare (<1% of steps).
[36m(TaskRunner pid=4169184)[0m WARNING:2026-06-30 01:52:05,849:56660b3c-f13d-4381-9a08-bd8d7ea25d30/task_solve: trimming teacher scores (305 → 288 tokens).  This is expected to be rare (<1% of steps).
[36m(TaskRunner pid=4169184)[0m WARNING:2026-06-30 01:52:09,671:56660b3c-f13d-4381-9a08-bd8d7ea25d30/full: padding teacher scores (305 → 307 tokens).  Positions beyond teacher length get zero quality weight.
[36m(TaskRunner pid=4169184)[0m WARNING:2026-06-30 01:52:09,671:56660b3c-f13d-4381-9a08-bd8d7ea25d30/degraded: padding teacher scores (305 → 307 tokens).  Positions beyond teacher length get zero quality weight.
[36m(TaskRunner pid=4169184)[0m WARNING:2026-06-30 01:52:09,671:56660b3c-f13d-4381-9a08-bd8d7ea25d30/free: padding teacher scores (305 → 307 tokens).  Positions beyond teacher length get zero quality weight.
[36m(TaskRunner pid=4169184)[0m WARNING:2026-06-30 01:52:09,672:56660b3c-f13d-4381-9a08-bd8d7ea25d30/task_visible: padding teacher scores (305 → 307 tokens).  Positions beyond teacher length get zero quality weight.
[36m(TaskRunner pid=4169184)[0m WARNING:2026-06-30 01:52:09,672:56660b3c-f13d-4381-9a08-bd8d7ea25d30/task_infer: padding teacher scores (305 → 307 tokens).  Positions beyond teacher length get zero quality weight.
[36m(TaskRunner pid=4169184)[0m WARNING:2026-06-30 01:52:09,672:56660b3c-f13d-4381-9a08-bd8d7ea25d30/task_solve: padding teacher scores (305 → 307 tokens).  Positions beyond teacher length get zero quality weight.
[36m(TaskRunner pid=4169184)[0m WARNING:2026-06-30 01:52:13,749:56660b3c-f13d-4381-9a08-bd8d7ea25d30/full: padding teacher scores (305 → 319 tokens).  Positions beyond teacher length get zero quality weight.
[36m(TaskRunner pid=4169184)[0m WARNING:2026-06-30 01:52:13,749:56660b3c-f13d-4381-9a08-bd8d7ea25d30/degraded: padding teacher scores (305 → 319 tokens).  Positions beyond teacher length get zero quality weight.
[36m(TaskRunner pid=4169184)[0m WARNING:2026-06-30 01:52:13,750:56660b3c-f13d-4381-9a08-bd8d7ea25d30/free: padding teacher scores (305 → 319 tokens).  Positions beyond teacher length get zero quality weight.
[36m(TaskRunner pid=4169184)[0m WARNING:2026-06-30 01:52:13,750:56660b3c-f13d-4381-9a08-bd8d7ea25d30/task_visible: padding teacher scores (305 → 319 tokens).  Positions beyond teacher length get zero quality weight.
[36m(TaskRunner pid=4169184)[0m WARNING:2026-06-30 01:52:13,750:56660b3c-f13d-4381-9a08-bd8d7ea25d30/task_infer: padding teacher scores (305 → 319 tokens).  Positions beyond teacher length get zero quality weight.
[36m(TaskRunner pid=4169184)[0m WARNING:2026-06-30 01:52:13,750:56660b3c-f13d-4381-9a08-bd8d7ea25d30/task_solve: padding teacher scores (305 → 319 tokens).  Positions beyond teacher length get zero quality weight.
[36m(WorkerDict pid=79157)[0m INFO:2026-06-30 01:52:22,376:update_weights done, time cost: 0.46s
[36m(TaskRunner pid=4169184)[0m Training Progress:   4%|▎         | 7/200 [10:37<4:49:08, 89.89s/it]
[36m(pid=1406906)[0m /inspire/hdd/global_user/mengweicheng-240108120092/lzy/fc-opd-storage/envs/fc-opd-verl071-cu128/lib/python3.12/site-packages/torch/cuda/__init__.py:63: FutureWarning: The pynvml package is deprecated. Please install nvidia-ml-py instead. If you did not install pynvml directly, please report this to the maintainers of the package that installed pynvml for you.
[36m(pid=1406906)[0m   import pynvml  # type: ignore[import]
[36m(pid=1406906)[0m /inspire/hdd/global_user/mengweicheng-240108120092/lzy/fc-opd-storage/envs/fc-opd-verl071-cu128/lib/python3.12/site-packages/transformers/utils/hub.py:110: FutureWarning: Using `TRANSFORMERS_CACHE` is deprecated and will be removed in v5 of Transformers. Use `HF_HOME` instead.
[36m(pid=1406906)[0m   warnings.warn(
[36m(_RayStudentScorerActor pid=1406906)[0m `torch_dtype` is deprecated! Use `dtype` instead!
[36m(_RayStudentScorerActor pid=1406906)[0m Loading checkpoint shards:   0%|          | 0/2 [00:00<?, ?it/s]
[36m(_RayStudentScorerActor pid=1406906)[0m Loading checkpoint shards:  50%|█████     | 1/2 [00:02<00:02,  2.74s/it]
[36m(_RayStudentScorerActor pid=1406906)[0m Loading checkpoint shards: 100%|██████████| 2/2 [00:04<00:00,  2.42s/it]Loading checkpoint shards: 100%|██████████| 2/2 [00:04<00:00,  2.47s/it]
[36m(TaskRunner pid=4169184)[0m WARNING:2026-06-30 01:52:46,981:d443a564-2ae6-42d0-9a53-66c265375571/full: trimming teacher scores (350 → 348 tokens).  This is expected to be rare (<1% of steps).
[36m(TaskRunner pid=4169184)[0m WARNING:2026-06-30 01:52:46,981:d443a564-2ae6-42d0-9a53-66c265375571/degraded: trimming teacher scores (350 → 348 tokens).  This is expected to be rare (<1% of steps).
[36m(TaskRunner pid=4169184)[0m WARNING:2026-06-30 01:52:46,981:d443a564-2ae6-42d0-9a53-66c265375571/free: trimming teacher scores (350 → 348 tokens).  This is expected to be rare (<1% of steps).
[36m(TaskRunner pid=4169184)[0m WARNING:2026-06-30 01:52:46,981:d443a564-2ae6-42d0-9a53-66c265375571/task_visible: trimming teacher scores (350 → 348 tokens).  This is expected to be rare (<1% of steps).
[36m(TaskRunner pid=4169184)[0m WARNING:2026-06-30 01:52:46,981:d443a564-2ae6-42d0-9a53-66c265375571/task_infer: trimming teacher scores (350 → 348 tokens).  This is expected to be rare (<1% of steps).
[36m(TaskRunner pid=4169184)[0m WARNING:2026-06-30 01:52:46,982:d443a564-2ae6-42d0-9a53-66c265375571/task_solve: trimming teacher scores (350 → 348 tokens).  This is expected to be rare (<1% of steps).
[36m(TaskRunner pid=4169184)[0m WARNING:2026-06-30 01:52:51,580:d443a564-2ae6-42d0-9a53-66c265375571/full: trimming teacher scores (350 → 302 tokens).  This is expected to be rare (<1% of steps).
[36m(TaskRunner pid=4169184)[0m WARNING:2026-06-30 01:52:51,581:d443a564-2ae6-42d0-9a53-66c265375571/degraded: trimming teacher scores (350 → 302 tokens).  This is expected to be rare (<1% of steps).
[36m(TaskRunner pid=4169184)[0m WARNING:2026-06-30 01:52:51,581:d443a564-2ae6-42d0-9a53-66c265375571/free: trimming teacher scores (350 → 302 tokens).  This is expected to be rare (<1% of steps).
[36m(TaskRunner pid=4169184)[0m WARNING:2026-06-30 01:52:51,581:d443a564-2ae6-42d0-9a53-66c265375571/task_visible: trimming teacher scores (350 → 302 tokens).  This is expected to be rare (<1% of steps).
[36m(TaskRunner pid=4169184)[0m WARNING:2026-06-30 01:52:51,581:d443a564-2ae6-42d0-9a53-66c265375571/task_infer: trimming teacher scores (350 → 302 tokens).  This is expected to be rare (<1% of steps).
[36m(TaskRunner pid=4169184)[0m WARNING:2026-06-30 01:52:51,581:d443a564-2ae6-42d0-9a53-66c265375571/task_solve: trimming teacher scores (350 → 302 tokens).  This is expected to be rare (<1% of steps).
[36m(TaskRunner pid=4169184)[0m WARNING:2026-06-30 01:52:55,668:d443a564-2ae6-42d0-9a53-66c265375571/full: trimming teacher scores (350 → 323 tokens).  This is expected to be rare (<1% of steps).
[36m(TaskRunner pid=4169184)[0m WARNING:2026-06-30 01:52:55,668:d443a564-2ae6-42d0-9a53-66c265375571/degraded: trimming teacher scores (350 → 323 tokens).  This is expected to be rare (<1% of steps).
[36m(TaskRunner pid=4169184)[0m WARNING:2026-06-30 01:52:55,668:d443a564-2ae6-42d0-9a53-66c265375571/free: trimming teacher scores (350 → 323 tokens).  This is expected to be rare (<1% of steps).
[36m(TaskRunner pid=4169184)[0m WARNING:2026-06-30 01:52:55,668:d443a564-2ae6-42d0-9a53-66c265375571/task_visible: trimming teacher scores (350 → 323 tokens).  This is expected to be rare (<1% of steps).
[36m(TaskRunner pid=4169184)[0m WARNING:2026-06-30 01:52:55,669:d443a564-2ae6-42d0-9a53-66c265375571/task_infer: trimming teacher scores (350 → 323 tokens).  This is expected to be rare (<1% of steps).
[36m(TaskRunner pid=4169184)[0m WARNING:2026-06-30 01:52:55,669:d443a564-2ae6-42d0-9a53-66c265375571/task_solve: trimming teacher scores (350 → 323 tokens).  This is expected to be rare (<1% of steps).
[36m(TaskRunner pid=4169184)[0m WARNING:2026-06-30 01:52:59,966:d443a564-2ae6-42d0-9a53-66c265375571/full: trimming teacher scores (350 → 304 tokens).  This is expected to be rare (<1% of steps).
[36m(TaskRunner pid=4169184)[0m WARNING:2026-06-30 01:52:59,967:d443a564-2ae6-42d0-9a53-66c265375571/degraded: trimming teacher scores (350 → 304 tokens).  This is expected to be rare (<1% of steps).
[36m(TaskRunner pid=4169184)[0m WARNING:2026-06-30 01:52:59,967:d443a564-2ae6-42d0-9a53-66c265375571/free: trimming teacher scores (350 → 304 tokens).  This is expected to be rare (<1% of steps).
[36m(TaskRunner pid=4169184)[0m WARNING:2026-06-30 01:52:59,967:d443a564-2ae6-42d0-9a53-66c265375571/task_visible: trimming teacher scores (350 → 304 tokens).  This is expected to be rare (<1% of steps).
[36m(TaskRunner pid=4169184)[0m WARNING:2026-06-30 01:52:59,967:d443a564-2ae6-42d0-9a53-66c265375571/task_infer: trimming teacher scores (350 → 304 tokens).  This is expected to be rare (<1% of steps).
[36m(TaskRunner pid=4169184)[0m WARNING:2026-06-30 01:52:59,967:d443a564-2ae6-42d0-9a53-66c265375571/task_solve: trimming teacher scores (350 → 304 tokens).  This is expected to be rare (<1% of steps).
[36m(TaskRunner pid=4169184)[0m WARNING:2026-06-30 01:53:03,954:d443a564-2ae6-42d0-9a53-66c265375571/full: trimming teacher scores (350 → 278 tokens).  This is expected to be rare (<1% of steps).
[36m(TaskRunner pid=4169184)[0m WARNING:2026-06-30 01:53:03,954:d443a564-2ae6-42d0-9a53-66c265375571/degraded: trimming teacher scores (350 → 278 tokens).  This is expected to be rare (<1% of steps).
[36m(TaskRunner pid=4169184)[0m WARNING:2026-06-30 01:53:03,954:d443a564-2ae6-42d0-9a53-66c265375571/free: trimming teacher scores (350 → 278 tokens).  This is expected to be rare (<1% of steps).
[36m(TaskRunner pid=4169184)[0m WARNING:2026-06-30 01:53:03,954:d443a564-2ae6-42d0-9a53-66c265375571/task_visible: trimming teacher scores (350 → 278 tokens).  This is expected to be rare (<1% of steps).
[36m(TaskRunner pid=4169184)[0m WARNING:2026-06-30 01:53:03,954:d443a564-2ae6-42d0-9a53-66c265375571/task_infer: trimming teacher scores (350 → 278 tokens).  This is expected to be rare (<1% of steps).
[36m(TaskRunner pid=4169184)[0m WARNING:2026-06-30 01:53:03,954:d443a564-2ae6-42d0-9a53-66c265375571/task_solve: trimming teacher scores (350 → 278 tokens).  This is expected to be rare (<1% of steps).
[36m(TaskRunner pid=4169184)[0m WARNING:2026-06-30 01:53:07,716:d443a564-2ae6-42d0-9a53-66c265375571/full: trimming teacher scores (350 → 244 tokens).  This is expected to be rare (<1% of steps).
[36m(TaskRunner pid=4169184)[0m WARNING:2026-06-30 01:53:07,716:d443a564-2ae6-42d0-9a53-66c265375571/degraded: trimming teacher scores (350 → 244 tokens).  This is expected to be rare (<1% of steps).
[36m(TaskRunner pid=4169184)[0m WARNING:2026-06-30 01:53:07,717:d443a564-2ae6-42d0-9a53-66c265375571/free: trimming teacher scores (350 → 244 tokens).  This is expected to be rare (<1% of steps).
[36m(TaskRunner pid=4169184)[0m WARNING:2026-06-30 01:53:07,717:d443a564-2ae6-42d0-9a53-66c265375571/task_visible: trimming teacher scores (350 → 244 tokens).  This is expected to be rare (<1% of steps).
[36m(TaskRunner pid=4169184)[0m WARNING:2026-06-30 01:53:07,717:d443a564-2ae6-42d0-9a53-66c265375571/task_infer: trimming teacher scores (350 → 244 tokens).  This is expected to be rare (<1% of steps).
[36m(TaskRunner pid=4169184)[0m WARNING:2026-06-30 01:53:07,717:d443a564-2ae6-42d0-9a53-66c265375571/task_solve: trimming teacher scores (350 → 244 tokens).  This is expected to be rare (<1% of steps).
[36m(TaskRunner pid=4169184)[0m WARNING:2026-06-30 01:53:10,857:d443a564-2ae6-42d0-9a53-66c265375571/full: trimming teacher scores (350 → 257 tokens).  This is expected to be rare (<1% of steps).
[36m(TaskRunner pid=4169184)[0m WARNING:2026-06-30 01:53:10,858:d443a564-2ae6-42d0-9a53-66c265375571/degraded: trimming teacher scores (350 → 257 tokens).  This is expected to be rare (<1% of steps).
[36m(TaskRunner pid=4169184)[0m WARNING:2026-06-30 01:53:10,858:d443a564-2ae6-42d0-9a53-66c265375571/free: trimming teacher scores (350 → 257 tokens).  This is expected to be rare (<1% of steps).
[36m(TaskRunner pid=4169184)[0m WARNING:2026-06-30 01:53:10,858:d443a564-2ae6-42d0-9a53-66c265375571/task_visible: trimming teacher scores (350 → 257 tokens).  This is expected to be rare (<1% of steps).
[36m(TaskRunner pid=4169184)[0m WARNING:2026-06-30 01:53:10,858:d443a564-2ae6-42d0-9a53-66c265375571/task_infer: trimming teacher scores (350 → 257 tokens).  This is expected to be rare (<1% of steps).
[36m(TaskRunner pid=4169184)[0m WARNING:2026-06-30 01:53:10,858:d443a564-2ae6-42d0-9a53-66c265375571/task_solve: trimming teacher scores (350 → 257 tokens).  This is expected to be rare (<1% of steps).
[36m(TaskRunner pid=4169184)[0m WARNING:2026-06-30 01:53:18,909:8d99a436-ee0a-44f2-990d-bf47b822ab27/full: trimming teacher scores (359 → 288 tokens).  This is expected to be rare (<1% of steps).
[36m(TaskRunner pid=4169184)[0m WARNING:2026-06-30 01:53:18,909:8d99a436-ee0a-44f2-990d-bf47b822ab27/degraded: trimming teacher scores (359 → 288 tokens).  This is expected to be rare (<1% of steps).
[36m(TaskRunner pid=4169184)[0m WARNING:2026-06-30 01:53:18,909:8d99a436-ee0a-44f2-990d-bf47b822ab27/free: trimming teacher scores (359 → 288 tokens).  This is expected to be rare (<1% of steps).
[36m(TaskRunner pid=4169184)[0m WARNING:2026-06-30 01:53:18,909:8d99a436-ee0a-44f2-990d-bf47b822ab27/task_visible: trimming teacher scores (359 → 288 tokens).  This is expected to be rare (<1% of steps).
[36m(TaskRunner pid=4169184)[0m WARNING:2026-06-30 01:53:18,910:8d99a436-ee0a-44f2-990d-bf47b822ab27/task_infer: trimming teacher scores (359 → 288 tokens).  This is expected to be rare (<1% of steps).
[36m(TaskRunner pid=4169184)[0m WARNING:2026-06-30 01:53:18,910:8d99a436-ee0a-44f2-990d-bf47b822ab27/task_solve: trimming teacher scores (359 → 288 tokens).  This is expected to be rare (<1% of steps).
[36m(TaskRunner pid=4169184)[0m WARNING:2026-06-30 01:53:22,767:8d99a436-ee0a-44f2-990d-bf47b822ab27/full: trimming teacher scores (359 → 331 tokens).  This is expected to be rare (<1% of steps).
[36m(TaskRunner pid=4169184)[0m WARNING:2026-06-30 01:53:22,768:8d99a436-ee0a-44f2-990d-bf47b822ab27/degraded: trimming teacher scores (359 → 331 tokens).  This is expected to be rare (<1% of steps).
[36m(TaskRunner pid=4169184)[0m WARNING:2026-06-30 01:53:22,768:8d99a436-ee0a-44f2-990d-bf47b822ab27/free: trimming teacher scores (359 → 331 tokens).  This is expected to be rare (<1% of steps).
[36m(TaskRunner pid=4169184)[0m WARNING:2026-06-30 01:53:22,768:8d99a436-ee0a-44f2-990d-bf47b822ab27/task_visible: trimming teacher scores (359 → 331 tokens).  This is expected to be rare (<1% of steps).
[36m(TaskRunner pid=4169184)[0m WARNING:2026-06-30 01:53:22,768:8d99a436-ee0a-44f2-990d-bf47b822ab27/task_infer: trimming teacher scores (359 → 331 tokens).  This is expected to be rare (<1% of steps).
[36m(TaskRunner pid=4169184)[0m WARNING:2026-06-30 01:53:22,768:8d99a436-ee0a-44f2-990d-bf47b822ab27/task_solve: trimming teacher scores (359 → 331 tokens).  This is expected to be rare (<1% of steps).
[36m(TaskRunner pid=4169184)[0m WARNING:2026-06-30 01:53:27,133:8d99a436-ee0a-44f2-990d-bf47b822ab27/full: trimming teacher scores (359 → 260 tokens).  This is expected to be rare (<1% of steps).
[36m(TaskRunner pid=4169184)[0m WARNING:2026-06-30 01:53:27,133:8d99a436-ee0a-44f2-990d-bf47b822ab27/degraded: trimming teacher scores (359 → 260 tokens).  This is expected to be rare (<1% of steps).
[36m(TaskRunner pid=4169184)[0m WARNING:2026-06-30 01:53:27,134:8d99a436-ee0a-44f2-990d-bf47b822ab27/free: trimming teacher scores (359 → 260 tokens).  This is expected to be rare (<1% of steps).
[36m(TaskRunner pid=4169184)[0m WARNING:2026-06-30 01:53:27,134:8d99a436-ee0a-44f2-990d-bf47b822ab27/task_visible: trimming teacher scores (359 → 260 tokens).  This is expected to be rare (<1% of steps).
[36m(TaskRunner pid=4169184)[0m WARNING:2026-06-30 01:53:27,134:8d99a436-ee0a-44f2-990d-bf47b822ab27/task_infer: trimming teacher scores (359 → 260 tokens).  This is expected to be rare (<1% of steps).
[36m(TaskRunner pid=4169184)[0m WARNING:2026-06-30 01:53:27,134:8d99a436-ee0a-44f2-990d-bf47b822ab27/task_solve: trimming teacher scores (359 → 260 tokens).  This is expected to be rare (<1% of steps).
[36m(TaskRunner pid=4169184)[0m WARNING:2026-06-30 01:53:30,618:8d99a436-ee0a-44f2-990d-bf47b822ab27/full: trimming teacher scores (359 → 289 tokens).  This is expected to be rare (<1% of steps).
[36m(TaskRunner pid=4169184)[0m WARNING:2026-06-30 01:53:30,619:8d99a436-ee0a-44f2-990d-bf47b822ab27/degraded: trimming teacher scores (359 → 289 tokens).  This is expected to be rare (<1% of steps).
[36m(TaskRunner pid=4169184)[0m WARNING:2026-06-30 01:53:30,619:8d99a436-ee0a-44f2-990d-bf47b822ab27/free: trimming teacher scores (359 → 289 tokens).  This is expected to be rare (<1% of steps).
[36m(TaskRunner pid=4169184)[0m WARNING:2026-06-30 01:53:30,619:8d99a436-ee0a-44f2-990d-bf47b822ab27/task_visible: trimming teacher scores (359 → 289 tokens).  This is expected to be rare (<1% of steps).
[36m(TaskRunner pid=4169184)[0m WARNING:2026-06-30 01:53:30,619:8d99a436-ee0a-44f2-990d-bf47b822ab27/task_infer: trimming teacher scores (359 → 289 tokens).  This is expected to be rare (<1% of steps).
[36m(TaskRunner pid=4169184)[0m WARNING:2026-06-30 01:53:30,619:8d99a436-ee0a-44f2-990d-bf47b822ab27/task_solve: trimming teacher scores (359 → 289 tokens).  This is expected to be rare (<1% of steps).
[36m(TaskRunner pid=4169184)[0m WARNING:2026-06-30 01:53:34,434:8d99a436-ee0a-44f2-990d-bf47b822ab27/full: trimming teacher scores (359 → 314 tokens).  This is expected to be rare (<1% of steps).
[36m(TaskRunner pid=4169184)[0m WARNING:2026-06-30 01:53:34,434:8d99a436-ee0a-44f2-990d-bf47b822ab27/degraded: trimming teacher scores (359 → 314 tokens).  This is expected to be rare (<1% of steps).
[36m(TaskRunner pid=4169184)[0m WARNING:2026-06-30 01:53:34,435:8d99a436-ee0a-44f2-990d-bf47b822ab27/free: trimming teacher scores (359 → 314 tokens).  This is expected to be rare (<1% of steps).
[36m(TaskRunner pid=4169184)[0m WARNING:2026-06-30 01:53:34,435:8d99a436-ee0a-44f2-990d-bf47b822ab27/task_visible: trimming teacher scores (359 → 314 tokens).  This is expected to be rare (<1% of steps).
[36m(TaskRunner pid=4169184)[0m WARNING:2026-06-30 01:53:34,435:8d99a436-ee0a-44f2-990d-bf47b822ab27/task_infer: trimming teacher scores (359 → 314 tokens).  This is expected to be rare (<1% of steps).
[36m(TaskRunner pid=4169184)[0m WARNING:2026-06-30 01:53:34,435:8d99a436-ee0a-44f2-990d-bf47b822ab27/task_solve: trimming teacher scores (359 → 314 tokens).  This is expected to be rare (<1% of steps).
[36m(TaskRunner pid=4169184)[0m WARNING:2026-06-30 01:53:38,611:8d99a436-ee0a-44f2-990d-bf47b822ab27/full: trimming teacher scores (359 → 261 tokens).  This is expected to be rare (<1% of steps).
[36m(TaskRunner pid=4169184)[0m WARNING:2026-06-30 01:53:38,611:8d99a436-ee0a-44f2-990d-bf47b822ab27/degraded: trimming teacher scores (359 → 261 tokens).  This is expected to be rare (<1% of steps).
[36m(TaskRunner pid=4169184)[0m WARNING:2026-06-30 01:53:38,611:8d99a436-ee0a-44f2-990d-bf47b822ab27/free: trimming teacher scores (359 → 261 tokens).  This is expected to be rare (<1% of steps).
[36m(TaskRunner pid=4169184)[0m WARNING:2026-06-30 01:53:38,611:8d99a436-ee0a-44f2-990d-bf47b822ab27/task_visible: trimming teacher scores (359 → 261 tokens).  This is expected to be rare (<1% of steps).
[36m(TaskRunner pid=4169184)[0m WARNING:2026-06-30 01:53:38,612:8d99a436-ee0a-44f2-990d-bf47b822ab27/task_infer: trimming teacher scores (359 → 261 tokens).  This is expected to be rare (<1% of steps).
[36m(TaskRunner pid=4169184)[0m WARNING:2026-06-30 01:53:38,612:8d99a436-ee0a-44f2-990d-bf47b822ab27/task_solve: trimming teacher scores (359 → 261 tokens).  This is expected to be rare (<1% of steps).
[36m(TaskRunner pid=4169184)[0m WARNING:2026-06-30 01:53:42,109:8d99a436-ee0a-44f2-990d-bf47b822ab27/full: trimming teacher scores (359 → 298 tokens).  This is expected to be rare (<1% of steps).
[36m(TaskRunner pid=4169184)[0m WARNING:2026-06-30 01:53:42,109:8d99a436-ee0a-44f2-990d-bf47b822ab27/degraded: trimming teacher scores (359 → 298 tokens).  This is expected to be rare (<1% of steps).
[36m(TaskRunner pid=4169184)[0m WARNING:2026-06-30 01:53:42,109:8d99a436-ee0a-44f2-990d-bf47b822ab27/free: trimming teacher scores (359 → 298 tokens).  This is expected to be rare (<1% of steps).
[36m(TaskRunner pid=4169184)[0m WARNING:2026-06-30 01:53:42,109:8d99a436-ee0a-44f2-990d-bf47b822ab27/task_visible: trimming teacher scores (359 → 298 tokens).  This is expected to be rare (<1% of steps).
[36m(TaskRunner pid=4169184)[0m WARNING:2026-06-30 01:53:42,109:8d99a436-ee0a-44f2-990d-bf47b822ab27/task_infer: trimming teacher scores (359 → 298 tokens).  This is expected to be rare (<1% of steps).
[36m(TaskRunner pid=4169184)[0m WARNING:2026-06-30 01:53:42,110:8d99a436-ee0a-44f2-990d-bf47b822ab27/task_solve: trimming teacher scores (359 → 298 tokens).  This is expected to be rare (<1% of steps).
[36m(WorkerDict pid=79157)[0m INFO:2026-06-30 01:53:50,689:update_weights done, time cost: 0.47s

[36m(TaskRunner pid=4169184)[0m step:6 - fc_opd/hook_loss:12.592702865600586 - fc_opd/hook_num_samples:16.0 - fc_opd/hook_active_weight:472.8614807128906 - fc_opd/loss/task_solve:13.78978157043457 - fc_opd/selection/task_solve:0.012673045508563519 - fc_opd/loss/degraded:0.0 - fc_opd/selection/degraded:0.0 - fc_opd/loss/free:0.0 - fc_opd/selection/free:0.0 - fc_opd/loss/task_visible:13.91522216796875 - fc_opd/selection/task_visible:0.011936914175748825 - fc_opd/loss/full:11.630316734313965 - fc_opd/selection/full:0.04999091476202011 - fc_opd/loss/task_infer:14.097110748291016 - fc_opd/selection/task_infer:0.025141844525933266 - fc_opd/loss/chunk/visible_evidence:0.0 - fc_opd/loss/chunk/diagram_inference:0.0 - fc_opd/loss/chunk/reasoning:1.256093978881836 - fc_opd/loss/chunk/answer:0.0 - fc_opd/loss/total:12.592702865600586 - fc_opd/online/loss:12.592702865600586 - fc_opd/online/num_samples:16.0 - global_seqlen/min:3781 - global_seqlen/max:3840 - global_seqlen/minmax_diff:59 - global_seqlen/balanced_min:3810 - global_seqlen/balanced_max:3811 - global_seqlen/mean:3810.5 - actor/entropy:0.1835797280073166 - perf/mfu/actor_infer:0 - actor/pg_loss:0.0 - actor/kl_loss:0.0 - actor/fc_opd_loss:12.394375801086426 - actor/pg_clipfrac:0.0 - actor/ppo_kl:0.0 - actor/pg_clipfrac_lower:0.0 - actor/fc_opd_coef:0.009999999776482582 - actor/fc_opd_active_weight_mean:0.05772234871983528 - actor/grad_norm:0.14387394487857819 - perf/mfu/actor:0.049447560610793556 - perf/max_memory_allocated_gb:48.08001184463501 - perf/max_memory_reserved_gb:63.1015625 - perf/cpu_memory_used_gb:143.04781341552734 - actor/lr:2e-06 - training/global_step:6 - training/epoch:5 - critic/score/mean:1.0 - critic/score/max:1.0 - critic/score/min:1.0 - critic/rewards/mean:1.0 - critic/rewards/max:1.0 - critic/rewards/min:1.0 - critic/advantages/mean:0.0 - critic/advantages/max:0.0 - critic/advantages/min:0.0 - critic/returns/mean:0.0 - critic/returns/max:0.0 - critic/returns/min:0.0 - response_length/mean:296.3125 - response_length/max:374.0 - response_length/min:244.0 - response_length/clip_ratio:0.0 - response_length_non_aborted/mean:296.3125 - response_length_non_aborted/max:374.0 - response_length_non_aborted/min:244.0 - response_length_non_aborted/clip_ratio:0.0 - response/aborted_ratio:0.0 - prompt_length/mean:180.0 - prompt_length/max:180.0 - prompt_length/min:180.0 - prompt_length/clip_ratio:0.0 - num_turns/min:2 - num_turns/max:2 - num_turns/mean:2.0 - timing_s/start_profile:0.00026188790798187256 - timing_s/agent_loop/num_preempted/min:-1 - timing_s/agent_loop/num_preempted/max:-1 - timing_s/agent_loop/num_preempted/mean:-1.0 - timing_s/agent_loop/generate_sequences/min:4.235588226467371 - timing_s/agent_loop/generate_sequences/max:6.362695222720504 - timing_s/agent_loop/generate_sequences/mean:5.09813855169341 - timing_s/agent_loop/tool_calls/min:0.0 - timing_s/agent_loop/tool_calls/max:0.0 - timing_s/agent_loop/tool_calls/mean:0.0 - timing_s/agent_loop/slowest/generate_sequences:6.362695222720504 - timing_s/agent_loop/slowest/tool_calls:0.0 - timing_s/agent_loop/slowest/prompt_length:180 - timing_s/agent_loop/slowest/response_length:374 - timing_s/agent_loop/slowest/num_preempted:-1 - timing_s/gen:7.035785948857665 - timing_s/fc_opd:75.5079042147845 - timing_s/reward:2.2737309336662292e-05 - timing_s/old_log_prob:0.6477807778865099 - timing_s/adv:0.0007504578679800034 - timing_s/update_actor:2.129482826218009 - timing_s/update_weights:2.378061043098569 - timing_s/step:87.71775362826884 - timing_s/stop_profile:5.001761019229889e-05 - timing_per_token_ms/gen:1.4840299406997817 - timing_per_token_ms/update_actor:0.2794230187925481 - timing_per_token_ms/adv:9.847236162970783e-05 - perf/total_num_tokens:7621 - perf/time_per_step:87.71775362826884 - perf/throughput:43.440464927409955
[36m(TaskRunner pid=4169184)[0m step:7 - fc_opd/hook_loss:12.630488395690918 - fc_opd/hook_num_samples:16.0 - fc_opd/hook_active_weight:497.4573669433594 - fc_opd/loss/task_solve:13.741806983947754 - fc_opd/selection/task_solve:0.020752737298607826 - fc_opd/loss/degraded:0.0 - fc_opd/selection/degraded:0.0 - fc_opd/loss/free:0.0 - fc_opd/selection/free:0.0 - fc_opd/loss/task_visible:13.911431312561035 - fc_opd/selection/task_visible:0.012600299902260303 - fc_opd/loss/full:11.362604141235352 - fc_opd/selection/full:0.042597707360982895 - fc_opd/loss/task_infer:13.971555709838867 - fc_opd/selection/task_infer:0.023852836340665817 - fc_opd/loss/chunk/visible_evidence:0.0 - fc_opd/loss/chunk/diagram_inference:0.0 - fc_opd/loss/chunk/reasoning:1.2608290910720825 - fc_opd/loss/chunk/answer:0.0 - fc_opd/loss/total:12.630488395690918 - fc_opd/online/loss:12.630488395690918 - fc_opd/online/num_samples:16.0 - global_seqlen/min:3907 - global_seqlen/max:3958 - global_seqlen/minmax_diff:51 - global_seqlen/balanced_min:3932 - global_seqlen/balanced_max:3933 - global_seqlen/mean:3932.5 - actor/entropy:0.1936684250831604 - perf/mfu/actor_infer:0 - actor/pg_loss:0.0 - actor/kl_loss:0.0 - actor/fc_opd_loss:12.375256538391113 - actor/pg_clipfrac:0.0 - actor/ppo_kl:0.0 - actor/pg_clipfrac_lower:0.0 - actor/fc_opd_coef:0.009999999776482582 - actor/fc_opd_active_weight_mean:0.0607247743755579 - actor/grad_norm:0.15161734819412231 - perf/mfu/actor:0.05632062284965787 - perf/max_memory_allocated_gb:48.08001184463501 - perf/max_memory_reserved_gb:63.1015625 - perf/cpu_memory_used_gb:142.85850524902344 - actor/lr:2e-06 - training/global_step:7 - training/epoch:6 - critic/score/mean:1.0 - critic/score/max:1.0 - critic/score/min:1.0 - critic/rewards/mean:1.0 - critic/rewards/max:1.0 - critic/rewards/min:1.0 - critic/advantages/mean:0.0 - critic/advantages/max:0.0 - critic/advantages/min:0.0 - critic/returns/mean:0.0 - critic/returns/max:0.0 - critic/returns/min:0.0 - response_length/mean:311.5625 - response_length/max:388.0 - response_length/min:234.0 - response_length/clip_ratio:0.0 - response_length_non_aborted/mean:311.5625 - response_length_non_aborted/max:388.0 - response_length_non_aborted/min:234.0 - response_length_non_aborted/clip_ratio:0.0 - response/aborted_ratio:0.0 - prompt_length/mean:180.0 - prompt_length/max:180.0 - prompt_length/min:180.0 - prompt_length/clip_ratio:0.0 - num_turns/min:2 - num_turns/max:2 - num_turns/mean:2.0 - timing_s/start_profile:0.00021800212562084198 - timing_s/agent_loop/num_preempted/min:-1 - timing_s/agent_loop/num_preempted/max:-1 - timing_s/agent_loop/num_preempted/mean:-1.0 - timing_s/agent_loop/generate_sequences/min:4.087918778881431 - timing_s/agent_loop/generate_sequences/max:6.678741337731481 - timing_s/agent_loop/generate_sequences/mean:5.395571424858645 - timing_s/agent_loop/tool_calls/min:0.0 - timing_s/agent_loop/tool_calls/max:0.0 - timing_s/agent_loop/tool_calls/mean:0.0 - timing_s/agent_loop/slowest/generate_sequences:6.678741337731481 - timing_s/agent_loop/slowest/tool_calls:0.0 - timing_s/agent_loop/slowest/prompt_length:180 - timing_s/agent_loop/slowest/response_length:388 - timing_s/agent_loop/slowest/num_preempted:-1 - timing_s/gen:7.375691024586558 - timing_s/fc_opd:78.31264492496848 - timing_s/reward:2.0831823348999023e-05 - timing_s/old_log_prob:0.6403309684246778 - timing_s/adv:0.0008383002132177353 - timing_s/update_actor:1.9405271243304014 - timing_s/update_weights:2.3595191948115826 - timing_s/step:90.6483934931457 - timing_s/stop_profile:4.421733319759369e-05 - timing_per_token_ms/gen:1.4795769357244852 - timing_per_token_ms/update_actor:0.24672945001022267 - timing_per_token_ms/adv:0.00010658616824128866 - perf/total_num_tokens:7865 - perf/time_per_step:90.6483934931457 - perf/throughput:43.38190505601572
[36m(TaskRunner pid=4169184)[0m step:8 - fc_opd/hook_loss:14.016056060791016 - fc_opd/hook_num_samples:16.0 - fc_opd/hook_active_weight:480.0493469238281 - fc_opd/loss/task_solve:13.887819290161133 - fc_opd/selection/task_solve:0.014171905815601349 - fc_opd/loss/degraded:0.0 - fc_opd/selection/degraded:0.0 - fc_opd/loss/free:0.0 - fc_opd/selection/free:0.0 - fc_opd/loss/task_visible:14.134952545166016 - fc_opd/selection/task_visible:0.013384915888309479 - fc_opd/loss/full:14.041831016540527 - fc_opd/selection/full:0.033692725002765656 - fc_opd/loss/task_infer:14.017351150512695 - fc_opd/selection/task_infer:0.0386294387280941 - fc_opd/loss/chunk/visible_evidence:0.0 - fc_opd/loss/chunk/diagram_inference:0.0 - fc_opd/loss/chunk/reasoning:1.399921178817749 - fc_opd/loss/chunk/answer:0.0 - fc_opd/loss/total:14.016056060791016 - fc_opd/online/loss:14.016056060791016 - fc_opd/online/num_samples:16.0 - global_seqlen/min:3840 - global_seqlen/max:3846 - global_seqlen/minmax_diff:6 - global_seqlen/balanced_min:3843 - global_seqlen/balanced_max:3843 - global_seqlen/mean:3843.0 - actor/entropy:0.19239607453346252 - perf/mfu/actor_infer:0 - actor/pg_loss:0.0 - actor/kl_loss:0.0 - actor/fc_opd_loss:13.917356491088867 - actor/pg_clipfrac:0.0 - actor/ppo_kl:0.0 - actor/pg_clipfrac_lower:0.0 - actor/fc_opd_coef:0.009999999776482582 - actor/fc_opd_active_weight_mean:0.05859977938234806 - actor/grad_norm:0.19067852199077606 - perf/mfu/actor:0.04890948187379683 - perf/max_memory_allocated_gb:48.08001184463501 - perf/max_memory_reserved_gb:63.1015625 - perf/cpu_memory_used_gb:142.9724349975586 - actor/lr:2e-06 - training/global_step:8 - training/epoch:7 - critic/score/mean:1.0 - critic/score/max:1.0 - critic/score/min:1.0 - critic/rewards/mean:1.0 - critic/rewards/max:1.0 - critic/rewards/min:1.0 - critic/advantages/mean:0.0 - critic/advantages/max:0.0 - critic/advantages/min:0.0 - critic/returns/mean:0.0 - critic/returns/max:0.0 - critic/returns/min:0.0 - response_length/mean:300.375 - response_length/max:359.0 - response_length/min:244.0 - response_length/clip_ratio:0.0 - response_length_non_aborted/mean:300.375 - response_length_non_aborted/max:359.0 - response_length_non_aborted/min:244.0 - response_length_non_aborted/clip_ratio:0.0 - response/aborted_ratio:0.0 - prompt_length/mean:180.0 - prompt_length/max:180.0 - prompt_length/min:180.0 - prompt_length/clip_ratio:0.0 - num_turns/min:2 - num_turns/max:2 - num_turns/mean:2.0 - timing_s/start_profile:0.0002527162432670593 - timing_s/agent_loop/num_preempted/min:-1 - timing_s/agent_loop/num_preempted/max:-1 - timing_s/agent_loop/num_preempted/mean:-1.0 - timing_s/agent_loop/generate_sequences/min:4.205262586474419 - timing_s/agent_loop/generate_sequences/max:6.151219550520182 - timing_s/agent_loop/generate_sequences/mean:5.167863329988904 - timing_s/agent_loop/tool_calls/min:0.0 - timing_s/agent_loop/tool_calls/max:0.0 - timing_s/agent_loop/tool_calls/mean:0.0 - timing_s/agent_loop/slowest/generate_sequences:6.151219550520182 - timing_s/agent_loop/slowest/tool_calls:0.0 - timing_s/agent_loop/slowest/prompt_length:180 - timing_s/agent_loop/slowest/response_length:359 - timing_s/agent_loop/slowest/num_preempted:-1 - timing_s/gen:6.831778245046735 - timing_s/fc_opd:75.88280346989632 - timing_s/reward:1.977384090423584e-05 - timing_s/old_log_prob:0.6457066591829062 - timing_s/adv:0.0007359553128480911 - timing_s/update_actor:2.1643425468355417 - timing_s/update_weights:2.37489153444767 - timing_s/step:87.91779506020248 - timing_s/stop_profile:4.676356911659241e-05 - timing_per_token_ms/gen:1.4215102465765157 - timing_per_token_ms/update_actor:0.28159543934888653 - timing_per_token_ms/adv:9.575270789072224e-05 - perf/total_num_tokens:7686 - perf/time_per_step:87.91779506020248 - perf/throughput:43.71128731525253[36m(TaskRunner pid=4169184)[0m Training Progress:   4%|▍         | 8/200 [12:05<4:45:55, 89.35s/it]
[36m(pid=1563499)[0m /inspire/hdd/global_user/mengweicheng-240108120092/lzy/fc-opd-storage/envs/fc-opd-verl071-cu128/lib/python3.12/site-packages/torch/cuda/__init__.py:63: FutureWarning: The pynvml package is deprecated. Please install nvidia-ml-py instead. If you did not install pynvml directly, please report this to the maintainers of the package that installed pynvml for you.
[36m(pid=1563499)[0m   import pynvml  # type: ignore[import]
[36m(pid=1563499)[0m /inspire/hdd/global_user/mengweicheng-240108120092/lzy/fc-opd-storage/envs/fc-opd-verl071-cu128/lib/python3.12/site-packages/transformers/utils/hub.py:110: FutureWarning: Using `TRANSFORMERS_CACHE` is deprecated and will be removed in v5 of Transformers. Use `HF_HOME` instead.
[36m(pid=1563499)[0m   warnings.warn(
[36m(_RayStudentScorerActor pid=1563499)[0m `torch_dtype` is deprecated! Use `dtype` instead!
[36m(_RayStudentScorerActor pid=1563499)[0m Loading checkpoint shards:   0%|          | 0/2 [00:00<?, ?it/s]
[36m(_RayStudentScorerActor pid=1563499)[0m Loading checkpoint shards:  50%|█████     | 1/2 [00:02<00:02,  2.78s/it]
[36m(_RayStudentScorerActor pid=1563499)[0m Loading checkpoint shards: 100%|██████████| 2/2 [00:05<00:00,  2.45s/it]Loading checkpoint shards: 100%|██████████| 2/2 [00:05<00:00,  2.50s/it]
[36m(TaskRunner pid=4169184)[0m WARNING:2026-06-30 01:54:15,272:7c96b2f9-4a01-42a9-888e-b9b9d0fab20a/full: padding teacher scores (316 → 337 tokens).  Positions beyond teacher length get zero quality weight.
[36m(TaskRunner pid=4169184)[0m WARNING:2026-06-30 01:54:15,272:7c96b2f9-4a01-42a9-888e-b9b9d0fab20a/degraded: padding teacher scores (316 → 337 tokens).  Positions beyond teacher length get zero quality weight.
[36m(TaskRunner pid=4169184)[0m WARNING:2026-06-30 01:54:15,273:7c96b2f9-4a01-42a9-888e-b9b9d0fab20a/free: padding teacher scores (316 → 337 tokens).  Positions beyond teacher length get zero quality weight.
[36m(TaskRunner pid=4169184)[0m WARNING:2026-06-30 01:54:15,273:7c96b2f9-4a01-42a9-888e-b9b9d0fab20a/task_visible: padding teacher scores (316 → 337 tokens).  Positions beyond teacher length get zero quality weight.
[36m(TaskRunner pid=4169184)[0m WARNING:2026-06-30 01:54:15,273:7c96b2f9-4a01-42a9-888e-b9b9d0fab20a/task_infer: padding teacher scores (316 → 337 tokens).  Positions beyond teacher length get zero quality weight.
[36m(TaskRunner pid=4169184)[0m WARNING:2026-06-30 01:54:15,273:7c96b2f9-4a01-42a9-888e-b9b9d0fab20a/task_solve: padding teacher scores (316 → 337 tokens).  Positions beyond teacher length get zero quality weight.
[36m(TaskRunner pid=4169184)[0m WARNING:2026-06-30 01:54:19,779:7c96b2f9-4a01-42a9-888e-b9b9d0fab20a/full: trimming teacher scores (316 → 268 tokens).  This is expected to be rare (<1% of steps).
[36m(TaskRunner pid=4169184)[0m WARNING:2026-06-30 01:54:19,779:7c96b2f9-4a01-42a9-888e-b9b9d0fab20a/degraded: trimming teacher scores (316 → 268 tokens).  This is expected to be rare (<1% of steps).
[36m(TaskRunner pid=4169184)[0m WARNING:2026-06-30 01:54:19,779:7c96b2f9-4a01-42a9-888e-b9b9d0fab20a/free: trimming teacher scores (316 → 268 tokens).  This is expected to be rare (<1% of steps).
[36m(TaskRunner pid=4169184)[0m WARNING:2026-06-30 01:54:19,779:7c96b2f9-4a01-42a9-888e-b9b9d0fab20a/task_visible: trimming teacher scores (316 → 268 tokens).  This is expected to be rare (<1% of steps).
[36m(TaskRunner pid=4169184)[0m WARNING:2026-06-30 01:54:19,780:7c96b2f9-4a01-42a9-888e-b9b9d0fab20a/task_infer: trimming teacher scores (316 → 268 tokens).  This is expected to be rare (<1% of steps).
[36m(TaskRunner pid=4169184)[0m WARNING:2026-06-30 01:54:19,780:7c96b2f9-4a01-42a9-888e-b9b9d0fab20a/task_solve: trimming teacher scores (316 → 268 tokens).  This is expected to be rare (<1% of steps).
[36m(TaskRunner pid=4169184)[0m WARNING:2026-06-30 01:54:23,359:7c96b2f9-4a01-42a9-888e-b9b9d0fab20a/full: trimming teacher scores (316 → 280 tokens).  This is expected to be rare (<1% of steps).
[36m(TaskRunner pid=4169184)[0m WARNING:2026-06-30 01:54:23,359:7c96b2f9-4a01-42a9-888e-b9b9d0fab20a/degraded: trimming teacher scores (316 → 280 tokens).  This is expected to be rare (<1% of steps).
[36m(TaskRunner pid=4169184)[0m WARNING:2026-06-30 01:54:23,360:7c96b2f9-4a01-42a9-888e-b9b9d0fab20a/free: trimming teacher scores (316 → 280 tokens).  This is expected to be rare (<1% of steps).
[36m(TaskRunner pid=4169184)[0m WARNING:2026-06-30 01:54:23,360:7c96b2f9-4a01-42a9-888e-b9b9d0fab20a/task_visible: trimming teacher scores (316 → 280 tokens).  This is expected to be rare (<1% of steps).
[36m(TaskRunner pid=4169184)[0m WARNING:2026-06-30 01:54:23,360:7c96b2f9-4a01-42a9-888e-b9b9d0fab20a/task_infer: trimming teacher scores (316 → 280 tokens).  This is expected to be rare (<1% of steps).
[36m(TaskRunner pid=4169184)[0m WARNING:2026-06-30 01:54:23,360:7c96b2f9-4a01-42a9-888e-b9b9d0fab20a/task_solve: trimming teacher scores (316 → 280 tokens).  This is expected to be rare (<1% of steps).
[36m(TaskRunner pid=4169184)[0m WARNING:2026-06-30 01:54:27,008:7c96b2f9-4a01-42a9-888e-b9b9d0fab20a/full: trimming teacher scores (316 → 276 tokens).  This is expected to be rare (<1% of steps).
[36m(TaskRunner pid=4169184)[0m WARNING:2026-06-30 01:54:27,009:7c96b2f9-4a01-42a9-888e-b9b9d0fab20a/degraded: trimming teacher scores (316 → 276 tokens).  This is expected to be rare (<1% of steps).
[36m(TaskRunner pid=4169184)[0m WARNING:2026-06-30 01:54:27,009:7c96b2f9-4a01-42a9-888e-b9b9d0fab20a/free: trimming teacher scores (316 → 276 tokens).  This is expected to be rare (<1% of steps).
[36m(TaskRunner pid=4169184)[0m WARNING:2026-06-30 01:54:27,009:7c96b2f9-4a01-42a9-888e-b9b9d0fab20a/task_visible: trimming teacher scores (316 → 276 tokens).  This is expected to be rare (<1% of steps).
[36m(TaskRunner pid=4169184)[0m WARNING:2026-06-30 01:54:27,009:7c96b2f9-4a01-42a9-888e-b9b9d0fab20a/task_infer: trimming teacher scores (316 → 276 tokens).  This is expected to be rare (<1% of steps).
[36m(TaskRunner pid=4169184)[0m WARNING:2026-06-30 01:54:27,009:7c96b2f9-4a01-42a9-888e-b9b9d0fab20a/task_solve: trimming teacher scores (316 → 276 tokens).  This is expected to be rare (<1% of steps).
[36m(TaskRunner pid=4169184)[0m WARNING:2026-06-30 01:54:30,654:7c96b2f9-4a01-42a9-888e-b9b9d0fab20a/full: trimming teacher scores (316 → 258 tokens).  This is expected to be rare (<1% of steps).
[36m(TaskRunner pid=4169184)[0m WARNING:2026-06-30 01:54:30,654:7c96b2f9-4a01-42a9-888e-b9b9d0fab20a/degraded: trimming teacher scores (316 → 258 tokens).  This is expected to be rare (<1% of steps).
[36m(TaskRunner pid=4169184)[0m WARNING:2026-06-30 01:54:30,654:7c96b2f9-4a01-42a9-888e-b9b9d0fab20a/free: trimming teacher scores (316 → 258 tokens).  This is expected to be rare (<1% of steps).
[36m(TaskRunner pid=4169184)[0m WARNING:2026-06-30 01:54:30,655:7c96b2f9-4a01-42a9-888e-b9b9d0fab20a/task_visible: trimming teacher scores (316 → 258 tokens).  This is expected to be rare (<1% of steps).
[36m(TaskRunner pid=4169184)[0m WARNING:2026-06-30 01:54:30,655:7c96b2f9-4a01-42a9-888e-b9b9d0fab20a/task_infer: trimming teacher scores (316 → 258 tokens).  This is expected to be rare (<1% of steps).
[36m(TaskRunner pid=4169184)[0m WARNING:2026-06-30 01:54:30,655:7c96b2f9-4a01-42a9-888e-b9b9d0fab20a/task_solve: trimming teacher scores (316 → 258 tokens).  This is expected to be rare (<1% of steps).
[36m(TaskRunner pid=4169184)[0m WARNING:2026-06-30 01:54:34,048:7c96b2f9-4a01-42a9-888e-b9b9d0fab20a/full: trimming teacher scores (316 → 276 tokens).  This is expected to be rare (<1% of steps).
[36m(TaskRunner pid=4169184)[0m WARNING:2026-06-30 01:54:34,048:7c96b2f9-4a01-42a9-888e-b9b9d0fab20a/degraded: trimming teacher scores (316 → 276 tokens).  This is expected to be rare (<1% of steps).
[36m(TaskRunner pid=4169184)[0m WARNING:2026-06-30 01:54:34,049:7c96b2f9-4a01-42a9-888e-b9b9d0fab20a/free: trimming teacher scores (316 → 276 tokens).  This is expected to be rare (<1% of steps).
[36m(TaskRunner pid=4169184)[0m WARNING:2026-06-30 01:54:34,049:7c96b2f9-4a01-42a9-888e-b9b9d0fab20a/task_visible: trimming teacher scores (316 → 276 tokens).  This is expected to be rare (<1% of steps).
[36m(TaskRunner pid=4169184)[0m WARNING:2026-06-30 01:54:34,049:7c96b2f9-4a01-42a9-888e-b9b9d0fab20a/task_infer: trimming teacher scores (316 → 276 tokens).  This is expected to be rare (<1% of steps).
[36m(TaskRunner pid=4169184)[0m WARNING:2026-06-30 01:54:34,049:7c96b2f9-4a01-42a9-888e-b9b9d0fab20a/task_solve: trimming teacher scores (316 → 276 tokens).  This is expected to be rare (<1% of steps).
[36m(TaskRunner pid=4169184)[0m WARNING:2026-06-30 01:54:37,710:7c96b2f9-4a01-42a9-888e-b9b9d0fab20a/full: trimming teacher scores (316 → 265 tokens).  This is expected to be rare (<1% of steps).
[36m(TaskRunner pid=4169184)[0m WARNING:2026-06-30 01:54:37,710:7c96b2f9-4a01-42a9-888e-b9b9d0fab20a/degraded: trimming teacher scores (316 → 265 tokens).  This is expected to be rare (<1% of steps).
[36m(TaskRunner pid=4169184)[0m WARNING:2026-06-30 01:54:37,710:7c96b2f9-4a01-42a9-888e-b9b9d0fab20a/free: trimming teacher scores (316 → 265 tokens).  This is expected to be rare (<1% of steps).
[36m(TaskRunner pid=4169184)[0m WARNING:2026-06-30 01:54:37,710:7c96b2f9-4a01-42a9-888e-b9b9d0fab20a/task_visible: trimming teacher scores (316 → 265 tokens).  This is expected to be rare (<1% of steps).
[36m(TaskRunner pid=4169184)[0m WARNING:2026-06-30 01:54:37,710:7c96b2f9-4a01-42a9-888e-b9b9d0fab20a/task_infer: trimming teacher scores (316 → 265 tokens).  This is expected to be rare (<1% of steps).
[36m(TaskRunner pid=4169184)[0m WARNING:2026-06-30 01:54:37,711:7c96b2f9-4a01-42a9-888e-b9b9d0fab20a/task_solve: trimming teacher scores (316 → 265 tokens).  This is expected to be rare (<1% of steps).
[36m(TaskRunner pid=4169184)[0m WARNING:2026-06-30 01:54:46,318:a720d2a6-b9f9-4459-9897-649c322247ac/full: trimming teacher scores (381 → 272 tokens).  This is expected to be rare (<1% of steps).
[36m(TaskRunner pid=4169184)[0m WARNING:2026-06-30 01:54:46,319:a720d2a6-b9f9-4459-9897-649c322247ac/degraded: trimming teacher scores (381 → 272 tokens).  This is expected to be rare (<1% of steps).
[36m(TaskRunner pid=4169184)[0m WARNING:2026-06-30 01:54:46,319:a720d2a6-b9f9-4459-9897-649c322247ac/free: trimming teacher scores (381 → 272 tokens).  This is expected to be rare (<1% of steps).
[36m(TaskRunner pid=4169184)[0m WARNING:2026-06-30 01:54:46,319:a720d2a6-b9f9-4459-9897-649c322247ac/task_visible: trimming teacher scores (381 → 272 tokens).  This is expected to be rare (<1% of steps).
[36m(TaskRunner pid=4169184)[0m WARNING:2026-06-30 01:54:46,319:a720d2a6-b9f9-4459-9897-649c322247ac/task_infer: trimming teacher scores (381 → 272 tokens).  This is expected to be rare (<1% of steps).
[36m(TaskRunner pid=4169184)[0m WARNING:2026-06-30 01:54:46,319:a720d2a6-b9f9-4459-9897-649c322247ac/task_solve: trimming teacher scores (381 → 272 tokens).  This is expected to be rare (<1% of steps).
[36m(TaskRunner pid=4169184)[0m WARNING:2026-06-30 01:54:49,907:a720d2a6-b9f9-4459-9897-649c322247ac/full: trimming teacher scores (381 → 300 tokens).  This is expected to be rare (<1% of steps).
[36m(TaskRunner pid=4169184)[0m WARNING:2026-06-30 01:54:49,908:a720d2a6-b9f9-4459-9897-649c322247ac/degraded: trimming teacher scores (381 → 300 tokens).  This is expected to be rare (<1% of steps).
[36m(TaskRunner pid=4169184)[0m WARNING:2026-06-30 01:54:49,908:a720d2a6-b9f9-4459-9897-649c322247ac/free: trimming teacher scores (381 → 300 tokens).  This is expected to be rare (<1% of steps).
[36m(TaskRunner pid=4169184)[0m WARNING:2026-06-30 01:54:49,908:a720d2a6-b9f9-4459-9897-649c322247ac/task_visible: trimming teacher scores (381 → 300 tokens).  This is expected to be rare (<1% of steps).
[36m(TaskRunner pid=4169184)[0m WARNING:2026-06-30 01:54:49,908:a720d2a6-b9f9-4459-9897-649c322247ac/task_infer: trimming teacher scores (381 → 300 tokens).  This is expected to be rare (<1% of steps).
[36m(TaskRunner pid=4169184)[0m WARNING:2026-06-30 01:54:49,908:a720d2a6-b9f9-4459-9897-649c322247ac/task_solve: trimming teacher scores (381 → 300 tokens).  This is expected to be rare (<1% of steps).
[36m(TaskRunner pid=4169184)[0m WARNING:2026-06-30 01:54:53,871:a720d2a6-b9f9-4459-9897-649c322247ac/full: trimming teacher scores (381 → 310 tokens).  This is expected to be rare (<1% of steps).
[36m(TaskRunner pid=4169184)[0m WARNING:2026-06-30 01:54:53,872:a720d2a6-b9f9-4459-9897-649c322247ac/degraded: trimming teacher scores (381 → 310 tokens).  This is expected to be rare (<1% of steps).
[36m(TaskRunner pid=4169184)[0m WARNING:2026-06-30 01:54:53,872:a720d2a6-b9f9-4459-9897-649c322247ac/free: trimming teacher scores (381 → 310 tokens).  This is expected to be rare (<1% of steps).
[36m(TaskRunner pid=4169184)[0m WARNING:2026-06-30 01:54:53,872:a720d2a6-b9f9-4459-9897-649c322247ac/task_visible: trimming teacher scores (381 → 310 tokens).  This is expected to be rare (<1% of steps).
[36m(TaskRunner pid=4169184)[0m WARNING:2026-06-30 01:54:53,872:a720d2a6-b9f9-4459-9897-649c322247ac/task_infer: trimming teacher scores (381 → 310 tokens).  This is expected to be rare (<1% of steps).
[36m(TaskRunner pid=4169184)[0m WARNING:2026-06-30 01:54:53,872:a720d2a6-b9f9-4459-9897-649c322247ac/task_solve: trimming teacher scores (381 → 310 tokens).  This is expected to be rare (<1% of steps).
[36m(TaskRunner pid=4169184)[0m WARNING:2026-06-30 01:54:57,986:a720d2a6-b9f9-4459-9897-649c322247ac/full: trimming teacher scores (381 → 311 tokens).  This is expected to be rare (<1% of steps).
[36m(TaskRunner pid=4169184)[0m WARNING:2026-06-30 01:54:57,987:a720d2a6-b9f9-4459-9897-649c322247ac/degraded: trimming teacher scores (381 → 311 tokens).  This is expected to be rare (<1% of steps).
[36m(TaskRunner pid=4169184)[0m WARNING:2026-06-30 01:54:57,987:a720d2a6-b9f9-4459-9897-649c322247ac/free: trimming teacher scores (381 → 311 tokens).  This is expected to be rare (<1% of steps).
[36m(TaskRunner pid=4169184)[0m WARNING:2026-06-30 01:54:57,987:a720d2a6-b9f9-4459-9897-649c322247ac/task_visible: trimming teacher scores (381 → 311 tokens).  This is expected to be rare (<1% of steps).
[36m(TaskRunner pid=4169184)[0m WARNING:2026-06-30 01:54:57,987:a720d2a6-b9f9-4459-9897-649c322247ac/task_infer: trimming teacher scores (381 → 311 tokens).  This is expected to be rare (<1% of steps).
[36m(TaskRunner pid=4169184)[0m WARNING:2026-06-30 01:54:57,987:a720d2a6-b9f9-4459-9897-649c322247ac/task_solve: trimming teacher scores (381 → 311 tokens).  This is expected to be rare (<1% of steps).
[36m(TaskRunner pid=4169184)[0m WARNING:2026-06-30 01:55:02,065:a720d2a6-b9f9-4459-9897-649c322247ac/full: trimming teacher scores (381 → 276 tokens).  This is expected to be rare (<1% of steps).
[36m(TaskRunner pid=4169184)[0m WARNING:2026-06-30 01:55:02,065:a720d2a6-b9f9-4459-9897-649c322247ac/degraded: trimming teacher scores (381 → 276 tokens).  This is expected to be rare (<1% of steps).
[36m(TaskRunner pid=4169184)[0m WARNING:2026-06-30 01:55:02,065:a720d2a6-b9f9-4459-9897-649c322247ac/free: trimming teacher scores (381 → 276 tokens).  This is expected to be rare (<1% of steps).
[36m(TaskRunner pid=4169184)[0m WARNING:2026-06-30 01:55:02,065:a720d2a6-b9f9-4459-9897-649c322247ac/task_visible: trimming teacher scores (381 → 276 tokens).  This is expected to be rare (<1% of steps).
[36m(TaskRunner pid=4169184)[0m WARNING:2026-06-30 01:55:02,065:a720d2a6-b9f9-4459-9897-649c322247ac/task_infer: trimming teacher scores (381 → 276 tokens).  This is expected to be rare (<1% of steps).
[36m(TaskRunner pid=4169184)[0m WARNING:2026-06-30 01:55:02,066:a720d2a6-b9f9-4459-9897-649c322247ac/task_solve: trimming teacher scores (381 → 276 tokens).  This is expected to be rare (<1% of steps).
[36m(TaskRunner pid=4169184)[0m WARNING:2026-06-30 01:55:05,749:a720d2a6-b9f9-4459-9897-649c322247ac/full: trimming teacher scores (381 → 348 tokens).  This is expected to be rare (<1% of steps).
[36m(TaskRunner pid=4169184)[0m WARNING:2026-06-30 01:55:05,749:a720d2a6-b9f9-4459-9897-649c322247ac/degraded: trimming teacher scores (381 → 348 tokens).  This is expected to be rare (<1% of steps).
[36m(TaskRunner pid=4169184)[0m WARNING:2026-06-30 01:55:05,749:a720d2a6-b9f9-4459-9897-649c322247ac/free: trimming teacher scores (381 → 348 tokens).  This is expected to be rare (<1% of steps).
[36m(TaskRunner pid=4169184)[0m WARNING:2026-06-30 01:55:05,749:a720d2a6-b9f9-4459-9897-649c322247ac/task_visible: trimming teacher scores (381 → 348 tokens).  This is expected to be rare (<1% of steps).
[36m(TaskRunner pid=4169184)[0m WARNING:2026-06-30 01:55:05,749:a720d2a6-b9f9-4459-9897-649c322247ac/task_infer: trimming teacher scores (381 → 348 tokens).  This is expected to be rare (<1% of steps).
[36m(TaskRunner pid=4169184)[0m WARNING:2026-06-30 01:55:05,750:a720d2a6-b9f9-4459-9897-649c322247ac/task_solve: trimming teacher scores (381 → 348 tokens).  This is expected to be rare (<1% of steps).
[36m(TaskRunner pid=4169184)[0m WARNING:2026-06-30 01:55:10,346:a720d2a6-b9f9-4459-9897-649c322247ac/full: trimming teacher scores (381 → 318 tokens).  This is expected to be rare (<1% of steps).
[36m(TaskRunner pid=4169184)[0m WARNING:2026-06-30 01:55:10,347:a720d2a6-b9f9-4459-9897-649c322247ac/degraded: trimming teacher scores (381 → 318 tokens).  This is expected to be rare (<1% of steps).
[36m(TaskRunner pid=4169184)[0m WARNING:2026-06-30 01:55:10,347:a720d2a6-b9f9-4459-9897-649c322247ac/free: trimming teacher scores (381 → 318 tokens).  This is expected to be rare (<1% of steps).
[36m(TaskRunner pid=4169184)[0m WARNING:2026-06-30 01:55:10,347:a720d2a6-b9f9-4459-9897-649c322247ac/task_visible: trimming teacher scores (381 → 318 tokens).  This is expected to be rare (<1% of steps).
[36m(TaskRunner pid=4169184)[0m WARNING:2026-06-30 01:55:10,347:a720d2a6-b9f9-4459-9897-649c322247ac/task_infer: trimming teacher scores (381 → 318 tokens).  This is expected to be rare (<1% of steps).
[36m(TaskRunner pid=4169184)[0m WARNING:2026-06-30 01:55:10,347:a720d2a6-b9f9-4459-9897-649c322247ac/task_solve: trimming teacher scores (381 → 318 tokens).  This is expected to be rare (<1% of steps).

[33m(raylet)[0m Raylet is terminated. Termination is unexpected. Possible reasons include: (1) SIGKILL by the user or system OOM killer, (2) Invalid memory access from Raylet causing SIGSEGV or SIGBUS, (3) Other termination signals. Last 20 lines of the Raylet logs:
    [state-dump] 	ray::rpc::JobInfoGcsService.grpc_client.AddJob.OnReplyReceived - 1 total (0 active), Execution time: mean = 0.04ms, total = 0.04ms, Queueing time: mean = 0.01ms, max = 0.01ms, min = 0.01ms, total = 0.01ms
    [state-dump] 	ray::rpc::InternalKVGcsService.grpc_client.GetInternalConfig - 1 total (0 active), Execution time: mean = 0.76ms, total = 0.76ms, Queueing time: mean = 0.00ms, max = -0.00ms, min = 9223372036854.78ms, total = 0.00ms
    [state-dump] 	ray::rpc::InternalKVGcsService.grpc_client.GetInternalConfig.OnReplyReceived - 1 total (0 active), Execution time: mean = 1681.49ms, total = 1681.49ms, Queueing time: mean = 0.01ms, max = 0.01ms, min = 0.01ms, total = 0.01ms
    [state-dump] 	ray::rpc::NodeInfoGcsService.grpc_client.GetAllNodeAddressAndLiveness - 1 total (0 active), Execution time: mean = 0.50ms, total = 0.50ms, Queueing time: mean = 0.00ms, max = -0.00ms, min = 9223372036854.78ms, total = 0.00ms
    [state-dump] 	ray::rpc::NodeInfoGcsService.grpc_client.GetAllNodeAddressAndLiveness.OnReplyReceived - 1 total (0 active), Execution time: mean = 0.12ms, total = 0.12ms, Queueing time: mean = 0.01ms, max = 0.01ms, min = 0.01ms, total = 0.01ms
    [state-dump] 	NodeManagerService.grpc_server.ReturnWorkerLease.HandleRequestImpl - 1 total (0 active), Execution time: mean = 0.10ms, total = 0.10ms, Queueing time: mean = 0.01ms, max = 0.01ms, min = 0.01ms, total = 0.01ms
    [state-dump] 	ray::rpc::NodeInfoGcsService.grpc_client.RegisterNode - 1 total (0 active), Execution time: mean = 0.74ms, total = 0.74ms, Queueing time: mean = 0.00ms, max = -0.00ms, min = 9223372036854.78ms, total = 0.00ms
    [state-dump] 	NodeManagerService.grpc_server.PrepareBundleResources - 1 total (0 active), Execution time: mean = 0.42ms, total = 0.42ms, Queueing time: mean = 0.00ms, max = -0.00ms, min = 9223372036854.78ms, total = 0.00ms
    [state-dump] 	ray::rpc::JobInfoGcsService.grpc_client.GetAllJobInfo - 1 total (0 active), Execution time: mean = 0.33ms, total = 0.33ms, Queueing time: mean = 0.00ms, max = -0.00ms, min = 9223372036854.78ms, total = 0.00ms
    [state-dump] 	ReporterService.grpc_client.HealthCheck.OnReplyReceived - 1 total (0 active), Execution time: mean = 0.20ms, total = 0.20ms, Queueing time: mean = 0.02ms, max = 0.02ms, min = 0.02ms, total = 0.02ms
    [state-dump] 	ray::rpc::JobInfoGcsService.grpc_client.AddJob - 1 total (0 active), Execution time: mean = 0.73ms, total = 0.73ms, Queueing time: mean = 0.00ms, max = -0.00ms, min = 9223372036854.78ms, total = 0.00ms
    [state-dump] 	Subscriber.HandlePublishedMessage_GCS_JOB_CHANNEL - 1 total (0 active), Execution time: mean = 0.04ms, total = 0.04ms, Queueing time: mean = 0.07ms, max = 0.07ms, min = 0.07ms, total = 0.07ms
    [state-dump] 	ray::rpc::JobInfoGcsService.grpc_client.GetAllJobInfo.OnReplyReceived - 1 total (0 active), Execution time: mean = 0.02ms, total = 0.02ms, Queueing time: mean = 0.01ms, max = 0.01ms, min = 0.01ms, total = 0.01ms
    [state-dump] 	NodeManagerService.grpc_server.ReturnWorkerLease - 1 total (0 active), Execution time: mean = 0.21ms, total = 0.21ms, Queueing time: mean = 0.00ms, max = -0.00ms, min = 9223372036854.78ms, total = 0.00ms
    [state-dump] DebugString() time ms: 0
    [state-dump] 
    [state-dump] 
    [2026-06-30 01:55:02,699 I 4143398 4143398] (raylet) local_resource_manager.cc:349: Object store memory is idle.
    [2026-06-30 01:55:06,400 I 4143398 4143398] (raylet) local_resource_manager.cc:349: Object store memory is idle.
    [2026-06-30 01:55:11,001 I 4143398 4143398] (raylet) local_resource_manager.cc:349: Object store memory is idle.

Error executing job with overrides: ['data.train_files=/inspire/hdd/global_user/mengweicheng-240108120092/lzy/fc-opd-storage/outputs/fc_opd/verl_smoke/train.parquet', 'data.val_files=/inspire/hdd/global_user/mengweicheng-240108120092/lzy/fc-opd-storage/outputs/fc_opd/verl_smoke/train.parquet', 'data.train_batch_size=2', 'data.max_prompt_length=1024', 'data.max_response_length=512', 'data.filter_overlong_prompts=false', 'data.truncation=error', 'data.image_key=images', 'data.custom_cls.path=file:///inspire/hdd/global_user/mengweicheng-240108120092/lzy/projects/Dual-Track-OPD/src/dual_track_opd/fc_opd/verl_dataset.py', 'data.custom_cls.name=FCOPDDataset', 'actor_rollout_ref.model.path=/inspire/hdd/global_user/mengweicheng-240108120092/lzy/models/Qwen3-VL-4B-Instruct', 'actor_rollout_ref.model.use_remove_padding=false', 'actor_rollout_ref.model.use_fused_kernels=false', 'actor_rollout_ref.model.enable_gradient_checkpointing=true', '++actor_rollout_ref.model.override_config.attn_implementation=sdpa', 'actor_rollout_ref.actor.optim.lr=2e-6', 'actor_rollout_ref.actor.ppo_mini_batch_size=2', 'actor_rollout_ref.actor.ppo_micro_batch_size_per_gpu=1', 'actor_rollout_ref.actor.use_dynamic_bsz=true', 'actor_rollout_ref.actor.ppo_max_token_len_per_gpu=16384', 'actor_rollout_ref.actor.use_kl_loss=false', 'actor_rollout_ref.actor.fsdp_config.param_offload=false', 'actor_rollout_ref.actor.fsdp_config.optimizer_offload=false', 'actor_rollout_ref.rollout.name=vllm', 'actor_rollout_ref.rollout.tensor_model_parallel_size=1', 'actor_rollout_ref.rollout.gpu_memory_utilization=0.5', 'actor_rollout_ref.rollout.max_model_len=2048', 'actor_rollout_ref.rollout.n=8', 'actor_rollout_ref.rollout.free_cache_engine=true', 'actor_rollout_ref.rollout.enforce_eager=true', 'actor_rollout_ref.rollout.log_prob_micro_batch_size_per_gpu=4', 'actor_rollout_ref.rollout.agent.num_workers=4', 'actor_rollout_ref.ref.fsdp_config.param_offload=true', 'reward_model.enable=false', 'reward_model.num_workers=null', 'reward_model.reward_manager=null', 'reward_model.reward_loop_source=null', 'reward_model.reward_loop_module_path=null', 'reward_model.reward_loop_class_name=null', 'reward_model.model.path=null', 'custom_reward_function.path=file:///inspire/hdd/global_user/mengweicheng-240108120092/lzy/projects/Dual-Track-OPD/src/dual_track_opd/fc_opd/smoke_reward.py', 'custom_reward_function.name=compute_score', 'algorithm.adv_estimator=grpo', 'algorithm.use_kl_in_reward=false', '+algorithm.fc_opd.post_rollout_hook=dual_track_opd.fc_opd.verl_post_rollout_hook.fc_opd_post_rollout_hook', '+algorithm.fc_opd.student_scorer_fqn=dual_track_opd.fc_opd.student_scorer.StudentScorer', '+algorithm.fc_opd.student_scorer_kwargs.model_path=/inspire/hdd/global_user/mengweicheng-240108120092/lzy/models/Qwen3-VL-4B-Instruct', '+algorithm.fc_opd.student_scorer_kwargs.device=cuda', '+algorithm.fc_opd.student_scorer_kwargs.dtype=bfloat16', '+algorithm.fc_opd.student_scorer_kwargs.top_k=32', '+algorithm.fc_opd.teacher_url=http://127.0.0.1:18080', '+algorithm.fc_opd.conditions=[full,degraded,free,task_visible,task_infer,task_solve]', '+algorithm.fc_opd.loss_coef=0.01', '+algorithm.fc_opd.loss_mode=reverse', '+algorithm.fc_opd.renormalize_topk=true', '+algorithm.fc_opd.include_tail=true', 'trainer.total_epochs=200', 'trainer.n_gpus_per_node=2', 'trainer.nnodes=1', 'trainer.critic_warmup=0', "trainer.logger=['console']", 'trainer.project_name=fc_opd_overnight', 'trainer.experiment_name=fc_opd_overnight_20260630_013805', 'trainer.save_freq=25', 'trainer.test_freq=-1', 'trainer.default_local_dir=/inspire/hdd/global_user/mengweicheng-240108120092/lzy/projects/Dual-Track-OPD/checkpoints/verl_fc_opd_overnight/fc_opd_overnight_20260630_013805', 'trainer.val_before_train=false']
Traceback (most recent call last):
  File "/inspire/hdd/global_user/mengweicheng-240108120092/lzy/projects/Dual-Track-OPD/third_party/verl/verl/trainer/main_ppo.py", line 45, in main
    run_ppo(config)
  File "/inspire/hdd/global_user/mengweicheng-240108120092/lzy/projects/Dual-Track-OPD/third_party/verl/verl/trainer/main_ppo.py", line 99, in run_ppo
    ray.get(runner.run.remote(config))
  File "/inspire/hdd/global_user/mengweicheng-240108120092/lzy/fc-opd-storage/envs/fc-opd-verl071-cu128/lib/python3.12/site-packages/ray/_private/auto_init_hook.py", line 22, in auto_init_wrapper
    return fn(*args, **kwargs)
           ^^^^^^^^^^^^^^^^^^^
  File "/inspire/hdd/global_user/mengweicheng-240108120092/lzy/fc-opd-storage/envs/fc-opd-verl071-cu128/lib/python3.12/site-packages/ray/_private/client_mode_hook.py", line 107, in wrapper
    return func(*args, **kwargs)
           ^^^^^^^^^^^^^^^^^^^^^
  File "/inspire/hdd/global_user/mengweicheng-240108120092/lzy/fc-opd-storage/envs/fc-opd-verl071-cu128/lib/python3.12/site-packages/ray/_private/worker.py", line 2980, in get
    values, debugger_breakpoint = worker.get_objects(
                                  ^^^^^^^^^^^^^^^^^^^
  File "/inspire/hdd/global_user/mengweicheng-240108120092/lzy/fc-opd-storage/envs/fc-opd-verl071-cu128/lib/python3.12/site-packages/ray/_private/worker.py", line 1025, in get_objects
    raise value
ray.exceptions.ActorUnavailableError: The actor 9ca1d7c28de17a19996ce3b401000000 is unavailable: The actor is temporarily unavailable: RpcError: RPC error: Socket closed rpc_code: 14. The task may or may not have been executed on the actor.

Set the environment variable HYDRA_FULL_ERROR=1 for a complete stack trace.
[33m(raylet)[0m Raylet is terminated. Termination is unexpected. Possible reasons include: (1) SIGKILL by the user or system OOM killer, (2) Invalid memory access from Raylet causing SIGSEGV or SIGBUS, (3) Other termination signals. Last 20 lines of the Raylet logs:
    [state-dump] 	ray::rpc::JobInfoGcsService.grpc_client.AddJob.OnReplyReceived - 1 total (0 active), Execution time: mean = 0.04ms, total = 0.04ms, Queueing time: mean = 0.01ms, max = 0.01ms, min = 0.01ms, total = 0.01ms
    [state-dump] 	ray::rpc::InternalKVGcsService.grpc_client.GetInternalConfig - 1 total (0 active), Execution time: mean = 0.76ms, total = 0.76ms, Queueing time: mean = 0.00ms, max = -0.00ms, min = 9223372036854.78ms, total = 0.00ms
    [state-dump] 	ray::rpc::InternalKVGcsService.grpc_client.GetInternalConfig.OnReplyReceived - 1 total (0 active), Execution time: mean = 1681.49ms, total = 1681.49ms, Queueing time: mean = 0.01ms, max = 0.01ms, min = 0.01ms, total = 0.01ms
    [state-dump] 	ray::rpc::NodeInfoGcsService.grpc_client.GetAllNodeAddressAndLiveness - 1 total (0 active), Execution time: mean = 0.50ms, total = 0.50ms, Queueing time: mean = 0.00ms, max = -0.00ms, min = 9223372036854.78ms, total = 0.00ms
    [state-dump] 	ray::rpc::NodeInfoGcsService.grpc_client.GetAllNodeAddressAndLiveness.OnReplyReceived - 1 total (0 active), Execution time: mean = 0.12ms, total = 0.12ms, Queueing time: mean = 0.01ms, max = 0.01ms, min = 0.01ms, total = 0.01ms
    [state-dump] 	NodeManagerService.grpc_server.ReturnWorkerLease.HandleRequestImpl - 1 total (0 active), Execution time: mean = 0.10ms, total = 0.10ms, Queueing time: mean = 0.01ms, max = 0.01ms, min = 0.01ms, total = 0.01ms
    [state-dump] 	ray::rpc::NodeInfoGcsService.grpc_client.RegisterNode - 1 total (0 active), Execution time: mean = 0.74ms, total = 0.74ms, Queueing time: mean = 0.00ms, max = -0.00ms, min = 9223372036854.78ms, total = 0.00ms
    [state-dump] 	NodeManagerService.grpc_server.PrepareBundleResources - 1 total (0 active), Execution time: mean = 0.42ms, total = 0.42ms, Queueing time: mean = 0.00ms, max = -0.00ms, min = 9223372036854.78ms, total = 0.00ms
    [state-dump] 	ray::rpc::JobInfoGcsService.grpc_client.GetAllJobInfo - 1 total (0 active), Execution time: mean = 0.33ms, total = 0.33ms, Queueing time: mean = 0.00ms, max = -0.00ms, min = 9223372036854.78ms, total = 0.00ms
    [state-dump] 	ReporterService.grpc_client.HealthCheck.OnReplyReceived - 1 total (0 active), Execution time: mean = 0.20ms, total = 0.20ms, Queueing time: mean = 0.02ms, max = 0.02ms, min = 0.02ms, total = 0.02ms
    [state-dump] 	ray::rpc::JobInfoGcsService.grpc_client.AddJob - 1 total (0 active), Execution time: mean = 0.73ms, total = 0.73ms, Queueing time: mean = 0.00ms, max = -0.00ms, min = 9223372036854.78ms, total = 0.00ms
    [state-dump] 	Subscriber.HandlePublishedMessage_GCS_JOB_CHANNEL - 1 total (0 active), Execution time: mean = 0.04ms, total = 0.04ms, Queueing time: mean = 0.07ms, max = 0.07ms, min = 0.07ms, total = 0.07ms
    [state-dump] 	ray::rpc::JobInfoGcsService.grpc_client.GetAllJobInfo.OnReplyReceived - 1 total (0 active), Execution time: mean = 0.02ms, total = 0.02ms, Queueing time: mean = 0.01ms, max = 0.01ms, min = 0.01ms, total = 0.01ms
    [state-dump] 	NodeManagerService.grpc_server.ReturnWorkerLease - 1 total (0 active), Execution time: mean = 0.21ms, total = 0.21ms, Queueing time: mean = 0.00ms, max = -0.00ms, min = 9223372036854.78ms, total = 0.00ms
    [state-dump] DebugString() time ms: 0
    [state-dump] 
    [state-dump] 
    [2026-06-30 01:55:02,699 I 4143398 4143398] (raylet) local_resource_manager.cc:349: Object store memory is idle.
    [2026-06-30 01:55:06,400 I 4143398 4143398] (raylet) local_resource_manager.cc:349: Object store memory is idle.
    [2026-06-30 01:55:11,001 I 4143398 4143398] (raylet) local_resource_manager.cc:349: Object store memory is idle.


=== Cleanup ===
2026-06-30 01:55:21,542	INFO scripts.py:1391 -- Did not find any active Ray processes.

══════════════════════════════════════════════════════════════
  Run:    fc_opd_overnight_20260630_013805
  Steps:  200
  Log:    /inspire/hdd/global_user/mengweicheng-240108120092/lzy/projects/Dual-Track-OPD/artifacts/fc_opd/train_fc_opd_overnight_20260630_013805.log
  CKPT:   /inspire/hdd/global_user/mengweicheng-240108120092/lzy/projects/Dual-Track-OPD/checkpoints/verl_fc_opd_overnight/fc_opd_overnight_20260630_013805
  Exit:   1
══════════════════════════════════════════════════════════════
