/inspire/hdd/global_user/mengweicheng-240108120092/lzy/fc-opd-storage/envs/fc-opd-verl071-cu128/lib/python3.12/site-packages/torch/cuda/__init__.py:63: FutureWarning: The pynvml package is deprecated. Please install nvidia-ml-py instead. If you did not install pynvml directly, please report this to the maintainers of the package that installed pynvml for you.
  import pynvml  # type: ignore[import]
/inspire/hdd/global_user/mengweicheng-240108120092/lzy/fc-opd-storage/envs/fc-opd-verl071-cu128/lib/python3.12/site-packages/transformers/utils/hub.py:110: FutureWarning: Using `TRANSFORMERS_CACHE` is deprecated and will be removed in v5 of Transformers. Use `HF_HOME` instead.
  warnings.warn(
INFO 06-29 13:10:37 [__init__.py:216] Automatically detected platform cuda.
2026-06-29 13:10:39,191	INFO worker.py:1814 -- Connecting to existing Ray cluster at address: 10.247.28.202:6379...
2026-06-29 13:10:39,203	INFO worker.py:2003 -- Connected to Ray cluster. View the dashboard at [1m[32mhttp://127.0.0.1:8265 [39m[22m
/inspire/hdd/global_user/mengweicheng-240108120092/lzy/fc-opd-storage/envs/fc-opd-verl071-cu128/lib/python3.12/site-packages/ray/_private/worker.py:2051: FutureWarning: Tip: In future versions of Ray, Ray will no longer override accelerator visible devices env var if num_gpus=0 or num_gpus=None (default). To enable this behavior and turn off this error message, set RAY_ACCEL_ENV_VAR_OVERRIDE_ON_ZERO=0
  warnings.warn(
[36m(pid=431148)[0m /inspire/hdd/global_user/mengweicheng-240108120092/lzy/fc-opd-storage/envs/fc-opd-verl071-cu128/lib/python3.12/site-packages/torch/cuda/__init__.py:63: FutureWarning: The pynvml package is deprecated. Please install nvidia-ml-py instead. If you did not install pynvml directly, please report this to the maintainers of the package that installed pynvml for you.
[36m(pid=431148)[0m   import pynvml  # type: ignore[import]
[36m(pid=431148)[0m /inspire/hdd/global_user/mengweicheng-240108120092/lzy/fc-opd-storage/envs/fc-opd-verl071-cu128/lib/python3.12/site-packages/transformers/utils/hub.py:110: FutureWarning: Using `TRANSFORMERS_CACHE` is deprecated and will be removed in v5 of Transformers. Use `HF_HOME` instead.
[36m(pid=431148)[0m   warnings.warn(
ray init kwargs: {'num_cpus': None, 'runtime_env': {'env_vars': {'TOKENIZERS_PARALLELISM': 'true', 'NCCL_DEBUG': 'WARN', 'VLLM_LOGGING_LEVEL': 'WARN', 'VLLM_ALLOW_RUNTIME_LORA_UPDATING': 'true', 'CUDA_DEVICE_MAX_CONNECTIONS': '1', 'VLLM_DISABLE_COMPILE_CACHE': '1', 'HCCL_HOST_SOCKET_PORT_RANGE': 'auto', 'HCCL_NPU_SOCKET_PORT_RANGE': 'auto'}, 'working_dir': None}}
[36m(TaskRunner pid=431148)[0m TaskRunner hostname: distributed-rl--lzy--64d03f736800-4zdrvl4wu5, PID: 431148
[36m(TaskRunner pid=431148)[0m {'actor_rollout_ref': {'actor': {'_target_': 'verl.workers.config.FSDPActorConfig',
[36m(TaskRunner pid=431148)[0m                                  'calculate_entropy': False,
[36m(TaskRunner pid=431148)[0m                                  'calculate_sum_pi_squared': False,
[36m(TaskRunner pid=431148)[0m                                  'checkpoint': {'_target_': 'verl.trainer.config.CheckpointConfig',
[36m(TaskRunner pid=431148)[0m                                                 'async_save': False,
[36m(TaskRunner pid=431148)[0m                                                 'load_contents': ['model',
[36m(TaskRunner pid=431148)[0m                                                                   'optimizer',
[36m(TaskRunner pid=431148)[0m                                                                   'extra'],
[36m(TaskRunner pid=431148)[0m                                                 'mbridge_config': {},
[36m(TaskRunner pid=431148)[0m                                                 'save_contents': ['model',
[36m(TaskRunner pid=431148)[0m                                                                   'optimizer',
[36m(TaskRunner pid=431148)[0m                                                                   'extra']},
[36m(TaskRunner pid=431148)[0m                                  'clip_ratio': 0.2,
[36m(TaskRunner pid=431148)[0m                                  'clip_ratio_c': 3.0,
[36m(TaskRunner pid=431148)[0m                                  'clip_ratio_high': 0.2,
[36m(TaskRunner pid=431148)[0m                                  'clip_ratio_low': 0.2,
[36m(TaskRunner pid=431148)[0m                                  'data_loader_seed': 42,
[36m(TaskRunner pid=431148)[0m                                  'entropy_checkpointing': False,
[36m(TaskRunner pid=431148)[0m                                  'entropy_coeff': 0,
[36m(TaskRunner pid=431148)[0m                                  'entropy_from_logits_with_chunking': False,
[36m(TaskRunner pid=431148)[0m                                  'freeze_vision_tower': False,
[36m(TaskRunner pid=431148)[0m                                  'fsdp_config': {'_target_': 'verl.workers.config.FSDPEngineConfig',
[36m(TaskRunner pid=431148)[0m                                                  'dtype': 'bfloat16',
[36m(TaskRunner pid=431148)[0m                                                  'entropy_checkpointing': False,
[36m(TaskRunner pid=431148)[0m                                                  'entropy_from_logits_with_chunking': False,
[36m(TaskRunner pid=431148)[0m                                                  'forward_only': False,
[36m(TaskRunner pid=431148)[0m                                                  'forward_prefetch': False,
[36m(TaskRunner pid=431148)[0m                                                  'fsdp_size': -1,
[36m(TaskRunner pid=431148)[0m                                                  'full_determinism': False,
[36m(TaskRunner pid=431148)[0m                                                  'model_dtype': 'fp32',
[36m(TaskRunner pid=431148)[0m                                                  'offload_policy': False,
[36m(TaskRunner pid=431148)[0m                                                  'optimizer_offload': False,
[36m(TaskRunner pid=431148)[0m                                                  'param_offload': False,
[36m(TaskRunner pid=431148)[0m                                                  'qat': {'_target_': 'verl.workers.config.QATEngineConfig',
[36m(TaskRunner pid=431148)[0m                                                          'activation_observer': 'static_minmax',
[36m(TaskRunner pid=431148)[0m                                                          'enable': False,
[36m(TaskRunner pid=431148)[0m                                                          'group_size': 16,
[36m(TaskRunner pid=431148)[0m                                                          'ignore_patterns': ['lm_head',
[36m(TaskRunner pid=431148)[0m                                                                              'embed_tokens',
[36m(TaskRunner pid=431148)[0m                                                                              're:.*mlp.gate$'],
[36m(TaskRunner pid=431148)[0m                                                          'mode': 'w4a16',
[36m(TaskRunner pid=431148)[0m                                                          'quantization_config_path': None},
[36m(TaskRunner pid=431148)[0m                                                  'reshard_after_forward': True,
[36m(TaskRunner pid=431148)[0m                                                  'seed': 42,
[36m(TaskRunner pid=431148)[0m                                                  'strategy': 'fsdp',
[36m(TaskRunner pid=431148)[0m                                                  'ulysses_sequence_parallel_size': 1,
[36m(TaskRunner pid=431148)[0m                                                  'use_orig_params': False,
[36m(TaskRunner pid=431148)[0m                                                  'use_torch_compile': True,
[36m(TaskRunner pid=431148)[0m                                                  'wrap_policy': {'min_num_params': 0}},
[36m(TaskRunner pid=431148)[0m                                  'grad_clip': 1.0,
[36m(TaskRunner pid=431148)[0m                                  'kl_loss_coef': 0.001,
[36m(TaskRunner pid=431148)[0m                                  'kl_loss_type': 'low_var_kl',
[36m(TaskRunner pid=431148)[0m                                  'loss_agg_mode': 'token-mean',
[36m(TaskRunner pid=431148)[0m                                  'loss_scale_factor': None,
[36m(TaskRunner pid=431148)[0m                                  'optim': {'_target_': 'verl.workers.config.FSDPOptimizerConfig',
[36m(TaskRunner pid=431148)[0m                                            'betas': [0.9, 0.999],
[36m(TaskRunner pid=431148)[0m                                            'clip_grad': 1.0,
[36m(TaskRunner pid=431148)[0m                                            'lr': 1e-06,
[36m(TaskRunner pid=431148)[0m                                            'lr_scheduler_type': 'constant',
[36m(TaskRunner pid=431148)[0m                                            'lr_warmup_steps': -1,
[36m(TaskRunner pid=431148)[0m                                            'lr_warmup_steps_ratio': 0.0,
[36m(TaskRunner pid=431148)[0m                                            'min_lr_ratio': 0.0,
[36m(TaskRunner pid=431148)[0m                                            'num_cycles': 0.5,
[36m(TaskRunner pid=431148)[0m                                            'optimizer': 'AdamW',
[36m(TaskRunner pid=431148)[0m                                            'optimizer_impl': 'torch.optim',
[36m(TaskRunner pid=431148)[0m                                            'override_optimizer_config': None,
[36m(TaskRunner pid=431148)[0m                                            'total_training_steps': -1,
[36m(TaskRunner pid=431148)[0m                                            'warmup_style': None,
[36m(TaskRunner pid=431148)[0m                                            'weight_decay': 0.01,
[36m(TaskRunner pid=431148)[0m                                            'zero_indexed_step': True},
[36m(TaskRunner pid=431148)[0m                                  'policy_loss': {'_target_': 'verl.workers.config.PolicyLossConfig',
[36m(TaskRunner pid=431148)[0m                                                  'clip_cov_lb': 1.0,
[36m(TaskRunner pid=431148)[0m                                                  'clip_cov_ratio': 0.0002,
[36m(TaskRunner pid=431148)[0m                                                  'clip_cov_ub': 5.0,
[36m(TaskRunner pid=431148)[0m                                                  'kl_cov_ratio': 0.0002,
[36m(TaskRunner pid=431148)[0m                                                  'loss_mode': 'vanilla',
[36m(TaskRunner pid=431148)[0m                                                  'ppo_kl_coef': 0.1},
[36m(TaskRunner pid=431148)[0m                                  'ppo_epochs': 1,
[36m(TaskRunner pid=431148)[0m                                  'ppo_max_token_len_per_gpu': 16384,
[36m(TaskRunner pid=431148)[0m                                  'ppo_micro_batch_size': None,
[36m(TaskRunner pid=431148)[0m                                  'ppo_micro_batch_size_per_gpu': 1,
[36m(TaskRunner pid=431148)[0m                                  'ppo_mini_batch_size': 2,
[36m(TaskRunner pid=431148)[0m                                  'profiler': {'_target_': 'verl.utils.profiler.ProfilerConfig',
[36m(TaskRunner pid=431148)[0m                                               'all_ranks': False,
[36m(TaskRunner pid=431148)[0m                                               'enable': False,
[36m(TaskRunner pid=431148)[0m                                               'ranks': [],
[36m(TaskRunner pid=431148)[0m                                               'save_path': 'outputs/profile',
[36m(TaskRunner pid=431148)[0m                                               'tool': None,
[36m(TaskRunner pid=431148)[0m                                               'tool_config': {'npu': {'_target_': 'verl.utils.profiler.config.NPUToolConfig',
[36m(TaskRunner pid=431148)[0m                                                                       'analysis': True,
[36m(TaskRunner pid=431148)[0m                                                                       'contents': [],
[36m(TaskRunner pid=431148)[0m                                                                       'discrete': False,
[36m(TaskRunner pid=431148)[0m                                                                       'level': 'level0'},
[36m(TaskRunner pid=431148)[0m                                                               'nsys': {'_target_': 'verl.utils.profiler.config.NsightToolConfig',
[36m(TaskRunner pid=431148)[0m                                                                        'discrete': False},
[36m(TaskRunner pid=431148)[0m                                                               'torch': {'_target_': 'verl.utils.profiler.config.TorchProfilerToolConfig',
[36m(TaskRunner pid=431148)[0m                                                                         'contents': [],
[36m(TaskRunner pid=431148)[0m                                                                         'discrete': False},
[36m(TaskRunner pid=431148)[0m                                                               'torch_memory': {'_target_': 'verl.utils.profiler.config.TorchMemoryToolConfig',
[36m(TaskRunner pid=431148)[0m                                                                                'stack_depth': 32,
[36m(TaskRunner pid=431148)[0m                                                                                'trace_alloc_max_entries': 100000}}},
[36m(TaskRunner pid=431148)[0m                                  'qat': {'activation_observer': 'static_minmax',
[36m(TaskRunner pid=431148)[0m                                          'enable': False,
[36m(TaskRunner pid=431148)[0m                                          'group_size': 16,
[36m(TaskRunner pid=431148)[0m                                          'ignore_patterns': ['lm_head',
[36m(TaskRunner pid=431148)[0m                                                              'embed_tokens',
[36m(TaskRunner pid=431148)[0m                                                              're:.*mlp.gate$'],
[36m(TaskRunner pid=431148)[0m                                          'mode': 'w4a16',
[36m(TaskRunner pid=431148)[0m                                          'quantization_config_path': None},
[36m(TaskRunner pid=431148)[0m                                  'rollout_n': 1,
[36m(TaskRunner pid=431148)[0m                                  'router_replay': {'_target_': 'verl.workers.config.RouterReplayConfig',
[36m(TaskRunner pid=431148)[0m                                                    'mode': 'disabled',
[36m(TaskRunner pid=431148)[0m                                                    'record_file': None,
[36m(TaskRunner pid=431148)[0m                                                    'replay_file': None},
[36m(TaskRunner pid=431148)[0m                                  'shuffle': False,
[36m(TaskRunner pid=431148)[0m                                  'strategy': 'fsdp',
[36m(TaskRunner pid=431148)[0m                                  'sum_pi_squared_checkpointing': False,
[36m(TaskRunner pid=431148)[0m                                  'tau_neg': 1.05,
[36m(TaskRunner pid=431148)[0m                                  'tau_pos': 1.0,
[36m(TaskRunner pid=431148)[0m                                  'ulysses_sequence_parallel_size': 1,
[36m(TaskRunner pid=431148)[0m                                  'use_dynamic_bsz': False,
[36m(TaskRunner pid=431148)[0m                                  'use_fused_kernels': False,
[36m(TaskRunner pid=431148)[0m                                  'use_kl_loss': False,
[36m(TaskRunner pid=431148)[0m                                  'use_prefix_grouper': False,
[36m(TaskRunner pid=431148)[0m                                  'use_remove_padding': False,
[36m(TaskRunner pid=431148)[0m                                  'use_torch_compile': True},
[36m(TaskRunner pid=431148)[0m                        'hybrid_engine': True,
[36m(TaskRunner pid=431148)[0m                        'model': {'_target_': 'verl.workers.config.HFModelConfig',
[36m(TaskRunner pid=431148)[0m                                  'custom_chat_template': None,
[36m(TaskRunner pid=431148)[0m                                  'enable_activation_offload': False,
[36m(TaskRunner pid=431148)[0m                                  'enable_gradient_checkpointing': True,
[36m(TaskRunner pid=431148)[0m                                  'exclude_modules': None,
[36m(TaskRunner pid=431148)[0m                                  'external_lib': None,
[36m(TaskRunner pid=431148)[0m                                  'fused_kernel_options': {'impl_backend': 'torch'},
[36m(TaskRunner pid=431148)[0m                                  'hf_config_path': None,
[36m(TaskRunner pid=431148)[0m                                  'lora_adapter_path': None,
[36m(TaskRunner pid=431148)[0m                                  'lora_alpha': 16,
[36m(TaskRunner pid=431148)[0m                                  'lora_rank': 0,
[36m(TaskRunner pid=431148)[0m                                  'mtp': {'_target_': 'verl.workers.config.MtpConfig',
[36m(TaskRunner pid=431148)[0m                                          'detach_encoder': False,
[36m(TaskRunner pid=431148)[0m                                          'enable': False,
[36m(TaskRunner pid=431148)[0m                                          'enable_rollout': False,
[36m(TaskRunner pid=431148)[0m                                          'enable_train': False,
[36m(TaskRunner pid=431148)[0m                                          'method': 'mtp',
[36m(TaskRunner pid=431148)[0m                                          'mtp_loss_scaling_factor': 0.1,
[36m(TaskRunner pid=431148)[0m                                          'num_speculative_tokens': 1,
[36m(TaskRunner pid=431148)[0m                                          'speculative_algorithm': 'EAGLE',
[36m(TaskRunner pid=431148)[0m                                          'speculative_eagle_topk': 1,
[36m(TaskRunner pid=431148)[0m                                          'speculative_num_draft_tokens': 4,
[36m(TaskRunner pid=431148)[0m                                          'speculative_num_steps': 3},
[36m(TaskRunner pid=431148)[0m                                  'override_config': {'attn_implementation': 'sdpa'},
[36m(TaskRunner pid=431148)[0m                                  'path': '/inspire/hdd/global_user/mengweicheng-240108120092/lzy/models/Qwen3-VL-4B-Instruct',
[36m(TaskRunner pid=431148)[0m                                  'target_modules': 'all-linear',
[36m(TaskRunner pid=431148)[0m                                  'tiled_mlp': {'enabled': False,
[36m(TaskRunner pid=431148)[0m                                                'num_shards': 4},
[36m(TaskRunner pid=431148)[0m                                  'tokenizer_path': None,
[36m(TaskRunner pid=431148)[0m                                  'trust_remote_code': False,
[36m(TaskRunner pid=431148)[0m                                  'use_fused_kernels': False,
[36m(TaskRunner pid=431148)[0m                                  'use_liger': False,
[36m(TaskRunner pid=431148)[0m                                  'use_remove_padding': False,
[36m(TaskRunner pid=431148)[0m                                  'use_shm': False},
[36m(TaskRunner pid=431148)[0m                        'nccl_timeout': 600,
[36m(TaskRunner pid=431148)[0m                        'ref': {'_target_': 'verl.workers.config.FSDPActorConfig',
[36m(TaskRunner pid=431148)[0m                                'entropy_checkpointing': False,
[36m(TaskRunner pid=431148)[0m                                'entropy_from_logits_with_chunking': False,
[36m(TaskRunner pid=431148)[0m                                'fsdp_config': {'_target_': 'verl.workers.config.FSDPEngineConfig',
[36m(TaskRunner pid=431148)[0m                                                'dtype': 'bfloat16',
[36m(TaskRunner pid=431148)[0m                                                'entropy_checkpointing': False,
[36m(TaskRunner pid=431148)[0m                                                'entropy_from_logits_with_chunking': False,
[36m(TaskRunner pid=431148)[0m                                                'forward_only': True,
[36m(TaskRunner pid=431148)[0m                                                'forward_prefetch': False,
[36m(TaskRunner pid=431148)[0m                                                'fsdp_size': -1,
[36m(TaskRunner pid=431148)[0m                                                'full_determinism': False,
[36m(TaskRunner pid=431148)[0m                                                'model_dtype': 'fp32',
[36m(TaskRunner pid=431148)[0m                                                'offload_policy': False,
[36m(TaskRunner pid=431148)[0m                                                'optimizer_offload': False,
[36m(TaskRunner pid=431148)[0m                                                'param_offload': True,
[36m(TaskRunner pid=431148)[0m                                                'qat': {'_target_': 'verl.workers.config.QATEngineConfig',
[36m(TaskRunner pid=431148)[0m                                                        'activation_observer': 'static_minmax',
[36m(TaskRunner pid=431148)[0m                                                        'enable': False,
[36m(TaskRunner pid=431148)[0m                                                        'group_size': 16,
[36m(TaskRunner pid=431148)[0m                                                        'ignore_patterns': ['lm_head',
[36m(TaskRunner pid=431148)[0m                                                                            'embed_tokens',
[36m(TaskRunner pid=431148)[0m                                                                            're:.*mlp.gate$'],
[36m(TaskRunner pid=431148)[0m                                                        'mode': 'w4a16',
[36m(TaskRunner pid=431148)[0m                                                        'quantization_config_path': None},
[36m(TaskRunner pid=431148)[0m                                                'reshard_after_forward': True,
[36m(TaskRunner pid=431148)[0m                                                'seed': 42,
[36m(TaskRunner pid=431148)[0m                                                'strategy': 'fsdp',
[36m(TaskRunner pid=431148)[0m                                                'ulysses_sequence_parallel_size': 1,
[36m(TaskRunner pid=431148)[0m                                                'use_orig_params': False,
[36m(TaskRunner pid=431148)[0m                                                'use_torch_compile': True,
[36m(TaskRunner pid=431148)[0m                                                'wrap_policy': {'min_num_params': 0}},
[36m(TaskRunner pid=431148)[0m                                'log_prob_max_token_len_per_gpu': 16384,
[36m(TaskRunner pid=431148)[0m                                'log_prob_micro_batch_size': None,
[36m(TaskRunner pid=431148)[0m                                'log_prob_micro_batch_size_per_gpu': None,
[36m(TaskRunner pid=431148)[0m                                'log_prob_use_dynamic_bsz': False,
[36m(TaskRunner pid=431148)[0m                                'profiler': {'_target_': 'verl.utils.profiler.ProfilerConfig',
[36m(TaskRunner pid=431148)[0m                                             'all_ranks': False,
[36m(TaskRunner pid=431148)[0m                                             'enable': False,
[36m(TaskRunner pid=431148)[0m                                             'ranks': [],
[36m(TaskRunner pid=431148)[0m                                             'save_path': 'outputs/profile',
[36m(TaskRunner pid=431148)[0m                                             'tool': None,
[36m(TaskRunner pid=431148)[0m                                             'tool_config': {'npu': {'_target_': 'verl.utils.profiler.config.NPUToolConfig',
[36m(TaskRunner pid=431148)[0m                                                                     'analysis': True,
[36m(TaskRunner pid=431148)[0m                                                                     'contents': [],
[36m(TaskRunner pid=431148)[0m                                                                     'discrete': False,
[36m(TaskRunner pid=431148)[0m                                                                     'level': 'level0'},
[36m(TaskRunner pid=431148)[0m                                                             'nsys': {'_target_': 'verl.utils.profiler.config.NsightToolConfig',
[36m(TaskRunner pid=431148)[0m                                                                      'discrete': False},
[36m(TaskRunner pid=431148)[0m                                                             'torch': {'_target_': 'verl.utils.profiler.config.TorchProfilerToolConfig',
[36m(TaskRunner pid=431148)[0m                                                                       'contents': [],
[36m(TaskRunner pid=431148)[0m                                                                       'discrete': False},
[36m(TaskRunner pid=431148)[0m                                                             'torch_memory': {'_target_': 'verl.utils.profiler.config.TorchMemoryToolConfig',
[36m(TaskRunner pid=431148)[0m                                                                              'stack_depth': 32,
[36m(TaskRunner pid=431148)[0m                                                                              'trace_alloc_max_entries': 100000}}},
[36m(TaskRunner pid=431148)[0m                                'rollout_n': 1,
[36m(TaskRunner pid=431148)[0m                                'router_replay': {'_target_': 'verl.workers.config.RouterReplayConfig',
[36m(TaskRunner pid=431148)[0m                                                  'mode': 'disabled',
[36m(TaskRunner pid=431148)[0m                                                  'record_file': None,
[36m(TaskRunner pid=431148)[0m                                                  'replay_file': None},
[36m(TaskRunner pid=431148)[0m                                'strategy': 'fsdp',
[36m(TaskRunner pid=431148)[0m                                'ulysses_sequence_parallel_size': 1,
[36m(TaskRunner pid=431148)[0m                                'use_torch_compile': True},
[36m(TaskRunner pid=431148)[0m                        'rollout': {'_target_': 'verl.workers.config.RolloutConfig',
[36m(TaskRunner pid=431148)[0m                                    'agent': {'_target_': 'verl.workers.config.AgentLoopConfig',
[36m(TaskRunner pid=431148)[0m                                              'agent_loop_config_path': None,
[36m(TaskRunner pid=431148)[0m                                              'custom_async_server': {'_target_': 'verl.workers.config.CustomAsyncServerConfig',
[36m(TaskRunner pid=431148)[0m                                                                      'name': None,
[36m(TaskRunner pid=431148)[0m                                                                      'path': None},
[36m(TaskRunner pid=431148)[0m                                              'default_agent_loop': 'single_turn_agent',
[36m(TaskRunner pid=431148)[0m                                              'num_workers': 2},
[36m(TaskRunner pid=431148)[0m                                    'calculate_log_probs': False,
[36m(TaskRunner pid=431148)[0m                                    'checkpoint_engine': {'_target_': 'verl.workers.config.CheckpointEngineConfig',
[36m(TaskRunner pid=431148)[0m                                                          'backend': 'naive',
[36m(TaskRunner pid=431148)[0m                                                          'engine_kwargs': {},
[36m(TaskRunner pid=431148)[0m                                                          'update_weights_bucket_megabytes': 2048},
[36m(TaskRunner pid=431148)[0m                                    'cudagraph_capture_sizes': None,
[36m(TaskRunner pid=431148)[0m                                    'data_parallel_size': 1,
[36m(TaskRunner pid=431148)[0m                                    'disable_log_stats': True,
[36m(TaskRunner pid=431148)[0m                                    'do_sample': True,
[36m(TaskRunner pid=431148)[0m                                    'dtype': 'bfloat16',
[36m(TaskRunner pid=431148)[0m                                    'enable_chunked_prefill': True,
[36m(TaskRunner pid=431148)[0m                                    'enable_prefix_caching': True,
[36m(TaskRunner pid=431148)[0m                                    'enable_rollout_routing_replay': False,
[36m(TaskRunner pid=431148)[0m                                    'enforce_eager': True,
[36m(TaskRunner pid=431148)[0m                                    'engine_kwargs': {'sglang': {},
[36m(TaskRunner pid=431148)[0m                                                      'trtllm': {},
[36m(TaskRunner pid=431148)[0m                                                      'vllm': {}},
[36m(TaskRunner pid=431148)[0m                                    'expert_parallel_size': 1,
[36m(TaskRunner pid=431148)[0m                                    'free_cache_engine': True,
[36m(TaskRunner pid=431148)[0m                                    'gpu_memory_utilization': 0.3,
[36m(TaskRunner pid=431148)[0m                                    'ignore_eos': False,
[36m(TaskRunner pid=431148)[0m                                    'layered_summon': False,
[36m(TaskRunner pid=431148)[0m                                    'load_format': 'dummy',
[36m(TaskRunner pid=431148)[0m                                    'log_prob_max_token_len_per_gpu': 16384,
[36m(TaskRunner pid=431148)[0m                                    'log_prob_micro_batch_size': None,
[36m(TaskRunner pid=431148)[0m                                    'log_prob_micro_batch_size_per_gpu': 2,
[36m(TaskRunner pid=431148)[0m                                    'log_prob_use_dynamic_bsz': False,
[36m(TaskRunner pid=431148)[0m                                    'logprobs_mode': 'processed_logprobs',
[36m(TaskRunner pid=431148)[0m                                    'max_model_len': 2048,
[36m(TaskRunner pid=431148)[0m                                    'max_num_batched_tokens': 8192,
[36m(TaskRunner pid=431148)[0m                                    'max_num_seqs': 1024,
[36m(TaskRunner pid=431148)[0m                                    'mode': 'async',
[36m(TaskRunner pid=431148)[0m                                    'mtp': {'_target_': 'verl.workers.config.MtpConfig',
[36m(TaskRunner pid=431148)[0m                                            'detach_encoder': False,
[36m(TaskRunner pid=431148)[0m                                            'enable': False,
[36m(TaskRunner pid=431148)[0m                                            'enable_rollout': False,
[36m(TaskRunner pid=431148)[0m                                            'enable_train': False,
[36m(TaskRunner pid=431148)[0m                                            'method': 'mtp',
[36m(TaskRunner pid=431148)[0m                                            'mtp_loss_scaling_factor': 0.1,
[36m(TaskRunner pid=431148)[0m                                            'num_speculative_tokens': 1,
[36m(TaskRunner pid=431148)[0m                                            'speculative_algorithm': 'EAGLE',
[36m(TaskRunner pid=431148)[0m                                            'speculative_eagle_topk': 1,
[36m(TaskRunner pid=431148)[0m                                            'speculative_num_draft_tokens': 4,
[36m(TaskRunner pid=431148)[0m                                            'speculative_num_steps': 3},
[36m(TaskRunner pid=431148)[0m                                    'multi_stage_wake_up': False,
[36m(TaskRunner pid=431148)[0m                                    'multi_turn': {'_target_': 'verl.workers.config.MultiTurnConfig',
[36m(TaskRunner pid=431148)[0m                                                   'enable': False,
[36m(TaskRunner pid=431148)[0m                                                   'format': 'hermes',
[36m(TaskRunner pid=431148)[0m                                                   'interaction_config_path': None,
[36m(TaskRunner pid=431148)[0m                                                   'max_assistant_turns': None,
[36m(TaskRunner pid=431148)[0m                                                   'max_parallel_calls': 1,
[36m(TaskRunner pid=431148)[0m                                                   'max_tool_response_length': 256,
[36m(TaskRunner pid=431148)[0m                                                   'max_user_turns': None,
[36m(TaskRunner pid=431148)[0m                                                   'num_repeat_rollouts': None,
[36m(TaskRunner pid=431148)[0m                                                   'tokenization_sanity_check_mode': 'strict',
[36m(TaskRunner pid=431148)[0m                                                   'tool_config_path': None,
[36m(TaskRunner pid=431148)[0m                                                   'tool_response_truncate_side': 'middle',
[36m(TaskRunner pid=431148)[0m                                                   'use_inference_chat_template': False},
[36m(TaskRunner pid=431148)[0m                                    'n': 1,
[36m(TaskRunner pid=431148)[0m                                    'n_gpus_per_node': 2,
[36m(TaskRunner pid=431148)[0m                                    'name': 'vllm',
[36m(TaskRunner pid=431148)[0m                                    'nnodes': 0,
[36m(TaskRunner pid=431148)[0m                                    'over_sample_rate': 0,
[36m(TaskRunner pid=431148)[0m                                    'pipeline_model_parallel_size': 1,
[36m(TaskRunner pid=431148)[0m                                    'profiler': {'_target_': 'verl.utils.profiler.ProfilerConfig',
[36m(TaskRunner pid=431148)[0m                                                 'all_ranks': False,
[36m(TaskRunner pid=431148)[0m                                                 'enable': False,
[36m(TaskRunner pid=431148)[0m                                                 'ranks': [],
[36m(TaskRunner pid=431148)[0m                                                 'save_path': 'outputs/profile',
[36m(TaskRunner pid=431148)[0m                                                 'tool': None,
[36m(TaskRunner pid=431148)[0m                                                 'tool_config': {'npu': {'_target_': 'verl.utils.profiler.config.NPUToolConfig',
[36m(TaskRunner pid=431148)[0m                                                                         'analysis': True,
[36m(TaskRunner pid=431148)[0m                                                                         'contents': [],
[36m(TaskRunner pid=431148)[0m                                                                         'discrete': False,
[36m(TaskRunner pid=431148)[0m                                                                         'level': 'level0'},
[36m(TaskRunner pid=431148)[0m                                                                 'torch': {'_target_': 'verl.utils.profiler.config.TorchProfilerToolConfig',
[36m(TaskRunner pid=431148)[0m                                                                           'contents': [],
[36m(TaskRunner pid=431148)[0m                                                                           'discrete': False}}},
[36m(TaskRunner pid=431148)[0m                                    'prometheus': {'_target_': 'verl.workers.config.PrometheusConfig',
[36m(TaskRunner pid=431148)[0m                                                   'enable': False,
[36m(TaskRunner pid=431148)[0m                                                   'file': '/tmp/ray/session_latest/metrics/prometheus/prometheus.yml',
[36m(TaskRunner pid=431148)[0m                                                   'port': 9090,
[36m(TaskRunner pid=431148)[0m                                                   'served_model_name': '/inspire/hdd/global_user/mengweicheng-240108120092/lzy/models/Qwen3-VL-4B-Instruct'},
[36m(TaskRunner pid=431148)[0m                                    'prompt_length': 1024,
[36m(TaskRunner pid=431148)[0m                                    'qat': {'_target_': 'verl.workers.config.QATEngineConfig',
[36m(TaskRunner pid=431148)[0m                                            'activation_observer': 'static_minmax',
[36m(TaskRunner pid=431148)[0m                                            'enable': False,
[36m(TaskRunner pid=431148)[0m                                            'group_size': 16,
[36m(TaskRunner pid=431148)[0m                                            'ignore_patterns': ['lm_head',
[36m(TaskRunner pid=431148)[0m                                                                'embed_tokens',
[36m(TaskRunner pid=431148)[0m                                                                're:.*mlp.gate$'],
[36m(TaskRunner pid=431148)[0m                                            'mode': 'w4a16',
[36m(TaskRunner pid=431148)[0m                                            'quantization_config_path': None},
[36m(TaskRunner pid=431148)[0m                                    'quantization': None,
[36m(TaskRunner pid=431148)[0m                                    'quantization_config_file': None,
[36m(TaskRunner pid=431148)[0m                                    'response_length': 512,
[36m(TaskRunner pid=431148)[0m                                    'scheduling_policy': 'fcfs',
[36m(TaskRunner pid=431148)[0m                                    'skip_dump_dir': '/tmp/rollout_dump',
[36m(TaskRunner pid=431148)[0m                                    'skip_rollout': False,
[36m(TaskRunner pid=431148)[0m                                    'skip_tokenizer_init': True,
[36m(TaskRunner pid=431148)[0m                                    'temperature': 1.0,
[36m(TaskRunner pid=431148)[0m                                    'tensor_model_parallel_size': 1,
[36m(TaskRunner pid=431148)[0m                                    'top_k': -1,
[36m(TaskRunner pid=431148)[0m                                    'top_p': 1,
[36m(TaskRunner pid=431148)[0m                                    'trace': {'_target_': 'verl.workers.config.TraceConfig',
[36m(TaskRunner pid=431148)[0m                                              'backend': None,
[36m(TaskRunner pid=431148)[0m                                              'experiment_name': 'fc_opd_overnight_20260629_130933',
[36m(TaskRunner pid=431148)[0m                                              'max_samples_per_step_per_worker': None,
[36m(TaskRunner pid=431148)[0m                                              'project_name': 'fc_opd_overnight',
[36m(TaskRunner pid=431148)[0m                                              'token2text': False},
[36m(TaskRunner pid=431148)[0m                                    'val_kwargs': {'_target_': 'verl.workers.config.SamplingConfig',
[36m(TaskRunner pid=431148)[0m                                                   'do_sample': False,
[36m(TaskRunner pid=431148)[0m                                                   'n': 1,
[36m(TaskRunner pid=431148)[0m                                                   'temperature': 0,
[36m(TaskRunner pid=431148)[0m                                                   'top_k': -1,
[36m(TaskRunner pid=431148)[0m                                                   'top_p': 1.0}}},
[36m(TaskRunner pid=431148)[0m  'algorithm': {'_target_': 'verl.trainer.config.AlgoConfig',
[36m(TaskRunner pid=431148)[0m                'adv_estimator': 'grpo',
[36m(TaskRunner pid=431148)[0m                'fc_opd': {'conditions': ['full',
[36m(TaskRunner pid=431148)[0m                                          'degraded',
[36m(TaskRunner pid=431148)[0m                                          'free',
[36m(TaskRunner pid=431148)[0m                                          'task_visible',
[36m(TaskRunner pid=431148)[0m                                          'task_infer',
[36m(TaskRunner pid=431148)[0m                                          'task_solve'],
[36m(TaskRunner pid=431148)[0m                           'include_tail': True,
[36m(TaskRunner pid=431148)[0m                           'loss_coef': 0.1,
[36m(TaskRunner pid=431148)[0m                           'loss_mode': 'reverse',
[36m(TaskRunner pid=431148)[0m                           'post_rollout_hook': 'dual_track_opd.fc_opd.verl_post_rollout_hook.fc_opd_post_rollout_hook',
[36m(TaskRunner pid=431148)[0m                           'renormalize_topk': True,
[36m(TaskRunner pid=431148)[0m                           'student_scorer_fqn': 'dual_track_opd.fc_opd.student_scorer.StudentScorer',
[36m(TaskRunner pid=431148)[0m                           'student_scorer_kwargs': {'device': 'cuda',
[36m(TaskRunner pid=431148)[0m                                                     'dtype': 'bfloat16',
[36m(TaskRunner pid=431148)[0m                                                     'model_path': '/inspire/hdd/global_user/mengweicheng-240108120092/lzy/models/Qwen3-VL-4B-Instruct',
[36m(TaskRunner pid=431148)[0m                                                     'top_k': 32},
[36m(TaskRunner pid=431148)[0m                           'teacher_url': 'http://127.0.0.1:18080'},
[36m(TaskRunner pid=431148)[0m                'gamma': 1.0,
[36m(TaskRunner pid=431148)[0m                'kl_ctrl': {'_target_': 'verl.trainer.config.KLControlConfig',
[36m(TaskRunner pid=431148)[0m                            'horizon': 10000,
[36m(TaskRunner pid=431148)[0m                            'kl_coef': 0.001,
[36m(TaskRunner pid=431148)[0m                            'target_kl': 0.1,
[36m(TaskRunner pid=431148)[0m                            'type': 'fixed'},
[36m(TaskRunner pid=431148)[0m                'kl_penalty': 'kl',
[36m(TaskRunner pid=431148)[0m                'lam': 1.0,
[36m(TaskRunner pid=431148)[0m                'norm_adv_by_std_in_grpo': True,
[36m(TaskRunner pid=431148)[0m                'pf_ppo': {'reweight_method': 'pow', 'weight_pow': 2.0},
[36m(TaskRunner pid=431148)[0m                'rollout_correction': {'bypass_mode': False,
[36m(TaskRunner pid=431148)[0m                                       'loss_type': 'ppo_clip',
[36m(TaskRunner pid=431148)[0m                                       'rollout_is': None,
[36m(TaskRunner pid=431148)[0m                                       'rollout_is_batch_normalize': False,
[36m(TaskRunner pid=431148)[0m                                       'rollout_is_threshold': 2.0,
[36m(TaskRunner pid=431148)[0m                                       'rollout_rs': None,
[36m(TaskRunner pid=431148)[0m                                       'rollout_rs_threshold': None},
[36m(TaskRunner pid=431148)[0m                'use_kl_in_reward': False,
[36m(TaskRunner pid=431148)[0m                'use_pf_ppo': False},
[36m(TaskRunner pid=431148)[0m  'critic': {'_target_': 'verl.workers.config.FSDPCriticConfig',
[36m(TaskRunner pid=431148)[0m             'checkpoint': {'_target_': 'verl.trainer.config.CheckpointConfig',
[36m(TaskRunner pid=431148)[0m                            'async_save': False,
[36m(TaskRunner pid=431148)[0m                            'load_contents': ['model', 'optimizer', 'extra'],
[36m(TaskRunner pid=431148)[0m                            'mbridge_config': {},
[36m(TaskRunner pid=431148)[0m                            'save_contents': ['model', 'optimizer', 'extra']},
[36m(TaskRunner pid=431148)[0m             'cliprange_value': 0.5,
[36m(TaskRunner pid=431148)[0m             'data_loader_seed': 42,
[36m(TaskRunner pid=431148)[0m             'enable': None,
[36m(TaskRunner pid=431148)[0m             'forward_max_token_len_per_gpu': 32768,
[36m(TaskRunner pid=431148)[0m             'forward_micro_batch_size': None,
[36m(TaskRunner pid=431148)[0m             'forward_micro_batch_size_per_gpu': None,
[36m(TaskRunner pid=431148)[0m             'grad_clip': 1.0,
[36m(TaskRunner pid=431148)[0m             'loss_agg_mode': 'token-mean',
[36m(TaskRunner pid=431148)[0m             'model': {'_target_': 'verl.workers.config.FSDPCriticModelCfg',
[36m(TaskRunner pid=431148)[0m                       'enable_activation_offload': False,
[36m(TaskRunner pid=431148)[0m                       'enable_gradient_checkpointing': True,
[36m(TaskRunner pid=431148)[0m                       'external_lib': None,
[36m(TaskRunner pid=431148)[0m                       'fsdp_config': {'_target_': 'verl.workers.config.FSDPEngineConfig',
[36m(TaskRunner pid=431148)[0m                                       'dtype': 'bfloat16',
[36m(TaskRunner pid=431148)[0m                                       'entropy_checkpointing': False,
[36m(TaskRunner pid=431148)[0m                                       'entropy_from_logits_with_chunking': False,
[36m(TaskRunner pid=431148)[0m                                       'forward_only': False,
[36m(TaskRunner pid=431148)[0m                                       'forward_prefetch': False,
[36m(TaskRunner pid=431148)[0m                                       'fsdp_size': -1,
[36m(TaskRunner pid=431148)[0m                                       'full_determinism': False,
[36m(TaskRunner pid=431148)[0m                                       'model_dtype': 'fp32',
[36m(TaskRunner pid=431148)[0m                                       'offload_policy': False,
[36m(TaskRunner pid=431148)[0m                                       'optimizer_offload': False,
[36m(TaskRunner pid=431148)[0m                                       'param_offload': False,
[36m(TaskRunner pid=431148)[0m                                       'qat': {'_target_': 'verl.workers.config.QATEngineConfig',
[36m(TaskRunner pid=431148)[0m                                               'activation_observer': 'static_minmax',
[36m(TaskRunner pid=431148)[0m                                               'enable': False,
[36m(TaskRunner pid=431148)[0m                                               'group_size': 16,
[36m(TaskRunner pid=431148)[0m                                               'ignore_patterns': ['lm_head',
[36m(TaskRunner pid=431148)[0m                                                                   'embed_tokens',
[36m(TaskRunner pid=431148)[0m                                                                   're:.*mlp.gate$'],
[36m(TaskRunner pid=431148)[0m                                               'mode': 'w4a16',
[36m(TaskRunner pid=431148)[0m                                               'quantization_config_path': None},
[36m(TaskRunner pid=431148)[0m                                       'reshard_after_forward': True,
[36m(TaskRunner pid=431148)[0m                                       'seed': 42,
[36m(TaskRunner pid=431148)[0m                                       'strategy': 'fsdp',
[36m(TaskRunner pid=431148)[0m                                       'ulysses_sequence_parallel_size': 1,
[36m(TaskRunner pid=431148)[0m                                       'use_orig_params': False,
[36m(TaskRunner pid=431148)[0m                                       'use_torch_compile': True,
[36m(TaskRunner pid=431148)[0m                                       'wrap_policy': {'min_num_params': 0}},
[36m(TaskRunner pid=431148)[0m                       'lora_alpha': 16,
[36m(TaskRunner pid=431148)[0m                       'lora_rank': 0,
[36m(TaskRunner pid=431148)[0m                       'override_config': {},
[36m(TaskRunner pid=431148)[0m                       'path': '~/models/deepseek-llm-7b-chat',
[36m(TaskRunner pid=431148)[0m                       'target_modules': 'all-linear',
[36m(TaskRunner pid=431148)[0m                       'tiled_mlp': {'enabled': False, 'num_shards': 4},
[36m(TaskRunner pid=431148)[0m                       'tokenizer_path': '/inspire/hdd/global_user/mengweicheng-240108120092/lzy/models/Qwen3-VL-4B-Instruct',
[36m(TaskRunner pid=431148)[0m                       'trust_remote_code': False,
[36m(TaskRunner pid=431148)[0m                       'use_remove_padding': False,
[36m(TaskRunner pid=431148)[0m                       'use_shm': False},
[36m(TaskRunner pid=431148)[0m             'optim': {'_target_': 'verl.workers.config.FSDPOptimizerConfig',
[36m(TaskRunner pid=431148)[0m                       'betas': [0.9, 0.999],
[36m(TaskRunner pid=431148)[0m                       'clip_grad': 1.0,
[36m(TaskRunner pid=431148)[0m                       'lr': 1e-05,
[36m(TaskRunner pid=431148)[0m                       'lr_scheduler_type': 'constant',
[36m(TaskRunner pid=431148)[0m                       'lr_warmup_steps': -1,
[36m(TaskRunner pid=431148)[0m                       'lr_warmup_steps_ratio': 0.0,
[36m(TaskRunner pid=431148)[0m                       'min_lr_ratio': 0.0,
[36m(TaskRunner pid=431148)[0m                       'num_cycles': 0.5,
[36m(TaskRunner pid=431148)[0m                       'optimizer': 'AdamW',
[36m(TaskRunner pid=431148)[0m                       'optimizer_impl': 'torch.optim',
[36m(TaskRunner pid=431148)[0m                       'override_optimizer_config': None,
[36m(TaskRunner pid=431148)[0m                       'total_training_steps': -1,
[36m(TaskRunner pid=431148)[0m                       'warmup_style': None,
[36m(TaskRunner pid=431148)[0m                       'weight_decay': 0.01,
[36m(TaskRunner pid=431148)[0m                       'zero_indexed_step': True},
[36m(TaskRunner pid=431148)[0m             'ppo_epochs': 1,
[36m(TaskRunner pid=431148)[0m             'ppo_max_token_len_per_gpu': 32768,
[36m(TaskRunner pid=431148)[0m             'ppo_micro_batch_size': None,
[36m(TaskRunner pid=431148)[0m             'ppo_micro_batch_size_per_gpu': None,
[36m(TaskRunner pid=431148)[0m             'ppo_mini_batch_size': 2,
[36m(TaskRunner pid=431148)[0m             'profiler': {'_target_': 'verl.utils.profiler.ProfilerConfig',
[36m(TaskRunner pid=431148)[0m                          'all_ranks': False,
[36m(TaskRunner pid=431148)[0m                          'enable': False,
[36m(TaskRunner pid=431148)[0m                          'ranks': [],
[36m(TaskRunner pid=431148)[0m                          'save_path': 'outputs/profile',
[36m(TaskRunner pid=431148)[0m                          'tool': None,
[36m(TaskRunner pid=431148)[0m                          'tool_config': {'npu': {'_target_': 'verl.utils.profiler.config.NPUToolConfig',
[36m(TaskRunner pid=431148)[0m                                                  'analysis': True,
[36m(TaskRunner pid=431148)[0m                                                  'contents': [],
[36m(TaskRunner pid=431148)[0m                                                  'discrete': False,
[36m(TaskRunner pid=431148)[0m                                                  'level': 'level0'},
[36m(TaskRunner pid=431148)[0m                                          'nsys': {'_target_': 'verl.utils.profiler.config.NsightToolConfig',
[36m(TaskRunner pid=431148)[0m                                                   'discrete': False},
[36m(TaskRunner pid=431148)[0m                                          'torch': {'_target_': 'verl.utils.profiler.config.TorchProfilerToolConfig',
[36m(TaskRunner pid=431148)[0m                                                    'contents': [],
[36m(TaskRunner pid=431148)[0m                                                    'discrete': False},
[36m(TaskRunner pid=431148)[0m                                          'torch_memory': {'_target_': 'verl.utils.profiler.config.TorchMemoryToolConfig',
[36m(TaskRunner pid=431148)[0m                                                           'stack_depth': 32,
[36m(TaskRunner pid=431148)[0m                                                           'trace_alloc_max_entries': 100000}}},
[36m(TaskRunner pid=431148)[0m             'rollout_n': 1,
[36m(TaskRunner pid=431148)[0m             'shuffle': False,
[36m(TaskRunner pid=431148)[0m             'strategy': 'fsdp',
[36m(TaskRunner pid=431148)[0m             'ulysses_sequence_parallel_size': 1,
[36m(TaskRunner pid=431148)[0m             'use_dynamic_bsz': False},
[36m(TaskRunner pid=431148)[0m  'data': {'apply_chat_template_kwargs': {},
[36m(TaskRunner pid=431148)[0m           'custom_cls': {'name': 'FCOPDDataset',
[36m(TaskRunner pid=431148)[0m                          'path': 'file:///inspire/hdd/global_user/mengweicheng-240108120092/lzy/projects/Dual-Track-OPD/src/dual_track_opd/fc_opd/verl_dataset.py'},
[36m(TaskRunner pid=431148)[0m           'datagen': {'name': None, 'path': None},
[36m(TaskRunner pid=431148)[0m           'dataloader_num_workers': 8,
[36m(TaskRunner pid=431148)[0m           'filter_overlong_prompts': False,
[36m(TaskRunner pid=431148)[0m           'filter_overlong_prompts_workers': 1,
[36m(TaskRunner pid=431148)[0m           'image_key': 'images',
[36m(TaskRunner pid=431148)[0m           'image_patch_size': 14,
[36m(TaskRunner pid=431148)[0m           'max_prompt_length': 1024,
[36m(TaskRunner pid=431148)[0m           'max_response_length': 512,
[36m(TaskRunner pid=431148)[0m           'prompt_key': 'prompt',
[36m(TaskRunner pid=431148)[0m           'return_full_prompt': False,
[36m(TaskRunner pid=431148)[0m           'return_multi_modal_inputs': True,
[36m(TaskRunner pid=431148)[0m           'return_raw_chat': True,
[36m(TaskRunner pid=431148)[0m           'return_raw_input_ids': False,
[36m(TaskRunner pid=431148)[0m           'reward_fn_key': 'data_source',
[36m(TaskRunner pid=431148)[0m           'sampler': {'class_name': None, 'class_path': None},
[36m(TaskRunner pid=431148)[0m           'seed': None,
[36m(TaskRunner pid=431148)[0m           'shuffle': True,
[36m(TaskRunner pid=431148)[0m           'tokenizer': None,
[36m(TaskRunner pid=431148)[0m           'tool_config_path': None,
[36m(TaskRunner pid=431148)[0m           'train_batch_size': 2,
[36m(TaskRunner pid=431148)[0m           'train_files': '/inspire/hdd/global_user/mengweicheng-240108120092/lzy/fc-opd-storage/outputs/fc_opd/verl_smoke/train.parquet',
[36m(TaskRunner pid=431148)[0m           'train_max_samples': -1,
[36m(TaskRunner pid=431148)[0m           'truncation': 'error',
[36m(TaskRunner pid=431148)[0m           'trust_remote_code': False,
[36m(TaskRunner pid=431148)[0m           'use_shm': False,
[36m(TaskRunner pid=431148)[0m           'val_batch_size': None,
[36m(TaskRunner pid=431148)[0m           'val_files': '/inspire/hdd/global_user/mengweicheng-240108120092/lzy/fc-opd-storage/outputs/fc_opd/verl_smoke/train.parquet',
[36m(TaskRunner pid=431148)[0m           'val_max_samples': -1,
[36m(TaskRunner pid=431148)[0m           'validation_shuffle': False,
[36m(TaskRunner pid=431148)[0m           'video_key': 'videos'},
[36m(TaskRunner pid=431148)[0m  'global_profiler': {'_target_': 'verl.utils.profiler.ProfilerConfig',
[36m(TaskRunner pid=431148)[0m                      'global_tool_config': {'nsys': {'_target_': 'verl.utils.profiler.config.NsightToolConfig',
[36m(TaskRunner pid=431148)[0m                                                      'controller_nsight_options': {'cuda-graph-trace': 'graph',
[36m(TaskRunner pid=431148)[0m                                                                                    'cuda-memory-usage': 'true',
[36m(TaskRunner pid=431148)[0m                                                                                    'trace': 'cuda,nvtx,cublas,ucx'},
[36m(TaskRunner pid=431148)[0m                                                      'discrete': False,
[36m(TaskRunner pid=431148)[0m                                                      'worker_nsight_options': {'capture-range': 'cudaProfilerApi',
[36m(TaskRunner pid=431148)[0m                                                                                'capture-range-end': None,
[36m(TaskRunner pid=431148)[0m                                                                                'cuda-graph-trace': 'graph',
[36m(TaskRunner pid=431148)[0m                                                                                'cuda-memory-usage': 'true',
[36m(TaskRunner pid=431148)[0m                                                                                'kill': 'none',
[36m(TaskRunner pid=431148)[0m                                                                                'trace': 'cuda,nvtx,cublas,ucx'}},
[36m(TaskRunner pid=431148)[0m                                             'torch_memory': {'context': 'all',
[36m(TaskRunner pid=431148)[0m                                                              'kw_args': {},
[36m(TaskRunner pid=431148)[0m                                                              'stack_depth': 32,
[36m(TaskRunner pid=431148)[0m                                                              'stacks': 'all',
[36m(TaskRunner pid=431148)[0m                                                              'trace_alloc_max_entries': 100000}},
[36m(TaskRunner pid=431148)[0m                      'profile_continuous_steps': False,
[36m(TaskRunner pid=431148)[0m                      'save_path': 'outputs/profile',
[36m(TaskRunner pid=431148)[0m                      'steps': None,
[36m(TaskRunner pid=431148)[0m                      'tool': None},
[36m(TaskRunner pid=431148)[0m  'model_engine': 'dp',
[36m(TaskRunner pid=431148)[0m  'ray_kwargs': {'ray_init': {'num_cpus': None}, 'timeline_json_file': None},
[36m(TaskRunner pid=431148)[0m  'reward': {'custom_reward_function': {'name': 'compute_score',
[36m(TaskRunner pid=431148)[0m                                        'path': 'file:///inspire/hdd/global_user/mengweicheng-240108120092/lzy/projects/Dual-Track-OPD/src/dual_track_opd/fc_opd/smoke_reward.py'},
[36m(TaskRunner pid=431148)[0m             'num_workers': 8,
[36m(TaskRunner pid=431148)[0m             'reward_manager': {'_target_': 'verl.workers.config.reward_model.RewardManagerConfig',
[36m(TaskRunner pid=431148)[0m                                'module': {'_target_': 'verl.trainer.config.config.ModuleConfig',
[36m(TaskRunner pid=431148)[0m                                           'name': 'custom_reward_manager',
[36m(TaskRunner pid=431148)[0m                                           'path': None},
[36m(TaskRunner pid=431148)[0m                                'name': 'naive',
[36m(TaskRunner pid=431148)[0m                                'source': 'register'},
[36m(TaskRunner pid=431148)[0m             'reward_model': {'enable': False,
[36m(TaskRunner pid=431148)[0m                              'enable_resource_pool': False,
[36m(TaskRunner pid=431148)[0m                              'model_path': None,
[36m(TaskRunner pid=431148)[0m                              'n_gpus_per_node': 8,
[36m(TaskRunner pid=431148)[0m                              'nnodes': 0,[36m(TaskRunner pid=431148)[0m /inspire/hdd/global_user/mengweicheng-240108120092/lzy/projects/Dual-Track-OPD/third_party/verl/verl/trainer/main_ppo.py:302: UserWarning: Disabled critic as algorithm.adv_estimator != gae. If it is not intended, please set critic.enable=True
[36m(TaskRunner pid=431148)[0m   use_critic=need_critic(config),
[36m(TaskRunner pid=431148)[0m /inspire/hdd/global_user/mengweicheng-240108120092/lzy/projects/Dual-Track-OPD/third_party/verl/verl/trainer/ppo/ray_trainer.py:286: UserWarning: Disabled critic as algorithm.adv_estimator != gae. If it is not intended, please set critic.enable=True
[36m(TaskRunner pid=431148)[0m   self.use_critic = need_critic(self.config)
[36m(pid=533145)[0m /inspire/hdd/global_user/mengweicheng-240108120092/lzy/fc-opd-storage/envs/fc-opd-verl071-cu128/lib/python3.12/site-packages/torch/cuda/__init__.py:63: FutureWarning: The pynvml package is deprecated. Please install nvidia-ml-py instead. If you did not install pynvml directly, please report this to the maintainers of the package that installed pynvml for you.
[36m(pid=533145)[0m   import pynvml  # type: ignore[import]
[36m(pid=533145)[0m /inspire/hdd/global_user/mengweicheng-240108120092/lzy/fc-opd-storage/envs/fc-opd-verl071-cu128/lib/python3.12/site-packages/transformers/utils/hub.py:110: FutureWarning: Using `TRANSFORMERS_CACHE` is deprecated and will be removed in v5 of Transformers. Use `HF_HOME` instead.
[36m(pid=533145)[0m   warnings.warn(

[36m(TaskRunner pid=431148)[0m                              'rollout': {'_target_': 'verl.workers.config.RolloutConfig',
[36m(TaskRunner pid=431148)[0m                                          'cudagraph_capture_sizes': None,
[36m(TaskRunner pid=431148)[0m                                          'data_parallel_size': 1,
[36m(TaskRunner pid=431148)[0m                                          'disable_log_stats': True,
[36m(TaskRunner pid=431148)[0m                                          'dtype': 'bfloat16',
[36m(TaskRunner pid=431148)[0m                                          'enable_chunked_prefill': True,
[36m(TaskRunner pid=431148)[0m                                          'enable_prefix_caching': True,
[36m(TaskRunner pid=431148)[0m                                          'enforce_eager': True,
[36m(TaskRunner pid=431148)[0m                                          'engine_kwargs': {},
[36m(TaskRunner pid=431148)[0m                                          'expert_parallel_size': 1,
[36m(TaskRunner pid=431148)[0m                                          'free_cache_engine': True,
[36m(TaskRunner pid=431148)[0m                                          'gpu_memory_utilization': 0.5,
[36m(TaskRunner pid=431148)[0m                                          'limit_images': None,
[36m(TaskRunner pid=431148)[0m                                          'load_format': 'auto',
[36m(TaskRunner pid=431148)[0m                                          'max_model_len': None,
[36m(TaskRunner pid=431148)[0m                                          'max_num_batched_tokens': 8192,
[36m(TaskRunner pid=431148)[0m                                          'max_num_seqs': 1024,
[36m(TaskRunner pid=431148)[0m                                          'name': '???',
[36m(TaskRunner pid=431148)[0m                                          'prompt_length': 2048,
[36m(TaskRunner pid=431148)[0m                                          'response_length': 2048,
[36m(TaskRunner pid=431148)[0m                                          'skip_tokenizer_init': False,
[36m(TaskRunner pid=431148)[0m                                          'tensor_model_parallel_size': 2}},
[36m(TaskRunner pid=431148)[0m             'sandbox_fusion': {'max_concurrent': 64,
[36m(TaskRunner pid=431148)[0m                                'memory_limit_mb': 1024,
[36m(TaskRunner pid=431148)[0m                                'url': None}},
[36m(TaskRunner pid=431148)[0m  'trainer': {'balance_batch': True,
[36m(TaskRunner pid=431148)[0m              'critic_warmup': 0,
[36m(TaskRunner pid=431148)[0m              'default_hdfs_dir': None,
[36m(TaskRunner pid=431148)[0m              'default_local_dir': '/inspire/hdd/global_user/mengweicheng-240108120092/lzy/projects/Dual-Track-OPD/checkpoints/verl_fc_opd_overnight/fc_opd_overnight_20260629_130933',
[36m(TaskRunner pid=431148)[0m              'del_local_ckpt_after_load': False,
[36m(TaskRunner pid=431148)[0m              'device': 'cuda',
[36m(TaskRunner pid=431148)[0m              'esi_redundant_time': 0,
[36m(TaskRunner pid=431148)[0m              'experiment_name': 'fc_opd_overnight_20260629_130933',
[36m(TaskRunner pid=431148)[0m              'log_val_generations': 0,
[36m(TaskRunner pid=431148)[0m              'logger': ['console'],
[36m(TaskRunner pid=431148)[0m              'max_actor_ckpt_to_keep': None,
[36m(TaskRunner pid=431148)[0m              'max_critic_ckpt_to_keep': None,
[36m(TaskRunner pid=431148)[0m              'n_gpus_per_node': 2,
[36m(TaskRunner pid=431148)[0m              'nnodes': 1,
[36m(TaskRunner pid=431148)[0m              'project_name': 'fc_opd_overnight',
[36m(TaskRunner pid=431148)[0m              'ray_wait_register_center_timeout': 300,
[36m(TaskRunner pid=431148)[0m              'resume_from_path': None,
[36m(TaskRunner pid=431148)[0m              'resume_mode': 'auto',
[36m(TaskRunner pid=431148)[0m              'rollout_data_dir': None,
[36m(TaskRunner pid=431148)[0m              'save_freq': 25,
[36m(TaskRunner pid=431148)[0m              'test_freq': -1,
[36m(TaskRunner pid=431148)[0m              'total_epochs': 200,
[36m(TaskRunner pid=431148)[0m              'total_training_steps': None,
[36m(TaskRunner pid=431148)[0m              'use_legacy_worker_impl': 'auto',
[36m(TaskRunner pid=431148)[0m              'val_before_train': False,
[36m(TaskRunner pid=431148)[0m              'val_only': False,
[36m(TaskRunner pid=431148)[0m              'validation_data_dir': None},
[36m(TaskRunner pid=431148)[0m  'transfer_queue': {'enable': False}}
[36m(TaskRunner pid=431148)[0m [validate_config] All configuration checks passed successfully!
[36m(TaskRunner pid=431148)[0m Using dataset class: FCOPDDataset
[36m(TaskRunner pid=431148)[0m dataset len: 2
[36m(TaskRunner pid=431148)[0m Using dataset class: FCOPDDataset
[36m(TaskRunner pid=431148)[0m dataset len: 2
[36m(TaskRunner pid=431148)[0m Size of train dataloader: 1, Size of val dataloader: 1
[36m(TaskRunner pid=431148)[0m Total training steps: 200
[36m(TaskRunner pid=431148)[0m colocated worker base class <class 'verl.single_controller.base.worker.Worker'>
[36m(WorkerDict pid=533145)[0m [Gloo] Rank 1 is connected to 1 peer ranks. Expected number of connected peer ranks is : 1
[36m(WorkerDict pid=533144)[0m Model config after override: Qwen3VLConfig {
[36m(WorkerDict pid=533144)[0m   "architectures": [
[36m(WorkerDict pid=533144)[0m     "Qwen3VLForConditionalGeneration"
[36m(WorkerDict pid=533144)[0m   ],
[36m(WorkerDict pid=533144)[0m   "attn_implementation": "sdpa",
[36m(WorkerDict pid=533144)[0m   "eos_token_id": 151645,
[36m(WorkerDict pid=533144)[0m   "image_token_id": 151655,
[36m(WorkerDict pid=533144)[0m   "model_type": "qwen3_vl",
[36m(WorkerDict pid=533144)[0m   "pad_token_id": 151643,
[36m(WorkerDict pid=533144)[0m   "text_config": {
[36m(WorkerDict pid=533144)[0m     "attention_bias": false,
[36m(WorkerDict pid=533144)[0m     "attention_dropout": 0.0,
[36m(WorkerDict pid=533144)[0m     "bos_token_id": 151643,
[36m(WorkerDict pid=533144)[0m     "dtype": "bfloat16",
[36m(WorkerDict pid=533144)[0m     "eos_token_id": 151645,
[36m(WorkerDict pid=533144)[0m     "head_dim": 128,
[36m(WorkerDict pid=533144)[0m     "hidden_act": "silu",
[36m(WorkerDict pid=533144)[0m     "hidden_size": 2560,
[36m(WorkerDict pid=533144)[0m     "initializer_range": 0.02,
[36m(WorkerDict pid=533144)[0m     "intermediate_size": 9728,
[36m(WorkerDict pid=533144)[0m     "max_position_embeddings": 262144,
[36m(WorkerDict pid=533144)[0m     "model_type": "qwen3_vl_text",
[36m(WorkerDict pid=533144)[0m     "num_attention_heads": 32,
[36m(WorkerDict pid=533144)[0m     "num_hidden_layers": 36,
[36m(WorkerDict pid=533144)[0m     "num_key_value_heads": 8,
[36m(WorkerDict pid=533144)[0m     "rms_norm_eps": 1e-06,
[36m(WorkerDict pid=533144)[0m     "rope_scaling": {
[36m(WorkerDict pid=533144)[0m       "mrope_interleaved": true,
[36m(WorkerDict pid=533144)[0m       "mrope_section": [
[36m(WorkerDict pid=533144)[0m         24,
[36m(WorkerDict pid=533144)[0m         20,
[36m(WorkerDict pid=533144)[0m         20
[36m(WorkerDict pid=533144)[0m       ],
[36m(WorkerDict pid=533144)[0m       "rope_type": "default"
[36m(WorkerDict pid=533144)[0m     },
[36m(WorkerDict pid=533144)[0m     "rope_theta": 5000000,
[36m(WorkerDict pid=533144)[0m     "tie_word_embeddings": true,
[36m(WorkerDict pid=533144)[0m     "use_cache": true,
[36m(WorkerDict pid=533144)[0m     "vocab_size": 151936
[36m(WorkerDict pid=533144)[0m   },
[36m(WorkerDict pid=533144)[0m   "tie_word_embeddings": true,
[36m(WorkerDict pid=533144)[0m   "transformers_version": "4.57.3",
[36m(WorkerDict pid=533144)[0m   "video_token_id": 151656,
[36m(WorkerDict pid=533144)[0m   "vision_config": {
[36m(WorkerDict pid=533144)[0m     "deepstack_visual_indexes": [
[36m(WorkerDict pid=533144)[0m       5,
[36m(WorkerDict pid=533144)[0m       11,
[36m(WorkerDict pid=533144)[0m       17
[36m(WorkerDict pid=533144)[0m     ],
[36m(WorkerDict pid=533144)[0m     "depth": 24,[36m(WorkerDict pid=533145)[0m `torch_dtype` is deprecated! Use `dtype` instead!
[36m(pid=533144)[0m /inspire/hdd/global_user/mengweicheng-240108120092/lzy/fc-opd-storage/envs/fc-opd-verl071-cu128/lib/python3.12/site-packages/torch/cuda/__init__.py:63: FutureWarning: The pynvml package is deprecated. Please install nvidia-ml-py instead. If you did not install pynvml directly, please report this to the maintainers of the package that installed pynvml for you.
[36m(pid=533144)[0m   import pynvml  # type: ignore[import]
[36m(WorkerDict pid=533145)[0m Loading checkpoint shards:   0%|          | 0/2 [00:00<?, ?it/s]
[36m(WorkerDict pid=533145)[0m Loading checkpoint shards:  50%|█████     | 1/2 [00:06<00:06,  6.43s/it]
[36m(pid=533144)[0m /inspire/hdd/global_user/mengweicheng-240108120092/lzy/fc-opd-storage/envs/fc-opd-verl071-cu128/lib/python3.12/site-packages/transformers/utils/hub.py:110: FutureWarning: Using `TRANSFORMERS_CACHE` is deprecated and will be removed in v5 of Transformers. Use `HF_HOME` instead.
[36m(pid=533144)[0m   warnings.warn(
[36m(WorkerDict pid=533144)[0m `torch_dtype` is deprecated! Use `dtype` instead!
[36m(WorkerDict pid=533144)[0m Loading checkpoint shards:   0%|          | 0/2 [00:00<?, ?it/s]
[36m(WorkerDict pid=533145)[0m Loading checkpoint shards: 100%|██████████| 2/2 [00:11<00:00,  5.62s/it]Loading checkpoint shards: 100%|██████████| 2/2 [00:11<00:00,  5.74s/it]
[36m(WorkerDict pid=533144)[0m Loading checkpoint shards:  50%|█████     | 1/2 [00:06<00:06,  6.43s/it]
[36m(WorkerDict pid=533145)[0m /inspire/hdd/global_user/mengweicheng-240108120092/lzy/fc-opd-storage/envs/fc-opd-verl071-cu128/lib/python3.12/site-packages/torch/distributed/fsdp/fully_sharded_data_parallel.py:678: FutureWarning: FSDP.state_dict_type() and FSDP.set_state_dict_type() are being deprecated. Please use APIs, get_state_dict() and set_state_dict(), which can support different parallelisms, FSDP1, FSDP2, DDP. API doc: https://pytorch.org/docs/stable/distributed.checkpoint.html#torch.distributed.checkpoint.state_dict.get_state_dict .Tutorial: https://pytorch.org/tutorials/recipes/distributed_checkpoint_recipe.html .
[36m(WorkerDict pid=533145)[0m   warnings.warn(
[36m(WorkerDict pid=533144)[0m Loading checkpoint shards: 100%|██████████| 2/2 [00:11<00:00,  5.62s/it]Loading checkpoint shards: 100%|██████████| 2/2 [00:11<00:00,  5.74s/it]
[36m(pid=577285)[0m /inspire/hdd/global_user/mengweicheng-240108120092/lzy/fc-opd-storage/envs/fc-opd-verl071-cu128/lib/python3.12/site-packages/torch/cuda/__init__.py:63: FutureWarning: The pynvml package is deprecated. Please install nvidia-ml-py instead. If you did not install pynvml directly, please report this to the maintainers of the package that installed pynvml for you.
[36m(pid=577285)[0m   import pynvml  # type: ignore[import]
[36m(pid=577307)[0m /inspire/hdd/global_user/mengweicheng-240108120092/lzy/fc-opd-storage/envs/fc-opd-verl071-cu128/lib/python3.12/site-packages/transformers/utils/hub.py:110: FutureWarning: Using `TRANSFORMERS_CACHE` is deprecated and will be removed in v5 of Transformers. Use `HF_HOME` instead.
[36m(WorkerDict pid=533144)[0m /inspire/hdd/global_user/mengweicheng-240108120092/lzy/fc-opd-storage/envs/fc-opd-verl071-cu128/lib/python3.12/site-packages/torch/distributed/fsdp/fully_sharded_data_parallel.py:678: FutureWarning: FSDP.state_dict_type() and FSDP.set_state_dict_type() are being deprecated. Please use APIs, get_state_dict() and set_state_dict(), which can support different parallelisms, FSDP1, FSDP2, DDP. API doc: https://pytorch.org/docs/stable/distributed.checkpoint.html#torch.distributed.checkpoint.state_dict.get_state_dict .Tutorial: https://pytorch.org/tutorials/recipes/distributed_checkpoint_recipe.html .
[36m(pid=577274)[0m   warnings.warn([32m [repeated 3x across cluster][0m
[36m(pid=582860)[0m /inspire/hdd/global_user/mengweicheng-240108120092/lzy/fc-opd-storage/envs/fc-opd-verl071-cu128/lib/python3.12/site-packages/torch/cuda/__init__.py:63: FutureWarning: The pynvml package is deprecated. Please install nvidia-ml-py instead. If you did not install pynvml directly, please report this to the maintainers of the package that installed pynvml for you.[32m [repeated 9x across cluster][0m
[36m(pid=582860)[0m   import pynvml  # type: ignore[import][32m [repeated 9x across cluster][0m
[36m(vLLMHttpServer pid=582860)[0m WARNING:2026-06-29 13:12:25,177:agent loop only support torch and npu profiler, got None
[36m(pid=582860)[0m /inspire/hdd/global_user/mengweicheng-240108120092/lzy/fc-opd-storage/envs/fc-opd-verl071-cu128/lib/python3.12/site-packages/transformers/utils/hub.py:110: FutureWarning: Using `TRANSFORMERS_CACHE` is deprecated and will be removed in v5 of Transformers. Use `HF_HOME` instead.[32m [repeated 9x across cluster][0m
[36m(pid=582860)[0m   warnings.warn([32m [repeated 8x across cluster][0m
[36m(vLLMHttpServer pid=582860)[0m INFO:2026-06-29 13:12:25,178:vLLMHttpServer, replica_rank: 1, node_rank: 0, CUDA_VISIBLE_DEVICES: 2, master_address: 10.247.28.202, master_port: 34129, data_parallel_rpc_port: 35403, data_parallel_master_port: 41955
[36m(vLLMHttpServer pid=582860)[0m INFO:2026-06-29 13:12:25,182:override_generation_config: {'temperature': 1.0, 'top_k': -1, 'top_p': 1, 'repetition_penalty': 1.0, 'max_new_tokens': 512}
[36m(vLLMHttpServer pid=582860)[0m INFO:2026-06-29 13:12:25,182:enable_sleep_mode: True
[36m(vLLMHttpServer pid=582781)[0m `torch_dtype` is deprecated! Use `dtype` instead!
[36m(vLLMHttpServer pid=582781)[0m /inspire/hdd/global_user/mengweicheng-240108120092/lzy/fc-opd-storage/envs/fc-opd-verl071-cu128/lib/python3.12/site-packages/torch/cuda/__init__.py:63: FutureWarning: The pynvml package is deprecated. Please install nvidia-ml-py instead. If you did not install pynvml directly, please report this to the maintainers of the package that installed pynvml for you.
[36m(vLLMHttpServer pid=582781)[0m   import pynvml  # type: ignore[import]
[36m(vLLMHttpServer pid=582781)[0m WARNING:2026-06-29 13:12:25,191:agent loop only support torch and npu profiler, got None
[36m(vLLMHttpServer pid=582860)[0m /inspire/hdd/global_user/mengweicheng-240108120092/lzy/fc-opd-storage/envs/fc-opd-verl071-cu128/lib/python3.12/site-packages/transformers/utils/hub.py:110: FutureWarning: Using `TRANSFORMERS_CACHE` is deprecated and will be removed in v5 of Transformers. Use `HF_HOME` instead.[32m [repeated 2x across cluster][0m
[36m(vLLMHttpServer pid=582860)[0m   warnings.warn([32m [repeated 2x across cluster][0m
[36m(vLLMHttpServer pid=582781)[0m INFO:2026-06-29 13:12:25,192:vLLMHttpServer, replica_rank: 0, node_rank: 0, CUDA_VISIBLE_DEVICES: 1, master_address: 10.247.28.202, master_port: 35677, data_parallel_rpc_port: 44625, data_parallel_master_port: 40027
[36m(vLLMHttpServer pid=582781)[0m INFO:2026-06-29 13:12:25,195:override_generation_config: {'temperature': 1.0, 'top_k': -1, 'top_p': 1, 'repetition_penalty': 1.0, 'max_new_tokens': 512}
[36m(vLLMHttpServer pid=582781)[0m INFO:2026-06-29 13:12:25,195:enable_sleep_mode: True
[36m(vLLMHttpServer pid=582860)[0m `torch_dtype` is deprecated! Use `dtype` instead!
[36m(vLLMHttpServer pid=582860)[0m /inspire/hdd/global_user/mengweicheng-240108120092/lzy/fc-opd-storage/envs/fc-opd-verl071-cu128/lib/python3.12/site-packages/torch/cuda/__init__.py:63: FutureWarning: The pynvml package is deprecated. Please install nvidia-ml-py instead. If you did not install pynvml directly, please report this to the maintainers of the package that installed pynvml for you.[32m [repeated 2x across cluster][0m
[36m(vLLMHttpServer pid=582860)[0m   import pynvml  # type: ignore[import][32m [repeated 2x across cluster][0m
[36m(vLLMHttpServer pid=582781)[0m W0629 13:12:38.887000 610268 site-packages/torch/utils/cpp_extension.py:2425] TORCH_CUDA_ARCH_LIST is not set, all archs for visible cards are included for compilation. 
[36m(vLLMHttpServer pid=582781)[0m W0629 13:12:38.887000 610268 site-packages/torch/utils/cpp_extension.py:2425] If this is not desired, please set os.environ['TORCH_CUDA_ARCH_LIST'] to specific architectures.
[36m(vLLMHttpServer pid=582860)[0m /inspire/hdd/global_user/mengweicheng-240108120092/lzy/fc-opd-storage/envs/fc-opd-verl071-cu128/lib/python3.12/site-packages/transformers/utils/hub.py:110: FutureWarning: Using `TRANSFORMERS_CACHE` is deprecated and will be removed in v5 of Transformers. Use `HF_HOME` instead.[32m [repeated 2x across cluster][0m
[36m(vLLMHttpServer pid=582860)[0m   warnings.warn([32m [repeated 2x across cluster][0m
[36m(vLLMHttpServer pid=582781)[0m /inspire/hdd/global_user/mengweicheng-240108120092/lzy/fc-opd-storage/envs/fc-opd-verl071-cu128/lib/python3.12/site-packages/torch/cuda/__init__.py:63: FutureWarning: The pynvml package is deprecated. Please install nvidia-ml-py instead. If you did not install pynvml directly, please report this to the maintainers of the package that installed pynvml for you.
[36m(vLLMHttpServer pid=582781)[0m   import pynvml  # type: ignore[import]
[36m(vLLMHttpServer pid=582781)[0m [1;36m(Worker pid=610268)[0;0m 2026-06-29 13:12:51,611 - INFO - autotuner.py:256 - flashinfer.jit: [Autotuner]: Autotuning process starts ...
[36m(vLLMHttpServer pid=582860)[0m W0629 13:12:39.033000 610043 site-packages/torch/utils/cpp_extension.py:2425] TORCH_CUDA_ARCH_LIST is not set, all archs for visible cards are included for compilation. 
[36m(vLLMHttpServer pid=582860)[0m W0629 13:12:39.033000 610043 site-packages/torch/utils/cpp_extension.py:2425] If this is not desired, please set os.environ['TORCH_CUDA_ARCH_LIST'] to specific architectures.
[36m(vLLMHttpServer pid=582781)[0m [1;36m(Worker pid=610268)[0;0m 2026-06-29 13:12:51,708 - INFO - autotuner.py:262 - flashinfer.jit: [Autotuner]: Autotuning process ends
[36m(vLLMHttpServer pid=582781)[0m INFO:2026-06-29 13:12:56,299:Initializing a V1 LLM engine with config: model='/inspire/hdd/global_user/mengweicheng-240108120092/lzy/models/Qwen3-VL-4B-Instruct', speculative_config=None, tokenizer='/inspire/hdd/global_user/mengweicheng-240108120092/lzy/models/Qwen3-VL-4B-Instruct', skip_tokenizer_init=False, tokenizer_mode=auto, revision=None, tokenizer_revision=None, trust_remote_code=False, dtype=torch.bfloat16, max_seq_len=2048, download_dir=None, load_format=dummy, tensor_parallel_size=1, pipeline_parallel_size=1, data_parallel_size=1, disable_custom_all_reduce=False, quantization=None, enforce_eager=True, kv_cache_dtype=auto, device_config=cuda, structured_outputs_config=StructuredOutputsConfig(backend='auto', disable_fallback=False, disable_any_whitespace=False, disable_additional_properties=False, reasoning_parser=''), observability_config=ObservabilityConfig(show_hidden_metrics_for_version=None, otlp_traces_endpoint=None, collect_detailed_traces=None), seed=0, served_model_name=/inspire/hdd/global_user/mengweicheng-240108120092/lzy/models/Qwen3-VL-4B-Instruct, enable_prefix_caching=True, chunked_prefill_enabled=True, pooler_config=None, compilation_config={"level":0,"debug_dump_path":"","cache_dir":"","backend":"","custom_ops":[],"splitting_ops":null,"use_inductor":true,"compile_sizes":[],"inductor_compile_config":{"enable_auto_functionalized_v2":false},"inductor_passes":{},"cudagraph_mode":0,"use_cudagraph":true,"cudagraph_num_of_warmups":0,"cudagraph_capture_sizes":[],"cudagraph_copy_inputs":false,"full_cuda_graph":false,"use_inductor_graph_partition":false,"pass_config":{},"max_capture_size":0,"local_cache_dir":null}

[36m(WorkerDict pid=533144)[0m     "hidden_act": "gelu_pytorch_tanh",
[36m(WorkerDict pid=533144)[0m     "hidden_size": 1024,
[36m(WorkerDict pid=533144)[0m     "in_channels": 3,
[36m(WorkerDict pid=533144)[0m     "initializer_range": 0.02,
[36m(WorkerDict pid=533144)[0m     "intermediate_size": 4096,
[36m(WorkerDict pid=533144)[0m     "model_type": "qwen3_vl",
[36m(WorkerDict pid=533144)[0m     "num_heads": 16,
[36m(WorkerDict pid=533144)[0m     "num_position_embeddings": 2304,
[36m(WorkerDict pid=533144)[0m     "out_hidden_size": 2560,
[36m(WorkerDict pid=533144)[0m     "patch_size": 16,
[36m(WorkerDict pid=533144)[0m     "spatial_merge_size": 2,
[36m(WorkerDict pid=533144)[0m     "temporal_patch_size": 2
[36m(WorkerDict pid=533144)[0m   },
[36m(WorkerDict pid=533144)[0m   "vision_end_token_id": 151653,
[36m(WorkerDict pid=533144)[0m   "vision_start_token_id": 151652
[36m(WorkerDict pid=533144)[0m }
[36m(WorkerDict pid=533144)[0m 
[36m(WorkerDict pid=533145)[0m Monkey patch Qwen3VLForConditionalGeneration model forward
[36m(WorkerDict pid=533145)[0m Skipping monkey patch for Qwen3VLForConditionalGeneration as use_fused_kernels is False or fused_kernels_backend is torch
[36m(WorkerDict pid=533144)[0m [Gloo] Rank 0 is connected to 1 peer ranks. Expected number of connected peer ranks is : 1
[36m(WorkerDict pid=533144)[0m Qwen3VLForConditionalGeneration contains 4.44B parameters
[36m(WorkerDict pid=533144)[0m wrap_policy: functools.partial(<function _or_policy at 0x7f070a621440>, policies=[functools.partial(<function transformer_auto_wrap_policy at 0x7f070a621300>, transformer_layer_cls={<class 'transformers.models.qwen3_vl.modeling_qwen3_vl.Qwen3VLTextDecoderLayer'>, <class 'transformers.models.qwen3_vl.modeling_qwen3_vl.Qwen3VLVisionBlock'>})])
[36m(WorkerDict pid=533144)[0m Total steps: 200, num_warmup_steps: 0
[36m(WorkerDict pid=533144)[0m Actor use_remove_padding=False
[36m(WorkerDict pid=533144)[0m Actor use_fused_kernels=False
[36m(WorkerDict pid=533144)[0m Actor use_prefix_grouper=False
[36m(WorkerDict pid=533145)[0m [Gloo] Rank 1 is connected to 1 peer ranks. Expected number of connected peer ranks is : 1
[36m(WorkerDict pid=533145)[0m [Gloo] Rank 0 is connected to 0 peer ranks. Expected number of connected peer ranks is : 0
[36m(WorkerDict pid=533145)[0m [Gloo] Rank 0 is connected to 0 peer ranks. Expected number of connected peer ranks is : 0
[36m(WorkerDict pid=533144)[0m Monkey patch Qwen3VLForConditionalGeneration model forward
[36m(WorkerDict pid=533144)[0m Skipping monkey patch for Qwen3VLForConditionalGeneration as use_fused_kernels is False or fused_kernels_backend is torch
[36m(WorkerDict pid=533144)[0m NCCL version 2.27.3+cuda12.9
[36m(TaskRunner pid=431148)[0m WARNING 06-29 13:12:14 [api_server.py:1213] LoRA dynamic loading & unloading is enabled in the API server. This should ONLY be used for local development!
[36m(WorkerDict pid=533144)[0m [Gloo] Rank 0 is connected to 0 peer ranks. Expected number of connected peer ranks is : 0[32m [repeated 3x across cluster] (Ray deduplicates logs by default. Set RAY_DEDUP_LOGS=0 to disable log deduplication, or see https://docs.ray.io/en/master/ray-observability/user-guides/configure-logging.html#log-deduplication for more options.)[0m
[36m(pid=582781)[0m WARNING 06-29 13:12:24 [api_server.py:1213] LoRA dynamic loading & unloading is enabled in the API server. This should ONLY be used for local development!
[36m(pid=582860)[0m WARNING 06-29 13:12:24 [api_server.py:1213] LoRA dynamic loading & unloading is enabled in the API server. This should ONLY be used for local development!
[36m(vLLMHttpServer pid=582781)[0m ['serve',
[36m(vLLMHttpServer pid=582781)[0m  '/inspire/hdd/global_user/mengweicheng-240108120092/lzy/models/Qwen3-VL-4B-Instruct',
[36m(vLLMHttpServer pid=582781)[0m  '--dtype',
[36m(vLLMHttpServer pid=582781)[0m  'bfloat16',
[36m(vLLMHttpServer pid=582781)[0m  '--load_format',
[36m(vLLMHttpServer pid=582781)[0m  'dummy',
[36m(vLLMHttpServer pid=582781)[0m  '--distributed_executor_backend',
[36m(vLLMHttpServer pid=582781)[0m  'mp',
[36m(vLLMHttpServer pid=582781)[0m  '--worker_extension_cls',
[36m(vLLMHttpServer pid=582781)[0m  'verl.workers.rollout.vllm_rollout.utils.vLLMColocateWorkerExtension',
[36m(vLLMHttpServer pid=582781)[0m  '--max_model_len',
[36m(vLLMHttpServer pid=582781)[0m  '2048',
[36m(vLLMHttpServer pid=582781)[0m  '--max_num_seqs',
[36m(vLLMHttpServer pid=582781)[0m  '1024',
[36m(vLLMHttpServer pid=582781)[0m  '--enable_chunked_prefill',
[36m(vLLMHttpServer pid=582781)[0m  '--max_num_batched_tokens',
[36m(vLLMHttpServer pid=582781)[0m  '8192',
[36m(vLLMHttpServer pid=582781)[0m  '--enable_prefix_caching',
[36m(vLLMHttpServer pid=582781)[0m  '--enable_sleep_mode',
[36m(vLLMHttpServer pid=582781)[0m  '--logprobs_mode',
[36m(vLLMHttpServer pid=582781)[0m  'processed_logprobs',
[36m(vLLMHttpServer pid=582781)[0m  '--enforce_eager',
[36m(vLLMHttpServer pid=582781)[0m  '--gpu_memory_utilization',
[36m(vLLMHttpServer pid=582781)[0m  '0.3',
[36m(vLLMHttpServer pid=582781)[0m  '--disable_log_stats',
[36m(vLLMHttpServer pid=582781)[0m  '--tensor_parallel_size',
[36m(vLLMHttpServer pid=582781)[0m  '1',
[36m(vLLMHttpServer pid=582781)[0m  '--seed',
[36m(vLLMHttpServer pid=582781)[0m  '0',
[36m(vLLMHttpServer pid=582781)[0m  '--override_generation_config',
[36m(vLLMHttpServer pid=582781)[0m  '{"temperature": 1.0, "top_k": -1, "top_p": 1, "repetition_penalty": 1.0, '
[36m(vLLMHttpServer pid=582781)[0m  '"max_new_tokens": 512}',
[36m(vLLMHttpServer pid=582781)[0m  '--hf_overrides',
[36m(vLLMHttpServer pid=582781)[0m  '{}',
[36m(vLLMHttpServer pid=582781)[0m  '--scheduling_policy',
[36m(vLLMHttpServer pid=582781)[0m  'fcfs',
[36m(vLLMHttpServer pid=582781)[0m  '--compilation_config',
[36m(vLLMHttpServer pid=582781)[0m  '{"cudagraph_mode": "FULL_AND_PIECEWISE"}']
[36m(vLLMHttpServer pid=582781)[0m WARNING 06-29 13:12:25 [__init__.py:3036] We must use the `spawn` multiprocessing start method. Overriding VLLM_WORKER_MULTIPROC_METHOD to 'spawn'. See https://docs.vllm.ai/en/latest/usage/troubleshooting.html#python-multiprocessing for more information. Reasons: In a Ray actor and can only be spawned; CUDA is initialized
[36m(vLLMHttpServer pid=582781)[0m [Gloo] Rank 0 is connected to 0 peer ranks. Expected number of connected peer ranks is : 0
[36m(vLLMHttpServer pid=582781)[0m [Gloo] Rank 0 is connected to 0 peer ranks. Expected number of connected peer ranks is : 0
[36m(vLLMHttpServer pid=582781)[0m [Gloo] Rank 0 is connected to 0 peer ranks. Expected number of connected peer ranks is : 0
[36m(vLLMHttpServer pid=582781)[0m [Gloo] Rank 0 is connected to 0 peer ranks. Expected number of connected peer ranks is : 0
[36m(vLLMHttpServer pid=582781)[0m [Gloo] Rank 0 is connected to 0 peer ranks. Expected number of connected peer ranks is : 0
[36m(vLLMHttpServer pid=582781)[0m [Gloo] Rank 0 is connected to 0 peer ranks. Expected number of connected peer ranks is : 0
[36m(vLLMHttpServer pid=582860)[0m WARNING 06-29 13:12:25 [__init__.py:3036] We must use the `spawn` multiprocessing start method. Overriding VLLM_WORKER_MULTIPROC_METHOD to 'spawn'. See https://docs.vllm.ai/en/latest/usage/troubleshooting.html#python-multiprocessing for more information. Reasons: In a Ray actor and can only be spawned; CUDA is initialized
[36m(vLLMHttpServer pid=582781)[0m [1;36m(Worker pid=610268)[0;0m WARNING 06-29 13:12:51 [cudagraph_dispatcher.py:106] cudagraph dispatching keys are not initialized. No cudagraph will be used.
[36m(vLLMHttpServer pid=582860)[0m [Gloo] Rank 0 is connected to 0 peer ranks. Expected number of connected peer ranks is : 0[32m [repeated 6x across cluster][0m
[36m(vLLMHttpServer pid=582781)[0m WARNING 06-29 13:12:56 [model.py:1389] Default sampling parameters have been overridden by the model's Hugging Face generation config recommended from the model creator. If this is not intended, please relaunch vLLM instance with `--generation-config vllm`.
[36m(TaskRunner pid=431148)[0m AgentLoopManager: ['10.247.28.202:40309', '10.247.28.202:34253'][36m(pid=662005)[0m /inspire/hdd/global_user/mengweicheng-240108120092/lzy/fc-opd-storage/envs/fc-opd-verl071-cu128/lib/python3.12/site-packages/torch/cuda/__init__.py:63: FutureWarning: The pynvml package is deprecated. Please install nvidia-ml-py instead. If you did not install pynvml directly, please report this to the maintainers of the package that installed pynvml for you.
[36m(pid=662005)[0m   import pynvml  # type: ignore[import]
[36m(vLLMHttpServer pid=582860)[0m [1;36m(Worker pid=610043)[0;0m 2026-06-29 13:12:51,781 - INFO - autotuner.py:256 - flashinfer.jit: [Autotuner]: Autotuning process starts ...
[36m(vLLMHttpServer pid=582860)[0m [1;36m(Worker pid=610043)[0;0m 2026-06-29 13:12:51,879 - INFO - autotuner.py:262 - flashinfer.jit: [Autotuner]: Autotuning process ends
[36m(WorkerDict pid=533144)[0m INFO:2026-06-29 13:12:58,544:update_weights done, time cost: 0.44s
[36m(TaskRunner pid=431148)[0m Training Progress:   0%|          | 0/200 [00:00<?, ?it/s]
[36m(pid=662005)[0m /inspire/hdd/global_user/mengweicheng-240108120092/lzy/fc-opd-storage/envs/fc-opd-verl071-cu128/lib/python3.12/site-packages/transformers/utils/hub.py:110: FutureWarning: Using `TRANSFORMERS_CACHE` is deprecated and will be removed in v5 of Transformers. Use `HF_HOME` instead.
[36m(pid=662005)[0m   warnings.warn(
[36m(AgentLoopWorker pid=662005)[0m You're using a Qwen2TokenizerFast tokenizer. Please note that with a fast tokenizer, using the `__call__` method is faster than using a method to encode the text followed by a call to the `pad` method to get a padded encoding.
[36m(pid=662021)[0m /inspire/hdd/global_user/mengweicheng-240108120092/lzy/fc-opd-storage/envs/fc-opd-verl071-cu128/lib/python3.12/site-packages/torch/cuda/__init__.py:63: FutureWarning: The pynvml package is deprecated. Please install nvidia-ml-py instead. If you did not install pynvml directly, please report this to the maintainers of the package that installed pynvml for you.
[36m(pid=662021)[0m   import pynvml  # type: ignore[import]
[36m(pid=662021)[0m /inspire/hdd/global_user/mengweicheng-240108120092/lzy/fc-opd-storage/envs/fc-opd-verl071-cu128/lib/python3.12/site-packages/transformers/utils/hub.py:110: FutureWarning: Using `TRANSFORMERS_CACHE` is deprecated and will be removed in v5 of Transformers. Use `HF_HOME` instead.
[36m(pid=662021)[0m   warnings.warn(
[36m(pid=688641)[0m /inspire/hdd/global_user/mengweicheng-240108120092/lzy/fc-opd-storage/envs/fc-opd-verl071-cu128/lib/python3.12/site-packages/torch/cuda/__init__.py:63: FutureWarning: The pynvml package is deprecated. Please install nvidia-ml-py instead. If you did not install pynvml directly, please report this to the maintainers of the package that installed pynvml for you.
[36m(pid=688641)[0m   import pynvml  # type: ignore[import]
[36m(pid=688641)[0m /inspire/hdd/global_user/mengweicheng-240108120092/lzy/fc-opd-storage/envs/fc-opd-verl071-cu128/lib/python3.12/site-packages/transformers/utils/hub.py:110: FutureWarning: Using `TRANSFORMERS_CACHE` is deprecated and will be removed in v5 of Transformers. Use `HF_HOME` instead.
[36m(pid=688641)[0m   warnings.warn(
[36m(_RayStudentScorerActor pid=688641)[0m `torch_dtype` is deprecated! Use `dtype` instead!
[36m(AgentLoopWorker pid=662021)[0m You're using a Qwen2TokenizerFast tokenizer. Please note that with a fast tokenizer, using the `__call__` method is faster than using a method to encode the text followed by a call to the `pad` method to get a padded encoding.
[36m(_RayStudentScorerActor pid=688641)[0m Loading checkpoint shards:   0%|          | 0/2 [00:00<?, ?it/s]
[36m(_RayStudentScorerActor pid=688641)[0m Loading checkpoint shards:  50%|█████     | 1/2 [00:02<00:02,  2.63s/it]
[36m(_RayStudentScorerActor pid=688641)[0m Loading checkpoint shards: 100%|██████████| 2/2 [00:04<00:00,  2.32s/it]Loading checkpoint shards: 100%|██████████| 2/2 [00:04<00:00,  2.37s/it]
[36m(WorkerDict pid=533144)[0m INFO:2026-06-29 13:13:36,255:update_weights done, time cost: 0.50s
[36m(TaskRunner pid=431148)[0m Training Progress:   0%|          | 1/200 [00:37<2:05:26, 37.82s/it]
[36m(pid=743054)[0m /inspire/hdd/global_user/mengweicheng-240108120092/lzy/fc-opd-storage/envs/fc-opd-verl071-cu128/lib/python3.12/site-packages/torch/cuda/__init__.py:63: FutureWarning: The pynvml package is deprecated. Please install nvidia-ml-py instead. If you did not install pynvml directly, please report this to the maintainers of the package that installed pynvml for you.
[36m(pid=743054)[0m   import pynvml  # type: ignore[import]
[36m(pid=743054)[0m /inspire/hdd/global_user/mengweicheng-240108120092/lzy/fc-opd-storage/envs/fc-opd-verl071-cu128/lib/python3.12/site-packages/transformers/utils/hub.py:110: FutureWarning: Using `TRANSFORMERS_CACHE` is deprecated and will be removed in v5 of Transformers. Use `HF_HOME` instead.
[36m(pid=743054)[0m   warnings.warn(
[36m(_RayStudentScorerActor pid=743054)[0m `torch_dtype` is deprecated! Use `dtype` instead!
[36m(_RayStudentScorerActor pid=743054)[0m Loading checkpoint shards:   0%|          | 0/2 [00:00<?, ?it/s]
[36m(_RayStudentScorerActor pid=743054)[0m Loading checkpoint shards:  50%|█████     | 1/2 [00:02<00:02,  2.62s/it]
[36m(_RayStudentScorerActor pid=743054)[0m Loading checkpoint shards: 100%|██████████| 2/2 [00:04<00:00,  2.32s/it]Loading checkpoint shards: 100%|██████████| 2/2 [00:04<00:00,  2.36s/it]
[36m(WorkerDict pid=533144)[0m INFO:2026-06-29 13:14:04,918:update_weights done, time cost: 0.50s

[36m(vLLMHttpServer pid=582860)[0m [1;36m(Worker pid=610043)[0;0m WARNING 06-29 13:12:51 [cudagraph_dispatcher.py:106] cudagraph dispatching keys are not initialized. No cudagraph will be used.
[36m(TaskRunner pid=431148)[0m Checkpoint tracker file does not exist: /inspire/hdd/global_user/mengweicheng-240108120092/lzy/projects/Dual-Track-OPD/checkpoints/verl_fc_opd_overnight/fc_opd_overnight_20260629_130933/latest_checkpointed_iteration.txt
[36m(TaskRunner pid=431148)[0m Training from scratch
[36m(WorkerDict pid=533145)[0m WARNING 06-29 13:12:58 [api_server.py:1213] LoRA dynamic loading & unloading is enabled in the API server. This should ONLY be used for local development!
[36m(vLLMHttpServer pid=582860)[0m WARNING 06-29 13:12:56 [model.py:1389] Default sampling parameters have been overridden by the model's Hugging Face generation config recommended from the model creator. If this is not intended, please relaunch vLLM instance with `--generation-config vllm`.
[36m(AgentLoopWorker pid=662005)[0m WARNING 06-29 13:13:05 [api_server.py:1213] LoRA dynamic loading & unloading is enabled in the API server. This should ONLY be used for local development![32m [repeated 2x across cluster][0m
[36m(AgentLoopWorker pid=662005)[0m Using dataset class: FCOPDDataset
[36m(TaskRunner pid=431148)[0m step:1 - fc_opd/hook_loss:0.25746089220046997 - fc_opd/hook_num_samples:2.0 - fc_opd/hook_active_weight:208.39544677734375 - fc_opd/loss/task_visible:0.4178391695022583 - fc_opd/selection/task_visible:0.03670879453420639 - fc_opd/loss/degraded:0.0 - fc_opd/selection/degraded:0.0 - fc_opd/loss/task_infer:0.46889421343803406 - fc_opd/selection/task_infer:0.07674025744199753 - fc_opd/loss/full:0.11354206502437592 - fc_opd/selection/full:0.18494859337806702 - fc_opd/loss/task_solve:0.2975640892982483 - fc_opd/selection/task_solve:0.09116826951503754 - fc_opd/loss/free:0.0 - fc_opd/selection/free:0.0 - fc_opd/loss/chunk/visible_evidence:0.0 - fc_opd/loss/chunk/diagram_inference:0.0 - fc_opd/loss/chunk/reasoning:0.10636083781719208 - fc_opd/loss/chunk/answer:0.0 - fc_opd/loss/total:0.25746089220046997 - fc_opd/online/loss:0.25746089220046997 - fc_opd/online/num_samples:2.0 - global_seqlen/min:447 - global_seqlen/max:451 - global_seqlen/minmax_diff:4 - global_seqlen/balanced_min:447 - global_seqlen/balanced_max:451 - global_seqlen/mean:449.0 - actor/entropy:0.1486658751964569 - perf/mfu/actor_infer:0 - actor/pg_loss:-0.4999995529651642 - actor/kl_loss:0.0 - actor/fc_opd_loss:0.32663118839263916 - actor/pg_clipfrac:0.0 - actor/ppo_kl:0.0 - actor/pg_clipfrac_lower:0.0 - actor/fc_opd_coef:0.10000000149011612 - actor/fc_opd_active_weight_mean:0.20351120457053185 - actor/grad_norm:6.03969144821167 - perf/mfu/actor:0.011267420388264664 - perf/max_memory_allocated_gb:41.394092082977295 - perf/max_memory_reserved_gb:46.609375 - perf/cpu_memory_used_gb:134.92152786254883 - actor/lr:1e-06 - training/global_step:1 - training/epoch:0 - critic/score/mean:0.5 - critic/score/max:1.0 - critic/score/min:0.0 - critic/rewards/mean:0.5 - critic/rewards/max:1.0 - critic/rewards/min:0.0 - critic/advantages/mean:0.5037170052528381 - critic/advantages/max:0.9999990463256836 - critic/advantages/min:0.0 - critic/returns/mean:0.5037170052528381 - critic/returns/max:0.9999990463256836 - critic/returns/min:0.0 - response_length/mean:269.0 - response_length/max:271.0 - response_length/min:267.0 - response_length/clip_ratio:0.0 - response_length_non_aborted/mean:269.0 - response_length_non_aborted/max:271.0 - response_length_non_aborted/min:267.0 - response_length_non_aborted/clip_ratio:0.0 - response/aborted_ratio:0.0 - prompt_length/mean:180.0 - prompt_length/max:180.0 - prompt_length/min:180.0 - prompt_length/clip_ratio:0.0 - num_turns/min:2 - num_turns/max:2 - num_turns/mean:2.0 - timing_s/start_profile:0.00024215690791606903 - timing_s/agent_loop/num_preempted/min:-1 - timing_s/agent_loop/num_preempted/max:-1 - timing_s/agent_loop/num_preempted/mean:-1.0 - timing_s/agent_loop/generate_sequences/min:6.433508204296231 - timing_s/agent_loop/generate_sequences/max:6.528633467853069 - timing_s/agent_loop/generate_sequences/mean:6.48107083607465 - timing_s/agent_loop/tool_calls/min:0.0 - timing_s/agent_loop/tool_calls/max:0.0 - timing_s/agent_loop/tool_calls/mean:0.0 - timing_s/agent_loop/slowest/generate_sequences:6.528633467853069 - timing_s/agent_loop/slowest/tool_calls:0.0 - timing_s/agent_loop/slowest/prompt_length:180 - timing_s/agent_loop/slowest/response_length:271 - timing_s/agent_loop/slowest/num_preempted:-1 - timing_s/gen:14.821726920083165 - timing_s/fc_opd:18.877416662871838 - timing_s/reward:2.660416066646576e-05 - timing_s/old_log_prob:0.7020444329828024 - timing_s/adv:0.0005165711045265198 - timing_s/update_actor:1.0750933419913054 - timing_s/update_weights:2.1435683127492666 - timing_s/step:37.62755688279867 - timing_s/stop_profile:5.556270480155945e-05 - timing_per_token_ms/gen:27.549678290117406 - timing_per_token_ms/adv:0.0005752462188491312 - timing_per_token_ms/update_actor:1.1972086213711641 - perf/total_num_tokens:898 - perf/time_per_step:37.62755688279867 - perf/throughput:11.932743903584637
[36m(AgentLoopWorker pid=662021)[0m WARNING 06-29 13:13:05 [api_server.py:1213] LoRA dynamic loading & unloading is enabled in the API server. This should ONLY be used for local development!
[36m(AgentLoopWorker pid=662021)[0m Using dataset class: FCOPDDataset
[36m(TaskRunner pid=431148)[0m step:2 - fc_opd/hook_loss:0.26085251569747925 - fc_opd/hook_num_samples:2.0 - fc_opd/hook_active_weight:249.55763244628906 - fc_opd/loss/task_visible:0.2869196832180023 - fc_opd/selection/task_visible:0.04936344549059868 - fc_opd/loss/degraded:0.0 - fc_opd/selection/degraded:0.0 - fc_opd/loss/task_infer:0.46599945425987244 - fc_opd/selection/task_infer:0.07435708492994308 - fc_opd/loss/full:0.15246567130088806 - fc_opd/selection/full:0.190106600522995 - fc_opd/loss/task_solve:0.34086334705352783 - fc_opd/selection/task_solve:0.08427334576845169 - fc_opd/loss/free:0.0 - fc_opd/selection/free:0.0 - fc_opd/loss/chunk/visible_evidence:0.0 - fc_opd/loss/chunk/diagram_inference:0.0 - fc_opd/loss/chunk/reasoning:0.11433995515108109 - fc_opd/loss/chunk/answer:0.0 - fc_opd/loss/total:0.26085251569747925 - fc_opd/online/loss:0.26085251569747925 - fc_opd/online/num_samples:2.0 - global_seqlen/min:451 - global_seqlen/max:499 - global_seqlen/minmax_diff:48 - global_seqlen/balanced_min:451 - global_seqlen/balanced_max:499 - global_seqlen/mean:475.0 - actor/entropy:0.1300104558467865 - perf/mfu/actor_infer:0 - actor/pg_loss:-0.4999995529651642 - actor/kl_loss:0.0 - actor/fc_opd_loss:0.5287299603223801 - actor/pg_clipfrac:0.0 - actor/ppo_kl:0.0 - actor/pg_clipfrac_lower:0.0 - actor/fc_opd_coef:0.10000000149011612 - actor/fc_opd_active_weight_mean:0.24370864406228065 - actor/grad_norm:5.454205513000488 - perf/mfu/actor:0.01943930628318466 - perf/max_memory_allocated_gb:41.394092082977295 - perf/max_memory_reserved_gb:46.609375 - perf/cpu_memory_used_gb:135.3616828918457 - actor/lr:1e-06 - training/global_step:2 - training/epoch:1 - critic/score/mean:0.5 - critic/score/max:1.0 - critic/score/min:0.0 - critic/rewards/mean:0.5 - critic/rewards/max:1.0 - critic/rewards/min:0.0 - critic/advantages/mean:0.45932161808013916 - critic/advantages/max:0.9999990463256836 - critic/advantages/min:0.0 - critic/returns/mean:0.45932161808013916 - critic/returns/max:0.9999990463256836 - critic/returns/min:0.0 - response_length/mean:295.0 - response_length/max:319.0 - response_length/min:271.0 - response_length/clip_ratio:0.0 - response_length_non_aborted/mean:295.0 - response_length_non_aborted/max:319.0 - response_length_non_aborted/min:271.0 - response_length_non_aborted/clip_ratio:0.0 - response/aborted_ratio:0.0 - prompt_length/mean:180.0 - prompt_length/max:180.0 - prompt_length/min:180.0 - prompt_length/clip_ratio:0.0 - num_turns/min:2 - num_turns/max:2 - num_turns/mean:2.0 - timing_s/start_profile:0.000282803550362587 - timing_s/agent_loop/num_preempted/min:-1 - timing_s/agent_loop/num_preempted/max:-1 - timing_s/agent_loop/num_preempted/mean:-1.0 - timing_s/agent_loop/generate_sequences/min:4.384069487452507 - timing_s/agent_loop/generate_sequences/max:5.159781895577908 - timing_s/agent_loop/generate_sequences/mean:4.771925691515207 - timing_s/agent_loop/tool_calls/min:0.0 - timing_s/agent_loop/tool_calls/max:0.0 - timing_s/agent_loop/tool_calls/mean:0.0 - timing_s/agent_loop/slowest/generate_sequences:5.159781895577908 - timing_s/agent_loop/slowest/tool_calls:0.0 - timing_s/agent_loop/slowest/prompt_length:180 - timing_s/agent_loop/slowest/response_length:319 - timing_s/agent_loop/slowest/num_preempted:-1 - timing_s/gen:5.782436851412058 - timing_s/fc_opd:19.638988193124533 - timing_s/reward:3.544054925441742e-05 - timing_s/old_log_prob:0.17590319737792015 - timing_s/adv:0.0004929360002279282 - timing_s/update_actor:0.6619588974863291 - timing_s/update_weights:2.0826975870877504 - timing_s/step:28.34724465943873 - timing_s/stop_profile:5.021132528781891e-05 - timing_per_token_ms/gen:9.800740426122132 - timing_per_token_ms/adv:0.0005188800002399244 - timing_per_token_ms/update_actor:0.6967988394592938 - perf/total_num_tokens:950 - perf/time_per_step:28.34724465943873 - perf/throughput:16.756478652744125[36m(TaskRunner pid=431148)[0m Training Progress:   1%|          | 2/200 [01:06<1:46:57, 32.41s/it]
[36m(pid=794379)[0m /inspire/hdd/global_user/mengweicheng-240108120092/lzy/fc-opd-storage/envs/fc-opd-verl071-cu128/lib/python3.12/site-packages/torch/cuda/__init__.py:63: FutureWarning: The pynvml package is deprecated. Please install nvidia-ml-py instead. If you did not install pynvml directly, please report this to the maintainers of the package that installed pynvml for you.
[36m(pid=794379)[0m   import pynvml  # type: ignore[import]
[36m(pid=794379)[0m /inspire/hdd/global_user/mengweicheng-240108120092/lzy/fc-opd-storage/envs/fc-opd-verl071-cu128/lib/python3.12/site-packages/transformers/utils/hub.py:110: FutureWarning: Using `TRANSFORMERS_CACHE` is deprecated and will be removed in v5 of Transformers. Use `HF_HOME` instead.
[36m(pid=794379)[0m   warnings.warn(
[36m(_RayStudentScorerActor pid=794379)[0m `torch_dtype` is deprecated! Use `dtype` instead!
[36m(_RayStudentScorerActor pid=794379)[0m Loading checkpoint shards:   0%|          | 0/2 [00:00<?, ?it/s]
[36m(_RayStudentScorerActor pid=794379)[0m Loading checkpoint shards:  50%|█████     | 1/2 [00:02<00:02,  2.60s/it]
[36m(_RayStudentScorerActor pid=794379)[0m Loading checkpoint shards: 100%|██████████| 2/2 [00:04<00:00,  2.30s/it]Loading checkpoint shards: 100%|██████████| 2/2 [00:04<00:00,  2.34s/it]
[36m(WorkerDict pid=533144)[0m INFO:2026-06-29 13:14:33,121:update_weights done, time cost: 0.49s
[36m(TaskRunner pid=431148)[0m Training Progress:   2%|▏         | 3/200 [01:34<1:40:05, 30.48s/it]
[36m(pid=849485)[0m /inspire/hdd/global_user/mengweicheng-240108120092/lzy/fc-opd-storage/envs/fc-opd-verl071-cu128/lib/python3.12/site-packages/torch/cuda/__init__.py:63: FutureWarning: The pynvml package is deprecated. Please install nvidia-ml-py instead. If you did not install pynvml directly, please report this to the maintainers of the package that installed pynvml for you.
[36m(pid=849485)[0m   import pynvml  # type: ignore[import]
[36m(pid=849485)[0m /inspire/hdd/global_user/mengweicheng-240108120092/lzy/fc-opd-storage/envs/fc-opd-verl071-cu128/lib/python3.12/site-packages/transformers/utils/hub.py:110: FutureWarning: Using `TRANSFORMERS_CACHE` is deprecated and will be removed in v5 of Transformers. Use `HF_HOME` instead.
[36m(pid=849485)[0m   warnings.warn(
[36m(_RayStudentScorerActor pid=849485)[0m `torch_dtype` is deprecated! Use `dtype` instead!
[36m(_RayStudentScorerActor pid=849485)[0m Loading checkpoint shards:   0%|          | 0/2 [00:00<?, ?it/s]
[36m(_RayStudentScorerActor pid=849485)[0m Loading checkpoint shards:  50%|█████     | 1/2 [00:02<00:02,  2.60s/it]
[36m(_RayStudentScorerActor pid=849485)[0m Loading checkpoint shards: 100%|██████████| 2/2 [00:04<00:00,  2.29s/it]Loading checkpoint shards: 100%|██████████| 2/2 [00:04<00:00,  2.34s/it]
[36m(WorkerDict pid=533144)[0m INFO:2026-06-29 13:15:02,816:update_weights done, time cost: 0.52s
[36m(TaskRunner pid=431148)[0m Training Progress:   2%|▏         | 4/200 [02:04<1:38:34, 30.17s/it]
[36m(pid=902134)[0m /inspire/hdd/global_user/mengweicheng-240108120092/lzy/fc-opd-storage/envs/fc-opd-verl071-cu128/lib/python3.12/site-packages/torch/cuda/__init__.py:63: FutureWarning: The pynvml package is deprecated. Please install nvidia-ml-py instead. If you did not install pynvml directly, please report this to the maintainers of the package that installed pynvml for you.
[36m(pid=902134)[0m   import pynvml  # type: ignore[import]
[36m(pid=902134)[0m /inspire/hdd/global_user/mengweicheng-240108120092/lzy/fc-opd-storage/envs/fc-opd-verl071-cu128/lib/python3.12/site-packages/transformers/utils/hub.py:110: FutureWarning: Using `TRANSFORMERS_CACHE` is deprecated and will be removed in v5 of Transformers. Use `HF_HOME` instead.
[36m(pid=902134)[0m   warnings.warn(
[36m(_RayStudentScorerActor pid=902134)[0m `torch_dtype` is deprecated! Use `dtype` instead!
[36m(_RayStudentScorerActor pid=902134)[0m Loading checkpoint shards:   0%|          | 0/2 [00:00<?, ?it/s]
[36m(_RayStudentScorerActor pid=902134)[0m Loading checkpoint shards:  50%|█████     | 1/2 [00:02<00:02,  2.63s/it]
[36m(_RayStudentScorerActor pid=902134)[0m Loading checkpoint shards: 100%|██████████| 2/2 [00:04<00:00,  2.32s/it]Loading checkpoint shards: 100%|██████████| 2/2 [00:04<00:00,  2.37s/it]
[36m(WorkerDict pid=533144)[0m INFO:2026-06-29 13:15:31,936:update_weights done, time cost: 0.48s

[36m(TaskRunner pid=431148)[0m step:3 - fc_opd/hook_loss:0.380598783493042 - fc_opd/hook_num_samples:2.0 - fc_opd/hook_active_weight:403.5557556152344 - fc_opd/loss/task_visible:0.5684502124786377 - fc_opd/selection/task_visible:0.08250690996646881 - fc_opd/loss/degraded:0.0 - fc_opd/selection/degraded:0.0 - fc_opd/loss/task_infer:0.6833924055099487 - fc_opd/selection/task_infer:0.14278638362884521 - fc_opd/loss/full:0.1860237717628479 - fc_opd/selection/full:0.34738773107528687 - fc_opd/loss/task_solve:0.4659586250782013 - fc_opd/selection/task_solve:0.1293325573205948 - fc_opd/loss/free:0.0 - fc_opd/selection/free:0.0 - fc_opd/loss/chunk/visible_evidence:0.0 - fc_opd/loss/chunk/diagram_inference:0.0 - fc_opd/loss/chunk/reasoning:0.2673504650592804 - fc_opd/loss/chunk/answer:0.0 - fc_opd/loss/total:0.380598783493042 - fc_opd/online/loss:0.380598783493042 - fc_opd/online/num_samples:2.0 - global_seqlen/min:449 - global_seqlen/max:486 - global_seqlen/minmax_diff:37 - global_seqlen/balanced_min:449 - global_seqlen/balanced_max:486 - global_seqlen/mean:467.5 - actor/entropy:0.16225986182689667 - perf/mfu/actor_infer:0 - actor/pg_loss:0.0 - actor/kl_loss:0.0 - actor/fc_opd_loss:0.5070053488016129 - actor/pg_clipfrac:0.0 - actor/ppo_kl:0.0 - actor/pg_clipfrac_lower:0.0 - actor/fc_opd_coef:0.10000000149011612 - actor/fc_opd_active_weight_mean:0.3940974175930023 - actor/grad_norm:2.4614033699035645 - perf/mfu/actor:0.0192941998535502 - perf/max_memory_allocated_gb:41.394092082977295 - perf/max_memory_reserved_gb:46.609375 - perf/cpu_memory_used_gb:135.81260299682617 - actor/lr:1e-06 - training/global_step:3 - training/epoch:2 - critic/score/mean:0.0 - critic/score/max:0.0 - critic/score/min:0.0 - critic/rewards/mean:0.0 - critic/rewards/max:0.0 - critic/rewards/min:0.0 - critic/advantages/mean:0.0 - critic/advantages/max:0.0 - critic/advantages/min:0.0 - critic/returns/mean:0.0 - critic/returns/max:0.0 - critic/returns/min:0.0 - response_length/mean:287.5 - response_length/max:306.0 - response_length/min:269.0 - response_length/clip_ratio:0.0 - response_length_non_aborted/mean:287.5 - response_length_non_aborted/max:306.0 - response_length_non_aborted/min:269.0 - response_length_non_aborted/clip_ratio:0.0 - response/aborted_ratio:0.0 - prompt_length/mean:180.0 - prompt_length/max:180.0 - prompt_length/min:180.0 - prompt_length/clip_ratio:0.0 - num_turns/min:2 - num_turns/max:2 - num_turns/mean:2.0 - timing_s/start_profile:0.000254213809967041 - timing_s/agent_loop/num_preempted/min:-1 - timing_s/agent_loop/num_preempted/max:-1 - timing_s/agent_loop/num_preempted/mean:-1.0 - timing_s/agent_loop/generate_sequences/min:4.360453512519598 - timing_s/agent_loop/generate_sequences/max:4.9969617202878 - timing_s/agent_loop/generate_sequences/mean:4.678707616403699 - timing_s/agent_loop/tool_calls/min:0.0 - timing_s/agent_loop/tool_calls/max:0.0 - timing_s/agent_loop/tool_calls/mean:0.0 - timing_s/agent_loop/slowest/generate_sequences:4.9969617202878 - timing_s/agent_loop/slowest/tool_calls:0.0 - timing_s/agent_loop/slowest/prompt_length:180 - timing_s/agent_loop/slowest/response_length:306 - timing_s/agent_loop/slowest/num_preempted:-1 - timing_s/gen:5.617505794391036 - timing_s/fc_opd:19.45645421743393 - timing_s/reward:2.376362681388855e-05 - timing_s/old_log_prob:0.1805107332766056 - timing_s/adv:0.00045744143426418304 - timing_s/update_actor:0.6575593873858452 - timing_s/update_weights:2.032893130555749 - timing_s/step:27.948730433359742 - timing_s/stop_profile:4.6936795115470886e-05 - timing_per_token_ms/gen:9.769575294593107 - timing_per_token_ms/adv:0.0004892421756836182 - timing_per_token_ms/update_actor:0.7032720720704226 - perf/total_num_tokens:935 - perf/time_per_step:27.948730433359742 - perf/throughput:16.72705674823747
[36m(TaskRunner pid=431148)[0m step:4 - fc_opd/hook_loss:0.3550650477409363 - fc_opd/hook_num_samples:2.0 - fc_opd/hook_active_weight:273.75933837890625 - fc_opd/loss/task_visible:0.5786670446395874 - fc_opd/selection/task_visible:0.043888796120882034 - fc_opd/loss/degraded:0.0 - fc_opd/selection/degraded:0.0 - fc_opd/loss/task_infer:0.7786790728569031 - fc_opd/selection/task_infer:0.08758091181516647 - fc_opd/loss/full:0.09149392694234848 - fc_opd/selection/full:0.18999354541301727 - fc_opd/loss/task_solve:0.41128063201904297 - fc_opd/selection/task_solve:0.07593290507793427 - fc_opd/loss/free:0.0 - fc_opd/selection/free:0.0 - fc_opd/loss/chunk/visible_evidence:0.0 - fc_opd/loss/chunk/diagram_inference:0.0 - fc_opd/loss/chunk/reasoning:0.14943334460258484 - fc_opd/loss/chunk/answer:0.0 - fc_opd/loss/total:0.3550650477409363 - fc_opd/online/loss:0.3550650477409363 - fc_opd/online/num_samples:2.0 - global_seqlen/min:449 - global_seqlen/max:534 - global_seqlen/minmax_diff:85 - global_seqlen/balanced_min:449 - global_seqlen/balanced_max:534 - global_seqlen/mean:491.5 - actor/entropy:0.159981369972229 - perf/mfu/actor_infer:0 - actor/pg_loss:-0.4999995529651642 - actor/kl_loss:0.0 - actor/fc_opd_loss:0.46693816781044006 - actor/pg_clipfrac:0.0 - actor/ppo_kl:0.0 - actor/pg_clipfrac_lower:0.0 - actor/fc_opd_coef:0.10000000149011612 - actor/fc_opd_active_weight_mean:0.2673431374132633 - actor/grad_norm:5.99212646484375 - perf/mfu/actor:0.020058650225457483 - perf/max_memory_allocated_gb:41.394092082977295 - perf/max_memory_reserved_gb:46.6484375 - perf/cpu_memory_used_gb:135.10776138305664 - actor/lr:1e-06 - training/global_step:4 - training/epoch:3 - critic/score/mean:0.5 - critic/score/max:1.0 - critic/score/min:0.0 - critic/rewards/mean:0.5 - critic/rewards/max:1.0 - critic/rewards/min:0.0 - critic/advantages/mean:0.4317813217639923 - critic/advantages/max:0.9999990463256836 - critic/advantages/min:0.0 - critic/returns/mean:0.4317813217639923 - critic/returns/max:0.9999990463256836 - critic/returns/min:0.0 - response_length/mean:311.5 - response_length/max:354.0 - response_length/min:269.0 - response_length/clip_ratio:0.0 - response_length_non_aborted/mean:311.5 - response_length_non_aborted/max:354.0 - response_length_non_aborted/min:269.0 - response_length_non_aborted/clip_ratio:0.0 - response/aborted_ratio:0.0 - prompt_length/mean:180.0 - prompt_length/max:180.0 - prompt_length/min:180.0 - prompt_length/clip_ratio:0.0 - num_turns/min:2 - num_turns/max:2 - num_turns/mean:2.0 - timing_s/start_profile:0.00024295970797538757 - timing_s/agent_loop/num_preempted/min:-1 - timing_s/agent_loop/num_preempted/max:-1 - timing_s/agent_loop/num_preempted/mean:-1.0 - timing_s/agent_loop/generate_sequences/min:4.370291644707322 - timing_s/agent_loop/generate_sequences/max:5.790249295532703 - timing_s/agent_loop/generate_sequences/mean:5.080270470120013 - timing_s/agent_loop/tool_calls/min:0.0 - timing_s/agent_loop/tool_calls/max:0.0 - timing_s/agent_loop/tool_calls/mean:0.0 - timing_s/agent_loop/slowest/generate_sequences:5.790249295532703 - timing_s/agent_loop/slowest/tool_calls:0.0 - timing_s/agent_loop/slowest/prompt_length:180 - timing_s/agent_loop/slowest/response_length:354 - timing_s/agent_loop/slowest/num_preempted:-1 - timing_s/gen:6.499652436003089 - timing_s/fc_opd:19.95596234127879 - timing_s/reward:2.6689842343330383e-05 - timing_s/old_log_prob:0.18136932514607906 - timing_s/adv:0.0004749242216348648 - timing_s/update_actor:0.6661163475364447 - timing_s/update_weights:2.153805062174797 - timing_s/step:29.461312040686607 - timing_s/stop_profile:4.8415735363960266e-05 - timing_per_token_ms/gen:10.432828950245728 - timing_per_token_ms/adv:0.00048313756015754304 - timing_per_token_ms/update_actor:0.6776361622954676 - perf/total_num_tokens:983 - perf/time_per_step:29.461312040686607 - perf/throughput:16.682895837131408
[36m(TaskRunner pid=431148)[0m step:5 - fc_opd/hook_loss:0.3353695869445801 - fc_opd/hook_num_samples:2.0 - fc_opd/hook_active_weight:215.58990478515625 - fc_opd/loss/task_visible:0.8047702312469482 - fc_opd/selection/task_visible:0.04164440557360649 - fc_opd/loss/degraded:0.0 - fc_opd/selection/degraded:0.0 - fc_opd/loss/task_infer:0.4833295941352844 - fc_opd/selection/task_infer:0.08799773454666138 - fc_opd/loss/full:0.13103507459163666 - fc_opd/selection/full:0.1770775020122528 - fc_opd/loss/task_solve:0.39231425523757935 - fc_opd/selection/task_solve:0.09648595750331879 - fc_opd/loss/free:0.0 - fc_opd/selection/free:0.0 - fc_opd/loss/chunk/visible_evidence:0.0 - fc_opd/loss/chunk/diagram_inference:0.0 - fc_opd/loss/chunk/reasoning:0.14696653187274933 - fc_opd/loss/chunk/answer:0.0 - fc_opd/loss/total:0.3353695869445801 - fc_opd/online/loss:0.3353695869445801 - fc_opd/online/num_samples:2.0 - global_seqlen/min:438 - global_seqlen/max:521 - global_seqlen/minmax_diff:83 - global_seqlen/balanced_min:438 - global_seqlen/balanced_max:521 - global_seqlen/mean:479.5 - actor/entropy:0.16273047029972076 - perf/mfu/actor_infer:0 - actor/pg_loss:-0.4999995529651642 - actor/kl_loss:0.0 - actor/fc_opd_loss:0.39595527946949005 - actor/pg_clipfrac:0.0 - actor/ppo_kl:0.0 - actor/pg_clipfrac_lower:0.0 - actor/fc_opd_coef:0.10000000149011612 - actor/fc_opd_active_weight_mean:0.21053701639175415 - actor/grad_norm:6.32019567489624 - perf/mfu/actor:0.02018955514949889 - perf/max_memory_allocated_gb:41.394092082977295 - perf/max_memory_reserved_gb:46.6484375 - perf/cpu_memory_used_gb:135.21840286254883 - actor/lr:1e-06 - training/global_step:5 - training/epoch:4 - critic/score/mean:0.5 - critic/score/max:1.0 - critic/score/min:0.0 - critic/rewards/mean:0.5 - critic/rewards/max:1.0 - critic/rewards/min:0.0 - critic/advantages/mean:0.5692816972732544 - critic/advantages/max:0.9999990463256836 - critic/advantages/min:0.0 - critic/returns/mean:0.5692816972732544 - critic/returns/max:0.9999990463256836 - critic/returns/min:0.0 - response_length/mean:299.5 - response_length/max:341.0 - response_length/min:258.0 - response_length/clip_ratio:0.0 - response_length_non_aborted/mean:299.5 - response_length_non_aborted/max:341.0 - response_length_non_aborted/min:258.0 - response_length_non_aborted/clip_ratio:0.0 - response/aborted_ratio:0.0 - prompt_length/mean:180.0 - prompt_length/max:180.0 - prompt_length/min:180.0 - prompt_length/clip_ratio:0.0 - num_turns/min:2 - num_turns/max:2 - num_turns/mean:2.0 - timing_s/start_profile:0.0002462286502122879 - timing_s/agent_loop/num_preempted/min:-1 - timing_s/agent_loop/num_preempted/max:-1 - timing_s/agent_loop/num_preempted/mean:-1.0 - timing_s/agent_loop/generate_sequences/min:4.236753311008215 - timing_s/agent_loop/generate_sequences/max:5.532263251021504 - timing_s/agent_loop/generate_sequences/mean:4.88450828101486 - timing_s/agent_loop/tool_calls/min:0.0 - timing_s/agent_loop/tool_calls/max:0.0 - timing_s/agent_loop/tool_calls/mean:0.0 - timing_s/agent_loop/slowest/generate_sequences:5.532263251021504 - timing_s/agent_loop/slowest/tool_calls:0.0 - timing_s/agent_loop/slowest/prompt_length:180 - timing_s/agent_loop/slowest/response_length:341 - timing_s/agent_loop/slowest/num_preempted:-1 - timing_s/gen:6.1720751859247684 - timing_s/fc_opd:19.75885400734842 - timing_s/reward:2.9012560844421387e-05 - timing_s/old_log_prob:0.1907069869339466 - timing_s/adv:0.0004270896315574646 - timing_s/update_actor:0.6433252785354853 - timing_s/update_weights:2.0921132750809193 - timing_s/step:28.86046625673771 - timing_s/stop_profile:5.013309419155121e-05 - timing_per_token_ms/gen:10.303965251961216 - timing_per_token_ms/adv:0.00044534893801612574 - timing_per_token_ms/update_actor:0.6708292789733944 - perf/total_num_tokens:959 - perf/time_per_step:28.86046625673771 - perf/throughput:16.614423195192035[36m(TaskRunner pid=431148)[0m Training Progress:   2%|▎         | 5/200 [02:33<1:36:48, 29.79s/it]
[36m(pid=953259)[0m /inspire/hdd/global_user/mengweicheng-240108120092/lzy/fc-opd-storage/envs/fc-opd-verl071-cu128/lib/python3.12/site-packages/torch/cuda/__init__.py:63: FutureWarning: The pynvml package is deprecated. Please install nvidia-ml-py instead. If you did not install pynvml directly, please report this to the maintainers of the package that installed pynvml for you.
[36m(pid=953259)[0m   import pynvml  # type: ignore[import]
[36m(pid=953259)[0m /inspire/hdd/global_user/mengweicheng-240108120092/lzy/fc-opd-storage/envs/fc-opd-verl071-cu128/lib/python3.12/site-packages/transformers/utils/hub.py:110: FutureWarning: Using `TRANSFORMERS_CACHE` is deprecated and will be removed in v5 of Transformers. Use `HF_HOME` instead.
[36m(pid=953259)[0m   warnings.warn(
[36m(_RayStudentScorerActor pid=953259)[0m `torch_dtype` is deprecated! Use `dtype` instead!
[36m(_RayStudentScorerActor pid=953259)[0m Loading checkpoint shards:   0%|          | 0/2 [00:00<?, ?it/s]
[36m(_RayStudentScorerActor pid=953259)[0m Loading checkpoint shards:  50%|█████     | 1/2 [00:02<00:02,  2.64s/it]
[36m(_RayStudentScorerActor pid=953259)[0m Loading checkpoint shards: 100%|██████████| 2/2 [00:04<00:00,  2.33s/it]Loading checkpoint shards: 100%|██████████| 2/2 [00:04<00:00,  2.37s/it]
[36m(WorkerDict pid=533144)[0m INFO:2026-06-29 13:15:59,712:update_weights done, time cost: 0.49s
[36m(TaskRunner pid=431148)[0m Training Progress:   3%|▎         | 6/200 [03:01<1:34:07, 29.11s/it]
[36m(pid=1008166)[0m /inspire/hdd/global_user/mengweicheng-240108120092/lzy/fc-opd-storage/envs/fc-opd-verl071-cu128/lib/python3.12/site-packages/torch/cuda/__init__.py:63: FutureWarning: The pynvml package is deprecated. Please install nvidia-ml-py instead. If you did not install pynvml directly, please report this to the maintainers of the package that installed pynvml for you.
[36m(pid=1008166)[0m   import pynvml  # type: ignore[import]
[36m(pid=1008166)[0m /inspire/hdd/global_user/mengweicheng-240108120092/lzy/fc-opd-storage/envs/fc-opd-verl071-cu128/lib/python3.12/site-packages/transformers/utils/hub.py:110: FutureWarning: Using `TRANSFORMERS_CACHE` is deprecated and will be removed in v5 of Transformers. Use `HF_HOME` instead.
[36m(pid=1008166)[0m   warnings.warn(
[36m(_RayStudentScorerActor pid=1008166)[0m `torch_dtype` is deprecated! Use `dtype` instead!
[36m(_RayStudentScorerActor pid=1008166)[0m Loading checkpoint shards:   0%|          | 0/2 [00:00<?, ?it/s]
[36m(_RayStudentScorerActor pid=1008166)[0m Loading checkpoint shards:  50%|█████     | 1/2 [00:03<00:03,  3.02s/it]
[36m(_RayStudentScorerActor pid=1008166)[0m Loading checkpoint shards: 100%|██████████| 2/2 [00:05<00:00,  2.67s/it]Loading checkpoint shards: 100%|██████████| 2/2 [00:05<00:00,  2.72s/it]
[36m(WorkerDict pid=533144)[0m INFO:2026-06-29 13:16:30,350:update_weights done, time cost: 0.48s
[36m(TaskRunner pid=431148)[0m Training Progress:   4%|▎         | 7/200 [03:31<1:35:12, 29.60s/it]
[36m(pid=1061812)[0m /inspire/hdd/global_user/mengweicheng-240108120092/lzy/fc-opd-storage/envs/fc-opd-verl071-cu128/lib/python3.12/site-packages/torch/cuda/__init__.py:63: FutureWarning: The pynvml package is deprecated. Please install nvidia-ml-py instead. If you did not install pynvml directly, please report this to the maintainers of the package that installed pynvml for you.
[36m(pid=1061812)[0m   import pynvml  # type: ignore[import]
[36m(pid=1061812)[0m /inspire/hdd/global_user/mengweicheng-240108120092/lzy/fc-opd-storage/envs/fc-opd-verl071-cu128/lib/python3.12/site-packages/transformers/utils/hub.py:110: FutureWarning: Using `TRANSFORMERS_CACHE` is deprecated and will be removed in v5 of Transformers. Use `HF_HOME` instead.
[36m(pid=1061812)[0m   warnings.warn(
[36m(_RayStudentScorerActor pid=1061812)[0m `torch_dtype` is deprecated! Use `dtype` instead!
[36m(_RayStudentScorerActor pid=1061812)[0m Loading checkpoint shards:   0%|          | 0/2 [00:00<?, ?it/s]
[36m(_RayStudentScorerActor pid=1061812)[0m Loading checkpoint shards:  50%|█████     | 1/2 [00:02<00:02,  2.65s/it]
[36m(_RayStudentScorerActor pid=1061812)[0m Loading checkpoint shards: 100%|██████████| 2/2 [00:04<00:00,  2.32s/it]Loading checkpoint shards: 100%|██████████| 2/2 [00:04<00:00,  2.37s/it]
[36m(WorkerDict pid=533144)[0m INFO:2026-06-29 13:16:58,672:update_weights done, time cost: 0.46s

[36m(TaskRunner pid=431148)[0m step:6 - fc_opd/hook_loss:0.41887789964675903 - fc_opd/hook_num_samples:2.0 - fc_opd/hook_active_weight:51.41817855834961 - fc_opd/loss/task_visible:0.7497886419296265 - fc_opd/selection/task_visible:0.010814822278916836 - fc_opd/loss/degraded:0.0 - fc_opd/selection/degraded:0.0 - fc_opd/loss/task_infer:0.9484248161315918 - fc_opd/selection/task_infer:0.015293557196855545 - fc_opd/loss/full:0.0652557834982872 - fc_opd/selection/full:0.0441211462020874 - fc_opd/loss/task_solve:0.6305166482925415 - fc_opd/selection/task_solve:0.01979724131524563 - fc_opd/loss/free:0.0 - fc_opd/selection/free:0.0 - fc_opd/loss/chunk/visible_evidence:0.0 - fc_opd/loss/chunk/diagram_inference:0.0 - fc_opd/loss/chunk/reasoning:0.03784041106700897 - fc_opd/loss/chunk/answer:0.0 - fc_opd/loss/total:0.41887789964675903 - fc_opd/online/loss:0.41887789964675903 - fc_opd/online/num_samples:2.0 - global_seqlen/min:463 - global_seqlen/max:468 - global_seqlen/minmax_diff:5 - global_seqlen/balanced_min:463 - global_seqlen/balanced_max:468 - global_seqlen/mean:465.5 - actor/entropy:0.17845702171325684 - perf/mfu/actor_infer:0 - actor/pg_loss:-0.9999990463256836 - actor/kl_loss:0.0 - actor/fc_opd_loss:0.3712473213672638 - actor/pg_clipfrac:0.0 - actor/ppo_kl:0.0 - actor/pg_clipfrac_lower:0.0 - actor/fc_opd_coef:0.10000000149011612 - actor/fc_opd_active_weight_mean:0.05021306499838829 - actor/grad_norm:7.38797664642334 - perf/mfu/actor:0.019317460443643714 - perf/max_memory_allocated_gb:41.394092082977295 - perf/max_memory_reserved_gb:46.6484375 - perf/cpu_memory_used_gb:136.19678497314453 - actor/lr:1e-06 - training/global_step:6 - training/epoch:5 - critic/score/mean:1.0 - critic/score/max:1.0 - critic/score/min:1.0 - critic/rewards/mean:1.0 - critic/rewards/max:1.0 - critic/rewards/min:1.0 - critic/advantages/mean:0.9999991655349731 - critic/advantages/max:0.9999990463256836 - critic/advantages/min:0.9999990463256836 - critic/returns/mean:0.9999991655349731 - critic/returns/max:0.9999990463256836 - critic/returns/min:0.9999990463256836 - response_length/mean:285.5 - response_length/max:288.0 - response_length/min:283.0 - response_length/clip_ratio:0.0 - response_length_non_aborted/mean:285.5 - response_length_non_aborted/max:288.0 - response_length_non_aborted/min:283.0 - response_length_non_aborted/clip_ratio:0.0 - response/aborted_ratio:0.0 - prompt_length/mean:180.0 - prompt_length/max:180.0 - prompt_length/min:180.0 - prompt_length/clip_ratio:0.0 - num_turns/min:2 - num_turns/max:2 - num_turns/mean:2.0 - timing_s/start_profile:0.0002617519348859787 - timing_s/agent_loop/num_preempted/min:-1 - timing_s/agent_loop/num_preempted/max:-1 - timing_s/agent_loop/num_preempted/mean:-1.0 - timing_s/agent_loop/generate_sequences/min:4.574445258826017 - timing_s/agent_loop/generate_sequences/max:4.649113615974784 - timing_s/agent_loop/generate_sequences/mean:4.611779437400401 - timing_s/agent_loop/tool_calls/min:0.0 - timing_s/agent_loop/tool_calls/max:0.0 - timing_s/agent_loop/tool_calls/mean:0.0 - timing_s/agent_loop/slowest/generate_sequences:4.649113615974784 - timing_s/agent_loop/slowest/tool_calls:0.0 - timing_s/agent_loop/slowest/prompt_length:180 - timing_s/agent_loop/slowest/response_length:288 - timing_s/agent_loop/slowest/num_preempted:-1 - timing_s/gen:5.288181487470865 - timing_s/fc_opd:19.36057739891112 - timing_s/reward:2.520531415939331e-05 - timing_s/old_log_prob:0.17821993492543697 - timing_s/adv:0.00045555271208286285 - timing_s/update_actor:0.6536075118929148 - timing_s/update_weights:2.0716300811618567 - timing_s/step:27.556753298267722 - timing_s/stop_profile:5.383789539337158e-05 - timing_per_token_ms/gen:9.261263550737066 - timing_per_token_ms/adv:0.0004893154802178978 - timing_per_token_ms/update_actor:0.7020488849547957 - perf/total_num_tokens:931 - perf/time_per_step:27.556753298267722 - perf/throughput:16.89241090782862
[36m(TaskRunner pid=431148)[0m step:7 - fc_opd/hook_loss:0.33543384075164795 - fc_opd/hook_num_samples:2.0 - fc_opd/hook_active_weight:285.599853515625 - fc_opd/loss/task_visible:0.4485384225845337 - fc_opd/selection/task_visible:0.051973022520542145 - fc_opd/loss/degraded:0.0 - fc_opd/selection/degraded:0.0 - fc_opd/loss/task_infer:0.8138325214385986 - fc_opd/selection/task_infer:0.05645552650094032 - fc_opd/loss/full:0.12354767322540283 - fc_opd/selection/full:0.1962524801492691 - fc_opd/loss/task_solve:0.4295676350593567 - fc_opd/selection/task_solve:0.09681148827075958 - fc_opd/loss/free:0.0 - fc_opd/selection/free:0.0 - fc_opd/loss/chunk/visible_evidence:0.0 - fc_opd/loss/chunk/diagram_inference:0.0 - fc_opd/loss/chunk/reasoning:0.1509399116039276 - fc_opd/loss/chunk/answer:0.0 - fc_opd/loss/total:0.33543384075164795 - fc_opd/online/loss:0.33543384075164795 - fc_opd/online/num_samples:2.0 - global_seqlen/min:469 - global_seqlen/max:544 - global_seqlen/minmax_diff:75 - global_seqlen/balanced_min:469 - global_seqlen/balanced_max:544 - global_seqlen/mean:506.5 - actor/entropy:0.17664091289043427 - perf/mfu/actor_infer:0 - actor/pg_loss:-0.4999995231628418 - actor/kl_loss:0.0 - actor/fc_opd_loss:0.35229896008968353 - actor/pg_clipfrac:0.0 - actor/ppo_kl:0.0 - actor/pg_clipfrac_lower:0.0 - actor/fc_opd_coef:0.10000000149011612 - actor/fc_opd_active_weight_mean:0.2789061311632395 - actor/grad_norm:5.899281978607178 - perf/mfu/actor:0.021107956785042688 - perf/max_memory_allocated_gb:41.394092082977295 - perf/max_memory_reserved_gb:46.6484375 - perf/cpu_memory_used_gb:135.13970947265625 - actor/lr:1e-06 - training/global_step:7 - training/epoch:6 - critic/score/mean:0.5 - critic/score/max:1.0 - critic/score/min:0.0 - critic/rewards/mean:0.5 - critic/rewards/max:1.0 - critic/rewards/min:0.0 - critic/advantages/mean:0.44257235527038574 - critic/advantages/max:0.9999990463256836 - critic/advantages/min:0.0 - critic/returns/mean:0.44257235527038574 - critic/returns/max:0.9999990463256836 - critic/returns/min:0.0 - response_length/mean:326.5 - response_length/max:364.0 - response_length/min:289.0 - response_length/clip_ratio:0.0 - response_length_non_aborted/mean:326.5 - response_length_non_aborted/max:364.0 - response_length_non_aborted/min:289.0 - response_length_non_aborted/clip_ratio:0.0 - response/aborted_ratio:0.0 - prompt_length/mean:180.0 - prompt_length/max:180.0 - prompt_length/min:180.0 - prompt_length/clip_ratio:0.0 - num_turns/min:2 - num_turns/max:2 - num_turns/mean:2.0 - timing_s/start_profile:0.0002443827688694 - timing_s/agent_loop/num_preempted/min:-1 - timing_s/agent_loop/num_preempted/max:-1 - timing_s/agent_loop/num_preempted/mean:-1.0 - timing_s/agent_loop/generate_sequences/min:4.663701646029949 - timing_s/agent_loop/generate_sequences/max:5.875025600194931 - timing_s/agent_loop/generate_sequences/mean:5.26936362311244 - timing_s/agent_loop/tool_calls/min:0.0 - timing_s/agent_loop/tool_calls/max:0.0 - timing_s/agent_loop/tool_calls/mean:0.0 - timing_s/agent_loop/slowest/generate_sequences:5.875025600194931 - timing_s/agent_loop/slowest/tool_calls:0.0 - timing_s/agent_loop/slowest/prompt_length:180 - timing_s/agent_loop/slowest/response_length:364 - timing_s/agent_loop/slowest/num_preempted:-1 - timing_s/gen:6.53094944357872 - timing_s/fc_opd:20.98886733315885 - timing_s/reward:2.8112903237342834e-05 - timing_s/old_log_prob:0.1804752815514803 - timing_s/adv:0.00045049935579299927 - timing_s/update_actor:0.6494071688503027 - timing_s/update_weights:1.9983903113752604 - timing_s/step:30.351670172065496 - timing_s/stop_profile:4.838034510612488e-05 - timing_per_token_ms/gen:10.00145397178977 - timing_per_token_ms/adv:0.00044471802151332604 - timing_per_token_ms/update_actor:0.6410732170289266 - perf/total_num_tokens:1013 - perf/time_per_step:30.351670172065496 - perf/throughput:16.68771428816339
[36m(TaskRunner pid=431148)[0m step:8 - fc_opd/hook_loss:0.3353233337402344 - fc_opd/hook_num_samples:2.0 - fc_opd/hook_active_weight:54.10884475708008 - fc_opd/loss/task_visible:0.5797802209854126 - fc_opd/selection/task_visible:0.010544857010245323 - fc_opd/loss/degraded:0.0 - fc_opd/selection/degraded:0.0 - fc_opd/loss/task_infer:0.6648960709571838 - fc_opd/selection/task_infer:0.01682794839143753 - fc_opd/loss/full:0.16931238770484924 - fc_opd/selection/full:0.046488143503665924 - fc_opd/loss/task_solve:0.3089872896671295 - fc_opd/selection/task_solve:0.017673641443252563 - fc_opd/loss/free:0.0 - fc_opd/selection/free:0.0 - fc_opd/loss/chunk/visible_evidence:0.0 - fc_opd/loss/chunk/diagram_inference:0.0 - fc_opd/loss/chunk/reasoning:0.030725520104169846 - fc_opd/loss/chunk/answer:0.0 - fc_opd/loss/total:0.3353233337402344 - fc_opd/online/loss:0.3353233337402344 - fc_opd/online/num_samples:2.0 - global_seqlen/min:459 - global_seqlen/max:492 - global_seqlen/minmax_diff:33 - global_seqlen/balanced_min:459 - global_seqlen/balanced_max:492 - global_seqlen/mean:475.5 - actor/entropy:0.23522768914699554 - perf/mfu/actor_infer:0 - actor/pg_loss:-0.9999990165233612 - actor/kl_loss:0.0 - actor/fc_opd_loss:0.44853590428829193 - actor/pg_clipfrac:0.0 - actor/ppo_kl:0.0 - actor/pg_clipfrac_lower:0.0 - actor/fc_opd_coef:0.10000000149011612 - actor/fc_opd_active_weight_mean:0.052840668708086014 - actor/grad_norm:7.71624755859375 - perf/mfu/actor:0.019764799683411736 - perf/max_memory_allocated_gb:41.394092082977295 - perf/max_memory_reserved_gb:46.6484375 - perf/cpu_memory_used_gb:136.1421890258789 - actor/lr:1e-06 - training/global_step:8 - training/epoch:7 - critic/score/mean:1.0 - critic/score/max:1.0 - critic/score/min:1.0 - critic/rewards/mean:1.0 - critic/rewards/max:1.0 - critic/rewards/min:1.0 - critic/advantages/mean:0.9999990463256836 - critic/advantages/max:0.9999990463256836 - critic/advantages/min:0.9999990463256836 - critic/returns/mean:0.9999990463256836 - critic/returns/max:0.9999990463256836 - critic/returns/min:0.9999990463256836 - response_length/mean:295.5 - response_length/max:312.0 - response_length/min:279.0 - response_length/clip_ratio:0.0 - response_length_non_aborted/mean:295.5 - response_length_non_aborted/max:312.0 - response_length_non_aborted/min:279.0 - response_length_non_aborted/clip_ratio:0.0 - response/aborted_ratio:0.0 - prompt_length/mean:180.0 - prompt_length/max:180.0 - prompt_length/min:180.0 - prompt_length/clip_ratio:0.0 - num_turns/min:2 - num_turns/max:2 - num_turns/mean:2.0 - timing_s/start_profile:0.0002607293426990509 - timing_s/agent_loop/num_preempted/min:-1 - timing_s/agent_loop/num_preempted/max:-1 - timing_s/agent_loop/num_preempted/mean:-1.0 - timing_s/agent_loop/generate_sequences/min:4.525640584528446 - timing_s/agent_loop/generate_sequences/max:5.045243740081787 - timing_s/agent_loop/generate_sequences/mean:4.785442162305117 - timing_s/agent_loop/tool_calls/min:0.0 - timing_s/agent_loop/tool_calls/max:0.0 - timing_s/agent_loop/tool_calls/mean:0.0 - timing_s/agent_loop/slowest/generate_sequences:5.045243740081787 - timing_s/agent_loop/slowest/tool_calls:0.0 - timing_s/agent_loop/slowest/prompt_length:180 - timing_s/agent_loop/slowest/response_length:312 - timing_s/agent_loop/slowest/num_preempted:-1 - timing_s/gen:5.723023448139429 - timing_s/fc_opd:19.61334332637489 - timing_s/reward:3.5395845770835876e-05 - timing_s/old_log_prob:0.18200534768402576 - timing_s/adv:0.00043594837188720703 - timing_s/update_actor:0.6521448120474815 - timing_s/update_weights:1.9815057199448347 - timing_s/step:28.156303079798818 - timing_s/stop_profile:4.8939138650894165e-05 - timing_per_token_ms/gen:9.683626815802757 - timing_per_token_ms/adv:0.0004584104856858118 - timing_per_token_ms/update_actor:0.6857463849079721 - perf/total_num_tokens:951 - perf/time_per_step:28.156303079798818 - perf/throughput:16.887870493948295[36m(TaskRunner pid=431148)[0m Training Progress:   4%|▍         | 8/200 [04:00<1:33:29, 29.22s/it]
[36m(pid=1116620)[0m /inspire/hdd/global_user/mengweicheng-240108120092/lzy/fc-opd-storage/envs/fc-opd-verl071-cu128/lib/python3.12/site-packages/torch/cuda/__init__.py:63: FutureWarning: The pynvml package is deprecated. Please install nvidia-ml-py instead. If you did not install pynvml directly, please report this to the maintainers of the package that installed pynvml for you.
[36m(pid=1116620)[0m   import pynvml  # type: ignore[import]
[36m(pid=1116620)[0m /inspire/hdd/global_user/mengweicheng-240108120092/lzy/fc-opd-storage/envs/fc-opd-verl071-cu128/lib/python3.12/site-packages/transformers/utils/hub.py:110: FutureWarning: Using `TRANSFORMERS_CACHE` is deprecated and will be removed in v5 of Transformers. Use `HF_HOME` instead.
[36m(pid=1116620)[0m   warnings.warn(
[36m(_RayStudentScorerActor pid=1116620)[0m `torch_dtype` is deprecated! Use `dtype` instead!
[36m(_RayStudentScorerActor pid=1116620)[0m Loading checkpoint shards:   0%|          | 0/2 [00:00<?, ?it/s]
[36m(_RayStudentScorerActor pid=1116620)[0m Loading checkpoint shards:  50%|█████     | 1/2 [00:02<00:02,  2.63s/it]
[36m(_RayStudentScorerActor pid=1116620)[0m Loading checkpoint shards: 100%|██████████| 2/2 [00:04<00:00,  2.32s/it]Loading checkpoint shards: 100%|██████████| 2/2 [00:04<00:00,  2.37s/it]
[36m(WorkerDict pid=533144)[0m INFO:2026-06-29 13:17:26,623:update_weights done, time cost: 0.48s
[36m(TaskRunner pid=431148)[0m Training Progress:   4%|▍         | 9/200 [04:28<1:31:41, 28.80s/it]
[36m(pid=1165179)[0m /inspire/hdd/global_user/mengweicheng-240108120092/lzy/fc-opd-storage/envs/fc-opd-verl071-cu128/lib/python3.12/site-packages/torch/cuda/__init__.py:63: FutureWarning: The pynvml package is deprecated. Please install nvidia-ml-py instead. If you did not install pynvml directly, please report this to the maintainers of the package that installed pynvml for you.
[36m(pid=1165179)[0m   import pynvml  # type: ignore[import]
[36m(pid=1165179)[0m /inspire/hdd/global_user/mengweicheng-240108120092/lzy/fc-opd-storage/envs/fc-opd-verl071-cu128/lib/python3.12/site-packages/transformers/utils/hub.py:110: FutureWarning: Using `TRANSFORMERS_CACHE` is deprecated and will be removed in v5 of Transformers. Use `HF_HOME` instead.
[36m(pid=1165179)[0m   warnings.warn(
[36m(_RayStudentScorerActor pid=1165179)[0m `torch_dtype` is deprecated! Use `dtype` instead!
[36m(_RayStudentScorerActor pid=1165179)[0m Loading checkpoint shards:   0%|          | 0/2 [00:00<?, ?it/s]
[36m(_RayStudentScorerActor pid=1165179)[0m Loading checkpoint shards:  50%|█████     | 1/2 [00:02<00:02,  2.63s/it]
[36m(_RayStudentScorerActor pid=1165179)[0m Loading checkpoint shards: 100%|██████████| 2/2 [00:04<00:00,  2.33s/it]Loading checkpoint shards: 100%|██████████| 2/2 [00:04<00:00,  2.37s/it]
[36m(WorkerDict pid=533144)[0m INFO:2026-06-29 13:17:53,976:update_weights done, time cost: 0.48s
[36m(TaskRunner pid=431148)[0m Training Progress:   5%|▌         | 10/200 [04:55<1:29:47, 28.36s/it]
[36m(pid=1218325)[0m /inspire/hdd/global_user/mengweicheng-240108120092/lzy/fc-opd-storage/envs/fc-opd-verl071-cu128/lib/python3.12/site-packages/torch/cuda/__init__.py:63: FutureWarning: The pynvml package is deprecated. Please install nvidia-ml-py instead. If you did not install pynvml directly, please report this to the maintainers of the package that installed pynvml for you.
[36m(pid=1218325)[0m   import pynvml  # type: ignore[import]
[36m(pid=1218325)[0m /inspire/hdd/global_user/mengweicheng-240108120092/lzy/fc-opd-storage/envs/fc-opd-verl071-cu128/lib/python3.12/site-packages/transformers/utils/hub.py:110: FutureWarning: Using `TRANSFORMERS_CACHE` is deprecated and will be removed in v5 of Transformers. Use `HF_HOME` instead.
[36m(pid=1218325)[0m   warnings.warn(
[36m(_RayStudentScorerActor pid=1218325)[0m `torch_dtype` is deprecated! Use `dtype` instead!
[36m(_RayStudentScorerActor pid=1218325)[0m Loading checkpoint shards:   0%|          | 0/2 [00:00<?, ?it/s]
[36m(_RayStudentScorerActor pid=1218325)[0m Loading checkpoint shards:  50%|█████     | 1/2 [00:03<00:03,  3.03s/it]
[36m(_RayStudentScorerActor pid=1218325)[0m Loading checkpoint shards: 100%|██████████| 2/2 [00:05<00:00,  2.67s/it]Loading checkpoint shards: 100%|██████████| 2/2 [00:05<00:00,  2.73s/it]
[36m(WorkerDict pid=533144)[0m INFO:2026-06-29 13:18:22,422:update_weights done, time cost: 0.48s

[36m(TaskRunner pid=431148)[0m step:9 - fc_opd/hook_loss:0.43139833211898804 - fc_opd/hook_num_samples:2.0 - fc_opd/hook_active_weight:51.977081298828125 - fc_opd/loss/task_visible:0.47118401527404785 - fc_opd/selection/task_visible:0.00916079431772232 - fc_opd/loss/degraded:0.0 - fc_opd/selection/degraded:0.0 - fc_opd/loss/task_infer:0.9760044813156128 - fc_opd/selection/task_infer:0.015239231288433075 - fc_opd/loss/full:0.1687343418598175 - fc_opd/selection/full:0.046938903629779816 - fc_opd/loss/task_solve:0.6539394855499268 - fc_opd/selection/task_solve:0.019040152430534363 - fc_opd/loss/free:0.0 - fc_opd/selection/free:0.0 - fc_opd/loss/chunk/visible_evidence:0.0 - fc_opd/loss/chunk/diagram_inference:0.0 - fc_opd/loss/chunk/reasoning:0.03897535055875778 - fc_opd/loss/chunk/answer:0.0 - fc_opd/loss/total:0.43139833211898804 - fc_opd/online/loss:0.43139833211898804 - fc_opd/online/num_samples:2.0 - global_seqlen/min:465 - global_seqlen/max:470 - global_seqlen/minmax_diff:5 - global_seqlen/balanced_min:465 - global_seqlen/balanced_max:470 - global_seqlen/mean:467.5 - actor/entropy:0.17176276445388794 - perf/mfu/actor_infer:0 - actor/pg_loss:-0.9999990463256836 - actor/kl_loss:0.0 - actor/fc_opd_loss:0.32278914749622345 - actor/pg_clipfrac:0.0 - actor/ppo_kl:0.0 - actor/pg_clipfrac_lower:0.0 - actor/fc_opd_coef:0.10000000149011612 - actor/fc_opd_active_weight_mean:0.05075887218117714 - actor/grad_norm:10.015944480895996 - perf/mfu/actor:0.01905901684253721 - perf/max_memory_allocated_gb:41.394092082977295 - perf/max_memory_reserved_gb:46.6484375 - perf/cpu_memory_used_gb:135.38143157958984 - actor/lr:1e-06 - training/global_step:9 - training/epoch:8 - critic/score/mean:1.0 - critic/score/max:1.0 - critic/score/min:1.0 - critic/rewards/mean:1.0 - critic/rewards/max:1.0 - critic/rewards/min:1.0 - critic/advantages/mean:0.9999991655349731 - critic/advantages/max:0.9999990463256836 - critic/advantages/min:0.9999990463256836 - critic/returns/mean:0.9999991655349731 - critic/returns/max:0.9999990463256836 - critic/returns/min:0.9999990463256836 - response_length/mean:287.5 - response_length/max:290.0 - response_length/min:285.0 - response_length/clip_ratio:0.0 - response_length_non_aborted/mean:287.5 - response_length_non_aborted/max:290.0 - response_length_non_aborted/min:285.0 - response_length_non_aborted/clip_ratio:0.0 - response/aborted_ratio:0.0 - prompt_length/mean:180.0 - prompt_length/max:180.0 - prompt_length/min:180.0 - prompt_length/clip_ratio:0.0 - num_turns/min:2 - num_turns/max:2 - num_turns/mean:2.0 - timing_s/start_profile:0.0002591572701931 - timing_s/agent_loop/num_preempted/min:-1 - timing_s/agent_loop/num_preempted/max:-1 - timing_s/agent_loop/num_preempted/mean:-1.0 - timing_s/agent_loop/generate_sequences/min:4.602672955021262 - timing_s/agent_loop/generate_sequences/max:4.726104693487287 - timing_s/agent_loop/generate_sequences/mean:4.664388824254274 - timing_s/agent_loop/tool_calls/min:0.0 - timing_s/agent_loop/tool_calls/max:0.0 - timing_s/agent_loop/tool_calls/mean:0.0 - timing_s/agent_loop/slowest/generate_sequences:4.726104693487287 - timing_s/agent_loop/slowest/tool_calls:0.0 - timing_s/agent_loop/slowest/prompt_length:180 - timing_s/agent_loop/slowest/response_length:290 - timing_s/agent_loop/slowest/num_preempted:-1 - timing_s/gen:5.354803584516048 - timing_s/fc_opd:19.419937301427126 - timing_s/reward:2.7613714337348938e-05 - timing_s/old_log_prob:0.17961835488677025 - timing_s/adv:0.00046915560960769653 - timing_s/update_actor:0.6657001860439777 - timing_s/update_weights:2.0254828687757254 - timing_s/step:27.649545203894377 - timing_s/stop_profile:4.958733916282654e-05 - timing_per_token_ms/gen:9.312701886114867 - timing_per_token_ms/adv:0.0005017707054627771 - timing_per_token_ms/update_actor:0.7119788086031847 - perf/total_num_tokens:935 - perf/time_per_step:27.649545203894377 - perf/throughput:16.908053877651255
[36m(TaskRunner pid=431148)[0m step:10 - fc_opd/hook_loss:0.343831330537796 - fc_opd/hook_num_samples:2.0 - fc_opd/hook_active_weight:49.6020393371582 - fc_opd/loss/task_visible:0.6267437934875488 - fc_opd/selection/task_visible:0.008180471137166023 - fc_opd/loss/degraded:0.0 - fc_opd/selection/degraded:0.0 - fc_opd/loss/task_infer:0.6765528917312622 - fc_opd/selection/task_infer:0.017321299761533737 - fc_opd/loss/full:0.12076760083436966 - fc_opd/selection/full:0.04755009710788727 - fc_opd/loss/task_solve:0.4816873073577881 - fc_opd/selection/task_solve:0.018291521817445755 - fc_opd/loss/free:0.0 - fc_opd/selection/free:0.0 - fc_opd/loss/chunk/visible_evidence:0.0 - fc_opd/loss/chunk/diagram_inference:0.0 - fc_opd/loss/chunk/reasoning:0.031423501670360565 - fc_opd/loss/chunk/answer:0.0 - fc_opd/loss/total:0.343831330537796 - fc_opd/online/loss:0.343831330537796 - fc_opd/online/num_samples:2.0 - global_seqlen/min:444 - global_seqlen/max:459 - global_seqlen/minmax_diff:15 - global_seqlen/balanced_min:444 - global_seqlen/balanced_max:459 - global_seqlen/mean:451.5 - actor/entropy:0.17413736879825592 - perf/mfu/actor_infer:0 - actor/pg_loss:-0.9999990165233612 - actor/kl_loss:0.0 - actor/fc_opd_loss:0.3367830663919449 - actor/pg_clipfrac:0.0 - actor/ppo_kl:0.0 - actor/pg_clipfrac_lower:0.0 - actor/fc_opd_coef:0.10000000149011612 - actor/fc_opd_active_weight_mean:0.04843948967754841 - actor/grad_norm:8.261184692382812 - perf/mfu/actor:0.01869711049972785 - perf/max_memory_allocated_gb:41.394092082977295 - perf/max_memory_reserved_gb:46.6484375 - perf/cpu_memory_used_gb:135.79387855529785 - actor/lr:1e-06 - training/global_step:10 - training/epoch:9 - critic/score/mean:1.0 - critic/score/max:1.0 - critic/score/min:1.0 - critic/rewards/mean:1.0 - critic/rewards/max:1.0 - critic/rewards/min:1.0 - critic/advantages/mean:0.9999991059303284 - critic/advantages/max:0.9999990463256836 - critic/advantages/min:0.9999990463256836 - critic/returns/mean:0.9999991059303284 - critic/returns/max:0.9999990463256836 - critic/returns/min:0.9999990463256836 - response_length/mean:271.5 - response_length/max:279.0 - response_length/min:264.0 - response_length/clip_ratio:0.0 - response_length_non_aborted/mean:271.5 - response_length_non_aborted/max:279.0 - response_length_non_aborted/min:264.0 - response_length_non_aborted/clip_ratio:0.0 - response/aborted_ratio:0.0 - prompt_length/mean:180.0 - prompt_length/max:180.0 - prompt_length/min:180.0 - prompt_length/clip_ratio:0.0 - num_turns/min:2 - num_turns/max:2 - num_turns/mean:2.0 - timing_s/start_profile:0.0002528950572013855 - timing_s/agent_loop/num_preempted/min:-1 - timing_s/agent_loop/num_preempted/max:-1 - timing_s/agent_loop/num_preempted/mean:-1.0 - timing_s/agent_loop/generate_sequences/min:4.324914434924722 - timing_s/agent_loop/generate_sequences/max:4.490221248939633 - timing_s/agent_loop/generate_sequences/mean:4.4075678419321775 - timing_s/agent_loop/tool_calls/min:0.0 - timing_s/agent_loop/tool_calls/max:0.0 - timing_s/agent_loop/tool_calls/mean:0.0 - timing_s/agent_loop/slowest/generate_sequences:4.490221248939633 - timing_s/agent_loop/slowest/tool_calls:0.0 - timing_s/agent_loop/slowest/prompt_length:180 - timing_s/agent_loop/slowest/response_length:279 - timing_s/agent_loop/slowest/num_preempted:-1 - timing_s/gen:5.16289371624589 - timing_s/fc_opd:19.120796892791986 - timing_s/reward:2.553686499595642e-05 - timing_s/old_log_prob:0.17759845219552517 - timing_s/adv:0.0004380699247121811 - timing_s/update_actor:0.6637262105941772 - timing_s/update_weights:1.988881604745984 - timing_s/step:27.117719389498234 - timing_s/stop_profile:4.526413977146149e-05 - timing_per_token_ms/gen:9.508091558463885 - timing_per_token_ms/adv:0.00048512726989167343 - timing_per_token_ms/update_actor:0.7350234890300966 - perf/total_num_tokens:903 - perf/time_per_step:27.117719389498234 - perf/throughput:16.64963021097012
[36m(TaskRunner pid=431148)[0m step:11 - fc_opd/hook_loss:0.405046284198761 - fc_opd/hook_num_samples:2.0 - fc_opd/hook_active_weight:50.75275421142578 - fc_opd/loss/task_visible:0.787818431854248 - fc_opd/selection/task_visible:0.011351866647601128 - fc_opd/loss/degraded:0.0 - fc_opd/selection/degraded:0.0 - fc_opd/loss/task_infer:1.0046608448028564 - fc_opd/selection/task_infer:0.017194021493196487 - fc_opd/loss/full:0.08374174684286118 - fc_opd/selection/full:0.042258407920598984 - fc_opd/loss/task_solve:0.359761118888855 - fc_opd/selection/task_solve:0.018702279776334763 - fc_opd/loss/free:0.0 - fc_opd/selection/free:0.0 - fc_opd/loss/chunk/visible_evidence:0.0 - fc_opd/loss/chunk/diagram_inference:0.0 - fc_opd/loss/chunk/reasoning:0.03625717759132385 - fc_opd/loss/chunk/answer:0.0 - fc_opd/loss/total:0.405046284198761 - fc_opd/online/loss:0.405046284198761 - fc_opd/online/num_samples:2.0 - global_seqlen/min:455 - global_seqlen/max:472 - global_seqlen/minmax_diff:17 - global_seqlen/balanced_min:455 - global_seqlen/balanced_max:472 - global_seqlen/mean:463.5 - actor/entropy:0.19269001483917236 - perf/mfu/actor_infer:0 - actor/pg_loss:-0.999999076128006 - actor/kl_loss:0.0 - actor/fc_opd_loss:0.2683623135089874 - actor/pg_clipfrac:0.0 - actor/ppo_kl:0.0 - actor/pg_clipfrac_lower:0.0 - actor/fc_opd_coef:0.10000000149011612 - actor/fc_opd_active_weight_mean:0.04956323280930519 - actor/grad_norm:7.6370697021484375 - perf/mfu/actor:0.01941280529696657 - perf/max_memory_allocated_gb:41.394092082977295 - perf/max_memory_reserved_gb:46.6484375 - perf/cpu_memory_used_gb:135.14926147460938 - actor/lr:1e-06 - training/global_step:11 - training/epoch:10 - critic/score/mean:1.0 - critic/score/max:1.0 - critic/score/min:1.0 - critic/rewards/mean:1.0 - critic/rewards/max:1.0 - critic/rewards/min:1.0 - critic/advantages/mean:0.9999991655349731 - critic/advantages/max:0.9999990463256836 - critic/advantages/min:0.9999990463256836 - critic/returns/mean:0.9999991655349731 - critic/returns/max:0.9999990463256836 - critic/returns/min:0.9999990463256836 - response_length/mean:283.5 - response_length/max:292.0 - response_length/min:275.0 - response_length/clip_ratio:0.0 - response_length_non_aborted/mean:283.5 - response_length_non_aborted/max:292.0 - response_length_non_aborted/min:275.0 - response_length_non_aborted/clip_ratio:0.0 - response/aborted_ratio:0.0 - prompt_length/mean:180.0 - prompt_length/max:180.0 - prompt_length/min:180.0 - prompt_length/clip_ratio:0.0 - num_turns/min:2 - num_turns/max:2 - num_turns/mean:2.0 - timing_s/start_profile:0.00025626644492149353 - timing_s/agent_loop/num_preempted/min:-1 - timing_s/agent_loop/num_preempted/max:-1 - timing_s/agent_loop/num_preempted/mean:-1.0 - timing_s/agent_loop/generate_sequences/min:4.4889661483466625 - timing_s/agent_loop/generate_sequences/max:4.6928564589470625 - timing_s/agent_loop/generate_sequences/mean:4.5909113036468625 - timing_s/agent_loop/tool_calls/min:0.0 - timing_s/agent_loop/tool_calls/max:0.0 - timing_s/agent_loop/tool_calls/mean:0.0 - timing_s/agent_loop/slowest/generate_sequences:4.6928564589470625 - timing_s/agent_loop/slowest/tool_calls:0.0 - timing_s/agent_loop/slowest/prompt_length:180 - timing_s/agent_loop/slowest/response_length:292 - timing_s/agent_loop/slowest/num_preempted:-1 - timing_s/gen:5.319177282974124 - timing_s/fc_opd:19.959509262815118 - timing_s/reward:2.5486573576927185e-05 - timing_s/old_log_prob:0.18329611606895924 - timing_s/adv:0.00045841000974178314 - timing_s/update_actor:0.6486942246556282 - timing_s/update_weights:2.052462724968791 - timing_s/step:28.166940975934267 - timing_s/stop_profile:4.7186389565467834e-05 - timing_per_token_ms/gen:9.38126504933708 - timing_per_token_ms/adv:0.0004945091798724738 - timing_per_token_ms/update_actor:0.6997780201247338 - perf/total_num_tokens:927 - perf/time_per_step:28.166940975934267 - perf/throughput:16.455461045486363[36m(TaskRunner pid=431148)[0m Training Progress:   6%|▌         | 11/200 [05:23<1:29:22, 28.37s/it]
[36m(pid=1268869)[0m /inspire/hdd/global_user/mengweicheng-240108120092/lzy/fc-opd-storage/envs/fc-opd-verl071-cu128/lib/python3.12/site-packages/torch/cuda/__init__.py:63: FutureWarning: The pynvml package is deprecated. Please install nvidia-ml-py instead. If you did not install pynvml directly, please report this to the maintainers of the package that installed pynvml for you.
[36m(pid=1268869)[0m   import pynvml  # type: ignore[import]
[36m(pid=1268869)[0m /inspire/hdd/global_user/mengweicheng-240108120092/lzy/fc-opd-storage/envs/fc-opd-verl071-cu128/lib/python3.12/site-packages/transformers/utils/hub.py:110: FutureWarning: Using `TRANSFORMERS_CACHE` is deprecated and will be removed in v5 of Transformers. Use `HF_HOME` instead.
[36m(pid=1268869)[0m   warnings.warn(
[36m(_RayStudentScorerActor pid=1268869)[0m `torch_dtype` is deprecated! Use `dtype` instead!
[36m(_RayStudentScorerActor pid=1268869)[0m Loading checkpoint shards:   0%|          | 0/2 [00:00<?, ?it/s]
[36m(_RayStudentScorerActor pid=1268869)[0m Loading checkpoint shards:  50%|█████     | 1/2 [00:03<00:03,  3.07s/it]
[36m(_RayStudentScorerActor pid=1268869)[0m Loading checkpoint shards: 100%|██████████| 2/2 [00:05<00:00,  2.68s/it]Loading checkpoint shards: 100%|██████████| 2/2 [00:05<00:00,  2.74s/it]
[36m(WorkerDict pid=533144)[0m INFO:2026-06-29 13:18:51,169:update_weights done, time cost: 0.47s
[36m(TaskRunner pid=431148)[0m Training Progress:   6%|▌         | 12/200 [05:52<1:29:16, 28.49s/it]
[36m(pid=1320205)[0m /inspire/hdd/global_user/mengweicheng-240108120092/lzy/fc-opd-storage/envs/fc-opd-verl071-cu128/lib/python3.12/site-packages/torch/cuda/__init__.py:63: FutureWarning: The pynvml package is deprecated. Please install nvidia-ml-py instead. If you did not install pynvml directly, please report this to the maintainers of the package that installed pynvml for you.
[36m(pid=1320205)[0m   import pynvml  # type: ignore[import]
[36m(pid=1320205)[0m /inspire/hdd/global_user/mengweicheng-240108120092/lzy/fc-opd-storage/envs/fc-opd-verl071-cu128/lib/python3.12/site-packages/transformers/utils/hub.py:110: FutureWarning: Using `TRANSFORMERS_CACHE` is deprecated and will be removed in v5 of Transformers. Use `HF_HOME` instead.
[36m(pid=1320205)[0m   warnings.warn(
[36m(_RayStudentScorerActor pid=1320205)[0m `torch_dtype` is deprecated! Use `dtype` instead!
[36m(_RayStudentScorerActor pid=1320205)[0m Loading checkpoint shards:   0%|          | 0/2 [00:00<?, ?it/s]
[36m(_RayStudentScorerActor pid=1320205)[0m Loading checkpoint shards:  50%|█████     | 1/2 [00:03<00:03,  3.09s/it]
[36m(_RayStudentScorerActor pid=1320205)[0m Loading checkpoint shards: 100%|██████████| 2/2 [00:05<00:00,  2.70s/it]Loading checkpoint shards: 100%|██████████| 2/2 [00:05<00:00,  2.76s/it]
[36m(WorkerDict pid=533144)[0m INFO:2026-06-29 13:19:19,363:update_weights done, time cost: 0.52s
[36m(TaskRunner pid=431148)[0m Training Progress:   6%|▋         | 13/200 [06:20<1:28:31, 28.40s/it]
[36m(pid=1372979)[0m /inspire/hdd/global_user/mengweicheng-240108120092/lzy/fc-opd-storage/envs/fc-opd-verl071-cu128/lib/python3.12/site-packages/torch/cuda/__init__.py:63: FutureWarning: The pynvml package is deprecated. Please install nvidia-ml-py instead. If you did not install pynvml directly, please report this to the maintainers of the package that installed pynvml for you.
[36m(pid=1372979)[0m   import pynvml  # type: ignore[import]
[36m(pid=1372979)[0m /inspire/hdd/global_user/mengweicheng-240108120092/lzy/fc-opd-storage/envs/fc-opd-verl071-cu128/lib/python3.12/site-packages/transformers/utils/hub.py:110: FutureWarning: Using `TRANSFORMERS_CACHE` is deprecated and will be removed in v5 of Transformers. Use `HF_HOME` instead.
[36m(pid=1372979)[0m   warnings.warn(
[36m(_RayStudentScorerActor pid=1372979)[0m `torch_dtype` is deprecated! Use `dtype` instead!
[36m(_RayStudentScorerActor pid=1372979)[0m Loading checkpoint shards:   0%|          | 0/2 [00:00<?, ?it/s]
[36m(_RayStudentScorerActor pid=1372979)[0m Loading checkpoint shards:  50%|█████     | 1/2 [00:03<00:03,  3.09s/it]
[36m(_RayStudentScorerActor pid=1372979)[0m Loading checkpoint shards: 100%|██████████| 2/2 [00:05<00:00,  2.71s/it]Loading checkpoint shards: 100%|██████████| 2/2 [00:05<00:00,  2.76s/it]
[36m(WorkerDict pid=533144)[0m INFO:2026-06-29 13:19:46,693:update_weights done, time cost: 0.48s

[36m(TaskRunner pid=431148)[0m step:12 - fc_opd/hook_loss:0.39333951473236084 - fc_opd/hook_num_samples:2.0 - fc_opd/hook_active_weight:54.02394104003906 - fc_opd/loss/task_visible:0.530632734298706 - fc_opd/selection/task_visible:0.014826392754912376 - fc_opd/loss/degraded:0.0 - fc_opd/selection/degraded:0.0 - fc_opd/loss/task_infer:1.1099421977996826 - fc_opd/selection/task_infer:0.011115633882582188 - fc_opd/loss/full:0.12081363797187805 - fc_opd/selection/full:0.04630204290151596 - fc_opd/loss/task_solve:0.5415433645248413 - fc_opd/selection/task_solve:0.019681474193930626 - fc_opd/loss/free:0.0 - fc_opd/selection/free:0.0 - fc_opd/loss/chunk/visible_evidence:0.0 - fc_opd/loss/chunk/diagram_inference:0.0 - fc_opd/loss/chunk/reasoning:0.03611704707145691 - fc_opd/loss/chunk/answer:0.0 - fc_opd/loss/total:0.39333951473236084 - fc_opd/online/loss:0.39333951473236084 - fc_opd/online/num_samples:2.0 - global_seqlen/min:466 - global_seqlen/max:482 - global_seqlen/minmax_diff:16 - global_seqlen/balanced_min:466 - global_seqlen/balanced_max:482 - global_seqlen/mean:474.0 - actor/entropy:0.15683592855930328 - perf/mfu/actor_infer:0 - actor/pg_loss:-0.9999990165233612 - actor/kl_loss:0.0 - actor/fc_opd_loss:0.22909215837717056 - actor/pg_clipfrac:0.0 - actor/ppo_kl:0.0 - actor/pg_clipfrac_lower:0.0 - actor/fc_opd_coef:0.10000000149011612 - actor/fc_opd_active_weight_mean:0.052757758647203445 - actor/grad_norm:7.189917087554932 - perf/mfu/actor:0.01963664315222055 - perf/max_memory_allocated_gb:41.394092082977295 - perf/max_memory_reserved_gb:46.6484375 - perf/cpu_memory_used_gb:135.32099151611328 - actor/lr:1e-06 - training/global_step:12 - training/epoch:11 - critic/score/mean:1.0 - critic/score/max:1.0 - critic/score/min:1.0 - critic/rewards/mean:1.0 - critic/rewards/max:1.0 - critic/rewards/min:1.0 - critic/advantages/mean:0.9999990463256836 - critic/advantages/max:0.9999990463256836 - critic/advantages/min:0.9999990463256836 - critic/returns/mean:0.9999990463256836 - critic/returns/max:0.9999990463256836 - critic/returns/min:0.9999990463256836 - response_length/mean:294.0 - response_length/max:302.0 - response_length/min:286.0 - response_length/clip_ratio:0.0 - response_length_non_aborted/mean:294.0 - response_length_non_aborted/max:302.0 - response_length_non_aborted/min:286.0 - response_length_non_aborted/clip_ratio:0.0 - response/aborted_ratio:0.0 - prompt_length/mean:180.0 - prompt_length/max:180.0 - prompt_length/min:180.0 - prompt_length/clip_ratio:0.0 - num_turns/min:2 - num_turns/max:2 - num_turns/mean:2.0 - timing_s/start_profile:0.00026877038180828094 - timing_s/agent_loop/num_preempted/min:-1 - timing_s/agent_loop/num_preempted/max:-1 - timing_s/agent_loop/num_preempted/mean:-1.0 - timing_s/agent_loop/generate_sequences/min:4.63568577542901 - timing_s/agent_loop/generate_sequences/max:4.839071229100227 - timing_s/agent_loop/generate_sequences/mean:4.737378502264619 - timing_s/agent_loop/tool_calls/min:0.0 - timing_s/agent_loop/tool_calls/max:0.0 - timing_s/agent_loop/tool_calls/mean:0.0 - timing_s/agent_loop/slowest/generate_sequences:4.839071229100227 - timing_s/agent_loop/slowest/tool_calls:0.0 - timing_s/agent_loop/slowest/prompt_length:180 - timing_s/agent_loop/slowest/response_length:302 - timing_s/agent_loop/slowest/num_preempted:-1 - timing_s/gen:5.48570572398603 - timing_s/fc_opd:20.228796027600765 - timing_s/reward:3.4714117646217346e-05 - timing_s/old_log_prob:0.18167522177100182 - timing_s/adv:0.0005618631839752197 - timing_s/update_actor:0.6553459018468857 - timing_s/update_weights:1.9481325019150972 - timing_s/step:28.504615917801857 - timing_s/stop_profile:4.258565604686737e-05 - timing_per_token_ms/gen:9.3294315033776 - timing_per_token_ms/adv:0.0005926826835181642 - timing_per_token_ms/update_actor:0.6912931454081073 - perf/total_num_tokens:948 - perf/time_per_step:28.504615917801857 - perf/throughput:16.628885699314928
[36m(TaskRunner pid=431148)[0m step:13 - fc_opd/hook_loss:0.39284709095954895 - fc_opd/hook_num_samples:2.0 - fc_opd/hook_active_weight:49.02745056152344 - fc_opd/loss/task_visible:0.49189308285713196 - fc_opd/selection/task_visible:0.010758696123957634 - fc_opd/loss/degraded:0.0 - fc_opd/selection/degraded:0.0 - fc_opd/loss/task_infer:1.1116267442703247 - fc_opd/selection/task_infer:0.015843132510781288 - fc_opd/loss/full:0.09223702549934387 - fc_opd/selection/full:0.04423524811863899 - fc_opd/loss/task_solve:0.42357420921325684 - fc_opd/selection/task_solve:0.018811063840985298 - fc_opd/loss/free:0.0 - fc_opd/selection/free:0.0 - fc_opd/loss/chunk/visible_evidence:0.0 - fc_opd/loss/chunk/diagram_inference:0.0 - fc_opd/loss/chunk/reasoning:0.03522490710020065 - fc_opd/loss/chunk/answer:0.0 - fc_opd/loss/total:0.39284709095954895 - fc_opd/online/loss:0.39284709095954895 - fc_opd/online/num_samples:2.0 - global_seqlen/min:449 - global_seqlen/max:458 - global_seqlen/minmax_diff:9 - global_seqlen/balanced_min:449 - global_seqlen/balanced_max:458 - global_seqlen/mean:453.5 - actor/entropy:0.185444638133049 - perf/mfu/actor_infer:0 - actor/pg_loss:-0.9999990463256836 - actor/kl_loss:0.0 - actor/fc_opd_loss:0.26518939435482025 - actor/pg_clipfrac:0.0 - actor/ppo_kl:0.0 - actor/pg_clipfrac_lower:0.0 - actor/fc_opd_coef:0.10000000149011612 - actor/fc_opd_active_weight_mean:0.04787837155163288 - actor/grad_norm:7.6485185623168945 - perf/mfu/actor:0.019043039684437102 - perf/max_memory_allocated_gb:41.394092082977295 - perf/max_memory_reserved_gb:46.6484375 - perf/cpu_memory_used_gb:135.2414321899414 - actor/lr:1e-06 - training/global_step:13 - training/epoch:12 - critic/score/mean:1.0 - critic/score/max:1.0 - critic/score/min:1.0 - critic/rewards/mean:1.0 - critic/rewards/max:1.0 - critic/rewards/min:1.0 - critic/advantages/mean:0.9999991059303284 - critic/advantages/max:0.9999990463256836 - critic/advantages/min:0.9999990463256836 - critic/returns/mean:0.9999991059303284 - critic/returns/max:0.9999990463256836 - critic/returns/min:0.9999990463256836 - response_length/mean:273.5 - response_length/max:278.0 - response_length/min:269.0 - response_length/clip_ratio:0.0 - response_length_non_aborted/mean:273.5 - response_length_non_aborted/max:278.0 - response_length_non_aborted/min:269.0 - response_length_non_aborted/clip_ratio:0.0 - response/aborted_ratio:0.0 - prompt_length/mean:180.0 - prompt_length/max:180.0 - prompt_length/min:180.0 - prompt_length/clip_ratio:0.0 - num_turns/min:2 - num_turns/max:2 - num_turns/mean:2.0 - timing_s/start_profile:0.0002536121755838394 - timing_s/agent_loop/num_preempted/min:-1 - timing_s/agent_loop/num_preempted/max:-1 - timing_s/agent_loop/num_preempted/mean:-1.0 - timing_s/agent_loop/generate_sequences/min:4.347899192944169 - timing_s/agent_loop/generate_sequences/max:4.498453674837947 - timing_s/agent_loop/generate_sequences/mean:4.423176433891058 - timing_s/agent_loop/tool_calls/min:0.0 - timing_s/agent_loop/tool_calls/max:0.0 - timing_s/agent_loop/tool_calls/mean:0.0 - timing_s/agent_loop/slowest/generate_sequences:4.498453674837947 - timing_s/agent_loop/slowest/tool_calls:0.0 - timing_s/agent_loop/slowest/prompt_length:180 - timing_s/agent_loop/slowest/response_length:278 - timing_s/agent_loop/slowest/num_preempted:-1 - timing_s/gen:5.125962093472481 - timing_s/fc_opd:19.920276263728738 - timing_s/reward:2.316012978553772e-05 - timing_s/old_log_prob:0.17910350300371647 - timing_s/adv:0.00047942809760570526 - timing_s/update_actor:0.6475904062390327 - timing_s/update_weights:2.082256844267249 - timing_s/step:27.958973426371813 - timing_s/stop_profile:4.714354872703552e-05 - timing_per_token_ms/gen:9.37104587472117 - timing_per_token_ms/adv:0.0005285866566766321 - timing_per_token_ms/update_actor:0.7139916276064308 - perf/total_num_tokens:907 - perf/time_per_step:27.958973426371813 - perf/throughput:16.220194965107126
[36m(TaskRunner pid=431148)[0m step:14 - fc_opd/hook_loss:0.32252228260040283 - fc_opd/hook_num_samples:2.0 - fc_opd/hook_active_weight:44.83389663696289 - fc_opd/loss/task_visible:0.42443200945854187 - fc_opd/selection/task_visible:0.008422739803791046 - fc_opd/loss/degraded:0.0 - fc_opd/selection/degraded:0.0 - fc_opd/loss/task_infer:0.7263951897621155 - fc_opd/selection/task_infer:0.017957326024770737 - fc_opd/loss/full:0.13128486275672913 - fc_opd/selection/full:0.0438556969165802 - fc_opd/loss/task_solve:0.3691744804382324 - fc_opd/selection/task_solve:0.018465634435415268 - fc_opd/loss/free:0.0 - fc_opd/selection/free:0.0 - fc_opd/loss/chunk/visible_evidence:0.0 - fc_opd/loss/chunk/diagram_inference:0.0 - fc_opd/loss/chunk/reasoning:0.028664827346801758 - fc_opd/loss/chunk/answer:0.0 - fc_opd/loss/total:0.32252228260040283 - fc_opd/online/loss:0.32252228260040283 - fc_opd/online/num_samples:2.0 - global_seqlen/min:415 - global_seqlen/max:451 - global_seqlen/minmax_diff:36 - global_seqlen/balanced_min:415 - global_seqlen/balanced_max:451 - global_seqlen/mean:433.0 - actor/entropy:0.17320963740348816 - perf/mfu/actor_infer:0 - actor/pg_loss:-0.999999076128006 - actor/kl_loss:0.0 - actor/fc_opd_loss:0.2376226931810379 - actor/pg_clipfrac:0.0 - actor/ppo_kl:0.0 - actor/pg_clipfrac_lower:0.0 - actor/fc_opd_coef:0.10000000149011612 - actor/fc_opd_active_weight_mean:0.04378310218453407 - actor/grad_norm:8.694756507873535 - perf/mfu/actor:0.01822749953038723 - perf/max_memory_allocated_gb:41.394092082977295 - perf/max_memory_reserved_gb:46.6484375 - perf/cpu_memory_used_gb:135.29932403564453 - actor/lr:1e-06 - training/global_step:14 - training/epoch:13 - critic/score/mean:1.0 - critic/score/max:1.0 - critic/score/min:1.0 - critic/rewards/mean:1.0 - critic/rewards/max:1.0 - critic/rewards/min:1.0 - critic/advantages/mean:0.9999990463256836 - critic/advantages/max:0.9999990463256836 - critic/advantages/min:0.9999990463256836 - critic/returns/mean:0.9999990463256836 - critic/returns/max:0.9999990463256836 - critic/returns/min:0.9999990463256836 - response_length/mean:253.0 - response_length/max:271.0 - response_length/min:235.0 - response_length/clip_ratio:0.0 - response_length_non_aborted/mean:253.0 - response_length_non_aborted/max:271.0 - response_length_non_aborted/min:235.0 - response_length_non_aborted/clip_ratio:0.0 - response/aborted_ratio:0.0 - prompt_length/mean:180.0 - prompt_length/max:180.0 - prompt_length/min:180.0 - prompt_length/clip_ratio:0.0 - num_turns/min:2 - num_turns/max:2 - num_turns/mean:2.0 - timing_s/start_profile:0.0002491399645805359 - timing_s/agent_loop/num_preempted/min:-1 - timing_s/agent_loop/num_preempted/max:-1 - timing_s/agent_loop/num_preempted/mean:-1.0 - timing_s/agent_loop/generate_sequences/min:3.7989848107099533 - timing_s/agent_loop/generate_sequences/max:4.386319110170007 - timing_s/agent_loop/generate_sequences/mean:4.09265196043998 - timing_s/agent_loop/tool_calls/min:0.0 - timing_s/agent_loop/tool_calls/max:0.0 - timing_s/agent_loop/tool_calls/mean:0.0 - timing_s/agent_loop/slowest/generate_sequences:4.386319110170007 - timing_s/agent_loop/slowest/tool_calls:0.0 - timing_s/agent_loop/slowest/prompt_length:180 - timing_s/agent_loop/slowest/response_length:271 - timing_s/agent_loop/slowest/num_preempted:-1 - timing_s/gen:5.029823757708073 - timing_s/fc_opd:19.283289842307568 - timing_s/reward:2.674013376235962e-05 - timing_s/old_log_prob:0.17972033843398094 - timing_s/adv:0.00045386701822280884 - timing_s/update_actor:0.6473930012434721 - timing_s/update_weights:1.9620778560638428 - timing_s/step:27.106678495183587 - timing_s/stop_profile:4.780292510986328e-05 - timing_per_token_ms/gen:9.940363157525836 - timing_per_token_ms/adv:0.0005240958639986245 - timing_per_token_ms/update_actor:0.747566976031723 - perf/total_num_tokens:866 - perf/time_per_step:27.106678495183587 - perf/throughput:15.973923181954477[36m(TaskRunner pid=431148)[0m Training Progress:   7%|▋         | 14/200 [06:48<1:27:03, 28.08s/it]
[36m(pid=1422236)[0m /inspire/hdd/global_user/mengweicheng-240108120092/lzy/fc-opd-storage/envs/fc-opd-verl071-cu128/lib/python3.12/site-packages/torch/cuda/__init__.py:63: FutureWarning: The pynvml package is deprecated. Please install nvidia-ml-py instead. If you did not install pynvml directly, please report this to the maintainers of the package that installed pynvml for you.
[36m(pid=1422236)[0m   import pynvml  # type: ignore[import]
[36m(pid=1422236)[0m /inspire/hdd/global_user/mengweicheng-240108120092/lzy/fc-opd-storage/envs/fc-opd-verl071-cu128/lib/python3.12/site-packages/transformers/utils/hub.py:110: FutureWarning: Using `TRANSFORMERS_CACHE` is deprecated and will be removed in v5 of Transformers. Use `HF_HOME` instead.
[36m(pid=1422236)[0m   warnings.warn(
[36m(_RayStudentScorerActor pid=1422236)[0m `torch_dtype` is deprecated! Use `dtype` instead!
[36m(_RayStudentScorerActor pid=1422236)[0m Loading checkpoint shards:   0%|          | 0/2 [00:00<?, ?it/s]
[36m(_RayStudentScorerActor pid=1422236)[0m Loading checkpoint shards:  50%|█████     | 1/2 [00:03<00:03,  3.08s/it]
[36m(_RayStudentScorerActor pid=1422236)[0m Loading checkpoint shards: 100%|██████████| 2/2 [00:05<00:00,  2.69s/it]Loading checkpoint shards: 100%|██████████| 2/2 [00:05<00:00,  2.75s/it]
[36m(WorkerDict pid=533144)[0m INFO:2026-06-29 13:20:14,736:update_weights done, time cost: 0.45s
[36m(TaskRunner pid=431148)[0m Training Progress:   8%|▊         | 15/200 [07:16<1:26:33, 28.07s/it]
[36m(pid=1474239)[0m /inspire/hdd/global_user/mengweicheng-240108120092/lzy/fc-opd-storage/envs/fc-opd-verl071-cu128/lib/python3.12/site-packages/torch/cuda/__init__.py:63: FutureWarning: The pynvml package is deprecated. Please install nvidia-ml-py instead. If you did not install pynvml directly, please report this to the maintainers of the package that installed pynvml for you.
[36m(pid=1474239)[0m   import pynvml  # type: ignore[import]
[36m(pid=1474239)[0m /inspire/hdd/global_user/mengweicheng-240108120092/lzy/fc-opd-storage/envs/fc-opd-verl071-cu128/lib/python3.12/site-packages/transformers/utils/hub.py:110: FutureWarning: Using `TRANSFORMERS_CACHE` is deprecated and will be removed in v5 of Transformers. Use `HF_HOME` instead.
[36m(pid=1474239)[0m   warnings.warn(
[36m(_RayStudentScorerActor pid=1474239)[0m `torch_dtype` is deprecated! Use `dtype` instead!
[36m(_RayStudentScorerActor pid=1474239)[0m Loading checkpoint shards:   0%|          | 0/2 [00:00<?, ?it/s]
[36m(_RayStudentScorerActor pid=1474239)[0m Loading checkpoint shards:  50%|█████     | 1/2 [00:03<00:03,  3.09s/it]
[36m(_RayStudentScorerActor pid=1474239)[0m Loading checkpoint shards: 100%|██████████| 2/2 [00:05<00:00,  2.70s/it]Loading checkpoint shards: 100%|██████████| 2/2 [00:05<00:00,  2.76s/it]
[36m(WorkerDict pid=533144)[0m INFO:2026-06-29 13:20:41,251:update_weights done, time cost: 0.47s
[36m(TaskRunner pid=431148)[0m Training Progress:   8%|▊         | 16/200 [07:42<1:24:38, 27.60s/it]
[36m(pid=1524114)[0m /inspire/hdd/global_user/mengweicheng-240108120092/lzy/fc-opd-storage/envs/fc-opd-verl071-cu128/lib/python3.12/site-packages/torch/cuda/__init__.py:63: FutureWarning: The pynvml package is deprecated. Please install nvidia-ml-py instead. If you did not install pynvml directly, please report this to the maintainers of the package that installed pynvml for you.
[36m(pid=1524114)[0m   import pynvml  # type: ignore[import]
[36m(pid=1524114)[0m /inspire/hdd/global_user/mengweicheng-240108120092/lzy/fc-opd-storage/envs/fc-opd-verl071-cu128/lib/python3.12/site-packages/transformers/utils/hub.py:110: FutureWarning: Using `TRANSFORMERS_CACHE` is deprecated and will be removed in v5 of Transformers. Use `HF_HOME` instead.
[36m(pid=1524114)[0m   warnings.warn(
[36m(_RayStudentScorerActor pid=1524114)[0m `torch_dtype` is deprecated! Use `dtype` instead!
[36m(_RayStudentScorerActor pid=1524114)[0m Loading checkpoint shards:   0%|          | 0/2 [00:00<?, ?it/s]
[36m(_RayStudentScorerActor pid=1524114)[0m Loading checkpoint shards:  50%|█████     | 1/2 [00:03<00:03,  3.07s/it]
[36m(_RayStudentScorerActor pid=1524114)[0m Loading checkpoint shards: 100%|██████████| 2/2 [00:05<00:00,  2.70s/it]Loading checkpoint shards: 100%|██████████| 2/2 [00:05<00:00,  2.75s/it]
[36m(WorkerDict pid=533144)[0m INFO:2026-06-29 13:21:10,384:update_weights done, time cost: 0.47s

[36m(TaskRunner pid=431148)[0m step:15 - fc_opd/hook_loss:0.35431623458862305 - fc_opd/hook_num_samples:2.0 - fc_opd/hook_active_weight:48.582942962646484 - fc_opd/loss/task_visible:0.5794374942779541 - fc_opd/selection/task_visible:0.01015559770166874 - fc_opd/loss/degraded:0.0 - fc_opd/selection/degraded:0.0 - fc_opd/loss/task_infer:0.7175889015197754 - fc_opd/selection/task_infer:0.01578867807984352 - fc_opd/loss/full:0.14264044165611267 - fc_opd/selection/full:0.04641358554363251 - fc_opd/loss/task_solve:0.43356573581695557 - fc_opd/selection/task_solve:0.01829732395708561 - fc_opd/loss/free:0.0 - fc_opd/selection/free:0.0 - fc_opd/loss/chunk/visible_evidence:0.0 - fc_opd/loss/chunk/diagram_inference:0.0 - fc_opd/loss/chunk/reasoning:0.0321546345949173 - fc_opd/loss/chunk/answer:0.0 - fc_opd/loss/total:0.35431623458862305 - fc_opd/online/loss:0.35431623458862305 - fc_opd/online/num_samples:2.0 - global_seqlen/min:439 - global_seqlen/max:457 - global_seqlen/minmax_diff:18 - global_seqlen/balanced_min:439 - global_seqlen/balanced_max:457 - global_seqlen/mean:448.0 - actor/entropy:0.18106234073638916 - perf/mfu/actor_infer:0 - actor/pg_loss:-0.999999076128006 - actor/kl_loss:0.0 - actor/fc_opd_loss:0.2061711624264717 - actor/pg_clipfrac:0.0 - actor/ppo_kl:0.0 - actor/pg_clipfrac_lower:0.0 - actor/fc_opd_coef:0.10000000149011612 - actor/fc_opd_active_weight_mean:0.04744428023695946 - actor/grad_norm:7.741337299346924 - perf/mfu/actor:0.01882150439387145 - perf/max_memory_allocated_gb:41.394092082977295 - perf/max_memory_reserved_gb:46.6484375 - perf/cpu_memory_used_gb:135.10708618164062 - actor/lr:1e-06 - training/global_step:15 - training/epoch:14 - critic/score/mean:1.0 - critic/score/max:1.0 - critic/score/min:1.0 - critic/rewards/mean:1.0 - critic/rewards/max:1.0 - critic/rewards/min:1.0 - critic/advantages/mean:0.9999991059303284 - critic/advantages/max:0.9999990463256836 - critic/advantages/min:0.9999990463256836 - critic/returns/mean:0.9999991059303284 - critic/returns/max:0.9999990463256836 - critic/returns/min:0.9999990463256836 - response_length/mean:268.0 - response_length/max:277.0 - response_length/min:259.0 - response_length/clip_ratio:0.0 - response_length_non_aborted/mean:268.0 - response_length_non_aborted/max:277.0 - response_length_non_aborted/min:259.0 - response_length_non_aborted/clip_ratio:0.0 - response/aborted_ratio:0.0 - prompt_length/mean:180.0 - prompt_length/max:180.0 - prompt_length/min:180.0 - prompt_length/clip_ratio:0.0 - num_turns/min:2 - num_turns/max:2 - num_turns/mean:2.0 - timing_s/start_profile:0.0002529565244913101 - timing_s/agent_loop/num_preempted/min:-1 - timing_s/agent_loop/num_preempted/max:-1 - timing_s/agent_loop/num_preempted/mean:-1.0 - timing_s/agent_loop/generate_sequences/min:4.179386416450143 - timing_s/agent_loop/generate_sequences/max:4.544098291546106 - timing_s/agent_loop/generate_sequences/mean:4.361742353998125 - timing_s/agent_loop/tool_calls/min:0.0 - timing_s/agent_loop/tool_calls/max:0.0 - timing_s/agent_loop/tool_calls/mean:0.0 - timing_s/agent_loop/slowest/generate_sequences:4.544098291546106 - timing_s/agent_loop/slowest/tool_calls:0.0 - timing_s/agent_loop/slowest/prompt_length:180 - timing_s/agent_loop/slowest/response_length:277 - timing_s/agent_loop/slowest/num_preempted:-1 - timing_s/gen:5.170652197673917 - timing_s/fc_opd:19.7912863381207 - timing_s/reward:2.747960388660431e-05 - timing_s/old_log_prob:0.18955004215240479 - timing_s/adv:0.000472046434879303 - timing_s/update_actor:0.6480262596160173 - timing_s/update_weights:2.000310456380248 - timing_s/step:27.80469097942114 - timing_s/stop_profile:4.946812987327576e-05 - timing_per_token_ms/gen:9.64673917476477 - timing_per_token_ms/adv:0.0005268375389277935 - timing_per_token_ms/update_actor:0.7232435933214479 - perf/total_num_tokens:896 - perf/time_per_step:27.80469097942114 - perf/throughput:16.112389104830356
[36m(TaskRunner pid=431148)[0m step:16 - fc_opd/hook_loss:0.3969067931175232 - fc_opd/hook_num_samples:2.0 - fc_opd/hook_active_weight:44.338134765625 - fc_opd/loss/task_visible:0.4545992910861969 - fc_opd/selection/task_visible:0.009936470538377762 - fc_opd/loss/degraded:0.0 - fc_opd/selection/degraded:0.0 - fc_opd/loss/task_infer:0.9914683103561401 - fc_opd/selection/task_infer:0.015517390333116055 - fc_opd/loss/full:0.1782696694135666 - fc_opd/selection/full:0.04679698869585991 - fc_opd/loss/task_solve:0.45111900568008423 - fc_opd/selection/task_solve:0.019164573401212692 - fc_opd/loss/free:0.0 - fc_opd/selection/free:0.0 - fc_opd/loss/chunk/visible_evidence:0.0 - fc_opd/loss/chunk/diagram_inference:0.0 - fc_opd/loss/chunk/reasoning:0.03633926808834076 - fc_opd/loss/chunk/answer:0.0 - fc_opd/loss/total:0.3969067931175232 - fc_opd/online/loss:0.3969067931175232 - fc_opd/online/num_samples:2.0 - global_seqlen/min:421 - global_seqlen/max:424 - global_seqlen/minmax_diff:3 - global_seqlen/balanced_min:421 - global_seqlen/balanced_max:424 - global_seqlen/mean:422.5 - actor/entropy:0.19858333468437195 - perf/mfu/actor_infer:0 - actor/pg_loss:-0.9999990463256836 - actor/kl_loss:0.0 - actor/fc_opd_loss:0.24112621694803238 - actor/pg_clipfrac:0.0 - actor/ppo_kl:0.0 - actor/pg_clipfrac_lower:0.0 - actor/fc_opd_coef:0.10000000149011612 - actor/fc_opd_active_weight_mean:0.043298956006765366 - actor/grad_norm:8.764826774597168 - perf/mfu/actor:0.017652660714093334 - perf/max_memory_allocated_gb:41.394092082977295 - perf/max_memory_reserved_gb:46.6484375 - perf/cpu_memory_used_gb:135.29430770874023 - actor/lr:1e-06 - training/global_step:16 - training/epoch:15 - critic/score/mean:1.0 - critic/score/max:1.0 - critic/score/min:1.0 - critic/rewards/mean:1.0 - critic/rewards/max:1.0 - critic/rewards/min:1.0 - critic/advantages/mean:0.9999989867210388 - critic/advantages/max:0.9999990463256836 - critic/advantages/min:0.9999990463256836 - critic/returns/mean:0.9999989867210388 - critic/returns/max:0.9999990463256836 - critic/returns/min:0.9999990463256836 - response_length/mean:242.5 - response_length/max:244.0 - response_length/min:241.0 - response_length/clip_ratio:0.0 - response_length_non_aborted/mean:242.5 - response_length_non_aborted/max:244.0 - response_length_non_aborted/min:241.0 - response_length_non_aborted/clip_ratio:0.0 - response/aborted_ratio:0.0 - prompt_length/mean:180.0 - prompt_length/max:180.0 - prompt_length/min:180.0 - prompt_length/clip_ratio:0.0 - num_turns/min:2 - num_turns/max:2 - num_turns/mean:2.0 - timing_s/start_profile:0.0002479366958141327 - timing_s/agent_loop/num_preempted/min:-1 - timing_s/agent_loop/num_preempted/max:-1 - timing_s/agent_loop/num_preempted/mean:-1.0 - timing_s/agent_loop/generate_sequences/min:3.879579972475767 - timing_s/agent_loop/generate_sequences/max:3.9606171008199453 - timing_s/agent_loop/generate_sequences/mean:3.9200985366478562 - timing_s/agent_loop/tool_calls/min:0.0 - timing_s/agent_loop/tool_calls/max:0.0 - timing_s/agent_loop/tool_calls/mean:0.0 - timing_s/agent_loop/slowest/generate_sequences:3.9606171008199453 - timing_s/agent_loop/slowest/tool_calls:0.0 - timing_s/agent_loop/slowest/prompt_length:180 - timing_s/agent_loop/slowest/response_length:244 - timing_s/agent_loop/slowest/num_preempted:-1 - timing_s/gen:4.62863221950829 - timing_s/fc_opd:18.809834958985448 - timing_s/reward:2.4577602744102478e-05 - timing_s/old_log_prob:0.1801751758903265 - timing_s/adv:0.00045797228813171387 - timing_s/update_actor:0.6534493342041969 - timing_s/update_weights:1.9779071249067783 - timing_s/step:26.25459136813879 - timing_s/stop_profile:4.996173083782196e-05 - timing_per_token_ms/gen:9.543571586615032 - timing_per_token_ms/adv:0.0005419790392091288 - timing_per_token_ms/update_actor:0.7733128215434283 - perf/total_num_tokens:845 - perf/time_per_step:26.25459136813879 - perf/throughput:16.092423381333752
[36m(TaskRunner pid=431148)[0m step:17 - fc_opd/hook_loss:0.36595040559768677 - fc_opd/hook_num_samples:2.0 - fc_opd/hook_active_weight:262.5135803222656 - fc_opd/loss/task_visible:0.4777943789958954 - fc_opd/selection/task_visible:0.059159327298402786 - fc_opd/loss/degraded:0.0 - fc_opd/selection/degraded:0.0 - fc_opd/loss/task_infer:0.9581292271614075 - fc_opd/selection/task_infer:0.05524630472064018 - fc_opd/loss/full:0.13616308569908142 - fc_opd/selection/full:0.20527291297912598 - fc_opd/loss/task_solve:0.4033336341381073 - fc_opd/selection/task_solve:0.08702899515628815 - fc_opd/loss/free:0.0 - fc_opd/selection/free:0.0 - fc_opd/loss/chunk/visible_evidence:0.0 - fc_opd/loss/chunk/diagram_inference:0.0 - fc_opd/loss/chunk/reasoning:0.13225506246089935 - fc_opd/loss/chunk/answer:0.0 - fc_opd/loss/total:0.36595040559768677 - fc_opd/online/loss:0.36595040559768677 - fc_opd/online/num_samples:2.0 - global_seqlen/min:418 - global_seqlen/max:513 - global_seqlen/minmax_diff:95 - global_seqlen/balanced_min:418 - global_seqlen/balanced_max:513 - global_seqlen/mean:465.5 - actor/entropy:0.19330689311027527 - perf/mfu/actor_infer:0 - actor/pg_loss:-0.4999995231628418 - actor/kl_loss:0.0 - actor/fc_opd_loss:0.3221190869808197 - actor/pg_clipfrac:0.0 - actor/ppo_kl:0.0 - actor/pg_clipfrac_lower:0.0 - actor/fc_opd_coef:0.10000000149011612 - actor/fc_opd_active_weight_mean:0.2563609201461077 - actor/grad_norm:4.9876275062561035 - perf/mfu/actor:0.019564888600868705 - perf/max_memory_allocated_gb:41.394092082977295 - perf/max_memory_reserved_gb:46.6484375 - perf/cpu_memory_used_gb:134.94144439697266 - actor/lr:1e-06 - training/global_step:17 - training/epoch:16 - critic/score/mean:0.5 - critic/score/max:1.0 - critic/score/min:0.0 - critic/rewards/mean:0.5 - critic/rewards/max:1.0 - critic/rewards/min:0.0 - critic/advantages/mean:0.4168122112751007 - critic/advantages/max:0.9999990463256836 - critic/advantages/min:0.0 - critic/returns/mean:0.4168122112751007 - critic/returns/max:0.9999990463256836 - critic/returns/min:0.0 - response_length/mean:285.5 - response_length/max:333.0 - response_length/min:238.0 - response_length/clip_ratio:0.0 - response_length_non_aborted/mean:285.5 - response_length_non_aborted/max:333.0 - response_length_non_aborted/min:238.0 - response_length_non_aborted/clip_ratio:0.0 - response/aborted_ratio:0.0 - prompt_length/mean:180.0 - prompt_length/max:180.0 - prompt_length/min:180.0 - prompt_length/clip_ratio:0.0 - num_turns/min:2 - num_turns/max:2 - num_turns/mean:2.0 - timing_s/start_profile:0.0002721548080444336 - timing_s/agent_loop/num_preempted/min:-1 - timing_s/agent_loop/num_preempted/max:-1 - timing_s/agent_loop/num_preempted/mean:-1.0 - timing_s/agent_loop/generate_sequences/min:3.869067396968603 - timing_s/agent_loop/generate_sequences/max:5.404498076066375 - timing_s/agent_loop/generate_sequences/mean:4.636782736517489 - timing_s/agent_loop/tool_calls/min:0.0 - timing_s/agent_loop/tool_calls/max:0.0 - timing_s/agent_loop/tool_calls/mean:0.0 - timing_s/agent_loop/slowest/generate_sequences:5.404498076066375 - timing_s/agent_loop/slowest/tool_calls:0.0 - timing_s/agent_loop/slowest/prompt_length:180 - timing_s/agent_loop/slowest/response_length:333 - timing_s/agent_loop/slowest/num_preempted:-1 - timing_s/gen:6.026395870372653 - timing_s/fc_opd:20.03530270792544 - timing_s/reward:2.413429319858551e-05 - timing_s/old_log_prob:0.1816784031689167 - timing_s/adv:0.0004758629947900772 - timing_s/update_actor:0.6462210398167372 - timing_s/update_weights:2.011656692251563 - timing_s/step:28.90585633739829 - timing_s/stop_profile:4.8803165555000305e-05 - timing_per_token_ms/gen:10.554108354417956 - timing_per_token_ms/adv:0.0005111310362943901 - timing_per_token_ms/update_actor:0.6941149729503084 - perf/total_num_tokens:931 - perf/time_per_step:28.90585633739829 - perf/throughput:16.104003097729986[36m(TaskRunner pid=431148)[0m Training Progress:   8%|▊         | 17/200 [08:11<1:25:36, 28.07s/it]
[36m(pid=1578918)[0m /inspire/hdd/global_user/mengweicheng-240108120092/lzy/fc-opd-storage/envs/fc-opd-verl071-cu128/lib/python3.12/site-packages/torch/cuda/__init__.py:63: FutureWarning: The pynvml package is deprecated. Please install nvidia-ml-py instead. If you did not install pynvml directly, please report this to the maintainers of the package that installed pynvml for you.
[36m(pid=1578918)[0m   import pynvml  # type: ignore[import]
[36m(pid=1578918)[0m /inspire/hdd/global_user/mengweicheng-240108120092/lzy/fc-opd-storage/envs/fc-opd-verl071-cu128/lib/python3.12/site-packages/transformers/utils/hub.py:110: FutureWarning: Using `TRANSFORMERS_CACHE` is deprecated and will be removed in v5 of Transformers. Use `HF_HOME` instead.
[36m(pid=1578918)[0m   warnings.warn(
[36m(_RayStudentScorerActor pid=1578918)[0m `torch_dtype` is deprecated! Use `dtype` instead!
[36m(_RayStudentScorerActor pid=1578918)[0m Loading checkpoint shards:   0%|          | 0/2 [00:00<?, ?it/s]
[36m(_RayStudentScorerActor pid=1578918)[0m Loading checkpoint shards:  50%|█████     | 1/2 [00:03<00:03,  3.07s/it]
[36m(_RayStudentScorerActor pid=1578918)[0m Loading checkpoint shards: 100%|██████████| 2/2 [00:05<00:00,  2.69s/it]Loading checkpoint shards: 100%|██████████| 2/2 [00:05<00:00,  2.75s/it]
[36m(WorkerDict pid=533144)[0m INFO:2026-06-29 13:21:40,563:update_weights done, time cost: 0.49s
[36m(TaskRunner pid=431148)[0m Training Progress:   9%|▉         | 18/200 [08:42<1:27:01, 28.69s/it]
[36m(pid=1632279)[0m /inspire/hdd/global_user/mengweicheng-240108120092/lzy/fc-opd-storage/envs/fc-opd-verl071-cu128/lib/python3.12/site-packages/torch/cuda/__init__.py:63: FutureWarning: The pynvml package is deprecated. Please install nvidia-ml-py instead. If you did not install pynvml directly, please report this to the maintainers of the package that installed pynvml for you.
[36m(pid=1632279)[0m   import pynvml  # type: ignore[import]
[36m(pid=1632279)[0m /inspire/hdd/global_user/mengweicheng-240108120092/lzy/fc-opd-storage/envs/fc-opd-verl071-cu128/lib/python3.12/site-packages/transformers/utils/hub.py:110: FutureWarning: Using `TRANSFORMERS_CACHE` is deprecated and will be removed in v5 of Transformers. Use `HF_HOME` instead.
[36m(pid=1632279)[0m   warnings.warn(
[36m(_RayStudentScorerActor pid=1632279)[0m `torch_dtype` is deprecated! Use `dtype` instead!
[36m(_RayStudentScorerActor pid=1632279)[0m Loading checkpoint shards:   0%|          | 0/2 [00:00<?, ?it/s]
[36m(_RayStudentScorerActor pid=1632279)[0m Loading checkpoint shards:  50%|█████     | 1/2 [00:03<00:03,  3.09s/it]
[36m(_RayStudentScorerActor pid=1632279)[0m Loading checkpoint shards: 100%|██████████| 2/2 [00:05<00:00,  2.70s/it]Loading checkpoint shards: 100%|██████████| 2/2 [00:05<00:00,  2.76s/it]
[36m(WorkerDict pid=533144)[0m INFO:2026-06-29 13:22:09,916:update_weights done, time cost: 0.44s
[36m(TaskRunner pid=431148)[0m Training Progress:  10%|▉         | 19/200 [09:11<1:27:11, 28.91s/it]
[36m(pid=1690165)[0m /inspire/hdd/global_user/mengweicheng-240108120092/lzy/fc-opd-storage/envs/fc-opd-verl071-cu128/lib/python3.12/site-packages/torch/cuda/__init__.py:63: FutureWarning: The pynvml package is deprecated. Please install nvidia-ml-py instead. If you did not install pynvml directly, please report this to the maintainers of the package that installed pynvml for you.
[36m(pid=1690165)[0m   import pynvml  # type: ignore[import]
[36m(pid=1690165)[0m /inspire/hdd/global_user/mengweicheng-240108120092/lzy/fc-opd-storage/envs/fc-opd-verl071-cu128/lib/python3.12/site-packages/transformers/utils/hub.py:110: FutureWarning: Using `TRANSFORMERS_CACHE` is deprecated and will be removed in v5 of Transformers. Use `HF_HOME` instead.
[36m(pid=1690165)[0m   warnings.warn(
[36m(_RayStudentScorerActor pid=1690165)[0m `torch_dtype` is deprecated! Use `dtype` instead!
[36m(_RayStudentScorerActor pid=1690165)[0m Loading checkpoint shards:   0%|          | 0/2 [00:00<?, ?it/s]
[36m(_RayStudentScorerActor pid=1690165)[0m Loading checkpoint shards:  50%|█████     | 1/2 [00:03<00:03,  3.08s/it]
[36m(_RayStudentScorerActor pid=1690165)[0m Loading checkpoint shards: 100%|██████████| 2/2 [00:05<00:00,  2.70s/it]Loading checkpoint shards: 100%|██████████| 2/2 [00:05<00:00,  2.76s/it]
[36m(WorkerDict pid=533144)[0m INFO:2026-06-29 13:22:39,089:update_weights done, time cost: 0.55s

[36m(TaskRunner pid=431148)[0m step:18 - fc_opd/hook_loss:0.3447561264038086 - fc_opd/hook_num_samples:2.0 - fc_opd/hook_active_weight:59.256656646728516 - fc_opd/loss/task_visible:0.6133027672767639 - fc_opd/selection/task_visible:0.011921299621462822 - fc_opd/loss/degraded:0.0 - fc_opd/selection/degraded:0.0 - fc_opd/loss/task_infer:0.8102397918701172 - fc_opd/selection/task_infer:0.014481998048722744 - fc_opd/loss/full:0.13471275568008423 - fc_opd/selection/full:0.0472646988928318 - fc_opd/loss/task_solve:0.38438308238983154 - fc_opd/selection/task_solve:0.019375106319785118 - fc_opd/loss/free:0.0 - fc_opd/selection/free:0.0 - fc_opd/loss/chunk/visible_evidence:0.0 - fc_opd/loss/chunk/diagram_inference:0.0 - fc_opd/loss/chunk/reasoning:0.032074104994535446 - fc_opd/loss/chunk/answer:0.0 - fc_opd/loss/total:0.3447561264038086 - fc_opd/online/loss:0.3447561264038086 - fc_opd/online/num_samples:2.0 - global_seqlen/min:484 - global_seqlen/max:513 - global_seqlen/minmax_diff:29 - global_seqlen/balanced_min:484 - global_seqlen/balanced_max:513 - global_seqlen/mean:498.5 - actor/entropy:0.2220308482646942 - perf/mfu/actor_infer:0 - actor/pg_loss:-0.9999990463256836 - actor/kl_loss:0.0 - actor/fc_opd_loss:0.34961916506290436 - actor/pg_clipfrac:0.0 - actor/ppo_kl:0.0 - actor/pg_clipfrac_lower:0.0 - actor/fc_opd_coef:0.10000000149011612 - actor/fc_opd_active_weight_mean:0.05786782503128052 - actor/grad_norm:7.1377387046813965 - perf/mfu/actor:0.020677320340979407 - perf/max_memory_allocated_gb:41.394092082977295 - perf/max_memory_reserved_gb:46.6484375 - perf/cpu_memory_used_gb:135.02474975585938 - actor/lr:1e-06 - training/global_step:18 - training/epoch:17 - critic/score/mean:1.0 - critic/score/max:1.0 - critic/score/min:1.0 - critic/rewards/mean:1.0 - critic/rewards/max:1.0 - critic/rewards/min:1.0 - critic/advantages/mean:0.9999991655349731 - critic/advantages/max:0.9999990463256836 - critic/advantages/min:0.9999990463256836 - critic/returns/mean:0.9999991655349731 - critic/returns/max:0.9999990463256836 - critic/returns/min:0.9999990463256836 - response_length/mean:318.5 - response_length/max:333.0 - response_length/min:304.0 - response_length/clip_ratio:0.0 - response_length_non_aborted/mean:318.5 - response_length_non_aborted/max:333.0 - response_length_non_aborted/min:304.0 - response_length_non_aborted/clip_ratio:0.0 - response/aborted_ratio:0.0 - prompt_length/mean:180.0 - prompt_length/max:180.0 - prompt_length/min:180.0 - prompt_length/clip_ratio:0.0 - num_turns/min:2 - num_turns/max:2 - num_turns/mean:2.0 - timing_s/start_profile:0.00025965459644794464 - timing_s/agent_loop/num_preempted/min:-1 - timing_s/agent_loop/num_preempted/max:-1 - timing_s/agent_loop/num_preempted/mean:-1.0 - timing_s/agent_loop/generate_sequences/min:4.936328141018748 - timing_s/agent_loop/generate_sequences/max:5.413861248642206 - timing_s/agent_loop/generate_sequences/mean:5.175094694830477 - timing_s/agent_loop/tool_calls/min:0.0 - timing_s/agent_loop/tool_calls/max:0.0 - timing_s/agent_loop/tool_calls/mean:0.0 - timing_s/agent_loop/slowest/generate_sequences:5.413861248642206 - timing_s/agent_loop/slowest/tool_calls:0.0 - timing_s/agent_loop/slowest/prompt_length:180 - timing_s/agent_loop/slowest/response_length:333 - timing_s/agent_loop/slowest/num_preempted:-1 - timing_s/gen:6.0778152495622635 - timing_s/fc_opd:21.032355995848775 - timing_s/reward:2.3107975721359253e-05 - timing_s/old_log_prob:0.18004183657467365 - timing_s/adv:0.00046493299305438995 - timing_s/update_actor:0.652646804228425 - timing_s/update_weights:1.9506881162524223 - timing_s/step:29.898006416857243 - timing_s/stop_profile:4.9212947487831116e-05 - timing_per_token_ms/gen:9.541311223802612 - timing_per_token_ms/adv:0.0004663319890214543 - timing_per_token_ms/update_actor:0.6546106361368356 - perf/total_num_tokens:997 - perf/time_per_step:29.898006416857243 - perf/throughput:16.67335249881187
[36m(TaskRunner pid=431148)[0m step:19 - fc_opd/hook_loss:0.3475228548049927 - fc_opd/hook_num_samples:2.0 - fc_opd/hook_active_weight:54.433738708496094 - fc_opd/loss/task_visible:0.845272421836853 - fc_opd/selection/task_visible:0.012085589580237865 - fc_opd/loss/degraded:0.0 - fc_opd/selection/degraded:0.0 - fc_opd/loss/task_infer:0.8202426433563232 - fc_opd/selection/task_infer:0.013719679787755013 - fc_opd/loss/full:0.12682874500751495 - fc_opd/selection/full:0.04828124865889549 - fc_opd/loss/task_solve:0.2511161267757416 - fc_opd/selection/task_solve:0.017357781529426575 - fc_opd/loss/free:0.0 - fc_opd/selection/free:0.0 - fc_opd/loss/chunk/visible_evidence:0.0 - fc_opd/loss/chunk/diagram_inference:0.0 - fc_opd/loss/chunk/reasoning:0.03188242390751839 - fc_opd/loss/chunk/answer:0.0 - fc_opd/loss/total:0.3475228548049927 - fc_opd/online/loss:0.3475228548049927 - fc_opd/online/num_samples:2.0 - global_seqlen/min:456 - global_seqlen/max:500 - global_seqlen/minmax_diff:44 - global_seqlen/balanced_min:456 - global_seqlen/balanced_max:500 - global_seqlen/mean:478.0 - actor/entropy:0.18968230485916138 - perf/mfu/actor_infer:0 - actor/pg_loss:-0.999999076128006 - actor/kl_loss:0.0 - actor/fc_opd_loss:0.24762678146362305 - actor/pg_clipfrac:0.0 - actor/ppo_kl:0.0 - actor/pg_clipfrac_lower:0.0 - actor/fc_opd_coef:0.10000000149011612 - actor/fc_opd_active_weight_mean:0.05315794609487057 - actor/grad_norm:6.975275993347168 - perf/mfu/actor:0.02003085482981631 - perf/max_memory_allocated_gb:41.394092082977295 - perf/max_memory_reserved_gb:46.6484375 - perf/cpu_memory_used_gb:135.0050811767578 - actor/lr:1e-06 - training/global_step:19 - training/epoch:18 - critic/score/mean:1.0 - critic/score/max:1.0 - critic/score/min:1.0 - critic/rewards/mean:1.0 - critic/rewards/max:1.0 - critic/rewards/min:1.0 - critic/advantages/mean:0.9999991059303284 - critic/advantages/max:0.9999990463256836 - critic/advantages/min:0.9999990463256836 - critic/returns/mean:0.9999991059303284 - critic/returns/max:0.9999990463256836 - critic/returns/min:0.9999990463256836 - response_length/mean:298.0 - response_length/max:320.0 - response_length/min:276.0 - response_length/clip_ratio:0.0 - response_length_non_aborted/mean:298.0 - response_length_non_aborted/max:320.0 - response_length_non_aborted/min:276.0 - response_length_non_aborted/clip_ratio:0.0 - response/aborted_ratio:0.0 - prompt_length/mean:180.0 - prompt_length/max:180.0 - prompt_length/min:180.0 - prompt_length/clip_ratio:0.0 - num_turns/min:2 - num_turns/max:2 - num_turns/mean:2.0 - timing_s/start_profile:0.0002474132925271988 - timing_s/agent_loop/num_preempted/min:-1 - timing_s/agent_loop/num_preempted/max:-1 - timing_s/agent_loop/num_preempted/mean:-1.0 - timing_s/agent_loop/generate_sequences/min:4.552954692393541 - timing_s/agent_loop/generate_sequences/max:5.181968068704009 - timing_s/agent_loop/generate_sequences/mean:4.867461380548775 - timing_s/agent_loop/tool_calls/min:0.0 - timing_s/agent_loop/tool_calls/max:0.0 - timing_s/agent_loop/tool_calls/mean:0.0 - timing_s/agent_loop/slowest/generate_sequences:5.181968068704009 - timing_s/agent_loop/slowest/tool_calls:0.0 - timing_s/agent_loop/slowest/prompt_length:180 - timing_s/agent_loop/slowest/response_length:320 - timing_s/agent_loop/slowest/num_preempted:-1 - timing_s/gen:5.828874442726374 - timing_s/fc_opd:20.481649255380034 - timing_s/reward:2.3813918232917786e-05 - timing_s/old_log_prob:0.17938581481575966 - timing_s/adv:0.0004497356712818146 - timing_s/update_actor:0.6470564529299736 - timing_s/update_weights:2.021942690014839 - timing_s/step:29.16234457306564 - timing_s/stop_profile:4.8937276005744934e-05 - timing_per_token_ms/gen:9.779990675715393 - timing_per_token_ms/adv:0.00047043480259604034 - timing_per_token_ms/update_actor:0.6768372938598051 - perf/total_num_tokens:956 - perf/time_per_step:29.16234457306564 - perf/throughput:16.39100034643583
[36m(TaskRunner pid=431148)[0m step:20 - fc_opd/hook_loss:0.31952381134033203 - fc_opd/hook_num_samples:2.0 - fc_opd/hook_active_weight:52.16354751586914 - fc_opd/loss/task_visible:0.5549294948577881 - fc_opd/selection/task_visible:0.011487297713756561 - fc_opd/loss/degraded:0.0 - fc_opd/selection/degraded:0.0 - fc_opd/loss/task_infer:0.92879319190979 - fc_opd/selection/task_infer:0.013583090156316757 - fc_opd/loss/full:0.10745128989219666 - fc_opd/selection/full:0.0492108091711998 - fc_opd/loss/task_solve:0.3078685998916626 - fc_opd/selection/task_solve:0.016501514241099358 - fc_opd/loss/free:0.0 - fc_opd/selection/free:0.0 - fc_opd/loss/chunk/visible_evidence:0.0 - fc_opd/loss/chunk/diagram_inference:0.0 - fc_opd/loss/chunk/reasoning:0.02911023423075676 - fc_opd/loss/chunk/answer:0.0 - fc_opd/loss/total:0.31952381134033203 - fc_opd/online/loss:0.31952381134033203 - fc_opd/online/num_samples:2.0 - global_seqlen/min:443 - global_seqlen/max:491 - global_seqlen/minmax_diff:48 - global_seqlen/balanced_min:443 - global_seqlen/balanced_max:491 - global_seqlen/mean:467.0 - actor/entropy:0.1779843121767044 - perf/mfu/actor_infer:0 - actor/pg_loss:-0.9999990463256836 - actor/kl_loss:0.0 - actor/fc_opd_loss:0.22344008833169937 - actor/pg_clipfrac:0.0 - actor/ppo_kl:0.0 - actor/pg_clipfrac_lower:0.0 - actor/fc_opd_coef:0.10000000149011612 - actor/fc_opd_active_weight_mean:0.050940968096256256 - actor/grad_norm:7.661350250244141 - perf/mfu/actor:0.018438706485705243 - perf/max_memory_allocated_gb:41.394092082977295 - perf/max_memory_reserved_gb:46.6484375 - perf/cpu_memory_used_gb:134.97224044799805 - actor/lr:1e-06 - training/global_step:20 - training/epoch:19 - critic/score/mean:1.0 - critic/score/max:1.0 - critic/score/min:1.0 - critic/rewards/mean:1.0 - critic/rewards/max:1.0 - critic/rewards/min:1.0 - critic/advantages/mean:0.9999991655349731 - critic/advantages/max:0.9999990463256836 - critic/advantages/min:0.9999990463256836 - critic/returns/mean:0.9999991655349731 - critic/returns/max:0.9999990463256836 - critic/returns/min:0.9999990463256836 - response_length/mean:287.0 - response_length/max:311.0 - response_length/min:263.0 - response_length/clip_ratio:0.0 - response_length_non_aborted/mean:287.0 - response_length_non_aborted/max:311.0 - response_length_non_aborted/min:263.0 - response_length_non_aborted/clip_ratio:0.0 - response/aborted_ratio:0.0 - prompt_length/mean:180.0 - prompt_length/max:180.0 - prompt_length/min:180.0 - prompt_length/clip_ratio:0.0 - num_turns/min:2 - num_turns/max:2 - num_turns/mean:2.0 - timing_s/start_profile:0.0002505127340555191 - timing_s/agent_loop/num_preempted/min:-1 - timing_s/agent_loop/num_preempted/max:-1 - timing_s/agent_loop/num_preempted/mean:-1.0 - timing_s/agent_loop/generate_sequences/min:4.301732795313001 - timing_s/agent_loop/generate_sequences/max:4.9850280825048685 - timing_s/agent_loop/generate_sequences/mean:4.643380438908935 - timing_s/agent_loop/tool_calls/min:0.0 - timing_s/agent_loop/tool_calls/max:0.0 - timing_s/agent_loop/tool_calls/mean:0.0 - timing_s/agent_loop/slowest/generate_sequences:4.9850280825048685 - timing_s/agent_loop/slowest/tool_calls:0.0 - timing_s/agent_loop/slowest/prompt_length:180 - timing_s/agent_loop/slowest/response_length:311 - timing_s/agent_loop/slowest/num_preempted:-1 - timing_s/gen:5.65988327562809 - timing_s/fc_opd:20.2993293274194 - timing_s/reward:2.2163614630699158e-05 - timing_s/old_log_prob:0.18090980499982834 - timing_s/adv:0.00046871230006217957 - timing_s/update_actor:0.6876176670193672 - timing_s/update_weights:2.056107783690095 - timing_s/step:28.88813872821629 - timing_s/stop_profile:4.7985464334487915e-05 - timing_per_token_ms/gen:9.860423825136046 - timing_per_token_ms/adv:0.0005018332977111131 - timing_per_token_ms/update_actor:0.7362073522691298 - perf/total_num_tokens:934 - perf/time_per_step:28.88813872821629 - perf/throughput:16.165804394447225[36m(TaskRunner pid=431148)[0m Training Progress:  10%|█         | 20/200 [09:40<1:26:55, 28.97s/it]
[36m(pid=1739060)[0m /inspire/hdd/global_user/mengweicheng-240108120092/lzy/fc-opd-storage/envs/fc-opd-verl071-cu128/lib/python3.12/site-packages/torch/cuda/__init__.py:63: FutureWarning: The pynvml package is deprecated. Please install nvidia-ml-py instead. If you did not install pynvml directly, please report this to the maintainers of the package that installed pynvml for you.
[36m(pid=1739060)[0m   import pynvml  # type: ignore[import]
[36m(pid=1739060)[0m /inspire/hdd/global_user/mengweicheng-240108120092/lzy/fc-opd-storage/envs/fc-opd-verl071-cu128/lib/python3.12/site-packages/transformers/utils/hub.py:110: FutureWarning: Using `TRANSFORMERS_CACHE` is deprecated and will be removed in v5 of Transformers. Use `HF_HOME` instead.
[36m(pid=1739060)[0m   warnings.warn(
[36m(_RayStudentScorerActor pid=1739060)[0m `torch_dtype` is deprecated! Use `dtype` instead!
[36m(_RayStudentScorerActor pid=1739060)[0m Loading checkpoint shards:   0%|          | 0/2 [00:00<?, ?it/s]
[36m(_RayStudentScorerActor pid=1739060)[0m Loading checkpoint shards:  50%|█████     | 1/2 [00:03<00:03,  3.11s/it]
[36m(_RayStudentScorerActor pid=1739060)[0m Loading checkpoint shards: 100%|██████████| 2/2 [00:05<00:00,  2.72s/it]Loading checkpoint shards: 100%|██████████| 2/2 [00:05<00:00,  2.78s/it]
[36m(WorkerDict pid=533144)[0m INFO:2026-06-29 13:23:08,448:update_weights done, time cost: 0.48s
[36m(TaskRunner pid=431148)[0m Training Progress:  10%|█         | 21/200 [10:09<1:26:46, 29.09s/it]
[36m(pid=1790944)[0m /inspire/hdd/global_user/mengweicheng-240108120092/lzy/fc-opd-storage/envs/fc-opd-verl071-cu128/lib/python3.12/site-packages/torch/cuda/__init__.py:63: FutureWarning: The pynvml package is deprecated. Please install nvidia-ml-py instead. If you did not install pynvml directly, please report this to the maintainers of the package that installed pynvml for you.
[36m(pid=1790944)[0m   import pynvml  # type: ignore[import]
[36m(pid=1790944)[0m /inspire/hdd/global_user/mengweicheng-240108120092/lzy/fc-opd-storage/envs/fc-opd-verl071-cu128/lib/python3.12/site-packages/transformers/utils/hub.py:110: FutureWarning: Using `TRANSFORMERS_CACHE` is deprecated and will be removed in v5 of Transformers. Use `HF_HOME` instead.
[36m(pid=1790944)[0m   warnings.warn(
[36m(_RayStudentScorerActor pid=1790944)[0m `torch_dtype` is deprecated! Use `dtype` instead!
[36m(_RayStudentScorerActor pid=1790944)[0m Loading checkpoint shards:   0%|          | 0/2 [00:00<?, ?it/s]
[36m(_RayStudentScorerActor pid=1790944)[0m Loading checkpoint shards:  50%|█████     | 1/2 [00:03<00:03,  3.08s/it]
[36m(_RayStudentScorerActor pid=1790944)[0m Loading checkpoint shards: 100%|██████████| 2/2 [00:05<00:00,  2.70s/it]Loading checkpoint shards: 100%|██████████| 2/2 [00:05<00:00,  2.76s/it]
[36m(WorkerDict pid=533144)[0m INFO:2026-06-29 13:23:37,592:update_weights done, time cost: 0.47s
[36m(TaskRunner pid=431148)[0m Training Progress:  11%|█         | 22/200 [10:39<1:26:22, 29.11s/it]
[36m(pid=1845439)[0m /inspire/hdd/global_user/mengweicheng-240108120092/lzy/fc-opd-storage/envs/fc-opd-verl071-cu128/lib/python3.12/site-packages/torch/cuda/__init__.py:63: FutureWarning: The pynvml package is deprecated. Please install nvidia-ml-py instead. If you did not install pynvml directly, please report this to the maintainers of the package that installed pynvml for you.
[36m(pid=1845439)[0m   import pynvml  # type: ignore[import]
[36m(pid=1845439)[0m /inspire/hdd/global_user/mengweicheng-240108120092/lzy/fc-opd-storage/envs/fc-opd-verl071-cu128/lib/python3.12/site-packages/transformers/utils/hub.py:110: FutureWarning: Using `TRANSFORMERS_CACHE` is deprecated and will be removed in v5 of Transformers. Use `HF_HOME` instead.
[36m(pid=1845439)[0m   warnings.warn(
[36m(_RayStudentScorerActor pid=1845439)[0m `torch_dtype` is deprecated! Use `dtype` instead!
[36m(_RayStudentScorerActor pid=1845439)[0m Loading checkpoint shards:   0%|          | 0/2 [00:00<?, ?it/s]
[36m(_RayStudentScorerActor pid=1845439)[0m Loading checkpoint shards:  50%|█████     | 1/2 [00:03<00:03,  3.07s/it]
[36m(_RayStudentScorerActor pid=1845439)[0m Loading checkpoint shards: 100%|██████████| 2/2 [00:05<00:00,  2.68s/it]Loading checkpoint shards: 100%|██████████| 2/2 [00:05<00:00,  2.74s/it]
[36m(WorkerDict pid=533144)[0m INFO:2026-06-29 13:24:07,592:update_weights done, time cost: 0.49s

[36m(TaskRunner pid=431148)[0m step:21 - fc_opd/hook_loss:0.3684346675872803 - fc_opd/hook_num_samples:2.0 - fc_opd/hook_active_weight:53.268192291259766 - fc_opd/loss/task_visible:0.47810497879981995 - fc_opd/selection/task_visible:0.01225877646356821 - fc_opd/loss/degraded:0.0 - fc_opd/selection/degraded:0.0 - fc_opd/loss/task_infer:1.1476545333862305 - fc_opd/selection/task_infer:0.013927824795246124 - fc_opd/loss/full:0.12642115354537964 - fc_opd/selection/full:0.04668394476175308 - fc_opd/loss/task_solve:0.31672585010528564 - fc_opd/selection/task_solve:0.01794486865401268 - fc_opd/loss/free:0.0 - fc_opd/selection/free:0.0 - fc_opd/loss/chunk/visible_evidence:0.0 - fc_opd/loss/chunk/diagram_inference:0.0 - fc_opd/loss/chunk/reasoning:0.03344352915883064 - fc_opd/loss/chunk/answer:0.0 - fc_opd/loss/total:0.3684346675872803 - fc_opd/online/loss:0.3684346675872803 - fc_opd/online/num_samples:2.0 - global_seqlen/min:441 - global_seqlen/max:506 - global_seqlen/minmax_diff:65 - global_seqlen/balanced_min:441 - global_seqlen/balanced_max:506 - global_seqlen/mean:473.5 - actor/entropy:0.19979314506053925 - perf/mfu/actor_infer:0 - actor/pg_loss:-0.9999990463256836 - actor/kl_loss:0.0 - actor/fc_opd_loss:0.19580406695604324 - actor/pg_clipfrac:0.0 - actor/ppo_kl:0.0 - actor/pg_clipfrac_lower:0.0 - actor/fc_opd_coef:0.10000000149011612 - actor/fc_opd_active_weight_mean:0.05201972275972366 - actor/grad_norm:7.609391689300537 - perf/mfu/actor:0.019431805257816417 - perf/max_memory_allocated_gb:41.394092082977295 - perf/max_memory_reserved_gb:46.6484375 - perf/cpu_memory_used_gb:134.92633056640625 - actor/lr:1e-06 - training/global_step:21 - training/epoch:20 - critic/score/mean:1.0 - critic/score/max:1.0 - critic/score/min:1.0 - critic/rewards/mean:1.0 - critic/rewards/max:1.0 - critic/rewards/min:1.0 - critic/advantages/mean:0.9999990463256836 - critic/advantages/max:0.9999990463256836 - critic/advantages/min:0.9999990463256836 - critic/returns/mean:0.9999990463256836 - critic/returns/max:0.9999990463256836 - critic/returns/min:0.9999990463256836 - response_length/mean:293.5 - response_length/max:326.0 - response_length/min:261.0 - response_length/clip_ratio:0.0 - response_length_non_aborted/mean:293.5 - response_length_non_aborted/max:326.0 - response_length_non_aborted/min:261.0 - response_length_non_aborted/clip_ratio:0.0 - response/aborted_ratio:0.0 - prompt_length/mean:180.0 - prompt_length/max:180.0 - prompt_length/min:180.0 - prompt_length/clip_ratio:0.0 - num_turns/min:2 - num_turns/max:2 - num_turns/mean:2.0 - timing_s/start_profile:0.00026626884937286377 - timing_s/agent_loop/num_preempted/min:-1 - timing_s/agent_loop/num_preempted/max:-1 - timing_s/agent_loop/num_preempted/mean:-1.0 - timing_s/agent_loop/generate_sequences/min:4.226725403219461 - timing_s/agent_loop/generate_sequences/max:5.198068965226412 - timing_s/agent_loop/generate_sequences/mean:4.712397184222937 - timing_s/agent_loop/tool_calls/min:0.0 - timing_s/agent_loop/tool_calls/max:0.0 - timing_s/agent_loop/tool_calls/mean:0.0 - timing_s/agent_loop/slowest/generate_sequences:5.198068965226412 - timing_s/agent_loop/slowest/tool_calls:0.0 - timing_s/agent_loop/slowest/prompt_length:180 - timing_s/agent_loop/slowest/response_length:326 - timing_s/agent_loop/slowest/num_preempted:-1 - timing_s/gen:5.849642237648368 - timing_s/fc_opd:20.373799500986934 - timing_s/reward:2.6419758796691895e-05 - timing_s/old_log_prob:0.18043235689401627 - timing_s/adv:0.0004505198448896408 - timing_s/update_actor:0.6610416043549776 - timing_s/update_weights:2.0315751172602177 - timing_s/step:29.100254913792014 - timing_s/stop_profile:7.049925625324249e-05 - timing_per_token_ms/gen:9.965318973847305 - timing_per_token_ms/adv:0.0004757337327240135 - timing_per_token_ms/update_actor:0.6980375969957525 - perf/total_num_tokens:947 - perf/time_per_step:29.100254913792014 - perf/throughput:16.271335127569124
[36m(TaskRunner pid=431148)[0m step:22 - fc_opd/hook_loss:0.3291897177696228 - fc_opd/hook_num_samples:2.0 - fc_opd/hook_active_weight:54.70771408081055 - fc_opd/loss/task_visible:0.37633901834487915 - fc_opd/selection/task_visible:0.012587126344442368 - fc_opd/loss/degraded:0.0 - fc_opd/selection/degraded:0.0 - fc_opd/loss/task_infer:0.9832671880722046 - fc_opd/selection/task_infer:0.012211717665195465 - fc_opd/loss/full:0.11922944337129593 - fc_opd/selection/full:0.04538751021027565 - fc_opd/loss/task_solve:0.36808109283447266 - fc_opd/selection/task_solve:0.021397586911916733 - fc_opd/loss/free:0.0 - fc_opd/selection/free:0.0 - fc_opd/loss/chunk/visible_evidence:0.0 - fc_opd/loss/chunk/diagram_inference:0.0 - fc_opd/loss/chunk/reasoning:0.030197180807590485 - fc_opd/loss/chunk/answer:0.0 - fc_opd/loss/total:0.3291897177696228 - fc_opd/online/loss:0.3291897177696228 - fc_opd/online/num_samples:2.0 - global_seqlen/min:470 - global_seqlen/max:487 - global_seqlen/minmax_diff:17 - global_seqlen/balanced_min:470 - global_seqlen/balanced_max:487 - global_seqlen/mean:478.5 - actor/entropy:0.20325665175914764 - perf/mfu/actor_infer:0 - actor/pg_loss:-0.9999990165233612 - actor/kl_loss:0.0 - actor/fc_opd_loss:0.1949901133775711 - actor/pg_clipfrac:0.0 - actor/ppo_kl:0.0 - actor/pg_clipfrac_lower:0.0 - actor/fc_opd_coef:0.10000000149011612 - actor/fc_opd_active_weight_mean:0.05342550203204155 - actor/grad_norm:8.568425178527832 - perf/mfu/actor:0.019225547395311182 - perf/max_memory_allocated_gb:41.394092082977295 - perf/max_memory_reserved_gb:46.6484375 - perf/cpu_memory_used_gb:135.03325271606445 - actor/lr:1e-06 - training/global_step:22 - training/epoch:21 - critic/score/mean:1.0 - critic/score/max:1.0 - critic/score/min:1.0 - critic/rewards/mean:1.0 - critic/rewards/max:1.0 - critic/rewards/min:1.0 - critic/advantages/mean:0.9999991059303284 - critic/advantages/max:0.9999990463256836 - critic/advantages/min:0.9999990463256836 - critic/returns/mean:0.9999991059303284 - critic/returns/max:0.9999990463256836 - critic/returns/min:0.9999990463256836 - response_length/mean:298.5 - response_length/max:307.0 - response_length/min:290.0 - response_length/clip_ratio:0.0 - response_length_non_aborted/mean:298.5 - response_length_non_aborted/max:307.0 - response_length_non_aborted/min:290.0 - response_length_non_aborted/clip_ratio:0.0 - response/aborted_ratio:0.0 - prompt_length/mean:180.0 - prompt_length/max:180.0 - prompt_length/min:180.0 - prompt_length/clip_ratio:0.0 - num_turns/min:2 - num_turns/max:2 - num_turns/mean:2.0 - timing_s/start_profile:0.00025594979524612427 - timing_s/agent_loop/num_preempted/min:-1 - timing_s/agent_loop/num_preempted/max:-1 - timing_s/agent_loop/num_preempted/mean:-1.0 - timing_s/agent_loop/generate_sequences/min:4.718310264870524 - timing_s/agent_loop/generate_sequences/max:4.900703029707074 - timing_s/agent_loop/generate_sequences/mean:4.809506647288799 - timing_s/agent_loop/tool_calls/min:0.0 - timing_s/agent_loop/tool_calls/max:0.0 - timing_s/agent_loop/tool_calls/mean:0.0 - timing_s/agent_loop/slowest/generate_sequences:4.900703029707074 - timing_s/agent_loop/slowest/tool_calls:0.0 - timing_s/agent_loop/slowest/prompt_length:180 - timing_s/agent_loop/slowest/response_length:307 - timing_s/agent_loop/slowest/num_preempted:-1 - timing_s/gen:5.534612080082297 - timing_s/fc_opd:20.49698707088828 - timing_s/reward:2.2415071725845337e-05 - timing_s/old_log_prob:0.18295851908624172 - timing_s/adv:0.0004419758915901184 - timing_s/update_actor:0.6743487175554037 - timing_s/update_weights:2.0028612092137337 - timing_s/step:28.896121369674802 - timing_s/stop_profile:4.745647311210632e-05 - timing_per_token_ms/gen:9.270707001812893 - timing_per_token_ms/adv:0.00046183478745048947 - timing_per_token_ms/update_actor:0.7046486076858973 - perf/total_num_tokens:957 - perf/time_per_step:28.896121369674802 - perf/throughput:16.55931582922283
[36m(TaskRunner pid=431148)[0m step:23 - fc_opd/hook_loss:0.38080450892448425 - fc_opd/hook_num_samples:2.0 - fc_opd/hook_active_weight:58.31259536743164 - fc_opd/loss/task_visible:0.8553779721260071 - fc_opd/selection/task_visible:0.010660011321306229 - fc_opd/loss/degraded:0.0 - fc_opd/selection/degraded:0.0 - fc_opd/loss/task_infer:0.8106341361999512 - fc_opd/selection/task_infer:0.016707204282283783 - fc_opd/loss/full:0.18905124068260193 - fc_opd/selection/full:0.0476943701505661 - fc_opd/loss/task_solve:0.22175061702728271 - fc_opd/selection/task_solve:0.01764538697898388 - fc_opd/loss/free:0.0 - fc_opd/selection/free:0.0 - fc_opd/loss/chunk/visible_evidence:0.0 - fc_opd/loss/chunk/diagram_inference:0.0 - fc_opd/loss/chunk/reasoning:0.03529716283082962 - fc_opd/loss/chunk/answer:0.0 - fc_opd/loss/total:0.38080450892448425 - fc_opd/online/loss:0.38080450892448425 - fc_opd/online/num_samples:2.0 - global_seqlen/min:494 - global_seqlen/max:495 - global_seqlen/minmax_diff:1 - global_seqlen/balanced_min:494 - global_seqlen/balanced_max:495 - global_seqlen/mean:494.5 - actor/entropy:0.20061352849006653 - perf/mfu/actor_infer:0 - actor/pg_loss:-0.9999990463256836 - actor/kl_loss:0.0 - actor/fc_opd_loss:0.187831312417984 - actor/pg_clipfrac:0.0 - actor/ppo_kl:0.0 - actor/pg_clipfrac_lower:0.0 - actor/fc_opd_coef:0.10000000149011612 - actor/fc_opd_active_weight_mean:0.05694589763879776 - actor/grad_norm:7.955598831176758 - perf/mfu/actor:0.020464042266892864 - perf/max_memory_allocated_gb:41.394092082977295 - perf/max_memory_reserved_gb:46.6484375 - perf/cpu_memory_used_gb:135.15182876586914 - actor/lr:1e-06 - training/global_step:23 - training/epoch:22 - critic/score/mean:1.0 - critic/score/max:1.0 - critic/score/min:1.0 - critic/rewards/mean:1.0 - critic/rewards/max:1.0 - critic/rewards/min:1.0 - critic/advantages/mean:0.9999991059303284 - critic/advantages/max:0.9999990463256836 - critic/advantages/min:0.9999990463256836 - critic/returns/mean:0.9999991059303284 - critic/returns/max:0.9999990463256836 - critic/returns/min:0.9999990463256836 - response_length/mean:314.5 - response_length/max:315.0 - response_length/min:314.0 - response_length/clip_ratio:0.0 - response_length_non_aborted/mean:314.5 - response_length_non_aborted/max:315.0 - response_length_non_aborted/min:314.0 - response_length_non_aborted/clip_ratio:0.0 - response/aborted_ratio:0.0 - prompt_length/mean:180.0 - prompt_length/max:180.0 - prompt_length/min:180.0 - prompt_length/clip_ratio:0.0 - num_turns/min:2 - num_turns/max:2 - num_turns/mean:2.0 - timing_s/start_profile:0.0002471189945936203 - timing_s/agent_loop/num_preempted/min:-1 - timing_s/agent_loop/num_preempted/max:-1 - timing_s/agent_loop/num_preempted/mean:-1.0 - timing_s/agent_loop/generate_sequences/min:5.038899932056665 - timing_s/agent_loop/generate_sequences/max:5.099609613418579 - timing_s/agent_loop/generate_sequences/mean:5.069254772737622 - timing_s/agent_loop/tool_calls/min:0.0 - timing_s/agent_loop/tool_calls/max:0.0 - timing_s/agent_loop/tool_calls/mean:0.0 - timing_s/agent_loop/slowest/generate_sequences:5.099609613418579 - timing_s/agent_loop/slowest/tool_calls:0.0 - timing_s/agent_loop/slowest/prompt_length:180 - timing_s/agent_loop/slowest/response_length:315 - timing_s/agent_loop/slowest/num_preempted:-1 - timing_s/gen:5.79055592790246 - timing_s/fc_opd:20.926961075514555 - timing_s/reward:2.3983418941497803e-05 - timing_s/old_log_prob:0.18381952866911888 - timing_s/adv:0.0004573352634906769 - timing_s/update_actor:0.6543818917125463 - timing_s/update_weights:2.1761671528220177 - timing_s/step:29.736448315903544 - timing_s/stop_profile:5.00604510307312e-05 - timing_per_token_ms/gen:9.205971268525374 - timing_per_token_ms/adv:0.0004624219044395115 - timing_per_token_ms/update_actor:0.6616601533999458 - perf/total_num_tokens:989 - perf/time_per_step:29.736448315903544 - perf/throughput:16.62942375453538[36m(TaskRunner pid=431148)[0m Training Progress:  12%|█▏        | 23/200 [11:09<1:26:39, 29.37s/it]
[36m(pid=1898414)[0m /inspire/hdd/global_user/mengweicheng-240108120092/lzy/fc-opd-storage/envs/fc-opd-verl071-cu128/lib/python3.12/site-packages/torch/cuda/__init__.py:63: FutureWarning: The pynvml package is deprecated. Please install nvidia-ml-py instead. If you did not install pynvml directly, please report this to the maintainers of the package that installed pynvml for you.
[36m(pid=1898414)[0m   import pynvml  # type: ignore[import]
[36m(pid=1898414)[0m /inspire/hdd/global_user/mengweicheng-240108120092/lzy/fc-opd-storage/envs/fc-opd-verl071-cu128/lib/python3.12/site-packages/transformers/utils/hub.py:110: FutureWarning: Using `TRANSFORMERS_CACHE` is deprecated and will be removed in v5 of Transformers. Use `HF_HOME` instead.
[36m(pid=1898414)[0m   warnings.warn(
[36m(_RayStudentScorerActor pid=1898414)[0m `torch_dtype` is deprecated! Use `dtype` instead!
[36m(_RayStudentScorerActor pid=1898414)[0m Loading checkpoint shards:   0%|          | 0/2 [00:00<?, ?it/s]
[36m(_RayStudentScorerActor pid=1898414)[0m Loading checkpoint shards:  50%|█████     | 1/2 [00:03<00:03,  3.09s/it]
[36m(_RayStudentScorerActor pid=1898414)[0m Loading checkpoint shards: 100%|██████████| 2/2 [00:05<00:00,  2.70s/it]Loading checkpoint shards: 100%|██████████| 2/2 [00:05<00:00,  2.76s/it]
[36m(WorkerDict pid=533144)[0m INFO:2026-06-29 13:24:36,503:update_weights done, time cost: 0.50s
[36m(TaskRunner pid=431148)[0m Training Progress:  12%|█▏        | 24/200 [11:38<1:25:47, 29.25s/it]
[36m(pid=1958384)[0m /inspire/hdd/global_user/mengweicheng-240108120092/lzy/fc-opd-storage/envs/fc-opd-verl071-cu128/lib/python3.12/site-packages/torch/cuda/__init__.py:63: FutureWarning: The pynvml package is deprecated. Please install nvidia-ml-py instead. If you did not install pynvml directly, please report this to the maintainers of the package that installed pynvml for you.
[36m(pid=1958384)[0m   import pynvml  # type: ignore[import]
[36m(pid=1958384)[0m /inspire/hdd/global_user/mengweicheng-240108120092/lzy/fc-opd-storage/envs/fc-opd-verl071-cu128/lib/python3.12/site-packages/transformers/utils/hub.py:110: FutureWarning: Using `TRANSFORMERS_CACHE` is deprecated and will be removed in v5 of Transformers. Use `HF_HOME` instead.
[36m(pid=1958384)[0m   warnings.warn(
[36m(_RayStudentScorerActor pid=1958384)[0m `torch_dtype` is deprecated! Use `dtype` instead!
[36m(_RayStudentScorerActor pid=1958384)[0m Loading checkpoint shards:   0%|          | 0/2 [00:00<?, ?it/s]
[36m(_RayStudentScorerActor pid=1958384)[0m Loading checkpoint shards:  50%|█████     | 1/2 [00:03<00:03,  3.08s/it]
[36m(_RayStudentScorerActor pid=1958384)[0m Loading checkpoint shards: 100%|██████████| 2/2 [00:05<00:00,  2.70s/it]Loading checkpoint shards: 100%|██████████| 2/2 [00:05<00:00,  2.76s/it]
[36m(WorkerDict pid=533144)[0m INFO:2026-06-29 13:25:15,831:[Rank 0] Saved model to /inspire/hdd/global_user/mengweicheng-240108120092/lzy/projects/Dual-Track-OPD/checkpoints/verl_fc_opd_overnight/fc_opd_overnight_20260629_130933/global_step_25/actor/model_world_size_2_rank_0.pt
[36m(WorkerDict pid=533145)[0m INFO:2026-06-29 13:25:35,370:[Rank 1] Saved optim to /inspire/hdd/global_user/mengweicheng-240108120092/lzy/projects/Dual-Track-OPD/checkpoints/verl_fc_opd_overnight/fc_opd_overnight_20260629_130933/global_step_25/actor/optim_world_size_2_rank_1.pt
[36m(WorkerDict pid=533145)[0m INFO:2026-06-29 13:25:35,392:[Rank 1] Saved extra_state to /inspire/hdd/global_user/mengweicheng-240108120092/lzy/projects/Dual-Track-OPD/checkpoints/verl_fc_opd_overnight/fc_opd_overnight_20260629_130933/global_step_25/actor/extra_state_world_size_2_rank_1.pt
[36m(WorkerDict pid=533145)[0m INFO:2026-06-29 13:25:15,908:[Rank 1] Saved model to /inspire/hdd/global_user/mengweicheng-240108120092/lzy/projects/Dual-Track-OPD/checkpoints/verl_fc_opd_overnight/fc_opd_overnight_20260629_130933/global_step_25/actor/model_world_size_2_rank_1.pt
[36m(WorkerDict pid=533144)[0m INFO:2026-06-29 13:25:35,945:[Rank 0] Saved model config and tokenizer class to /inspire/hdd/global_user/mengweicheng-240108120092/lzy/projects/Dual-Track-OPD/checkpoints/verl_fc_opd_overnight/fc_opd_overnight_20260629_130933/global_step_25/actor/huggingface
[36m(WorkerDict pid=533144)[0m INFO:2026-06-29 13:25:38,099:update_weights done, time cost: 0.50s
[36m(TaskRunner pid=431148)[0m Training Progress:  12%|█▎        | 25/200 [12:39<1:53:36, 38.95s/it]
[36m(pid=2064354)[0m /inspire/hdd/global_user/mengweicheng-240108120092/lzy/fc-opd-storage/envs/fc-opd-verl071-cu128/lib/python3.12/site-packages/torch/cuda/__init__.py:63: FutureWarning: The pynvml package is deprecated. Please install nvidia-ml-py instead. If you did not install pynvml directly, please report this to the maintainers of the package that installed pynvml for you.
[36m(pid=2064354)[0m   import pynvml  # type: ignore[import]
[36m(WorkerDict pid=533144)[0m INFO:2026-06-29 13:25:35,356:[Rank 0] Saved optim to /inspire/hdd/global_user/mengweicheng-240108120092/lzy/projects/Dual-Track-OPD/checkpoints/verl_fc_opd_overnight/fc_opd_overnight_20260629_130933/global_step_25/actor/optim_world_size_2_rank_0.pt
[36m(WorkerDict pid=533144)[0m INFO:2026-06-29 13:25:35,391:[Rank 0] Saved extra_state to /inspire/hdd/global_user/mengweicheng-240108120092/lzy/projects/Dual-Track-OPD/checkpoints/verl_fc_opd_overnight/fc_opd_overnight_20260629_130933/global_step_25/actor/extra_state_world_size_2_rank_0.pt
[36m(pid=2064354)[0m /inspire/hdd/global_user/mengweicheng-240108120092/lzy/fc-opd-storage/envs/fc-opd-verl071-cu128/lib/python3.12/site-packages/transformers/utils/hub.py:110: FutureWarning: Using `TRANSFORMERS_CACHE` is deprecated and will be removed in v5 of Transformers. Use `HF_HOME` instead.
[36m(pid=2064354)[0m   warnings.warn(
[36m(_RayStudentScorerActor pid=2064354)[0m `torch_dtype` is deprecated! Use `dtype` instead!
[36m(_RayStudentScorerActor pid=2064354)[0m Loading checkpoint shards:   0%|          | 0/2 [00:00<?, ?it/s]
[36m(_RayStudentScorerActor pid=2064354)[0m Loading checkpoint shards:  50%|█████     | 1/2 [00:03<00:03,  3.08s/it]
[36m(_RayStudentScorerActor pid=2064354)[0m Loading checkpoint shards: 100%|██████████| 2/2 [00:05<00:00,  2.70s/it]Loading checkpoint shards: 100%|██████████| 2/2 [00:05<00:00,  2.76s/it]
[36m(WorkerDict pid=533144)[0m INFO:2026-06-29 13:26:14,586:update_weights done, time cost: 0.49s

[36m(TaskRunner pid=431148)[0m step:24 - fc_opd/hook_loss:0.36358141899108887 - fc_opd/hook_num_samples:2.0 - fc_opd/hook_active_weight:53.78089141845703 - fc_opd/loss/task_visible:0.39089831709861755 - fc_opd/selection/task_visible:0.008404579013586044 - fc_opd/loss/degraded:0.0 - fc_opd/selection/degraded:0.0 - fc_opd/loss/task_infer:1.2281379699707031 - fc_opd/selection/task_infer:0.014235200360417366 - fc_opd/loss/full:0.1479986011981964 - fc_opd/selection/full:0.052499547600746155 - fc_opd/loss/task_solve:0.30089497566223145 - fc_opd/selection/task_solve:0.01822749152779579 - fc_opd/loss/free:0.0 - fc_opd/selection/free:0.0 - fc_opd/loss/chunk/visible_evidence:0.0 - fc_opd/loss/chunk/diagram_inference:0.0 - fc_opd/loss/chunk/reasoning:0.033946603536605835 - fc_opd/loss/chunk/answer:0.0 - fc_opd/loss/total:0.36358141899108887 - fc_opd/online/loss:0.36358141899108887 - fc_opd/online/num_samples:2.0 - global_seqlen/min:455 - global_seqlen/max:481 - global_seqlen/minmax_diff:26 - global_seqlen/balanced_min:455 - global_seqlen/balanced_max:481 - global_seqlen/mean:468.0 - actor/entropy:0.18121878802776337 - perf/mfu/actor_infer:0 - actor/pg_loss:-0.9999990463256836 - actor/kl_loss:0.0 - actor/fc_opd_loss:0.1791236773133278 - actor/pg_clipfrac:0.0 - actor/ppo_kl:0.0 - actor/pg_clipfrac_lower:0.0 - actor/fc_opd_coef:0.10000000149011612 - actor/fc_opd_active_weight_mean:0.052520401775836945 - actor/grad_norm:8.199028015136719 - perf/mfu/actor:0.019584831490278974 - perf/max_memory_allocated_gb:41.394092082977295 - perf/max_memory_reserved_gb:46.6484375 - perf/cpu_memory_used_gb:134.74497985839844 - actor/lr:1e-06 - training/global_step:24 - training/epoch:23 - critic/score/mean:1.0 - critic/score/max:1.0 - critic/score/min:1.0 - critic/rewards/mean:1.0 - critic/rewards/max:1.0 - critic/rewards/min:1.0 - critic/advantages/mean:0.9999990463256836 - critic/advantages/max:0.9999990463256836 - critic/advantages/min:0.9999990463256836 - critic/returns/mean:0.9999990463256836 - critic/returns/max:0.9999990463256836 - critic/returns/min:0.9999990463256836 - response_length/mean:288.0 - response_length/max:301.0 - response_length/min:275.0 - response_length/clip_ratio:0.0 - response_length_non_aborted/mean:288.0 - response_length_non_aborted/max:301.0 - response_length_non_aborted/min:275.0 - response_length_non_aborted/clip_ratio:0.0 - response/aborted_ratio:0.0 - prompt_length/mean:180.0 - prompt_length/max:180.0 - prompt_length/min:180.0 - prompt_length/clip_ratio:0.0 - num_turns/min:2 - num_turns/max:2 - num_turns/mean:2.0 - timing_s/start_profile:0.0002706944942474365 - timing_s/agent_loop/num_preempted/min:-1 - timing_s/agent_loop/num_preempted/max:-1 - timing_s/agent_loop/num_preempted/mean:-1.0 - timing_s/agent_loop/generate_sequences/min:4.447256485000253 - timing_s/agent_loop/generate_sequences/max:4.876752212643623 - timing_s/agent_loop/generate_sequences/mean:4.662004348821938 - timing_s/agent_loop/tool_calls/min:0.0 - timing_s/agent_loop/tool_calls/max:0.0 - timing_s/agent_loop/tool_calls/mean:0.0 - timing_s/agent_loop/slowest/generate_sequences:4.876752212643623 - timing_s/agent_loop/slowest/tool_calls:0.0 - timing_s/agent_loop/slowest/prompt_length:180 - timing_s/agent_loop/slowest/response_length:301 - timing_s/agent_loop/slowest/num_preempted:-1 - timing_s/gen:5.4966161623597145 - timing_s/fc_opd:20.283770283684134 - timing_s/reward:2.4434179067611694e-05 - timing_s/old_log_prob:0.22094455920159817 - timing_s/adv:0.00046631135046482086 - timing_s/update_actor:0.6489250883460045 - timing_s/update_weights:2.032742155715823 - timing_s/step:28.687401028349996 - timing_s/stop_profile:4.802830517292023e-05 - timing_per_token_ms/gen:9.542736392985615 - timing_per_token_ms/adv:0.0004981958872487402 - timing_per_token_ms/update_actor:0.6932960345576971 - perf/total_num_tokens:936 - perf/time_per_step:28.687401028349996 - perf/throughput:16.313781772615247
[36m(TaskRunner pid=431148)[0m local_global_step_folder: /inspire/hdd/global_user/mengweicheng-240108120092/lzy/projects/Dual-Track-OPD/checkpoints/verl_fc_opd_overnight/fc_opd_overnight_20260629_130933/global_step_25
[36m(TaskRunner pid=431148)[0m step:25 - fc_opd/hook_loss:0.2962576746940613 - fc_opd/hook_num_samples:2.0 - fc_opd/hook_active_weight:56.81183624267578 - fc_opd/loss/task_visible:0.46697798371315 - fc_opd/selection/task_visible:0.011207024566829205 - fc_opd/loss/degraded:0.0 - fc_opd/selection/degraded:0.0 - fc_opd/loss/task_infer:0.6095992922782898 - fc_opd/selection/task_infer:0.014046398922801018 - fc_opd/loss/full:0.15464502573013306 - fc_opd/selection/full:0.04950307309627533 - fc_opd/loss/task_solve:0.3465571403503418 - fc_opd/selection/task_solve:0.017449744045734406 - fc_opd/loss/free:0.0 - fc_opd/selection/free:0.0 - fc_opd/loss/chunk/visible_evidence:0.0 - fc_opd/loss/chunk/diagram_inference:0.0 - fc_opd/loss/chunk/reasoning:0.027321789413690567 - fc_opd/loss/chunk/answer:0.0 - fc_opd/loss/total:0.2962576746940613 - fc_opd/online/loss:0.2962576746940613 - fc_opd/online/num_samples:2.0 - global_seqlen/min:479 - global_seqlen/max:497 - global_seqlen/minmax_diff:18 - global_seqlen/balanced_min:479 - global_seqlen/balanced_max:497 - global_seqlen/mean:488.0 - actor/entropy:0.2427196055650711 - perf/mfu/actor_infer:0 - actor/pg_loss:-0.9999990165233612 - actor/kl_loss:0.0 - actor/fc_opd_loss:0.22502345591783524 - actor/pg_clipfrac:0.0 - actor/ppo_kl:0.0 - actor/pg_clipfrac_lower:0.0 - actor/fc_opd_coef:0.10000000149011612 - actor/fc_opd_active_weight_mean:0.05548031069338322 - actor/grad_norm:7.739116191864014 - perf/mfu/actor:0.01947422532158726 - perf/max_memory_allocated_gb:41.394092082977295 - perf/max_memory_reserved_gb:46.6484375 - perf/cpu_memory_used_gb:134.75746154785156 - actor/lr:1e-06 - training/global_step:25 - training/epoch:24 - critic/score/mean:1.0 - critic/score/max:1.0 - critic/score/min:1.0 - critic/rewards/mean:1.0 - critic/rewards/max:1.0 - critic/rewards/min:1.0 - critic/advantages/mean:0.9999991059303284 - critic/advantages/max:0.9999990463256836 - critic/advantages/min:0.9999990463256836 - critic/returns/mean:0.9999991059303284 - critic/returns/max:0.9999990463256836 - critic/returns/min:0.9999990463256836 - response_length/mean:308.0 - response_length/max:317.0 - response_length/min:299.0 - response_length/clip_ratio:0.0 - response_length_non_aborted/mean:308.0 - response_length_non_aborted/max:317.0 - response_length_non_aborted/min:299.0 - response_length_non_aborted/clip_ratio:0.0 - response/aborted_ratio:0.0 - prompt_length/mean:180.0 - prompt_length/max:180.0 - prompt_length/min:180.0 - prompt_length/clip_ratio:0.0 - num_turns/min:2 - num_turns/max:2 - num_turns/mean:2.0 - timing_s/start_profile:0.0002618785947561264 - timing_s/agent_loop/num_preempted/min:-1 - timing_s/agent_loop/num_preempted/max:-1 - timing_s/agent_loop/num_preempted/mean:-1.0 - timing_s/agent_loop/generate_sequences/min:4.739563323557377 - timing_s/agent_loop/generate_sequences/max:5.145220264792442 - timing_s/agent_loop/generate_sequences/mean:4.94239179417491 - timing_s/agent_loop/tool_calls/min:0.0 - timing_s/agent_loop/tool_calls/max:0.0 - timing_s/agent_loop/tool_calls/mean:0.0 - timing_s/agent_loop/slowest/generate_sequences:5.145220264792442 - timing_s/agent_loop/slowest/tool_calls:0.0 - timing_s/agent_loop/slowest/prompt_length:180 - timing_s/agent_loop/slowest/response_length:317 - timing_s/agent_loop/slowest/num_preempted:-1 - timing_s/gen:5.7646129205822945 - timing_s/fc_opd:20.781578140333295 - timing_s/reward:2.039410173892975e-05 - timing_s/old_log_prob:0.1788498442620039 - timing_s/adv:0.0004352852702140808 - timing_s/update_actor:0.6782135739922523 - timing_s/save_checkpoint:31.244809424504638 - timing_s/update_weights:2.671344293281436 - timing_s/step:61.323753628879786 - timing_s/stop_profile:4.9015507102012634e-05 - timing_per_token_ms/gen:9.35813785808814 - timing_per_token_ms/adv:0.00044598900636688606 - timing_per_token_ms/update_actor:0.6948909569592749 - perf/total_num_tokens:976 - perf/time_per_step:61.323753628879786 - perf/throughput:7.957764669026742
[36m(TaskRunner pid=431148)[0m step:26 - fc_opd/hook_loss:0.4097052216529846 - fc_opd/hook_num_samples:2.0 - fc_opd/hook_active_weight:59.2142219543457 - fc_opd/loss/task_visible:0.6392852067947388 - fc_opd/selection/task_visible:0.011665236204862595 - fc_opd/loss/degraded:0.0 - fc_opd/selection/degraded:0.0 - fc_opd/loss/task_infer:1.1068488359451294 - fc_opd/selection/task_infer:0.013089882209897041 - fc_opd/loss/full:0.18076637387275696 - fc_opd/selection/full:0.04793291166424751 - fc_opd/loss/task_solve:0.38288724422454834 - fc_opd/selection/task_solve:0.021585987880825996 - fc_opd/loss/free:0.0 - fc_opd/selection/free:0.0 - fc_opd/loss/chunk/visible_evidence:0.0 - fc_opd/loss/chunk/diagram_inference:0.0 - fc_opd/loss/chunk/reasoning:0.03859404847025871 - fc_opd/loss/chunk/answer:0.0 - fc_opd/loss/total:0.4097052216529846 - fc_opd/online/loss:0.4097052216529846 - fc_opd/online/num_samples:2.0 - global_seqlen/min:484 - global_seqlen/max:504 - global_seqlen/minmax_diff:20 - global_seqlen/balanced_min:484 - global_seqlen/balanced_max:504 - global_seqlen/mean:494.0 - actor/entropy:0.23024234175682068 - perf/mfu/actor_infer:0 - actor/pg_loss:-0.9999990165233612 - actor/kl_loss:0.0 - actor/fc_opd_loss:0.20142292231321335 - actor/pg_clipfrac:0.0 - actor/ppo_kl:0.0 - actor/pg_clipfrac_lower:0.0 - actor/fc_opd_coef:0.10000000149011612 - actor/fc_opd_active_weight_mean:0.057826392352581024 - actor/grad_norm:6.628412246704102 - perf/mfu/actor:0.02060042250266624 - perf/max_memory_allocated_gb:41.394092082977295 - perf/max_memory_reserved_gb:46.6484375 - perf/cpu_memory_used_gb:135.3448829650879 - actor/lr:1e-06 - training/global_step:26 - training/epoch:25 - critic/score/mean:1.0 - critic/score/max:1.0 - critic/score/min:1.0 - critic/rewards/mean:1.0 - critic/rewards/max:1.0 - critic/rewards/min:1.0 - critic/advantages/mean:0.9999991059303284 - critic/advantages/max:0.9999990463256836 - critic/advantages/min:0.9999990463256836 - critic/returns/mean:0.9999991059303284 - critic/returns/max:0.9999990463256836 - critic/returns/min:0.9999990463256836 - response_length/mean:314.0 - response_length/max:324.0 - response_length/min:304.0 - response_length/clip_ratio:0.0 - response_length_non_aborted/mean:314.0 - response_length_non_aborted/max:324.0 - response_length_non_aborted/min:304.0 - response_length_non_aborted/clip_ratio:0.0 - response/aborted_ratio:0.0 - prompt_length/mean:180.0 - prompt_length/max:180.0 - prompt_length/min:180.0 - prompt_length/clip_ratio:0.0 - num_turns/min:2 - num_turns/max:2 - num_turns/mean:2.0 - timing_s/start_profile:0.00025420449674129486 - timing_s/agent_loop/num_preempted/min:-1 - timing_s/agent_loop/num_preempted/max:-1 - timing_s/agent_loop/num_preempted/mean:-1.0 - timing_s/agent_loop/generate_sequences/min:4.923837937414646 - timing_s/agent_loop/generate_sequences/max:5.1327751111239195 - timing_s/agent_loop/generate_sequences/mean:5.028306524269283 - timing_s/agent_loop/tool_calls/min:0.0 - timing_s/agent_loop/tool_calls/max:0.0 - timing_s/agent_loop/tool_calls/mean:0.0 - timing_s/agent_loop/slowest/generate_sequences:5.1327751111239195 - timing_s/agent_loop/slowest/tool_calls:0.0 - timing_s/agent_loop/slowest/prompt_length:180 - timing_s/agent_loop/slowest/response_length:324 - timing_s/agent_loop/slowest/num_preempted:-1 - timing_s/gen:5.751382939517498 - timing_s/fc_opd:27.606391742825508 - timing_s/reward:2.156756818294525e-05 - timing_s/old_log_prob:0.18040135875344276 - timing_s/adv:0.0005067735910415649 - timing_s/update_actor:0.649502370506525 - timing_s/update_weights:2.031026404350996 - timing_s/step:36.22311178036034 - timing_s/stop_profile:5.069747567176819e-05 - timing_per_token_ms/gen:9.15825308840366 - timing_per_token_ms/adv:0.0005129287358720293 - timing_per_token_ms/update_actor:0.6573910632657136 - perf/total_num_tokens:988 - perf/time_per_step:36.22311178036034 - perf/throughput:13.637701890311915[36m(TaskRunner pid=431148)[0m Training Progress:  13%|█▎        | 26/200 [13:16<1:50:48, 38.21s/it]
[36m(pid=2134806)[0m /inspire/hdd/global_user/mengweicheng-240108120092/lzy/fc-opd-storage/envs/fc-opd-verl071-cu128/lib/python3.12/site-packages/torch/cuda/__init__.py:63: FutureWarning: The pynvml package is deprecated. Please install nvidia-ml-py instead. If you did not install pynvml directly, please report this to the maintainers of the package that installed pynvml for you.
[36m(pid=2134806)[0m   import pynvml  # type: ignore[import]
[36m(pid=2134806)[0m /inspire/hdd/global_user/mengweicheng-240108120092/lzy/fc-opd-storage/envs/fc-opd-verl071-cu128/lib/python3.12/site-packages/transformers/utils/hub.py:110: FutureWarning: Using `TRANSFORMERS_CACHE` is deprecated and will be removed in v5 of Transformers. Use `HF_HOME` instead.
[36m(pid=2134806)[0m   warnings.warn(
[36m(_RayStudentScorerActor pid=2134806)[0m `torch_dtype` is deprecated! Use `dtype` instead!
[36m(_RayStudentScorerActor pid=2134806)[0m Loading checkpoint shards:   0%|          | 0/2 [00:00<?, ?it/s]
[36m(_RayStudentScorerActor pid=2134806)[0m Loading checkpoint shards:  50%|█████     | 1/2 [00:03<00:03,  3.10s/it]
[36m(_RayStudentScorerActor pid=2134806)[0m Loading checkpoint shards: 100%|██████████| 2/2 [00:05<00:00,  2.71s/it]Loading checkpoint shards: 100%|██████████| 2/2 [00:05<00:00,  2.77s/it]
[36m(WorkerDict pid=533144)[0m INFO:2026-06-29 13:26:44,869:update_weights done, time cost: 0.50s
[36m(TaskRunner pid=431148)[0m Training Progress:  14%|█▎        | 27/200 [13:46<1:43:16, 35.82s/it]
[36m(pid=2187684)[0m /inspire/hdd/global_user/mengweicheng-240108120092/lzy/fc-opd-storage/envs/fc-opd-verl071-cu128/lib/python3.12/site-packages/torch/cuda/__init__.py:63: FutureWarning: The pynvml package is deprecated. Please install nvidia-ml-py instead. If you did not install pynvml directly, please report this to the maintainers of the package that installed pynvml for you.
[36m(pid=2187684)[0m   import pynvml  # type: ignore[import]
[36m(pid=2187684)[0m /inspire/hdd/global_user/mengweicheng-240108120092/lzy/fc-opd-storage/envs/fc-opd-verl071-cu128/lib/python3.12/site-packages/transformers/utils/hub.py:110: FutureWarning: Using `TRANSFORMERS_CACHE` is deprecated and will be removed in v5 of Transformers. Use `HF_HOME` instead.
[36m(pid=2187684)[0m   warnings.warn(
[36m(_RayStudentScorerActor pid=2187684)[0m `torch_dtype` is deprecated! Use `dtype` instead!
[36m(_RayStudentScorerActor pid=2187684)[0m Loading checkpoint shards:   0%|          | 0/2 [00:00<?, ?it/s]
[36m(_RayStudentScorerActor pid=2187684)[0m Loading checkpoint shards:  50%|█████     | 1/2 [00:03<00:03,  3.05s/it]
[36m(_RayStudentScorerActor pid=2187684)[0m Loading checkpoint shards: 100%|██████████| 2/2 [00:05<00:00,  2.68s/it]Loading checkpoint shards: 100%|██████████| 2/2 [00:05<00:00,  2.73s/it]
[36m(WorkerDict pid=533144)[0m INFO:2026-06-29 13:27:13,683:update_weights done, time cost: 0.48s
[36m(TaskRunner pid=431148)[0m Training Progress:  14%|█▍        | 28/200 [14:15<1:36:39, 33.72s/it]
[36m(pid=2243895)[0m /inspire/hdd/global_user/mengweicheng-240108120092/lzy/fc-opd-storage/envs/fc-opd-verl071-cu128/lib/python3.12/site-packages/torch/cuda/__init__.py:63: FutureWarning: The pynvml package is deprecated. Please install nvidia-ml-py instead. If you did not install pynvml directly, please report this to the maintainers of the package that installed pynvml for you.
[36m(pid=2243895)[0m   import pynvml  # type: ignore[import]
[36m(pid=2243895)[0m /inspire/hdd/global_user/mengweicheng-240108120092/lzy/fc-opd-storage/envs/fc-opd-verl071-cu128/lib/python3.12/site-packages/transformers/utils/hub.py:110: FutureWarning: Using `TRANSFORMERS_CACHE` is deprecated and will be removed in v5 of Transformers. Use `HF_HOME` instead.
[36m(pid=2243895)[0m   warnings.warn(
[36m(_RayStudentScorerActor pid=2243895)[0m `torch_dtype` is deprecated! Use `dtype` instead!
[36m(_RayStudentScorerActor pid=2243895)[0m Loading checkpoint shards:   0%|          | 0/2 [00:00<?, ?it/s]
[36m(_RayStudentScorerActor pid=2243895)[0m Loading checkpoint shards:  50%|█████     | 1/2 [00:03<00:03,  3.08s/it]
[36m(_RayStudentScorerActor pid=2243895)[0m Loading checkpoint shards: 100%|██████████| 2/2 [00:05<00:00,  2.69s/it]Loading checkpoint shards: 100%|██████████| 2/2 [00:05<00:00,  2.75s/it]
[36m(WorkerDict pid=533144)[0m INFO:2026-06-29 13:27:44,606:update_weights done, time cost: 0.44s

[36m(TaskRunner pid=431148)[0m step:27 - fc_opd/hook_loss:0.36825042963027954 - fc_opd/hook_num_samples:2.0 - fc_opd/hook_active_weight:56.62669372558594 - fc_opd/loss/task_visible:0.5347318053245544 - fc_opd/selection/task_visible:0.011779997497797012 - fc_opd/loss/degraded:0.0 - fc_opd/selection/degraded:0.0 - fc_opd/loss/task_infer:0.9909065961837769 - fc_opd/selection/task_infer:0.01378246396780014 - fc_opd/loss/full:0.1268191933631897 - fc_opd/selection/full:0.04715681076049805 - fc_opd/loss/task_solve:0.4120538830757141 - fc_opd/selection/task_solve:0.01838567852973938 - fc_opd/loss/free:0.0 - fc_opd/selection/free:0.0 - fc_opd/loss/chunk/visible_evidence:0.0 - fc_opd/loss/chunk/diagram_inference:0.0 - fc_opd/loss/chunk/reasoning:0.033543553203344345 - fc_opd/loss/chunk/answer:0.0 - fc_opd/loss/total:0.36825042963027954 - fc_opd/online/loss:0.36825042963027954 - fc_opd/online/num_samples:2.0 - global_seqlen/min:458 - global_seqlen/max:524 - global_seqlen/minmax_diff:66 - global_seqlen/balanced_min:458 - global_seqlen/balanced_max:524 - global_seqlen/mean:491.0 - actor/entropy:0.2200193703174591 - perf/mfu/actor_infer:0 - actor/pg_loss:-0.9999990165233612 - actor/kl_loss:0.0 - actor/fc_opd_loss:0.19273660331964493 - actor/pg_clipfrac:0.0 - actor/ppo_kl:0.0 - actor/pg_clipfrac_lower:0.0 - actor/fc_opd_coef:0.10000000149011612 - actor/fc_opd_active_weight_mean:0.05529950559139252 - actor/grad_norm:8.093501091003418 - perf/mfu/actor:0.01929060091399548 - perf/max_memory_allocated_gb:41.394092082977295 - perf/max_memory_reserved_gb:46.6484375 - perf/cpu_memory_used_gb:135.08740615844727 - actor/lr:1e-06 - training/global_step:27 - training/epoch:26 - critic/score/mean:1.0 - critic/score/max:1.0 - critic/score/min:1.0 - critic/rewards/mean:1.0 - critic/rewards/max:1.0 - critic/rewards/min:1.0 - critic/advantages/mean:0.9999991059303284 - critic/advantages/max:0.9999990463256836 - critic/advantages/min:0.9999990463256836 - critic/returns/mean:0.9999991059303284 - critic/returns/max:0.9999990463256836 - critic/returns/min:0.9999990463256836 - response_length/mean:311.0 - response_length/max:344.0 - response_length/min:278.0 - response_length/clip_ratio:0.0 - response_length_non_aborted/mean:311.0 - response_length_non_aborted/max:344.0 - response_length_non_aborted/min:278.0 - response_length_non_aborted/clip_ratio:0.0 - response/aborted_ratio:0.0 - prompt_length/mean:180.0 - prompt_length/max:180.0 - prompt_length/min:180.0 - prompt_length/clip_ratio:0.0 - num_turns/min:2 - num_turns/max:2 - num_turns/mean:2.0 - timing_s/start_profile:0.0002517029643058777 - timing_s/agent_loop/num_preempted/min:-1 - timing_s/agent_loop/num_preempted/max:-1 - timing_s/agent_loop/num_preempted/mean:-1.0 - timing_s/agent_loop/generate_sequences/min:4.409967131912708 - timing_s/agent_loop/generate_sequences/max:5.606935016810894 - timing_s/agent_loop/generate_sequences/mean:5.008451074361801 - timing_s/agent_loop/tool_calls/min:0.0 - timing_s/agent_loop/tool_calls/max:0.0 - timing_s/agent_loop/tool_calls/mean:0.0 - timing_s/agent_loop/slowest/generate_sequences:5.606935016810894 - timing_s/agent_loop/slowest/tool_calls:0.0 - timing_s/agent_loop/slowest/prompt_length:180 - timing_s/agent_loop/slowest/response_length:344 - timing_s/agent_loop/slowest/num_preempted:-1 - timing_s/gen:6.253711936995387 - timing_s/fc_opd:20.908531533554196 - timing_s/reward:2.444349229335785e-05 - timing_s/old_log_prob:0.1852451115846634 - timing_s/adv:0.0005729515105485916 - timing_s/update_actor:0.6903943922370672 - timing_s/update_weights:1.9679813515394926 - timing_s/step:30.010260343551636 - timing_s/stop_profile:5.3357332944869995e-05 - timing_per_token_ms/gen:10.054199255619594 - timing_per_token_ms/adv:0.0005834536767297267 - timing_per_token_ms/update_actor:0.7030492792638159 - perf/total_num_tokens:982 - perf/time_per_step:30.010260343551636 - perf/throughput:16.36107099302463
[36m(TaskRunner pid=431148)[0m step:28 - fc_opd/hook_loss:0.3910207152366638 - fc_opd/hook_num_samples:2.0 - fc_opd/hook_active_weight:55.089988708496094 - fc_opd/loss/task_visible:0.5837430953979492 - fc_opd/selection/task_visible:0.01104083564132452 - fc_opd/loss/degraded:0.0 - fc_opd/selection/degraded:0.0 - fc_opd/loss/task_infer:0.9391474723815918 - fc_opd/selection/task_infer:0.017278490588068962 - fc_opd/loss/full:0.11942710727453232 - fc_opd/selection/full:0.044879209250211716 - fc_opd/loss/task_solve:0.4262223243713379 - fc_opd/selection/task_solve:0.020485449582338333 - fc_opd/loss/free:0.0 - fc_opd/selection/free:0.0 - fc_opd/loss/chunk/visible_evidence:0.0 - fc_opd/loss/chunk/diagram_inference:0.0 - fc_opd/loss/chunk/reasoning:0.03663254529237747 - fc_opd/loss/chunk/answer:0.0 - fc_opd/loss/total:0.3910207152366638 - fc_opd/online/loss:0.3910207152366638 - fc_opd/online/num_samples:2.0 - global_seqlen/min:472 - global_seqlen/max:476 - global_seqlen/minmax_diff:4 - global_seqlen/balanced_min:472 - global_seqlen/balanced_max:476 - global_seqlen/mean:474.0 - actor/entropy:0.252267450094223 - perf/mfu/actor_infer:0 - actor/pg_loss:-0.9999990463256836 - actor/kl_loss:0.0 - actor/fc_opd_loss:0.18692726641893387 - actor/pg_clipfrac:0.0 - actor/ppo_kl:0.0 - actor/pg_clipfrac_lower:0.0 - actor/fc_opd_coef:0.10000000149011612 - actor/fc_opd_active_weight_mean:0.05379881337285042 - actor/grad_norm:7.353143215179443 - perf/mfu/actor:0.019914527870144888 - perf/max_memory_allocated_gb:41.394092082977295 - perf/max_memory_reserved_gb:46.6484375 - perf/cpu_memory_used_gb:135.24518585205078 - actor/lr:1e-06 - training/global_step:28 - training/epoch:27 - critic/score/mean:1.0 - critic/score/max:1.0 - critic/score/min:1.0 - critic/rewards/mean:1.0 - critic/rewards/max:1.0 - critic/rewards/min:1.0 - critic/advantages/mean:0.9999990463256836 - critic/advantages/max:0.9999990463256836 - critic/advantages/min:0.9999990463256836 - critic/returns/mean:0.9999990463256836 - critic/returns/max:0.9999990463256836 - critic/returns/min:0.9999990463256836 - response_length/mean:294.0 - response_length/max:296.0 - response_length/min:292.0 - response_length/clip_ratio:0.0 - response_length_non_aborted/mean:294.0 - response_length_non_aborted/max:296.0 - response_length_non_aborted/min:292.0 - response_length_non_aborted/clip_ratio:0.0 - response/aborted_ratio:0.0 - prompt_length/mean:180.0 - prompt_length/max:180.0 - prompt_length/min:180.0 - prompt_length/clip_ratio:0.0 - num_turns/min:2 - num_turns/max:2 - num_turns/mean:2.0 - timing_s/start_profile:0.00025558099150657654 - timing_s/agent_loop/num_preempted/min:-1 - timing_s/agent_loop/num_preempted/max:-1 - timing_s/agent_loop/num_preempted/mean:-1.0 - timing_s/agent_loop/generate_sequences/min:4.693029213696718 - timing_s/agent_loop/generate_sequences/max:4.83963942155242 - timing_s/agent_loop/generate_sequences/mean:4.766334317624569 - timing_s/agent_loop/tool_calls/min:0.0 - timing_s/agent_loop/tool_calls/max:0.0 - timing_s/agent_loop/tool_calls/mean:0.0 - timing_s/agent_loop/slowest/generate_sequences:4.83963942155242 - timing_s/agent_loop/slowest/tool_calls:0.0 - timing_s/agent_loop/slowest/prompt_length:180 - timing_s/agent_loop/slowest/response_length:296 - timing_s/agent_loop/slowest/num_preempted:-1 - timing_s/gen:5.507297886535525 - timing_s/fc_opd:20.262475023046136 - timing_s/reward:2.5600194931030273e-05 - timing_s/old_log_prob:0.1762288510799408 - timing_s/adv:0.00046961940824985504 - timing_s/update_actor:0.6458926033228636 - timing_s/update_weights:1.9802829138934612 - timing_s/step:28.576399721205235 - timing_s/stop_profile:4.79724258184433e-05 - timing_per_token_ms/gen:9.366152868257696 - timing_per_token_ms/adv:0.0004953791226264294 - timing_per_token_ms/update_actor:0.681321311522008 - perf/total_num_tokens:948 - perf/time_per_step:28.576399721205235 - perf/throughput:16.58711400401732
[36m(TaskRunner pid=431148)[0m step:29 - fc_opd/hook_loss:0.3379836678504944 - fc_opd/hook_num_samples:2.0 - fc_opd/hook_active_weight:62.225807189941406 - fc_opd/loss/task_visible:0.4366692900657654 - fc_opd/selection/task_visible:0.011909841559827328 - fc_opd/loss/degraded:0.0 - fc_opd/selection/degraded:0.0 - fc_opd/loss/task_infer:0.7277643084526062 - fc_opd/selection/task_infer:0.015768304467201233 - fc_opd/loss/full:0.11784666031599045 - fc_opd/selection/full:0.042880989611148834 - fc_opd/loss/task_solve:0.43168383836746216 - fc_opd/selection/task_solve:0.020512569695711136 - fc_opd/loss/free:0.0 - fc_opd/selection/free:0.0 - fc_opd/loss/chunk/visible_evidence:0.0 - fc_opd/loss/chunk/diagram_inference:0.0 - fc_opd/loss/chunk/reasoning:0.030829403549432755 - fc_opd/loss/chunk/answer:0.0 - fc_opd/loss/total:0.3379836678504944 - fc_opd/online/loss:0.3379836678504944 - fc_opd/online/num_samples:2.0 - global_seqlen/min:511 - global_seqlen/max:532 - global_seqlen/minmax_diff:21 - global_seqlen/balanced_min:511 - global_seqlen/balanced_max:532 - global_seqlen/mean:521.5 - actor/entropy:0.29119667410850525 - perf/mfu/actor_infer:0 - actor/pg_loss:-0.999999076128006 - actor/kl_loss:0.0 - actor/fc_opd_loss:0.20557326823472977 - actor/pg_clipfrac:0.0 - actor/ppo_kl:0.0 - actor/pg_clipfrac_lower:0.0 - actor/fc_opd_coef:0.10000000149011612 - actor/fc_opd_active_weight_mean:0.0607673954218626 - actor/grad_norm:6.888951778411865 - perf/mfu/actor:0.021808584411518277 - perf/max_memory_allocated_gb:41.394092082977295 - perf/max_memory_reserved_gb:46.6484375 - perf/cpu_memory_used_gb:135.597900390625 - actor/lr:1e-06 - training/global_step:29 - training/epoch:28 - critic/score/mean:1.0 - critic/score/max:1.0 - critic/score/min:1.0 - critic/rewards/mean:1.0 - critic/rewards/max:1.0 - critic/rewards/min:1.0 - critic/advantages/mean:0.9999992251396179 - critic/advantages/max:0.9999990463256836 - critic/advantages/min:0.9999990463256836 - critic/returns/mean:0.9999992251396179 - critic/returns/max:0.9999990463256836 - critic/returns/min:0.9999990463256836 - response_length/mean:341.5 - response_length/max:352.0 - response_length/min:331.0 - response_length/clip_ratio:0.0 - response_length_non_aborted/mean:341.5 - response_length_non_aborted/max:352.0 - response_length_non_aborted/min:331.0 - response_length_non_aborted/clip_ratio:0.0 - response/aborted_ratio:0.0 - prompt_length/mean:180.0 - prompt_length/max:180.0 - prompt_length/min:180.0 - prompt_length/clip_ratio:0.0 - num_turns/min:2 - num_turns/max:2 - num_turns/mean:2.0 - timing_s/start_profile:0.0002529732882976532 - timing_s/agent_loop/num_preempted/min:-1 - timing_s/agent_loop/num_preempted/max:-1 - timing_s/agent_loop/num_preempted/mean:-1.0 - timing_s/agent_loop/generate_sequences/min:5.28832414932549 - timing_s/agent_loop/generate_sequences/max:5.71073953807354 - timing_s/agent_loop/generate_sequences/mean:5.499531843699515 - timing_s/agent_loop/tool_calls/min:0.0 - timing_s/agent_loop/tool_calls/max:0.0 - timing_s/agent_loop/tool_calls/mean:0.0 - timing_s/agent_loop/slowest/generate_sequences:5.71073953807354 - timing_s/agent_loop/slowest/tool_calls:0.0 - timing_s/agent_loop/slowest/prompt_length:180 - timing_s/agent_loop/slowest/response_length:352 - timing_s/agent_loop/slowest/num_preempted:-1 - timing_s/gen:6.337720867246389 - timing_s/fc_opd:21.56127184815705 - timing_s/reward:2.7544796466827393e-05 - timing_s/old_log_prob:0.17973483353853226 - timing_s/adv:0.00043975189328193665 - timing_s/update_actor:0.6457944940775633 - timing_s/update_weights:2.0156803634017706 - timing_s/step:30.744343619793653 - timing_s/stop_profile:4.8607587814331055e-05 - timing_per_token_ms/gen:9.279239922761917 - timing_per_token_ms/adv:0.0004216221412099105 - timing_per_token_ms/update_actor:0.6191701764885554 - perf/total_num_tokens:1043 - perf/time_per_step:30.744343619793653 - perf/throughput:16.96246979441938[36m(TaskRunner pid=431148)[0m Training Progress:  14%|█▍        | 29/200 [14:46<1:33:45, 32.90s/it]
[36m(pid=2297488)[0m /inspire/hdd/global_user/mengweicheng-240108120092/lzy/fc-opd-storage/envs/fc-opd-verl071-cu128/lib/python3.12/site-packages/torch/cuda/__init__.py:63: FutureWarning: The pynvml package is deprecated. Please install nvidia-ml-py instead. If you did not install pynvml directly, please report this to the maintainers of the package that installed pynvml for you.
[36m(pid=2297488)[0m   import pynvml  # type: ignore[import]
[36m(pid=2297488)[0m /inspire/hdd/global_user/mengweicheng-240108120092/lzy/fc-opd-storage/envs/fc-opd-verl071-cu128/lib/python3.12/site-packages/transformers/utils/hub.py:110: FutureWarning: Using `TRANSFORMERS_CACHE` is deprecated and will be removed in v5 of Transformers. Use `HF_HOME` instead.
[36m(pid=2297488)[0m   warnings.warn(
[36m(_RayStudentScorerActor pid=2297488)[0m `torch_dtype` is deprecated! Use `dtype` instead!
[36m(_RayStudentScorerActor pid=2297488)[0m Loading checkpoint shards:   0%|          | 0/2 [00:00<?, ?it/s]
[36m(_RayStudentScorerActor pid=2297488)[0m Loading checkpoint shards:  50%|█████     | 1/2 [00:03<00:03,  3.08s/it]
[36m(_RayStudentScorerActor pid=2297488)[0m Loading checkpoint shards: 100%|██████████| 2/2 [00:05<00:00,  2.70s/it]Loading checkpoint shards: 100%|██████████| 2/2 [00:05<00:00,  2.76s/it]
[36m(WorkerDict pid=533144)[0m INFO:2026-06-29 13:28:13,031:update_weights done, time cost: 0.48s
[36m(TaskRunner pid=431148)[0m Training Progress:  15%|█▌        | 30/200 [15:14<1:29:22, 31.54s/it]
[36m(pid=2348091)[0m /inspire/hdd/global_user/mengweicheng-240108120092/lzy/fc-opd-storage/envs/fc-opd-verl071-cu128/lib/python3.12/site-packages/torch/cuda/__init__.py:63: FutureWarning: The pynvml package is deprecated. Please install nvidia-ml-py instead. If you did not install pynvml directly, please report this to the maintainers of the package that installed pynvml for you.
[36m(pid=2348091)[0m   import pynvml  # type: ignore[import]
[36m(pid=2348091)[0m /inspire/hdd/global_user/mengweicheng-240108120092/lzy/fc-opd-storage/envs/fc-opd-verl071-cu128/lib/python3.12/site-packages/transformers/utils/hub.py:110: FutureWarning: Using `TRANSFORMERS_CACHE` is deprecated and will be removed in v5 of Transformers. Use `HF_HOME` instead.
[36m(pid=2348091)[0m   warnings.warn(
[36m(_RayStudentScorerActor pid=2348091)[0m `torch_dtype` is deprecated! Use `dtype` instead!
[36m(_RayStudentScorerActor pid=2348091)[0m Loading checkpoint shards:   0%|          | 0/2 [00:00<?, ?it/s]
[36m(_RayStudentScorerActor pid=2348091)[0m Loading checkpoint shards:  50%|█████     | 1/2 [00:03<00:03,  3.09s/it]
[36m(_RayStudentScorerActor pid=2348091)[0m Loading checkpoint shards: 100%|██████████| 2/2 [00:05<00:00,  2.71s/it]Loading checkpoint shards: 100%|██████████| 2/2 [00:05<00:00,  2.76s/it]
[36m(WorkerDict pid=533144)[0m INFO:2026-06-29 13:28:41,710:update_weights done, time cost: 0.47s
[36m(TaskRunner pid=431148)[0m Training Progress:  16%|█▌        | 31/200 [15:43<1:26:26, 30.69s/it]
[36m(pid=2403454)[0m /inspire/hdd/global_user/mengweicheng-240108120092/lzy/fc-opd-storage/envs/fc-opd-verl071-cu128/lib/python3.12/site-packages/torch/cuda/__init__.py:63: FutureWarning: The pynvml package is deprecated. Please install nvidia-ml-py instead. If you did not install pynvml directly, please report this to the maintainers of the package that installed pynvml for you.
[36m(pid=2403454)[0m   import pynvml  # type: ignore[import]
[36m(pid=2403454)[0m /inspire/hdd/global_user/mengweicheng-240108120092/lzy/fc-opd-storage/envs/fc-opd-verl071-cu128/lib/python3.12/site-packages/transformers/utils/hub.py:110: FutureWarning: Using `TRANSFORMERS_CACHE` is deprecated and will be removed in v5 of Transformers. Use `HF_HOME` instead.
[36m(pid=2403454)[0m   warnings.warn(
[36m(_RayStudentScorerActor pid=2403454)[0m `torch_dtype` is deprecated! Use `dtype` instead!
[36m(_RayStudentScorerActor pid=2403454)[0m Loading checkpoint shards:   0%|          | 0/2 [00:00<?, ?it/s]
[36m(_RayStudentScorerActor pid=2403454)[0m Loading checkpoint shards:  50%|█████     | 1/2 [00:03<00:03,  3.06s/it]
[36m(_RayStudentScorerActor pid=2403454)[0m Loading checkpoint shards: 100%|██████████| 2/2 [00:05<00:00,  2.68s/it]Loading checkpoint shards: 100%|██████████| 2/2 [00:05<00:00,  2.73s/it]
[36m(WorkerDict pid=533144)[0m INFO:2026-06-29 13:29:11,907:update_weights done, time cost: 0.50s

[36m(TaskRunner pid=431148)[0m step:30 - fc_opd/hook_loss:0.33721452951431274 - fc_opd/hook_num_samples:2.0 - fc_opd/hook_active_weight:50.5897216796875 - fc_opd/loss/task_visible:0.3895537257194519 - fc_opd/selection/task_visible:0.01085343025624752 - fc_opd/loss/degraded:0.0 - fc_opd/selection/degraded:0.0 - fc_opd/loss/task_infer:0.7194706201553345 - fc_opd/selection/task_infer:0.01748017594218254 - fc_opd/loss/full:0.12266257405281067 - fc_opd/selection/full:0.04613392800092697 - fc_opd/loss/task_solve:0.5039907693862915 - fc_opd/selection/task_solve:0.016773924231529236 - fc_opd/loss/free:0.0 - fc_opd/selection/free:0.0 - fc_opd/loss/chunk/visible_evidence:0.0 - fc_opd/loss/chunk/diagram_inference:0.0 - fc_opd/loss/chunk/reasoning:0.030830200761556625 - fc_opd/loss/chunk/answer:0.0 - fc_opd/loss/total:0.33721452951431274 - fc_opd/online/loss:0.33721452951431274 - fc_opd/online/num_samples:2.0 - global_seqlen/min:441 - global_seqlen/max:473 - global_seqlen/minmax_diff:32 - global_seqlen/balanced_min:441 - global_seqlen/balanced_max:473 - global_seqlen/mean:457.0 - actor/entropy:0.21303653717041016 - perf/mfu/actor_infer:0 - actor/pg_loss:-0.9999990463256836 - actor/kl_loss:0.0 - actor/fc_opd_loss:0.24500828981399536 - actor/pg_clipfrac:0.0 - actor/ppo_kl:0.0 - actor/pg_clipfrac_lower:0.0 - actor/fc_opd_coef:0.10000000149011612 - actor/fc_opd_active_weight_mean:0.049404021352529526 - actor/grad_norm:6.825510501861572 - perf/mfu/actor:0.019284286015642926 - perf/max_memory_allocated_gb:41.394092082977295 - perf/max_memory_reserved_gb:46.6484375 - perf/cpu_memory_used_gb:134.97688674926758 - actor/lr:1e-06 - training/global_step:30 - training/epoch:29 - critic/score/mean:1.0 - critic/score/max:1.0 - critic/score/min:1.0 - critic/rewards/mean:1.0 - critic/rewards/max:1.0 - critic/rewards/min:1.0 - critic/advantages/mean:0.9999991059303284 - critic/advantages/max:0.9999990463256836 - critic/advantages/min:0.9999990463256836 - critic/returns/mean:0.9999991059303284 - critic/returns/max:0.9999990463256836 - critic/returns/min:0.9999990463256836 - response_length/mean:277.0 - response_length/max:293.0 - response_length/min:261.0 - response_length/clip_ratio:0.0 - response_length_non_aborted/mean:277.0 - response_length_non_aborted/max:293.0 - response_length_non_aborted/min:261.0 - response_length_non_aborted/clip_ratio:0.0 - response/aborted_ratio:0.0 - prompt_length/mean:180.0 - prompt_length/max:180.0 - prompt_length/min:180.0 - prompt_length/clip_ratio:0.0 - num_turns/min:2 - num_turns/max:2 - num_turns/mean:2.0 - timing_s/start_profile:0.00025863759219646454 - timing_s/agent_loop/num_preempted/min:-1 - timing_s/agent_loop/num_preempted/max:-1 - timing_s/agent_loop/num_preempted/mean:-1.0 - timing_s/agent_loop/generate_sequences/min:4.225729368627071 - timing_s/agent_loop/generate_sequences/max:4.689648747444153 - timing_s/agent_loop/generate_sequences/mean:4.457689058035612 - timing_s/agent_loop/tool_calls/min:0.0 - timing_s/agent_loop/tool_calls/max:0.0 - timing_s/agent_loop/tool_calls/mean:0.0 - timing_s/agent_loop/slowest/generate_sequences:4.689648747444153 - timing_s/agent_loop/slowest/tool_calls:0.0 - timing_s/agent_loop/slowest/prompt_length:180 - timing_s/agent_loop/slowest/response_length:293 - timing_s/agent_loop/slowest/num_preempted:-1 - timing_s/gen:5.419819071888924 - timing_s/fc_opd:19.94051099382341 - timing_s/reward:2.7647241950035095e-05 - timing_s/old_log_prob:0.17825696431100368 - timing_s/adv:0.0004705432802438736 - timing_s/update_actor:0.6448402106761932 - timing_s/update_weights:1.96037064678967 - timing_s/step:28.148740001022816 - timing_s/stop_profile:4.812702536582947e-05 - timing_per_token_ms/gen:9.78306691676701 - timing_per_token_ms/adv:0.000514817593264632 - timing_per_token_ms/update_actor:0.7055144536938657 - perf/total_num_tokens:914 - perf/time_per_step:28.148740001022816 - perf/throughput:16.235184949073897
[36m(TaskRunner pid=431148)[0m step:31 - fc_opd/hook_loss:0.3725765645503998 - fc_opd/hook_num_samples:2.0 - fc_opd/hook_active_weight:52.407188415527344 - fc_opd/loss/task_visible:0.30746370553970337 - fc_opd/selection/task_visible:0.014066848903894424 - fc_opd/loss/degraded:0.0 - fc_opd/selection/degraded:0.0 - fc_opd/loss/task_infer:1.1283637285232544 - fc_opd/selection/task_infer:0.013267327100038528 - fc_opd/loss/full:0.17343366146087646 - fc_opd/selection/full:0.044376760721206665 - fc_opd/loss/task_solve:0.3641258776187897 - fc_opd/selection/task_solve:0.019126348197460175 - fc_opd/loss/free:0.0 - fc_opd/selection/free:0.0 - fc_opd/loss/chunk/visible_evidence:0.0 - fc_opd/loss/chunk/diagram_inference:0.0 - fc_opd/loss/chunk/reasoning:0.03388295695185661 - fc_opd/loss/chunk/answer:0.0 - fc_opd/loss/total:0.3725765645503998 - fc_opd/online/loss:0.3725765645503998 - fc_opd/online/num_samples:2.0 - global_seqlen/min:466 - global_seqlen/max:471 - global_seqlen/minmax_diff:5 - global_seqlen/balanced_min:466 - global_seqlen/balanced_max:471 - global_seqlen/mean:468.5 - actor/entropy:0.22940343618392944 - perf/mfu/actor_infer:0 - actor/pg_loss:-0.9999990463256836 - actor/kl_loss:0.0 - actor/fc_opd_loss:0.18322280794382095 - actor/pg_clipfrac:0.0 - actor/ppo_kl:0.0 - actor/pg_clipfrac_lower:0.0 - actor/fc_opd_coef:0.10000000149011612 - actor/fc_opd_active_weight_mean:0.05117889307439327 - actor/grad_norm:7.129408359527588 - perf/mfu/actor:0.019359848530485557 - perf/max_memory_allocated_gb:41.394092082977295 - perf/max_memory_reserved_gb:46.6484375 - perf/cpu_memory_used_gb:135.0922088623047 - actor/lr:1e-06 - training/global_step:31 - training/epoch:30 - critic/score/mean:1.0 - critic/score/max:1.0 - critic/score/min:1.0 - critic/rewards/mean:1.0 - critic/rewards/max:1.0 - critic/rewards/min:1.0 - critic/advantages/mean:0.9999990463256836 - critic/advantages/max:0.9999990463256836 - critic/advantages/min:0.9999990463256836 - critic/returns/mean:0.9999990463256836 - critic/returns/max:0.9999990463256836 - critic/returns/min:0.9999990463256836 - response_length/mean:288.5 - response_length/max:291.0 - response_length/min:286.0 - response_length/clip_ratio:0.0 - response_length_non_aborted/mean:288.5 - response_length_non_aborted/max:291.0 - response_length_non_aborted/min:286.0 - response_length_non_aborted/clip_ratio:0.0 - response/aborted_ratio:0.0 - prompt_length/mean:180.0 - prompt_length/max:180.0 - prompt_length/min:180.0 - prompt_length/clip_ratio:0.0 - num_turns/min:2 - num_turns/max:2 - num_turns/mean:2.0 - timing_s/start_profile:0.00028842128813266754 - timing_s/agent_loop/num_preempted/min:-1 - timing_s/agent_loop/num_preempted/max:-1 - timing_s/agent_loop/num_preempted/mean:-1.0 - timing_s/agent_loop/generate_sequences/min:4.643327133730054 - timing_s/agent_loop/generate_sequences/max:4.661189563572407 - timing_s/agent_loop/generate_sequences/mean:4.65225834865123 - timing_s/agent_loop/tool_calls/min:0.0 - timing_s/agent_loop/tool_calls/max:0.0 - timing_s/agent_loop/tool_calls/mean:0.0 - timing_s/agent_loop/slowest/generate_sequences:4.661189563572407 - timing_s/agent_loop/slowest/tool_calls:0.0 - timing_s/agent_loop/slowest/prompt_length:180 - timing_s/agent_loop/slowest/response_length:291 - timing_s/agent_loop/slowest/num_preempted:-1 - timing_s/gen:5.2869583666324615 - timing_s/fc_opd:20.177467895671725 - timing_s/reward:2.0600855350494385e-05 - timing_s/old_log_prob:0.19174962677061558 - timing_s/adv:0.0004368685185909271 - timing_s/update_actor:0.6571347620338202 - timing_s/update_weights:2.1290033496916294 - timing_s/step:28.446750419214368 - timing_s/stop_profile:4.7788023948669434e-05 - timing_per_token_ms/gen:9.162839456902013 - timing_per_token_ms/adv:0.0004662417487629959 - timing_per_token_ms/update_actor:0.7013177823199788 - perf/total_num_tokens:937 - perf/time_per_step:28.446750419214368 - perf/throughput:16.469367962800824
[36m(TaskRunner pid=431148)[0m step:32 - fc_opd/hook_loss:0.2996440827846527 - fc_opd/hook_num_samples:2.0 - fc_opd/hook_active_weight:59.169761657714844 - fc_opd/loss/task_visible:0.37945669889450073 - fc_opd/selection/task_visible:0.011659997515380383 - fc_opd/loss/degraded:0.0 - fc_opd/selection/degraded:0.0 - fc_opd/loss/task_infer:0.9856566190719604 - fc_opd/selection/task_infer:0.014010767452418804 - fc_opd/loss/full:0.12287511676549911 - fc_opd/selection/full:0.05133803188800812 - fc_opd/loss/task_solve:0.25930890440940857 - fc_opd/selection/task_solve:0.015559008345007896 - fc_opd/loss/free:0.0 - fc_opd/selection/free:0.0 - fc_opd/loss/chunk/visible_evidence:0.0 - fc_opd/loss/chunk/diagram_inference:0.0 - fc_opd/loss/chunk/reasoning:0.027735460549592972 - fc_opd/loss/chunk/answer:0.0 - fc_opd/loss/total:0.2996440827846527 - fc_opd/online/loss:0.2996440827846527 - fc_opd/online/num_samples:2.0 - global_seqlen/min:464 - global_seqlen/max:535 - global_seqlen/minmax_diff:71 - global_seqlen/balanced_min:464 - global_seqlen/balanced_max:535 - global_seqlen/mean:499.5 - actor/entropy:0.24476270377635956 - perf/mfu/actor_infer:0 - actor/pg_loss:-0.9999990463256836 - actor/kl_loss:0.0 - actor/fc_opd_loss:0.15431805700063705 - actor/pg_clipfrac:0.0 - actor/ppo_kl:0.0 - actor/pg_clipfrac_lower:0.0 - actor/fc_opd_coef:0.10000000149011612 - actor/fc_opd_active_weight_mean:0.057782966643571854 - actor/grad_norm:7.0464863777160645 - perf/mfu/actor:0.020747505408517095 - perf/max_memory_allocated_gb:41.394092082977295 - perf/max_memory_reserved_gb:46.6484375 - perf/cpu_memory_used_gb:134.7212028503418 - actor/lr:1e-06 - training/global_step:32 - training/epoch:31 - critic/score/mean:1.0 - critic/score/max:1.0 - critic/score/min:1.0 - critic/rewards/mean:1.0 - critic/rewards/max:1.0 - critic/rewards/min:1.0 - critic/advantages/mean:0.9999991655349731 - critic/advantages/max:0.9999990463256836 - critic/advantages/min:0.9999990463256836 - critic/returns/mean:0.9999991655349731 - critic/returns/max:0.9999990463256836 - critic/returns/min:0.9999990463256836 - response_length/mean:319.5 - response_length/max:355.0 - response_length/min:284.0 - response_length/clip_ratio:0.0 - response_length_non_aborted/mean:319.5 - response_length_non_aborted/max:355.0 - response_length_non_aborted/min:284.0 - response_length_non_aborted/clip_ratio:0.0 - response/aborted_ratio:0.0 - prompt_length/mean:180.0 - prompt_length/max:180.0 - prompt_length/min:180.0 - prompt_length/clip_ratio:0.0 - num_turns/min:2 - num_turns/max:2 - num_turns/mean:2.0 - timing_s/start_profile:0.00026487186551094055 - timing_s/agent_loop/num_preempted/min:-1 - timing_s/agent_loop/num_preempted/max:-1 - timing_s/agent_loop/num_preempted/mean:-1.0 - timing_s/agent_loop/generate_sequences/min:4.591424699872732 - timing_s/agent_loop/generate_sequences/max:5.669700747355819 - timing_s/agent_loop/generate_sequences/mean:5.1305627236142755 - timing_s/agent_loop/tool_calls/min:0.0 - timing_s/agent_loop/tool_calls/max:0.0 - timing_s/agent_loop/tool_calls/mean:0.0 - timing_s/agent_loop/slowest/generate_sequences:5.669700747355819 - timing_s/agent_loop/slowest/tool_calls:0.0 - timing_s/agent_loop/slowest/prompt_length:180 - timing_s/agent_loop/slowest/response_length:355 - timing_s/agent_loop/slowest/num_preempted:-1 - timing_s/gen:6.318422324955463 - timing_s/fc_opd:20.795529196038842 - timing_s/reward:2.2020190954208374e-05 - timing_s/old_log_prob:0.18609190359711647 - timing_s/adv:0.00044436007738113403 - timing_s/update_actor:0.6526222545653582 - timing_s/update_weights:2.017424777150154 - timing_s/step:29.97428680770099 - timing_s/stop_profile:5.0008296966552734e-05 - timing_per_token_ms/gen:9.887984859085233 - timing_per_token_ms/adv:0.0004448048822633974 - timing_per_token_ms/update_actor:0.6532755300954536 - perf/total_num_tokens:999 - perf/time_per_step:29.97428680770099 - perf/throughput:16.664283063831515[36m(TaskRunner pid=431148)[0m Training Progress:  16%|█▌        | 32/200 [16:13<1:25:31, 30.55s/it]
[36m(pid=2457023)[0m /inspire/hdd/global_user/mengweicheng-240108120092/lzy/fc-opd-storage/envs/fc-opd-verl071-cu128/lib/python3.12/site-packages/torch/cuda/__init__.py:63: FutureWarning: The pynvml package is deprecated. Please install nvidia-ml-py instead. If you did not install pynvml directly, please report this to the maintainers of the package that installed pynvml for you.
[36m(pid=2457023)[0m   import pynvml  # type: ignore[import]
[36m(pid=2457023)[0m /inspire/hdd/global_user/mengweicheng-240108120092/lzy/fc-opd-storage/envs/fc-opd-verl071-cu128/lib/python3.12/site-packages/transformers/utils/hub.py:110: FutureWarning: Using `TRANSFORMERS_CACHE` is deprecated and will be removed in v5 of Transformers. Use `HF_HOME` instead.
[36m(pid=2457023)[0m   warnings.warn(
[36m(_RayStudentScorerActor pid=2457023)[0m `torch_dtype` is deprecated! Use `dtype` instead!
[36m(_RayStudentScorerActor pid=2457023)[0m Loading checkpoint shards:   0%|          | 0/2 [00:00<?, ?it/s]
[36m(_RayStudentScorerActor pid=2457023)[0m Loading checkpoint shards:  50%|█████     | 1/2 [00:03<00:03,  3.09s/it]
[36m(_RayStudentScorerActor pid=2457023)[0m Loading checkpoint shards: 100%|██████████| 2/2 [00:05<00:00,  2.70s/it]Loading checkpoint shards: 100%|██████████| 2/2 [00:05<00:00,  2.76s/it]
[36m(WorkerDict pid=533144)[0m INFO:2026-06-29 13:29:42,671:update_weights done, time cost: 0.48s
[36m(TaskRunner pid=431148)[0m Training Progress:  16%|█▋        | 33/200 [16:44<1:25:13, 30.62s/it]
[36m(pid=2519627)[0m /inspire/hdd/global_user/mengweicheng-240108120092/lzy/fc-opd-storage/envs/fc-opd-verl071-cu128/lib/python3.12/site-packages/torch/cuda/__init__.py:63: FutureWarning: The pynvml package is deprecated. Please install nvidia-ml-py instead. If you did not install pynvml directly, please report this to the maintainers of the package that installed pynvml for you.
[36m(pid=2519627)[0m   import pynvml  # type: ignore[import]
[36m(pid=2519627)[0m /inspire/hdd/global_user/mengweicheng-240108120092/lzy/fc-opd-storage/envs/fc-opd-verl071-cu128/lib/python3.12/site-packages/transformers/utils/hub.py:110: FutureWarning: Using `TRANSFORMERS_CACHE` is deprecated and will be removed in v5 of Transformers. Use `HF_HOME` instead.
[36m(pid=2519627)[0m   warnings.warn(
[36m(_RayStudentScorerActor pid=2519627)[0m `torch_dtype` is deprecated! Use `dtype` instead!
[36m(_RayStudentScorerActor pid=2519627)[0m Loading checkpoint shards:   0%|          | 0/2 [00:00<?, ?it/s]
[36m(_RayStudentScorerActor pid=2519627)[0m Loading checkpoint shards:  50%|█████     | 1/2 [00:03<00:03,  3.09s/it]
[36m(_RayStudentScorerActor pid=2519627)[0m Loading checkpoint shards: 100%|██████████| 2/2 [00:05<00:00,  2.71s/it]Loading checkpoint shards: 100%|██████████| 2/2 [00:05<00:00,  2.76s/it]
[36m(WorkerDict pid=533144)[0m INFO:2026-06-29 13:30:14,681:update_weights done, time cost: 0.49s
[36m(TaskRunner pid=431148)[0m Training Progress:  17%|█▋        | 34/200 [17:16<1:25:49, 31.02s/it]
[36m(pid=2571655)[0m /inspire/hdd/global_user/mengweicheng-240108120092/lzy/fc-opd-storage/envs/fc-opd-verl071-cu128/lib/python3.12/site-packages/torch/cuda/__init__.py:63: FutureWarning: The pynvml package is deprecated. Please install nvidia-ml-py instead. If you did not install pynvml directly, please report this to the maintainers of the package that installed pynvml for you.
[36m(pid=2571655)[0m   import pynvml  # type: ignore[import]
[36m(pid=2571655)[0m /inspire/hdd/global_user/mengweicheng-240108120092/lzy/fc-opd-storage/envs/fc-opd-verl071-cu128/lib/python3.12/site-packages/transformers/utils/hub.py:110: FutureWarning: Using `TRANSFORMERS_CACHE` is deprecated and will be removed in v5 of Transformers. Use `HF_HOME` instead.
[36m(pid=2571655)[0m   warnings.warn(
[36m(_RayStudentScorerActor pid=2571655)[0m `torch_dtype` is deprecated! Use `dtype` instead!
[36m(_RayStudentScorerActor pid=2571655)[0m Loading checkpoint shards:   0%|          | 0/2 [00:00<?, ?it/s]
[36m(_RayStudentScorerActor pid=2571655)[0m Loading checkpoint shards:  50%|█████     | 1/2 [00:03<00:03,  3.06s/it]
[36m(_RayStudentScorerActor pid=2571655)[0m Loading checkpoint shards: 100%|██████████| 2/2 [00:05<00:00,  2.69s/it]Loading checkpoint shards: 100%|██████████| 2/2 [00:05<00:00,  2.74s/it]
[36m(WorkerDict pid=533144)[0m INFO:2026-06-29 13:30:46,525:update_weights done, time cost: 0.48s

[36m(TaskRunner pid=431148)[0m step:33 - fc_opd/hook_loss:0.41368067264556885 - fc_opd/hook_num_samples:2.0 - fc_opd/hook_active_weight:60.18268966674805 - fc_opd/loss/task_visible:0.5198866724967957 - fc_opd/selection/task_visible:0.01089630089700222 - fc_opd/loss/degraded:0.0 - fc_opd/selection/degraded:0.0 - fc_opd/loss/task_infer:1.1880245208740234 - fc_opd/selection/task_infer:0.014824356883764267 - fc_opd/loss/full:0.17068755626678467 - fc_opd/selection/full:0.04917505756020546 - fc_opd/loss/task_solve:0.3713545799255371 - fc_opd/selection/task_solve:0.016265537589788437 - fc_opd/loss/free:0.0 - fc_opd/selection/free:0.0 - fc_opd/loss/chunk/visible_evidence:0.0 - fc_opd/loss/chunk/diagram_inference:0.0 - fc_opd/loss/chunk/reasoning:0.03771958127617836 - fc_opd/loss/chunk/answer:0.0 - fc_opd/loss/total:0.41368067264556885 - fc_opd/online/loss:0.41368067264556885 - fc_opd/online/num_samples:2.0 - global_seqlen/min:487 - global_seqlen/max:533 - global_seqlen/minmax_diff:46 - global_seqlen/balanced_min:487 - global_seqlen/balanced_max:533 - global_seqlen/mean:510.0 - actor/entropy:0.26679661870002747 - perf/mfu/actor_infer:0 - actor/pg_loss:-0.9999990165233612 - actor/kl_loss:0.0 - actor/fc_opd_loss:0.21457047760486603 - actor/pg_clipfrac:0.0 - actor/ppo_kl:0.0 - actor/pg_clipfrac_lower:0.0 - actor/fc_opd_coef:0.10000000149011612 - actor/fc_opd_active_weight_mean:0.05877215415239334 - actor/grad_norm:7.542164325714111 - perf/mfu/actor:0.020972545142858894 - perf/max_memory_allocated_gb:41.394092082977295 - perf/max_memory_reserved_gb:46.6484375 - perf/cpu_memory_used_gb:134.81470489501953 - actor/lr:1e-06 - training/global_step:33 - training/epoch:32 - critic/score/mean:1.0 - critic/score/max:1.0 - critic/score/min:1.0 - critic/rewards/mean:1.0 - critic/rewards/max:1.0 - critic/rewards/min:1.0 - critic/advantages/mean:0.9999991655349731 - critic/advantages/max:0.9999990463256836 - critic/advantages/min:0.9999990463256836 - critic/returns/mean:0.9999991655349731 - critic/returns/max:0.9999990463256836 - critic/returns/min:0.9999990463256836 - response_length/mean:330.0 - response_length/max:353.0 - response_length/min:307.0 - response_length/clip_ratio:0.0 - response_length_non_aborted/mean:330.0 - response_length_non_aborted/max:353.0 - response_length_non_aborted/min:307.0 - response_length_non_aborted/clip_ratio:0.0 - response/aborted_ratio:0.0 - prompt_length/mean:180.0 - prompt_length/max:180.0 - prompt_length/min:180.0 - prompt_length/clip_ratio:0.0 - num_turns/min:2 - num_turns/max:2 - num_turns/mean:2.0 - timing_s/start_profile:0.00027090124785900116 - timing_s/agent_loop/num_preempted/min:-1 - timing_s/agent_loop/num_preempted/max:-1 - timing_s/agent_loop/num_preempted/mean:-1.0 - timing_s/agent_loop/generate_sequences/min:4.956462539732456 - timing_s/agent_loop/generate_sequences/max:5.691641367971897 - timing_s/agent_loop/generate_sequences/mean:5.324051953852177 - timing_s/agent_loop/tool_calls/min:0.0 - timing_s/agent_loop/tool_calls/max:0.0 - timing_s/agent_loop/tool_calls/mean:0.0 - timing_s/agent_loop/slowest/generate_sequences:5.691641367971897 - timing_s/agent_loop/slowest/tool_calls:0.0 - timing_s/agent_loop/slowest/prompt_length:180 - timing_s/agent_loop/slowest/response_length:353 - timing_s/agent_loop/slowest/num_preempted:-1 - timing_s/gen:6.31277235224843 - timing_s/fc_opd:21.32385667040944 - timing_s/reward:2.082623541355133e-05 - timing_s/old_log_prob:0.1791547629982233 - timing_s/adv:0.00044324807822704315 - timing_s/update_actor:0.6577566880732775 - timing_s/update_weights:2.069020088762045 - timing_s/step:30.547210896387696 - timing_s/stop_profile:4.7316774725914e-05 - timing_per_token_ms/gen:9.564806594315803 - timing_per_token_ms/adv:0.0004345569394382776 - timing_per_token_ms/update_actor:0.6448594981110564 - perf/total_num_tokens:1020 - perf/time_per_step:30.547210896387696 - perf/throughput:16.695468588928
[36m(TaskRunner pid=431148)[0m step:34 - fc_opd/hook_loss:0.39763373136520386 - fc_opd/hook_num_samples:2.0 - fc_opd/hook_active_weight:64.3484878540039 - fc_opd/loss/task_visible:0.6873303651809692 - fc_opd/selection/task_visible:0.01241079717874527 - fc_opd/loss/degraded:0.0 - fc_opd/selection/degraded:0.0 - fc_opd/loss/task_infer:0.9937487840652466 - fc_opd/selection/task_infer:0.014933066442608833 - fc_opd/loss/full:0.10973949730396271 - fc_opd/selection/full:0.0464252233505249 - fc_opd/loss/task_solve:0.4655684232711792 - fc_opd/selection/task_solve:0.019624056294560432 - fc_opd/loss/free:0.0 - fc_opd/selection/free:0.0 - fc_opd/loss/chunk/visible_evidence:0.0 - fc_opd/loss/chunk/diagram_inference:0.0 - fc_opd/loss/chunk/reasoning:0.03713615983724594 - fc_opd/loss/chunk/answer:0.0 - fc_opd/loss/total:0.39763373136520386 - fc_opd/online/loss:0.39763373136520386 - fc_opd/online/num_samples:2.0 - global_seqlen/min:465 - global_seqlen/max:584 - global_seqlen/minmax_diff:119 - global_seqlen/balanced_min:465 - global_seqlen/balanced_max:584 - global_seqlen/mean:524.5 - actor/entropy:0.2978917360305786 - perf/mfu/actor_infer:0 - actor/pg_loss:-0.999999076128006 - actor/kl_loss:0.0 - actor/fc_opd_loss:0.19601834565401077 - actor/pg_clipfrac:0.0 - actor/ppo_kl:0.0 - actor/pg_clipfrac_lower:0.0 - actor/fc_opd_coef:0.10000000149011612 - actor/fc_opd_active_weight_mean:0.06284031458199024 - actor/grad_norm:6.467772960662842 - perf/mfu/actor:0.021458918764214966 - perf/max_memory_allocated_gb:41.394092082977295 - perf/max_memory_reserved_gb:46.6484375 - perf/cpu_memory_used_gb:135.47737884521484 - actor/lr:1e-06 - training/global_step:34 - training/epoch:33 - critic/score/mean:1.0 - critic/score/max:1.0 - critic/score/min:1.0 - critic/rewards/mean:1.0 - critic/rewards/max:1.0 - critic/rewards/min:1.0 - critic/advantages/mean:0.9999992251396179 - critic/advantages/max:0.9999990463256836 - critic/advantages/min:0.9999990463256836 - critic/returns/mean:0.9999992251396179 - critic/returns/max:0.9999990463256836 - critic/returns/min:0.9999990463256836 - response_length/mean:344.5 - response_length/max:404.0 - response_length/min:285.0 - response_length/clip_ratio:0.0 - response_length_non_aborted/mean:344.5 - response_length_non_aborted/max:404.0 - response_length_non_aborted/min:285.0 - response_length_non_aborted/clip_ratio:0.0 - response/aborted_ratio:0.0 - prompt_length/mean:180.0 - prompt_length/max:180.0 - prompt_length/min:180.0 - prompt_length/clip_ratio:0.0 - num_turns/min:2 - num_turns/max:2 - num_turns/mean:2.0 - timing_s/start_profile:0.0002601742744445801 - timing_s/agent_loop/num_preempted/min:-1 - timing_s/agent_loop/num_preempted/max:-1 - timing_s/agent_loop/num_preempted/mean:-1.0 - timing_s/agent_loop/generate_sequences/min:4.699279643595219 - timing_s/agent_loop/generate_sequences/max:6.453726278617978 - timing_s/agent_loop/generate_sequences/mean:5.576502961106598 - timing_s/agent_loop/tool_calls/min:0.0 - timing_s/agent_loop/tool_calls/max:0.0 - timing_s/agent_loop/tool_calls/mean:0.0 - timing_s/agent_loop/slowest/generate_sequences:6.453726278617978 - timing_s/agent_loop/slowest/tool_calls:0.0 - timing_s/agent_loop/slowest/prompt_length:180 - timing_s/agent_loop/slowest/response_length:404 - timing_s/agent_loop/slowest/num_preempted:-1 - timing_s/gen:7.123743109405041 - timing_s/fc_opd:21.788651352748275 - timing_s/reward:3.374181687831879e-05 - timing_s/old_log_prob:0.18152709864079952 - timing_s/adv:0.00045698322355747223 - timing_s/update_actor:0.6600913573056459 - timing_s/update_weights:1.9519324731081724 - timing_s/step:31.71078467555344 - timing_s/stop_profile:5.091913044452667e-05 - timing_per_token_ms/gen:10.339249795943456 - timing_per_token_ms/adv:0.00043563701006432053 - timing_per_token_ms/update_actor:0.6292577286040476 - perf/total_num_tokens:1049 - perf/time_per_step:31.71078467555344 - perf/throughput:16.540114202987507
[36m(TaskRunner pid=431148)[0m step:35 - fc_opd/hook_loss:0.37046217918395996 - fc_opd/hook_num_samples:2.0 - fc_opd/hook_active_weight:65.19384765625 - fc_opd/loss/task_visible:0.5493468642234802 - fc_opd/selection/task_visible:0.011021044105291367 - fc_opd/loss/degraded:0.0 - fc_opd/selection/degraded:0.0 - fc_opd/loss/task_infer:0.7748926877975464 - fc_opd/selection/task_infer:0.01508091390132904 - fc_opd/loss/full:0.12563377618789673 - fc_opd/selection/full:0.04818815737962723 - fc_opd/loss/task_solve:0.5730761289596558 - fc_opd/selection/task_solve:0.018168944865465164 - fc_opd/loss/free:0.0 - fc_opd/selection/free:0.0 - fc_opd/loss/chunk/visible_evidence:0.0 - fc_opd/loss/chunk/diagram_inference:0.0 - fc_opd/loss/chunk/reasoning:0.03425338491797447 - fc_opd/loss/chunk/answer:0.0 - fc_opd/loss/total:0.37046217918395996 - fc_opd/online/loss:0.37046217918395996 - fc_opd/online/num_samples:2.0 - global_seqlen/min:497 - global_seqlen/max:568 - global_seqlen/minmax_diff:71 - global_seqlen/balanced_min:497 - global_seqlen/balanced_max:568 - global_seqlen/mean:532.5 - actor/entropy:0.2758741080760956 - perf/mfu/actor_infer:0 - actor/pg_loss:-0.9999990463256836 - actor/kl_loss:0.0 - actor/fc_opd_loss:0.2008717656135559 - actor/pg_clipfrac:0.0 - actor/ppo_kl:0.0 - actor/pg_clipfrac_lower:0.0 - actor/fc_opd_coef:0.10000000149011612 - actor/fc_opd_active_weight_mean:0.06366587057709694 - actor/grad_norm:6.141460418701172 - perf/mfu/actor:0.022172192981161763 - perf/max_memory_allocated_gb:41.394092082977295 - perf/max_memory_reserved_gb:46.6484375 - perf/cpu_memory_used_gb:134.90374755859375 - actor/lr:1e-06 - training/global_step:35 - training/epoch:34 - critic/score/mean:1.0 - critic/score/max:1.0 - critic/score/min:1.0 - critic/rewards/mean:1.0 - critic/rewards/max:1.0 - critic/rewards/min:1.0 - critic/advantages/mean:0.9999991059303284 - critic/advantages/max:0.9999990463256836 - critic/advantages/min:0.9999990463256836 - critic/returns/mean:0.9999991059303284 - critic/returns/max:0.9999990463256836 - critic/returns/min:0.9999990463256836 - response_length/mean:352.5 - response_length/max:388.0 - response_length/min:317.0 - response_length/clip_ratio:0.0 - response_length_non_aborted/mean:352.5 - response_length_non_aborted/max:388.0 - response_length_non_aborted/min:317.0 - response_length_non_aborted/clip_ratio:0.0 - response/aborted_ratio:0.0 - prompt_length/mean:180.0 - prompt_length/max:180.0 - prompt_length/min:180.0 - prompt_length/clip_ratio:0.0 - num_turns/min:2 - num_turns/max:2 - num_turns/mean:2.0 - timing_s/start_profile:0.0002421494573354721 - timing_s/agent_loop/num_preempted/min:-1 - timing_s/agent_loop/num_preempted/max:-1 - timing_s/agent_loop/num_preempted/mean:-1.0 - timing_s/agent_loop/generate_sequences/min:5.042961820960045 - timing_s/agent_loop/generate_sequences/max:6.25880896858871 - timing_s/agent_loop/generate_sequences/mean:5.650885394774377 - timing_s/agent_loop/tool_calls/min:0.0 - timing_s/agent_loop/tool_calls/max:0.0 - timing_s/agent_loop/tool_calls/mean:0.0 - timing_s/agent_loop/slowest/generate_sequences:6.25880896858871 - timing_s/agent_loop/slowest/tool_calls:0.0 - timing_s/agent_loop/slowest/prompt_length:180 - timing_s/agent_loop/slowest/response_length:388 - timing_s/agent_loop/slowest/num_preempted:-1 - timing_s/gen:6.874666780233383 - timing_s/fc_opd:21.812277732416987 - timing_s/reward:2.1180137991905212e-05 - timing_s/old_log_prob:0.2001575343310833 - timing_s/adv:0.0004449672996997833 - timing_s/update_actor:0.6487968545407057 - timing_s/update_weights:2.048973560333252 - timing_s/step:31.58912369981408 - timing_s/stop_profile:5.150400102138519e-05 - timing_per_token_ms/gen:9.75130039749416 - timing_per_token_ms/adv:0.00041780967107960876 - timing_per_token_ms/update_actor:0.6091989244513668 - perf/total_num_tokens:1065 - perf/time_per_step:31.58912369981408 - perf/throughput:16.857067801571656[36m(TaskRunner pid=431148)[0m Training Progress:  18%|█▊        | 35/200 [17:48<1:25:58, 31.27s/it]
[36m(pid=2629743)[0m /inspire/hdd/global_user/mengweicheng-240108120092/lzy/fc-opd-storage/envs/fc-opd-verl071-cu128/lib/python3.12/site-packages/torch/cuda/__init__.py:63: FutureWarning: The pynvml package is deprecated. Please install nvidia-ml-py instead. If you did not install pynvml directly, please report this to the maintainers of the package that installed pynvml for you.
[36m(pid=2629743)[0m   import pynvml  # type: ignore[import]
[36m(pid=2629743)[0m /inspire/hdd/global_user/mengweicheng-240108120092/lzy/fc-opd-storage/envs/fc-opd-verl071-cu128/lib/python3.12/site-packages/transformers/utils/hub.py:110: FutureWarning: Using `TRANSFORMERS_CACHE` is deprecated and will be removed in v5 of Transformers. Use `HF_HOME` instead.
[36m(pid=2629743)[0m   warnings.warn(
[36m(_RayStudentScorerActor pid=2629743)[0m `torch_dtype` is deprecated! Use `dtype` instead!
[36m(_RayStudentScorerActor pid=2629743)[0m Loading checkpoint shards:   0%|          | 0/2 [00:00<?, ?it/s]
[36m(_RayStudentScorerActor pid=2629743)[0m Loading checkpoint shards:  50%|█████     | 1/2 [00:03<00:03,  3.09s/it]
[36m(_RayStudentScorerActor pid=2629743)[0m Loading checkpoint shards: 100%|██████████| 2/2 [00:05<00:00,  2.70s/it]Loading checkpoint shards: 100%|██████████| 2/2 [00:05<00:00,  2.76s/it]
[36m(WorkerDict pid=533144)[0m INFO:2026-06-29 13:31:19,952:update_weights done, time cost: 0.47s
[36m(TaskRunner pid=431148)[0m Training Progress:  18%|█▊        | 36/200 [18:21<1:27:13, 31.91s/it]
[36m(pid=2695329)[0m /inspire/hdd/global_user/mengweicheng-240108120092/lzy/fc-opd-storage/envs/fc-opd-verl071-cu128/lib/python3.12/site-packages/torch/cuda/__init__.py:63: FutureWarning: The pynvml package is deprecated. Please install nvidia-ml-py instead. If you did not install pynvml directly, please report this to the maintainers of the package that installed pynvml for you.
[36m(pid=2695329)[0m   import pynvml  # type: ignore[import]
[36m(pid=2695329)[0m /inspire/hdd/global_user/mengweicheng-240108120092/lzy/fc-opd-storage/envs/fc-opd-verl071-cu128/lib/python3.12/site-packages/transformers/utils/hub.py:110: FutureWarning: Using `TRANSFORMERS_CACHE` is deprecated and will be removed in v5 of Transformers. Use `HF_HOME` instead.
[36m(pid=2695329)[0m   warnings.warn(
[36m(_RayStudentScorerActor pid=2695329)[0m `torch_dtype` is deprecated! Use `dtype` instead!
[36m(_RayStudentScorerActor pid=2695329)[0m Loading checkpoint shards:   0%|          | 0/2 [00:00<?, ?it/s]
[36m(_RayStudentScorerActor pid=2695329)[0m Loading checkpoint shards:  50%|█████     | 1/2 [00:03<00:03,  3.07s/it]
[36m(_RayStudentScorerActor pid=2695329)[0m Loading checkpoint shards: 100%|██████████| 2/2 [00:05<00:00,  2.69s/it]Loading checkpoint shards: 100%|██████████| 2/2 [00:05<00:00,  2.74s/it]
[36m(WorkerDict pid=533144)[0m INFO:2026-06-29 13:31:52,200:update_weights done, time cost: 0.48s
[36m(TaskRunner pid=431148)[0m Training Progress:  18%|█▊        | 37/200 [18:53<1:26:57, 32.01s/it]
[36m(pid=2751082)[0m /inspire/hdd/global_user/mengweicheng-240108120092/lzy/fc-opd-storage/envs/fc-opd-verl071-cu128/lib/python3.12/site-packages/torch/cuda/__init__.py:63: FutureWarning: The pynvml package is deprecated. Please install nvidia-ml-py instead. If you did not install pynvml directly, please report this to the maintainers of the package that installed pynvml for you.
[36m(pid=2751082)[0m   import pynvml  # type: ignore[import]
[36m(pid=2751082)[0m /inspire/hdd/global_user/mengweicheng-240108120092/lzy/fc-opd-storage/envs/fc-opd-verl071-cu128/lib/python3.12/site-packages/transformers/utils/hub.py:110: FutureWarning: Using `TRANSFORMERS_CACHE` is deprecated and will be removed in v5 of Transformers. Use `HF_HOME` instead.
[36m(pid=2751082)[0m   warnings.warn(
[36m(_RayStudentScorerActor pid=2751082)[0m `torch_dtype` is deprecated! Use `dtype` instead!
[36m(_RayStudentScorerActor pid=2751082)[0m Loading checkpoint shards:   0%|          | 0/2 [00:00<?, ?it/s]
[36m(_RayStudentScorerActor pid=2751082)[0m Loading checkpoint shards:  50%|█████     | 1/2 [00:03<00:03,  3.06s/it]
[36m(_RayStudentScorerActor pid=2751082)[0m Loading checkpoint shards: 100%|██████████| 2/2 [00:05<00:00,  2.68s/it]Loading checkpoint shards: 100%|██████████| 2/2 [00:05<00:00,  2.74s/it]
[36m(WorkerDict pid=533144)[0m INFO:2026-06-29 13:32:22,689:update_weights done, time cost: 0.46s

[36m(TaskRunner pid=431148)[0m step:36 - fc_opd/hook_loss:0.32688435912132263 - fc_opd/hook_num_samples:2.0 - fc_opd/hook_active_weight:72.30318450927734 - fc_opd/loss/task_visible:0.3844620883464813 - fc_opd/selection/task_visible:0.011252829805016518 - fc_opd/loss/degraded:0.0 - fc_opd/selection/degraded:0.0 - fc_opd/loss/task_infer:0.7903427481651306 - fc_opd/selection/task_infer:0.01390487514436245 - fc_opd/loss/full:0.13729895651340485 - fc_opd/selection/full:0.050099484622478485 - fc_opd/loss/task_solve:0.48285433650016785 - fc_opd/selection/task_solve:0.01697210967540741 - fc_opd/loss/free:0.0 - fc_opd/selection/free:0.0 - fc_opd/loss/chunk/visible_evidence:0.0 - fc_opd/loss/chunk/diagram_inference:0.0 - fc_opd/loss/chunk/reasoning:0.03014557436108589 - fc_opd/loss/chunk/answer:0.0 - fc_opd/loss/total:0.32688435912132263 - fc_opd/online/loss:0.32688435912132263 - fc_opd/online/num_samples:2.0 - global_seqlen/min:535 - global_seqlen/max:609 - global_seqlen/minmax_diff:74 - global_seqlen/balanced_min:535 - global_seqlen/balanced_max:609 - global_seqlen/mean:572.0 - actor/entropy:0.26418060064315796 - perf/mfu/actor_infer:0 - actor/pg_loss:-0.9999990165233612 - actor/kl_loss:0.0 - actor/fc_opd_loss:0.16927646845579147 - actor/pg_clipfrac:0.0 - actor/ppo_kl:0.0 - actor/pg_clipfrac_lower:0.0 - actor/fc_opd_coef:0.10000000149011612 - actor/fc_opd_active_weight_mean:0.07060857862234116 - actor/grad_norm:7.422779083251953 - perf/mfu/actor:0.02385850601280276 - perf/max_memory_allocated_gb:41.394092082977295 - perf/max_memory_reserved_gb:46.6484375 - perf/cpu_memory_used_gb:135.09326934814453 - actor/lr:1e-06 - training/global_step:36 - training/epoch:35 - critic/score/mean:1.0 - critic/score/max:1.0 - critic/score/min:1.0 - critic/rewards/mean:1.0 - critic/rewards/max:1.0 - critic/rewards/min:1.0 - critic/advantages/mean:0.9999990463256836 - critic/advantages/max:0.9999990463256836 - critic/advantages/min:0.9999990463256836 - critic/returns/mean:0.9999990463256836 - critic/returns/max:0.9999990463256836 - critic/returns/min:0.9999990463256836 - response_length/mean:392.0 - response_length/max:429.0 - response_length/min:355.0 - response_length/clip_ratio:0.0 - response_length_non_aborted/mean:392.0 - response_length_non_aborted/max:429.0 - response_length_non_aborted/min:355.0 - response_length_non_aborted/clip_ratio:0.0 - response/aborted_ratio:0.0 - prompt_length/mean:180.0 - prompt_length/max:180.0 - prompt_length/min:180.0 - prompt_length/clip_ratio:0.0 - num_turns/min:2 - num_turns/max:2 - num_turns/mean:2.0 - timing_s/start_profile:0.00025285035371780396 - timing_s/agent_loop/num_preempted/min:-1 - timing_s/agent_loop/num_preempted/max:-1 - timing_s/agent_loop/num_preempted/mean:-1.0 - timing_s/agent_loop/generate_sequences/min:5.647021137177944 - timing_s/agent_loop/generate_sequences/max:6.971063707023859 - timing_s/agent_loop/generate_sequences/mean:6.309042422100902 - timing_s/agent_loop/tool_calls/min:0.0 - timing_s/agent_loop/tool_calls/max:0.0 - timing_s/agent_loop/tool_calls/mean:0.0 - timing_s/agent_loop/slowest/generate_sequences:6.971063707023859 - timing_s/agent_loop/slowest/tool_calls:0.0 - timing_s/agent_loop/slowest/prompt_length:180 - timing_s/agent_loop/slowest/response_length:429 - timing_s/agent_loop/slowest/num_preempted:-1 - timing_s/gen:7.6049571838229895 - timing_s/fc_opd:22.76562973484397 - timing_s/reward:2.25212424993515e-05 - timing_s/old_log_prob:0.21446970291435719 - timing_s/adv:0.00044308602809906006 - timing_s/update_actor:0.6453391723334789 - timing_s/update_weights:1.9430376999080181 - timing_s/step:33.17756558209658 - timing_s/stop_profile:4.8473477363586426e-05 - timing_per_token_ms/gen:9.70020048957014 - timing_per_token_ms/adv:0.0003873129616250525 - timing_per_token_ms/update_actor:0.5641076681236704 - perf/total_num_tokens:1144 - perf/time_per_step:33.17756558209658 - perf/throughput:17.24056572458906
[36m(TaskRunner pid=431148)[0m step:37 - fc_opd/hook_loss:0.34029072523117065 - fc_opd/hook_num_samples:2.0 - fc_opd/hook_active_weight:67.20308685302734 - fc_opd/loss/task_visible:0.4961434006690979 - fc_opd/selection/task_visible:0.013055605813860893 - fc_opd/loss/degraded:0.0 - fc_opd/selection/degraded:0.0 - fc_opd/loss/task_infer:0.7980878949165344 - fc_opd/selection/task_infer:0.012383531779050827 - fc_opd/loss/full:0.1582137793302536 - fc_opd/selection/full:0.04749452322721481 - fc_opd/loss/task_solve:0.4029805064201355 - fc_opd/selection/task_solve:0.019419366493821144 - fc_opd/loss/free:0.0 - fc_opd/selection/free:0.0 - fc_opd/loss/chunk/visible_evidence:0.0 - fc_opd/loss/chunk/diagram_inference:0.0 - fc_opd/loss/chunk/reasoning:0.03139959275722504 - fc_opd/loss/chunk/answer:0.0 - fc_opd/loss/total:0.34029072523117065 - fc_opd/online/loss:0.34029072523117065 - fc_opd/online/num_samples:2.0 - global_seqlen/min:512 - global_seqlen/max:576 - global_seqlen/minmax_diff:64 - global_seqlen/balanced_min:512 - global_seqlen/balanced_max:576 - global_seqlen/mean:544.0 - actor/entropy:0.28369563817977905 - perf/mfu/actor_infer:0 - actor/pg_loss:-0.999999076128006 - actor/kl_loss:0.0 - actor/fc_opd_loss:0.1902548372745514 - actor/pg_clipfrac:0.0 - actor/ppo_kl:0.0 - actor/pg_clipfrac_lower:0.0 - actor/fc_opd_coef:0.10000000149011612 - actor/fc_opd_active_weight_mean:0.06562801636755466 - actor/grad_norm:6.6673808097839355 - perf/mfu/actor:0.022510910300175477 - perf/max_memory_allocated_gb:41.394092082977295 - perf/max_memory_reserved_gb:46.6484375 - perf/cpu_memory_used_gb:134.94040298461914 - actor/lr:1e-06 - training/global_step:37 - training/epoch:36 - critic/score/mean:1.0 - critic/score/max:1.0 - critic/score/min:1.0 - critic/rewards/mean:1.0 - critic/rewards/max:1.0 - critic/rewards/min:1.0 - critic/advantages/mean:0.9999989867210388 - critic/advantages/max:0.9999990463256836 - critic/advantages/min:0.9999990463256836 - critic/returns/mean:0.9999989867210388 - critic/returns/max:0.9999990463256836 - critic/returns/min:0.9999990463256836 - response_length/mean:364.0 - response_length/max:396.0 - response_length/min:332.0 - response_length/clip_ratio:0.0 - response_length_non_aborted/mean:364.0 - response_length_non_aborted/max:396.0 - response_length_non_aborted/min:332.0 - response_length_non_aborted/clip_ratio:0.0 - response/aborted_ratio:0.0 - prompt_length/mean:180.0 - prompt_length/max:180.0 - prompt_length/min:180.0 - prompt_length/clip_ratio:0.0 - num_turns/min:2 - num_turns/max:2 - num_turns/mean:2.0 - timing_s/start_profile:0.0002513490617275238 - timing_s/agent_loop/num_preempted/min:-1 - timing_s/agent_loop/num_preempted/max:-1 - timing_s/agent_loop/num_preempted/mean:-1.0 - timing_s/agent_loop/generate_sequences/min:5.362820517271757 - timing_s/agent_loop/generate_sequences/max:6.486846832558513 - timing_s/agent_loop/generate_sequences/mean:5.924833674915135 - timing_s/agent_loop/tool_calls/min:0.0 - timing_s/agent_loop/tool_calls/max:0.0 - timing_s/agent_loop/tool_calls/mean:0.0 - timing_s/agent_loop/slowest/generate_sequences:6.486846832558513 - timing_s/agent_loop/slowest/tool_calls:0.0 - timing_s/agent_loop/slowest/prompt_length:180 - timing_s/agent_loop/slowest/response_length:396 - timing_s/agent_loop/slowest/num_preempted:-1 - timing_s/gen:7.121807208284736 - timing_s/fc_opd:21.985275791957974 - timing_s/reward:2.3068860173225403e-05 - timing_s/old_log_prob:0.1862165369093418 - timing_s/adv:0.0004602614790201187 - timing_s/update_actor:0.6513907071202993 - timing_s/update_weights:2.053919928148389 - timing_s/step:32.00324347242713 - timing_s/stop_profile:4.7791749238967896e-05 - timing_per_token_ms/gen:9.782702209182329 - timing_per_token_ms/adv:0.0004230344476287856 - timing_per_token_ms/update_actor:0.5987046940443927 - perf/total_num_tokens:1088 - perf/time_per_step:32.00324347242713 - perf/throughput:16.998277079905705
[36m(TaskRunner pid=431148)[0m step:38 - fc_opd/hook_loss:0.37293538451194763 - fc_opd/hook_num_samples:2.0 - fc_opd/hook_active_weight:61.56611251831055 - fc_opd/loss/task_visible:0.47032952308654785 - fc_opd/selection/task_visible:0.012410717085003853 - fc_opd/loss/degraded:0.0 - fc_opd/selection/degraded:0.0 - fc_opd/loss/task_infer:1.4103963375091553 - fc_opd/selection/task_infer:0.013296100310981274 - fc_opd/loss/full:0.09834975004196167 - fc_opd/selection/full:0.04906128719449043 - fc_opd/loss/task_solve:0.2941960096359253 - fc_opd/selection/task_solve:0.018523238599300385 - fc_opd/loss/free:0.0 - fc_opd/selection/free:0.0 - fc_opd/loss/chunk/visible_evidence:0.0 - fc_opd/loss/chunk/diagram_inference:0.0 - fc_opd/loss/chunk/reasoning:0.03479862958192825 - fc_opd/loss/chunk/answer:0.0 - fc_opd/loss/total:0.37293538451194763 - fc_opd/online/loss:0.37293538451194763 - fc_opd/online/num_samples:2.0 - global_seqlen/min:501 - global_seqlen/max:519 - global_seqlen/minmax_diff:18 - global_seqlen/balanced_min:501 - global_seqlen/balanced_max:519 - global_seqlen/mean:510.0 - actor/entropy:0.2378968894481659 - perf/mfu/actor_infer:0 - actor/pg_loss:-0.999999076128006 - actor/kl_loss:0.0 - actor/fc_opd_loss:0.1588253527879715 - actor/pg_clipfrac:0.0 - actor/ppo_kl:0.0 - actor/pg_clipfrac_lower:0.0 - actor/fc_opd_coef:0.10000000149011612 - actor/fc_opd_active_weight_mean:0.06012315675616264 - actor/grad_norm:6.111701488494873 - perf/mfu/actor:0.021546355888334316 - perf/max_memory_allocated_gb:41.394092082977295 - perf/max_memory_reserved_gb:46.6484375 - perf/cpu_memory_used_gb:135.17852401733398 - actor/lr:1e-06 - training/global_step:38 - training/epoch:37 - critic/score/mean:1.0 - critic/score/max:1.0 - critic/score/min:1.0 - critic/rewards/mean:1.0 - critic/rewards/max:1.0 - critic/rewards/min:1.0 - critic/advantages/mean:0.9999991655349731 - critic/advantages/max:0.9999990463256836 - critic/advantages/min:0.9999990463256836 - critic/returns/mean:0.9999991655349731 - critic/returns/max:0.9999990463256836 - critic/returns/min:0.9999990463256836 - response_length/mean:330.0 - response_length/max:339.0 - response_length/min:321.0 - response_length/clip_ratio:0.0 - response_length_non_aborted/mean:330.0 - response_length_non_aborted/max:339.0 - response_length_non_aborted/min:321.0 - response_length_non_aborted/clip_ratio:0.0 - response/aborted_ratio:0.0 - prompt_length/mean:180.0 - prompt_length/max:180.0 - prompt_length/min:180.0 - prompt_length/clip_ratio:0.0 - num_turns/min:2 - num_turns/max:2 - num_turns/mean:2.0 - timing_s/start_profile:0.00024659186601638794 - timing_s/agent_loop/num_preempted/min:-1 - timing_s/agent_loop/num_preempted/max:-1 - timing_s/agent_loop/num_preempted/mean:-1.0 - timing_s/agent_loop/generate_sequences/min:5.208282632753253 - timing_s/agent_loop/generate_sequences/max:5.538701456040144 - timing_s/agent_loop/generate_sequences/mean:5.3734920443966985 - timing_s/agent_loop/tool_calls/min:0.0 - timing_s/agent_loop/tool_calls/max:0.0 - timing_s/agent_loop/tool_calls/mean:0.0 - timing_s/agent_loop/slowest/generate_sequences:5.538701456040144 - timing_s/agent_loop/slowest/tool_calls:0.0 - timing_s/agent_loop/slowest/prompt_length:180 - timing_s/agent_loop/slowest/response_length:339 - timing_s/agent_loop/slowest/num_preempted:-1 - timing_s/gen:6.196079825982451 - timing_s/fc_opd:21.250771209597588 - timing_s/reward:2.5022774934768677e-05 - timing_s/old_log_prob:0.17691199854016304 - timing_s/adv:0.0004447009414434433 - timing_s/update_actor:0.6400853674858809 - timing_s/update_weights:1.9789548311382532 - timing_s/step:30.24711560457945 - timing_s/stop_profile:4.6992674469947815e-05 - timing_per_token_ms/gen:9.387999736337047 - timing_per_token_ms/adv:0.00043598131514063066 - timing_per_token_ms/update_actor:0.6275346740057656 - perf/total_num_tokens:1020 - perf/time_per_step:30.24711560457945 - perf/throughput:16.861111871532813[36m(TaskRunner pid=431148)[0m Training Progress:  19%|█▉        | 38/200 [19:24<1:25:12, 31.56s/it]
[36m(pid=2813468)[0m /inspire/hdd/global_user/mengweicheng-240108120092/lzy/fc-opd-storage/envs/fc-opd-verl071-cu128/lib/python3.12/site-packages/torch/cuda/__init__.py:63: FutureWarning: The pynvml package is deprecated. Please install nvidia-ml-py instead. If you did not install pynvml directly, please report this to the maintainers of the package that installed pynvml for you.
[36m(pid=2813468)[0m   import pynvml  # type: ignore[import]
[36m(pid=2813468)[0m /inspire/hdd/global_user/mengweicheng-240108120092/lzy/fc-opd-storage/envs/fc-opd-verl071-cu128/lib/python3.12/site-packages/transformers/utils/hub.py:110: FutureWarning: Using `TRANSFORMERS_CACHE` is deprecated and will be removed in v5 of Transformers. Use `HF_HOME` instead.
[36m(pid=2813468)[0m   warnings.warn(
[36m(_RayStudentScorerActor pid=2813468)[0m `torch_dtype` is deprecated! Use `dtype` instead!
[36m(_RayStudentScorerActor pid=2813468)[0m Loading checkpoint shards:   0%|          | 0/2 [00:00<?, ?it/s]
[36m(_RayStudentScorerActor pid=2813468)[0m Loading checkpoint shards:  50%|█████     | 1/2 [00:03<00:03,  3.07s/it]
[36m(_RayStudentScorerActor pid=2813468)[0m Loading checkpoint shards: 100%|██████████| 2/2 [00:05<00:00,  2.69s/it]Loading checkpoint shards: 100%|██████████| 2/2 [00:05<00:00,  2.74s/it]
[36m(WorkerDict pid=533144)[0m INFO:2026-06-29 13:32:58,113:update_weights done, time cost: 0.49s
[36m(TaskRunner pid=431148)[0m Training Progress:  20%|█▉        | 39/200 [19:59<1:27:48, 32.72s/it]
[36m(pid=2871113)[0m /inspire/hdd/global_user/mengweicheng-240108120092/lzy/fc-opd-storage/envs/fc-opd-verl071-cu128/lib/python3.12/site-packages/torch/cuda/__init__.py:63: FutureWarning: The pynvml package is deprecated. Please install nvidia-ml-py instead. If you did not install pynvml directly, please report this to the maintainers of the package that installed pynvml for you.
[36m(pid=2871113)[0m   import pynvml  # type: ignore[import]
[36m(pid=2871113)[0m /inspire/hdd/global_user/mengweicheng-240108120092/lzy/fc-opd-storage/envs/fc-opd-verl071-cu128/lib/python3.12/site-packages/transformers/utils/hub.py:110: FutureWarning: Using `TRANSFORMERS_CACHE` is deprecated and will be removed in v5 of Transformers. Use `HF_HOME` instead.
[36m(pid=2871113)[0m   warnings.warn(
[36m(_RayStudentScorerActor pid=2871113)[0m `torch_dtype` is deprecated! Use `dtype` instead!
[36m(_RayStudentScorerActor pid=2871113)[0m Loading checkpoint shards:   0%|          | 0/2 [00:00<?, ?it/s]
[36m(_RayStudentScorerActor pid=2871113)[0m Loading checkpoint shards:  50%|█████     | 1/2 [00:03<00:03,  3.06s/it]
[36m(_RayStudentScorerActor pid=2871113)[0m Loading checkpoint shards: 100%|██████████| 2/2 [00:05<00:00,  2.69s/it]Loading checkpoint shards: 100%|██████████| 2/2 [00:05<00:00,  2.74s/it]
[36m(WorkerDict pid=533144)[0m INFO:2026-06-29 13:33:29,197:update_weights done, time cost: 0.48s
[36m(TaskRunner pid=431148)[0m Training Progress:  20%|██        | 40/200 [20:30<1:25:55, 32.22s/it]
[36m(pid=2927711)[0m /inspire/hdd/global_user/mengweicheng-240108120092/lzy/fc-opd-storage/envs/fc-opd-verl071-cu128/lib/python3.12/site-packages/torch/cuda/__init__.py:63: FutureWarning: The pynvml package is deprecated. Please install nvidia-ml-py instead. If you did not install pynvml directly, please report this to the maintainers of the package that installed pynvml for you.
[36m(pid=2927711)[0m   import pynvml  # type: ignore[import]
[36m(pid=2927711)[0m /inspire/hdd/global_user/mengweicheng-240108120092/lzy/fc-opd-storage/envs/fc-opd-verl071-cu128/lib/python3.12/site-packages/transformers/utils/hub.py:110: FutureWarning: Using `TRANSFORMERS_CACHE` is deprecated and will be removed in v5 of Transformers. Use `HF_HOME` instead.
[36m(pid=2927711)[0m   warnings.warn(
[36m(_RayStudentScorerActor pid=2927711)[0m `torch_dtype` is deprecated! Use `dtype` instead!
[36m(_RayStudentScorerActor pid=2927711)[0m Loading checkpoint shards:   0%|          | 0/2 [00:00<?, ?it/s]
[36m(_RayStudentScorerActor pid=2927711)[0m Loading checkpoint shards:  50%|█████     | 1/2 [00:03<00:03,  3.09s/it]
[36m(_RayStudentScorerActor pid=2927711)[0m Loading checkpoint shards: 100%|██████████| 2/2 [00:05<00:00,  2.70s/it]Loading checkpoint shards: 100%|██████████| 2/2 [00:05<00:00,  2.76s/it]
[36m(WorkerDict pid=533144)[0m INFO:2026-06-29 13:34:01,461:update_weights done, time cost: 0.48s

[36m(TaskRunner pid=431148)[0m step:39 - fc_opd/hook_loss:0.35140687227249146 - fc_opd/hook_num_samples:2.0 - fc_opd/hook_active_weight:393.0454406738281 - fc_opd/loss/task_visible:0.4422597289085388 - fc_opd/selection/task_visible:0.05991455167531967 - fc_opd/loss/degraded:0.0 - fc_opd/selection/degraded:0.0 - fc_opd/loss/task_infer:0.7357768416404724 - fc_opd/selection/task_infer:0.07087688148021698 - fc_opd/loss/full:0.11548405885696411 - fc_opd/selection/full:0.18071967363357544 - fc_opd/loss/task_solve:0.46102675795555115 - fc_opd/selection/task_solve:0.0909886360168457 - fc_opd/loss/free:0.0 - fc_opd/selection/free:0.0 - fc_opd/loss/chunk/visible_evidence:0.0 - fc_opd/loss/chunk/diagram_inference:0.0 - fc_opd/loss/chunk/reasoning:0.12801021337509155 - fc_opd/loss/chunk/answer:0.0 - fc_opd/loss/total:0.35140687227249146 - fc_opd/online/loss:0.35140687227249146 - fc_opd/online/num_samples:2.0 - global_seqlen/min:482 - global_seqlen/max:692 - global_seqlen/minmax_diff:210 - global_seqlen/balanced_min:482 - global_seqlen/balanced_max:692 - global_seqlen/mean:587.0 - actor/entropy:0.3631751537322998 - perf/mfu/actor_infer:0 - actor/pg_loss:-0.4999994933605194 - actor/kl_loss:0.0 - actor/fc_opd_loss:0.22949793934822083 - actor/pg_clipfrac:0.0 - actor/ppo_kl:0.0 - actor/pg_clipfrac_lower:0.0 - actor/fc_opd_coef:0.10000000149011612 - actor/fc_opd_active_weight_mean:0.3838334232568741 - actor/grad_norm:6.256983280181885 - perf/mfu/actor:0.023689728582468084 - perf/max_memory_allocated_gb:41.394092082977295 - perf/max_memory_reserved_gb:46.6484375 - perf/cpu_memory_used_gb:135.1492519378662 - actor/lr:1e-06 - training/global_step:39 - training/epoch:38 - critic/score/mean:0.5 - critic/score/max:1.0 - critic/score/min:0.0 - critic/rewards/mean:0.5 - critic/rewards/max:1.0 - critic/rewards/min:0.0 - critic/advantages/mean:0.3710070252418518 - critic/advantages/max:0.9999990463256836 - critic/advantages/min:0.0 - critic/returns/mean:0.3710070252418518 - critic/returns/max:0.9999990463256836 - critic/returns/min:0.0 - response_length/mean:407.0 - response_length/max:512.0 - response_length/min:302.0 - response_length/clip_ratio:0.5 - response_length_non_aborted/mean:407.0 - response_length_non_aborted/max:512.0 - response_length_non_aborted/min:302.0 - response_length_non_aborted/clip_ratio:0.5 - response/aborted_ratio:0.0 - prompt_length/mean:180.0 - prompt_length/max:180.0 - prompt_length/min:180.0 - prompt_length/clip_ratio:0.0 - num_turns/min:2 - num_turns/max:2 - num_turns/mean:2.0 - timing_s/start_profile:0.00026479363441467285 - timing_s/agent_loop/num_preempted/min:-1 - timing_s/agent_loop/num_preempted/max:-1 - timing_s/agent_loop/num_preempted/mean:-1.0 - timing_s/agent_loop/generate_sequences/min:4.819526748731732 - timing_s/agent_loop/generate_sequences/max:8.290849659591913 - timing_s/agent_loop/generate_sequences/mean:6.555188204161823 - timing_s/agent_loop/tool_calls/min:0.0 - timing_s/agent_loop/tool_calls/max:0.0 - timing_s/agent_loop/tool_calls/mean:0.0 - timing_s/agent_loop/slowest/generate_sequences:8.290849659591913 - timing_s/agent_loop/slowest/tool_calls:0.0 - timing_s/agent_loop/slowest/prompt_length:180 - timing_s/agent_loop/slowest/response_length:512 - timing_s/agent_loop/slowest/num_preempted:-1 - timing_s/gen:8.942969474941492 - timing_s/fc_opd:23.422998014837503 - timing_s/reward:2.6635825634002686e-05 - timing_s/old_log_prob:0.1827123425900936 - timing_s/adv:0.00044392235577106476 - timing_s/update_actor:0.667338490486145 - timing_s/update_weights:1.9738165941089392 - timing_s/step:35.19406868889928 - timing_s/stop_profile:4.762783646583557e-05 - timing_per_token_ms/gen:10.98644898641461 - timing_per_token_ms/adv:0.00037812807135525106 - timing_per_token_ms/update_actor:0.568431422901316 - perf/total_num_tokens:1174 - perf/time_per_step:35.19406868889928 - perf/throughput:16.678946818818602
[36m(TaskRunner pid=431148)[0m step:40 - fc_opd/hook_loss:0.2972741723060608 - fc_opd/hook_num_samples:2.0 - fc_opd/hook_active_weight:63.98701858520508 - fc_opd/loss/task_visible:0.4528084993362427 - fc_opd/selection/task_visible:0.011848188936710358 - fc_opd/loss/degraded:0.0 - fc_opd/selection/degraded:0.0 - fc_opd/loss/task_infer:0.7402718663215637 - fc_opd/selection/task_infer:0.01382475160062313 - fc_opd/loss/full:0.11538639664649963 - fc_opd/selection/full:0.04722755402326584 - fc_opd/loss/task_solve:0.3337687849998474 - fc_opd/selection/task_solve:0.019296761602163315 - fc_opd/loss/free:0.0 - fc_opd/selection/free:0.0 - fc_opd/loss/chunk/visible_evidence:0.0 - fc_opd/loss/chunk/diagram_inference:0.0 - fc_opd/loss/chunk/reasoning:0.02741234190762043 - fc_opd/loss/chunk/answer:0.0 - fc_opd/loss/total:0.2972741723060608 - fc_opd/online/loss:0.2972741723060608 - fc_opd/online/num_samples:2.0 - global_seqlen/min:519 - global_seqlen/max:535 - global_seqlen/minmax_diff:16 - global_seqlen/balanced_min:519 - global_seqlen/balanced_max:535 - global_seqlen/mean:527.0 - actor/entropy:0.2792036533355713 - perf/mfu/actor_infer:0 - actor/pg_loss:-0.999999076128006 - actor/kl_loss:0.0 - actor/fc_opd_loss:0.1462528519332409 - actor/pg_clipfrac:0.0 - actor/ppo_kl:0.0 - actor/pg_clipfrac_lower:0.0 - actor/fc_opd_coef:0.10000000149011612 - actor/fc_opd_active_weight_mean:0.062487319111824036 - actor/grad_norm:6.043951034545898 - perf/mfu/actor:0.0218183620120861 - perf/max_memory_allocated_gb:41.394092082977295 - perf/max_memory_reserved_gb:46.6484375 - perf/cpu_memory_used_gb:134.99554824829102 - actor/lr:1e-06 - training/global_step:40 - training/epoch:39 - critic/score/mean:1.0 - critic/score/max:1.0 - critic/score/min:1.0 - critic/rewards/mean:1.0 - critic/rewards/max:1.0 - critic/rewards/min:1.0 - critic/advantages/mean:0.9999992251396179 - critic/advantages/max:0.9999990463256836 - critic/advantages/min:0.9999990463256836 - critic/returns/mean:0.9999992251396179 - critic/returns/max:0.9999990463256836 - critic/returns/min:0.9999990463256836 - response_length/mean:347.0 - response_length/max:355.0 - response_length/min:339.0 - response_length/clip_ratio:0.0 - response_length_non_aborted/mean:347.0 - response_length_non_aborted/max:355.0 - response_length_non_aborted/min:339.0 - response_length_non_aborted/clip_ratio:0.0 - response/aborted_ratio:0.0 - prompt_length/mean:180.0 - prompt_length/max:180.0 - prompt_length/min:180.0 - prompt_length/clip_ratio:0.0 - num_turns/min:2 - num_turns/max:2 - num_turns/mean:2.0 - timing_s/start_profile:0.00026980601251125336 - timing_s/agent_loop/num_preempted/min:-1 - timing_s/agent_loop/num_preempted/max:-1 - timing_s/agent_loop/num_preempted/mean:-1.0 - timing_s/agent_loop/generate_sequences/min:5.525520583614707 - timing_s/agent_loop/generate_sequences/max:5.65914311632514 - timing_s/agent_loop/generate_sequences/mean:5.5923318499699235 - timing_s/agent_loop/tool_calls/min:0.0 - timing_s/agent_loop/tool_calls/max:0.0 - timing_s/agent_loop/tool_calls/mean:0.0 - timing_s/agent_loop/slowest/generate_sequences:5.65914311632514 - timing_s/agent_loop/slowest/tool_calls:0.0 - timing_s/agent_loop/slowest/prompt_length:180 - timing_s/agent_loop/slowest/response_length:355 - timing_s/agent_loop/slowest/num_preempted:-1 - timing_s/gen:6.292605059221387 - timing_s/fc_opd:21.6694108042866 - timing_s/reward:2.3247674107551575e-05 - timing_s/old_log_prob:0.1796537358313799 - timing_s/adv:0.0004565604031085968 - timing_s/update_actor:0.6532873343676329 - timing_s/update_weights:2.0124803818762302 - timing_s/step:30.811846550554037 - timing_s/stop_profile:4.774518311023712e-05 - timing_per_token_ms/gen:9.067154264007762 - timing_per_token_ms/adv:0.0004331692629113822 - timing_per_token_ms/update_actor:0.6198172052823842 - perf/total_num_tokens:1054 - perf/time_per_step:30.811846550554037 - perf/throughput:17.103811001243734
[36m(TaskRunner pid=431148)[0m step:41 - fc_opd/hook_loss:0.31800541281700134 - fc_opd/hook_num_samples:2.0 - fc_opd/hook_active_weight:69.05601501464844 - fc_opd/loss/task_visible:0.5514001846313477 - fc_opd/selection/task_visible:0.011538899503648281 - fc_opd/loss/degraded:0.0 - fc_opd/selection/degraded:0.0 - fc_opd/loss/task_infer:0.5419180393218994 - fc_opd/selection/task_infer:0.01567763462662697 - fc_opd/loss/full:0.17923755943775177 - fc_opd/selection/full:0.05061929672956467 - fc_opd/loss/task_solve:0.3410724103450775 - fc_opd/selection/task_solve:0.015409652143716812 - fc_opd/loss/free:0.0 - fc_opd/selection/free:0.0 - fc_opd/loss/chunk/visible_evidence:0.0 - fc_opd/loss/chunk/diagram_inference:0.0 - fc_opd/loss/chunk/reasoning:0.02957788296043873 - fc_opd/loss/chunk/answer:0.0 - fc_opd/loss/total:0.31800541281700134 - fc_opd/online/loss:0.31800541281700134 - fc_opd/online/num_samples:2.0 - global_seqlen/min:530 - global_seqlen/max:571 - global_seqlen/minmax_diff:41 - global_seqlen/balanced_min:530 - global_seqlen/balanced_max:571 - global_seqlen/mean:550.5 - actor/entropy:0.28431159257888794 - perf/mfu/actor_infer:0 - actor/pg_loss:-0.9999990463256836 - actor/kl_loss:0.0 - actor/fc_opd_loss:0.1695031002163887 - actor/pg_clipfrac:0.0 - actor/ppo_kl:0.0 - actor/pg_clipfrac_lower:0.0 - actor/fc_opd_coef:0.10000000149011612 - actor/fc_opd_active_weight_mean:0.06743752211332321 - actor/grad_norm:5.879190921783447 - perf/mfu/actor:0.022516368718088417 - perf/max_memory_allocated_gb:41.394092082977295 - perf/max_memory_reserved_gb:46.6484375 - perf/cpu_memory_used_gb:134.9930076599121 - actor/lr:1e-06 - training/global_step:41 - training/epoch:40 - critic/score/mean:1.0 - critic/score/max:1.0 - critic/score/min:1.0 - critic/rewards/mean:1.0 - critic/rewards/max:1.0 - critic/rewards/min:1.0 - critic/advantages/mean:0.9999989867210388 - critic/advantages/max:0.9999990463256836 - critic/advantages/min:0.9999990463256836 - critic/returns/mean:0.9999989867210388 - critic/returns/max:0.9999990463256836 - critic/returns/min:0.9999990463256836 - response_length/mean:370.5 - response_length/max:391.0 - response_length/min:350.0 - response_length/clip_ratio:0.0 - response_length_non_aborted/mean:370.5 - response_length_non_aborted/max:391.0 - response_length_non_aborted/min:350.0 - response_length_non_aborted/clip_ratio:0.0 - response/aborted_ratio:0.0 - prompt_length/mean:180.0 - prompt_length/max:180.0 - prompt_length/min:180.0 - prompt_length/clip_ratio:0.0 - num_turns/min:2 - num_turns/max:2 - num_turns/mean:2.0 - timing_s/start_profile:0.00024471618235111237 - timing_s/agent_loop/num_preempted/min:-1 - timing_s/agent_loop/num_preempted/max:-1 - timing_s/agent_loop/num_preempted/mean:-1.0 - timing_s/agent_loop/generate_sequences/min:5.733258569613099 - timing_s/agent_loop/generate_sequences/max:6.367563750594854 - timing_s/agent_loop/generate_sequences/mean:6.050411160103977 - timing_s/agent_loop/tool_calls/min:0.0 - timing_s/agent_loop/tool_calls/max:0.0 - timing_s/agent_loop/tool_calls/mean:0.0 - timing_s/agent_loop/slowest/generate_sequences:6.367563750594854 - timing_s/agent_loop/slowest/tool_calls:0.0 - timing_s/agent_loop/slowest/prompt_length:180 - timing_s/agent_loop/slowest/response_length:391 - timing_s/agent_loop/slowest/num_preempted:-1 - timing_s/gen:7.028847347944975 - timing_s/fc_opd:22.124634239822626 - timing_s/reward:2.0908191800117493e-05 - timing_s/old_log_prob:0.17892871610820293 - timing_s/adv:0.0004714708775281906 - timing_s/update_actor:0.6608060449361801 - timing_s/update_weights:2.056376812979579 - timing_s/step:32.05426583439112 - timing_s/stop_profile:4.781968891620636e-05 - timing_per_token_ms/gen:9.485623951342745 - timing_per_token_ms/adv:0.0004282205972099824 - timing_per_token_ms/update_actor:0.6001871434479383 - perf/total_num_tokens:1101 - perf/time_per_step:32.05426583439112 - perf/throughput:17.17400120296522[36m(TaskRunner pid=431148)[0m Training Progress:  20%|██        | 41/200 [21:02<1:25:27, 32.25s/it]
[36m(pid=2993391)[0m /inspire/hdd/global_user/mengweicheng-240108120092/lzy/fc-opd-storage/envs/fc-opd-verl071-cu128/lib/python3.12/site-packages/torch/cuda/__init__.py:63: FutureWarning: The pynvml package is deprecated. Please install nvidia-ml-py instead. If you did not install pynvml directly, please report this to the maintainers of the package that installed pynvml for you.
[36m(pid=2993391)[0m   import pynvml  # type: ignore[import]
[36m(pid=2993391)[0m /inspire/hdd/global_user/mengweicheng-240108120092/lzy/fc-opd-storage/envs/fc-opd-verl071-cu128/lib/python3.12/site-packages/transformers/utils/hub.py:110: FutureWarning: Using `TRANSFORMERS_CACHE` is deprecated and will be removed in v5 of Transformers. Use `HF_HOME` instead.
[36m(pid=2993391)[0m   warnings.warn(
[36m(_RayStudentScorerActor pid=2993391)[0m `torch_dtype` is deprecated! Use `dtype` instead!
[36m(_RayStudentScorerActor pid=2993391)[0m Loading checkpoint shards:   0%|          | 0/2 [00:00<?, ?it/s]
[36m(_RayStudentScorerActor pid=2993391)[0m Loading checkpoint shards:  50%|█████     | 1/2 [00:03<00:03,  3.08s/it]
[36m(_RayStudentScorerActor pid=2993391)[0m Loading checkpoint shards: 100%|██████████| 2/2 [00:05<00:00,  2.70s/it]Loading checkpoint shards: 100%|██████████| 2/2 [00:05<00:00,  2.76s/it]
[36m(WorkerDict pid=533144)[0m INFO:2026-06-29 13:34:32,959:update_weights done, time cost: 0.49s
[36m(TaskRunner pid=431148)[0m Training Progress:  21%|██        | 42/200 [21:34<1:24:20, 32.03s/it]
[36m(pid=3045689)[0m /inspire/hdd/global_user/mengweicheng-240108120092/lzy/fc-opd-storage/envs/fc-opd-verl071-cu128/lib/python3.12/site-packages/torch/cuda/__init__.py:63: FutureWarning: The pynvml package is deprecated. Please install nvidia-ml-py instead. If you did not install pynvml directly, please report this to the maintainers of the package that installed pynvml for you.
[36m(pid=3045689)[0m   import pynvml  # type: ignore[import]
[36m(pid=3045689)[0m /inspire/hdd/global_user/mengweicheng-240108120092/lzy/fc-opd-storage/envs/fc-opd-verl071-cu128/lib/python3.12/site-packages/transformers/utils/hub.py:110: FutureWarning: Using `TRANSFORMERS_CACHE` is deprecated and will be removed in v5 of Transformers. Use `HF_HOME` instead.
[36m(pid=3045689)[0m   warnings.warn(
[36m(_RayStudentScorerActor pid=3045689)[0m `torch_dtype` is deprecated! Use `dtype` instead!
[36m(_RayStudentScorerActor pid=3045689)[0m Loading checkpoint shards:   0%|          | 0/2 [00:00<?, ?it/s]
[36m(_RayStudentScorerActor pid=3045689)[0m Loading checkpoint shards:  50%|█████     | 1/2 [00:03<00:03,  3.08s/it]
[36m(_RayStudentScorerActor pid=3045689)[0m Loading checkpoint shards: 100%|██████████| 2/2 [00:05<00:00,  2.70s/it]Loading checkpoint shards: 100%|██████████| 2/2 [00:05<00:00,  2.76s/it]
[36m(WorkerDict pid=533144)[0m INFO:2026-06-29 13:35:05,655:update_weights done, time cost: 0.52s
[36m(TaskRunner pid=431148)[0m Training Progress:  22%|██▏       | 43/200 [22:07<1:24:18, 32.22s/it]
[36m(pid=3104250)[0m /inspire/hdd/global_user/mengweicheng-240108120092/lzy/fc-opd-storage/envs/fc-opd-verl071-cu128/lib/python3.12/site-packages/torch/cuda/__init__.py:63: FutureWarning: The pynvml package is deprecated. Please install nvidia-ml-py instead. If you did not install pynvml directly, please report this to the maintainers of the package that installed pynvml for you.
[36m(pid=3104250)[0m   import pynvml  # type: ignore[import]
[36m(pid=3104250)[0m /inspire/hdd/global_user/mengweicheng-240108120092/lzy/fc-opd-storage/envs/fc-opd-verl071-cu128/lib/python3.12/site-packages/transformers/utils/hub.py:110: FutureWarning: Using `TRANSFORMERS_CACHE` is deprecated and will be removed in v5 of Transformers. Use `HF_HOME` instead.
[36m(pid=3104250)[0m   warnings.warn(
[36m(_RayStudentScorerActor pid=3104250)[0m `torch_dtype` is deprecated! Use `dtype` instead!
[36m(_RayStudentScorerActor pid=3104250)[0m Loading checkpoint shards:   0%|          | 0/2 [00:00<?, ?it/s]
[36m(_RayStudentScorerActor pid=3104250)[0m Loading checkpoint shards:  50%|█████     | 1/2 [00:03<00:03,  3.08s/it]
[36m(_RayStudentScorerActor pid=3104250)[0m Loading checkpoint shards: 100%|██████████| 2/2 [00:05<00:00,  2.70s/it]Loading checkpoint shards: 100%|██████████| 2/2 [00:05<00:00,  2.76s/it]
[36m(WorkerDict pid=533144)[0m INFO:2026-06-29 13:35:42,437:update_weights done, time cost: 0.51s

[36m(TaskRunner pid=431148)[0m step:42 - fc_opd/hook_loss:0.32949912548065186 - fc_opd/hook_num_samples:2.0 - fc_opd/hook_active_weight:61.93273162841797 - fc_opd/loss/task_visible:0.6440087556838989 - fc_opd/selection/task_visible:0.008944038301706314 - fc_opd/loss/degraded:0.0 - fc_opd/selection/degraded:0.0 - fc_opd/loss/task_infer:0.8693313598632812 - fc_opd/selection/task_infer:0.013118519447743893 - fc_opd/loss/full:0.13328760862350464 - fc_opd/selection/full:0.049360089004039764 - fc_opd/loss/task_solve:0.27029842138290405 - fc_opd/selection/task_solve:0.02000504359602928 - fc_opd/loss/free:0.0 - fc_opd/selection/free:0.0 - fc_opd/loss/chunk/visible_evidence:0.0 - fc_opd/loss/chunk/diagram_inference:0.0 - fc_opd/loss/chunk/reasoning:0.030143650248646736 - fc_opd/loss/chunk/answer:0.0 - fc_opd/loss/total:0.32949912548065186 - fc_opd/online/loss:0.32949912548065186 - fc_opd/online/num_samples:2.0 - global_seqlen/min:485 - global_seqlen/max:553 - global_seqlen/minmax_diff:68 - global_seqlen/balanced_min:485 - global_seqlen/balanced_max:553 - global_seqlen/mean:519.0 - actor/entropy:0.2253786325454712 - perf/mfu/actor_infer:0 - actor/pg_loss:-0.9999990165233612 - actor/kl_loss:0.0 - actor/fc_opd_loss:0.1720910668373108 - actor/pg_clipfrac:0.0 - actor/ppo_kl:0.0 - actor/pg_clipfrac_lower:0.0 - actor/fc_opd_coef:0.10000000149011612 - actor/fc_opd_active_weight_mean:0.06048118695616722 - actor/grad_norm:6.64323091506958 - perf/mfu/actor:0.02170965870902255 - perf/max_memory_allocated_gb:41.394092082977295 - perf/max_memory_reserved_gb:46.6484375 - perf/cpu_memory_used_gb:136.10659790039062 - actor/lr:1e-06 - training/global_step:42 - training/epoch:41 - critic/score/mean:1.0 - critic/score/max:1.0 - critic/score/min:1.0 - critic/rewards/mean:1.0 - critic/rewards/max:1.0 - critic/rewards/min:1.0 - critic/advantages/mean:0.9999991655349731 - critic/advantages/max:0.9999990463256836 - critic/advantages/min:0.9999990463256836 - critic/returns/mean:0.9999991655349731 - critic/returns/max:0.9999990463256836 - critic/returns/min:0.9999990463256836 - response_length/mean:339.0 - response_length/max:373.0 - response_length/min:305.0 - response_length/clip_ratio:0.0 - response_length_non_aborted/mean:339.0 - response_length_non_aborted/max:373.0 - response_length_non_aborted/min:305.0 - response_length_non_aborted/clip_ratio:0.0 - response/aborted_ratio:0.0 - prompt_length/mean:180.0 - prompt_length/max:180.0 - prompt_length/min:180.0 - prompt_length/clip_ratio:0.0 - num_turns/min:2 - num_turns/max:2 - num_turns/mean:2.0 - timing_s/start_profile:0.0002450253814458847 - timing_s/agent_loop/num_preempted/min:-1 - timing_s/agent_loop/num_preempted/max:-1 - timing_s/agent_loop/num_preempted/mean:-1.0 - timing_s/agent_loop/generate_sequences/min:4.930638734251261 - timing_s/agent_loop/generate_sequences/max:6.131297059357166 - timing_s/agent_loop/generate_sequences/mean:5.5309678968042135 - timing_s/agent_loop/tool_calls/min:0.0 - timing_s/agent_loop/tool_calls/max:0.0 - timing_s/agent_loop/tool_calls/mean:0.0 - timing_s/agent_loop/slowest/generate_sequences:6.131297059357166 - timing_s/agent_loop/slowest/tool_calls:0.0 - timing_s/agent_loop/slowest/prompt_length:180 - timing_s/agent_loop/slowest/response_length:373 - timing_s/agent_loop/slowest/num_preempted:-1 - timing_s/gen:6.756366586312652 - timing_s/fc_opd:21.55353159457445 - timing_s/reward:2.365000545978546e-05 - timing_s/old_log_prob:0.1846262440085411 - timing_s/adv:0.00042771920561790466 - timing_s/update_actor:0.6457479055970907 - timing_s/update_weights:2.1341882795095444 - timing_s/step:31.278676379472017 - timing_s/stop_profile:5.045346915721893e-05 - timing_per_token_ms/gen:9.965142457688277 - timing_per_token_ms/adv:0.0004120608917320854 - timing_per_token_ms/update_actor:0.6221078088603957 - perf/total_num_tokens:1038 - perf/time_per_step:31.278676379472017 - perf/throughput:16.592773738361135
[36m(TaskRunner pid=431148)[0m step:43 - fc_opd/hook_loss:0.34973227977752686 - fc_opd/hook_num_samples:2.0 - fc_opd/hook_active_weight:69.9959945678711 - fc_opd/loss/task_visible:0.6612725257873535 - fc_opd/selection/task_visible:0.009630847722291946 - fc_opd/loss/degraded:0.0 - fc_opd/selection/degraded:0.0 - fc_opd/loss/task_infer:0.4571009874343872 - fc_opd/selection/task_infer:0.014909027144312859 - fc_opd/loss/full:0.21781809628009796 - fc_opd/selection/full:0.047868505120277405 - fc_opd/loss/task_solve:0.42619627714157104 - fc_opd/selection/task_solve:0.020130522549152374 - fc_opd/loss/free:0.0 - fc_opd/selection/free:0.0 - fc_opd/loss/chunk/visible_evidence:0.0 - fc_opd/loss/chunk/diagram_inference:0.0 - fc_opd/loss/chunk/reasoning:0.03251342475414276 - fc_opd/loss/chunk/answer:0.0 - fc_opd/loss/total:0.34973227977752686 - fc_opd/online/loss:0.34973227977752686 - fc_opd/online/num_samples:2.0 - global_seqlen/min:525 - global_seqlen/max:590 - global_seqlen/minmax_diff:65 - global_seqlen/balanced_min:525 - global_seqlen/balanced_max:590 - global_seqlen/mean:557.5 - actor/entropy:0.30145931243896484 - perf/mfu/actor_infer:0 - actor/pg_loss:-0.9999990463256836 - actor/kl_loss:0.0 - actor/fc_opd_loss:0.19273878633975983 - actor/pg_clipfrac:0.0 - actor/ppo_kl:0.0 - actor/pg_clipfrac_lower:0.0 - actor/fc_opd_coef:0.10000000149011612 - actor/fc_opd_active_weight_mean:0.06835545413196087 - actor/grad_norm:6.882697582244873 - perf/mfu/actor:0.02315141505239201 - perf/max_memory_allocated_gb:41.394092082977295 - perf/max_memory_reserved_gb:46.6484375 - perf/cpu_memory_used_gb:135.66223526000977 - actor/lr:1e-06 - training/global_step:43 - training/epoch:42 - critic/score/mean:1.0 - critic/score/max:1.0 - critic/score/min:1.0 - critic/rewards/mean:1.0 - critic/rewards/max:1.0 - critic/rewards/min:1.0 - critic/advantages/mean:0.9999990463256836 - critic/advantages/max:0.9999990463256836 - critic/advantages/min:0.9999990463256836 - critic/returns/mean:0.9999990463256836 - critic/returns/max:0.9999990463256836 - critic/returns/min:0.9999990463256836 - response_length/mean:377.5 - response_length/max:410.0 - response_length/min:345.0 - response_length/clip_ratio:0.0 - response_length_non_aborted/mean:377.5 - response_length_non_aborted/max:410.0 - response_length_non_aborted/min:345.0 - response_length_non_aborted/clip_ratio:0.0 - response/aborted_ratio:0.0 - prompt_length/mean:180.0 - prompt_length/max:180.0 - prompt_length/min:180.0 - prompt_length/clip_ratio:0.0 - num_turns/min:2 - num_turns/max:2 - num_turns/mean:2.0 - timing_s/start_profile:0.0002773776650428772 - timing_s/agent_loop/num_preempted/min:-1 - timing_s/agent_loop/num_preempted/max:-1 - timing_s/agent_loop/num_preempted/mean:-1.0 - timing_s/agent_loop/generate_sequences/min:5.628125282004476 - timing_s/agent_loop/generate_sequences/max:6.577655034139752 - timing_s/agent_loop/generate_sequences/mean:6.102890158072114 - timing_s/agent_loop/tool_calls/min:0.0 - timing_s/agent_loop/tool_calls/max:0.0 - timing_s/agent_loop/tool_calls/mean:0.0 - timing_s/agent_loop/slowest/generate_sequences:6.577655034139752 - timing_s/agent_loop/slowest/tool_calls:0.0 - timing_s/agent_loop/slowest/prompt_length:180 - timing_s/agent_loop/slowest/response_length:410 - timing_s/agent_loop/slowest/num_preempted:-1 - timing_s/gen:7.236859459429979 - timing_s/fc_opd:22.33165068924427 - timing_s/reward:2.0906329154968262e-05 - timing_s/old_log_prob:0.17770397663116455 - timing_s/adv:0.0005075987428426743 - timing_s/update_actor:0.6475351247936487 - timing_s/update_weights:2.024842105805874 - timing_s/step:32.422782300040126 - timing_s/stop_profile:4.2771920561790466e-05 - timing_per_token_ms/gen:9.5852443171258 - timing_per_token_ms/adv:0.00045524550927594104 - timing_per_token_ms/update_actor:0.5807489908463217 - perf/total_num_tokens:1115 - perf/time_per_step:32.422782300040126 - perf/throughput:17.19469954308363
[36m(TaskRunner pid=431148)[0m step:44 - fc_opd/hook_loss:0.3482012152671814 - fc_opd/hook_num_samples:2.0 - fc_opd/hook_active_weight:409.7695007324219 - fc_opd/loss/task_visible:0.4167923927307129 - fc_opd/selection/task_visible:0.05915451422333717 - fc_opd/loss/degraded:0.0 - fc_opd/selection/degraded:0.0 - fc_opd/loss/task_infer:0.6816832423210144 - fc_opd/selection/task_infer:0.06672534346580505 - fc_opd/loss/full:0.23565714061260223 - fc_opd/selection/full:0.19131886959075928 - fc_opd/loss/task_solve:0.33648815751075745 - fc_opd/selection/task_solve:0.09131753444671631 - fc_opd/loss/free:0.0 - fc_opd/selection/free:0.0 - fc_opd/loss/chunk/visible_evidence:0.0 - fc_opd/loss/chunk/diagram_inference:0.0 - fc_opd/loss/chunk/reasoning:0.1362534612417221 - fc_opd/loss/chunk/answer:0.0 - fc_opd/loss/total:0.3482012152671814 - fc_opd/online/loss:0.3482012152671814 - fc_opd/online/num_samples:2.0 - global_seqlen/min:603 - global_seqlen/max:692 - global_seqlen/minmax_diff:89 - global_seqlen/balanced_min:603 - global_seqlen/balanced_max:692 - global_seqlen/mean:647.5 - actor/entropy:0.3576117753982544 - perf/mfu/actor_infer:0 - actor/pg_loss:-0.4999995231628418 - actor/kl_loss:0.0 - actor/fc_opd_loss:0.19701691716909409 - actor/pg_clipfrac:0.0 - actor/ppo_kl:0.0 - actor/pg_clipfrac_lower:0.0 - actor/fc_opd_coef:0.10000000149011612 - actor/fc_opd_active_weight_mean:0.40016549825668335 - actor/grad_norm:4.284895420074463 - perf/mfu/actor:0.02694994771740604 - perf/max_memory_allocated_gb:41.394092082977295 - perf/max_memory_reserved_gb:46.6484375 - perf/cpu_memory_used_gb:135.49428176879883 - actor/lr:1e-06 - training/global_step:44 - training/epoch:43 - critic/score/mean:0.5 - critic/score/max:1.0 - critic/score/min:0.0 - critic/rewards/mean:0.5 - critic/rewards/max:1.0 - critic/rewards/min:0.0 - critic/advantages/mean:0.4524059593677521 - critic/advantages/max:0.9999990463256836 - critic/advantages/min:0.0 - critic/returns/mean:0.4524059593677521 - critic/returns/max:0.9999990463256836 - critic/returns/min:0.0 - response_length/mean:467.5 - response_length/max:512.0 - response_length/min:423.0 - response_length/clip_ratio:0.5 - response_length_non_aborted/mean:467.5 - response_length_non_aborted/max:512.0 - response_length_non_aborted/min:423.0 - response_length_non_aborted/clip_ratio:0.5 - response/aborted_ratio:0.0 - prompt_length/mean:180.0 - prompt_length/max:180.0 - prompt_length/min:180.0 - prompt_length/clip_ratio:0.0 - num_turns/min:2 - num_turns/max:2 - num_turns/mean:2.0 - timing_s/start_profile:0.0002779141068458557 - timing_s/agent_loop/num_preempted/min:-1 - timing_s/agent_loop/num_preempted/max:-1 - timing_s/agent_loop/num_preempted/mean:-1.0 - timing_s/agent_loop/generate_sequences/min:6.895081628113985 - timing_s/agent_loop/generate_sequences/max:8.248645579442382 - timing_s/agent_loop/generate_sequences/mean:7.5718636037781835 - timing_s/agent_loop/tool_calls/min:0.0 - timing_s/agent_loop/tool_calls/max:0.0 - timing_s/agent_loop/tool_calls/mean:0.0 - timing_s/agent_loop/slowest/generate_sequences:8.248645579442382 - timing_s/agent_loop/slowest/tool_calls:0.0 - timing_s/agent_loop/slowest/prompt_length:180 - timing_s/agent_loop/slowest/response_length:512 - timing_s/agent_loop/slowest/num_preempted:-1 - timing_s/gen:8.880279710516334 - timing_s/fc_opd:24.740958781912923 - timing_s/reward:2.3365020751953125e-05 - timing_s/old_log_prob:0.18391995877027512 - timing_s/adv:0.0004673171788454056 - timing_s/update_actor:0.6439760196954012 - timing_s/update_weights:2.051364365965128 - timing_s/step:36.50442904047668 - timing_s/stop_profile:4.7983601689338684e-05 - timing_per_token_ms/gen:9.497625358840999 - timing_per_token_ms/adv:0.00036086268636710854 - timing_per_token_ms/update_actor:0.4972787796875685 - perf/total_num_tokens:1295 - perf/time_per_step:36.50442904047668 - perf/throughput:17.737573686799536[36m(TaskRunner pid=431148)[0m Training Progress:  22%|██▏       | 44/200 [22:43<1:27:18, 33.58s/it]
[36m(pid=3173266)[0m /inspire/hdd/global_user/mengweicheng-240108120092/lzy/fc-opd-storage/envs/fc-opd-verl071-cu128/lib/python3.12/site-packages/torch/cuda/__init__.py:63: FutureWarning: The pynvml package is deprecated. Please install nvidia-ml-py instead. If you did not install pynvml directly, please report this to the maintainers of the package that installed pynvml for you.
[36m(pid=3173266)[0m   import pynvml  # type: ignore[import]
[36m(pid=3173266)[0m /inspire/hdd/global_user/mengweicheng-240108120092/lzy/fc-opd-storage/envs/fc-opd-verl071-cu128/lib/python3.12/site-packages/transformers/utils/hub.py:110: FutureWarning: Using `TRANSFORMERS_CACHE` is deprecated and will be removed in v5 of Transformers. Use `HF_HOME` instead.
[36m(pid=3173266)[0m   warnings.warn(
[36m(_RayStudentScorerActor pid=3173266)[0m `torch_dtype` is deprecated! Use `dtype` instead!
[36m(_RayStudentScorerActor pid=3173266)[0m Loading checkpoint shards:   0%|          | 0/2 [00:00<?, ?it/s]
[36m(_RayStudentScorerActor pid=3173266)[0m Loading checkpoint shards:  50%|█████     | 1/2 [00:03<00:03,  3.08s/it]
[36m(_RayStudentScorerActor pid=3173266)[0m Loading checkpoint shards: 100%|██████████| 2/2 [00:05<00:00,  2.70s/it]Loading checkpoint shards: 100%|██████████| 2/2 [00:05<00:00,  2.76s/it]
[36m(WorkerDict pid=533144)[0m INFO:2026-06-29 13:36:14,372:update_weights done, time cost: 0.45s
[36m(TaskRunner pid=431148)[0m Training Progress:  22%|██▎       | 45/200 [23:15<1:25:29, 33.09s/it]
[36m(pid=3230817)[0m /inspire/hdd/global_user/mengweicheng-240108120092/lzy/fc-opd-storage/envs/fc-opd-verl071-cu128/lib/python3.12/site-packages/torch/cuda/__init__.py:63: FutureWarning: The pynvml package is deprecated. Please install nvidia-ml-py instead. If you did not install pynvml directly, please report this to the maintainers of the package that installed pynvml for you.
[36m(pid=3230817)[0m   import pynvml  # type: ignore[import]
[36m(pid=3230817)[0m /inspire/hdd/global_user/mengweicheng-240108120092/lzy/fc-opd-storage/envs/fc-opd-verl071-cu128/lib/python3.12/site-packages/transformers/utils/hub.py:110: FutureWarning: Using `TRANSFORMERS_CACHE` is deprecated and will be removed in v5 of Transformers. Use `HF_HOME` instead.
[36m(pid=3230817)[0m   warnings.warn(
[36m(_RayStudentScorerActor pid=3230817)[0m `torch_dtype` is deprecated! Use `dtype` instead!
[36m(_RayStudentScorerActor pid=3230817)[0m Loading checkpoint shards:   0%|          | 0/2 [00:00<?, ?it/s]
[36m(_RayStudentScorerActor pid=3230817)[0m Loading checkpoint shards:  50%|█████     | 1/2 [00:03<00:03,  3.08s/it]
[36m(_RayStudentScorerActor pid=3230817)[0m Loading checkpoint shards: 100%|██████████| 2/2 [00:05<00:00,  2.70s/it]Loading checkpoint shards: 100%|██████████| 2/2 [00:05<00:00,  2.76s/it]
[36m(WorkerDict pid=533144)[0m INFO:2026-06-29 13:36:48,137:update_weights done, time cost: 0.54s
[36m(TaskRunner pid=431148)[0m Training Progress:  23%|██▎       | 46/200 [23:49<1:25:30, 33.31s/it]
[36m(pid=3291002)[0m /inspire/hdd/global_user/mengweicheng-240108120092/lzy/fc-opd-storage/envs/fc-opd-verl071-cu128/lib/python3.12/site-packages/torch/cuda/__init__.py:63: FutureWarning: The pynvml package is deprecated. Please install nvidia-ml-py instead. If you did not install pynvml directly, please report this to the maintainers of the package that installed pynvml for you.
[36m(pid=3291002)[0m   import pynvml  # type: ignore[import]
[36m(pid=3291002)[0m /inspire/hdd/global_user/mengweicheng-240108120092/lzy/fc-opd-storage/envs/fc-opd-verl071-cu128/lib/python3.12/site-packages/transformers/utils/hub.py:110: FutureWarning: Using `TRANSFORMERS_CACHE` is deprecated and will be removed in v5 of Transformers. Use `HF_HOME` instead.
[36m(pid=3291002)[0m   warnings.warn(
[36m(_RayStudentScorerActor pid=3291002)[0m `torch_dtype` is deprecated! Use `dtype` instead!
[36m(_RayStudentScorerActor pid=3291002)[0m Loading checkpoint shards:   0%|          | 0/2 [00:00<?, ?it/s]
[36m(_RayStudentScorerActor pid=3291002)[0m Loading checkpoint shards:  50%|█████     | 1/2 [00:03<00:03,  3.09s/it]
[36m(_RayStudentScorerActor pid=3291002)[0m Loading checkpoint shards: 100%|██████████| 2/2 [00:05<00:00,  2.71s/it]Loading checkpoint shards: 100%|██████████| 2/2 [00:05<00:00,  2.76s/it]
[36m(WorkerDict pid=533144)[0m INFO:2026-06-29 13:37:22,222:update_weights done, time cost: 0.48s

[36m(TaskRunner pid=431148)[0m step:45 - fc_opd/hook_loss:0.3927377462387085 - fc_opd/hook_num_samples:2.0 - fc_opd/hook_active_weight:65.83160400390625 - fc_opd/loss/task_visible:0.47455480694770813 - fc_opd/selection/task_visible:0.01177404634654522 - fc_opd/loss/degraded:0.0 - fc_opd/selection/degraded:0.0 - fc_opd/loss/task_infer:0.6722956895828247 - fc_opd/selection/task_infer:0.01439700461924076 - fc_opd/loss/full:0.17696422338485718 - fc_opd/selection/full:0.046824876219034195 - fc_opd/loss/task_solve:0.6630473136901855 - fc_opd/selection/task_solve:0.018994659185409546 - fc_opd/loss/free:0.0 - fc_opd/selection/free:0.0 - fc_opd/loss/chunk/visible_evidence:0.0 - fc_opd/loss/chunk/diagram_inference:0.0 - fc_opd/loss/chunk/reasoning:0.03607041388750076 - fc_opd/loss/chunk/answer:0.0 - fc_opd/loss/total:0.3927377462387085 - fc_opd/online/loss:0.3927377462387085 - fc_opd/online/num_samples:2.0 - global_seqlen/min:516 - global_seqlen/max:560 - global_seqlen/minmax_diff:44 - global_seqlen/balanced_min:516 - global_seqlen/balanced_max:560 - global_seqlen/mean:538.0 - actor/entropy:0.3001401424407959 - perf/mfu/actor_infer:0 - actor/pg_loss:-0.999999076128006 - actor/kl_loss:0.0 - actor/fc_opd_loss:0.21261470764875412 - actor/pg_clipfrac:0.0 - actor/ppo_kl:0.0 - actor/pg_clipfrac_lower:0.0 - actor/fc_opd_coef:0.10000000149011612 - actor/fc_opd_active_weight_mean:0.06428867392241955 - actor/grad_norm:6.520640850067139 - perf/mfu/actor:0.022558750098506393 - perf/max_memory_allocated_gb:41.394092082977295 - perf/max_memory_reserved_gb:46.6484375 - perf/cpu_memory_used_gb:135.02293395996094 - actor/lr:1e-06 - training/global_step:45 - training/epoch:44 - critic/score/mean:1.0 - critic/score/max:1.0 - critic/score/min:1.0 - critic/rewards/mean:1.0 - critic/rewards/max:1.0 - critic/rewards/min:1.0 - critic/advantages/mean:0.9999989867210388 - critic/advantages/max:0.9999990463256836 - critic/advantages/min:0.9999990463256836 - critic/returns/mean:0.9999989867210388 - critic/returns/max:0.9999990463256836 - critic/returns/min:0.9999990463256836 - response_length/mean:358.0 - response_length/max:380.0 - response_length/min:336.0 - response_length/clip_ratio:0.0 - response_length_non_aborted/mean:358.0 - response_length_non_aborted/max:380.0 - response_length_non_aborted/min:336.0 - response_length_non_aborted/clip_ratio:0.0 - response/aborted_ratio:0.0 - prompt_length/mean:180.0 - prompt_length/max:180.0 - prompt_length/min:180.0 - prompt_length/clip_ratio:0.0 - num_turns/min:2 - num_turns/max:2 - num_turns/mean:2.0 - timing_s/start_profile:0.00024873577058315277 - timing_s/agent_loop/num_preempted/min:-1 - timing_s/agent_loop/num_preempted/max:-1 - timing_s/agent_loop/num_preempted/mean:-1.0 - timing_s/agent_loop/generate_sequences/min:5.529533660039306 - timing_s/agent_loop/generate_sequences/max:6.123133201152086 - timing_s/agent_loop/generate_sequences/mean:5.826333430595696 - timing_s/agent_loop/tool_calls/min:0.0 - timing_s/agent_loop/tool_calls/max:0.0 - timing_s/agent_loop/tool_calls/mean:0.0 - timing_s/agent_loop/slowest/generate_sequences:6.123133201152086 - timing_s/agent_loop/slowest/tool_calls:0.0 - timing_s/agent_loop/slowest/prompt_length:180 - timing_s/agent_loop/slowest/response_length:380 - timing_s/agent_loop/slowest/num_preempted:-1 - timing_s/gen:6.735264511778951 - timing_s/fc_opd:22.137755004689097 - timing_s/reward:2.8995797038078308e-05 - timing_s/old_log_prob:0.18056770414113998 - timing_s/adv:0.000466005876660347 - timing_s/update_actor:0.6445743106305599 - timing_s/update_weights:2.015358839184046 - timing_s/step:31.71736143901944 - timing_s/stop_profile:4.842318594455719e-05 - timing_per_token_ms/gen:9.406794010864456 - timing_per_token_ms/adv:0.0004330909634389842 - timing_per_token_ms/update_actor:0.5990467570915985 - perf/total_num_tokens:1076 - perf/time_per_step:31.71736143901944 - perf/throughput:16.962318919068085
[36m(TaskRunner pid=431148)[0m step:46 - fc_opd/hook_loss:0.31149667501449585 - fc_opd/hook_num_samples:2.0 - fc_opd/hook_active_weight:76.0982437133789 - fc_opd/loss/task_visible:0.48178064823150635 - fc_opd/selection/task_visible:0.013262318447232246 - fc_opd/loss/degraded:0.0 - fc_opd/selection/degraded:0.0 - fc_opd/loss/task_infer:0.6127038598060608 - fc_opd/selection/task_infer:0.011254261247813702 - fc_opd/loss/full:0.14783227443695068 - fc_opd/selection/full:0.048105139285326004 - fc_opd/loss/task_solve:0.4170066714286804 - fc_opd/selection/task_solve:0.02006566897034645 - fc_opd/loss/free:0.0 - fc_opd/selection/free:0.0 - fc_opd/loss/chunk/visible_evidence:0.0 - fc_opd/loss/chunk/diagram_inference:0.0 - fc_opd/loss/chunk/reasoning:0.028851887211203575 - fc_opd/loss/chunk/answer:0.0 - fc_opd/loss/total:0.31149667501449585 - fc_opd/online/loss:0.31149667501449585 - fc_opd/online/num_samples:2.0 - global_seqlen/min:589 - global_seqlen/max:592 - global_seqlen/minmax_diff:3 - global_seqlen/balanced_min:589 - global_seqlen/balanced_max:592 - global_seqlen/mean:590.5 - actor/entropy:0.3038494884967804 - perf/mfu/actor_infer:0 - actor/pg_loss:-0.9999990463256836 - actor/kl_loss:0.0 - actor/fc_opd_loss:0.19963004440069199 - actor/pg_clipfrac:0.0 - actor/ppo_kl:0.0 - actor/pg_clipfrac_lower:0.0 - actor/fc_opd_coef:0.10000000149011612 - actor/fc_opd_active_weight_mean:0.07431469485163689 - actor/grad_norm:6.042803764343262 - perf/mfu/actor:0.024188568833296852 - perf/max_memory_allocated_gb:41.394092082977295 - perf/max_memory_reserved_gb:46.6484375 - perf/cpu_memory_used_gb:135.17062377929688 - actor/lr:1e-06 - training/global_step:46 - training/epoch:45 - critic/score/mean:1.0 - critic/score/max:1.0 - critic/score/min:1.0 - critic/rewards/mean:1.0 - critic/rewards/max:1.0 - critic/rewards/min:1.0 - critic/advantages/mean:0.9999989867210388 - critic/advantages/max:0.9999990463256836 - critic/advantages/min:0.9999990463256836 - critic/returns/mean:0.9999989867210388 - critic/returns/max:0.9999990463256836 - critic/returns/min:0.9999990463256836 - response_length/mean:410.5 - response_length/max:412.0 - response_length/min:409.0 - response_length/clip_ratio:0.0 - response_length_non_aborted/mean:410.5 - response_length_non_aborted/max:412.0 - response_length_non_aborted/min:409.0 - response_length_non_aborted/clip_ratio:0.0 - response/aborted_ratio:0.0 - prompt_length/mean:180.0 - prompt_length/max:180.0 - prompt_length/min:180.0 - prompt_length/clip_ratio:0.0 - num_turns/min:2 - num_turns/max:2 - num_turns/mean:2.0 - timing_s/start_profile:0.00026476383209228516 - timing_s/agent_loop/num_preempted/min:-1 - timing_s/agent_loop/num_preempted/max:-1 - timing_s/agent_loop/num_preempted/mean:-1.0 - timing_s/agent_loop/generate_sequences/min:6.5888526532799006 - timing_s/agent_loop/generate_sequences/max:6.708330502733588 - timing_s/agent_loop/generate_sequences/mean:6.648591578006744 - timing_s/agent_loop/tool_calls/min:0.0 - timing_s/agent_loop/tool_calls/max:0.0 - timing_s/agent_loop/tool_calls/mean:0.0 - timing_s/agent_loop/slowest/generate_sequences:6.708330502733588 - timing_s/agent_loop/slowest/tool_calls:0.0 - timing_s/agent_loop/slowest/prompt_length:180 - timing_s/agent_loop/slowest/response_length:412 - timing_s/agent_loop/slowest/num_preempted:-1 - timing_s/gen:7.358942253515124 - timing_s/fc_opd:23.316166577860713 - timing_s/reward:2.1282583475112915e-05 - timing_s/old_log_prob:0.18154239282011986 - timing_s/adv:0.0004438050091266632 - timing_s/update_actor:0.6559313051402569 - timing_s/update_weights:2.0676507260650396 - timing_s/step:33.58382816053927 - timing_s/stop_profile:5.204044282436371e-05 - timing_per_token_ms/gen:8.963388859336327 - timing_per_token_ms/adv:0.00037578747597515934 - timing_per_token_ms/update_actor:0.5554033066386596 - perf/total_num_tokens:1181 - perf/time_per_step:33.58382816053927 - perf/throughput:17.58286747946837
[36m(TaskRunner pid=431148)[0m step:47 - fc_opd/hook_loss:0.3406529724597931 - fc_opd/hook_num_samples:2.0 - fc_opd/hook_active_weight:72.9747085571289 - fc_opd/loss/task_visible:0.6301755309104919 - fc_opd/selection/task_visible:0.01077708788216114 - fc_opd/loss/degraded:0.0 - fc_opd/selection/degraded:0.0 - fc_opd/loss/task_infer:0.7441586256027222 - fc_opd/selection/task_infer:0.013789525255560875 - fc_opd/loss/full:0.13895303010940552 - fc_opd/selection/full:0.04631510376930237 - fc_opd/loss/task_solve:0.3542109429836273 - fc_opd/selection/task_solve:0.02059573121368885 - fc_opd/loss/free:0.0 - fc_opd/selection/free:0.0 - fc_opd/loss/chunk/visible_evidence:0.0 - fc_opd/loss/chunk/diagram_inference:0.0 - fc_opd/loss/chunk/reasoning:0.03116108663380146 - fc_opd/loss/chunk/answer:0.0 - fc_opd/loss/total:0.3406529724597931 - fc_opd/online/loss:0.3406529724597931 - fc_opd/online/num_samples:2.0 - global_seqlen/min:532 - global_seqlen/max:626 - global_seqlen/minmax_diff:94 - global_seqlen/balanced_min:532 - global_seqlen/balanced_max:626 - global_seqlen/mean:579.0 - actor/entropy:0.28020069003105164 - perf/mfu/actor_infer:0 - actor/pg_loss:-0.9999990463256836 - actor/kl_loss:0.0 - actor/fc_opd_loss:0.1691473200917244 - actor/pg_clipfrac:0.0 - actor/ppo_kl:0.0 - actor/pg_clipfrac_lower:0.0 - actor/fc_opd_coef:0.10000000149011612 - actor/fc_opd_active_weight_mean:0.0712643675506115 - actor/grad_norm:6.875645160675049 - perf/mfu/actor:0.024097802023643894 - perf/max_memory_allocated_gb:41.394092082977295 - perf/max_memory_reserved_gb:46.6484375 - perf/cpu_memory_used_gb:134.96516036987305 - actor/lr:1e-06 - training/global_step:47 - training/epoch:46 - critic/score/mean:1.0 - critic/score/max:1.0 - critic/score/min:1.0 - critic/rewards/mean:1.0 - critic/rewards/max:1.0 - critic/rewards/min:1.0 - critic/advantages/mean:0.9999991059303284 - critic/advantages/max:0.9999990463256836 - critic/advantages/min:0.9999990463256836 - critic/returns/mean:0.9999991059303284 - critic/returns/max:0.9999990463256836 - critic/returns/min:0.9999990463256836 - response_length/mean:399.0 - response_length/max:446.0 - response_length/min:352.0 - response_length/clip_ratio:0.0 - response_length_non_aborted/mean:399.0 - response_length_non_aborted/max:446.0 - response_length_non_aborted/min:352.0 - response_length_non_aborted/clip_ratio:0.0 - response/aborted_ratio:0.0 - prompt_length/mean:180.0 - prompt_length/max:180.0 - prompt_length/min:180.0 - prompt_length/clip_ratio:0.0 - num_turns/min:2 - num_turns/max:2 - num_turns/mean:2.0 - timing_s/start_profile:0.0002555064857006073 - timing_s/agent_loop/num_preempted/min:-1 - timing_s/agent_loop/num_preempted/max:-1 - timing_s/agent_loop/num_preempted/mean:-1.0 - timing_s/agent_loop/generate_sequences/min:5.755832988768816 - timing_s/agent_loop/generate_sequences/max:7.150711297988892 - timing_s/agent_loop/generate_sequences/mean:6.453272143378854 - timing_s/agent_loop/tool_calls/min:0.0 - timing_s/agent_loop/tool_calls/max:0.0 - timing_s/agent_loop/tool_calls/mean:0.0 - timing_s/agent_loop/slowest/generate_sequences:7.150711297988892 - timing_s/agent_loop/slowest/tool_calls:0.0 - timing_s/agent_loop/slowest/prompt_length:180 - timing_s/agent_loop/slowest/response_length:446 - timing_s/agent_loop/slowest/num_preempted:-1 - timing_s/gen:7.79851084575057 - timing_s/fc_opd:23.098749481141567 - timing_s/reward:2.5374814867973328e-05 - timing_s/old_log_prob:0.18087925389409065 - timing_s/adv:0.0004507172852754593 - timing_s/update_actor:0.6474557556211948 - timing_s/update_weights:2.0373026579618454 - timing_s/step:33.76657593250275 - timing_s/stop_profile:6.005726754665375e-05 - timing_per_token_ms/gen:9.772569982143573 - timing_per_token_ms/adv:0.0003892204536057507 - timing_per_token_ms/update_actor:0.5591155057177848 - perf/total_num_tokens:1158 - perf/time_per_step:33.76657593250275 - perf/throughput:17.14713393378661[36m(TaskRunner pid=431148)[0m Training Progress:  24%|██▎       | 47/200 [24:23<1:25:28, 33.52s/it]
[36m(pid=3358284)[0m /inspire/hdd/global_user/mengweicheng-240108120092/lzy/fc-opd-storage/envs/fc-opd-verl071-cu128/lib/python3.12/site-packages/torch/cuda/__init__.py:63: FutureWarning: The pynvml package is deprecated. Please install nvidia-ml-py instead. If you did not install pynvml directly, please report this to the maintainers of the package that installed pynvml for you.
[36m(pid=3358284)[0m   import pynvml  # type: ignore[import]
[36m(pid=3358284)[0m /inspire/hdd/global_user/mengweicheng-240108120092/lzy/fc-opd-storage/envs/fc-opd-verl071-cu128/lib/python3.12/site-packages/transformers/utils/hub.py:110: FutureWarning: Using `TRANSFORMERS_CACHE` is deprecated and will be removed in v5 of Transformers. Use `HF_HOME` instead.
[36m(pid=3358284)[0m   warnings.warn(
[36m(_RayStudentScorerActor pid=3358284)[0m `torch_dtype` is deprecated! Use `dtype` instead!
[36m(_RayStudentScorerActor pid=3358284)[0m Loading checkpoint shards:   0%|          | 0/2 [00:00<?, ?it/s]
[36m(_RayStudentScorerActor pid=3358284)[0m Loading checkpoint shards:  50%|█████     | 1/2 [00:03<00:03,  3.06s/it]
[36m(_RayStudentScorerActor pid=3358284)[0m Loading checkpoint shards: 100%|██████████| 2/2 [00:05<00:00,  2.68s/it]Loading checkpoint shards: 100%|██████████| 2/2 [00:05<00:00,  2.74s/it]
[36m(WorkerDict pid=533144)[0m INFO:2026-06-29 13:37:55,327:update_weights done, time cost: 0.45s
[36m(TaskRunner pid=431148)[0m Training Progress:  24%|██▍       | 48/200 [24:56<1:24:39, 33.42s/it]
[36m(pid=3418331)[0m /inspire/hdd/global_user/mengweicheng-240108120092/lzy/fc-opd-storage/envs/fc-opd-verl071-cu128/lib/python3.12/site-packages/torch/cuda/__init__.py:63: FutureWarning: The pynvml package is deprecated. Please install nvidia-ml-py instead. If you did not install pynvml directly, please report this to the maintainers of the package that installed pynvml for you.
[36m(pid=3418331)[0m   import pynvml  # type: ignore[import]
[36m(pid=3418331)[0m /inspire/hdd/global_user/mengweicheng-240108120092/lzy/fc-opd-storage/envs/fc-opd-verl071-cu128/lib/python3.12/site-packages/transformers/utils/hub.py:110: FutureWarning: Using `TRANSFORMERS_CACHE` is deprecated and will be removed in v5 of Transformers. Use `HF_HOME` instead.
[36m(pid=3418331)[0m   warnings.warn(
[36m(_RayStudentScorerActor pid=3418331)[0m `torch_dtype` is deprecated! Use `dtype` instead!
[36m(_RayStudentScorerActor pid=3418331)[0m Loading checkpoint shards:   0%|          | 0/2 [00:00<?, ?it/s]
[36m(_RayStudentScorerActor pid=3418331)[0m Loading checkpoint shards:  50%|█████     | 1/2 [00:03<00:03,  3.09s/it]
[36m(_RayStudentScorerActor pid=3418331)[0m Loading checkpoint shards: 100%|██████████| 2/2 [00:05<00:00,  2.71s/it]Loading checkpoint shards: 100%|██████████| 2/2 [00:05<00:00,  2.77s/it]
[36m(WorkerDict pid=533144)[0m INFO:2026-06-29 13:38:29,352:update_weights done, time cost: 0.55s
[36m(TaskRunner pid=431148)[0m Training Progress:  24%|██▍       | 49/200 [25:30<1:24:29, 33.57s/it]
[36m(pid=3475430)[0m /inspire/hdd/global_user/mengweicheng-240108120092/lzy/fc-opd-storage/envs/fc-opd-verl071-cu128/lib/python3.12/site-packages/torch/cuda/__init__.py:63: FutureWarning: The pynvml package is deprecated. Please install nvidia-ml-py instead. If you did not install pynvml directly, please report this to the maintainers of the package that installed pynvml for you.
[36m(pid=3475430)[0m   import pynvml  # type: ignore[import]
[36m(pid=3475430)[0m /inspire/hdd/global_user/mengweicheng-240108120092/lzy/fc-opd-storage/envs/fc-opd-verl071-cu128/lib/python3.12/site-packages/transformers/utils/hub.py:110: FutureWarning: Using `TRANSFORMERS_CACHE` is deprecated and will be removed in v5 of Transformers. Use `HF_HOME` instead.
[36m(pid=3475430)[0m   warnings.warn(
[36m(_RayStudentScorerActor pid=3475430)[0m `torch_dtype` is deprecated! Use `dtype` instead!
[36m(_RayStudentScorerActor pid=3475430)[0m Loading checkpoint shards:   0%|          | 0/2 [00:00<?, ?it/s]
[36m(_RayStudentScorerActor pid=3475430)[0m Loading checkpoint shards:  50%|█████     | 1/2 [00:03<00:03,  3.07s/it]
[36m(_RayStudentScorerActor pid=3475430)[0m Loading checkpoint shards: 100%|██████████| 2/2 [00:05<00:00,  2.69s/it]Loading checkpoint shards: 100%|██████████| 2/2 [00:05<00:00,  2.75s/it]
[36m(WorkerDict pid=533144)[0m INFO:2026-06-29 13:39:12,954:[Rank 0] Saved model to /inspire/hdd/global_user/mengweicheng-240108120092/lzy/projects/Dual-Track-OPD/checkpoints/verl_fc_opd_overnight/fc_opd_overnight_20260629_130933/global_step_50/actor/model_world_size_2_rank_0.pt
[36m(WorkerDict pid=533144)[0m INFO:2026-06-29 13:39:31,992:[Rank 0] Saved optim to /inspire/hdd/global_user/mengweicheng-240108120092/lzy/projects/Dual-Track-OPD/checkpoints/verl_fc_opd_overnight/fc_opd_overnight_20260629_130933/global_step_50/actor/optim_world_size_2_rank_0.pt
[36m(WorkerDict pid=533144)[0m INFO:2026-06-29 13:39:31,994:[Rank 0] Saved extra_state to /inspire/hdd/global_user/mengweicheng-240108120092/lzy/projects/Dual-Track-OPD/checkpoints/verl_fc_opd_overnight/fc_opd_overnight_20260629_130933/global_step_50/actor/extra_state_world_size_2_rank_0.pt
[36m(WorkerDict pid=533145)[0m INFO:2026-06-29 13:39:13,154:[Rank 1] Saved model to /inspire/hdd/global_user/mengweicheng-240108120092/lzy/projects/Dual-Track-OPD/checkpoints/verl_fc_opd_overnight/fc_opd_overnight_20260629_130933/global_step_50/actor/model_world_size_2_rank_1.pt
[36m(WorkerDict pid=533144)[0m INFO:2026-06-29 13:39:32,613:[Rank 0] Saved model config and tokenizer class to /inspire/hdd/global_user/mengweicheng-240108120092/lzy/projects/Dual-Track-OPD/checkpoints/verl_fc_opd_overnight/fc_opd_overnight_20260629_130933/global_step_50/actor/huggingface
[36m(WorkerDict pid=533144)[0m INFO:2026-06-29 13:39:35,102:update_weights done, time cost: 0.52s

[36m(TaskRunner pid=431148)[0m step:48 - fc_opd/hook_loss:0.3428921103477478 - fc_opd/hook_num_samples:2.0 - fc_opd/hook_active_weight:72.27930450439453 - fc_opd/loss/task_visible:0.4712803065776825 - fc_opd/selection/task_visible:0.013268793001770973 - fc_opd/loss/degraded:0.0 - fc_opd/selection/degraded:0.0 - fc_opd/loss/task_infer:0.7615454196929932 - fc_opd/selection/task_infer:0.013571353629231453 - fc_opd/loss/full:0.13486799597740173 - fc_opd/selection/full:0.044422268867492676 - fc_opd/loss/task_solve:0.43753480911254883 - fc_opd/selection/task_solve:0.021383553743362427 - fc_opd/loss/free:0.0 - fc_opd/selection/free:0.0 - fc_opd/loss/chunk/visible_evidence:0.0 - fc_opd/loss/chunk/diagram_inference:0.0 - fc_opd/loss/chunk/reasoning:0.03176164627075195 - fc_opd/loss/chunk/answer:0.0 - fc_opd/loss/total:0.3428921103477478 - fc_opd/online/loss:0.3428921103477478 - fc_opd/online/num_samples:2.0 - global_seqlen/min:542 - global_seqlen/max:598 - global_seqlen/minmax_diff:56 - global_seqlen/balanced_min:542 - global_seqlen/balanced_max:598 - global_seqlen/mean:570.0 - actor/entropy:0.30822741985321045 - perf/mfu/actor_infer:0 - actor/pg_loss:-0.9999990463256836 - actor/kl_loss:0.0 - actor/fc_opd_loss:0.17169345170259476 - actor/pg_clipfrac:0.0 - actor/ppo_kl:0.0 - actor/pg_clipfrac_lower:0.0 - actor/fc_opd_coef:0.10000000149011612 - actor/fc_opd_active_weight_mean:0.07058526203036308 - actor/grad_norm:5.892356872558594 - perf/mfu/actor:0.023506938858432733 - perf/max_memory_allocated_gb:41.394092082977295 - perf/max_memory_reserved_gb:46.6484375 - perf/cpu_memory_used_gb:135.61801528930664 - actor/lr:1e-06 - training/global_step:48 - training/epoch:47 - critic/score/mean:1.0 - critic/score/max:1.0 - critic/score/min:1.0 - critic/rewards/mean:1.0 - critic/rewards/max:1.0 - critic/rewards/min:1.0 - critic/advantages/mean:0.9999990463256836 - critic/advantages/max:0.9999990463256836 - critic/advantages/min:0.9999990463256836 - critic/returns/mean:0.9999990463256836 - critic/returns/max:0.9999990463256836 - critic/returns/min:0.9999990463256836 - response_length/mean:390.0 - response_length/max:418.0 - response_length/min:362.0 - response_length/clip_ratio:0.0 - response_length_non_aborted/mean:390.0 - response_length_non_aborted/max:418.0 - response_length_non_aborted/min:362.0 - response_length_non_aborted/clip_ratio:0.0 - response/aborted_ratio:0.0 - prompt_length/mean:180.0 - prompt_length/max:180.0 - prompt_length/min:180.0 - prompt_length/clip_ratio:0.0 - num_turns/min:2 - num_turns/max:2 - num_turns/mean:2.0 - timing_s/start_profile:0.0002552065998315811 - timing_s/agent_loop/num_preempted/min:-1 - timing_s/agent_loop/num_preempted/max:-1 - timing_s/agent_loop/num_preempted/mean:-1.0 - timing_s/agent_loop/generate_sequences/min:5.893135920166969 - timing_s/agent_loop/generate_sequences/max:6.725924855098128 - timing_s/agent_loop/generate_sequences/mean:6.309530387632549 - timing_s/agent_loop/tool_calls/min:0.0 - timing_s/agent_loop/tool_calls/max:0.0 - timing_s/agent_loop/tool_calls/mean:0.0 - timing_s/agent_loop/slowest/generate_sequences:6.725924855098128 - timing_s/agent_loop/slowest/tool_calls:0.0 - timing_s/agent_loop/slowest/prompt_length:180 - timing_s/agent_loop/slowest/response_length:418 - timing_s/agent_loop/slowest/num_preempted:-1 - timing_s/gen:7.364044418558478 - timing_s/fc_opd:22.66924467496574 - timing_s/reward:2.0798295736312866e-05 - timing_s/old_log_prob:0.1793671678751707 - timing_s/adv:0.0004469640552997589 - timing_s/update_actor:0.6518915891647339 - timing_s/update_weights:2.0636402796953917 - timing_s/step:32.9319848138839 - timing_s/stop_profile:4.996731877326965e-05 - timing_per_token_ms/gen:9.441082587895485 - timing_per_token_ms/adv:0.00039207373271908674 - timing_per_token_ms/update_actor:0.5718347273374859 - perf/total_num_tokens:1140 - perf/time_per_step:32.9319848138839 - perf/throughput:17.308401033869416
[36m(TaskRunner pid=431148)[0m step:49 - fc_opd/hook_loss:0.3021188974380493 - fc_opd/hook_num_samples:2.0 - fc_opd/hook_active_weight:72.54603576660156 - fc_opd/loss/task_visible:0.5249521732330322 - fc_opd/selection/task_visible:0.011467773467302322 - fc_opd/loss/degraded:0.0 - fc_opd/selection/degraded:0.0 - fc_opd/loss/task_infer:0.5809192061424255 - fc_opd/selection/task_infer:0.012822259217500687 - fc_opd/loss/full:0.16032744944095612 - fc_opd/selection/full:0.047830987721681595 - fc_opd/loss/task_solve:0.32861781120300293 - fc_opd/selection/task_solve:0.019953247159719467 - fc_opd/loss/free:0.0 - fc_opd/selection/free:0.0 - fc_opd/loss/chunk/visible_evidence:0.0 - fc_opd/loss/chunk/diagram_inference:0.0 - fc_opd/loss/chunk/reasoning:0.02771916054189205 - fc_opd/loss/chunk/answer:0.0 - fc_opd/loss/total:0.3021188974380493 - fc_opd/online/loss:0.3021188974380493 - fc_opd/online/num_samples:2.0 - global_seqlen/min:517 - global_seqlen/max:629 - global_seqlen/minmax_diff:112 - global_seqlen/balanced_min:517 - global_seqlen/balanced_max:629 - global_seqlen/mean:573.0 - actor/entropy:0.2727767527103424 - perf/mfu/actor_infer:0 - actor/pg_loss:-0.999999076128006 - actor/kl_loss:0.0 - actor/fc_opd_loss:0.14032061025500298 - actor/pg_clipfrac:0.0 - actor/ppo_kl:0.0 - actor/pg_clipfrac_lower:0.0 - actor/fc_opd_coef:0.10000000149011612 - actor/fc_opd_active_weight_mean:0.07084574177861214 - actor/grad_norm:5.456012725830078 - perf/mfu/actor:0.02375683424779089 - perf/max_memory_allocated_gb:41.394092082977295 - perf/max_memory_reserved_gb:46.6484375 - perf/cpu_memory_used_gb:134.95458984375 - actor/lr:1e-06 - training/global_step:49 - training/epoch:48 - critic/score/mean:1.0 - critic/score/max:1.0 - critic/score/min:1.0 - critic/rewards/mean:1.0 - critic/rewards/max:1.0 - critic/rewards/min:1.0 - critic/advantages/mean:0.9999990463256836 - critic/advantages/max:0.9999990463256836 - critic/advantages/min:0.9999990463256836 - critic/returns/mean:0.9999990463256836 - critic/returns/max:0.9999990463256836 - critic/returns/min:0.9999990463256836 - response_length/mean:393.0 - response_length/max:449.0 - response_length/min:337.0 - response_length/clip_ratio:0.0 - response_length_non_aborted/mean:393.0 - response_length_non_aborted/max:449.0 - response_length_non_aborted/min:337.0 - response_length_non_aborted/clip_ratio:0.0 - response/aborted_ratio:0.0 - prompt_length/mean:180.0 - prompt_length/max:180.0 - prompt_length/min:180.0 - prompt_length/clip_ratio:0.0 - num_turns/min:2 - num_turns/max:2 - num_turns/mean:2.0 - timing_s/start_profile:0.00028320588171482086 - timing_s/agent_loop/num_preempted/min:-1 - timing_s/agent_loop/num_preempted/max:-1 - timing_s/agent_loop/num_preempted/mean:-1.0 - timing_s/agent_loop/generate_sequences/min:5.511590898036957 - timing_s/agent_loop/generate_sequences/max:7.2183212991803885 - timing_s/agent_loop/generate_sequences/mean:6.364956098608673 - timing_s/agent_loop/tool_calls/min:0.0 - timing_s/agent_loop/tool_calls/max:0.0 - timing_s/agent_loop/tool_calls/mean:0.0 - timing_s/agent_loop/slowest/generate_sequences:7.2183212991803885 - timing_s/agent_loop/slowest/tool_calls:0.0 - timing_s/agent_loop/slowest/prompt_length:180 - timing_s/agent_loop/slowest/response_length:449 - timing_s/agent_loop/slowest/num_preempted:-1 - timing_s/gen:7.8490818701684475 - timing_s/fc_opd:22.96399273350835 - timing_s/reward:2.5609508156776428e-05 - timing_s/old_log_prob:0.1857384704053402 - timing_s/adv:0.0004374254494905472 - timing_s/update_actor:0.6489674840122461 - timing_s/update_weights:2.0492284018546343 - timing_s/step:33.70120418444276 - timing_s/stop_profile:4.7292560338974e-05 - timing_per_token_ms/gen:9.986109249578178 - timing_per_token_ms/adv:0.00038169759990449144 - timing_per_token_ms/update_actor:0.5662892530647872 - perf/total_num_tokens:1146 - perf/time_per_step:33.70120418444276 - perf/throughput:17.002359822635352
[36m(TaskRunner pid=431148)[0m local_global_step_folder: /inspire/hdd/global_user/mengweicheng-240108120092/lzy/projects/Dual-Track-OPD/checkpoints/verl_fc_opd_overnight/fc_opd_overnight_20260629_130933/global_step_50
[36m(TaskRunner pid=431148)[0m step:50 - fc_opd/hook_loss:0.25740647315979004 - fc_opd/hook_num_samples:2.0 - fc_opd/hook_active_weight:79.57087707519531 - fc_opd/loss/task_visible:0.3511979579925537 - fc_opd/selection/task_visible:0.012044684961438179 - fc_opd/loss/degraded:0.0 - fc_opd/selection/degraded:0.0 - fc_opd/loss/task_infer:0.5161721706390381 - fc_opd/selection/task_infer:0.011613713577389717 - fc_opd/loss/full:0.10704833269119263 - fc_opd/selection/full:0.046935588121414185 - fc_opd/loss/task_solve:0.3859095871448517 - fc_opd/selection/task_solve:0.023020530119538307 - fc_opd/loss/free:0.0 - fc_opd/selection/free:0.0 - fc_opd/loss/chunk/visible_evidence:0.0 - fc_opd/loss/chunk/diagram_inference:0.0 - fc_opd/loss/chunk/reasoning:0.024094510823488235 - fc_opd/loss/chunk/answer:0.0 - fc_opd/loss/total:0.25740647315979004 - fc_opd/online/loss:0.25740647315979004 - fc_opd/online/num_samples:2.0 - global_seqlen/min:599 - global_seqlen/max:611 - global_seqlen/minmax_diff:12 - global_seqlen/balanced_min:599 - global_seqlen/balanced_max:611 - global_seqlen/mean:605.0 - actor/entropy:0.3312852084636688 - perf/mfu/actor_infer:0 - actor/pg_loss:-0.9999990165233612 - actor/kl_loss:0.0 - actor/fc_opd_loss:0.15895070880651474 - actor/pg_clipfrac:0.0 - actor/ppo_kl:0.0 - actor/pg_clipfrac_lower:0.0 - actor/fc_opd_coef:0.10000000149011612 - actor/fc_opd_active_weight_mean:0.07770593091845512 - actor/grad_norm:5.906098365783691 - perf/mfu/actor:0.025147252821575608 - perf/max_memory_allocated_gb:41.394092082977295 - perf/max_memory_reserved_gb:46.6484375 - perf/cpu_memory_used_gb:135.06992721557617 - actor/lr:1e-06 - training/global_step:50 - training/epoch:49 - critic/score/mean:1.0 - critic/score/max:1.0 - critic/score/min:1.0 - critic/rewards/mean:1.0 - critic/rewards/max:1.0 - critic/rewards/min:1.0 - critic/advantages/mean:0.9999989867210388 - critic/advantages/max:0.9999990463256836 - critic/advantages/min:0.9999990463256836 - critic/returns/mean:0.9999989867210388 - critic/returns/max:0.9999990463256836 - critic/returns/min:0.9999990463256836 - response_length/mean:425.0 - response_length/max:431.0 - response_length/min:419.0 - response_length/clip_ratio:0.0 - response_length_non_aborted/mean:425.0 - response_length_non_aborted/max:431.0 - response_length_non_aborted/min:419.0 - response_length_non_aborted/clip_ratio:0.0 - response/aborted_ratio:0.0 - prompt_length/mean:180.0 - prompt_length/max:180.0 - prompt_length/min:180.0 - prompt_length/clip_ratio:0.0 - num_turns/min:2 - num_turns/max:2 - num_turns/mean:2.0 - timing_s/start_profile:0.00026305951178073883 - timing_s/agent_loop/num_preempted/min:-1 - timing_s/agent_loop/num_preempted/max:-1 - timing_s/agent_loop/num_preempted/mean:-1.0 - timing_s/agent_loop/generate_sequences/min:6.7661338578909636 - timing_s/agent_loop/generate_sequences/max:6.88099124468863 - timing_s/agent_loop/generate_sequences/mean:6.823562551289797 - timing_s/agent_loop/tool_calls/min:0.0 - timing_s/agent_loop/tool_calls/max:0.0 - timing_s/agent_loop/tool_calls/mean:0.0 - timing_s/agent_loop/slowest/generate_sequences:6.88099124468863 - timing_s/agent_loop/slowest/tool_calls:0.0 - timing_s/agent_loop/slowest/prompt_length:180 - timing_s/agent_loop/slowest/response_length:431 - timing_s/agent_loop/slowest/num_preempted:-1 - timing_s/gen:7.538407027721405 - timing_s/fc_opd:23.554654287174344 - timing_s/reward:2.8369948267936707e-05 - timing_s/old_log_prob:0.17623590119183064 - timing_s/adv:0.0004416443407535553 - timing_s/update_actor:0.6463854238390923 - timing_s/save_checkpoint:31.114365708082914 - timing_s/update_weights:2.55037141405046 - timing_s/step:65.5844558160752 - timing_s/stop_profile:4.9287453293800354e-05 - timing_per_token_ms/gen:8.868714150260477 - timing_per_token_ms/adv:0.0003649953229368226 - timing_per_token_ms/update_actor:0.5342028296190845 - perf/total_num_tokens:1210 - perf/time_per_step:65.5844558160752 - perf/throughput:9.224746816481327[36m(TaskRunner pid=431148)[0m Training Progress:  25%|██▌       | 50/200 [26:36<1:48:07, 43.25s/it]
[36m(pid=3597426)[0m /inspire/hdd/global_user/mengweicheng-240108120092/lzy/fc-opd-storage/envs/fc-opd-verl071-cu128/lib/python3.12/site-packages/torch/cuda/__init__.py:63: FutureWarning: The pynvml package is deprecated. Please install nvidia-ml-py instead. If you did not install pynvml directly, please report this to the maintainers of the package that installed pynvml for you.
[36m(pid=3597426)[0m   import pynvml  # type: ignore[import]
[36m(WorkerDict pid=533145)[0m INFO:2026-06-29 13:39:32,436:[Rank 1] Saved optim to /inspire/hdd/global_user/mengweicheng-240108120092/lzy/projects/Dual-Track-OPD/checkpoints/verl_fc_opd_overnight/fc_opd_overnight_20260629_130933/global_step_50/actor/optim_world_size_2_rank_1.pt
[36m(WorkerDict pid=533145)[0m INFO:2026-06-29 13:39:32,438:[Rank 1] Saved extra_state to /inspire/hdd/global_user/mengweicheng-240108120092/lzy/projects/Dual-Track-OPD/checkpoints/verl_fc_opd_overnight/fc_opd_overnight_20260629_130933/global_step_50/actor/extra_state_world_size_2_rank_1.pt
[36m(pid=3597426)[0m /inspire/hdd/global_user/mengweicheng-240108120092/lzy/fc-opd-storage/envs/fc-opd-verl071-cu128/lib/python3.12/site-packages/transformers/utils/hub.py:110: FutureWarning: Using `TRANSFORMERS_CACHE` is deprecated and will be removed in v5 of Transformers. Use `HF_HOME` instead.
[36m(pid=3597426)[0m   warnings.warn(
[36m(_RayStudentScorerActor pid=3597426)[0m `torch_dtype` is deprecated! Use `dtype` instead!
[36m(_RayStudentScorerActor pid=3597426)[0m Loading checkpoint shards:   0%|          | 0/2 [00:00<?, ?it/s]
[36m(_RayStudentScorerActor pid=3597426)[0m Loading checkpoint shards:  50%|█████     | 1/2 [00:03<00:03,  3.07s/it]
[36m(_RayStudentScorerActor pid=3597426)[0m Loading checkpoint shards: 100%|██████████| 2/2 [00:05<00:00,  2.70s/it]Loading checkpoint shards: 100%|██████████| 2/2 [00:05<00:00,  2.76s/it]
[36m(WorkerDict pid=533144)[0m INFO:2026-06-29 13:40:15,456:update_weights done, time cost: 0.52s
[36m(TaskRunner pid=431148)[0m Training Progress:  26%|██▌       | 51/200 [27:17<1:45:16, 42.40s/it]
[36m(pid=3667722)[0m /inspire/hdd/global_user/mengweicheng-240108120092/lzy/fc-opd-storage/envs/fc-opd-verl071-cu128/lib/python3.12/site-packages/torch/cuda/__init__.py:63: FutureWarning: The pynvml package is deprecated. Please install nvidia-ml-py instead. If you did not install pynvml directly, please report this to the maintainers of the package that installed pynvml for you.
[36m(pid=3667722)[0m   import pynvml  # type: ignore[import]
[36m(pid=3667722)[0m /inspire/hdd/global_user/mengweicheng-240108120092/lzy/fc-opd-storage/envs/fc-opd-verl071-cu128/lib/python3.12/site-packages/transformers/utils/hub.py:110: FutureWarning: Using `TRANSFORMERS_CACHE` is deprecated and will be removed in v5 of Transformers. Use `HF_HOME` instead.
[36m(pid=3667722)[0m   warnings.warn(
[36m(_RayStudentScorerActor pid=3667722)[0m `torch_dtype` is deprecated! Use `dtype` instead!
[36m(_RayStudentScorerActor pid=3667722)[0m Loading checkpoint shards:   0%|          | 0/2 [00:00<?, ?it/s]
[36m(_RayStudentScorerActor pid=3667722)[0m Loading checkpoint shards:  50%|█████     | 1/2 [00:03<00:03,  3.08s/it]
[36m(_RayStudentScorerActor pid=3667722)[0m Loading checkpoint shards: 100%|██████████| 2/2 [00:05<00:00,  2.70s/it]Loading checkpoint shards: 100%|██████████| 2/2 [00:05<00:00,  2.76s/it]
[36m(WorkerDict pid=533144)[0m INFO:2026-06-29 13:40:49,603:update_weights done, time cost: 0.46s
[36m(TaskRunner pid=431148)[0m Training Progress:  26%|██▌       | 52/200 [27:51<1:38:23, 39.89s/it]
[36m(pid=3735154)[0m /inspire/hdd/global_user/mengweicheng-240108120092/lzy/fc-opd-storage/envs/fc-opd-verl071-cu128/lib/python3.12/site-packages/torch/cuda/__init__.py:63: FutureWarning: The pynvml package is deprecated. Please install nvidia-ml-py instead. If you did not install pynvml directly, please report this to the maintainers of the package that installed pynvml for you.
[36m(pid=3735154)[0m   import pynvml  # type: ignore[import]
[36m(pid=3735154)[0m /inspire/hdd/global_user/mengweicheng-240108120092/lzy/fc-opd-storage/envs/fc-opd-verl071-cu128/lib/python3.12/site-packages/transformers/utils/hub.py:110: FutureWarning: Using `TRANSFORMERS_CACHE` is deprecated and will be removed in v5 of Transformers. Use `HF_HOME` instead.
[36m(pid=3735154)[0m   warnings.warn(
[36m(_RayStudentScorerActor pid=3735154)[0m `torch_dtype` is deprecated! Use `dtype` instead!
[36m(_RayStudentScorerActor pid=3735154)[0m Loading checkpoint shards:   0%|          | 0/2 [00:00<?, ?it/s]
[36m(_RayStudentScorerActor pid=3735154)[0m Loading checkpoint shards:  50%|█████     | 1/2 [00:03<00:03,  3.09s/it]
[36m(_RayStudentScorerActor pid=3735154)[0m Loading checkpoint shards: 100%|██████████| 2/2 [00:05<00:00,  2.70s/it]Loading checkpoint shards: 100%|██████████| 2/2 [00:05<00:00,  2.76s/it]
[36m(WorkerDict pid=533144)[0m INFO:2026-06-29 13:41:21,750:update_weights done, time cost: 0.50s

[36m(TaskRunner pid=431148)[0m step:51 - fc_opd/hook_loss:0.36053013801574707 - fc_opd/hook_num_samples:2.0 - fc_opd/hook_active_weight:78.67384338378906 - fc_opd/loss/task_visible:0.7014448642730713 - fc_opd/selection/task_visible:0.013769851997494698 - fc_opd/loss/degraded:0.0 - fc_opd/selection/degraded:0.0 - fc_opd/loss/task_infer:0.7576007843017578 - fc_opd/selection/task_infer:0.013569245114922523 - fc_opd/loss/full:0.16762103140354156 - fc_opd/selection/full:0.04893117398023605 - fc_opd/loss/task_solve:0.33917534351348877 - fc_opd/selection/task_solve:0.017714183777570724 - fc_opd/loss/free:0.0 - fc_opd/selection/free:0.0 - fc_opd/loss/chunk/visible_evidence:0.0 - fc_opd/loss/chunk/diagram_inference:0.0 - fc_opd/loss/chunk/reasoning:0.03387952223420143 - fc_opd/loss/chunk/answer:0.0 - fc_opd/loss/total:0.36053013801574707 - fc_opd/online/loss:0.36053013801574707 - fc_opd/online/num_samples:2.0 - global_seqlen/min:563 - global_seqlen/max:634 - global_seqlen/minmax_diff:71 - global_seqlen/balanced_min:563 - global_seqlen/balanced_max:634 - global_seqlen/mean:598.5 - actor/entropy:0.3041960895061493 - perf/mfu/actor_infer:0 - actor/pg_loss:-0.9999990463256836 - actor/kl_loss:0.0 - actor/fc_opd_loss:0.18585657328367233 - actor/pg_clipfrac:0.0 - actor/ppo_kl:0.0 - actor/pg_clipfrac_lower:0.0 - actor/fc_opd_coef:0.10000000149011612 - actor/fc_opd_active_weight_mean:0.0768299251794815 - actor/grad_norm:5.784369945526123 - perf/mfu/actor:0.024161442408150505 - perf/max_memory_allocated_gb:41.394092082977295 - perf/max_memory_reserved_gb:46.6484375 - perf/cpu_memory_used_gb:135.2506980895996 - actor/lr:1e-06 - training/global_step:51 - training/epoch:50 - critic/score/mean:1.0 - critic/score/max:1.0 - critic/score/min:1.0 - critic/rewards/mean:1.0 - critic/rewards/max:1.0 - critic/rewards/min:1.0 - critic/advantages/mean:0.9999989867210388 - critic/advantages/max:0.9999990463256836 - critic/advantages/min:0.9999990463256836 - critic/returns/mean:0.9999989867210388 - critic/returns/max:0.9999990463256836 - critic/returns/min:0.9999990463256836 - response_length/mean:418.5 - response_length/max:454.0 - response_length/min:383.0 - response_length/clip_ratio:0.0 - response_length_non_aborted/mean:418.5 - response_length_non_aborted/max:454.0 - response_length_non_aborted/min:383.0 - response_length_non_aborted/clip_ratio:0.0 - response/aborted_ratio:0.0 - prompt_length/mean:180.0 - prompt_length/max:180.0 - prompt_length/min:180.0 - prompt_length/clip_ratio:0.0 - num_turns/min:2 - num_turns/max:2 - num_turns/mean:2.0 - timing_s/start_profile:0.00025430135428905487 - timing_s/agent_loop/num_preempted/min:-1 - timing_s/agent_loop/num_preempted/max:-1 - timing_s/agent_loop/num_preempted/mean:-1.0 - timing_s/agent_loop/generate_sequences/min:6.168803568929434 - timing_s/agent_loop/generate_sequences/max:7.373933790251613 - timing_s/agent_loop/generate_sequences/mean:6.771368679590523 - timing_s/agent_loop/tool_calls/min:0.0 - timing_s/agent_loop/tool_calls/max:0.0 - timing_s/agent_loop/tool_calls/mean:0.0 - timing_s/agent_loop/slowest/generate_sequences:7.373933790251613 - timing_s/agent_loop/slowest/tool_calls:0.0 - timing_s/agent_loop/slowest/prompt_length:180 - timing_s/agent_loop/slowest/response_length:454 - timing_s/agent_loop/slowest/num_preempted:-1 - timing_s/gen:8.015979195013642 - timing_s/fc_opd:29.059216188266873 - timing_s/reward:3.0623748898506165e-05 - timing_s/old_log_prob:0.17842699214816093 - timing_s/adv:0.00044419802725315094 - timing_s/update_actor:0.664843836799264 - timing_s/update_weights:2.19717825204134 - timing_s/step:40.11954690888524 - timing_s/stop_profile:4.783459007740021e-05 - timing_per_token_ms/gen:9.577036075285116 - timing_per_token_ms/adv:0.0003710927545974527 - timing_per_token_ms/update_actor:0.5554250933995521 - perf/total_num_tokens:1197 - perf/time_per_step:40.11954690888524 - perf/throughput:14.917915233670067
[36m(TaskRunner pid=431148)[0m step:52 - fc_opd/hook_loss:0.3207421898841858 - fc_opd/hook_num_samples:2.0 - fc_opd/hook_active_weight:74.40257263183594 - fc_opd/loss/task_visible:0.5196183323860168 - fc_opd/selection/task_visible:0.01304362528026104 - fc_opd/loss/degraded:0.0 - fc_opd/selection/degraded:0.0 - fc_opd/loss/task_infer:0.5996322631835938 - fc_opd/selection/task_infer:0.012797936797142029 - fc_opd/loss/full:0.17345911264419556 - fc_opd/selection/full:0.04527496173977852 - fc_opd/loss/task_solve:0.3432214856147766 - fc_opd/selection/task_solve:0.021285023540258408 - fc_opd/loss/free:0.0 - fc_opd/selection/free:0.0 - fc_opd/loss/chunk/visible_evidence:0.0 - fc_opd/loss/chunk/diagram_inference:0.0 - fc_opd/loss/chunk/reasoning:0.029650002717971802 - fc_opd/loss/chunk/answer:0.0 - fc_opd/loss/total:0.3207421898841858 - fc_opd/online/loss:0.3207421898841858 - fc_opd/online/num_samples:2.0 - global_seqlen/min:558 - global_seqlen/max:607 - global_seqlen/minmax_diff:49 - global_seqlen/balanced_min:558 - global_seqlen/balanced_max:607 - global_seqlen/mean:582.5 - actor/entropy:0.2876402735710144 - perf/mfu/actor_infer:0 - actor/pg_loss:-0.9999990165233612 - actor/kl_loss:0.0 - actor/fc_opd_loss:0.1728532388806343 - actor/pg_clipfrac:0.0 - actor/ppo_kl:0.0 - actor/pg_clipfrac_lower:0.0 - actor/fc_opd_coef:0.10000000149011612 - actor/fc_opd_active_weight_mean:0.07265876233577728 - actor/grad_norm:6.42930793762207 - perf/mfu/actor:0.02401129432085008 - perf/max_memory_allocated_gb:41.394092082977295 - perf/max_memory_reserved_gb:46.6484375 - perf/cpu_memory_used_gb:135.15331268310547 - actor/lr:1e-06 - training/global_step:52 - training/epoch:51 - critic/score/mean:1.0 - critic/score/max:1.0 - critic/score/min:1.0 - critic/rewards/mean:1.0 - critic/rewards/max:1.0 - critic/rewards/min:1.0 - critic/advantages/mean:0.9999991059303284 - critic/advantages/max:0.9999990463256836 - critic/advantages/min:0.9999990463256836 - critic/returns/mean:0.9999991059303284 - critic/returns/max:0.9999990463256836 - critic/returns/min:0.9999990463256836 - response_length/mean:402.5 - response_length/max:427.0 - response_length/min:378.0 - response_length/clip_ratio:0.0 - response_length_non_aborted/mean:402.5 - response_length_non_aborted/max:427.0 - response_length_non_aborted/min:378.0 - response_length_non_aborted/clip_ratio:0.0 - response/aborted_ratio:0.0 - prompt_length/mean:180.0 - prompt_length/max:180.0 - prompt_length/min:180.0 - prompt_length/clip_ratio:0.0 - num_turns/min:2 - num_turns/max:2 - num_turns/mean:2.0 - timing_s/start_profile:0.00024993903934955597 - timing_s/agent_loop/num_preempted/min:-1 - timing_s/agent_loop/num_preempted/max:-1 - timing_s/agent_loop/num_preempted/mean:-1.0 - timing_s/agent_loop/generate_sequences/min:6.087720071896911 - timing_s/agent_loop/generate_sequences/max:6.9067663457244635 - timing_s/agent_loop/generate_sequences/mean:6.497243208810687 - timing_s/agent_loop/tool_calls/min:0.0 - timing_s/agent_loop/tool_calls/max:0.0 - timing_s/agent_loop/tool_calls/mean:0.0 - timing_s/agent_loop/slowest/generate_sequences:6.9067663457244635 - timing_s/agent_loop/slowest/tool_calls:0.0 - timing_s/agent_loop/slowest/prompt_length:180 - timing_s/agent_loop/slowest/response_length:427 - timing_s/agent_loop/slowest/num_preempted:-1 - timing_s/gen:7.564615139737725 - timing_s/fc_opd:23.445374075323343 - timing_s/reward:2.849474549293518e-05 - timing_s/old_log_prob:0.18722539581358433 - timing_s/adv:0.0006152410060167313 - timing_s/update_actor:0.6538745276629925 - timing_s/update_weights:1.9374295342713594 - timing_s/step:33.79285874404013 - timing_s/stop_profile:4.780106246471405e-05 - timing_per_token_ms/gen:9.397037440667981 - timing_per_token_ms/adv:0.0005281038678255204 - timing_per_token_ms/update_actor:0.5612656889811094 - perf/total_num_tokens:1165 - perf/time_per_step:33.79285874404013 - perf/throughput:17.237369718024595
[36m(TaskRunner pid=431148)[0m step:53 - fc_opd/hook_loss:0.31020891666412354 - fc_opd/hook_num_samples:2.0 - fc_opd/hook_active_weight:66.85579681396484 - fc_opd/loss/task_visible:0.5392652750015259 - fc_opd/selection/task_visible:0.01274874061346054 - fc_opd/loss/degraded:0.0 - fc_opd/selection/degraded:0.0 - fc_opd/loss/task_infer:0.6388376951217651 - fc_opd/selection/task_infer:0.011414462700486183 - fc_opd/loss/full:0.18100672960281372 - fc_opd/selection/full:0.045754268765449524 - fc_opd/loss/task_solve:0.2856349050998688 - fc_opd/selection/task_solve:0.021910622715950012 - fc_opd/loss/free:0.0 - fc_opd/selection/free:0.0 - fc_opd/loss/chunk/visible_evidence:0.0 - fc_opd/loss/chunk/diagram_inference:0.0 - fc_opd/loss/chunk/reasoning:0.028446849435567856 - fc_opd/loss/chunk/answer:0.0 - fc_opd/loss/total:0.31020891666412354 - fc_opd/online/loss:0.31020891666412354 - fc_opd/online/num_samples:2.0 - global_seqlen/min:515 - global_seqlen/max:572 - global_seqlen/minmax_diff:57 - global_seqlen/balanced_min:515 - global_seqlen/balanced_max:572 - global_seqlen/mean:543.5 - actor/entropy:0.3011971712112427 - perf/mfu/actor_infer:0 - actor/pg_loss:-0.999999076128006 - actor/kl_loss:0.0 - actor/fc_opd_loss:0.16012147814035416 - actor/pg_clipfrac:0.0 - actor/ppo_kl:0.0 - actor/pg_clipfrac_lower:0.0 - actor/fc_opd_coef:0.10000000149011612 - actor/fc_opd_active_weight_mean:0.06528886407613754 - actor/grad_norm:6.256006717681885 - perf/mfu/actor:0.022485104128336646 - perf/max_memory_allocated_gb:41.394092082977295 - perf/max_memory_reserved_gb:46.6484375 - perf/cpu_memory_used_gb:134.85347366333008 - actor/lr:1e-06 - training/global_step:53 - training/epoch:52 - critic/score/mean:1.0 - critic/score/max:1.0 - critic/score/min:1.0 - critic/rewards/mean:1.0 - critic/rewards/max:1.0 - critic/rewards/min:1.0 - critic/advantages/mean:0.9999989867210388 - critic/advantages/max:0.9999990463256836 - critic/advantages/min:0.9999990463256836 - critic/returns/mean:0.9999989867210388 - critic/returns/max:0.9999990463256836 - critic/returns/min:0.9999990463256836 - response_length/mean:363.5 - response_length/max:392.0 - response_length/min:335.0 - response_length/clip_ratio:0.0 - response_length_non_aborted/mean:363.5 - response_length_non_aborted/max:392.0 - response_length_non_aborted/min:335.0 - response_length_non_aborted/clip_ratio:0.0 - response/aborted_ratio:0.0 - prompt_length/mean:180.0 - prompt_length/max:180.0 - prompt_length/min:180.0 - prompt_length/clip_ratio:0.0 - num_turns/min:2 - num_turns/max:2 - num_turns/mean:2.0 - timing_s/start_profile:0.000263875350356102 - timing_s/agent_loop/num_preempted/min:-1 - timing_s/agent_loop/num_preempted/max:-1 - timing_s/agent_loop/num_preempted/mean:-1.0 - timing_s/agent_loop/generate_sequences/min:5.382155219092965 - timing_s/agent_loop/generate_sequences/max:6.330757398158312 - timing_s/agent_loop/generate_sequences/mean:5.8564563086256385 - timing_s/agent_loop/tool_calls/min:0.0 - timing_s/agent_loop/tool_calls/max:0.0 - timing_s/agent_loop/tool_calls/mean:0.0 - timing_s/agent_loop/slowest/generate_sequences:6.330757398158312 - timing_s/agent_loop/slowest/tool_calls:0.0 - timing_s/agent_loop/slowest/prompt_length:180 - timing_s/agent_loop/slowest/response_length:392 - timing_s/agent_loop/slowest/num_preempted:-1 - timing_s/gen:6.966771574690938 - timing_s/fc_opd:22.068226855248213 - timing_s/reward:2.1802261471748352e-05 - timing_s/old_log_prob:0.17770452424883842 - timing_s/adv:0.00043618306517601013 - timing_s/update_actor:0.652100084349513 - timing_s/update_weights:1.973113851621747 - timing_s/step:31.84173152409494 - timing_s/stop_profile:4.8588961362838745e-05 - timing_per_token_ms/gen:9.582904504389186 - timing_per_token_ms/adv:0.00040127236906716663 - timing_per_token_ms/update_actor:0.5999080812783009 - perf/total_num_tokens:1087 - perf/time_per_step:31.84173152409494 - perf/throughput:17.068795382208673[36m(TaskRunner pid=431148)[0m Training Progress:  26%|██▋       | 53/200 [28:23<1:31:59, 37.55s/it]
[36m(pid=3791834)[0m /inspire/hdd/global_user/mengweicheng-240108120092/lzy/fc-opd-storage/envs/fc-opd-verl071-cu128/lib/python3.12/site-packages/torch/cuda/__init__.py:63: FutureWarning: The pynvml package is deprecated. Please install nvidia-ml-py instead. If you did not install pynvml directly, please report this to the maintainers of the package that installed pynvml for you.
[36m(pid=3791834)[0m   import pynvml  # type: ignore[import]
[36m(pid=3791834)[0m /inspire/hdd/global_user/mengweicheng-240108120092/lzy/fc-opd-storage/envs/fc-opd-verl071-cu128/lib/python3.12/site-packages/transformers/utils/hub.py:110: FutureWarning: Using `TRANSFORMERS_CACHE` is deprecated and will be removed in v5 of Transformers. Use `HF_HOME` instead.
[36m(pid=3791834)[0m   warnings.warn(
[36m(_RayStudentScorerActor pid=3791834)[0m `torch_dtype` is deprecated! Use `dtype` instead!
[36m(_RayStudentScorerActor pid=3791834)[0m Loading checkpoint shards:   0%|          | 0/2 [00:00<?, ?it/s]
[36m(_RayStudentScorerActor pid=3791834)[0m Loading checkpoint shards:  50%|█████     | 1/2 [00:03<00:03,  3.08s/it]
[36m(_RayStudentScorerActor pid=3791834)[0m Loading checkpoint shards: 100%|██████████| 2/2 [00:05<00:00,  2.70s/it]Loading checkpoint shards: 100%|██████████| 2/2 [00:05<00:00,  2.75s/it]
[36m(WorkerDict pid=533144)[0m INFO:2026-06-29 13:41:54,117:update_weights done, time cost: 0.48s
[36m(TaskRunner pid=431148)[0m Training Progress:  27%|██▋       | 54/200 [28:55<1:27:39, 36.02s/it]
[36m(pid=3854846)[0m /inspire/hdd/global_user/mengweicheng-240108120092/lzy/fc-opd-storage/envs/fc-opd-verl071-cu128/lib/python3.12/site-packages/torch/cuda/__init__.py:63: FutureWarning: The pynvml package is deprecated. Please install nvidia-ml-py instead. If you did not install pynvml directly, please report this to the maintainers of the package that installed pynvml for you.
[36m(pid=3854846)[0m   import pynvml  # type: ignore[import]
[36m(pid=3854846)[0m /inspire/hdd/global_user/mengweicheng-240108120092/lzy/fc-opd-storage/envs/fc-opd-verl071-cu128/lib/python3.12/site-packages/transformers/utils/hub.py:110: FutureWarning: Using `TRANSFORMERS_CACHE` is deprecated and will be removed in v5 of Transformers. Use `HF_HOME` instead.
[36m(pid=3854846)[0m   warnings.warn(
[36m(_RayStudentScorerActor pid=3854846)[0m `torch_dtype` is deprecated! Use `dtype` instead!
[36m(_RayStudentScorerActor pid=3854846)[0m Loading checkpoint shards:   0%|          | 0/2 [00:00<?, ?it/s]
[36m(_RayStudentScorerActor pid=3854846)[0m Loading checkpoint shards:  50%|█████     | 1/2 [00:03<00:03,  3.07s/it]
[36m(_RayStudentScorerActor pid=3854846)[0m Loading checkpoint shards: 100%|██████████| 2/2 [00:05<00:00,  2.69s/it]Loading checkpoint shards: 100%|██████████| 2/2 [00:05<00:00,  2.74s/it]
[36m(WorkerDict pid=533144)[0m INFO:2026-06-29 13:42:27,859:update_weights done, time cost: 0.56s
[36m(TaskRunner pid=431148)[0m Training Progress:  28%|██▊       | 55/200 [29:29<1:25:23, 35.34s/it]
[36m(pid=3914059)[0m /inspire/hdd/global_user/mengweicheng-240108120092/lzy/fc-opd-storage/envs/fc-opd-verl071-cu128/lib/python3.12/site-packages/torch/cuda/__init__.py:63: FutureWarning: The pynvml package is deprecated. Please install nvidia-ml-py instead. If you did not install pynvml directly, please report this to the maintainers of the package that installed pynvml for you.
[36m(pid=3914059)[0m   import pynvml  # type: ignore[import]
[36m(pid=3914059)[0m /inspire/hdd/global_user/mengweicheng-240108120092/lzy/fc-opd-storage/envs/fc-opd-verl071-cu128/lib/python3.12/site-packages/transformers/utils/hub.py:110: FutureWarning: Using `TRANSFORMERS_CACHE` is deprecated and will be removed in v5 of Transformers. Use `HF_HOME` instead.
[36m(pid=3914059)[0m   warnings.warn(
[36m(_RayStudentScorerActor pid=3914059)[0m `torch_dtype` is deprecated! Use `dtype` instead!
[36m(_RayStudentScorerActor pid=3914059)[0m Loading checkpoint shards:   0%|          | 0/2 [00:00<?, ?it/s]
[36m(_RayStudentScorerActor pid=3914059)[0m Loading checkpoint shards:  50%|█████     | 1/2 [00:03<00:03,  3.08s/it]
[36m(_RayStudentScorerActor pid=3914059)[0m Loading checkpoint shards: 100%|██████████| 2/2 [00:05<00:00,  2.70s/it]Loading checkpoint shards: 100%|██████████| 2/2 [00:05<00:00,  2.76s/it]
[36m(WorkerDict pid=533144)[0m INFO:2026-06-29 13:43:00,108:update_weights done, time cost: 0.49s

[36m(TaskRunner pid=431148)[0m step:54 - fc_opd/hook_loss:0.3757719397544861 - fc_opd/hook_num_samples:2.0 - fc_opd/hook_active_weight:70.00240325927734 - fc_opd/loss/task_visible:0.6576052904129028 - fc_opd/selection/task_visible:0.011887023225426674 - fc_opd/loss/degraded:0.0 - fc_opd/selection/degraded:0.0 - fc_opd/loss/task_infer:0.9370068311691284 - fc_opd/selection/task_infer:0.013638012111186981 - fc_opd/loss/full:0.12710270285606384 - fc_opd/selection/full:0.046717092394828796 - fc_opd/loss/task_solve:0.4127276539802551 - fc_opd/selection/task_solve:0.020118769258260727 - fc_opd/loss/free:0.0 - fc_opd/selection/free:0.0 - fc_opd/loss/chunk/visible_evidence:0.0 - fc_opd/loss/chunk/diagram_inference:0.0 - fc_opd/loss/chunk/reasoning:0.03473192825913429 - fc_opd/loss/chunk/answer:0.0 - fc_opd/loss/total:0.3757719397544861 - fc_opd/online/loss:0.3757719397544861 - fc_opd/online/num_samples:2.0 - global_seqlen/min:551 - global_seqlen/max:567 - global_seqlen/minmax_diff:16 - global_seqlen/balanced_min:551 - global_seqlen/balanced_max:567 - global_seqlen/mean:559.0 - actor/entropy:0.27892419695854187 - perf/mfu/actor_infer:0 - actor/pg_loss:-0.9999990165233612 - actor/kl_loss:0.0 - actor/fc_opd_loss:0.19691867381334305 - actor/pg_clipfrac:0.0 - actor/ppo_kl:0.0 - actor/pg_clipfrac_lower:0.0 - actor/fc_opd_coef:0.10000000149011612 - actor/fc_opd_active_weight_mean:0.06836172565817833 - actor/grad_norm:5.308781147003174 - perf/mfu/actor:0.023264101606005182 - perf/max_memory_allocated_gb:41.394092082977295 - perf/max_memory_reserved_gb:46.6484375 - perf/cpu_memory_used_gb:135.1044807434082 - actor/lr:1e-06 - training/global_step:54 - training/epoch:53 - critic/score/mean:1.0 - critic/score/max:1.0 - critic/score/min:1.0 - critic/rewards/mean:1.0 - critic/rewards/max:1.0 - critic/rewards/min:1.0 - critic/advantages/mean:0.9999990463256836 - critic/advantages/max:0.9999990463256836 - critic/advantages/min:0.9999990463256836 - critic/returns/mean:0.9999990463256836 - critic/returns/max:0.9999990463256836 - critic/returns/min:0.9999990463256836 - response_length/mean:379.0 - response_length/max:387.0 - response_length/min:371.0 - response_length/clip_ratio:0.0 - response_length_non_aborted/mean:379.0 - response_length_non_aborted/max:387.0 - response_length_non_aborted/min:371.0 - response_length_non_aborted/clip_ratio:0.0 - response/aborted_ratio:0.0 - prompt_length/mean:180.0 - prompt_length/max:180.0 - prompt_length/min:180.0 - prompt_length/clip_ratio:0.0 - num_turns/min:2 - num_turns/max:2 - num_turns/mean:2.0 - timing_s/start_profile:0.0002522561699151993 - timing_s/agent_loop/num_preempted/min:-1 - timing_s/agent_loop/num_preempted/max:-1 - timing_s/agent_loop/num_preempted/mean:-1.0 - timing_s/agent_loop/generate_sequences/min:6.020819693803787 - timing_s/agent_loop/generate_sequences/max:6.173441514372826 - timing_s/agent_loop/generate_sequences/mean:6.097130604088306 - timing_s/agent_loop/tool_calls/min:0.0 - timing_s/agent_loop/tool_calls/max:0.0 - timing_s/agent_loop/tool_calls/mean:0.0 - timing_s/agent_loop/slowest/generate_sequences:6.173441514372826 - timing_s/agent_loop/slowest/tool_calls:0.0 - timing_s/agent_loop/slowest/prompt_length:180 - timing_s/agent_loop/slowest/response_length:387 - timing_s/agent_loop/slowest/num_preempted:-1 - timing_s/gen:6.825424786657095 - timing_s/fc_opd:22.544362986460328 - timing_s/reward:2.7127563953399658e-05 - timing_s/old_log_prob:0.18488079123198986 - timing_s/adv:0.0004532989114522934 - timing_s/update_actor:0.648391455411911 - timing_s/update_weights:1.9870691038668156 - timing_s/step:32.194109259173274 - timing_s/stop_profile:4.9248337745666504e-05 - timing_per_token_ms/gen:9.004518188201972 - timing_per_token_ms/adv:0.00040545519807897443 - timing_per_token_ms/update_actor:0.5799565790804213 - perf/total_num_tokens:1118 - perf/time_per_step:32.194109259173274 - perf/throughput:17.363424951436436
[36m(TaskRunner pid=431148)[0m step:55 - fc_opd/hook_loss:0.33249494433403015 - fc_opd/hook_num_samples:2.0 - fc_opd/hook_active_weight:70.98309326171875 - fc_opd/loss/task_visible:0.7432856559753418 - fc_opd/selection/task_visible:0.011260628700256348 - fc_opd/loss/degraded:0.0 - fc_opd/selection/degraded:0.0 - fc_opd/loss/task_infer:0.5553183555603027 - fc_opd/selection/task_infer:0.013198573142290115 - fc_opd/loss/full:0.13578420877456665 - fc_opd/selection/full:0.04564777389168739 - fc_opd/loss/task_solve:0.4009157419204712 - fc_opd/selection/task_solve:0.020906146615743637 - fc_opd/loss/free:0.0 - fc_opd/selection/free:0.0 - fc_opd/loss/chunk/visible_evidence:0.0 - fc_opd/loss/chunk/diagram_inference:0.0 - fc_opd/loss/chunk/reasoning:0.0302584208548069 - fc_opd/loss/chunk/answer:0.0 - fc_opd/loss/total:0.33249494433403015 - fc_opd/online/loss:0.33249494433403015 - fc_opd/online/num_samples:2.0 - global_seqlen/min:507 - global_seqlen/max:633 - global_seqlen/minmax_diff:126 - global_seqlen/balanced_min:507 - global_seqlen/balanced_max:633 - global_seqlen/mean:570.0 - actor/entropy:0.30453500151634216 - perf/mfu/actor_infer:0 - actor/pg_loss:-0.9999990463256836 - actor/kl_loss:0.0 - actor/fc_opd_loss:0.1969021037220955 - actor/pg_clipfrac:0.0 - actor/ppo_kl:0.0 - actor/pg_clipfrac_lower:0.0 - actor/fc_opd_coef:0.10000000149011612 - actor/fc_opd_active_weight_mean:0.06931942887604237 - actor/grad_norm:6.135097980499268 - perf/mfu/actor:0.02335442893942727 - perf/max_memory_allocated_gb:41.394092082977295 - perf/max_memory_reserved_gb:46.6484375 - perf/cpu_memory_used_gb:135.67261505126953 - actor/lr:1e-06 - training/global_step:55 - training/epoch:54 - critic/score/mean:1.0 - critic/score/max:1.0 - critic/score/min:1.0 - critic/rewards/mean:1.0 - critic/rewards/max:1.0 - critic/rewards/min:1.0 - critic/advantages/mean:0.9999990463256836 - critic/advantages/max:0.9999990463256836 - critic/advantages/min:0.9999990463256836 - critic/returns/mean:0.9999990463256836 - critic/returns/max:0.9999990463256836 - critic/returns/min:0.9999990463256836 - response_length/mean:390.0 - response_length/max:453.0 - response_length/min:327.0 - response_length/clip_ratio:0.0 - response_length_non_aborted/mean:390.0 - response_length_non_aborted/max:453.0 - response_length_non_aborted/min:327.0 - response_length_non_aborted/clip_ratio:0.0 - response/aborted_ratio:0.0 - prompt_length/mean:180.0 - prompt_length/max:180.0 - prompt_length/min:180.0 - prompt_length/clip_ratio:0.0 - num_turns/min:2 - num_turns/max:2 - num_turns/mean:2.0 - timing_s/start_profile:0.00024759024381637573 - timing_s/agent_loop/num_preempted/min:-1 - timing_s/agent_loop/num_preempted/max:-1 - timing_s/agent_loop/num_preempted/mean:-1.0 - timing_s/agent_loop/generate_sequences/min:5.2905229311436415 - timing_s/agent_loop/generate_sequences/max:7.26076864823699 - timing_s/agent_loop/generate_sequences/mean:6.275645789690316 - timing_s/agent_loop/tool_calls/min:0.0 - timing_s/agent_loop/tool_calls/max:0.0 - timing_s/agent_loop/tool_calls/mean:0.0 - timing_s/agent_loop/slowest/generate_sequences:7.26076864823699 - timing_s/agent_loop/slowest/tool_calls:0.0 - timing_s/agent_loop/slowest/prompt_length:180 - timing_s/agent_loop/slowest/response_length:453 - timing_s/agent_loop/slowest/num_preempted:-1 - timing_s/gen:7.930151093751192 - timing_s/fc_opd:22.649303786456585 - timing_s/reward:2.1891668438911438e-05 - timing_s/old_log_prob:0.181278420612216 - timing_s/adv:0.0004417840391397476 - timing_s/update_actor:0.6561761572957039 - timing_s/update_weights:2.078103279694915 - timing_s/step:33.498477313667536 - timing_s/stop_profile:4.902854561805725e-05 - timing_per_token_ms/gen:10.166860376604092 - timing_per_token_ms/adv:0.00038752985889451547 - timing_per_token_ms/update_actor:0.575593120434828 - perf/total_num_tokens:1140 - perf/time_per_step:33.498477313667536 - perf/throughput:17.015698793193724
[36m(TaskRunner pid=431148)[0m step:56 - fc_opd/hook_loss:0.34385600686073303 - fc_opd/hook_num_samples:2.0 - fc_opd/hook_active_weight:68.4375 - fc_opd/loss/task_visible:0.5909428596496582 - fc_opd/selection/task_visible:0.011975285597145557 - fc_opd/loss/degraded:0.0 - fc_opd/selection/degraded:0.0 - fc_opd/loss/task_infer:0.5679864883422852 - fc_opd/selection/task_infer:0.015788577497005463 - fc_opd/loss/full:0.18680450320243835 - fc_opd/selection/full:0.045840855687856674 - fc_opd/loss/task_solve:0.41514334082603455 - fc_opd/selection/task_solve:0.018977221101522446 - fc_opd/loss/free:0.0 - fc_opd/selection/free:0.0 - fc_opd/loss/chunk/visible_evidence:0.0 - fc_opd/loss/chunk/diagram_inference:0.0 - fc_opd/loss/chunk/reasoning:0.031828802078962326 - fc_opd/loss/chunk/answer:0.0 - fc_opd/loss/total:0.34385600686073303 - fc_opd/online/loss:0.34385600686073303 - fc_opd/online/num_samples:2.0 - global_seqlen/min:534 - global_seqlen/max:565 - global_seqlen/minmax_diff:31 - global_seqlen/balanced_min:534 - global_seqlen/balanced_max:565 - global_seqlen/mean:549.5 - actor/entropy:0.32228824496269226 - perf/mfu/actor_infer:0 - actor/pg_loss:-0.9999990463256836 - actor/kl_loss:0.0 - actor/fc_opd_loss:0.19079888612031937 - actor/pg_clipfrac:0.0 - actor/ppo_kl:0.0 - actor/pg_clipfrac_lower:0.0 - actor/fc_opd_coef:0.10000000149011612 - actor/fc_opd_active_weight_mean:0.0668334998190403 - actor/grad_norm:7.48759126663208 - perf/mfu/actor:0.02020250611722381 - perf/max_memory_allocated_gb:41.394092082977295 - perf/max_memory_reserved_gb:46.6484375 - perf/cpu_memory_used_gb:134.8677978515625 - actor/lr:1e-06 - training/global_step:56 - training/epoch:55 - critic/score/mean:1.0 - critic/score/max:1.0 - critic/score/min:1.0 - critic/rewards/mean:1.0 - critic/rewards/max:1.0 - critic/rewards/min:1.0 - critic/advantages/mean:0.9999989867210388 - critic/advantages/max:0.9999990463256836 - critic/advantages/min:0.9999990463256836 - critic/returns/mean:0.9999989867210388 - critic/returns/max:0.9999990463256836 - critic/returns/min:0.9999990463256836 - response_length/mean:369.5 - response_length/max:385.0 - response_length/min:354.0 - response_length/clip_ratio:0.0 - response_length_non_aborted/mean:369.5 - response_length_non_aborted/max:385.0 - response_length_non_aborted/min:354.0 - response_length_non_aborted/clip_ratio:0.0 - response/aborted_ratio:0.0 - prompt_length/mean:180.0 - prompt_length/max:180.0 - prompt_length/min:180.0 - prompt_length/clip_ratio:0.0 - num_turns/min:2 - num_turns/max:2 - num_turns/mean:2.0 - timing_s/start_profile:0.00025223568081855774 - timing_s/agent_loop/num_preempted/min:-1 - timing_s/agent_loop/num_preempted/max:-1 - timing_s/agent_loop/num_preempted/mean:-1.0 - timing_s/agent_loop/generate_sequences/min:5.726807503029704 - timing_s/agent_loop/generate_sequences/max:6.150777339935303 - timing_s/agent_loop/generate_sequences/mean:5.938792421482503 - timing_s/agent_loop/tool_calls/min:0.0 - timing_s/agent_loop/tool_calls/max:0.0 - timing_s/agent_loop/tool_calls/mean:0.0 - timing_s/agent_loop/slowest/generate_sequences:6.150777339935303 - timing_s/agent_loop/slowest/tool_calls:0.0 - timing_s/agent_loop/slowest/prompt_length:180 - timing_s/agent_loop/slowest/response_length:385 - timing_s/agent_loop/slowest/num_preempted:-1 - timing_s/gen:6.787003859877586 - timing_s/fc_opd:22.226628789678216 - timing_s/reward:2.6823952794075012e-05 - timing_s/old_log_prob:0.18018117919564247 - timing_s/adv:0.0004409812390804291 - timing_s/update_actor:0.7306805588304996 - timing_s/update_weights:2.046582993119955 - timing_s/step:31.97448353841901 - timing_s/stop_profile:5.126930773258209e-05 - timing_per_token_ms/gen:9.184037699428398 - timing_per_token_ms/adv:0.00040125681444988997 - timing_per_token_ms/update_actor:0.6648594711833482 - perf/total_num_tokens:1099 - perf/time_per_step:31.97448353841901 - perf/throughput:17.185578598626844[36m(TaskRunner pid=431148)[0m Training Progress:  28%|██▊       | 56/200 [30:01<1:22:33, 34.40s/it]
[36m(pid=3970998)[0m /inspire/hdd/global_user/mengweicheng-240108120092/lzy/fc-opd-storage/envs/fc-opd-verl071-cu128/lib/python3.12/site-packages/torch/cuda/__init__.py:63: FutureWarning: The pynvml package is deprecated. Please install nvidia-ml-py instead. If you did not install pynvml directly, please report this to the maintainers of the package that installed pynvml for you.
[36m(pid=3970998)[0m   import pynvml  # type: ignore[import]
[36m(pid=3970998)[0m /inspire/hdd/global_user/mengweicheng-240108120092/lzy/fc-opd-storage/envs/fc-opd-verl071-cu128/lib/python3.12/site-packages/transformers/utils/hub.py:110: FutureWarning: Using `TRANSFORMERS_CACHE` is deprecated and will be removed in v5 of Transformers. Use `HF_HOME` instead.
[36m(pid=3970998)[0m   warnings.warn(
[36m(_RayStudentScorerActor pid=3970998)[0m `torch_dtype` is deprecated! Use `dtype` instead!
[36m(_RayStudentScorerActor pid=3970998)[0m Loading checkpoint shards:   0%|          | 0/2 [00:00<?, ?it/s]
[36m(_RayStudentScorerActor pid=3970998)[0m Loading checkpoint shards:  50%|█████     | 1/2 [00:03<00:03,  3.05s/it]
[36m(_RayStudentScorerActor pid=3970998)[0m Loading checkpoint shards: 100%|██████████| 2/2 [00:05<00:00,  2.69s/it]Loading checkpoint shards: 100%|██████████| 2/2 [00:05<00:00,  2.74s/it]
[36m(WorkerDict pid=533144)[0m INFO:2026-06-29 13:43:34,156:update_weights done, time cost: 0.46s
[36m(TaskRunner pid=431148)[0m Training Progress:  28%|██▊       | 57/200 [30:35<1:21:45, 34.31s/it]
[36m(pid=4037754)[0m /inspire/hdd/global_user/mengweicheng-240108120092/lzy/fc-opd-storage/envs/fc-opd-verl071-cu128/lib/python3.12/site-packages/torch/cuda/__init__.py:63: FutureWarning: The pynvml package is deprecated. Please install nvidia-ml-py instead. If you did not install pynvml directly, please report this to the maintainers of the package that installed pynvml for you.
[36m(pid=4037754)[0m   import pynvml  # type: ignore[import]
[36m(pid=4037754)[0m /inspire/hdd/global_user/mengweicheng-240108120092/lzy/fc-opd-storage/envs/fc-opd-verl071-cu128/lib/python3.12/site-packages/transformers/utils/hub.py:110: FutureWarning: Using `TRANSFORMERS_CACHE` is deprecated and will be removed in v5 of Transformers. Use `HF_HOME` instead.
[36m(pid=4037754)[0m   warnings.warn(
[36m(_RayStudentScorerActor pid=4037754)[0m `torch_dtype` is deprecated! Use `dtype` instead!
[36m(_RayStudentScorerActor pid=4037754)[0m Loading checkpoint shards:   0%|          | 0/2 [00:00<?, ?it/s]
[36m(_RayStudentScorerActor pid=4037754)[0m Loading checkpoint shards:  50%|█████     | 1/2 [00:03<00:03,  3.07s/it]
[36m(_RayStudentScorerActor pid=4037754)[0m Loading checkpoint shards: 100%|██████████| 2/2 [00:05<00:00,  2.69s/it]Loading checkpoint shards: 100%|██████████| 2/2 [00:05<00:00,  2.75s/it]
[36m(WorkerDict pid=533144)[0m INFO:2026-06-29 13:44:08,108:update_weights done, time cost: 0.56s
[36m(TaskRunner pid=431148)[0m Training Progress:  29%|██▉       | 58/200 [31:09<1:20:55, 34.19s/it]
[36m(pid=4098689)[0m /inspire/hdd/global_user/mengweicheng-240108120092/lzy/fc-opd-storage/envs/fc-opd-verl071-cu128/lib/python3.12/site-packages/torch/cuda/__init__.py:63: FutureWarning: The pynvml package is deprecated. Please install nvidia-ml-py instead. If you did not install pynvml directly, please report this to the maintainers of the package that installed pynvml for you.
[36m(pid=4098689)[0m   import pynvml  # type: ignore[import]
[36m(pid=4098689)[0m /inspire/hdd/global_user/mengweicheng-240108120092/lzy/fc-opd-storage/envs/fc-opd-verl071-cu128/lib/python3.12/site-packages/transformers/utils/hub.py:110: FutureWarning: Using `TRANSFORMERS_CACHE` is deprecated and will be removed in v5 of Transformers. Use `HF_HOME` instead.
[36m(pid=4098689)[0m   warnings.warn(
[36m(_RayStudentScorerActor pid=4098689)[0m `torch_dtype` is deprecated! Use `dtype` instead!
[36m(_RayStudentScorerActor pid=4098689)[0m Loading checkpoint shards:   0%|          | 0/2 [00:00<?, ?it/s]
[36m(_RayStudentScorerActor pid=4098689)[0m Loading checkpoint shards:  50%|█████     | 1/2 [00:03<00:03,  3.08s/it]
[36m(_RayStudentScorerActor pid=4098689)[0m Loading checkpoint shards: 100%|██████████| 2/2 [00:05<00:00,  2.70s/it]Loading checkpoint shards: 100%|██████████| 2/2 [00:05<00:00,  2.76s/it]
[36m(WorkerDict pid=533144)[0m INFO:2026-06-29 13:44:40,291:update_weights done, time cost: 0.47s

[36m(TaskRunner pid=431148)[0m step:57 - fc_opd/hook_loss:0.3595547080039978 - fc_opd/hook_num_samples:2.0 - fc_opd/hook_active_weight:76.91642761230469 - fc_opd/loss/task_visible:0.7225562334060669 - fc_opd/selection/task_visible:0.011338656768202782 - fc_opd/loss/degraded:0.0 - fc_opd/selection/degraded:0.0 - fc_opd/loss/task_infer:0.6680717468261719 - fc_opd/selection/task_infer:0.012055317871272564 - fc_opd/loss/full:0.16093847155570984 - fc_opd/selection/full:0.049985989928245544 - fc_opd/loss/task_solve:0.46387195587158203 - fc_opd/selection/task_solve:0.019528673961758614 - fc_opd/loss/free:0.0 - fc_opd/selection/free:0.0 - fc_opd/loss/chunk/visible_evidence:0.0 - fc_opd/loss/chunk/diagram_inference:0.0 - fc_opd/loss/chunk/reasoning:0.03341957926750183 - fc_opd/loss/chunk/answer:0.0 - fc_opd/loss/total:0.3595547080039978 - fc_opd/online/loss:0.3595547080039978 - fc_opd/online/num_samples:2.0 - global_seqlen/min:582 - global_seqlen/max:606 - global_seqlen/minmax_diff:24 - global_seqlen/balanced_min:582 - global_seqlen/balanced_max:606 - global_seqlen/mean:594.0 - actor/entropy:0.28735679388046265 - perf/mfu/actor_infer:0 - actor/pg_loss:-0.999999076128006 - actor/kl_loss:0.0 - actor/fc_opd_loss:0.19554010778665543 - actor/pg_clipfrac:0.0 - actor/ppo_kl:0.0 - actor/pg_clipfrac_lower:0.0 - actor/fc_opd_coef:0.10000000149011612 - actor/fc_opd_active_weight_mean:0.0751136988401413 - actor/grad_norm:5.846945285797119 - perf/mfu/actor:0.02268819628105014 - perf/max_memory_allocated_gb:41.394092082977295 - perf/max_memory_reserved_gb:46.6484375 - perf/cpu_memory_used_gb:134.78660202026367 - actor/lr:1e-06 - training/global_step:57 - training/epoch:56 - critic/score/mean:1.0 - critic/score/max:1.0 - critic/score/min:1.0 - critic/rewards/mean:1.0 - critic/rewards/max:1.0 - critic/rewards/min:1.0 - critic/advantages/mean:0.9999989867210388 - critic/advantages/max:0.9999990463256836 - critic/advantages/min:0.9999990463256836 - critic/returns/mean:0.9999989867210388 - critic/returns/max:0.9999990463256836 - critic/returns/min:0.9999990463256836 - response_length/mean:414.0 - response_length/max:426.0 - response_length/min:402.0 - response_length/clip_ratio:0.0 - response_length_non_aborted/mean:414.0 - response_length_non_aborted/max:426.0 - response_length_non_aborted/min:402.0 - response_length_non_aborted/clip_ratio:0.0 - response/aborted_ratio:0.0 - prompt_length/mean:180.0 - prompt_length/max:180.0 - prompt_length/min:180.0 - prompt_length/clip_ratio:0.0 - num_turns/min:2 - num_turns/max:2 - num_turns/mean:2.0 - timing_s/start_profile:0.0002543684095144272 - timing_s/agent_loop/num_preempted/min:-1 - timing_s/agent_loop/num_preempted/max:-1 - timing_s/agent_loop/num_preempted/mean:-1.0 - timing_s/agent_loop/generate_sequences/min:6.4776504673063755 - timing_s/agent_loop/generate_sequences/max:6.912369335070252 - timing_s/agent_loop/generate_sequences/mean:6.695009901188314 - timing_s/agent_loop/tool_calls/min:0.0 - timing_s/agent_loop/tool_calls/max:0.0 - timing_s/agent_loop/tool_calls/mean:0.0 - timing_s/agent_loop/slowest/generate_sequences:6.912369335070252 - timing_s/agent_loop/slowest/tool_calls:0.0 - timing_s/agent_loop/slowest/prompt_length:180 - timing_s/agent_loop/slowest/response_length:426 - timing_s/agent_loop/slowest/num_preempted:-1 - timing_s/gen:7.533594036474824 - timing_s/fc_opd:23.385909287258983 - timing_s/reward:2.6924535632133484e-05 - timing_s/old_log_prob:0.2378668524324894 - timing_s/adv:0.00046036578714847565 - timing_s/update_actor:0.7037636321038008 - timing_s/update_weights:1.9626423493027687 - timing_s/step:33.828159764409065 - timing_s/stop_profile:7.108226418495178e-05 - timing_per_token_ms/gen:9.098543522312589 - timing_per_token_ms/adv:0.0003875132888455182 - timing_per_token_ms/update_actor:0.592393629717004 - perf/total_num_tokens:1188 - perf/time_per_step:33.828159764409065 - perf/throughput:17.5593353033928
[36m(TaskRunner pid=431148)[0m step:58 - fc_opd/hook_loss:0.2707245349884033 - fc_opd/hook_num_samples:2.0 - fc_opd/hook_active_weight:75.30350494384766 - fc_opd/loss/task_visible:0.3479965329170227 - fc_opd/selection/task_visible:0.011616980656981468 - fc_opd/loss/degraded:0.0 - fc_opd/selection/degraded:0.0 - fc_opd/loss/task_infer:0.5765160322189331 - fc_opd/selection/task_infer:0.014829067513346672 - fc_opd/loss/full:0.11474369466304779 - fc_opd/selection/full:0.04982506111264229 - fc_opd/loss/task_solve:0.3890254497528076 - fc_opd/selection/task_solve:0.018201161175966263 - fc_opd/loss/free:0.0 - fc_opd/selection/free:0.0 - fc_opd/loss/chunk/visible_evidence:0.0 - fc_opd/loss/chunk/diagram_inference:0.0 - fc_opd/loss/chunk/reasoning:0.025568204000592232 - fc_opd/loss/chunk/answer:0.0 - fc_opd/loss/total:0.2707245349884033 - fc_opd/online/loss:0.2707245349884033 - fc_opd/online/num_samples:2.0 - global_seqlen/min:557 - global_seqlen/max:600 - global_seqlen/minmax_diff:43 - global_seqlen/balanced_min:557 - global_seqlen/balanced_max:600 - global_seqlen/mean:578.5 - actor/entropy:0.287390798330307 - perf/mfu/actor_infer:0 - actor/pg_loss:-0.9999990463256836 - actor/kl_loss:0.0 - actor/fc_opd_loss:0.15590563789010048 - actor/pg_clipfrac:0.0 - actor/ppo_kl:0.0 - actor/pg_clipfrac_lower:0.0 - actor/fc_opd_coef:0.10000000149011612 - actor/fc_opd_active_weight_mean:0.07353857532143593 - actor/grad_norm:5.680508136749268 - perf/mfu/actor:0.02299902424418626 - perf/max_memory_allocated_gb:41.394092082977295 - perf/max_memory_reserved_gb:46.6484375 - perf/cpu_memory_used_gb:135.5109977722168 - actor/lr:1e-06 - training/global_step:58 - training/epoch:57 - critic/score/mean:1.0 - critic/score/max:1.0 - critic/score/min:1.0 - critic/rewards/mean:1.0 - critic/rewards/max:1.0 - critic/rewards/min:1.0 - critic/advantages/mean:0.9999991059303284 - critic/advantages/max:0.9999990463256836 - critic/advantages/min:0.9999990463256836 - critic/returns/mean:0.9999991059303284 - critic/returns/max:0.9999990463256836 - critic/returns/min:0.9999990463256836 - response_length/mean:398.5 - response_length/max:420.0 - response_length/min:377.0 - response_length/clip_ratio:0.0 - response_length_non_aborted/mean:398.5 - response_length_non_aborted/max:420.0 - response_length_non_aborted/min:377.0 - response_length_non_aborted/clip_ratio:0.0 - response/aborted_ratio:0.0 - prompt_length/mean:180.0 - prompt_length/max:180.0 - prompt_length/min:180.0 - prompt_length/clip_ratio:0.0 - num_turns/min:2 - num_turns/max:2 - num_turns/mean:2.0 - timing_s/start_profile:0.0002587363123893738 - timing_s/agent_loop/num_preempted/min:-1 - timing_s/agent_loop/num_preempted/max:-1 - timing_s/agent_loop/num_preempted/mean:-1.0 - timing_s/agent_loop/generate_sequences/min:6.096527475863695 - timing_s/agent_loop/generate_sequences/max:6.918761631473899 - timing_s/agent_loop/generate_sequences/mean:6.507644553668797 - timing_s/agent_loop/tool_calls/min:0.0 - timing_s/agent_loop/tool_calls/max:0.0 - timing_s/agent_loop/tool_calls/mean:0.0 - timing_s/agent_loop/slowest/generate_sequences:6.918761631473899 - timing_s/agent_loop/slowest/tool_calls:0.0 - timing_s/agent_loop/slowest/prompt_length:180 - timing_s/agent_loop/slowest/response_length:420 - timing_s/agent_loop/slowest/num_preempted:-1 - timing_s/gen:7.549908343702555 - timing_s/fc_opd:23.191996209323406 - timing_s/reward:1.934729516506195e-05 - timing_s/old_log_prob:0.18140514567494392 - timing_s/adv:0.0004052668809890747 - timing_s/update_actor:0.6754567380994558 - timing_s/update_weights:2.0528492853045464 - timing_s/step:33.655530855059624 - timing_s/stop_profile:4.013441503047943e-05 - timing_per_token_ms/gen:9.47290883776983 - timing_per_token_ms/adv:0.000350273881580877 - timing_per_token_ms/update_actor:0.5838001193599446 - perf/total_num_tokens:1157 - perf/time_per_step:33.655530855059624 - perf/throughput:17.188853816965743
[36m(TaskRunner pid=431148)[0m step:59 - fc_opd/hook_loss:0.2960861325263977 - fc_opd/hook_num_samples:2.0 - fc_opd/hook_active_weight:68.24677276611328 - fc_opd/loss/task_visible:0.4557681083679199 - fc_opd/selection/task_visible:0.014901245012879372 - fc_opd/loss/degraded:0.0 - fc_opd/selection/degraded:0.0 - fc_opd/loss/task_infer:0.5360020399093628 - fc_opd/selection/task_infer:0.014352366328239441 - fc_opd/loss/full:0.12946990132331848 - fc_opd/selection/full:0.042106159031391144 - fc_opd/loss/task_solve:0.36513400077819824 - fc_opd/selection/task_solve:0.020497053861618042 - fc_opd/loss/free:0.0 - fc_opd/selection/free:0.0 - fc_opd/loss/chunk/visible_evidence:0.0 - fc_opd/loss/chunk/diagram_inference:0.0 - fc_opd/loss/chunk/reasoning:0.027183670550584793 - fc_opd/loss/chunk/answer:0.0 - fc_opd/loss/total:0.2960861325263977 - fc_opd/online/loss:0.2960861325263977 - fc_opd/online/num_samples:2.0 - global_seqlen/min:548 - global_seqlen/max:555 - global_seqlen/minmax_diff:7 - global_seqlen/balanced_min:548 - global_seqlen/balanced_max:555 - global_seqlen/mean:551.5 - actor/entropy:0.31161823868751526 - perf/mfu/actor_infer:0 - actor/pg_loss:-0.9999990165233612 - actor/kl_loss:0.0 - actor/fc_opd_loss:0.17973216623067856 - actor/pg_clipfrac:0.0 - actor/ppo_kl:0.0 - actor/pg_clipfrac_lower:0.0 - actor/fc_opd_coef:0.10000000149011612 - actor/fc_opd_active_weight_mean:0.0666472427546978 - actor/grad_norm:5.938811779022217 - perf/mfu/actor:0.022863601573178887 - perf/max_memory_allocated_gb:41.394092082977295 - perf/max_memory_reserved_gb:46.6484375 - perf/cpu_memory_used_gb:135.12250900268555 - actor/lr:1e-06 - training/global_step:59 - training/epoch:58 - critic/score/mean:1.0 - critic/score/max:1.0 - critic/score/min:1.0 - critic/rewards/mean:1.0 - critic/rewards/max:1.0 - critic/rewards/min:1.0 - critic/advantages/mean:0.9999989867210388 - critic/advantages/max:0.9999990463256836 - critic/advantages/min:0.9999990463256836 - critic/returns/mean:0.9999989867210388 - critic/returns/max:0.9999990463256836 - critic/returns/min:0.9999990463256836 - response_length/mean:371.5 - response_length/max:375.0 - response_length/min:368.0 - response_length/clip_ratio:0.0 - response_length_non_aborted/mean:371.5 - response_length_non_aborted/max:375.0 - response_length_non_aborted/min:368.0 - response_length_non_aborted/clip_ratio:0.0 - response/aborted_ratio:0.0 - prompt_length/mean:180.0 - prompt_length/max:180.0 - prompt_length/min:180.0 - prompt_length/clip_ratio:0.0 - num_turns/min:2 - num_turns/max:2 - num_turns/mean:2.0 - timing_s/start_profile:0.00025298260152339935 - timing_s/agent_loop/num_preempted/min:-1 - timing_s/agent_loop/num_preempted/max:-1 - timing_s/agent_loop/num_preempted/mean:-1.0 - timing_s/agent_loop/generate_sequences/min:5.923277923837304 - timing_s/agent_loop/generate_sequences/max:6.084694866091013 - timing_s/agent_loop/generate_sequences/mean:6.0039863949641585 - timing_s/agent_loop/tool_calls/min:0.0 - timing_s/agent_loop/tool_calls/max:0.0 - timing_s/agent_loop/tool_calls/mean:0.0 - timing_s/agent_loop/slowest/generate_sequences:6.084694866091013 - timing_s/agent_loop/slowest/tool_calls:0.0 - timing_s/agent_loop/slowest/prompt_length:180 - timing_s/agent_loop/slowest/response_length:375 - timing_s/agent_loop/slowest/num_preempted:-1 - timing_s/gen:6.705870373174548 - timing_s/fc_opd:22.254374343901873 - timing_s/reward:2.353079617023468e-05 - timing_s/old_log_prob:0.17820782773196697 - timing_s/adv:0.0004431121051311493 - timing_s/update_actor:0.6503335274755955 - timing_s/update_weights:2.113759759813547 - timing_s/step:31.90634867362678 - timing_s/stop_profile:4.667416214942932e-05 - timing_per_token_ms/gen:9.025397541284722 - timing_per_token_ms/adv:0.00040173354952960046 - timing_per_token_ms/update_actor:0.5896042860159524 - perf/total_num_tokens:1103 - perf/time_per_step:31.90634867362678 - perf/throughput:17.284961235813864[36m(TaskRunner pid=431148)[0m Training Progress:  30%|██▉       | 59/200 [31:41<1:18:56, 33.59s/it]
[36m(pid=4155398)[0m /inspire/hdd/global_user/mengweicheng-240108120092/lzy/fc-opd-storage/envs/fc-opd-verl071-cu128/lib/python3.12/site-packages/torch/cuda/__init__.py:63: FutureWarning: The pynvml package is deprecated. Please install nvidia-ml-py instead. If you did not install pynvml directly, please report this to the maintainers of the package that installed pynvml for you.
[36m(pid=4155398)[0m   import pynvml  # type: ignore[import]
[36m(pid=4155398)[0m /inspire/hdd/global_user/mengweicheng-240108120092/lzy/fc-opd-storage/envs/fc-opd-verl071-cu128/lib/python3.12/site-packages/transformers/utils/hub.py:110: FutureWarning: Using `TRANSFORMERS_CACHE` is deprecated and will be removed in v5 of Transformers. Use `HF_HOME` instead.
[36m(pid=4155398)[0m   warnings.warn(
[36m(_RayStudentScorerActor pid=4155398)[0m `torch_dtype` is deprecated! Use `dtype` instead!
[36m(_RayStudentScorerActor pid=4155398)[0m Loading checkpoint shards:   0%|          | 0/2 [00:00<?, ?it/s]
[36m(_RayStudentScorerActor pid=4155398)[0m Loading checkpoint shards:  50%|█████     | 1/2 [00:03<00:03,  3.08s/it]
[36m(_RayStudentScorerActor pid=4155398)[0m Loading checkpoint shards: 100%|██████████| 2/2 [00:05<00:00,  2.70s/it]Loading checkpoint shards: 100%|██████████| 2/2 [00:05<00:00,  2.76s/it]
[36m(WorkerDict pid=533144)[0m INFO:2026-06-29 13:45:12,302:update_weights done, time cost: 0.53s
[36m(TaskRunner pid=431148)[0m Training Progress:  30%|███       | 60/200 [32:13<1:17:15, 33.11s/it]
[36m(pid=28375)[0m /inspire/hdd/global_user/mengweicheng-240108120092/lzy/fc-opd-storage/envs/fc-opd-verl071-cu128/lib/python3.12/site-packages/torch/cuda/__init__.py:63: FutureWarning: The pynvml package is deprecated. Please install nvidia-ml-py instead. If you did not install pynvml directly, please report this to the maintainers of the package that installed pynvml for you.
[36m(pid=28375)[0m   import pynvml  # type: ignore[import]
[36m(pid=28375)[0m /inspire/hdd/global_user/mengweicheng-240108120092/lzy/fc-opd-storage/envs/fc-opd-verl071-cu128/lib/python3.12/site-packages/transformers/utils/hub.py:110: FutureWarning: Using `TRANSFORMERS_CACHE` is deprecated and will be removed in v5 of Transformers. Use `HF_HOME` instead.
[36m(pid=28375)[0m   warnings.warn(
[36m(_RayStudentScorerActor pid=28375)[0m `torch_dtype` is deprecated! Use `dtype` instead!
[36m(_RayStudentScorerActor pid=28375)[0m Loading checkpoint shards:   0%|          | 0/2 [00:00<?, ?it/s]
[36m(_RayStudentScorerActor pid=28375)[0m Loading checkpoint shards:  50%|█████     | 1/2 [00:03<00:03,  3.08s/it]
[36m(_RayStudentScorerActor pid=28375)[0m Loading checkpoint shards: 100%|██████████| 2/2 [00:05<00:00,  2.70s/it]Loading checkpoint shards: 100%|██████████| 2/2 [00:05<00:00,  2.75s/it]
[36m(WorkerDict pid=533144)[0m INFO:2026-06-29 13:45:46,466:update_weights done, time cost: 0.47s
[36m(TaskRunner pid=431148)[0m Training Progress:  30%|███       | 61/200 [32:48<1:17:28, 33.44s/it]
[36m(pid=87423)[0m /inspire/hdd/global_user/mengweicheng-240108120092/lzy/fc-opd-storage/envs/fc-opd-verl071-cu128/lib/python3.12/site-packages/torch/cuda/__init__.py:63: FutureWarning: The pynvml package is deprecated. Please install nvidia-ml-py instead. If you did not install pynvml directly, please report this to the maintainers of the package that installed pynvml for you.
[36m(pid=87423)[0m   import pynvml  # type: ignore[import]
[36m(pid=87423)[0m /inspire/hdd/global_user/mengweicheng-240108120092/lzy/fc-opd-storage/envs/fc-opd-verl071-cu128/lib/python3.12/site-packages/transformers/utils/hub.py:110: FutureWarning: Using `TRANSFORMERS_CACHE` is deprecated and will be removed in v5 of Transformers. Use `HF_HOME` instead.
[36m(pid=87423)[0m   warnings.warn(
[36m(_RayStudentScorerActor pid=87423)[0m `torch_dtype` is deprecated! Use `dtype` instead!
[36m(_RayStudentScorerActor pid=87423)[0m Loading checkpoint shards:   0%|          | 0/2 [00:00<?, ?it/s]
[36m(_RayStudentScorerActor pid=87423)[0m Loading checkpoint shards:  50%|█████     | 1/2 [00:03<00:03,  3.08s/it]
[36m(_RayStudentScorerActor pid=87423)[0m Loading checkpoint shards: 100%|██████████| 2/2 [00:05<00:00,  2.70s/it]Loading checkpoint shards: 100%|██████████| 2/2 [00:05<00:00,  2.76s/it]
[36m(WorkerDict pid=533144)[0m INFO:2026-06-29 13:46:21,877:update_weights done, time cost: 0.45s

[36m(TaskRunner pid=431148)[0m step:60 - fc_opd/hook_loss:0.33858293294906616 - fc_opd/hook_num_samples:2.0 - fc_opd/hook_active_weight:67.45974731445312 - fc_opd/loss/task_visible:0.36689937114715576 - fc_opd/selection/task_visible:0.013002971187233925 - fc_opd/loss/degraded:0.0 - fc_opd/selection/degraded:0.0 - fc_opd/loss/task_infer:0.8613784313201904 - fc_opd/selection/task_infer:0.012026557698845863 - fc_opd/loss/full:0.16489742696285248 - fc_opd/selection/full:0.04818255454301834 - fc_opd/loss/task_solve:0.40901488065719604 - fc_opd/selection/task_solve:0.02000601962208748 - fc_opd/loss/free:0.0 - fc_opd/selection/free:0.0 - fc_opd/loss/chunk/visible_evidence:0.0 - fc_opd/loss/chunk/diagram_inference:0.0 - fc_opd/loss/chunk/reasoning:0.03154530003666878 - fc_opd/loss/chunk/answer:0.0 - fc_opd/loss/total:0.33858293294906616 - fc_opd/online/loss:0.33858293294906616 - fc_opd/online/num_samples:2.0 - global_seqlen/min:526 - global_seqlen/max:558 - global_seqlen/minmax_diff:32 - global_seqlen/balanced_min:526 - global_seqlen/balanced_max:558 - global_seqlen/mean:542.0 - actor/entropy:0.28348609805107117 - perf/mfu/actor_infer:0 - actor/pg_loss:-0.9999990463256836 - actor/kl_loss:0.0 - actor/fc_opd_loss:0.17860888689756393 - actor/pg_clipfrac:0.0 - actor/ppo_kl:0.0 - actor/pg_clipfrac_lower:0.0 - actor/fc_opd_coef:0.10000000149011612 - actor/fc_opd_active_weight_mean:0.06587865576148033 - actor/grad_norm:5.5689520835876465 - perf/mfu/actor:0.01950319853998579 - perf/max_memory_allocated_gb:41.394092082977295 - perf/max_memory_reserved_gb:46.6484375 - perf/cpu_memory_used_gb:134.82955932617188 - actor/lr:1e-06 - training/global_step:60 - training/epoch:59 - critic/score/mean:1.0 - critic/score/max:1.0 - critic/score/min:1.0 - critic/rewards/mean:1.0 - critic/rewards/max:1.0 - critic/rewards/min:1.0 - critic/advantages/mean:0.9999989867210388 - critic/advantages/max:0.9999990463256836 - critic/advantages/min:0.9999990463256836 - critic/returns/mean:0.9999989867210388 - critic/returns/max:0.9999990463256836 - critic/returns/min:0.9999990463256836 - response_length/mean:362.0 - response_length/max:378.0 - response_length/min:346.0 - response_length/clip_ratio:0.0 - response_length_non_aborted/mean:362.0 - response_length_non_aborted/max:378.0 - response_length_non_aborted/min:346.0 - response_length_non_aborted/clip_ratio:0.0 - response/aborted_ratio:0.0 - prompt_length/mean:180.0 - prompt_length/max:180.0 - prompt_length/min:180.0 - prompt_length/clip_ratio:0.0 - num_turns/min:2 - num_turns/max:2 - num_turns/mean:2.0 - timing_s/start_profile:0.00024916790425777435 - timing_s/agent_loop/num_preempted/min:-1 - timing_s/agent_loop/num_preempted/max:-1 - timing_s/agent_loop/num_preempted/mean:-1.0 - timing_s/agent_loop/generate_sequences/min:5.616543877869844 - timing_s/agent_loop/generate_sequences/max:6.091270737349987 - timing_s/agent_loop/generate_sequences/mean:5.853907307609916 - timing_s/agent_loop/tool_calls/min:0.0 - timing_s/agent_loop/tool_calls/max:0.0 - timing_s/agent_loop/tool_calls/mean:0.0 - timing_s/agent_loop/slowest/generate_sequences:6.091270737349987 - timing_s/agent_loop/slowest/tool_calls:0.0 - timing_s/agent_loop/slowest/prompt_length:180 - timing_s/agent_loop/slowest/response_length:378 - timing_s/agent_loop/slowest/num_preempted:-1 - timing_s/gen:6.747583555057645 - timing_s/fc_opd:22.073745474219322 - timing_s/reward:2.543628215789795e-05 - timing_s/old_log_prob:0.17659926414489746 - timing_s/adv:0.0004312843084335327 - timing_s/update_actor:0.7469253391027451 - timing_s/update_weights:2.0120003800839186 - timing_s/step:31.760812824591994 - timing_s/stop_profile:5.1584094762802124e-05 - timing_per_token_ms/gen:9.319866788753654 - timing_per_token_ms/adv:0.0003978637531674656 - timing_per_token_ms/update_actor:0.6890455157774401 - perf/total_num_tokens:1084 - perf/time_per_step:31.760812824591994 - perf/throughput:17.06505444282384
[36m(TaskRunner pid=431148)[0m step:61 - fc_opd/hook_loss:0.3333049714565277 - fc_opd/hook_num_samples:2.0 - fc_opd/hook_active_weight:77.1640625 - fc_opd/loss/task_visible:0.44265416264533997 - fc_opd/selection/task_visible:0.01139929797500372 - fc_opd/loss/degraded:0.0 - fc_opd/selection/degraded:0.0 - fc_opd/loss/task_infer:0.6708905696868896 - fc_opd/selection/task_infer:0.014877436682581902 - fc_opd/loss/full:0.17289841175079346 - fc_opd/selection/full:0.047365739941596985 - fc_opd/loss/task_solve:0.400596022605896 - fc_opd/selection/task_solve:0.019037367776036263 - fc_opd/loss/free:0.0 - fc_opd/selection/free:0.0 - fc_opd/loss/chunk/visible_evidence:0.0 - fc_opd/loss/chunk/diagram_inference:0.0 - fc_opd/loss/chunk/reasoning:0.03092208132147789 - fc_opd/loss/chunk/answer:0.0 - fc_opd/loss/total:0.3333049714565277 - fc_opd/online/loss:0.3333049714565277 - fc_opd/online/num_samples:2.0 - global_seqlen/min:580 - global_seqlen/max:612 - global_seqlen/minmax_diff:32 - global_seqlen/balanced_min:580 - global_seqlen/balanced_max:612 - global_seqlen/mean:596.0 - actor/entropy:0.3222160339355469 - perf/mfu/actor_infer:0 - actor/pg_loss:-0.9999990463256836 - actor/kl_loss:0.0 - actor/fc_opd_loss:0.18034640699625015 - actor/pg_clipfrac:0.0 - actor/ppo_kl:0.0 - actor/pg_clipfrac_lower:0.0 - actor/fc_opd_coef:0.10000000149011612 - actor/fc_opd_active_weight_mean:0.07535552605986595 - actor/grad_norm:5.799506187438965 - perf/mfu/actor:0.0241114533580606 - perf/max_memory_allocated_gb:41.394092082977295 - perf/max_memory_reserved_gb:46.6484375 - perf/cpu_memory_used_gb:135.18745803833008 - actor/lr:1e-06 - training/global_step:61 - training/epoch:60 - critic/score/mean:1.0 - critic/score/max:1.0 - critic/score/min:1.0 - critic/rewards/mean:1.0 - critic/rewards/max:1.0 - critic/rewards/min:1.0 - critic/advantages/mean:0.9999989867210388 - critic/advantages/max:0.9999990463256836 - critic/advantages/min:0.9999990463256836 - critic/returns/mean:0.9999989867210388 - critic/returns/max:0.9999990463256836 - critic/returns/min:0.9999990463256836 - response_length/mean:416.0 - response_length/max:432.0 - response_length/min:400.0 - response_length/clip_ratio:0.0 - response_length_non_aborted/mean:416.0 - response_length_non_aborted/max:432.0 - response_length_non_aborted/min:400.0 - response_length_non_aborted/clip_ratio:0.0 - response/aborted_ratio:0.0 - prompt_length/mean:180.0 - prompt_length/max:180.0 - prompt_length/min:180.0 - prompt_length/clip_ratio:0.0 - num_turns/min:2 - num_turns/max:2 - num_turns/mean:2.0 - timing_s/start_profile:0.00026108697056770325 - timing_s/agent_loop/num_preempted/min:-1 - timing_s/agent_loop/num_preempted/max:-1 - timing_s/agent_loop/num_preempted/mean:-1.0 - timing_s/agent_loop/generate_sequences/min:6.458724431693554 - timing_s/agent_loop/generate_sequences/max:6.997125191614032 - timing_s/agent_loop/generate_sequences/mean:6.727924811653793 - timing_s/agent_loop/tool_calls/min:0.0 - timing_s/agent_loop/tool_calls/max:0.0 - timing_s/agent_loop/tool_calls/mean:0.0 - timing_s/agent_loop/slowest/generate_sequences:6.997125191614032 - timing_s/agent_loop/slowest/tool_calls:0.0 - timing_s/agent_loop/slowest/prompt_length:180 - timing_s/agent_loop/slowest/response_length:432 - timing_s/agent_loop/slowest/num_preempted:-1 - timing_s/gen:7.666535161435604 - timing_s/fc_opd:23.39586683548987 - timing_s/reward:2.7855858206748962e-05 - timing_s/old_log_prob:0.1818467453122139 - timing_s/adv:0.0004691667854785919 - timing_s/update_actor:0.6647310853004456 - timing_s/update_weights:2.061556188389659 - timing_s/step:33.974842159077525 - timing_s/stop_profile:4.810653626918793e-05 - timing_per_token_ms/gen:9.21458553057164 - timing_per_token_ms/adv:0.0003935962965424429 - timing_per_token_ms/update_actor:0.5576603064601053 - perf/total_num_tokens:1192 - perf/time_per_step:33.974842159077525 - perf/throughput:17.542392020819396
[36m(TaskRunner pid=431148)[0m step:62 - fc_opd/hook_loss:0.362887442111969 - fc_opd/hook_num_samples:2.0 - fc_opd/hook_active_weight:80.2421875 - fc_opd/loss/task_visible:0.7061823010444641 - fc_opd/selection/task_visible:0.012168636545538902 - fc_opd/loss/degraded:0.0 - fc_opd/selection/degraded:0.0 - fc_opd/loss/task_infer:0.5540764331817627 - fc_opd/selection/task_infer:0.012828761711716652 - fc_opd/loss/full:0.21277391910552979 - fc_opd/selection/full:0.04833309352397919 - fc_opd/loss/task_solve:0.40357404947280884 - fc_opd/selection/task_solve:0.019532127305865288 - fc_opd/loss/free:0.0 - fc_opd/selection/free:0.0 - fc_opd/loss/chunk/visible_evidence:0.0 - fc_opd/loss/chunk/diagram_inference:0.0 - fc_opd/loss/chunk/reasoning:0.03370100259780884 - fc_opd/loss/chunk/answer:0.0 - fc_opd/loss/total:0.362887442111969 - fc_opd/online/loss:0.362887442111969 - fc_opd/online/num_samples:2.0 - global_seqlen/min:573 - global_seqlen/max:651 - global_seqlen/minmax_diff:78 - global_seqlen/balanced_min:573 - global_seqlen/balanced_max:651 - global_seqlen/mean:612.0 - actor/entropy:0.3275960683822632 - perf/mfu/actor_infer:0 - actor/pg_loss:-0.9999990463256836 - actor/kl_loss:0.0 - actor/fc_opd_loss:0.18888333439826965 - actor/pg_clipfrac:0.0 - actor/ppo_kl:0.0 - actor/pg_clipfrac_lower:0.0 - actor/fc_opd_coef:0.10000000149011612 - actor/fc_opd_active_weight_mean:0.07836152240633965 - actor/grad_norm:5.8872857093811035 - perf/mfu/actor:0.024086130550542956 - perf/max_memory_allocated_gb:41.394092082977295 - perf/max_memory_reserved_gb:46.6484375 - perf/cpu_memory_used_gb:135.3508758544922 - actor/lr:1e-06 - training/global_step:62 - training/epoch:61 - critic/score/mean:1.0 - critic/score/max:1.0 - critic/score/min:1.0 - critic/rewards/mean:1.0 - critic/rewards/max:1.0 - critic/rewards/min:1.0 - critic/advantages/mean:0.999998927116394 - critic/advantages/max:0.9999990463256836 - critic/advantages/min:0.9999990463256836 - critic/returns/mean:0.999998927116394 - critic/returns/max:0.9999990463256836 - critic/returns/min:0.9999990463256836 - response_length/mean:432.0 - response_length/max:471.0 - response_length/min:393.0 - response_length/clip_ratio:0.0 - response_length_non_aborted/mean:432.0 - response_length_non_aborted/max:471.0 - response_length_non_aborted/min:393.0 - response_length_non_aborted/clip_ratio:0.0 - response/aborted_ratio:0.0 - prompt_length/mean:180.0 - prompt_length/max:180.0 - prompt_length/min:180.0 - prompt_length/clip_ratio:0.0 - num_turns/min:2 - num_turns/max:2 - num_turns/mean:2.0 - timing_s/start_profile:0.0002500135451555252 - timing_s/agent_loop/num_preempted/min:-1 - timing_s/agent_loop/num_preempted/max:-1 - timing_s/agent_loop/num_preempted/mean:-1.0 - timing_s/agent_loop/generate_sequences/min:6.390981936827302 - timing_s/agent_loop/generate_sequences/max:7.595327949151397 - timing_s/agent_loop/generate_sequences/mean:6.993154942989349 - timing_s/agent_loop/tool_calls/min:0.0 - timing_s/agent_loop/tool_calls/max:0.0 - timing_s/agent_loop/tool_calls/mean:0.0 - timing_s/agent_loop/slowest/generate_sequences:7.595327949151397 - timing_s/agent_loop/slowest/tool_calls:0.0 - timing_s/agent_loop/slowest/prompt_length:180 - timing_s/agent_loop/slowest/response_length:471 - timing_s/agent_loop/slowest/num_preempted:-1 - timing_s/gen:8.24678509682417 - timing_s/fc_opd:23.994922688230872 - timing_s/reward:2.6904046535491943e-05 - timing_s/old_log_prob:0.18044769577682018 - timing_s/adv:0.00044176727533340454 - timing_s/update_actor:0.6824549324810505 - timing_s/update_weights:1.9992308095097542 - timing_s/step:35.108021307736635 - timing_s/stop_profile:4.961341619491577e-05 - timing_per_token_ms/gen:9.544890158361307 - timing_per_token_ms/adv:0.00036092097657957885 - timing_per_token_ms/update_actor:0.5575612193472634 - perf/total_num_tokens:1224 - perf/time_per_step:35.108021307736635 - perf/throughput:17.431913767955233[36m(TaskRunner pid=431148)[0m Training Progress:  31%|███       | 62/200 [33:23<1:18:14, 34.02s/it]
[36m(pid=145875)[0m /inspire/hdd/global_user/mengweicheng-240108120092/lzy/fc-opd-storage/envs/fc-opd-verl071-cu128/lib/python3.12/site-packages/torch/cuda/__init__.py:63: FutureWarning: The pynvml package is deprecated. Please install nvidia-ml-py instead. If you did not install pynvml directly, please report this to the maintainers of the package that installed pynvml for you.
[36m(pid=145875)[0m   import pynvml  # type: ignore[import]
[36m(pid=145875)[0m /inspire/hdd/global_user/mengweicheng-240108120092/lzy/fc-opd-storage/envs/fc-opd-verl071-cu128/lib/python3.12/site-packages/transformers/utils/hub.py:110: FutureWarning: Using `TRANSFORMERS_CACHE` is deprecated and will be removed in v5 of Transformers. Use `HF_HOME` instead.
[36m(pid=145875)[0m   warnings.warn(
[36m(_RayStudentScorerActor pid=145875)[0m `torch_dtype` is deprecated! Use `dtype` instead!
[36m(_RayStudentScorerActor pid=145875)[0m Loading checkpoint shards:   0%|          | 0/2 [00:00<?, ?it/s]
[36m(_RayStudentScorerActor pid=145875)[0m Loading checkpoint shards:  50%|█████     | 1/2 [00:03<00:03,  3.06s/it]
[36m(_RayStudentScorerActor pid=145875)[0m Loading checkpoint shards: 100%|██████████| 2/2 [00:05<00:00,  2.68s/it]Loading checkpoint shards: 100%|██████████| 2/2 [00:05<00:00,  2.74s/it]
[36m(WorkerDict pid=533144)[0m INFO:2026-06-29 13:46:53,609:update_weights done, time cost: 0.52s
[36m(TaskRunner pid=431148)[0m Training Progress:  32%|███▏      | 63/200 [33:55<1:16:05, 33.33s/it]
[36m(pid=210070)[0m /inspire/hdd/global_user/mengweicheng-240108120092/lzy/fc-opd-storage/envs/fc-opd-verl071-cu128/lib/python3.12/site-packages/torch/cuda/__init__.py:63: FutureWarning: The pynvml package is deprecated. Please install nvidia-ml-py instead. If you did not install pynvml directly, please report this to the maintainers of the package that installed pynvml for you.
[36m(pid=210070)[0m   import pynvml  # type: ignore[import]
[36m(pid=210070)[0m /inspire/hdd/global_user/mengweicheng-240108120092/lzy/fc-opd-storage/envs/fc-opd-verl071-cu128/lib/python3.12/site-packages/transformers/utils/hub.py:110: FutureWarning: Using `TRANSFORMERS_CACHE` is deprecated and will be removed in v5 of Transformers. Use `HF_HOME` instead.
[36m(pid=210070)[0m   warnings.warn(
[36m(_RayStudentScorerActor pid=210070)[0m `torch_dtype` is deprecated! Use `dtype` instead!
[36m(_RayStudentScorerActor pid=210070)[0m Loading checkpoint shards:   0%|          | 0/2 [00:00<?, ?it/s]
[36m(_RayStudentScorerActor pid=210070)[0m Loading checkpoint shards:  50%|█████     | 1/2 [00:03<00:03,  3.07s/it]
[36m(_RayStudentScorerActor pid=210070)[0m Loading checkpoint shards: 100%|██████████| 2/2 [00:05<00:00,  2.69s/it]Loading checkpoint shards: 100%|██████████| 2/2 [00:05<00:00,  2.75s/it]
[36m(WorkerDict pid=533144)[0m INFO:2026-06-29 13:47:25,569:update_weights done, time cost: 0.48s
[36m(TaskRunner pid=431148)[0m Training Progress:  32%|███▏      | 64/200 [34:27<1:14:39, 32.94s/it]
[36m(pid=269511)[0m /inspire/hdd/global_user/mengweicheng-240108120092/lzy/fc-opd-storage/envs/fc-opd-verl071-cu128/lib/python3.12/site-packages/torch/cuda/__init__.py:63: FutureWarning: The pynvml package is deprecated. Please install nvidia-ml-py instead. If you did not install pynvml directly, please report this to the maintainers of the package that installed pynvml for you.
[36m(pid=269511)[0m   import pynvml  # type: ignore[import]
[36m(pid=269511)[0m /inspire/hdd/global_user/mengweicheng-240108120092/lzy/fc-opd-storage/envs/fc-opd-verl071-cu128/lib/python3.12/site-packages/transformers/utils/hub.py:110: FutureWarning: Using `TRANSFORMERS_CACHE` is deprecated and will be removed in v5 of Transformers. Use `HF_HOME` instead.
[36m(pid=269511)[0m   warnings.warn(
[36m(_RayStudentScorerActor pid=269511)[0m `torch_dtype` is deprecated! Use `dtype` instead!
[36m(_RayStudentScorerActor pid=269511)[0m Loading checkpoint shards:   0%|          | 0/2 [00:00<?, ?it/s]
[36m(_RayStudentScorerActor pid=269511)[0m Loading checkpoint shards:  50%|█████     | 1/2 [00:03<00:03,  3.07s/it]
[36m(_RayStudentScorerActor pid=269511)[0m Loading checkpoint shards: 100%|██████████| 2/2 [00:05<00:00,  2.69s/it]Loading checkpoint shards: 100%|██████████| 2/2 [00:05<00:00,  2.74s/it]
[36m(WorkerDict pid=533144)[0m INFO:2026-06-29 13:48:00,505:update_weights done, time cost: 0.52s

[36m(TaskRunner pid=431148)[0m step:63 - fc_opd/hook_loss:0.32880479097366333 - fc_opd/hook_num_samples:2.0 - fc_opd/hook_active_weight:65.19580841064453 - fc_opd/loss/task_visible:0.5733802318572998 - fc_opd/selection/task_visible:0.010845539160072803 - fc_opd/loss/degraded:0.0 - fc_opd/selection/degraded:0.0 - fc_opd/loss/task_infer:0.7281996011734009 - fc_opd/selection/task_infer:0.013572846539318562 - fc_opd/loss/full:0.1400763988494873 - fc_opd/selection/full:0.04909408837556839 - fc_opd/loss/task_solve:0.3857651352882385 - fc_opd/selection/task_solve:0.018068818375468254 - fc_opd/loss/free:0.0 - fc_opd/selection/free:0.0 - fc_opd/loss/chunk/visible_evidence:0.0 - fc_opd/loss/chunk/diagram_inference:0.0 - fc_opd/loss/chunk/reasoning:0.030111651867628098 - fc_opd/loss/chunk/answer:0.0 - fc_opd/loss/total:0.32880479097366333 - fc_opd/online/loss:0.32880479097366333 - fc_opd/online/num_samples:2.0 - global_seqlen/min:507 - global_seqlen/max:565 - global_seqlen/minmax_diff:58 - global_seqlen/balanced_min:507 - global_seqlen/balanced_max:565 - global_seqlen/mean:536.0 - actor/entropy:0.25956258177757263 - perf/mfu/actor_infer:0 - actor/pg_loss:-0.9999990463256836 - actor/kl_loss:0.0 - actor/fc_opd_loss:0.19748713076114655 - actor/pg_clipfrac:0.0 - actor/ppo_kl:0.0 - actor/pg_clipfrac_lower:0.0 - actor/fc_opd_coef:0.10000000149011612 - actor/fc_opd_active_weight_mean:0.0636677797883749 - actor/grad_norm:6.520201206207275 - perf/mfu/actor:0.021929512422874154 - perf/max_memory_allocated_gb:41.394092082977295 - perf/max_memory_reserved_gb:46.6484375 - perf/cpu_memory_used_gb:135.36850357055664 - actor/lr:1e-06 - training/global_step:63 - training/epoch:62 - critic/score/mean:1.0 - critic/score/max:1.0 - critic/score/min:1.0 - critic/rewards/mean:1.0 - critic/rewards/max:1.0 - critic/rewards/min:1.0 - critic/advantages/mean:0.9999989867210388 - critic/advantages/max:0.9999990463256836 - critic/advantages/min:0.9999990463256836 - critic/returns/mean:0.9999989867210388 - critic/returns/max:0.9999990463256836 - critic/returns/min:0.9999990463256836 - response_length/mean:356.0 - response_length/max:385.0 - response_length/min:327.0 - response_length/clip_ratio:0.0 - response_length_non_aborted/mean:356.0 - response_length_non_aborted/max:385.0 - response_length_non_aborted/min:327.0 - response_length_non_aborted/clip_ratio:0.0 - response/aborted_ratio:0.0 - prompt_length/mean:180.0 - prompt_length/max:180.0 - prompt_length/min:180.0 - prompt_length/clip_ratio:0.0 - num_turns/min:2 - num_turns/max:2 - num_turns/mean:2.0 - timing_s/start_profile:0.00042005814611911774 - timing_s/agent_loop/num_preempted/min:-1 - timing_s/agent_loop/num_preempted/max:-1 - timing_s/agent_loop/num_preempted/mean:-1.0 - timing_s/agent_loop/generate_sequences/min:5.272532494738698 - timing_s/agent_loop/generate_sequences/max:6.1611297726631165 - timing_s/agent_loop/generate_sequences/mean:5.716831133700907 - timing_s/agent_loop/tool_calls/min:0.0 - timing_s/agent_loop/tool_calls/max:0.0 - timing_s/agent_loop/tool_calls/mean:0.0 - timing_s/agent_loop/slowest/generate_sequences:6.1611297726631165 - timing_s/agent_loop/slowest/tool_calls:0.0 - timing_s/agent_loop/slowest/prompt_length:180 - timing_s/agent_loop/slowest/response_length:385 - timing_s/agent_loop/slowest/num_preempted:-1 - timing_s/gen:6.814160652458668 - timing_s/fc_opd:21.836737405508757 - timing_s/reward:2.734363079071045e-05 - timing_s/old_log_prob:0.18422486074268818 - timing_s/adv:0.000468328595161438 - timing_s/update_actor:0.6603354718536139 - timing_s/update_weights:1.972668644040823 - timing_s/step:31.47242158651352 - timing_s/stop_profile:5.515292286872864e-05 - timing_per_token_ms/gen:9.570450354576781 - timing_per_token_ms/adv:0.0004368736895162668 - timing_per_token_ms/update_actor:0.615984581952998 - perf/total_num_tokens:1072 - perf/time_per_step:31.47242158651352 - perf/throughput:17.03078355526622
[36m(TaskRunner pid=431148)[0m step:64 - fc_opd/hook_loss:0.3636612296104431 - fc_opd/hook_num_samples:2.0 - fc_opd/hook_active_weight:69.05384826660156 - fc_opd/loss/task_visible:0.5896771550178528 - fc_opd/selection/task_visible:0.01241412851959467 - fc_opd/loss/degraded:0.0 - fc_opd/selection/degraded:0.0 - fc_opd/loss/task_infer:0.8356399536132812 - fc_opd/selection/task_infer:0.012665487825870514 - fc_opd/loss/full:0.1414298117160797 - fc_opd/selection/full:0.04577067494392395 - fc_opd/loss/task_solve:0.4247058033943176 - fc_opd/selection/task_solve:0.021968645974993706 - fc_opd/loss/free:0.0 - fc_opd/selection/free:0.0 - fc_opd/loss/chunk/visible_evidence:0.0 - fc_opd/loss/chunk/diagram_inference:0.0 - fc_opd/loss/chunk/reasoning:0.033759165555238724 - fc_opd/loss/chunk/answer:0.0 - fc_opd/loss/total:0.3636612296104431 - fc_opd/online/loss:0.3636612296104431 - fc_opd/online/num_samples:2.0 - global_seqlen/min:544 - global_seqlen/max:560 - global_seqlen/minmax_diff:16 - global_seqlen/balanced_min:544 - global_seqlen/balanced_max:560 - global_seqlen/mean:552.0 - actor/entropy:0.31089112162590027 - perf/mfu/actor_infer:0 - actor/pg_loss:-0.9999990165233612 - actor/kl_loss:0.0 - actor/fc_opd_loss:0.2112356796860695 - actor/pg_clipfrac:0.0 - actor/ppo_kl:0.0 - actor/pg_clipfrac_lower:0.0 - actor/fc_opd_coef:0.10000000149011612 - actor/fc_opd_active_weight_mean:0.06743539497256279 - actor/grad_norm:6.425225257873535 - perf/mfu/actor:0.022950643832710012 - perf/max_memory_allocated_gb:41.394092082977295 - perf/max_memory_reserved_gb:46.6484375 - perf/cpu_memory_used_gb:135.08218002319336 - actor/lr:1e-06 - training/global_step:64 - training/epoch:63 - critic/score/mean:1.0 - critic/score/max:1.0 - critic/score/min:1.0 - critic/rewards/mean:1.0 - critic/rewards/max:1.0 - critic/rewards/min:1.0 - critic/advantages/mean:0.9999989867210388 - critic/advantages/max:0.9999990463256836 - critic/advantages/min:0.9999990463256836 - critic/returns/mean:0.9999989867210388 - critic/returns/max:0.9999990463256836 - critic/returns/min:0.9999990463256836 - response_length/mean:372.0 - response_length/max:380.0 - response_length/min:364.0 - response_length/clip_ratio:0.0 - response_length_non_aborted/mean:372.0 - response_length_non_aborted/max:380.0 - response_length_non_aborted/min:364.0 - response_length_non_aborted/clip_ratio:0.0 - response/aborted_ratio:0.0 - prompt_length/mean:180.0 - prompt_length/max:180.0 - prompt_length/min:180.0 - prompt_length/clip_ratio:0.0 - num_turns/min:2 - num_turns/max:2 - num_turns/mean:2.0 - timing_s/start_profile:0.00025326386094093323 - timing_s/agent_loop/num_preempted/min:-1 - timing_s/agent_loop/num_preempted/max:-1 - timing_s/agent_loop/num_preempted/mean:-1.0 - timing_s/agent_loop/generate_sequences/min:5.816580552607775 - timing_s/agent_loop/generate_sequences/max:6.087305631488562 - timing_s/agent_loop/generate_sequences/mean:5.951943092048168 - timing_s/agent_loop/tool_calls/min:0.0 - timing_s/agent_loop/tool_calls/max:0.0 - timing_s/agent_loop/tool_calls/mean:0.0 - timing_s/agent_loop/slowest/generate_sequences:6.087305631488562 - timing_s/agent_loop/slowest/tool_calls:0.0 - timing_s/agent_loop/slowest/prompt_length:180 - timing_s/agent_loop/slowest/response_length:380 - timing_s/agent_loop/slowest/num_preempted:-1 - timing_s/gen:6.713663583621383 - timing_s/fc_opd:22.172197710722685 - timing_s/reward:2.8742477297782898e-05 - timing_s/old_log_prob:0.1799592785537243 - timing_s/adv:0.00043347105383872986 - timing_s/update_actor:0.6479009911417961 - timing_s/update_weights:2.0626640748232603 - timing_s/step:31.780496979132295 - timing_s/stop_profile:4.8568472266197205e-05 - timing_per_token_ms/gen:9.023741375835192 - timing_per_token_ms/adv:0.00039263682412928427 - timing_per_token_ms/update_actor:0.5868668398023515 - perf/total_num_tokens:1104 - perf/time_per_step:31.780496979132295 - perf/throughput:17.369143105674343
[36m(TaskRunner pid=431148)[0m step:65 - fc_opd/hook_loss:0.32319948077201843 - fc_opd/hook_num_samples:2.0 - fc_opd/hook_active_weight:77.72396850585938 - fc_opd/loss/task_visible:0.570424497127533 - fc_opd/selection/task_visible:0.012601129710674286 - fc_opd/loss/degraded:0.0 - fc_opd/selection/degraded:0.0 - fc_opd/loss/task_infer:0.4997680187225342 - fc_opd/selection/task_infer:0.015387807041406631 - fc_opd/loss/full:0.1472252458333969 - fc_opd/selection/full:0.044482551515102386 - fc_opd/loss/task_solve:0.3979019522666931 - fc_opd/selection/task_solve:0.02112710475921631 - fc_opd/loss/free:0.0 - fc_opd/selection/free:0.0 - fc_opd/loss/chunk/visible_evidence:0.0 - fc_opd/loss/chunk/diagram_inference:0.0 - fc_opd/loss/chunk/reasoning:0.03028387948870659 - fc_opd/loss/chunk/answer:0.0 - fc_opd/loss/total:0.32319948077201843 - fc_opd/online/loss:0.32319948077201843 - fc_opd/online/num_samples:2.0 - global_seqlen/min:514 - global_seqlen/max:675 - global_seqlen/minmax_diff:161 - global_seqlen/balanced_min:514 - global_seqlen/balanced_max:675 - global_seqlen/mean:594.5 - actor/entropy:0.35882052779197693 - perf/mfu/actor_infer:0 - actor/pg_loss:-0.9999990463256836 - actor/kl_loss:0.0 - actor/fc_opd_loss:0.20211824774742126 - actor/pg_clipfrac:0.0 - actor/ppo_kl:0.0 - actor/pg_clipfrac_lower:0.0 - actor/fc_opd_coef:0.10000000149011612 - actor/fc_opd_active_weight_mean:0.075902309268713 - actor/grad_norm:5.930004596710205 - perf/mfu/actor:0.024363066740091588 - perf/max_memory_allocated_gb:41.394092082977295 - perf/max_memory_reserved_gb:46.6484375 - perf/cpu_memory_used_gb:135.11650848388672 - actor/lr:1e-06 - training/global_step:65 - training/epoch:64 - critic/score/mean:1.0 - critic/score/max:1.0 - critic/score/min:1.0 - critic/rewards/mean:1.0 - critic/rewards/max:1.0 - critic/rewards/min:1.0 - critic/advantages/mean:0.9999989867210388 - critic/advantages/max:0.9999990463256836 - critic/advantages/min:0.9999990463256836 - critic/returns/mean:0.9999989867210388 - critic/returns/max:0.9999990463256836 - critic/returns/min:0.9999990463256836 - response_length/mean:414.5 - response_length/max:495.0 - response_length/min:334.0 - response_length/clip_ratio:0.0 - response_length_non_aborted/mean:414.5 - response_length_non_aborted/max:495.0 - response_length_non_aborted/min:334.0 - response_length_non_aborted/clip_ratio:0.0 - response/aborted_ratio:0.0 - prompt_length/mean:180.0 - prompt_length/max:180.0 - prompt_length/min:180.0 - prompt_length/clip_ratio:0.0 - num_turns/min:2 - num_turns/max:2 - num_turns/mean:2.0 - timing_s/start_profile:0.00025349855422973633 - timing_s/agent_loop/num_preempted/min:-1 - timing_s/agent_loop/num_preempted/max:-1 - timing_s/agent_loop/num_preempted/mean:-1.0 - timing_s/agent_loop/generate_sequences/min:5.3904504887759686 - timing_s/agent_loop/generate_sequences/max:7.911847675219178 - timing_s/agent_loop/generate_sequences/mean:6.651149081997573 - timing_s/agent_loop/tool_calls/min:0.0 - timing_s/agent_loop/tool_calls/max:0.0 - timing_s/agent_loop/tool_calls/mean:0.0 - timing_s/agent_loop/slowest/generate_sequences:7.911847675219178 - timing_s/agent_loop/slowest/tool_calls:0.0 - timing_s/agent_loop/slowest/prompt_length:180 - timing_s/agent_loop/slowest/response_length:495 - timing_s/agent_loop/slowest/num_preempted:-1 - timing_s/gen:8.55541188083589 - timing_s/fc_opd:23.220374401658773 - timing_s/reward:2.7824193239212036e-05 - timing_s/old_log_prob:0.17714828811585903 - timing_s/adv:0.0004338156431913376 - timing_s/update_actor:0.6550013292580843 - timing_s/update_weights:2.0781641732901335 - timing_s/step:34.68979180790484 - timing_s/stop_profile:4.7344714403152466e-05 - timing_per_token_ms/gen:10.320159084241123 - timing_per_token_ms/adv:0.00036485756365966154 - timing_per_token_ms/update_actor:0.550884213000912 - perf/total_num_tokens:1189 - perf/time_per_step:34.68979180790484 - perf/throughput:17.13760645471876[36m(TaskRunner pid=431148)[0m Training Progress:  32%|███▎      | 65/200 [35:02<1:15:27, 33.54s/it]
[36m(pid=327330)[0m /inspire/hdd/global_user/mengweicheng-240108120092/lzy/fc-opd-storage/envs/fc-opd-verl071-cu128/lib/python3.12/site-packages/torch/cuda/__init__.py:63: FutureWarning: The pynvml package is deprecated. Please install nvidia-ml-py instead. If you did not install pynvml directly, please report this to the maintainers of the package that installed pynvml for you.
[36m(pid=327330)[0m   import pynvml  # type: ignore[import]
[36m(pid=327330)[0m /inspire/hdd/global_user/mengweicheng-240108120092/lzy/fc-opd-storage/envs/fc-opd-verl071-cu128/lib/python3.12/site-packages/transformers/utils/hub.py:110: FutureWarning: Using `TRANSFORMERS_CACHE` is deprecated and will be removed in v5 of Transformers. Use `HF_HOME` instead.
[36m(pid=327330)[0m   warnings.warn(
[36m(_RayStudentScorerActor pid=327330)[0m `torch_dtype` is deprecated! Use `dtype` instead!
[36m(_RayStudentScorerActor pid=327330)[0m Loading checkpoint shards:   0%|          | 0/2 [00:00<?, ?it/s]
[36m(_RayStudentScorerActor pid=327330)[0m Loading checkpoint shards:  50%|█████     | 1/2 [00:03<00:03,  3.09s/it]
[36m(_RayStudentScorerActor pid=327330)[0m Loading checkpoint shards: 100%|██████████| 2/2 [00:05<00:00,  2.70s/it]Loading checkpoint shards: 100%|██████████| 2/2 [00:05<00:00,  2.76s/it]
[36m(WorkerDict pid=533144)[0m INFO:2026-06-29 13:48:31,603:update_weights done, time cost: 0.47s
[36m(TaskRunner pid=431148)[0m Training Progress:  33%|███▎      | 66/200 [35:33<1:13:13, 32.79s/it]
[36m(pid=385499)[0m /inspire/hdd/global_user/mengweicheng-240108120092/lzy/fc-opd-storage/envs/fc-opd-verl071-cu128/lib/python3.12/site-packages/torch/cuda/__init__.py:63: FutureWarning: The pynvml package is deprecated. Please install nvidia-ml-py instead. If you did not install pynvml directly, please report this to the maintainers of the package that installed pynvml for you.
[36m(pid=385499)[0m   import pynvml  # type: ignore[import]
[36m(pid=385499)[0m /inspire/hdd/global_user/mengweicheng-240108120092/lzy/fc-opd-storage/envs/fc-opd-verl071-cu128/lib/python3.12/site-packages/transformers/utils/hub.py:110: FutureWarning: Using `TRANSFORMERS_CACHE` is deprecated and will be removed in v5 of Transformers. Use `HF_HOME` instead.
[36m(pid=385499)[0m   warnings.warn(
[36m(_RayStudentScorerActor pid=385499)[0m `torch_dtype` is deprecated! Use `dtype` instead!
[36m(_RayStudentScorerActor pid=385499)[0m Loading checkpoint shards:   0%|          | 0/2 [00:00<?, ?it/s]
[36m(_RayStudentScorerActor pid=385499)[0m Loading checkpoint shards:  50%|█████     | 1/2 [00:03<00:03,  3.08s/it]
[36m(_RayStudentScorerActor pid=385499)[0m Loading checkpoint shards: 100%|██████████| 2/2 [00:05<00:00,  2.70s/it]Loading checkpoint shards: 100%|██████████| 2/2 [00:05<00:00,  2.75s/it]
[36m(WorkerDict pid=533144)[0m INFO:2026-06-29 13:49:02,636:update_weights done, time cost: 0.44s
[36m(TaskRunner pid=431148)[0m Training Progress:  34%|███▎      | 67/200 [36:04<1:11:32, 32.27s/it]
[36m(pid=452372)[0m /inspire/hdd/global_user/mengweicheng-240108120092/lzy/fc-opd-storage/envs/fc-opd-verl071-cu128/lib/python3.12/site-packages/torch/cuda/__init__.py:63: FutureWarning: The pynvml package is deprecated. Please install nvidia-ml-py instead. If you did not install pynvml directly, please report this to the maintainers of the package that installed pynvml for you.
[36m(pid=452372)[0m   import pynvml  # type: ignore[import]
[36m(pid=452372)[0m /inspire/hdd/global_user/mengweicheng-240108120092/lzy/fc-opd-storage/envs/fc-opd-verl071-cu128/lib/python3.12/site-packages/transformers/utils/hub.py:110: FutureWarning: Using `TRANSFORMERS_CACHE` is deprecated and will be removed in v5 of Transformers. Use `HF_HOME` instead.
[36m(pid=452372)[0m   warnings.warn(
[36m(_RayStudentScorerActor pid=452372)[0m `torch_dtype` is deprecated! Use `dtype` instead!
[36m(_RayStudentScorerActor pid=452372)[0m Loading checkpoint shards:   0%|          | 0/2 [00:00<?, ?it/s]
[36m(_RayStudentScorerActor pid=452372)[0m Loading checkpoint shards:  50%|█████     | 1/2 [00:02<00:02,  2.66s/it]
[36m(_RayStudentScorerActor pid=452372)[0m Loading checkpoint shards: 100%|██████████| 2/2 [00:04<00:00,  2.34s/it]Loading checkpoint shards: 100%|██████████| 2/2 [00:04<00:00,  2.38s/it]
[36m(WorkerDict pid=533144)[0m INFO:2026-06-29 13:49:35,815:update_weights done, time cost: 0.48s

[36m(TaskRunner pid=431148)[0m step:66 - fc_opd/hook_loss:0.35272926092147827 - fc_opd/hook_num_samples:2.0 - fc_opd/hook_active_weight:63.55413818359375 - fc_opd/loss/task_visible:0.6763938069343567 - fc_opd/selection/task_visible:0.012682680040597916 - fc_opd/loss/degraded:0.0 - fc_opd/selection/degraded:0.0 - fc_opd/loss/task_infer:0.8266828060150146 - fc_opd/selection/task_infer:0.012597181834280491 - fc_opd/loss/full:0.1345130205154419 - fc_opd/selection/full:0.0505068376660347 - fc_opd/loss/task_solve:0.4290130138397217 - fc_opd/selection/task_solve:0.01817498728632927 - fc_opd/loss/free:0.0 - fc_opd/selection/free:0.0 - fc_opd/loss/chunk/visible_evidence:0.0 - fc_opd/loss/chunk/diagram_inference:0.0 - fc_opd/loss/chunk/reasoning:0.033140525221824646 - fc_opd/loss/chunk/answer:0.0 - fc_opd/loss/total:0.35272926092147827 - fc_opd/online/loss:0.35272926092147827 - fc_opd/online/num_samples:2.0 - global_seqlen/min:498 - global_seqlen/max:538 - global_seqlen/minmax_diff:40 - global_seqlen/balanced_min:498 - global_seqlen/balanced_max:538 - global_seqlen/mean:518.0 - actor/entropy:0.28854435682296753 - perf/mfu/actor_infer:0 - actor/pg_loss:-0.9999990463256836 - actor/kl_loss:0.0 - actor/fc_opd_loss:0.20312438905239105 - actor/pg_clipfrac:0.0 - actor/ppo_kl:0.0 - actor/pg_clipfrac_lower:0.0 - actor/fc_opd_coef:0.10000000149011612 - actor/fc_opd_active_weight_mean:0.06206459365785122 - actor/grad_norm:5.8837785720825195 - perf/mfu/actor:0.021480380633013007 - perf/max_memory_allocated_gb:41.394092082977295 - perf/max_memory_reserved_gb:46.6484375 - perf/cpu_memory_used_gb:135.58648300170898 - actor/lr:1e-06 - training/global_step:66 - training/epoch:65 - critic/score/mean:1.0 - critic/score/max:1.0 - critic/score/min:1.0 - critic/rewards/mean:1.0 - critic/rewards/max:1.0 - critic/rewards/min:1.0 - critic/advantages/mean:0.9999991655349731 - critic/advantages/max:0.9999990463256836 - critic/advantages/min:0.9999990463256836 - critic/returns/mean:0.9999991655349731 - critic/returns/max:0.9999990463256836 - critic/returns/min:0.9999990463256836 - response_length/mean:338.0 - response_length/max:358.0 - response_length/min:318.0 - response_length/clip_ratio:0.0 - response_length_non_aborted/mean:338.0 - response_length_non_aborted/max:358.0 - response_length_non_aborted/min:318.0 - response_length_non_aborted/clip_ratio:0.0 - response/aborted_ratio:0.0 - prompt_length/mean:180.0 - prompt_length/max:180.0 - prompt_length/min:180.0 - prompt_length/clip_ratio:0.0 - num_turns/min:2 - num_turns/max:2 - num_turns/mean:2.0 - timing_s/start_profile:0.0002522692084312439 - timing_s/agent_loop/num_preempted/min:-1 - timing_s/agent_loop/num_preempted/max:-1 - timing_s/agent_loop/num_preempted/mean:-1.0 - timing_s/agent_loop/generate_sequences/min:5.102347392588854 - timing_s/agent_loop/generate_sequences/max:5.785764042288065 - timing_s/agent_loop/generate_sequences/mean:5.444055717438459 - timing_s/agent_loop/tool_calls/min:0.0 - timing_s/agent_loop/tool_calls/max:0.0 - timing_s/agent_loop/tool_calls/mean:0.0 - timing_s/agent_loop/slowest/generate_sequences:5.785764042288065 - timing_s/agent_loop/slowest/tool_calls:0.0 - timing_s/agent_loop/slowest/prompt_length:180 - timing_s/agent_loop/slowest/response_length:358 - timing_s/agent_loop/slowest/num_preempted:-1 - timing_s/gen:6.414567099884152 - timing_s/fc_opd:21.61792011372745 - timing_s/reward:2.148374915122986e-05 - timing_s/old_log_prob:0.1779879480600357 - timing_s/adv:0.0004446636885404587 - timing_s/update_actor:0.6523547992110252 - timing_s/update_weights:1.934623308479786 - timing_s/step:30.801742924377322 - timing_s/stop_profile:5.13419508934021e-05 - timing_per_token_ms/gen:9.489004585627445 - timing_per_token_ms/adv:0.00042921205457573233 - timing_per_token_ms/update_actor:0.6296860996245417 - perf/total_num_tokens:1036 - perf/time_per_step:30.801742924377322 - perf/throughput:16.817230157129874
[36m(TaskRunner pid=431148)[0m step:67 - fc_opd/hook_loss:0.30871444940567017 - fc_opd/hook_num_samples:2.0 - fc_opd/hook_active_weight:62.46489334106445 - fc_opd/loss/task_visible:0.46582770347595215 - fc_opd/selection/task_visible:0.013665594160556793 - fc_opd/loss/degraded:0.0 - fc_opd/selection/degraded:0.0 - fc_opd/loss/task_infer:0.7632331848144531 - fc_opd/selection/task_infer:0.01225096732378006 - fc_opd/loss/full:0.09826698154211044 - fc_opd/selection/full:0.04256791993975639 - fc_opd/loss/task_solve:0.3577346205711365 - fc_opd/selection/task_solve:0.022830506786704063 - fc_opd/loss/free:0.0 - fc_opd/selection/free:0.0 - fc_opd/loss/chunk/visible_evidence:0.0 - fc_opd/loss/chunk/diagram_inference:0.0 - fc_opd/loss/chunk/reasoning:0.028151225298643112 - fc_opd/loss/chunk/answer:0.0 - fc_opd/loss/total:0.30871444940567017 - fc_opd/online/loss:0.30871444940567017 - fc_opd/online/num_samples:2.0 - global_seqlen/min:517 - global_seqlen/max:527 - global_seqlen/minmax_diff:10 - global_seqlen/balanced_min:517 - global_seqlen/balanced_max:527 - global_seqlen/mean:522.0 - actor/entropy:0.2487047016620636 - perf/mfu/actor_infer:0 - actor/pg_loss:-0.999999076128006 - actor/kl_loss:0.0 - actor/fc_opd_loss:0.17428355664014816 - actor/pg_clipfrac:0.0 - actor/ppo_kl:0.0 - actor/pg_clipfrac_lower:0.0 - actor/fc_opd_coef:0.10000000149011612 - actor/fc_opd_active_weight_mean:0.06100087612867355 - actor/grad_norm:5.779681205749512 - perf/mfu/actor:0.02147388492609293 - perf/max_memory_allocated_gb:41.394092082977295 - perf/max_memory_reserved_gb:46.6484375 - perf/cpu_memory_used_gb:135.78013229370117 - actor/lr:1e-06 - training/global_step:67 - training/epoch:66 - critic/score/mean:1.0 - critic/score/max:1.0 - critic/score/min:1.0 - critic/rewards/mean:1.0 - critic/rewards/max:1.0 - critic/rewards/min:1.0 - critic/advantages/mean:0.9999992251396179 - critic/advantages/max:0.9999990463256836 - critic/advantages/min:0.9999990463256836 - critic/returns/mean:0.9999992251396179 - critic/returns/max:0.9999990463256836 - critic/returns/min:0.9999990463256836 - response_length/mean:342.0 - response_length/max:347.0 - response_length/min:337.0 - response_length/clip_ratio:0.0 - response_length_non_aborted/mean:342.0 - response_length_non_aborted/max:347.0 - response_length_non_aborted/min:337.0 - response_length_non_aborted/clip_ratio:0.0 - response/aborted_ratio:0.0 - prompt_length/mean:180.0 - prompt_length/max:180.0 - prompt_length/min:180.0 - prompt_length/clip_ratio:0.0 - num_turns/min:2 - num_turns/max:2 - num_turns/mean:2.0 - timing_s/start_profile:0.0002505127340555191 - timing_s/agent_loop/num_preempted/min:-1 - timing_s/agent_loop/num_preempted/max:-1 - timing_s/agent_loop/num_preempted/mean:-1.0 - timing_s/agent_loop/generate_sequences/min:5.43410212174058 - timing_s/agent_loop/generate_sequences/max:5.634927565231919 - timing_s/agent_loop/generate_sequences/mean:5.5345148434862494 - timing_s/agent_loop/tool_calls/min:0.0 - timing_s/agent_loop/tool_calls/max:0.0 - timing_s/agent_loop/tool_calls/mean:0.0 - timing_s/agent_loop/slowest/generate_sequences:5.634927565231919 - timing_s/agent_loop/slowest/tool_calls:0.0 - timing_s/agent_loop/slowest/prompt_length:180 - timing_s/agent_loop/slowest/response_length:347 - timing_s/agent_loop/slowest/num_preempted:-1 - timing_s/gen:6.27846971899271 - timing_s/fc_opd:21.71329067647457 - timing_s/reward:2.7863308787345886e-05 - timing_s/old_log_prob:0.1797648798674345 - timing_s/adv:0.0004495792090892792 - timing_s/update_actor:0.6569973677396774 - timing_s/update_weights:1.9983602594584227 - timing_s/step:30.83112509176135 - timing_s/stop_profile:4.900805652141571e-05 - timing_per_token_ms/gen:9.179049296772968 - timing_per_token_ms/adv:0.0004306314263307272 - timing_per_token_ms/update_actor:0.6293078235054381 - perf/total_num_tokens:1044 - perf/time_per_step:30.83112509176135 - perf/throughput:16.930942300885675
[36m(TaskRunner pid=431148)[0m step:68 - fc_opd/hook_loss:0.3578546643257141 - fc_opd/hook_num_samples:2.0 - fc_opd/hook_active_weight:74.35497283935547 - fc_opd/loss/task_visible:0.4944068193435669 - fc_opd/selection/task_visible:0.012893162667751312 - fc_opd/loss/degraded:0.0 - fc_opd/selection/degraded:0.0 - fc_opd/loss/task_infer:0.7884653806686401 - fc_opd/selection/task_infer:0.012290877290070057 - fc_opd/loss/full:0.1584789752960205 - fc_opd/selection/full:0.04626473784446716 - fc_opd/loss/task_solve:0.4752810299396515 - fc_opd/selection/task_solve:0.02099362574517727 - fc_opd/loss/free:0.0 - fc_opd/selection/free:0.0 - fc_opd/loss/chunk/visible_evidence:0.0 - fc_opd/loss/chunk/diagram_inference:0.0 - fc_opd/loss/chunk/reasoning:0.03308427333831787 - fc_opd/loss/chunk/answer:0.0 - fc_opd/loss/total:0.3578546643257141 - fc_opd/online/loss:0.3578546643257141 - fc_opd/online/num_samples:2.0 - global_seqlen/min:534 - global_seqlen/max:631 - global_seqlen/minmax_diff:97 - global_seqlen/balanced_min:534 - global_seqlen/balanced_max:631 - global_seqlen/mean:582.5 - actor/entropy:0.3159399628639221 - perf/mfu/actor_infer:0 - actor/pg_loss:-0.9999990463256836 - actor/kl_loss:0.0 - actor/fc_opd_loss:0.20253624767065048 - actor/pg_clipfrac:0.0 - actor/ppo_kl:0.0 - actor/pg_clipfrac_lower:0.0 - actor/fc_opd_coef:0.10000000149011612 - actor/fc_opd_active_weight_mean:0.07261228188872337 - actor/grad_norm:5.9258952140808105 - perf/mfu/actor:0.02404264609649584 - perf/max_memory_allocated_gb:41.394092082977295 - perf/max_memory_reserved_gb:46.6484375 - perf/cpu_memory_used_gb:135.13733291625977 - actor/lr:1e-06 - training/global_step:68 - training/epoch:67 - critic/score/mean:1.0 - critic/score/max:1.0 - critic/score/min:1.0 - critic/rewards/mean:1.0 - critic/rewards/max:1.0 - critic/rewards/min:1.0 - critic/advantages/mean:0.9999991059303284 - critic/advantages/max:0.9999990463256836 - critic/advantages/min:0.9999990463256836 - critic/returns/mean:0.9999991059303284 - critic/returns/max:0.9999990463256836 - critic/returns/min:0.9999990463256836 - response_length/mean:402.5 - response_length/max:451.0 - response_length/min:354.0 - response_length/clip_ratio:0.0 - response_length_non_aborted/mean:402.5 - response_length_non_aborted/max:451.0 - response_length_non_aborted/min:354.0 - response_length_non_aborted/clip_ratio:0.0 - response/aborted_ratio:0.0 - prompt_length/mean:180.0 - prompt_length/max:180.0 - prompt_length/min:180.0 - prompt_length/clip_ratio:0.0 - num_turns/min:2 - num_turns/max:2 - num_turns/mean:2.0 - timing_s/start_profile:0.0002542119473218918 - timing_s/agent_loop/num_preempted/min:-1 - timing_s/agent_loop/num_preempted/max:-1 - timing_s/agent_loop/num_preempted/mean:-1.0 - timing_s/agent_loop/generate_sequences/min:5.747585808858275 - timing_s/agent_loop/generate_sequences/max:7.304380694404244 - timing_s/agent_loop/generate_sequences/mean:6.52598325163126 - timing_s/agent_loop/tool_calls/min:0.0 - timing_s/agent_loop/tool_calls/max:0.0 - timing_s/agent_loop/tool_calls/mean:0.0 - timing_s/agent_loop/slowest/generate_sequences:7.304380694404244 - timing_s/agent_loop/slowest/tool_calls:0.0 - timing_s/agent_loop/slowest/prompt_length:180 - timing_s/agent_loop/slowest/response_length:451 - timing_s/agent_loop/slowest/num_preempted:-1 - timing_s/gen:7.948181394487619 - timing_s/fc_opd:22.175525043159723 - timing_s/reward:2.238340675830841e-05 - timing_s/old_log_prob:0.17532620579004288 - timing_s/adv:0.0004382263869047165 - timing_s/update_actor:0.6510726753622293 - timing_s/update_weights:1.9881509132683277 - timing_s/step:32.942371889948845 - timing_s/stop_profile:4.863180220127106e-05 - timing_per_token_ms/gen:9.873517260233067 - timing_per_token_ms/adv:0.0003761599887594133 - timing_per_token_ms/update_actor:0.558860665546978 - perf/total_num_tokens:1165 - perf/time_per_step:32.942371889948845 - perf/throughput:17.682394028759308[36m(TaskRunner pid=431148)[0m Training Progress:  34%|███▍      | 68/200 [36:37<1:11:36, 32.55s/it]
[36m(pid=511521)[0m /inspire/hdd/global_user/mengweicheng-240108120092/lzy/fc-opd-storage/envs/fc-opd-verl071-cu128/lib/python3.12/site-packages/torch/cuda/__init__.py:63: FutureWarning: The pynvml package is deprecated. Please install nvidia-ml-py instead. If you did not install pynvml directly, please report this to the maintainers of the package that installed pynvml for you.
[36m(pid=511521)[0m   import pynvml  # type: ignore[import]
[36m(pid=511521)[0m /inspire/hdd/global_user/mengweicheng-240108120092/lzy/fc-opd-storage/envs/fc-opd-verl071-cu128/lib/python3.12/site-packages/transformers/utils/hub.py:110: FutureWarning: Using `TRANSFORMERS_CACHE` is deprecated and will be removed in v5 of Transformers. Use `HF_HOME` instead.
[36m(pid=511521)[0m   warnings.warn(
[36m(_RayStudentScorerActor pid=511521)[0m `torch_dtype` is deprecated! Use `dtype` instead!
[36m(_RayStudentScorerActor pid=511521)[0m Loading checkpoint shards:   0%|          | 0/2 [00:00<?, ?it/s]
[36m(_RayStudentScorerActor pid=511521)[0m Loading checkpoint shards:  50%|█████     | 1/2 [00:02<00:02,  2.63s/it]
[36m(_RayStudentScorerActor pid=511521)[0m Loading checkpoint shards: 100%|██████████| 2/2 [00:04<00:00,  2.32s/it]Loading checkpoint shards: 100%|██████████| 2/2 [00:04<00:00,  2.37s/it]
[36m(WorkerDict pid=533144)[0m INFO:2026-06-29 13:50:10,458:update_weights done, time cost: 0.50s
[36m(TaskRunner pid=431148)[0m Training Progress:  34%|███▍      | 69/200 [37:11<1:12:26, 33.18s/it]
[36m(pid=577788)[0m /inspire/hdd/global_user/mengweicheng-240108120092/lzy/fc-opd-storage/envs/fc-opd-verl071-cu128/lib/python3.12/site-packages/torch/cuda/__init__.py:63: FutureWarning: The pynvml package is deprecated. Please install nvidia-ml-py instead. If you did not install pynvml directly, please report this to the maintainers of the package that installed pynvml for you.
[36m(pid=577788)[0m   import pynvml  # type: ignore[import]
[36m(pid=577788)[0m /inspire/hdd/global_user/mengweicheng-240108120092/lzy/fc-opd-storage/envs/fc-opd-verl071-cu128/lib/python3.12/site-packages/transformers/utils/hub.py:110: FutureWarning: Using `TRANSFORMERS_CACHE` is deprecated and will be removed in v5 of Transformers. Use `HF_HOME` instead.
[36m(pid=577788)[0m   warnings.warn(
[36m(_RayStudentScorerActor pid=577788)[0m `torch_dtype` is deprecated! Use `dtype` instead!
[36m(_RayStudentScorerActor pid=577788)[0m Loading checkpoint shards:   0%|          | 0/2 [00:00<?, ?it/s]
[36m(_RayStudentScorerActor pid=577788)[0m Loading checkpoint shards:  50%|█████     | 1/2 [00:03<00:03,  3.02s/it]
[36m(_RayStudentScorerActor pid=577788)[0m Loading checkpoint shards: 100%|██████████| 2/2 [00:05<00:00,  2.67s/it]Loading checkpoint shards: 100%|██████████| 2/2 [00:05<00:00,  2.73s/it]
[36m(WorkerDict pid=533144)[0m INFO:2026-06-29 13:50:41,587:update_weights done, time cost: 0.52s
[36m(TaskRunner pid=431148)[0m Training Progress:  35%|███▌      | 70/200 [37:43<1:10:31, 32.55s/it]
[36m(pid=631662)[0m /inspire/hdd/global_user/mengweicheng-240108120092/lzy/fc-opd-storage/envs/fc-opd-verl071-cu128/lib/python3.12/site-packages/torch/cuda/__init__.py:63: FutureWarning: The pynvml package is deprecated. Please install nvidia-ml-py instead. If you did not install pynvml directly, please report this to the maintainers of the package that installed pynvml for you.
[36m(pid=631662)[0m   import pynvml  # type: ignore[import]
[36m(pid=631662)[0m /inspire/hdd/global_user/mengweicheng-240108120092/lzy/fc-opd-storage/envs/fc-opd-verl071-cu128/lib/python3.12/site-packages/transformers/utils/hub.py:110: FutureWarning: Using `TRANSFORMERS_CACHE` is deprecated and will be removed in v5 of Transformers. Use `HF_HOME` instead.
[36m(pid=631662)[0m   warnings.warn(
[36m(_RayStudentScorerActor pid=631662)[0m `torch_dtype` is deprecated! Use `dtype` instead!
[36m(_RayStudentScorerActor pid=631662)[0m Loading checkpoint shards:   0%|          | 0/2 [00:00<?, ?it/s]
[36m(_RayStudentScorerActor pid=631662)[0m Loading checkpoint shards:  50%|█████     | 1/2 [00:02<00:02,  2.62s/it]
[36m(_RayStudentScorerActor pid=631662)[0m Loading checkpoint shards: 100%|██████████| 2/2 [00:04<00:00,  2.30s/it]Loading checkpoint shards: 100%|██████████| 2/2 [00:04<00:00,  2.35s/it]
[36m(WorkerDict pid=533144)[0m INFO:2026-06-29 13:51:10,493:update_weights done, time cost: 0.50s

[36m(TaskRunner pid=431148)[0m step:69 - fc_opd/hook_loss:0.35474538803100586 - fc_opd/hook_num_samples:2.0 - fc_opd/hook_active_weight:82.47894287109375 - fc_opd/loss/task_visible:0.4848015308380127 - fc_opd/selection/task_visible:0.010803827084600925 - fc_opd/loss/degraded:0.0 - fc_opd/selection/degraded:0.0 - fc_opd/loss/task_infer:0.6721168756484985 - fc_opd/selection/task_infer:0.014968443661928177 - fc_opd/loss/full:0.17416687309741974 - fc_opd/selection/full:0.04856356605887413 - fc_opd/loss/task_solve:0.5114848613739014 - fc_opd/selection/task_solve:0.018235836178064346 - fc_opd/loss/free:0.0 - fc_opd/selection/free:0.0 - fc_opd/loss/chunk/visible_evidence:0.0 - fc_opd/loss/chunk/diagram_inference:0.0 - fc_opd/loss/chunk/reasoning:0.03283879533410072 - fc_opd/loss/chunk/answer:0.0 - fc_opd/loss/total:0.35474538803100586 - fc_opd/online/loss:0.35474538803100586 - fc_opd/online/num_samples:2.0 - global_seqlen/min:614 - global_seqlen/max:637 - global_seqlen/minmax_diff:23 - global_seqlen/balanced_min:614 - global_seqlen/balanced_max:637 - global_seqlen/mean:625.5 - actor/entropy:0.3375731110572815 - perf/mfu/actor_infer:0 - actor/pg_loss:-0.9999990165233612 - actor/kl_loss:0.0 - actor/fc_opd_loss:0.20954348146915436 - actor/pg_clipfrac:0.0 - actor/ppo_kl:0.0 - actor/pg_clipfrac_lower:0.0 - actor/fc_opd_coef:0.10000000149011612 - actor/fc_opd_active_weight_mean:0.08054584264755249 - actor/grad_norm:6.2052178382873535 - perf/mfu/actor:0.026125947413285028 - perf/max_memory_allocated_gb:41.394092082977295 - perf/max_memory_reserved_gb:46.6484375 - perf/cpu_memory_used_gb:136.1417694091797 - actor/lr:1e-06 - training/global_step:69 - training/epoch:68 - critic/score/mean:1.0 - critic/score/max:1.0 - critic/score/min:1.0 - critic/rewards/mean:1.0 - critic/rewards/max:1.0 - critic/rewards/min:1.0 - critic/advantages/mean:0.9999989867210388 - critic/advantages/max:0.9999990463256836 - critic/advantages/min:0.9999990463256836 - critic/returns/mean:0.9999989867210388 - critic/returns/max:0.9999990463256836 - critic/returns/min:0.9999990463256836 - response_length/mean:445.5 - response_length/max:457.0 - response_length/min:434.0 - response_length/clip_ratio:0.0 - response_length_non_aborted/mean:445.5 - response_length_non_aborted/max:457.0 - response_length_non_aborted/min:434.0 - response_length_non_aborted/clip_ratio:0.0 - response/aborted_ratio:0.0 - prompt_length/mean:180.0 - prompt_length/max:180.0 - prompt_length/min:180.0 - prompt_length/clip_ratio:0.0 - num_turns/min:2 - num_turns/max:2 - num_turns/mean:2.0 - timing_s/start_profile:0.00025227852165699005 - timing_s/agent_loop/num_preempted/min:-1 - timing_s/agent_loop/num_preempted/max:-1 - timing_s/agent_loop/num_preempted/mean:-1.0 - timing_s/agent_loop/generate_sequences/min:7.024296674877405 - timing_s/agent_loop/generate_sequences/max:7.365812243893743 - timing_s/agent_loop/generate_sequences/mean:7.195054459385574 - timing_s/agent_loop/tool_calls/min:0.0 - timing_s/agent_loop/tool_calls/max:0.0 - timing_s/agent_loop/tool_calls/mean:0.0 - timing_s/agent_loop/slowest/generate_sequences:7.365812243893743 - timing_s/agent_loop/slowest/tool_calls:0.0 - timing_s/agent_loop/slowest/prompt_length:180 - timing_s/agent_loop/slowest/response_length:457 - timing_s/agent_loop/slowest/num_preempted:-1 - timing_s/gen:8.016940999776125 - timing_s/fc_opd:23.365224784240127 - timing_s/reward:2.1947547793388367e-05 - timing_s/old_log_prob:0.17643856443464756 - timing_s/adv:0.00044927746057510376 - timing_s/update_actor:0.6421726401895285 - timing_s/update_weights:2.199093220755458 - timing_s/step:34.40431959182024 - timing_s/stop_profile:4.7773122787475586e-05 - timing_per_token_ms/gen:8.997689113104517 - timing_per_token_ms/adv:0.00035913466073149783 - timing_per_token_ms/update_actor:0.5133274501914696 - perf/total_num_tokens:1251 - perf/time_per_step:34.40431959182024 - perf/throughput:18.180856573275033
[36m(TaskRunner pid=431148)[0m step:70 - fc_opd/hook_loss:0.3357323408126831 - fc_opd/hook_num_samples:2.0 - fc_opd/hook_active_weight:63.73011016845703 - fc_opd/loss/task_visible:0.4877642095088959 - fc_opd/selection/task_visible:0.012650491669774055 - fc_opd/loss/degraded:0.0 - fc_opd/selection/degraded:0.0 - fc_opd/loss/task_infer:0.6043987274169922 - fc_opd/selection/task_infer:0.013145174831151962 - fc_opd/loss/full:0.15933243930339813 - fc_opd/selection/full:0.04610314965248108 - fc_opd/loss/task_solve:0.472341388463974 - fc_opd/selection/task_solve:0.01991676166653633 - fc_opd/loss/free:0.0 - fc_opd/selection/free:0.0 - fc_opd/loss/chunk/visible_evidence:0.0 - fc_opd/loss/chunk/diagram_inference:0.0 - fc_opd/loss/chunk/reasoning:0.030839186161756516 - fc_opd/loss/chunk/answer:0.0 - fc_opd/loss/total:0.3357323408126831 - fc_opd/online/loss:0.3357323408126831 - fc_opd/online/num_samples:2.0 - global_seqlen/min:518 - global_seqlen/max:536 - global_seqlen/minmax_diff:18 - global_seqlen/balanced_min:518 - global_seqlen/balanced_max:536 - global_seqlen/mean:527.0 - actor/entropy:0.28205832839012146 - perf/mfu/actor_infer:0 - actor/pg_loss:-0.999999076128006 - actor/kl_loss:0.0 - actor/fc_opd_loss:0.1593116894364357 - actor/pg_clipfrac:0.0 - actor/ppo_kl:0.0 - actor/pg_clipfrac_lower:0.0 - actor/fc_opd_coef:0.10000000149011612 - actor/fc_opd_active_weight_mean:0.06223643943667412 - actor/grad_norm:6.632834434509277 - perf/mfu/actor:0.021941749716717418 - perf/max_memory_allocated_gb:41.394092082977295 - perf/max_memory_reserved_gb:46.6484375 - perf/cpu_memory_used_gb:135.7336196899414 - actor/lr:1e-06 - training/global_step:70 - training/epoch:69 - critic/score/mean:1.0 - critic/score/max:1.0 - critic/score/min:1.0 - critic/rewards/mean:1.0 - critic/rewards/max:1.0 - critic/rewards/min:1.0 - critic/advantages/mean:0.9999992251396179 - critic/advantages/max:0.9999990463256836 - critic/advantages/min:0.9999990463256836 - critic/returns/mean:0.9999992251396179 - critic/returns/max:0.9999990463256836 - critic/returns/min:0.9999990463256836 - response_length/mean:347.0 - response_length/max:356.0 - response_length/min:338.0 - response_length/clip_ratio:0.0 - response_length_non_aborted/mean:347.0 - response_length_non_aborted/max:356.0 - response_length_non_aborted/min:338.0 - response_length_non_aborted/clip_ratio:0.0 - response/aborted_ratio:0.0 - prompt_length/mean:180.0 - prompt_length/max:180.0 - prompt_length/min:180.0 - prompt_length/clip_ratio:0.0 - num_turns/min:2 - num_turns/max:2 - num_turns/mean:2.0 - timing_s/start_profile:0.00025272369384765625 - timing_s/agent_loop/num_preempted/min:-1 - timing_s/agent_loop/num_preempted/max:-1 - timing_s/agent_loop/num_preempted/mean:-1.0 - timing_s/agent_loop/generate_sequences/min:5.396318314597011 - timing_s/agent_loop/generate_sequences/max:5.830010514706373 - timing_s/agent_loop/generate_sequences/mean:5.613164414651692 - timing_s/agent_loop/tool_calls/min:0.0 - timing_s/agent_loop/tool_calls/max:0.0 - timing_s/agent_loop/tool_calls/mean:0.0 - timing_s/agent_loop/slowest/generate_sequences:5.830010514706373 - timing_s/agent_loop/slowest/tool_calls:0.0 - timing_s/agent_loop/slowest/prompt_length:180 - timing_s/agent_loop/slowest/response_length:356 - timing_s/agent_loop/slowest/num_preempted:-1 - timing_s/gen:6.452233409509063 - timing_s/fc_opd:21.588879132643342 - timing_s/reward:2.707540988922119e-05 - timing_s/old_log_prob:0.17970103956758976 - timing_s/adv:0.0004240330308675766 - timing_s/update_actor:0.6481063812971115 - timing_s/update_weights:1.9770511109381914 - timing_s/step:30.850452383980155 - timing_s/stop_profile:4.7927722334861755e-05 - timing_per_token_ms/gen:9.297166296122569 - timing_per_token_ms/adv:0.00040230837843223584 - timing_per_token_ms/update_actor:0.6149016900352101 - perf/total_num_tokens:1054 - perf/time_per_step:30.850452383980155 - perf/throughput:17.082407526498947
[36m(TaskRunner pid=431148)[0m step:71 - fc_opd/hook_loss:0.33744269609451294 - fc_opd/hook_num_samples:2.0 - fc_opd/hook_active_weight:55.842063903808594 - fc_opd/loss/task_visible:0.6024438142776489 - fc_opd/selection/task_visible:0.011815275996923447 - fc_opd/loss/degraded:0.0 - fc_opd/selection/degraded:0.0 - fc_opd/loss/task_infer:0.6069321036338806 - fc_opd/selection/task_infer:0.010641608387231827 - fc_opd/loss/full:0.16633844375610352 - fc_opd/selection/full:0.04712098091840744 - fc_opd/loss/task_solve:0.4485565423965454 - fc_opd/selection/task_solve:0.02173328772187233 - fc_opd/loss/free:0.0 - fc_opd/selection/free:0.0 - fc_opd/loss/chunk/visible_evidence:0.0 - fc_opd/loss/chunk/diagram_inference:0.0 - fc_opd/loss/chunk/reasoning:0.03070119209587574 - fc_opd/loss/chunk/answer:0.0 - fc_opd/loss/total:0.33744269609451294 - fc_opd/online/loss:0.33744269609451294 - fc_opd/online/num_samples:2.0 - global_seqlen/min:473 - global_seqlen/max:498 - global_seqlen/minmax_diff:25 - global_seqlen/balanced_min:473 - global_seqlen/balanced_max:498 - global_seqlen/mean:485.5 - actor/entropy:0.26225948333740234 - perf/mfu/actor_infer:0 - actor/pg_loss:-0.9999990463256836 - actor/kl_loss:0.0 - actor/fc_opd_loss:0.16376365721225739 - actor/pg_clipfrac:0.0 - actor/ppo_kl:0.0 - actor/pg_clipfrac_lower:0.0 - actor/fc_opd_coef:0.10000000149011612 - actor/fc_opd_active_weight_mean:0.05453326180577278 - actor/grad_norm:5.719015598297119 - perf/mfu/actor:0.020203910936787615 - perf/max_memory_allocated_gb:41.394092082977295 - perf/max_memory_reserved_gb:46.6484375 - perf/cpu_memory_used_gb:136.12324905395508 - actor/lr:1e-06 - training/global_step:71 - training/epoch:70 - critic/score/mean:1.0 - critic/score/max:1.0 - critic/score/min:1.0 - critic/rewards/mean:1.0 - critic/rewards/max:1.0 - critic/rewards/min:1.0 - critic/advantages/mean:0.9999991059303284 - critic/advantages/max:0.9999990463256836 - critic/advantages/min:0.9999990463256836 - critic/returns/mean:0.9999991059303284 - critic/returns/max:0.9999990463256836 - critic/returns/min:0.9999990463256836 - response_length/mean:305.5 - response_length/max:318.0 - response_length/min:293.0 - response_length/clip_ratio:0.0 - response_length_non_aborted/mean:305.5 - response_length_non_aborted/max:318.0 - response_length_non_aborted/min:293.0 - response_length_non_aborted/clip_ratio:0.0 - response/aborted_ratio:0.0 - prompt_length/mean:180.0 - prompt_length/max:180.0 - prompt_length/min:180.0 - prompt_length/clip_ratio:0.0 - num_turns/min:2 - num_turns/max:2 - num_turns/mean:2.0 - timing_s/start_profile:0.0002609584480524063 - timing_s/agent_loop/num_preempted/min:-1 - timing_s/agent_loop/num_preempted/max:-1 - timing_s/agent_loop/num_preempted/mean:-1.0 - timing_s/agent_loop/generate_sequences/min:4.7185097597539425 - timing_s/agent_loop/generate_sequences/max:5.131188824772835 - timing_s/agent_loop/generate_sequences/mean:4.924849292263389 - timing_s/agent_loop/tool_calls/min:0.0 - timing_s/agent_loop/tool_calls/max:0.0 - timing_s/agent_loop/tool_calls/mean:0.0 - timing_s/agent_loop/slowest/generate_sequences:5.131188824772835 - timing_s/agent_loop/slowest/tool_calls:0.0 - timing_s/agent_loop/slowest/prompt_length:180 - timing_s/agent_loop/slowest/response_length:318 - timing_s/agent_loop/slowest/num_preempted:-1 - timing_s/gen:5.762130403891206 - timing_s/fc_opd:20.036501893773675 - timing_s/reward:2.3888424038887024e-05 - timing_s/old_log_prob:0.17623369954526424 - timing_s/adv:0.00045211613178253174 - timing_s/update_actor:0.6507506836205721 - timing_s/update_weights:2.046811005100608 - timing_s/step:28.676319401711226 - timing_s/stop_profile:4.815123975276947e-05 - timing_per_token_ms/gen:9.430655325517522 - timing_per_token_ms/adv:0.00046561908525492455 - timing_per_token_ms/update_actor:0.6701860799387972 - perf/total_num_tokens:971 - perf/time_per_step:28.676319401711226 - perf/throughput:16.930345669501378[36m(TaskRunner pid=431148)[0m Training Progress:  36%|███▌      | 71/200 [38:11<1:07:38, 31.46s/it]
[36m(pid=688481)[0m /inspire/hdd/global_user/mengweicheng-240108120092/lzy/fc-opd-storage/envs/fc-opd-verl071-cu128/lib/python3.12/site-packages/torch/cuda/__init__.py:63: FutureWarning: The pynvml package is deprecated. Please install nvidia-ml-py instead. If you did not install pynvml directly, please report this to the maintainers of the package that installed pynvml for you.
[36m(pid=688481)[0m   import pynvml  # type: ignore[import]
[36m(pid=688481)[0m /inspire/hdd/global_user/mengweicheng-240108120092/lzy/fc-opd-storage/envs/fc-opd-verl071-cu128/lib/python3.12/site-packages/transformers/utils/hub.py:110: FutureWarning: Using `TRANSFORMERS_CACHE` is deprecated and will be removed in v5 of Transformers. Use `HF_HOME` instead.
[36m(pid=688481)[0m   warnings.warn(
[36m(_RayStudentScorerActor pid=688481)[0m `torch_dtype` is deprecated! Use `dtype` instead!
[36m(_RayStudentScorerActor pid=688481)[0m Loading checkpoint shards:   0%|          | 0/2 [00:00<?, ?it/s]
[36m(_RayStudentScorerActor pid=688481)[0m Loading checkpoint shards:  50%|█████     | 1/2 [00:02<00:02,  2.60s/it]
[36m(_RayStudentScorerActor pid=688481)[0m Loading checkpoint shards: 100%|██████████| 2/2 [00:04<00:00,  2.30s/it]Loading checkpoint shards: 100%|██████████| 2/2 [00:04<00:00,  2.34s/it]
[36m(WorkerDict pid=533144)[0m INFO:2026-06-29 13:51:41,894:update_weights done, time cost: 0.47s
[36m(TaskRunner pid=431148)[0m Training Progress:  36%|███▌      | 72/200 [38:43<1:07:05, 31.45s/it]
[36m(pid=745303)[0m /inspire/hdd/global_user/mengweicheng-240108120092/lzy/fc-opd-storage/envs/fc-opd-verl071-cu128/lib/python3.12/site-packages/torch/cuda/__init__.py:63: FutureWarning: The pynvml package is deprecated. Please install nvidia-ml-py instead. If you did not install pynvml directly, please report this to the maintainers of the package that installed pynvml for you.
[36m(pid=745303)[0m   import pynvml  # type: ignore[import]
[36m(pid=745303)[0m /inspire/hdd/global_user/mengweicheng-240108120092/lzy/fc-opd-storage/envs/fc-opd-verl071-cu128/lib/python3.12/site-packages/transformers/utils/hub.py:110: FutureWarning: Using `TRANSFORMERS_CACHE` is deprecated and will be removed in v5 of Transformers. Use `HF_HOME` instead.
[36m(pid=745303)[0m   warnings.warn(
[36m(_RayStudentScorerActor pid=745303)[0m `torch_dtype` is deprecated! Use `dtype` instead!
[36m(_RayStudentScorerActor pid=745303)[0m Loading checkpoint shards:   0%|          | 0/2 [00:00<?, ?it/s]
[36m(_RayStudentScorerActor pid=745303)[0m Loading checkpoint shards:  50%|█████     | 1/2 [00:02<00:02,  2.59s/it]
[36m(_RayStudentScorerActor pid=745303)[0m Loading checkpoint shards: 100%|██████████| 2/2 [00:04<00:00,  2.29s/it]Loading checkpoint shards: 100%|██████████| 2/2 [00:04<00:00,  2.33s/it]
[36m(WorkerDict pid=533144)[0m INFO:2026-06-29 13:52:12,116:update_weights done, time cost: 0.46s
[36m(TaskRunner pid=431148)[0m Training Progress:  36%|███▋      | 73/200 [39:13<1:05:45, 31.07s/it]
[36m(pid=799902)[0m /inspire/hdd/global_user/mengweicheng-240108120092/lzy/fc-opd-storage/envs/fc-opd-verl071-cu128/lib/python3.12/site-packages/torch/cuda/__init__.py:63: FutureWarning: The pynvml package is deprecated. Please install nvidia-ml-py instead. If you did not install pynvml directly, please report this to the maintainers of the package that installed pynvml for you.
[36m(pid=799902)[0m   import pynvml  # type: ignore[import]
[36m(pid=799902)[0m /inspire/hdd/global_user/mengweicheng-240108120092/lzy/fc-opd-storage/envs/fc-opd-verl071-cu128/lib/python3.12/site-packages/transformers/utils/hub.py:110: FutureWarning: Using `TRANSFORMERS_CACHE` is deprecated and will be removed in v5 of Transformers. Use `HF_HOME` instead.
[36m(pid=799902)[0m   warnings.warn(
[36m(_RayStudentScorerActor pid=799902)[0m `torch_dtype` is deprecated! Use `dtype` instead!
[36m(_RayStudentScorerActor pid=799902)[0m Loading checkpoint shards:   0%|          | 0/2 [00:00<?, ?it/s]
[36m(_RayStudentScorerActor pid=799902)[0m Loading checkpoint shards:  50%|█████     | 1/2 [00:02<00:02,  2.63s/it]
[36m(_RayStudentScorerActor pid=799902)[0m Loading checkpoint shards: 100%|██████████| 2/2 [00:04<00:00,  2.32s/it]Loading checkpoint shards: 100%|██████████| 2/2 [00:04<00:00,  2.37s/it]
[36m(WorkerDict pid=533144)[0m INFO:2026-06-29 13:52:43,576:update_weights done, time cost: 0.46s

[36m(TaskRunner pid=431148)[0m step:72 - fc_opd/hook_loss:0.4394485354423523 - fc_opd/hook_num_samples:2.0 - fc_opd/hook_active_weight:68.04351043701172 - fc_opd/loss/task_visible:0.8020946979522705 - fc_opd/selection/task_visible:0.011242393404245377 - fc_opd/loss/degraded:0.0 - fc_opd/selection/degraded:0.0 - fc_opd/loss/task_infer:0.8924626111984253 - fc_opd/selection/task_infer:0.014978738501667976 - fc_opd/loss/full:0.2241440862417221 - fc_opd/selection/full:0.04381607472896576 - fc_opd/loss/task_solve:0.3996233642101288 - fc_opd/selection/task_solve:0.02204960212111473 - fc_opd/loss/free:0.0 - fc_opd/selection/free:0.0 - fc_opd/loss/chunk/visible_evidence:0.0 - fc_opd/loss/chunk/diagram_inference:0.0 - fc_opd/loss/chunk/reasoning:0.04046746343374252 - fc_opd/loss/chunk/answer:0.0 - fc_opd/loss/total:0.4394485354423523 - fc_opd/online/loss:0.4394485354423523 - fc_opd/online/num_samples:2.0 - global_seqlen/min:523 - global_seqlen/max:576 - global_seqlen/minmax_diff:53 - global_seqlen/balanced_min:523 - global_seqlen/balanced_max:576 - global_seqlen/mean:549.5 - actor/entropy:0.3304506838321686 - perf/mfu/actor_infer:0 - actor/pg_loss:-0.9999990463256836 - actor/kl_loss:0.0 - actor/fc_opd_loss:0.22798900306224823 - actor/pg_clipfrac:0.0 - actor/ppo_kl:0.0 - actor/pg_clipfrac_lower:0.0 - actor/fc_opd_coef:0.10000000149011612 - actor/fc_opd_active_weight_mean:0.06644874066114426 - actor/grad_norm:6.637577533721924 - perf/mfu/actor:0.02323327586767878 - perf/max_memory_allocated_gb:41.394092082977295 - perf/max_memory_reserved_gb:46.6484375 - perf/cpu_memory_used_gb:136.1639060974121 - actor/lr:1e-06 - training/global_step:72 - training/epoch:71 - critic/score/mean:1.0 - critic/score/max:1.0 - critic/score/min:1.0 - critic/rewards/mean:1.0 - critic/rewards/max:1.0 - critic/rewards/min:1.0 - critic/advantages/mean:0.9999989867210388 - critic/advantages/max:0.9999990463256836 - critic/advantages/min:0.9999990463256836 - critic/returns/mean:0.9999989867210388 - critic/returns/max:0.9999990463256836 - critic/returns/min:0.9999990463256836 - response_length/mean:369.5 - response_length/max:396.0 - response_length/min:343.0 - response_length/clip_ratio:0.0 - response_length_non_aborted/mean:369.5 - response_length_non_aborted/max:396.0 - response_length_non_aborted/min:343.0 - response_length_non_aborted/clip_ratio:0.0 - response/aborted_ratio:0.0 - prompt_length/mean:180.0 - prompt_length/max:180.0 - prompt_length/min:180.0 - prompt_length/clip_ratio:0.0 - num_turns/min:2 - num_turns/max:2 - num_turns/mean:2.0 - timing_s/start_profile:0.0002611260861158371 - timing_s/agent_loop/num_preempted/min:-1 - timing_s/agent_loop/num_preempted/max:-1 - timing_s/agent_loop/num_preempted/mean:-1.0 - timing_s/agent_loop/generate_sequences/min:5.548102168366313 - timing_s/agent_loop/generate_sequences/max:6.418855905532837 - timing_s/agent_loop/generate_sequences/mean:5.983479036949575 - timing_s/agent_loop/tool_calls/min:0.0 - timing_s/agent_loop/tool_calls/max:0.0 - timing_s/agent_loop/tool_calls/mean:0.0 - timing_s/agent_loop/slowest/generate_sequences:6.418855905532837 - timing_s/agent_loop/slowest/tool_calls:0.0 - timing_s/agent_loop/slowest/prompt_length:180 - timing_s/agent_loop/slowest/response_length:396 - timing_s/agent_loop/slowest/num_preempted:-1 - timing_s/gen:7.042263152077794 - timing_s/fc_opd:21.331231623888016 - timing_s/reward:1.942180097103119e-05 - timing_s/old_log_prob:0.17508813180029392 - timing_s/adv:0.00042756833136081696 - timing_s/update_actor:0.638482466340065 - timing_s/update_weights:1.9877822306007147 - timing_s/step:31.178565304726362 - timing_s/stop_profile:4.727579653263092e-05 - timing_per_token_ms/gen:9.52944946153964 - timing_per_token_ms/adv:0.00038905216684332754 - timing_per_token_ms/update_actor:0.5809667573612967 - perf/total_num_tokens:1099 - perf/time_per_step:31.178565304726362 - perf/throughput:17.624287539513602
[36m(TaskRunner pid=431148)[0m step:73 - fc_opd/hook_loss:0.2936396300792694 - fc_opd/hook_num_samples:2.0 - fc_opd/hook_active_weight:63.82313537597656 - fc_opd/loss/task_visible:0.4775936007499695 - fc_opd/selection/task_visible:0.011028321459889412 - fc_opd/loss/degraded:0.0 - fc_opd/selection/degraded:0.0 - fc_opd/loss/task_infer:0.5762302875518799 - fc_opd/selection/task_infer:0.014145969413220882 - fc_opd/loss/full:0.14984342455863953 - fc_opd/selection/full:0.04871426522731781 - fc_opd/loss/task_solve:0.347250372171402 - fc_opd/selection/task_solve:0.01873844861984253 - fc_opd/loss/free:0.0 - fc_opd/selection/free:0.0 - fc_opd/loss/chunk/visible_evidence:0.0 - fc_opd/loss/chunk/diagram_inference:0.0 - fc_opd/loss/chunk/reasoning:0.027196023613214493 - fc_opd/loss/chunk/answer:0.0 - fc_opd/loss/total:0.2936396300792694 - fc_opd/online/loss:0.2936396300792694 - fc_opd/online/num_samples:2.0 - global_seqlen/min:514 - global_seqlen/max:535 - global_seqlen/minmax_diff:21 - global_seqlen/balanced_min:514 - global_seqlen/balanced_max:535 - global_seqlen/mean:524.5 - actor/entropy:0.2549428641796112 - perf/mfu/actor_infer:0 - actor/pg_loss:-0.999999076128006 - actor/kl_loss:0.0 - actor/fc_opd_loss:0.13751496374607086 - actor/pg_clipfrac:0.0 - actor/ppo_kl:0.0 - actor/pg_clipfrac_lower:0.0 - actor/fc_opd_coef:0.10000000149011612 - actor/fc_opd_active_weight_mean:0.06232727691531181 - actor/grad_norm:5.838545322418213 - perf/mfu/actor:0.021725008038642305 - perf/max_memory_allocated_gb:41.394092082977295 - perf/max_memory_reserved_gb:46.6484375 - perf/cpu_memory_used_gb:135.82108688354492 - actor/lr:1e-06 - training/global_step:73 - training/epoch:72 - critic/score/mean:1.0 - critic/score/max:1.0 - critic/score/min:1.0 - critic/rewards/mean:1.0 - critic/rewards/max:1.0 - critic/rewards/min:1.0 - critic/advantages/mean:0.9999992251396179 - critic/advantages/max:0.9999990463256836 - critic/advantages/min:0.9999990463256836 - critic/returns/mean:0.9999992251396179 - critic/returns/max:0.9999990463256836 - critic/returns/min:0.9999990463256836 - response_length/mean:344.5 - response_length/max:355.0 - response_length/min:334.0 - response_length/clip_ratio:0.0 - response_length_non_aborted/mean:344.5 - response_length_non_aborted/max:355.0 - response_length_non_aborted/min:334.0 - response_length_non_aborted/clip_ratio:0.0 - response/aborted_ratio:0.0 - prompt_length/mean:180.0 - prompt_length/max:180.0 - prompt_length/min:180.0 - prompt_length/clip_ratio:0.0 - num_turns/min:2 - num_turns/max:2 - num_turns/mean:2.0 - timing_s/start_profile:0.0002573598176240921 - timing_s/agent_loop/num_preempted/min:-1 - timing_s/agent_loop/num_preempted/max:-1 - timing_s/agent_loop/num_preempted/mean:-1.0 - timing_s/agent_loop/generate_sequences/min:5.357185583561659 - timing_s/agent_loop/generate_sequences/max:5.7356689386069775 - timing_s/agent_loop/generate_sequences/mean:5.546427261084318 - timing_s/agent_loop/tool_calls/min:0.0 - timing_s/agent_loop/tool_calls/max:0.0 - timing_s/agent_loop/tool_calls/mean:0.0 - timing_s/agent_loop/slowest/generate_sequences:5.7356689386069775 - timing_s/agent_loop/slowest/tool_calls:0.0 - timing_s/agent_loop/slowest/prompt_length:180 - timing_s/agent_loop/slowest/response_length:355 - timing_s/agent_loop/slowest/num_preempted:-1 - timing_s/gen:6.355823021382093 - timing_s/fc_opd:20.748330995440483 - timing_s/reward:2.573058009147644e-05 - timing_s/old_log_prob:0.1753134336322546 - timing_s/adv:0.00042562931776046753 - timing_s/update_actor:0.6511074416339397 - timing_s/update_weights:2.014621179550886 - timing_s/step:29.949022820219398 - timing_s/stop_profile:4.7033652663230896e-05 - timing_per_token_ms/gen:9.224706852513924 - timing_per_token_ms/adv:0.00040574768137318165 - timing_per_token_ms/update_actor:0.6206934619961294 - perf/total_num_tokens:1049 - perf/time_per_step:29.949022820219398 - perf/throughput:17.51309226843608
[36m(TaskRunner pid=431148)[0m step:74 - fc_opd/hook_loss:0.32239511609077454 - fc_opd/hook_num_samples:2.0 - fc_opd/hook_active_weight:67.97110748291016 - fc_opd/loss/task_visible:0.5700486302375793 - fc_opd/selection/task_visible:0.013629492372274399 - fc_opd/loss/degraded:0.0 - fc_opd/selection/degraded:0.0 - fc_opd/loss/task_infer:0.47279059886932373 - fc_opd/selection/task_infer:0.014997808262705803 - fc_opd/loss/full:0.1588856726884842 - fc_opd/selection/full:0.045887719839811325 - fc_opd/loss/task_solve:0.42377471923828125 - fc_opd/selection/task_solve:0.018126579001545906 - fc_opd/loss/free:0.0 - fc_opd/selection/free:0.0 - fc_opd/loss/chunk/visible_evidence:0.0 - fc_opd/loss/chunk/diagram_inference:0.0 - fc_opd/loss/chunk/reasoning:0.029943719506263733 - fc_opd/loss/chunk/answer:0.0 - fc_opd/loss/total:0.32239511609077454 - fc_opd/online/loss:0.32239511609077454 - fc_opd/online/num_samples:2.0 - global_seqlen/min:523 - global_seqlen/max:570 - global_seqlen/minmax_diff:47 - global_seqlen/balanced_min:523 - global_seqlen/balanced_max:570 - global_seqlen/mean:546.5 - actor/entropy:0.28183794021606445 - perf/mfu/actor_infer:0 - actor/pg_loss:-0.9999990463256836 - actor/kl_loss:0.0 - actor/fc_opd_loss:0.1713668331503868 - actor/pg_clipfrac:0.0 - actor/ppo_kl:0.0 - actor/pg_clipfrac_lower:0.0 - actor/fc_opd_coef:0.10000000149011612 - actor/fc_opd_active_weight_mean:0.06637803092598915 - actor/grad_norm:5.885491371154785 - perf/mfu/actor:0.02183958673671345 - perf/max_memory_allocated_gb:41.394092082977295 - perf/max_memory_reserved_gb:46.6484375 - perf/cpu_memory_used_gb:136.05239486694336 - actor/lr:1e-06 - training/global_step:74 - training/epoch:73 - critic/score/mean:1.0 - critic/score/max:1.0 - critic/score/min:1.0 - critic/rewards/mean:1.0 - critic/rewards/max:1.0 - critic/rewards/min:1.0 - critic/advantages/mean:0.9999989867210388 - critic/advantages/max:0.9999990463256836 - critic/advantages/min:0.9999990463256836 - critic/returns/mean:0.9999989867210388 - critic/returns/max:0.9999990463256836 - critic/returns/min:0.9999990463256836 - response_length/mean:366.5 - response_length/max:390.0 - response_length/min:343.0 - response_length/clip_ratio:0.0 - response_length_non_aborted/mean:366.5 - response_length_non_aborted/max:390.0 - response_length_non_aborted/min:343.0 - response_length_non_aborted/clip_ratio:0.0 - response/aborted_ratio:0.0 - prompt_length/mean:180.0 - prompt_length/max:180.0 - prompt_length/min:180.0 - prompt_length/clip_ratio:0.0 - num_turns/min:2 - num_turns/max:2 - num_turns/mean:2.0 - timing_s/start_profile:0.0002490580081939697 - timing_s/agent_loop/num_preempted/min:-1 - timing_s/agent_loop/num_preempted/max:-1 - timing_s/agent_loop/num_preempted/mean:-1.0 - timing_s/agent_loop/generate_sequences/min:5.48031691275537 - timing_s/agent_loop/generate_sequences/max:6.2978696171194315 - timing_s/agent_loop/generate_sequences/mean:5.889093264937401 - timing_s/agent_loop/tool_calls/min:0.0 - timing_s/agent_loop/tool_calls/max:0.0 - timing_s/agent_loop/tool_calls/mean:0.0 - timing_s/agent_loop/slowest/generate_sequences:6.2978696171194315 - timing_s/agent_loop/slowest/tool_calls:0.0 - timing_s/agent_loop/slowest/prompt_length:180 - timing_s/agent_loop/slowest/response_length:390 - timing_s/agent_loop/slowest/num_preempted:-1 - timing_s/gen:6.943232024088502 - timing_s/fc_opd:21.427702832967043 - timing_s/reward:2.3189932107925415e-05 - timing_s/old_log_prob:0.18196575716137886 - timing_s/adv:0.00041637569665908813 - timing_s/update_actor:0.6747042667120695 - timing_s/update_weights:1.982379512861371 - timing_s/step:31.213362108916044 - timing_s/stop_profile:4.8259273171424866e-05 - timing_per_token_ms/gen:9.472349282521831 - timing_per_token_ms/adv:0.0003809475724236854 - timing_per_token_ms/update_actor:0.6172957609442539 - perf/total_num_tokens:1093 - perf/time_per_step:31.213362108916044 - perf/throughput:17.508527216422266[36m(TaskRunner pid=431148)[0m Training Progress:  37%|███▋      | 74/200 [39:45<1:05:30, 31.19s/it]
[36m(pid=858904)[0m /inspire/hdd/global_user/mengweicheng-240108120092/lzy/fc-opd-storage/envs/fc-opd-verl071-cu128/lib/python3.12/site-packages/torch/cuda/__init__.py:63: FutureWarning: The pynvml package is deprecated. Please install nvidia-ml-py instead. If you did not install pynvml directly, please report this to the maintainers of the package that installed pynvml for you.
[36m(pid=858904)[0m   import pynvml  # type: ignore[import]
[36m(pid=858904)[0m /inspire/hdd/global_user/mengweicheng-240108120092/lzy/fc-opd-storage/envs/fc-opd-verl071-cu128/lib/python3.12/site-packages/transformers/utils/hub.py:110: FutureWarning: Using `TRANSFORMERS_CACHE` is deprecated and will be removed in v5 of Transformers. Use `HF_HOME` instead.
[36m(pid=858904)[0m   warnings.warn(
[36m(_RayStudentScorerActor pid=858904)[0m `torch_dtype` is deprecated! Use `dtype` instead!
[36m(_RayStudentScorerActor pid=858904)[0m Loading checkpoint shards:   0%|          | 0/2 [00:00<?, ?it/s]
[36m(_RayStudentScorerActor pid=858904)[0m Loading checkpoint shards:  50%|█████     | 1/2 [00:02<00:02,  2.60s/it]
[36m(_RayStudentScorerActor pid=858904)[0m Loading checkpoint shards: 100%|██████████| 2/2 [00:04<00:00,  2.30s/it]Loading checkpoint shards: 100%|██████████| 2/2 [00:04<00:00,  2.34s/it]
[36m(WorkerDict pid=533145)[0m INFO:2026-06-29 13:53:23,762:[Rank 1] Saved model to /inspire/hdd/global_user/mengweicheng-240108120092/lzy/projects/Dual-Track-OPD/checkpoints/verl_fc_opd_overnight/fc_opd_overnight_20260629_130933/global_step_75/actor/model_world_size_2_rank_1.pt
[36m(WorkerDict pid=533145)[0m INFO:2026-06-29 13:53:43,286:[Rank 1] Saved optim to /inspire/hdd/global_user/mengweicheng-240108120092/lzy/projects/Dual-Track-OPD/checkpoints/verl_fc_opd_overnight/fc_opd_overnight_20260629_130933/global_step_75/actor/optim_world_size_2_rank_1.pt
[36m(WorkerDict pid=533145)[0m INFO:2026-06-29 13:53:43,288:[Rank 1] Saved extra_state to /inspire/hdd/global_user/mengweicheng-240108120092/lzy/projects/Dual-Track-OPD/checkpoints/verl_fc_opd_overnight/fc_opd_overnight_20260629_130933/global_step_75/actor/extra_state_world_size_2_rank_1.pt
[36m(WorkerDict pid=533144)[0m INFO:2026-06-29 13:53:24,613:[Rank 0] Saved model to /inspire/hdd/global_user/mengweicheng-240108120092/lzy/projects/Dual-Track-OPD/checkpoints/verl_fc_opd_overnight/fc_opd_overnight_20260629_130933/global_step_75/actor/model_world_size_2_rank_0.pt
[36m(WorkerDict pid=533144)[0m INFO:2026-06-29 13:53:44,970:[Rank 0] Saved model config and tokenizer class to /inspire/hdd/global_user/mengweicheng-240108120092/lzy/projects/Dual-Track-OPD/checkpoints/verl_fc_opd_overnight/fc_opd_overnight_20260629_130933/global_step_75/actor/huggingface
[36m(WorkerDict pid=533144)[0m INFO:2026-06-29 13:53:47,457:update_weights done, time cost: 0.50s
[36m(TaskRunner pid=431148)[0m Training Progress:  38%|███▊      | 75/200 [40:48<1:25:25, 41.01s/it]
[36m(pid=973184)[0m /inspire/hdd/global_user/mengweicheng-240108120092/lzy/fc-opd-storage/envs/fc-opd-verl071-cu128/lib/python3.12/site-packages/torch/cuda/__init__.py:63: FutureWarning: The pynvml package is deprecated. Please install nvidia-ml-py instead. If you did not install pynvml directly, please report this to the maintainers of the package that installed pynvml for you.
[36m(pid=973184)[0m   import pynvml  # type: ignore[import]
[36m(WorkerDict pid=533144)[0m INFO:2026-06-29 13:53:44,426:[Rank 0] Saved optim to /inspire/hdd/global_user/mengweicheng-240108120092/lzy/projects/Dual-Track-OPD/checkpoints/verl_fc_opd_overnight/fc_opd_overnight_20260629_130933/global_step_75/actor/optim_world_size_2_rank_0.pt
[36m(WorkerDict pid=533144)[0m INFO:2026-06-29 13:53:44,429:[Rank 0] Saved extra_state to /inspire/hdd/global_user/mengweicheng-240108120092/lzy/projects/Dual-Track-OPD/checkpoints/verl_fc_opd_overnight/fc_opd_overnight_20260629_130933/global_step_75/actor/extra_state_world_size_2_rank_0.pt
[36m(pid=973184)[0m /inspire/hdd/global_user/mengweicheng-240108120092/lzy/fc-opd-storage/envs/fc-opd-verl071-cu128/lib/python3.12/site-packages/transformers/utils/hub.py:110: FutureWarning: Using `TRANSFORMERS_CACHE` is deprecated and will be removed in v5 of Transformers. Use `HF_HOME` instead.
[36m(pid=973184)[0m   warnings.warn(
[36m(_RayStudentScorerActor pid=973184)[0m `torch_dtype` is deprecated! Use `dtype` instead!
[36m(_RayStudentScorerActor pid=973184)[0m Loading checkpoint shards:   0%|          | 0/2 [00:00<?, ?it/s]
[36m(_RayStudentScorerActor pid=973184)[0m Loading checkpoint shards:  50%|█████     | 1/2 [00:02<00:02,  2.64s/it]
[36m(_RayStudentScorerActor pid=973184)[0m Loading checkpoint shards: 100%|██████████| 2/2 [00:04<00:00,  2.32s/it]Loading checkpoint shards: 100%|██████████| 2/2 [00:04<00:00,  2.36s/it]
[36m(WorkerDict pid=533144)[0m INFO:2026-06-29 13:54:22,941:update_weights done, time cost: 0.49s
[36m(TaskRunner pid=431148)[0m Training Progress:  38%|███▊      | 76/200 [41:24<1:21:19, 39.35s/it]
[36m(pid=1043360)[0m /inspire/hdd/global_user/mengweicheng-240108120092/lzy/fc-opd-storage/envs/fc-opd-verl071-cu128/lib/python3.12/site-packages/torch/cuda/__init__.py:63: FutureWarning: The pynvml package is deprecated. Please install nvidia-ml-py instead. If you did not install pynvml directly, please report this to the maintainers of the package that installed pynvml for you.
[36m(pid=1043360)[0m   import pynvml  # type: ignore[import]
[36m(pid=1043360)[0m /inspire/hdd/global_user/mengweicheng-240108120092/lzy/fc-opd-storage/envs/fc-opd-verl071-cu128/lib/python3.12/site-packages/transformers/utils/hub.py:110: FutureWarning: Using `TRANSFORMERS_CACHE` is deprecated and will be removed in v5 of Transformers. Use `HF_HOME` instead.
[36m(pid=1043360)[0m   warnings.warn(
[36m(_RayStudentScorerActor pid=1043360)[0m `torch_dtype` is deprecated! Use `dtype` instead!
[36m(_RayStudentScorerActor pid=1043360)[0m Loading checkpoint shards:   0%|          | 0/2 [00:00<?, ?it/s]
[36m(_RayStudentScorerActor pid=1043360)[0m Loading checkpoint shards:  50%|█████     | 1/2 [00:03<00:03,  3.03s/it]
[36m(_RayStudentScorerActor pid=1043360)[0m Loading checkpoint shards: 100%|██████████| 2/2 [00:05<00:00,  2.68s/it]Loading checkpoint shards: 100%|██████████| 2/2 [00:05<00:00,  2.73s/it]
[36m(WorkerDict pid=533144)[0m INFO:2026-06-29 13:54:53,978:update_weights done, time cost: 0.46s

[36m(TaskRunner pid=431148)[0m local_global_step_folder: /inspire/hdd/global_user/mengweicheng-240108120092/lzy/projects/Dual-Track-OPD/checkpoints/verl_fc_opd_overnight/fc_opd_overnight_20260629_130933/global_step_75
[36m(TaskRunner pid=431148)[0m step:75 - fc_opd/hook_loss:0.2974208891391754 - fc_opd/hook_num_samples:2.0 - fc_opd/hook_active_weight:64.08775329589844 - fc_opd/loss/task_visible:0.31413140892982483 - fc_opd/selection/task_visible:0.009953869506716728 - fc_opd/loss/degraded:0.0 - fc_opd/selection/degraded:0.0 - fc_opd/loss/task_infer:0.5342631936073303 - fc_opd/selection/task_infer:0.015274906530976295 - fc_opd/loss/full:0.11552304029464722 - fc_opd/selection/full:0.044990040361881256 - fc_opd/loss/task_solve:0.48761409521102905 - fc_opd/selection/task_solve:0.02224564552307129 - fc_opd/loss/free:0.0 - fc_opd/selection/free:0.0 - fc_opd/loss/chunk/visible_evidence:0.0 - fc_opd/loss/chunk/diagram_inference:0.0 - fc_opd/loss/chunk/reasoning:0.027516832575201988 - fc_opd/loss/chunk/answer:0.0 - fc_opd/loss/total:0.2974208891391754 - fc_opd/online/loss:0.2974208891391754 - fc_opd/online/num_samples:2.0 - global_seqlen/min:502 - global_seqlen/max:551 - global_seqlen/minmax_diff:49 - global_seqlen/balanced_min:502 - global_seqlen/balanced_max:551 - global_seqlen/mean:526.5 - actor/entropy:0.30329594016075134 - perf/mfu/actor_infer:0 - actor/pg_loss:-0.9999990165233612 - actor/kl_loss:0.0 - actor/fc_opd_loss:0.1696208268404007 - actor/pg_clipfrac:0.0 - actor/ppo_kl:0.0 - actor/pg_clipfrac_lower:0.0 - actor/fc_opd_coef:0.10000000149011612 - actor/fc_opd_active_weight_mean:0.06258569844067097 - actor/grad_norm:5.9914984703063965 - perf/mfu/actor:0.020194909861076093 - perf/max_memory_allocated_gb:41.394092082977295 - perf/max_memory_reserved_gb:46.6484375 - perf/cpu_memory_used_gb:135.88789749145508 - actor/lr:1e-06 - training/global_step:75 - training/epoch:74 - critic/score/mean:1.0 - critic/score/max:1.0 - critic/score/min:1.0 - critic/rewards/mean:1.0 - critic/rewards/max:1.0 - critic/rewards/min:1.0 - critic/advantages/mean:0.9999992251396179 - critic/advantages/max:0.9999990463256836 - critic/advantages/min:0.9999990463256836 - critic/returns/mean:0.9999992251396179 - critic/returns/max:0.9999990463256836 - critic/returns/min:0.9999990463256836 - response_length/mean:346.5 - response_length/max:371.0 - response_length/min:322.0 - response_length/clip_ratio:0.0 - response_length_non_aborted/mean:346.5 - response_length_non_aborted/max:371.0 - response_length_non_aborted/min:322.0 - response_length_non_aborted/clip_ratio:0.0 - response/aborted_ratio:0.0 - prompt_length/mean:180.0 - prompt_length/max:180.0 - prompt_length/min:180.0 - prompt_length/clip_ratio:0.0 - num_turns/min:2 - num_turns/max:2 - num_turns/mean:2.0 - timing_s/start_profile:0.00024972669780254364 - timing_s/agent_loop/num_preempted/min:-1 - timing_s/agent_loop/num_preempted/max:-1 - timing_s/agent_loop/num_preempted/mean:-1.0 - timing_s/agent_loop/generate_sequences/min:5.195483393967152 - timing_s/agent_loop/generate_sequences/max:5.905220296233892 - timing_s/agent_loop/generate_sequences/mean:5.550351845100522 - timing_s/agent_loop/tool_calls/min:0.0 - timing_s/agent_loop/tool_calls/max:0.0 - timing_s/agent_loop/tool_calls/mean:0.0 - timing_s/agent_loop/slowest/generate_sequences:5.905220296233892 - timing_s/agent_loop/slowest/tool_calls:0.0 - timing_s/agent_loop/slowest/prompt_length:180 - timing_s/agent_loop/slowest/response_length:371 - timing_s/agent_loop/slowest/num_preempted:-1 - timing_s/gen:6.537408955395222 - timing_s/fc_opd:20.957156946882606 - timing_s/reward:2.2003427147865295e-05 - timing_s/old_log_prob:0.18394222855567932 - timing_s/adv:0.00040890276432037354 - timing_s/update_actor:0.7023275196552277 - timing_s/save_checkpoint:32.75630653463304 - timing_s/update_weights:2.5175587143749 - timing_s/step:63.65809472464025 - timing_s/stop_profile:4.6933069825172424e-05 - timing_per_token_ms/gen:9.43349055612586 - timing_per_token_ms/adv:0.0003883217135046282 - timing_per_token_ms/update_actor:0.6669777014769493 - perf/total_num_tokens:1053 - perf/time_per_step:63.65809472464025 - perf/throughput:8.270747063314271
[36m(TaskRunner pid=431148)[0m step:76 - fc_opd/hook_loss:0.3095342516899109 - fc_opd/hook_num_samples:2.0 - fc_opd/hook_active_weight:65.52957153320312 - fc_opd/loss/task_visible:0.4049217700958252 - fc_opd/selection/task_visible:0.01246833149343729 - fc_opd/loss/degraded:0.0 - fc_opd/selection/degraded:0.0 - fc_opd/loss/task_infer:0.5850211381912231 - fc_opd/selection/task_infer:0.010891471989452839 - fc_opd/loss/full:0.17006966471672058 - fc_opd/selection/full:0.050291143357753754 - fc_opd/loss/task_solve:0.44771674275398254 - fc_opd/selection/task_solve:0.017733173444867134 - fc_opd/loss/free:0.0 - fc_opd/selection/free:0.0 - fc_opd/loss/chunk/visible_evidence:0.0 - fc_opd/loss/chunk/diagram_inference:0.0 - fc_opd/loss/chunk/reasoning:0.02830561064183712 - fc_opd/loss/chunk/answer:0.0 - fc_opd/loss/total:0.3095342516899109 - fc_opd/online/loss:0.3095342516899109 - fc_opd/online/num_samples:2.0 - global_seqlen/min:496 - global_seqlen/max:580 - global_seqlen/minmax_diff:84 - global_seqlen/balanced_min:496 - global_seqlen/balanced_max:580 - global_seqlen/mean:538.0 - actor/entropy:0.28820839524269104 - perf/mfu/actor_infer:0 - actor/pg_loss:-0.999999076128006 - actor/kl_loss:0.0 - actor/fc_opd_loss:0.16239558160305023 - actor/pg_clipfrac:0.0 - actor/ppo_kl:0.0 - actor/pg_clipfrac_lower:0.0 - actor/fc_opd_coef:0.10000000149011612 - actor/fc_opd_active_weight_mean:0.06399372592568398 - actor/grad_norm:6.567936897277832 - perf/mfu/actor:0.02238483103972974 - perf/max_memory_allocated_gb:41.394092082977295 - perf/max_memory_reserved_gb:46.6484375 - perf/cpu_memory_used_gb:136.1784896850586 - actor/lr:1e-06 - training/global_step:76 - training/epoch:75 - critic/score/mean:1.0 - critic/score/max:1.0 - critic/score/min:1.0 - critic/rewards/mean:1.0 - critic/rewards/max:1.0 - critic/rewards/min:1.0 - critic/advantages/mean:0.9999989867210388 - critic/advantages/max:0.9999990463256836 - critic/advantages/min:0.9999990463256836 - critic/returns/mean:0.9999989867210388 - critic/returns/max:0.9999990463256836 - critic/returns/min:0.9999990463256836 - response_length/mean:358.0 - response_length/max:400.0 - response_length/min:316.0 - response_length/clip_ratio:0.0 - response_length_non_aborted/mean:358.0 - response_length_non_aborted/max:400.0 - response_length_non_aborted/min:316.0 - response_length_non_aborted/clip_ratio:0.0 - response/aborted_ratio:0.0 - prompt_length/mean:180.0 - prompt_length/max:180.0 - prompt_length/min:180.0 - prompt_length/clip_ratio:0.0 - num_turns/min:2 - num_turns/max:2 - num_turns/mean:2.0 - timing_s/start_profile:0.000262310728430748 - timing_s/agent_loop/num_preempted/min:-1 - timing_s/agent_loop/num_preempted/max:-1 - timing_s/agent_loop/num_preempted/mean:-1.0 - timing_s/agent_loop/generate_sequences/min:5.08074052631855 - timing_s/agent_loop/generate_sequences/max:6.38794543966651 - timing_s/agent_loop/generate_sequences/mean:5.73434298299253 - timing_s/agent_loop/tool_calls/min:0.0 - timing_s/agent_loop/tool_calls/max:0.0 - timing_s/agent_loop/tool_calls/mean:0.0 - timing_s/agent_loop/slowest/generate_sequences:6.38794543966651 - timing_s/agent_loop/slowest/tool_calls:0.0 - timing_s/agent_loop/slowest/prompt_length:180 - timing_s/agent_loop/slowest/response_length:400 - timing_s/agent_loop/slowest/num_preempted:-1 - timing_s/gen:7.015271425247192 - timing_s/fc_opd:25.2231924533844 - timing_s/reward:2.0852312445640564e-05 - timing_s/old_log_prob:0.1798304133117199 - timing_s/adv:0.00044241175055503845 - timing_s/update_actor:0.647960102185607 - timing_s/update_weights:2.150167839601636 - timing_s/step:35.22063983976841 - timing_s/stop_profile:4.8222020268440247e-05 - timing_per_token_ms/gen:9.797865119060324 - timing_per_token_ms/adv:0.00041116333694706176 - timing_per_token_ms/update_actor:0.602193403518222 - perf/total_num_tokens:1076 - perf/time_per_step:35.22063983976841 - perf/throughput:15.275134195391084
[36m(TaskRunner pid=431148)[0m step:77 - fc_opd/hook_loss:0.3791489601135254 - fc_opd/hook_num_samples:2.0 - fc_opd/hook_active_weight:61.68996047973633 - fc_opd/loss/task_visible:0.4909343421459198 - fc_opd/selection/task_visible:0.011383537203073502 - fc_opd/loss/degraded:0.0 - fc_opd/selection/degraded:0.0 - fc_opd/loss/task_infer:0.8037039637565613 - fc_opd/selection/task_infer:0.012896941043436527 - fc_opd/loss/full:0.14946404099464417 - fc_opd/selection/full:0.04193725809454918 - fc_opd/loss/task_solve:0.47966915369033813 - fc_opd/selection/task_solve:0.024123795330524445 - fc_opd/loss/free:0.0 - fc_opd/selection/free:0.0 - fc_opd/loss/chunk/visible_evidence:0.0 - fc_opd/loss/chunk/diagram_inference:0.0 - fc_opd/loss/chunk/reasoning:0.034227579832077026 - fc_opd/loss/chunk/answer:0.0 - fc_opd/loss/total:0.3791489601135254 - fc_opd/online/loss:0.3791489601135254 - fc_opd/online/num_samples:2.0 - global_seqlen/min:507 - global_seqlen/max:536 - global_seqlen/minmax_diff:29 - global_seqlen/balanced_min:507 - global_seqlen/balanced_max:536 - global_seqlen/mean:521.5 - actor/entropy:0.3191254436969757 - perf/mfu/actor_infer:0 - actor/pg_loss:-0.9999990463256836 - actor/kl_loss:0.0 - actor/fc_opd_loss:0.20672284066677094 - actor/pg_clipfrac:0.0 - actor/ppo_kl:0.0 - actor/pg_clipfrac_lower:0.0 - actor/fc_opd_coef:0.10000000149011612 - actor/fc_opd_active_weight_mean:0.06024410016834736 - actor/grad_norm:7.282864093780518 - perf/mfu/actor:0.021622673006883995 - perf/max_memory_allocated_gb:41.394092082977295 - perf/max_memory_reserved_gb:46.6484375 - perf/cpu_memory_used_gb:135.22504425048828 - actor/lr:1e-06 - training/global_step:77 - training/epoch:76 - critic/score/mean:1.0 - critic/score/max:1.0 - critic/score/min:1.0 - critic/rewards/mean:1.0 - critic/rewards/max:1.0 - critic/rewards/min:1.0 - critic/advantages/mean:0.9999992251396179 - critic/advantages/max:0.9999990463256836 - critic/advantages/min:0.9999990463256836 - critic/returns/mean:0.9999992251396179 - critic/returns/max:0.9999990463256836 - critic/returns/min:0.9999990463256836 - response_length/mean:341.5 - response_length/max:356.0 - response_length/min:327.0 - response_length/clip_ratio:0.0 - response_length_non_aborted/mean:341.5 - response_length_non_aborted/max:356.0 - response_length_non_aborted/min:327.0 - response_length_non_aborted/clip_ratio:0.0 - response/aborted_ratio:0.0 - prompt_length/mean:180.0 - prompt_length/max:180.0 - prompt_length/min:180.0 - prompt_length/clip_ratio:0.0 - num_turns/min:2 - num_turns/max:2 - num_turns/mean:2.0 - timing_s/start_profile:0.0002503693103790283 - timing_s/agent_loop/num_preempted/min:-1 - timing_s/agent_loop/num_preempted/max:-1 - timing_s/agent_loop/num_preempted/mean:-1.0 - timing_s/agent_loop/generate_sequences/min:5.263666739687324 - timing_s/agent_loop/generate_sequences/max:5.78305140696466 - timing_s/agent_loop/generate_sequences/mean:5.523359073325992 - timing_s/agent_loop/tool_calls/min:0.0 - timing_s/agent_loop/tool_calls/max:0.0 - timing_s/agent_loop/tool_calls/mean:0.0 - timing_s/agent_loop/slowest/generate_sequences:5.78305140696466 - timing_s/agent_loop/slowest/tool_calls:0.0 - timing_s/agent_loop/slowest/prompt_length:180 - timing_s/agent_loop/slowest/response_length:356 - timing_s/agent_loop/slowest/num_preempted:-1 - timing_s/gen:6.44213780015707 - timing_s/fc_opd:21.519115939736366 - timing_s/reward:2.671964466571808e-05 - timing_s/old_log_prob:0.18231716006994247 - timing_s/adv:0.0004332270473241806 - timing_s/update_actor:0.6515850704163313 - timing_s/update_weights:1.9901444036513567 - timing_s/step:30.788951583206654 - timing_s/stop_profile:3.926269710063934e-05 - timing_per_token_ms/gen:9.432119765969356 - timing_per_token_ms/adv:0.0004153662965716017 - timing_per_token_ms/update_actor:0.6247220234097136 - perf/total_num_tokens:1043 - perf/time_per_step:30.788951583206654 - perf/throughput:16.93789405562104[36m(TaskRunner pid=431148)[0m Training Progress:  38%|███▊      | 77/200 [41:55<1:15:32, 36.85s/it]
[36m(pid=1095435)[0m /inspire/hdd/global_user/mengweicheng-240108120092/lzy/fc-opd-storage/envs/fc-opd-verl071-cu128/lib/python3.12/site-packages/torch/cuda/__init__.py:63: FutureWarning: The pynvml package is deprecated. Please install nvidia-ml-py instead. If you did not install pynvml directly, please report this to the maintainers of the package that installed pynvml for you.
[36m(pid=1095435)[0m   import pynvml  # type: ignore[import]
[36m(pid=1095435)[0m /inspire/hdd/global_user/mengweicheng-240108120092/lzy/fc-opd-storage/envs/fc-opd-verl071-cu128/lib/python3.12/site-packages/transformers/utils/hub.py:110: FutureWarning: Using `TRANSFORMERS_CACHE` is deprecated and will be removed in v5 of Transformers. Use `HF_HOME` instead.
[36m(pid=1095435)[0m   warnings.warn(
[36m(_RayStudentScorerActor pid=1095435)[0m `torch_dtype` is deprecated! Use `dtype` instead!
[36m(_RayStudentScorerActor pid=1095435)[0m Loading checkpoint shards:   0%|          | 0/2 [00:00<?, ?it/s]
[36m(_RayStudentScorerActor pid=1095435)[0m Loading checkpoint shards:  50%|█████     | 1/2 [00:03<00:03,  3.09s/it]
[36m(_RayStudentScorerActor pid=1095435)[0m Loading checkpoint shards: 100%|██████████| 2/2 [00:05<00:00,  2.70s/it]Loading checkpoint shards: 100%|██████████| 2/2 [00:05<00:00,  2.76s/it]
[36m(WorkerDict pid=533144)[0m INFO:2026-06-29 13:55:26,069:update_weights done, time cost: 0.50s
[36m(TaskRunner pid=431148)[0m Training Progress:  39%|███▉      | 78/200 [42:27<1:12:01, 35.43s/it]
[36m(pid=1150393)[0m /inspire/hdd/global_user/mengweicheng-240108120092/lzy/fc-opd-storage/envs/fc-opd-verl071-cu128/lib/python3.12/site-packages/torch/cuda/__init__.py:63: FutureWarning: The pynvml package is deprecated. Please install nvidia-ml-py instead. If you did not install pynvml directly, please report this to the maintainers of the package that installed pynvml for you.
[36m(pid=1150393)[0m   import pynvml  # type: ignore[import]
[36m(pid=1150393)[0m /inspire/hdd/global_user/mengweicheng-240108120092/lzy/fc-opd-storage/envs/fc-opd-verl071-cu128/lib/python3.12/site-packages/transformers/utils/hub.py:110: FutureWarning: Using `TRANSFORMERS_CACHE` is deprecated and will be removed in v5 of Transformers. Use `HF_HOME` instead.
[36m(pid=1150393)[0m   warnings.warn(
[36m(_RayStudentScorerActor pid=1150393)[0m `torch_dtype` is deprecated! Use `dtype` instead!
[36m(_RayStudentScorerActor pid=1150393)[0m Loading checkpoint shards:   0%|          | 0/2 [00:00<?, ?it/s]
[36m(_RayStudentScorerActor pid=1150393)[0m Loading checkpoint shards:  50%|█████     | 1/2 [00:03<00:03,  3.07s/it]
[36m(_RayStudentScorerActor pid=1150393)[0m Loading checkpoint shards: 100%|██████████| 2/2 [00:05<00:00,  2.68s/it]Loading checkpoint shards: 100%|██████████| 2/2 [00:05<00:00,  2.74s/it]
[36m(WorkerDict pid=533144)[0m INFO:2026-06-29 13:55:56,040:update_weights done, time cost: 0.45s
[36m(TaskRunner pid=431148)[0m Training Progress:  40%|███▉      | 79/200 [42:57<1:08:08, 33.79s/it]
[36m(pid=1210750)[0m /inspire/hdd/global_user/mengweicheng-240108120092/lzy/fc-opd-storage/envs/fc-opd-verl071-cu128/lib/python3.12/site-packages/torch/cuda/__init__.py:63: FutureWarning: The pynvml package is deprecated. Please install nvidia-ml-py instead. If you did not install pynvml directly, please report this to the maintainers of the package that installed pynvml for you.
[36m(pid=1210750)[0m   import pynvml  # type: ignore[import]
[36m(pid=1210750)[0m /inspire/hdd/global_user/mengweicheng-240108120092/lzy/fc-opd-storage/envs/fc-opd-verl071-cu128/lib/python3.12/site-packages/transformers/utils/hub.py:110: FutureWarning: Using `TRANSFORMERS_CACHE` is deprecated and will be removed in v5 of Transformers. Use `HF_HOME` instead.
[36m(pid=1210750)[0m   warnings.warn(
[36m(_RayStudentScorerActor pid=1210750)[0m `torch_dtype` is deprecated! Use `dtype` instead!
[36m(_RayStudentScorerActor pid=1210750)[0m Loading checkpoint shards:   0%|          | 0/2 [00:00<?, ?it/s]
[36m(_RayStudentScorerActor pid=1210750)[0m Loading checkpoint shards:  50%|█████     | 1/2 [00:03<00:03,  3.08s/it]
[36m(_RayStudentScorerActor pid=1210750)[0m Loading checkpoint shards: 100%|██████████| 2/2 [00:05<00:00,  2.70s/it]Loading checkpoint shards: 100%|██████████| 2/2 [00:05<00:00,  2.76s/it]
[36m(WorkerDict pid=533144)[0m INFO:2026-06-29 13:56:25,865:update_weights done, time cost: 0.46s

[36m(TaskRunner pid=431148)[0m step:78 - fc_opd/hook_loss:0.3349469006061554 - fc_opd/hook_num_samples:2.0 - fc_opd/hook_active_weight:66.66377258300781 - fc_opd/loss/task_visible:0.4578794836997986 - fc_opd/selection/task_visible:0.00983126275241375 - fc_opd/loss/degraded:0.0 - fc_opd/selection/degraded:0.0 - fc_opd/loss/task_infer:0.9167215824127197 - fc_opd/selection/task_infer:0.01415521465241909 - fc_opd/loss/full:0.10981801152229309 - fc_opd/selection/full:0.051493510603904724 - fc_opd/loss/task_solve:0.44455379247665405 - fc_opd/selection/task_solve:0.01774301938712597 - fc_opd/loss/free:0.0 - fc_opd/selection/free:0.0 - fc_opd/loss/chunk/visible_evidence:0.0 - fc_opd/loss/chunk/diagram_inference:0.0 - fc_opd/loss/chunk/reasoning:0.031217746436595917 - fc_opd/loss/chunk/answer:0.0 - fc_opd/loss/total:0.3349469006061554 - fc_opd/online/loss:0.3349469006061554 - fc_opd/online/num_samples:2.0 - global_seqlen/min:510 - global_seqlen/max:565 - global_seqlen/minmax_diff:55 - global_seqlen/balanced_min:510 - global_seqlen/balanced_max:565 - global_seqlen/mean:537.5 - actor/entropy:0.3076460063457489 - perf/mfu/actor_infer:0 - actor/pg_loss:-0.9999990463256836 - actor/kl_loss:0.0 - actor/fc_opd_loss:0.20616435259580612 - actor/pg_clipfrac:0.0 - actor/ppo_kl:0.0 - actor/pg_clipfrac_lower:0.0 - actor/fc_opd_coef:0.10000000149011612 - actor/fc_opd_active_weight_mean:0.06510134041309357 - actor/grad_norm:6.664299011230469 - perf/mfu/actor:0.02120424274558212 - perf/max_memory_allocated_gb:41.394092082977295 - perf/max_memory_reserved_gb:46.6484375 - perf/cpu_memory_used_gb:135.4806900024414 - actor/lr:1e-06 - training/global_step:78 - training/epoch:77 - critic/score/mean:1.0 - critic/score/max:1.0 - critic/score/min:1.0 - critic/rewards/mean:1.0 - critic/rewards/max:1.0 - critic/rewards/min:1.0 - critic/advantages/mean:0.9999989867210388 - critic/advantages/max:0.9999990463256836 - critic/advantages/min:0.9999990463256836 - critic/returns/mean:0.9999989867210388 - critic/returns/max:0.9999990463256836 - critic/returns/min:0.9999990463256836 - response_length/mean:357.5 - response_length/max:385.0 - response_length/min:330.0 - response_length/clip_ratio:0.0 - response_length_non_aborted/mean:357.5 - response_length_non_aborted/max:385.0 - response_length_non_aborted/min:330.0 - response_length_non_aborted/clip_ratio:0.0 - response/aborted_ratio:0.0 - prompt_length/mean:180.0 - prompt_length/max:180.0 - prompt_length/min:180.0 - prompt_length/clip_ratio:0.0 - num_turns/min:2 - num_turns/max:2 - num_turns/mean:2.0 - timing_s/start_profile:0.00025811605155467987 - timing_s/agent_loop/num_preempted/min:-1 - timing_s/agent_loop/num_preempted/max:-1 - timing_s/agent_loop/num_preempted/mean:-1.0 - timing_s/agent_loop/generate_sequences/min:5.275917377322912 - timing_s/agent_loop/generate_sequences/max:6.244717104360461 - timing_s/agent_loop/generate_sequences/mean:5.760317240841687 - timing_s/agent_loop/tool_calls/min:0.0 - timing_s/agent_loop/tool_calls/max:0.0 - timing_s/agent_loop/tool_calls/mean:0.0 - timing_s/agent_loop/slowest/generate_sequences:6.244717104360461 - timing_s/agent_loop/slowest/tool_calls:0.0 - timing_s/agent_loop/slowest/prompt_length:180 - timing_s/agent_loop/slowest/response_length:385 - timing_s/agent_loop/slowest/num_preempted:-1 - timing_s/gen:6.8959373738616705 - timing_s/fc_opd:22.057430256158113 - timing_s/reward:2.6671215891838074e-05 - timing_s/old_log_prob:0.17805034294724464 - timing_s/adv:0.00044558756053447723 - timing_s/update_actor:0.6826340481638908 - timing_s/update_weights:2.0498408395797014 - timing_s/step:31.86775617673993 - timing_s/stop_profile:4.7693029046058655e-05 - timing_per_token_ms/gen:9.644667655750588 - timing_per_token_ms/adv:0.0004145000563111416 - timing_per_token_ms/update_actor:0.6350084168966427 - perf/total_num_tokens:1075 - perf/time_per_step:31.86775617673993 - perf/throughput:16.86657814936835
[36m(TaskRunner pid=431148)[0m step:79 - fc_opd/hook_loss:0.3017181158065796 - fc_opd/hook_num_samples:2.0 - fc_opd/hook_active_weight:56.60238265991211 - fc_opd/loss/task_visible:0.5286703705787659 - fc_opd/selection/task_visible:0.01263545360416174 - fc_opd/loss/degraded:0.0 - fc_opd/selection/degraded:0.0 - fc_opd/loss/task_infer:0.5342757105827332 - fc_opd/selection/task_infer:0.012479202821850777 - fc_opd/loss/full:0.14257395267486572 - fc_opd/selection/full:0.047859031707048416 - fc_opd/loss/task_solve:0.38535141944885254 - fc_opd/selection/task_solve:0.018085554242134094 - fc_opd/loss/free:0.0 - fc_opd/selection/free:0.0 - fc_opd/loss/chunk/visible_evidence:0.0 - fc_opd/loss/chunk/diagram_inference:0.0 - fc_opd/loss/chunk/reasoning:0.02746022678911686 - fc_opd/loss/chunk/answer:0.0 - fc_opd/loss/total:0.3017181158065796 - fc_opd/online/loss:0.3017181158065796 - fc_opd/online/num_samples:2.0 - global_seqlen/min:461 - global_seqlen/max:521 - global_seqlen/minmax_diff:60 - global_seqlen/balanced_min:461 - global_seqlen/balanced_max:521 - global_seqlen/mean:491.0 - actor/entropy:0.2713955044746399 - perf/mfu/actor_infer:0 - actor/pg_loss:-0.999999076128006 - actor/kl_loss:0.0 - actor/fc_opd_loss:0.12866005674004555 - actor/pg_clipfrac:0.0 - actor/ppo_kl:0.0 - actor/pg_clipfrac_lower:0.0 - actor/fc_opd_coef:0.10000000149011612 - actor/fc_opd_active_weight_mean:0.05527576431632042 - actor/grad_norm:6.343554973602295 - perf/mfu/actor:0.020511010204825385 - perf/max_memory_allocated_gb:41.394092082977295 - perf/max_memory_reserved_gb:46.6484375 - perf/cpu_memory_used_gb:135.01006317138672 - actor/lr:1e-06 - training/global_step:79 - training/epoch:78 - critic/score/mean:1.0 - critic/score/max:1.0 - critic/score/min:1.0 - critic/rewards/mean:1.0 - critic/rewards/max:1.0 - critic/rewards/min:1.0 - critic/advantages/mean:0.9999991059303284 - critic/advantages/max:0.9999990463256836 - critic/advantages/min:0.9999990463256836 - critic/returns/mean:0.9999991059303284 - critic/returns/max:0.9999990463256836 - critic/returns/min:0.9999990463256836 - response_length/mean:311.0 - response_length/max:341.0 - response_length/min:281.0 - response_length/clip_ratio:0.0 - response_length_non_aborted/mean:311.0 - response_length_non_aborted/max:341.0 - response_length_non_aborted/min:281.0 - response_length_non_aborted/clip_ratio:0.0 - response/aborted_ratio:0.0 - prompt_length/mean:180.0 - prompt_length/max:180.0 - prompt_length/min:180.0 - prompt_length/clip_ratio:0.0 - num_turns/min:2 - num_turns/max:2 - num_turns/mean:2.0 - timing_s/start_profile:0.0002545919269323349 - timing_s/agent_loop/num_preempted/min:-1 - timing_s/agent_loop/num_preempted/max:-1 - timing_s/agent_loop/num_preempted/mean:-1.0 - timing_s/agent_loop/generate_sequences/min:4.510163052007556 - timing_s/agent_loop/generate_sequences/max:5.566546563059092 - timing_s/agent_loop/generate_sequences/mean:5.038354807533324 - timing_s/agent_loop/tool_calls/min:0.0 - timing_s/agent_loop/tool_calls/max:0.0 - timing_s/agent_loop/tool_calls/mean:0.0 - timing_s/agent_loop/slowest/generate_sequences:5.566546563059092 - timing_s/agent_loop/slowest/tool_calls:0.0 - timing_s/agent_loop/slowest/prompt_length:180 - timing_s/agent_loop/slowest/response_length:341 - timing_s/agent_loop/slowest/num_preempted:-1 - timing_s/gen:6.188162073493004 - timing_s/fc_opd:20.623319851234555 - timing_s/reward:2.0762905478477478e-05 - timing_s/old_log_prob:0.1880683545023203 - timing_s/adv:0.00043829530477523804 - timing_s/update_actor:0.6481631062924862 - timing_s/update_weights:2.083108941093087 - timing_s/step:29.734284380450845 - timing_s/stop_profile:5.359761416912079e-05 - timing_per_token_ms/gen:9.948813622979106 - timing_per_token_ms/adv:0.0004463292309320143 - timing_per_token_ms/update_actor:0.6600438964281937 - perf/total_num_tokens:982 - perf/time_per_step:29.734284380450845 - perf/throughput:16.512924734210646
[36m(TaskRunner pid=431148)[0m step:80 - fc_opd/hook_loss:0.38935586810112 - fc_opd/hook_num_samples:2.0 - fc_opd/hook_active_weight:58.03459167480469 - fc_opd/loss/task_visible:0.6140353679656982 - fc_opd/selection/task_visible:0.013273078948259354 - fc_opd/loss/degraded:0.0 - fc_opd/selection/degraded:0.0 - fc_opd/loss/task_infer:0.9318023920059204 - fc_opd/selection/task_infer:0.012602959759533405 - fc_opd/loss/full:0.20144829154014587 - fc_opd/selection/full:0.0498846173286438 - fc_opd/loss/task_solve:0.36783796548843384 - fc_opd/selection/task_solve:0.017088476568460464 - fc_opd/loss/free:0.0 - fc_opd/selection/free:0.0 - fc_opd/loss/chunk/visible_evidence:0.0 - fc_opd/loss/chunk/diagram_inference:0.0 - fc_opd/loss/chunk/reasoning:0.03615374118089676 - fc_opd/loss/chunk/answer:0.0 - fc_opd/loss/total:0.38935586810112 - fc_opd/online/loss:0.38935586810112 - fc_opd/online/num_samples:2.0 - global_seqlen/min:480 - global_seqlen/max:505 - global_seqlen/minmax_diff:25 - global_seqlen/balanced_min:480 - global_seqlen/balanced_max:505 - global_seqlen/mean:492.5 - actor/entropy:0.23520532250404358 - perf/mfu/actor_infer:0 - actor/pg_loss:-0.9999990165233612 - actor/kl_loss:0.0 - actor/fc_opd_loss:0.18473192304372787 - actor/pg_clipfrac:0.0 - actor/ppo_kl:0.0 - actor/pg_clipfrac_lower:0.0 - actor/fc_opd_coef:0.10000000149011612 - actor/fc_opd_active_weight_mean:0.056674402207136154 - actor/grad_norm:6.2106523513793945 - perf/mfu/actor:0.02055191357355156 - perf/max_memory_allocated_gb:41.394092082977295 - perf/max_memory_reserved_gb:46.6484375 - perf/cpu_memory_used_gb:134.86400604248047 - actor/lr:1e-06 - training/global_step:80 - training/epoch:79 - critic/score/mean:1.0 - critic/score/max:1.0 - critic/score/min:1.0 - critic/rewards/mean:1.0 - critic/rewards/max:1.0 - critic/rewards/min:1.0 - critic/advantages/mean:0.9999991059303284 - critic/advantages/max:0.9999990463256836 - critic/advantages/min:0.9999990463256836 - critic/returns/mean:0.9999991059303284 - critic/returns/max:0.9999990463256836 - critic/returns/min:0.9999990463256836 - response_length/mean:312.5 - response_length/max:325.0 - response_length/min:300.0 - response_length/clip_ratio:0.0 - response_length_non_aborted/mean:312.5 - response_length_non_aborted/max:325.0 - response_length_non_aborted/min:300.0 - response_length_non_aborted/clip_ratio:0.0 - response/aborted_ratio:0.0 - prompt_length/mean:180.0 - prompt_length/max:180.0 - prompt_length/min:180.0 - prompt_length/clip_ratio:0.0 - num_turns/min:2 - num_turns/max:2 - num_turns/mean:2.0 - timing_s/start_profile:0.0002762768417596817 - timing_s/agent_loop/num_preempted/min:-1 - timing_s/agent_loop/num_preempted/max:-1 - timing_s/agent_loop/num_preempted/mean:-1.0 - timing_s/agent_loop/generate_sequences/min:4.821172051131725 - timing_s/agent_loop/generate_sequences/max:5.292953137308359 - timing_s/agent_loop/generate_sequences/mean:5.057062594220042 - timing_s/agent_loop/tool_calls/min:0.0 - timing_s/agent_loop/tool_calls/max:0.0 - timing_s/agent_loop/tool_calls/mean:0.0 - timing_s/agent_loop/slowest/generate_sequences:5.292953137308359 - timing_s/agent_loop/slowest/tool_calls:0.0 - timing_s/agent_loop/slowest/prompt_length:180 - timing_s/agent_loop/slowest/response_length:325 - timing_s/agent_loop/slowest/num_preempted:-1 - timing_s/gen:6.015034714713693 - timing_s/fc_opd:20.711747225373983 - timing_s/reward:2.3115426301956177e-05 - timing_s/old_log_prob:0.18575438857078552 - timing_s/adv:0.0004334747791290283 - timing_s/update_actor:0.6487810481339693 - timing_s/update_weights:1.9553576111793518 - timing_s/step:29.520375227555633 - timing_s/stop_profile:4.9872323870658875e-05 - timing_per_token_ms/gen:9.624055543541909 - timing_per_token_ms/adv:0.00044007591789749066 - timing_per_token_ms/update_actor:0.6586609625725577 - perf/total_num_tokens:985 - perf/time_per_step:29.520375227555633 - perf/throughput:16.683392274102214[36m(TaskRunner pid=431148)[0m Training Progress:  40%|████      | 80/200 [43:27<1:05:10, 32.58s/it]
[36m(pid=1262391)[0m /inspire/hdd/global_user/mengweicheng-240108120092/lzy/fc-opd-storage/envs/fc-opd-verl071-cu128/lib/python3.12/site-packages/torch/cuda/__init__.py:63: FutureWarning: The pynvml package is deprecated. Please install nvidia-ml-py instead. If you did not install pynvml directly, please report this to the maintainers of the package that installed pynvml for you.
[36m(pid=1262391)[0m   import pynvml  # type: ignore[import]
[36m(pid=1262391)[0m /inspire/hdd/global_user/mengweicheng-240108120092/lzy/fc-opd-storage/envs/fc-opd-verl071-cu128/lib/python3.12/site-packages/transformers/utils/hub.py:110: FutureWarning: Using `TRANSFORMERS_CACHE` is deprecated and will be removed in v5 of Transformers. Use `HF_HOME` instead.
[36m(pid=1262391)[0m   warnings.warn(
[36m(_RayStudentScorerActor pid=1262391)[0m `torch_dtype` is deprecated! Use `dtype` instead!
[36m(_RayStudentScorerActor pid=1262391)[0m Loading checkpoint shards:   0%|          | 0/2 [00:00<?, ?it/s]
[36m(_RayStudentScorerActor pid=1262391)[0m Loading checkpoint shards:  50%|█████     | 1/2 [00:03<00:03,  3.08s/it]
[36m(_RayStudentScorerActor pid=1262391)[0m Loading checkpoint shards: 100%|██████████| 2/2 [00:05<00:00,  2.70s/it]Loading checkpoint shards: 100%|██████████| 2/2 [00:05<00:00,  2.76s/it]
[36m(WorkerDict pid=533144)[0m INFO:2026-06-29 13:56:57,493:update_weights done, time cost: 0.49s
[36m(TaskRunner pid=431148)[0m Training Progress:  40%|████      | 81/200 [43:58<1:04:03, 32.30s/it]
[36m(pid=1322940)[0m /inspire/hdd/global_user/mengweicheng-240108120092/lzy/fc-opd-storage/envs/fc-opd-verl071-cu128/lib/python3.12/site-packages/torch/cuda/__init__.py:63: FutureWarning: The pynvml package is deprecated. Please install nvidia-ml-py instead. If you did not install pynvml directly, please report this to the maintainers of the package that installed pynvml for you.
[36m(pid=1322940)[0m   import pynvml  # type: ignore[import]
[36m(pid=1322940)[0m /inspire/hdd/global_user/mengweicheng-240108120092/lzy/fc-opd-storage/envs/fc-opd-verl071-cu128/lib/python3.12/site-packages/transformers/utils/hub.py:110: FutureWarning: Using `TRANSFORMERS_CACHE` is deprecated and will be removed in v5 of Transformers. Use `HF_HOME` instead.
[36m(pid=1322940)[0m   warnings.warn(
[36m(_RayStudentScorerActor pid=1322940)[0m `torch_dtype` is deprecated! Use `dtype` instead!
[36m(_RayStudentScorerActor pid=1322940)[0m Loading checkpoint shards:   0%|          | 0/2 [00:00<?, ?it/s]
[36m(_RayStudentScorerActor pid=1322940)[0m Loading checkpoint shards:  50%|█████     | 1/2 [00:03<00:03,  3.06s/it]
[36m(_RayStudentScorerActor pid=1322940)[0m Loading checkpoint shards: 100%|██████████| 2/2 [00:05<00:00,  2.68s/it]Loading checkpoint shards: 100%|██████████| 2/2 [00:05<00:00,  2.73s/it]
[36m(WorkerDict pid=533144)[0m INFO:2026-06-29 13:57:28,200:update_weights done, time cost: 0.56s
[36m(TaskRunner pid=431148)[0m Training Progress:  41%|████      | 82/200 [44:29<1:02:36, 31.83s/it]
[36m(pid=1376443)[0m /inspire/hdd/global_user/mengweicheng-240108120092/lzy/fc-opd-storage/envs/fc-opd-verl071-cu128/lib/python3.12/site-packages/torch/cuda/__init__.py:63: FutureWarning: The pynvml package is deprecated. Please install nvidia-ml-py instead. If you did not install pynvml directly, please report this to the maintainers of the package that installed pynvml for you.
[36m(pid=1376443)[0m   import pynvml  # type: ignore[import]
[36m(pid=1376443)[0m /inspire/hdd/global_user/mengweicheng-240108120092/lzy/fc-opd-storage/envs/fc-opd-verl071-cu128/lib/python3.12/site-packages/transformers/utils/hub.py:110: FutureWarning: Using `TRANSFORMERS_CACHE` is deprecated and will be removed in v5 of Transformers. Use `HF_HOME` instead.
[36m(pid=1376443)[0m   warnings.warn(
[36m(_RayStudentScorerActor pid=1376443)[0m `torch_dtype` is deprecated! Use `dtype` instead!
[36m(_RayStudentScorerActor pid=1376443)[0m Loading checkpoint shards:   0%|          | 0/2 [00:00<?, ?it/s]
[36m(_RayStudentScorerActor pid=1376443)[0m Loading checkpoint shards:  50%|█████     | 1/2 [00:03<00:03,  3.08s/it]
[36m(_RayStudentScorerActor pid=1376443)[0m Loading checkpoint shards: 100%|██████████| 2/2 [00:05<00:00,  2.71s/it]Loading checkpoint shards: 100%|██████████| 2/2 [00:05<00:00,  2.76s/it]
[36m(WorkerDict pid=533144)[0m INFO:2026-06-29 13:57:58,618:update_weights done, time cost: 0.48s

[36m(TaskRunner pid=431148)[0m step:81 - fc_opd/hook_loss:0.36668360233306885 - fc_opd/hook_num_samples:2.0 - fc_opd/hook_active_weight:62.11304473876953 - fc_opd/loss/task_visible:0.7375333309173584 - fc_opd/selection/task_visible:0.009989231824874878 - fc_opd/loss/degraded:0.0 - fc_opd/selection/degraded:0.0 - fc_opd/loss/task_infer:0.5725970268249512 - fc_opd/selection/task_infer:0.012816770002245903 - fc_opd/loss/full:0.14741531014442444 - fc_opd/selection/full:0.048377975821495056 - fc_opd/loss/task_solve:0.5996217727661133 - fc_opd/selection/task_solve:0.018635442480444908 - fc_opd/loss/free:0.0 - fc_opd/selection/free:0.0 - fc_opd/loss/chunk/visible_evidence:0.0 - fc_opd/loss/chunk/diagram_inference:0.0 - fc_opd/loss/chunk/reasoning:0.03295605629682541 - fc_opd/loss/chunk/answer:0.0 - fc_opd/loss/total:0.36668360233306885 - fc_opd/online/loss:0.36668360233306885 - fc_opd/online/num_samples:2.0 - global_seqlen/min:499 - global_seqlen/max:553 - global_seqlen/minmax_diff:54 - global_seqlen/balanced_min:499 - global_seqlen/balanced_max:553 - global_seqlen/mean:526.0 - actor/entropy:0.30970510840415955 - perf/mfu/actor_infer:0 - actor/pg_loss:-0.9999990463256836 - actor/kl_loss:0.0 - actor/fc_opd_loss:0.17161434888839722 - actor/pg_clipfrac:0.0 - actor/ppo_kl:0.0 - actor/pg_clipfrac_lower:0.0 - actor/fc_opd_coef:0.10000000149011612 - actor/fc_opd_active_weight_mean:0.06065727025270462 - actor/grad_norm:5.752488136291504 - perf/mfu/actor:0.021994459163339204 - perf/max_memory_allocated_gb:41.394092082977295 - perf/max_memory_reserved_gb:46.6484375 - perf/cpu_memory_used_gb:135.48804473876953 - actor/lr:1e-06 - training/global_step:81 - training/epoch:80 - critic/score/mean:1.0 - critic/score/max:1.0 - critic/score/min:1.0 - critic/rewards/mean:1.0 - critic/rewards/max:1.0 - critic/rewards/min:1.0 - critic/advantages/mean:0.9999992251396179 - critic/advantages/max:0.9999990463256836 - critic/advantages/min:0.9999990463256836 - critic/returns/mean:0.9999992251396179 - critic/returns/max:0.9999990463256836 - critic/returns/min:0.9999990463256836 - response_length/mean:346.0 - response_length/max:373.0 - response_length/min:319.0 - response_length/clip_ratio:0.0 - response_length_non_aborted/mean:346.0 - response_length_non_aborted/max:373.0 - response_length_non_aborted/min:319.0 - response_length_non_aborted/clip_ratio:0.0 - response/aborted_ratio:0.0 - prompt_length/mean:180.0 - prompt_length/max:180.0 - prompt_length/min:180.0 - prompt_length/clip_ratio:0.0 - num_turns/min:2 - num_turns/max:2 - num_turns/mean:2.0 - timing_s/start_profile:0.0002624746412038803 - timing_s/agent_loop/num_preempted/min:-1 - timing_s/agent_loop/num_preempted/max:-1 - timing_s/agent_loop/num_preempted/mean:-1.0 - timing_s/agent_loop/generate_sequences/min:5.207285763695836 - timing_s/agent_loop/generate_sequences/max:6.065448969602585 - timing_s/agent_loop/generate_sequences/mean:5.6363673666492105 - timing_s/agent_loop/tool_calls/min:0.0 - timing_s/agent_loop/tool_calls/max:0.0 - timing_s/agent_loop/tool_calls/mean:0.0 - timing_s/agent_loop/slowest/generate_sequences:6.065448969602585 - timing_s/agent_loop/slowest/tool_calls:0.0 - timing_s/agent_loop/slowest/prompt_length:180 - timing_s/agent_loop/slowest/response_length:373 - timing_s/agent_loop/slowest/num_preempted:-1 - timing_s/gen:6.717680862173438 - timing_s/fc_opd:21.75648732483387 - timing_s/reward:2.2271648049354553e-05 - timing_s/old_log_prob:0.17918146960437298 - timing_s/adv:0.000521605834364891 - timing_s/update_actor:0.6459504999220371 - timing_s/update_weights:2.0759561490267515 - timing_s/step:31.379219060763717 - timing_s/stop_profile:5.087815225124359e-05 - timing_per_token_ms/gen:9.707631303718841 - timing_per_token_ms/adv:0.0004958230364685276 - timing_per_token_ms/update_actor:0.6140213877585904 - perf/total_num_tokens:1052 - perf/time_per_step:31.379219060763717 - perf/throughput:16.762686126172767
[36m(TaskRunner pid=431148)[0m step:82 - fc_opd/hook_loss:0.4026152491569519 - fc_opd/hook_num_samples:2.0 - fc_opd/hook_active_weight:62.149723052978516 - fc_opd/loss/task_visible:0.720098614692688 - fc_opd/selection/task_visible:0.012840405106544495 - fc_opd/loss/degraded:0.0 - fc_opd/selection/degraded:0.0 - fc_opd/loss/task_infer:0.8032649755477905 - fc_opd/selection/task_infer:0.014909776858985424 - fc_opd/loss/full:0.16596338152885437 - fc_opd/selection/full:0.045629166066646576 - fc_opd/loss/task_solve:0.44701531529426575 - fc_opd/selection/task_solve:0.02041209489107132 - fc_opd/loss/free:0.0 - fc_opd/selection/free:0.0 - fc_opd/loss/chunk/visible_evidence:0.0 - fc_opd/loss/chunk/diagram_inference:0.0 - fc_opd/loss/chunk/reasoning:0.03774096071720123 - fc_opd/loss/chunk/answer:0.0 - fc_opd/loss/total:0.4026152491569519 - fc_opd/online/loss:0.4026152491569519 - fc_opd/online/num_samples:2.0 - global_seqlen/min:490 - global_seqlen/max:533 - global_seqlen/minmax_diff:43 - global_seqlen/balanced_min:490 - global_seqlen/balanced_max:533 - global_seqlen/mean:511.5 - actor/entropy:0.3000730872154236 - perf/mfu/actor_infer:0 - actor/pg_loss:-0.9999990165233612 - actor/kl_loss:0.0 - actor/fc_opd_loss:0.23759379237890244 - actor/pg_clipfrac:0.0 - actor/ppo_kl:0.0 - actor/pg_clipfrac_lower:0.0 - actor/fc_opd_coef:0.10000000149011612 - actor/fc_opd_active_weight_mean:0.06069308519363403 - actor/grad_norm:6.352647304534912 - perf/mfu/actor:0.021213867922907102 - perf/max_memory_allocated_gb:41.394092082977295 - perf/max_memory_reserved_gb:46.6484375 - perf/cpu_memory_used_gb:135.04544067382812 - actor/lr:1e-06 - training/global_step:82 - training/epoch:81 - critic/score/mean:1.0 - critic/score/max:1.0 - critic/score/min:1.0 - critic/rewards/mean:1.0 - critic/rewards/max:1.0 - critic/rewards/min:1.0 - critic/advantages/mean:0.9999991655349731 - critic/advantages/max:0.9999990463256836 - critic/advantages/min:0.9999990463256836 - critic/returns/mean:0.9999991655349731 - critic/returns/max:0.9999990463256836 - critic/returns/min:0.9999990463256836 - response_length/mean:331.5 - response_length/max:353.0 - response_length/min:310.0 - response_length/clip_ratio:0.0 - response_length_non_aborted/mean:331.5 - response_length_non_aborted/max:353.0 - response_length_non_aborted/min:310.0 - response_length_non_aborted/clip_ratio:0.0 - response/aborted_ratio:0.0 - prompt_length/mean:180.0 - prompt_length/max:180.0 - prompt_length/min:180.0 - prompt_length/clip_ratio:0.0 - num_turns/min:2 - num_turns/max:2 - num_turns/mean:2.0 - timing_s/start_profile:0.0002435445785522461 - timing_s/agent_loop/num_preempted/min:-1 - timing_s/agent_loop/num_preempted/max:-1 - timing_s/agent_loop/num_preempted/mean:-1.0 - timing_s/agent_loop/generate_sequences/min:5.100907556712627 - timing_s/agent_loop/generate_sequences/max:5.644894557073712 - timing_s/agent_loop/generate_sequences/mean:5.37290105689317 - timing_s/agent_loop/tool_calls/min:0.0 - timing_s/agent_loop/tool_calls/max:0.0 - timing_s/agent_loop/tool_calls/mean:0.0 - timing_s/agent_loop/slowest/generate_sequences:5.644894557073712 - timing_s/agent_loop/slowest/tool_calls:0.0 - timing_s/agent_loop/slowest/prompt_length:180 - timing_s/agent_loop/slowest/response_length:353 - timing_s/agent_loop/slowest/num_preempted:-1 - timing_s/gen:6.30205768533051 - timing_s/fc_opd:21.23893417790532 - timing_s/reward:2.16066837310791e-05 - timing_s/old_log_prob:0.17933526821434498 - timing_s/adv:0.00045430660247802734 - timing_s/update_actor:0.6520332228392363 - timing_s/update_weights:2.1169308442622423 - timing_s/step:30.493699738755822 - timing_s/stop_profile:4.705600440502167e-05 - timing_per_token_ms/gen:9.505366041222489 - timing_per_token_ms/adv:0.0004440924755405937 - timing_per_token_ms/update_actor:0.6373736293638673 - perf/total_num_tokens:1023 - perf/time_per_step:30.493699738755822 - perf/throughput:16.773956731459236
[36m(TaskRunner pid=431148)[0m step:83 - fc_opd/hook_loss:0.3692350387573242 - fc_opd/hook_num_samples:2.0 - fc_opd/hook_active_weight:60.50382614135742 - fc_opd/loss/task_visible:0.6078389883041382 - fc_opd/selection/task_visible:0.011788774281740189 - fc_opd/loss/degraded:0.0 - fc_opd/selection/degraded:0.0 - fc_opd/loss/task_infer:0.9042505621910095 - fc_opd/selection/task_infer:0.013738136738538742 - fc_opd/loss/full:0.14950010180473328 - fc_opd/selection/full:0.047216761857271194 - fc_opd/loss/task_solve:0.3778473734855652 - fc_opd/selection/task_solve:0.01851377636194229 - fc_opd/loss/free:0.0 - fc_opd/selection/free:0.0 - fc_opd/loss/chunk/visible_evidence:0.0 - fc_opd/loss/chunk/diagram_inference:0.0 - fc_opd/loss/chunk/reasoning:0.03369295224547386 - fc_opd/loss/chunk/answer:0.0 - fc_opd/loss/total:0.3692350387573242 - fc_opd/online/loss:0.3692350387573242 - fc_opd/online/num_samples:2.0 - global_seqlen/min:510 - global_seqlen/max:513 - global_seqlen/minmax_diff:3 - global_seqlen/balanced_min:510 - global_seqlen/balanced_max:513 - global_seqlen/mean:511.5 - actor/entropy:0.29103952646255493 - perf/mfu/actor_infer:0 - actor/pg_loss:-0.999999076128006 - actor/kl_loss:0.0 - actor/fc_opd_loss:0.19260776042938232 - actor/pg_clipfrac:0.0 - actor/ppo_kl:0.0 - actor/pg_clipfrac_lower:0.0 - actor/fc_opd_coef:0.10000000149011612 - actor/fc_opd_active_weight_mean:0.05908576585352421 - actor/grad_norm:6.028502941131592 - perf/mfu/actor:0.021366473622554637 - perf/max_memory_allocated_gb:41.394092082977295 - perf/max_memory_reserved_gb:46.6484375 - perf/cpu_memory_used_gb:135.52230834960938 - actor/lr:1e-06 - training/global_step:83 - training/epoch:82 - critic/score/mean:1.0 - critic/score/max:1.0 - critic/score/min:1.0 - critic/rewards/mean:1.0 - critic/rewards/max:1.0 - critic/rewards/min:1.0 - critic/advantages/mean:0.9999991655349731 - critic/advantages/max:0.9999990463256836 - critic/advantages/min:0.9999990463256836 - critic/returns/mean:0.9999991655349731 - critic/returns/max:0.9999990463256836 - critic/returns/min:0.9999990463256836 - response_length/mean:331.5 - response_length/max:333.0 - response_length/min:330.0 - response_length/clip_ratio:0.0 - response_length_non_aborted/mean:331.5 - response_length_non_aborted/max:333.0 - response_length_non_aborted/min:330.0 - response_length_non_aborted/clip_ratio:0.0 - response/aborted_ratio:0.0 - prompt_length/mean:180.0 - prompt_length/max:180.0 - prompt_length/min:180.0 - prompt_length/clip_ratio:0.0 - num_turns/min:2 - num_turns/max:2 - num_turns/mean:2.0 - timing_s/start_profile:0.00025343894958496094 - timing_s/agent_loop/num_preempted/min:-1 - timing_s/agent_loop/num_preempted/max:-1 - timing_s/agent_loop/num_preempted/mean:-1.0 - timing_s/agent_loop/generate_sequences/min:5.381604820489883 - timing_s/agent_loop/generate_sequences/max:5.4119338765740395 - timing_s/agent_loop/generate_sequences/mean:5.396769348531961 - timing_s/agent_loop/tool_calls/min:0.0 - timing_s/agent_loop/tool_calls/max:0.0 - timing_s/agent_loop/tool_calls/mean:0.0 - timing_s/agent_loop/slowest/generate_sequences:5.4119338765740395 - timing_s/agent_loop/slowest/tool_calls:0.0 - timing_s/agent_loop/slowest/prompt_length:180 - timing_s/agent_loop/slowest/response_length:333 - timing_s/agent_loop/slowest/num_preempted:-1 - timing_s/gen:6.045704770833254 - timing_s/fc_opd:21.24903560988605 - timing_s/reward:2.0598992705345154e-05 - timing_s/old_log_prob:0.17937201261520386 - timing_s/adv:0.00044704414904117584 - timing_s/update_actor:0.6468642242252827 - timing_s/update_weights:2.0491761714220047 - timing_s/step:30.174076223745942 - timing_s/stop_profile:4.991888999938965e-05 - timing_per_token_ms/gen:9.118710061588619 - timing_per_token_ms/adv:0.00043699330307055313 - timing_per_token_ms/update_actor:0.6323208447949977 - perf/total_num_tokens:1023 - perf/time_per_step:30.174076223745942 - perf/throughput:16.95163743231574[36m(TaskRunner pid=431148)[0m Training Progress:  42%|████▏     | 83/200 [45:00<1:01:14, 31.41s/it]
[36m(pid=1434401)[0m /inspire/hdd/global_user/mengweicheng-240108120092/lzy/fc-opd-storage/envs/fc-opd-verl071-cu128/lib/python3.12/site-packages/torch/cuda/__init__.py:63: FutureWarning: The pynvml package is deprecated. Please install nvidia-ml-py instead. If you did not install pynvml directly, please report this to the maintainers of the package that installed pynvml for you.
[36m(pid=1434401)[0m   import pynvml  # type: ignore[import]
[36m(pid=1434401)[0m /inspire/hdd/global_user/mengweicheng-240108120092/lzy/fc-opd-storage/envs/fc-opd-verl071-cu128/lib/python3.12/site-packages/transformers/utils/hub.py:110: FutureWarning: Using `TRANSFORMERS_CACHE` is deprecated and will be removed in v5 of Transformers. Use `HF_HOME` instead.
[36m(pid=1434401)[0m   warnings.warn(
[36m(_RayStudentScorerActor pid=1434401)[0m `torch_dtype` is deprecated! Use `dtype` instead!
[36m(_RayStudentScorerActor pid=1434401)[0m Loading checkpoint shards:   0%|          | 0/2 [00:00<?, ?it/s]
[36m(_RayStudentScorerActor pid=1434401)[0m Loading checkpoint shards:  50%|█████     | 1/2 [00:03<00:03,  3.08s/it]
[36m(_RayStudentScorerActor pid=1434401)[0m Loading checkpoint shards: 100%|██████████| 2/2 [00:05<00:00,  2.70s/it]Loading checkpoint shards: 100%|██████████| 2/2 [00:05<00:00,  2.76s/it]
[36m(WorkerDict pid=533144)[0m INFO:2026-06-29 13:58:29,004:update_weights done, time cost: 0.46s
[36m(TaskRunner pid=431148)[0m Training Progress:  42%|████▏     | 84/200 [45:30<1:00:08, 31.11s/it]
[36m(pid=1488374)[0m /inspire/hdd/global_user/mengweicheng-240108120092/lzy/fc-opd-storage/envs/fc-opd-verl071-cu128/lib/python3.12/site-packages/torch/cuda/__init__.py:63: FutureWarning: The pynvml package is deprecated. Please install nvidia-ml-py instead. If you did not install pynvml directly, please report this to the maintainers of the package that installed pynvml for you.
[36m(pid=1488374)[0m   import pynvml  # type: ignore[import]
[36m(pid=1488374)[0m /inspire/hdd/global_user/mengweicheng-240108120092/lzy/fc-opd-storage/envs/fc-opd-verl071-cu128/lib/python3.12/site-packages/transformers/utils/hub.py:110: FutureWarning: Using `TRANSFORMERS_CACHE` is deprecated and will be removed in v5 of Transformers. Use `HF_HOME` instead.
[36m(pid=1488374)[0m   warnings.warn(
[36m(_RayStudentScorerActor pid=1488374)[0m `torch_dtype` is deprecated! Use `dtype` instead!
[36m(_RayStudentScorerActor pid=1488374)[0m Loading checkpoint shards:   0%|          | 0/2 [00:00<?, ?it/s]
[36m(_RayStudentScorerActor pid=1488374)[0m Loading checkpoint shards:  50%|█████     | 1/2 [00:03<00:03,  3.08s/it]
[36m(_RayStudentScorerActor pid=1488374)[0m Loading checkpoint shards: 100%|██████████| 2/2 [00:05<00:00,  2.70s/it]Loading checkpoint shards: 100%|██████████| 2/2 [00:05<00:00,  2.76s/it]
[36m(WorkerDict pid=533144)[0m INFO:2026-06-29 13:59:00,759:update_weights done, time cost: 0.47s
[36m(TaskRunner pid=431148)[0m Training Progress:  42%|████▎     | 85/200 [46:02<59:58, 31.29s/it]  
[36m(pid=1544208)[0m /inspire/hdd/global_user/mengweicheng-240108120092/lzy/fc-opd-storage/envs/fc-opd-verl071-cu128/lib/python3.12/site-packages/torch/cuda/__init__.py:63: FutureWarning: The pynvml package is deprecated. Please install nvidia-ml-py instead. If you did not install pynvml directly, please report this to the maintainers of the package that installed pynvml for you.
[36m(pid=1544208)[0m   import pynvml  # type: ignore[import]
[36m(pid=1544208)[0m /inspire/hdd/global_user/mengweicheng-240108120092/lzy/fc-opd-storage/envs/fc-opd-verl071-cu128/lib/python3.12/site-packages/transformers/utils/hub.py:110: FutureWarning: Using `TRANSFORMERS_CACHE` is deprecated and will be removed in v5 of Transformers. Use `HF_HOME` instead.
[36m(pid=1544208)[0m   warnings.warn(
[36m(_RayStudentScorerActor pid=1544208)[0m `torch_dtype` is deprecated! Use `dtype` instead!
[36m(_RayStudentScorerActor pid=1544208)[0m Loading checkpoint shards:   0%|          | 0/2 [00:00<?, ?it/s]
[36m(_RayStudentScorerActor pid=1544208)[0m Loading checkpoint shards:  50%|█████     | 1/2 [00:03<00:03,  3.06s/it]
[36m(_RayStudentScorerActor pid=1544208)[0m Loading checkpoint shards: 100%|██████████| 2/2 [00:05<00:00,  2.68s/it]Loading checkpoint shards: 100%|██████████| 2/2 [00:05<00:00,  2.74s/it]
[36m(WorkerDict pid=533144)[0m INFO:2026-06-29 13:59:32,470:update_weights done, time cost: 0.45s

[36m(TaskRunner pid=431148)[0m step:84 - fc_opd/hook_loss:0.31960558891296387 - fc_opd/hook_num_samples:2.0 - fc_opd/hook_active_weight:60.581756591796875 - fc_opd/loss/task_visible:0.675494909286499 - fc_opd/selection/task_visible:0.010549228638410568 - fc_opd/loss/degraded:0.0 - fc_opd/selection/degraded:0.0 - fc_opd/loss/task_infer:0.7716274261474609 - fc_opd/selection/task_infer:0.011283430270850658 - fc_opd/loss/full:0.10659249126911163 - fc_opd/selection/full:0.048571743071079254 - fc_opd/loss/task_solve:0.38328003883361816 - fc_opd/selection/task_solve:0.020685309544205666 - fc_opd/loss/free:0.0 - fc_opd/selection/free:0.0 - fc_opd/loss/chunk/visible_evidence:0.0 - fc_opd/loss/chunk/diagram_inference:0.0 - fc_opd/loss/chunk/reasoning:0.029155593365430832 - fc_opd/loss/chunk/answer:0.0 - fc_opd/loss/total:0.31960558891296387 - fc_opd/online/loss:0.31960558891296387 - fc_opd/online/num_samples:2.0 - global_seqlen/min:511 - global_seqlen/max:514 - global_seqlen/minmax_diff:3 - global_seqlen/balanced_min:511 - global_seqlen/balanced_max:514 - global_seqlen/mean:512.5 - actor/entropy:0.2645212411880493 - perf/mfu/actor_infer:0 - actor/pg_loss:-0.9999991059303284 - actor/kl_loss:0.0 - actor/fc_opd_loss:0.14975864067673683 - actor/pg_clipfrac:0.0 - actor/ppo_kl:0.0 - actor/pg_clipfrac_lower:0.0 - actor/fc_opd_coef:0.10000000149011612 - actor/fc_opd_active_weight_mean:0.059161871671676636 - actor/grad_norm:5.648904800415039 - perf/mfu/actor:0.021463724652082974 - perf/max_memory_allocated_gb:41.394092082977295 - perf/max_memory_reserved_gb:46.6484375 - perf/cpu_memory_used_gb:135.05144119262695 - actor/lr:1e-06 - training/global_step:84 - training/epoch:83 - critic/score/mean:1.0 - critic/score/max:1.0 - critic/score/min:1.0 - critic/rewards/mean:1.0 - critic/rewards/max:1.0 - critic/rewards/min:1.0 - critic/advantages/mean:0.9999991655349731 - critic/advantages/max:0.9999990463256836 - critic/advantages/min:0.9999990463256836 - critic/returns/mean:0.9999991655349731 - critic/returns/max:0.9999990463256836 - critic/returns/min:0.9999990463256836 - response_length/mean:332.5 - response_length/max:334.0 - response_length/min:331.0 - response_length/clip_ratio:0.0 - response_length_non_aborted/mean:332.5 - response_length_non_aborted/max:334.0 - response_length_non_aborted/min:331.0 - response_length_non_aborted/clip_ratio:0.0 - response/aborted_ratio:0.0 - prompt_length/mean:180.0 - prompt_length/max:180.0 - prompt_length/min:180.0 - prompt_length/clip_ratio:0.0 - num_turns/min:2 - num_turns/max:2 - num_turns/mean:2.0 - timing_s/start_profile:0.0002736654132604599 - timing_s/agent_loop/num_preempted/min:-1 - timing_s/agent_loop/num_preempted/max:-1 - timing_s/agent_loop/num_preempted/mean:-1.0 - timing_s/agent_loop/generate_sequences/min:5.33581955358386 - timing_s/agent_loop/generate_sequences/max:5.390449948608875 - timing_s/agent_loop/generate_sequences/mean:5.363134751096368 - timing_s/agent_loop/tool_calls/min:0.0 - timing_s/agent_loop/tool_calls/max:0.0 - timing_s/agent_loop/tool_calls/mean:0.0 - timing_s/agent_loop/slowest/generate_sequences:5.390449948608875 - timing_s/agent_loop/slowest/tool_calls:0.0 - timing_s/agent_loop/slowest/prompt_length:180 - timing_s/agent_loop/slowest/response_length:334 - timing_s/agent_loop/slowest/num_preempted:-1 - timing_s/gen:6.0286620035767555 - timing_s/fc_opd:21.31302820146084 - timing_s/reward:2.9206275939941406e-05 - timing_s/old_log_prob:0.1791416797786951 - timing_s/adv:0.00045329704880714417 - timing_s/update_actor:0.6455654930323362 - timing_s/update_weights:1.9830837957561016 - timing_s/step:30.1538066547364 - timing_s/stop_profile:4.777498543262482e-05 - timing_per_token_ms/gen:9.065657148235722 - timing_per_token_ms/adv:0.0004422410232264821 - timing_per_token_ms/update_actor:0.6298199932022792 - perf/total_num_tokens:1025 - perf/time_per_step:30.1538066547364 - perf/throughput:16.996195733035226
[36m(TaskRunner pid=431148)[0m step:85 - fc_opd/hook_loss:0.2698255181312561 - fc_opd/hook_num_samples:2.0 - fc_opd/hook_active_weight:63.02984619140625 - fc_opd/loss/task_visible:0.43536412715911865 - fc_opd/selection/task_visible:0.008504994213581085 - fc_opd/loss/degraded:0.0 - fc_opd/selection/degraded:0.0 - fc_opd/loss/task_infer:0.6100461483001709 - fc_opd/selection/task_infer:0.012289818376302719 - fc_opd/loss/full:0.1608618199825287 - fc_opd/selection/full:0.04842118173837662 - fc_opd/loss/task_solve:0.2536781132221222 - fc_opd/selection/task_solve:0.021058306097984314 - fc_opd/loss/free:0.0 - fc_opd/selection/free:0.0 - fc_opd/loss/chunk/visible_evidence:0.0 - fc_opd/loss/chunk/diagram_inference:0.0 - fc_opd/loss/chunk/reasoning:0.02436964213848114 - fc_opd/loss/chunk/answer:0.0 - fc_opd/loss/total:0.2698255181312561 - fc_opd/online/loss:0.2698255181312561 - fc_opd/online/num_samples:2.0 - global_seqlen/min:490 - global_seqlen/max:568 - global_seqlen/minmax_diff:78 - global_seqlen/balanced_min:490 - global_seqlen/balanced_max:568 - global_seqlen/mean:529.0 - actor/entropy:0.30422985553741455 - perf/mfu/actor_infer:0 - actor/pg_loss:-0.9999990165233612 - actor/kl_loss:0.0 - actor/fc_opd_loss:0.167533278465271 - actor/pg_clipfrac:0.0 - actor/ppo_kl:0.0 - actor/pg_clipfrac_lower:0.0 - actor/fc_opd_coef:0.10000000149011612 - actor/fc_opd_active_weight_mean:0.061552584171295166 - actor/grad_norm:5.86339807510376 - perf/mfu/actor:0.0220655115956684 - perf/max_memory_allocated_gb:41.394092082977295 - perf/max_memory_reserved_gb:46.6484375 - perf/cpu_memory_used_gb:136.0145721435547 - actor/lr:1e-06 - training/global_step:85 - training/epoch:84 - critic/score/mean:1.0 - critic/score/max:1.0 - critic/score/min:1.0 - critic/rewards/mean:1.0 - critic/rewards/max:1.0 - critic/rewards/min:1.0 - critic/advantages/mean:0.9999992251396179 - critic/advantages/max:0.9999990463256836 - critic/advantages/min:0.9999990463256836 - critic/returns/mean:0.9999992251396179 - critic/returns/max:0.9999990463256836 - critic/returns/min:0.9999990463256836 - response_length/mean:349.0 - response_length/max:388.0 - response_length/min:310.0 - response_length/clip_ratio:0.0 - response_length_non_aborted/mean:349.0 - response_length_non_aborted/max:388.0 - response_length_non_aborted/min:310.0 - response_length_non_aborted/clip_ratio:0.0 - response/aborted_ratio:0.0 - prompt_length/mean:180.0 - prompt_length/max:180.0 - prompt_length/min:180.0 - prompt_length/clip_ratio:0.0 - num_turns/min:2 - num_turns/max:2 - num_turns/mean:2.0 - timing_s/start_profile:0.0002494361251592636 - timing_s/agent_loop/num_preempted/min:-1 - timing_s/agent_loop/num_preempted/max:-1 - timing_s/agent_loop/num_preempted/mean:-1.0 - timing_s/agent_loop/generate_sequences/min:5.008611839264631 - timing_s/agent_loop/generate_sequences/max:6.2449191100895405 - timing_s/agent_loop/generate_sequences/mean:5.626765474677086 - timing_s/agent_loop/tool_calls/min:0.0 - timing_s/agent_loop/tool_calls/max:0.0 - timing_s/agent_loop/tool_calls/mean:0.0 - timing_s/agent_loop/slowest/generate_sequences:6.2449191100895405 - timing_s/agent_loop/slowest/tool_calls:0.0 - timing_s/agent_loop/slowest/prompt_length:180 - timing_s/agent_loop/slowest/response_length:388 - timing_s/agent_loop/slowest/num_preempted:-1 - timing_s/gen:6.876791976392269 - timing_s/fc_opd:21.70144240371883 - timing_s/reward:2.845190465450287e-05 - timing_s/old_log_prob:0.1776583082973957 - timing_s/adv:0.0004575178027153015 - timing_s/update_actor:0.6471824124455452 - timing_s/update_weights:2.0644226167351007 - timing_s/step:31.470978766679764 - timing_s/stop_profile:4.848092794418335e-05 - timing_per_token_ms/gen:9.852137501994655 - timing_per_token_ms/adv:0.00043243648649839465 - timing_per_token_ms/update_actor:0.6117036034456949 - perf/total_num_tokens:1058 - perf/time_per_step:31.470978766679764 - perf/throughput:16.80913720294217
[36m(TaskRunner pid=431148)[0m step:86 - fc_opd/hook_loss:0.4095057547092438 - fc_opd/hook_num_samples:2.0 - fc_opd/hook_active_weight:58.10912322998047 - fc_opd/loss/task_visible:0.917635440826416 - fc_opd/selection/task_visible:0.011069362983107567 - fc_opd/loss/degraded:0.0 - fc_opd/selection/degraded:0.0 - fc_opd/loss/task_infer:0.7877628803253174 - fc_opd/selection/task_infer:0.012572959065437317 - fc_opd/loss/full:0.1487407237291336 - fc_opd/selection/full:0.0480160191655159 - fc_opd/loss/task_solve:0.4993082284927368 - fc_opd/selection/task_solve:0.020417379215359688 - fc_opd/loss/free:0.0 - fc_opd/selection/free:0.0 - fc_opd/loss/chunk/visible_evidence:0.0 - fc_opd/loss/chunk/diagram_inference:0.0 - fc_opd/loss/chunk/reasoning:0.037631385028362274 - fc_opd/loss/chunk/answer:0.0 - fc_opd/loss/total:0.4095057547092438 - fc_opd/online/loss:0.4095057547092438 - fc_opd/online/num_samples:2.0 - global_seqlen/min:462 - global_seqlen/max:528 - global_seqlen/minmax_diff:66 - global_seqlen/balanced_min:462 - global_seqlen/balanced_max:528 - global_seqlen/mean:495.0 - actor/entropy:0.31883326172828674 - perf/mfu/actor_infer:0 - actor/pg_loss:-0.9999990463256836 - actor/kl_loss:0.0 - actor/fc_opd_loss:0.19504687935113907 - actor/pg_clipfrac:0.0 - actor/ppo_kl:0.0 - actor/pg_clipfrac_lower:0.0 - actor/fc_opd_coef:0.10000000149011612 - actor/fc_opd_active_weight_mean:0.0567471869289875 - actor/grad_norm:6.552793025970459 - perf/mfu/actor:0.02061417226981308 - perf/max_memory_allocated_gb:41.394092082977295 - perf/max_memory_reserved_gb:46.6484375 - perf/cpu_memory_used_gb:135.0460319519043 - actor/lr:1e-06 - training/global_step:86 - training/epoch:85 - critic/score/mean:1.0 - critic/score/max:1.0 - critic/score/min:1.0 - critic/rewards/mean:1.0 - critic/rewards/max:1.0 - critic/rewards/min:1.0 - critic/advantages/mean:0.9999991059303284 - critic/advantages/max:0.9999990463256836 - critic/advantages/min:0.9999990463256836 - critic/returns/mean:0.9999991059303284 - critic/returns/max:0.9999990463256836 - critic/returns/min:0.9999990463256836 - response_length/mean:315.0 - response_length/max:348.0 - response_length/min:282.0 - response_length/clip_ratio:0.0 - response_length_non_aborted/mean:315.0 - response_length_non_aborted/max:348.0 - response_length_non_aborted/min:282.0 - response_length_non_aborted/clip_ratio:0.0 - response/aborted_ratio:0.0 - prompt_length/mean:180.0 - prompt_length/max:180.0 - prompt_length/min:180.0 - prompt_length/clip_ratio:0.0 - num_turns/min:2 - num_turns/max:2 - num_turns/mean:2.0 - timing_s/start_profile:0.000250350683927536 - timing_s/agent_loop/num_preempted/min:-1 - timing_s/agent_loop/num_preempted/max:-1 - timing_s/agent_loop/num_preempted/mean:-1.0 - timing_s/agent_loop/generate_sequences/min:4.562743624672294 - timing_s/agent_loop/generate_sequences/max:5.674022868275642 - timing_s/agent_loop/generate_sequences/mean:5.118383246473968 - timing_s/agent_loop/tool_calls/min:0.0 - timing_s/agent_loop/tool_calls/max:0.0 - timing_s/agent_loop/tool_calls/mean:0.0 - timing_s/agent_loop/slowest/generate_sequences:5.674022868275642 - timing_s/agent_loop/slowest/tool_calls:0.0 - timing_s/agent_loop/slowest/prompt_length:180 - timing_s/agent_loop/slowest/response_length:348 - timing_s/agent_loop/slowest/num_preempted:-1 - timing_s/gen:6.331330394372344 - timing_s/fc_opd:22.325536776334047 - timing_s/reward:2.489052712917328e-05 - timing_s/old_log_prob:0.1843647975474596 - timing_s/adv:0.0004401467740535736 - timing_s/update_actor:0.6506159566342831 - timing_s/update_weights:1.9932851158082485 - timing_s/step:31.488485239446163 - timing_s/stop_profile:4.7070905566215515e-05 - timing_per_token_ms/gen:10.049730784718006 - timing_per_token_ms/adv:0.00044459270106421574 - timing_per_token_ms/update_actor:0.6571878349841244 - perf/total_num_tokens:990 - perf/time_per_step:31.488485239446163 - perf/throughput:15.720032139872675[36m(TaskRunner pid=431148)[0m Training Progress:  43%|████▎     | 86/200 [46:33<59:42, 31.42s/it]
[36m(pid=1609323)[0m /inspire/hdd/global_user/mengweicheng-240108120092/lzy/fc-opd-storage/envs/fc-opd-verl071-cu128/lib/python3.12/site-packages/torch/cuda/__init__.py:63: FutureWarning: The pynvml package is deprecated. Please install nvidia-ml-py instead. If you did not install pynvml directly, please report this to the maintainers of the package that installed pynvml for you.
[36m(pid=1609323)[0m   import pynvml  # type: ignore[import]
[36m(pid=1609323)[0m /inspire/hdd/global_user/mengweicheng-240108120092/lzy/fc-opd-storage/envs/fc-opd-verl071-cu128/lib/python3.12/site-packages/transformers/utils/hub.py:110: FutureWarning: Using `TRANSFORMERS_CACHE` is deprecated and will be removed in v5 of Transformers. Use `HF_HOME` instead.
[36m(pid=1609323)[0m   warnings.warn(
[36m(_RayStudentScorerActor pid=1609323)[0m `torch_dtype` is deprecated! Use `dtype` instead!
[36m(_RayStudentScorerActor pid=1609323)[0m Loading checkpoint shards:   0%|          | 0/2 [00:00<?, ?it/s]
[36m(_RayStudentScorerActor pid=1609323)[0m Loading checkpoint shards:  50%|█████     | 1/2 [00:03<00:03,  3.07s/it]
[36m(_RayStudentScorerActor pid=1609323)[0m Loading checkpoint shards: 100%|██████████| 2/2 [00:05<00:00,  2.69s/it]Loading checkpoint shards: 100%|██████████| 2/2 [00:05<00:00,  2.74s/it]
[36m(WorkerDict pid=533144)[0m INFO:2026-06-29 14:00:03,062:update_weights done, time cost: 0.59s
[36m(TaskRunner pid=431148)[0m Training Progress:  44%|████▎     | 87/200 [47:04<58:43, 31.18s/it]
[36m(pid=1658574)[0m /inspire/hdd/global_user/mengweicheng-240108120092/lzy/fc-opd-storage/envs/fc-opd-verl071-cu128/lib/python3.12/site-packages/torch/cuda/__init__.py:63: FutureWarning: The pynvml package is deprecated. Please install nvidia-ml-py instead. If you did not install pynvml directly, please report this to the maintainers of the package that installed pynvml for you.
[36m(pid=1658574)[0m   import pynvml  # type: ignore[import]
[36m(pid=1658574)[0m /inspire/hdd/global_user/mengweicheng-240108120092/lzy/fc-opd-storage/envs/fc-opd-verl071-cu128/lib/python3.12/site-packages/transformers/utils/hub.py:110: FutureWarning: Using `TRANSFORMERS_CACHE` is deprecated and will be removed in v5 of Transformers. Use `HF_HOME` instead.
[36m(pid=1658574)[0m   warnings.warn(
[36m(_RayStudentScorerActor pid=1658574)[0m `torch_dtype` is deprecated! Use `dtype` instead!
[36m(_RayStudentScorerActor pid=1658574)[0m Loading checkpoint shards:   0%|          | 0/2 [00:00<?, ?it/s]
[36m(_RayStudentScorerActor pid=1658574)[0m Loading checkpoint shards:  50%|█████     | 1/2 [00:03<00:03,  3.08s/it]
[36m(_RayStudentScorerActor pid=1658574)[0m Loading checkpoint shards: 100%|██████████| 2/2 [00:05<00:00,  2.70s/it]Loading checkpoint shards: 100%|██████████| 2/2 [00:05<00:00,  2.76s/it]
[36m(WorkerDict pid=533144)[0m INFO:2026-06-29 14:00:35,145:update_weights done, time cost: 0.51s
[36m(TaskRunner pid=431148)[0m Training Progress:  44%|████▍     | 88/200 [47:36<58:41, 31.45s/it]
[36m(pid=1714162)[0m /inspire/hdd/global_user/mengweicheng-240108120092/lzy/fc-opd-storage/envs/fc-opd-verl071-cu128/lib/python3.12/site-packages/torch/cuda/__init__.py:63: FutureWarning: The pynvml package is deprecated. Please install nvidia-ml-py instead. If you did not install pynvml directly, please report this to the maintainers of the package that installed pynvml for you.
[36m(pid=1714162)[0m   import pynvml  # type: ignore[import]
[36m(pid=1714162)[0m /inspire/hdd/global_user/mengweicheng-240108120092/lzy/fc-opd-storage/envs/fc-opd-verl071-cu128/lib/python3.12/site-packages/transformers/utils/hub.py:110: FutureWarning: Using `TRANSFORMERS_CACHE` is deprecated and will be removed in v5 of Transformers. Use `HF_HOME` instead.
[36m(pid=1714162)[0m   warnings.warn(
[36m(_RayStudentScorerActor pid=1714162)[0m `torch_dtype` is deprecated! Use `dtype` instead!
[36m(_RayStudentScorerActor pid=1714162)[0m Loading checkpoint shards:   0%|          | 0/2 [00:00<?, ?it/s]
[36m(_RayStudentScorerActor pid=1714162)[0m Loading checkpoint shards:  50%|█████     | 1/2 [00:03<00:03,  3.08s/it]
[36m(_RayStudentScorerActor pid=1714162)[0m Loading checkpoint shards: 100%|██████████| 2/2 [00:05<00:00,  2.70s/it]Loading checkpoint shards: 100%|██████████| 2/2 [00:05<00:00,  2.76s/it]
[36m(WorkerDict pid=533144)[0m INFO:2026-06-29 14:01:05,140:update_weights done, time cost: 0.47s

[36m(TaskRunner pid=431148)[0m step:87 - fc_opd/hook_loss:0.28706395626068115 - fc_opd/hook_num_samples:2.0 - fc_opd/hook_active_weight:55.920318603515625 - fc_opd/loss/task_visible:0.4017430543899536 - fc_opd/selection/task_visible:0.0073947543278336525 - fc_opd/loss/degraded:0.0 - fc_opd/selection/degraded:0.0 - fc_opd/loss/task_infer:0.4832019805908203 - fc_opd/selection/task_infer:0.014135726727545261 - fc_opd/loss/full:0.15948143601417542 - fc_opd/selection/full:0.04714580997824669 - fc_opd/loss/task_solve:0.39734357595443726 - fc_opd/selection/task_solve:0.021954644471406937 - fc_opd/loss/free:0.0 - fc_opd/selection/free:0.0 - fc_opd/loss/chunk/visible_evidence:0.0 - fc_opd/loss/chunk/diagram_inference:0.0 - fc_opd/loss/chunk/reasoning:0.026017002761363983 - fc_opd/loss/chunk/answer:0.0 - fc_opd/loss/total:0.28706395626068115 - fc_opd/online/loss:0.28706395626068115 - fc_opd/online/num_samples:2.0 - global_seqlen/min:441 - global_seqlen/max:536 - global_seqlen/minmax_diff:95 - global_seqlen/balanced_min:441 - global_seqlen/balanced_max:536 - global_seqlen/mean:488.5 - actor/entropy:0.3240121304988861 - perf/mfu/actor_infer:0 - actor/pg_loss:-0.9999990463256836 - actor/kl_loss:0.0 - actor/fc_opd_loss:0.15824856609106064 - actor/pg_clipfrac:0.0 - actor/ppo_kl:0.0 - actor/pg_clipfrac_lower:0.0 - actor/fc_opd_coef:0.10000000149011612 - actor/fc_opd_active_weight_mean:0.054609689861536026 - actor/grad_norm:8.643664360046387 - perf/mfu/actor:0.01830415538946991 - perf/max_memory_allocated_gb:41.394092082977295 - perf/max_memory_reserved_gb:46.6484375 - perf/cpu_memory_used_gb:134.89192581176758 - actor/lr:1e-06 - training/global_step:87 - training/epoch:86 - critic/score/mean:1.0 - critic/score/max:1.0 - critic/score/min:1.0 - critic/rewards/mean:1.0 - critic/rewards/max:1.0 - critic/rewards/min:1.0 - critic/advantages/mean:0.9999991059303284 - critic/advantages/max:0.9999990463256836 - critic/advantages/min:0.9999990463256836 - critic/returns/mean:0.9999991059303284 - critic/returns/max:0.9999990463256836 - critic/returns/min:0.9999990463256836 - response_length/mean:308.5 - response_length/max:356.0 - response_length/min:261.0 - response_length/clip_ratio:0.0 - response_length_non_aborted/mean:308.5 - response_length_non_aborted/max:356.0 - response_length_non_aborted/min:261.0 - response_length_non_aborted/clip_ratio:0.0 - response/aborted_ratio:0.0 - prompt_length/mean:180.0 - prompt_length/max:180.0 - prompt_length/min:180.0 - prompt_length/clip_ratio:0.0 - num_turns/min:2 - num_turns/max:2 - num_turns/mean:2.0 - timing_s/start_profile:0.0002486221492290497 - timing_s/agent_loop/num_preempted/min:-1 - timing_s/agent_loop/num_preempted/max:-1 - timing_s/agent_loop/num_preempted/mean:-1.0 - timing_s/agent_loop/generate_sequences/min:4.248162699863315 - timing_s/agent_loop/generate_sequences/max:5.855472479015589 - timing_s/agent_loop/generate_sequences/mean:5.051817589439452 - timing_s/agent_loop/tool_calls/min:0.0 - timing_s/agent_loop/tool_calls/max:0.0 - timing_s/agent_loop/tool_calls/mean:0.0 - timing_s/agent_loop/slowest/generate_sequences:5.855472479015589 - timing_s/agent_loop/slowest/tool_calls:0.0 - timing_s/agent_loop/slowest/prompt_length:180 - timing_s/agent_loop/slowest/response_length:356 - timing_s/agent_loop/slowest/num_preempted:-1 - timing_s/gen:6.489913558587432 - timing_s/fc_opd:20.777678292244673 - timing_s/reward:2.3268163204193115e-05 - timing_s/old_log_prob:0.201397817581892 - timing_s/adv:0.0004529394209384918 - timing_s/update_actor:0.7219676971435547 - timing_s/update_weights:2.1737680844962597 - timing_s/step:30.36868399567902 - timing_s/stop_profile:4.777498543262482e-05 - timing_per_token_ms/gen:10.518498474209776 - timing_per_token_ms/adv:0.0004636022732226119 - timing_per_token_ms/update_actor:0.7389638660630038 - perf/total_num_tokens:977 - perf/time_per_step:30.36868399567902 - perf/throughput:16.085649284951096
[36m(TaskRunner pid=431148)[0m step:88 - fc_opd/hook_loss:0.3568918704986572 - fc_opd/hook_num_samples:2.0 - fc_opd/hook_active_weight:65.28074645996094 - fc_opd/loss/task_visible:0.6166715025901794 - fc_opd/selection/task_visible:0.00903832633048296 - fc_opd/loss/degraded:0.0 - fc_opd/selection/degraded:0.0 - fc_opd/loss/task_infer:0.5501713752746582 - fc_opd/selection/task_infer:0.012978162616491318 - fc_opd/loss/full:0.19755811989307404 - fc_opd/selection/full:0.049092672765254974 - fc_opd/loss/task_solve:0.471685528755188 - fc_opd/selection/task_solve:0.021276675164699554 - fc_opd/loss/free:0.0 - fc_opd/selection/free:0.0 - fc_opd/loss/chunk/visible_evidence:0.0 - fc_opd/loss/chunk/diagram_inference:0.0 - fc_opd/loss/chunk/reasoning:0.033003222197294235 - fc_opd/loss/chunk/answer:0.0 - fc_opd/loss/total:0.3568918704986572 - fc_opd/online/loss:0.3568918704986572 - fc_opd/online/num_samples:2.0 - global_seqlen/min:505 - global_seqlen/max:561 - global_seqlen/minmax_diff:56 - global_seqlen/balanced_min:505 - global_seqlen/balanced_max:561 - global_seqlen/mean:533.0 - actor/entropy:0.3164689838886261 - perf/mfu/actor_infer:0 - actor/pg_loss:-0.9999990463256836 - actor/kl_loss:0.0 - actor/fc_opd_loss:0.21308880299329758 - actor/pg_clipfrac:0.0 - actor/ppo_kl:0.0 - actor/pg_clipfrac_lower:0.0 - actor/fc_opd_coef:0.10000000149011612 - actor/fc_opd_active_weight_mean:0.0637507326900959 - actor/grad_norm:6.672596454620361 - perf/mfu/actor:0.022051885687901604 - perf/max_memory_allocated_gb:41.394092082977295 - perf/max_memory_reserved_gb:46.6484375 - perf/cpu_memory_used_gb:135.31867218017578 - actor/lr:1e-06 - training/global_step:88 - training/epoch:87 - critic/score/mean:1.0 - critic/score/max:1.0 - critic/score/min:1.0 - critic/rewards/mean:1.0 - critic/rewards/max:1.0 - critic/rewards/min:1.0 - critic/advantages/mean:0.9999991059303284 - critic/advantages/max:0.9999990463256836 - critic/advantages/min:0.9999990463256836 - critic/returns/mean:0.9999991059303284 - critic/returns/max:0.9999990463256836 - critic/returns/min:0.9999990463256836 - response_length/mean:353.0 - response_length/max:381.0 - response_length/min:325.0 - response_length/clip_ratio:0.0 - response_length_non_aborted/mean:353.0 - response_length_non_aborted/max:381.0 - response_length_non_aborted/min:325.0 - response_length_non_aborted/clip_ratio:0.0 - response/aborted_ratio:0.0 - prompt_length/mean:180.0 - prompt_length/max:180.0 - prompt_length/min:180.0 - prompt_length/clip_ratio:0.0 - num_turns/min:2 - num_turns/max:2 - num_turns/mean:2.0 - timing_s/start_profile:0.00025372207164764404 - timing_s/agent_loop/num_preempted/min:-1 - timing_s/agent_loop/num_preempted/max:-1 - timing_s/agent_loop/num_preempted/mean:-1.0 - timing_s/agent_loop/generate_sequences/min:5.334256943315268 - timing_s/agent_loop/generate_sequences/max:6.205274244770408 - timing_s/agent_loop/generate_sequences/mean:5.769765594042838 - timing_s/agent_loop/tool_calls/min:0.0 - timing_s/agent_loop/tool_calls/max:0.0 - timing_s/agent_loop/tool_calls/mean:0.0 - timing_s/agent_loop/slowest/generate_sequences:6.205274244770408 - timing_s/agent_loop/slowest/tool_calls:0.0 - timing_s/agent_loop/slowest/prompt_length:180 - timing_s/agent_loop/slowest/response_length:381 - timing_s/agent_loop/slowest/num_preempted:-1 - timing_s/gen:6.893516128882766 - timing_s/fc_opd:21.97490379959345 - timing_s/reward:2.1092593669891357e-05 - timing_s/old_log_prob:0.18058782443404198 - timing_s/adv:0.00044626928865909576 - timing_s/update_actor:0.6518016345798969 - timing_s/update_weights:2.1210125759243965 - timing_s/step:31.825771026313305 - timing_s/stop_profile:4.7359615564346313e-05 - timing_per_token_ms/gen:9.764187151392019 - timing_per_token_ms/adv:0.00041863910756012736 - timing_per_token_ms/update_actor:0.6114461862850815 - perf/total_num_tokens:1066 - perf/time_per_step:31.825771026313305 - perf/throughput:16.747434007468968
[36m(TaskRunner pid=431148)[0m step:89 - fc_opd/hook_loss:0.39343366026878357 - fc_opd/hook_num_samples:2.0 - fc_opd/hook_active_weight:57.02970504760742 - fc_opd/loss/task_visible:0.6673301458358765 - fc_opd/selection/task_visible:0.011471321806311607 - fc_opd/loss/degraded:0.0 - fc_opd/selection/degraded:0.0 - fc_opd/loss/task_infer:0.6173760890960693 - fc_opd/selection/task_infer:0.011898178607225418 - fc_opd/loss/full:0.2306051254272461 - fc_opd/selection/full:0.04764891415834427 - fc_opd/loss/task_solve:0.4789068102836609 - fc_opd/selection/task_solve:0.019945144653320312 - fc_opd/loss/free:0.0 - fc_opd/selection/free:0.0 - fc_opd/loss/chunk/visible_evidence:0.0 - fc_opd/loss/chunk/diagram_inference:0.0 - fc_opd/loss/chunk/reasoning:0.03579077124595642 - fc_opd/loss/chunk/answer:0.0 - fc_opd/loss/total:0.39343366026878357 - fc_opd/online/loss:0.39343366026878357 - fc_opd/online/num_samples:2.0 - global_seqlen/min:476 - global_seqlen/max:511 - global_seqlen/minmax_diff:35 - global_seqlen/balanced_min:476 - global_seqlen/balanced_max:511 - global_seqlen/mean:493.5 - actor/entropy:0.31975212693214417 - perf/mfu/actor_infer:0 - actor/pg_loss:-0.999999076128006 - actor/kl_loss:0.0 - actor/fc_opd_loss:0.1879517287015915 - actor/pg_clipfrac:0.0 - actor/ppo_kl:0.0 - actor/pg_clipfrac_lower:0.0 - actor/fc_opd_coef:0.10000000149011612 - actor/fc_opd_active_weight_mean:0.05569307133555412 - actor/grad_norm:6.648743629455566 - perf/mfu/actor:0.018037552995434292 - perf/max_memory_allocated_gb:41.394092082977295 - perf/max_memory_reserved_gb:46.6484375 - perf/cpu_memory_used_gb:134.83924865722656 - actor/lr:1e-06 - training/global_step:89 - training/epoch:88 - critic/score/mean:1.0 - critic/score/max:1.0 - critic/score/min:1.0 - critic/rewards/mean:1.0 - critic/rewards/max:1.0 - critic/rewards/min:1.0 - critic/advantages/mean:0.9999991059303284 - critic/advantages/max:0.9999990463256836 - critic/advantages/min:0.9999990463256836 - critic/returns/mean:0.9999991059303284 - critic/returns/max:0.9999990463256836 - critic/returns/min:0.9999990463256836 - response_length/mean:313.5 - response_length/max:331.0 - response_length/min:296.0 - response_length/clip_ratio:0.0 - response_length_non_aborted/mean:313.5 - response_length_non_aborted/max:331.0 - response_length_non_aborted/min:296.0 - response_length_non_aborted/clip_ratio:0.0 - response/aborted_ratio:0.0 - prompt_length/mean:180.0 - prompt_length/max:180.0 - prompt_length/min:180.0 - prompt_length/clip_ratio:0.0 - num_turns/min:2 - num_turns/max:2 - num_turns/mean:2.0 - timing_s/start_profile:0.00026396289467811584 - timing_s/agent_loop/num_preempted/min:-1 - timing_s/agent_loop/num_preempted/max:-1 - timing_s/agent_loop/num_preempted/mean:-1.0 - timing_s/agent_loop/generate_sequences/min:4.826913012191653 - timing_s/agent_loop/generate_sequences/max:5.352645358070731 - timing_s/agent_loop/generate_sequences/mean:5.089779185131192 - timing_s/agent_loop/tool_calls/min:0.0 - timing_s/agent_loop/tool_calls/max:0.0 - timing_s/agent_loop/tool_calls/mean:0.0 - timing_s/agent_loop/slowest/generate_sequences:5.352645358070731 - timing_s/agent_loop/slowest/tool_calls:0.0 - timing_s/agent_loop/slowest/prompt_length:180 - timing_s/agent_loop/slowest/response_length:331 - timing_s/agent_loop/slowest/num_preempted:-1 - timing_s/gen:6.0092346128076315 - timing_s/fc_opd:20.80831460841 - timing_s/reward:2.463720738887787e-05 - timing_s/old_log_prob:0.22612878307700157 - timing_s/adv:0.0004490688443183899 - timing_s/update_actor:0.7397585548460484 - timing_s/update_weights:1.9816807508468628 - timing_s/step:29.768527287989855 - timing_s/stop_profile:5.264021456241608e-05 - timing_per_token_ms/gen:9.584106240522539 - timing_per_token_ms/adv:0.0004549836315282572 - timing_per_token_ms/update_actor:0.74950208191089 - perf/total_num_tokens:987 - perf/time_per_step:29.768527287989855 - perf/throughput:16.577911134996025[36m(TaskRunner pid=431148)[0m Training Progress:  44%|████▍     | 89/200 [48:06<57:22, 31.02s/it]
[36m(pid=1773482)[0m /inspire/hdd/global_user/mengweicheng-240108120092/lzy/fc-opd-storage/envs/fc-opd-verl071-cu128/lib/python3.12/site-packages/torch/cuda/__init__.py:63: FutureWarning: The pynvml package is deprecated. Please install nvidia-ml-py instead. If you did not install pynvml directly, please report this to the maintainers of the package that installed pynvml for you.
[36m(pid=1773482)[0m   import pynvml  # type: ignore[import]
[36m(pid=1773482)[0m /inspire/hdd/global_user/mengweicheng-240108120092/lzy/fc-opd-storage/envs/fc-opd-verl071-cu128/lib/python3.12/site-packages/transformers/utils/hub.py:110: FutureWarning: Using `TRANSFORMERS_CACHE` is deprecated and will be removed in v5 of Transformers. Use `HF_HOME` instead.
[36m(pid=1773482)[0m   warnings.warn(
[36m(_RayStudentScorerActor pid=1773482)[0m `torch_dtype` is deprecated! Use `dtype` instead!
[36m(_RayStudentScorerActor pid=1773482)[0m Loading checkpoint shards:   0%|          | 0/2 [00:00<?, ?it/s]
[36m(_RayStudentScorerActor pid=1773482)[0m Loading checkpoint shards:  50%|█████     | 1/2 [00:03<00:03,  3.06s/it]
[36m(_RayStudentScorerActor pid=1773482)[0m Loading checkpoint shards: 100%|██████████| 2/2 [00:05<00:00,  2.68s/it]Loading checkpoint shards: 100%|██████████| 2/2 [00:05<00:00,  2.74s/it]
[36m(WorkerDict pid=533144)[0m INFO:2026-06-29 14:01:33,517:update_weights done, time cost: 0.46s
[36m(TaskRunner pid=431148)[0m Training Progress:  45%|████▌     | 90/200 [48:35<55:23, 30.21s/it]
[36m(pid=1820286)[0m /inspire/hdd/global_user/mengweicheng-240108120092/lzy/fc-opd-storage/envs/fc-opd-verl071-cu128/lib/python3.12/site-packages/torch/cuda/__init__.py:63: FutureWarning: The pynvml package is deprecated. Please install nvidia-ml-py instead. If you did not install pynvml directly, please report this to the maintainers of the package that installed pynvml for you.
[36m(pid=1820286)[0m   import pynvml  # type: ignore[import]
[36m(pid=1820286)[0m /inspire/hdd/global_user/mengweicheng-240108120092/lzy/fc-opd-storage/envs/fc-opd-verl071-cu128/lib/python3.12/site-packages/transformers/utils/hub.py:110: FutureWarning: Using `TRANSFORMERS_CACHE` is deprecated and will be removed in v5 of Transformers. Use `HF_HOME` instead.
[36m(pid=1820286)[0m   warnings.warn(
[36m(_RayStudentScorerActor pid=1820286)[0m `torch_dtype` is deprecated! Use `dtype` instead!
[36m(_RayStudentScorerActor pid=1820286)[0m Loading checkpoint shards:   0%|          | 0/2 [00:00<?, ?it/s]
[36m(_RayStudentScorerActor pid=1820286)[0m Loading checkpoint shards:  50%|█████     | 1/2 [00:03<00:03,  3.07s/it]
[36m(_RayStudentScorerActor pid=1820286)[0m Loading checkpoint shards: 100%|██████████| 2/2 [00:05<00:00,  2.69s/it]Loading checkpoint shards: 100%|██████████| 2/2 [00:05<00:00,  2.75s/it]
[36m(WorkerDict pid=533144)[0m INFO:2026-06-29 14:02:04,650:update_weights done, time cost: 0.48s
[36m(TaskRunner pid=431148)[0m Training Progress:  46%|████▌     | 91/200 [49:06<55:23, 30.49s/it]
[36m(pid=1882703)[0m /inspire/hdd/global_user/mengweicheng-240108120092/lzy/fc-opd-storage/envs/fc-opd-verl071-cu128/lib/python3.12/site-packages/torch/cuda/__init__.py:63: FutureWarning: The pynvml package is deprecated. Please install nvidia-ml-py instead. If you did not install pynvml directly, please report this to the maintainers of the package that installed pynvml for you.
[36m(pid=1882703)[0m   import pynvml  # type: ignore[import]
[36m(pid=1882703)[0m /inspire/hdd/global_user/mengweicheng-240108120092/lzy/fc-opd-storage/envs/fc-opd-verl071-cu128/lib/python3.12/site-packages/transformers/utils/hub.py:110: FutureWarning: Using `TRANSFORMERS_CACHE` is deprecated and will be removed in v5 of Transformers. Use `HF_HOME` instead.
[36m(pid=1882703)[0m   warnings.warn(
[36m(_RayStudentScorerActor pid=1882703)[0m `torch_dtype` is deprecated! Use `dtype` instead!
[36m(_RayStudentScorerActor pid=1882703)[0m Loading checkpoint shards:   0%|          | 0/2 [00:00<?, ?it/s]
[36m(_RayStudentScorerActor pid=1882703)[0m Loading checkpoint shards:  50%|█████     | 1/2 [00:03<00:03,  3.08s/it]
[36m(_RayStudentScorerActor pid=1882703)[0m Loading checkpoint shards: 100%|██████████| 2/2 [00:05<00:00,  2.70s/it]Loading checkpoint shards: 100%|██████████| 2/2 [00:05<00:00,  2.76s/it]
[36m(WorkerDict pid=533144)[0m INFO:2026-06-29 14:02:35,397:update_weights done, time cost: 0.51s

[36m(TaskRunner pid=431148)[0m step:90 - fc_opd/hook_loss:0.31876683235168457 - fc_opd/hook_num_samples:2.0 - fc_opd/hook_active_weight:51.438385009765625 - fc_opd/loss/task_visible:0.42131099104881287 - fc_opd/selection/task_visible:0.011531252413988113 - fc_opd/loss/degraded:0.0 - fc_opd/selection/degraded:0.0 - fc_opd/loss/task_infer:0.8855288028717041 - fc_opd/selection/task_infer:0.01308390498161316 - fc_opd/loss/full:0.09853930026292801 - fc_opd/selection/full:0.04533873125910759 - fc_opd/loss/task_solve:0.3909400403499603 - fc_opd/selection/task_solve:0.020136266946792603 - fc_opd/loss/free:0.0 - fc_opd/selection/free:0.0 - fc_opd/loss/chunk/visible_evidence:0.0 - fc_opd/loss/chunk/diagram_inference:0.0 - fc_opd/loss/chunk/reasoning:0.028734873980283737 - fc_opd/loss/chunk/answer:0.0 - fc_opd/loss/total:0.31876683235168457 - fc_opd/online/loss:0.31876683235168457 - fc_opd/online/num_samples:2.0 - global_seqlen/min:460 - global_seqlen/max:471 - global_seqlen/minmax_diff:11 - global_seqlen/balanced_min:460 - global_seqlen/balanced_max:471 - global_seqlen/mean:465.5 - actor/entropy:0.26795536279678345 - perf/mfu/actor_infer:0 - actor/pg_loss:-0.9999990463256836 - actor/kl_loss:0.0 - actor/fc_opd_loss:0.1469622403383255 - actor/pg_clipfrac:0.0 - actor/ppo_kl:0.0 - actor/pg_clipfrac_lower:0.0 - actor/fc_opd_coef:0.10000000149011612 - actor/fc_opd_active_weight_mean:0.050232794135808945 - actor/grad_norm:7.07972526550293 - perf/mfu/actor:0.019571191765610774 - perf/max_memory_allocated_gb:41.394092082977295 - perf/max_memory_reserved_gb:46.6484375 - perf/cpu_memory_used_gb:135.16491317749023 - actor/lr:1e-06 - training/global_step:90 - training/epoch:89 - critic/score/mean:1.0 - critic/score/max:1.0 - critic/score/min:1.0 - critic/rewards/mean:1.0 - critic/rewards/max:1.0 - critic/rewards/min:1.0 - critic/advantages/mean:0.9999991655349731 - critic/advantages/max:0.9999990463256836 - critic/advantages/min:0.9999990463256836 - critic/returns/mean:0.9999991655349731 - critic/returns/max:0.9999990463256836 - critic/returns/min:0.9999990463256836 - response_length/mean:285.5 - response_length/max:291.0 - response_length/min:280.0 - response_length/clip_ratio:0.0 - response_length_non_aborted/mean:285.5 - response_length_non_aborted/max:291.0 - response_length_non_aborted/min:280.0 - response_length_non_aborted/clip_ratio:0.0 - response/aborted_ratio:0.0 - prompt_length/mean:180.0 - prompt_length/max:180.0 - prompt_length/min:180.0 - prompt_length/clip_ratio:0.0 - num_turns/min:2 - num_turns/max:2 - num_turns/mean:2.0 - timing_s/start_profile:0.0002561397850513458 - timing_s/agent_loop/num_preempted/min:-1 - timing_s/agent_loop/num_preempted/max:-1 - timing_s/agent_loop/num_preempted/mean:-1.0 - timing_s/agent_loop/generate_sequences/min:4.544331010431051 - timing_s/agent_loop/generate_sequences/max:4.745205443352461 - timing_s/agent_loop/generate_sequences/mean:4.644768226891756 - timing_s/agent_loop/tool_calls/min:0.0 - timing_s/agent_loop/tool_calls/max:0.0 - timing_s/agent_loop/tool_calls/mean:0.0 - timing_s/agent_loop/slowest/generate_sequences:4.745205443352461 - timing_s/agent_loop/slowest/tool_calls:0.0 - timing_s/agent_loop/slowest/prompt_length:180 - timing_s/agent_loop/slowest/response_length:291 - timing_s/agent_loop/slowest/num_preempted:-1 - timing_s/gen:5.386814285069704 - timing_s/fc_opd:19.819090781733394 - timing_s/reward:2.0675361156463623e-05 - timing_s/old_log_prob:0.18015300296247005 - timing_s/adv:0.00045392289757728577 - timing_s/update_actor:0.646338576450944 - timing_s/update_weights:2.0097116325050592 - timing_s/step:28.045868422836065 - timing_s/stop_profile:4.756823182106018e-05 - timing_per_token_ms/gen:9.434000499246418 - timing_per_token_ms/adv:0.00048756487387463564 - timing_per_token_ms/update_actor:0.6942412206777057 - perf/total_num_tokens:931 - perf/time_per_step:28.045868422836065 - perf/throughput:16.597810165185376
[36m(TaskRunner pid=431148)[0m step:91 - fc_opd/hook_loss:0.33977025747299194 - fc_opd/hook_num_samples:2.0 - fc_opd/hook_active_weight:62.33848190307617 - fc_opd/loss/task_visible:0.6291114091873169 - fc_opd/selection/task_visible:0.009434468112885952 - fc_opd/loss/degraded:0.0 - fc_opd/selection/degraded:0.0 - fc_opd/loss/task_infer:0.6289253234863281 - fc_opd/selection/task_infer:0.011962546035647392 - fc_opd/loss/full:0.2028682976961136 - fc_opd/selection/full:0.04901683330535889 - fc_opd/loss/task_solve:0.3714754581451416 - fc_opd/selection/task_solve:0.021571658551692963 - fc_opd/loss/free:0.0 - fc_opd/selection/free:0.0 - fc_opd/loss/chunk/visible_evidence:0.0 - fc_opd/loss/chunk/diagram_inference:0.0 - fc_opd/loss/chunk/reasoning:0.031254395842552185 - fc_opd/loss/chunk/answer:0.0 - fc_opd/loss/total:0.33977025747299194 - fc_opd/online/loss:0.33977025747299194 - fc_opd/online/num_samples:2.0 - global_seqlen/min:485 - global_seqlen/max:553 - global_seqlen/minmax_diff:68 - global_seqlen/balanced_min:485 - global_seqlen/balanced_max:553 - global_seqlen/mean:519.0 - actor/entropy:0.27299490571022034 - perf/mfu/actor_infer:0 - actor/pg_loss:-0.9999990165233612 - actor/kl_loss:0.0 - actor/fc_opd_loss:0.1632969230413437 - actor/pg_clipfrac:0.0 - actor/ppo_kl:0.0 - actor/pg_clipfrac_lower:0.0 - actor/fc_opd_coef:0.10000000149011612 - actor/fc_opd_active_weight_mean:0.06087741628289223 - actor/grad_norm:6.507506370544434 - perf/mfu/actor:0.02128641943695305 - perf/max_memory_allocated_gb:41.394092082977295 - perf/max_memory_reserved_gb:46.6484375 - perf/cpu_memory_used_gb:135.14593315124512 - actor/lr:1e-06 - training/global_step:91 - training/epoch:90 - critic/score/mean:1.0 - critic/score/max:1.0 - critic/score/min:1.0 - critic/rewards/mean:1.0 - critic/rewards/max:1.0 - critic/rewards/min:1.0 - critic/advantages/mean:0.9999991655349731 - critic/advantages/max:0.9999990463256836 - critic/advantages/min:0.9999990463256836 - critic/returns/mean:0.9999991655349731 - critic/returns/max:0.9999990463256836 - critic/returns/min:0.9999990463256836 - response_length/mean:339.0 - response_length/max:373.0 - response_length/min:305.0 - response_length/clip_ratio:0.0 - response_length_non_aborted/mean:339.0 - response_length_non_aborted/max:373.0 - response_length_non_aborted/min:305.0 - response_length_non_aborted/clip_ratio:0.0 - response/aborted_ratio:0.0 - prompt_length/mean:180.0 - prompt_length/max:180.0 - prompt_length/min:180.0 - prompt_length/clip_ratio:0.0 - num_turns/min:2 - num_turns/max:2 - num_turns/mean:2.0 - timing_s/start_profile:0.0002568848431110382 - timing_s/agent_loop/num_preempted/min:-1 - timing_s/agent_loop/num_preempted/max:-1 - timing_s/agent_loop/num_preempted/mean:-1.0 - timing_s/agent_loop/generate_sequences/min:4.9284404553473 - timing_s/agent_loop/generate_sequences/max:6.02831793949008 - timing_s/agent_loop/generate_sequences/mean:5.47837919741869 - timing_s/agent_loop/tool_calls/min:0.0 - timing_s/agent_loop/tool_calls/max:0.0 - timing_s/agent_loop/tool_calls/mean:0.0 - timing_s/agent_loop/slowest/generate_sequences:6.02831793949008 - timing_s/agent_loop/slowest/tool_calls:0.0 - timing_s/agent_loop/slowest/prompt_length:180 - timing_s/agent_loop/slowest/response_length:373 - timing_s/agent_loop/slowest/num_preempted:-1 - timing_s/gen:6.678151328116655 - timing_s/fc_opd:21.390529230237007 - timing_s/reward:2.090446650981903e-05 - timing_s/old_log_prob:0.17996728233993053 - timing_s/adv:0.0005306769162416458 - timing_s/update_actor:0.6658811923116446 - timing_s/update_weights:1.9694859683513641 - timing_s/step:30.887651344761252 - timing_s/stop_profile:4.8510730266571045e-05 - timing_per_token_ms/gen:9.849780719936069 - timing_per_token_ms/adv:0.0005112494376123756 - timing_per_token_ms/update_actor:0.641504038835881 - perf/total_num_tokens:1038 - perf/time_per_step:30.887651344761252 - perf/throughput:16.802831468376628
[36m(TaskRunner pid=431148)[0m step:92 - fc_opd/hook_loss:0.3711346387863159 - fc_opd/hook_num_samples:2.0 - fc_opd/hook_active_weight:59.913211822509766 - fc_opd/loss/task_visible:0.4643592834472656 - fc_opd/selection/task_visible:0.011743322014808655 - fc_opd/loss/degraded:0.0 - fc_opd/selection/degraded:0.0 - fc_opd/loss/task_infer:0.895114004611969 - fc_opd/selection/task_infer:0.013965083286166191 - fc_opd/loss/full:0.1558055877685547 - fc_opd/selection/full:0.04893755167722702 - fc_opd/loss/task_solve:0.46465423703193665 - fc_opd/selection/task_solve:0.016847770661115646 - fc_opd/loss/free:0.0 - fc_opd/selection/free:0.0 - fc_opd/loss/chunk/visible_evidence:0.0 - fc_opd/loss/chunk/diagram_inference:0.0 - fc_opd/loss/chunk/reasoning:0.033976685255765915 - fc_opd/loss/chunk/answer:0.0 - fc_opd/loss/total:0.3711346387863159 - fc_opd/online/loss:0.3711346387863159 - fc_opd/online/num_samples:2.0 - global_seqlen/min:488 - global_seqlen/max:527 - global_seqlen/minmax_diff:39 - global_seqlen/balanced_min:488 - global_seqlen/balanced_max:527 - global_seqlen/mean:507.5 - actor/entropy:0.33529993891716003 - perf/mfu/actor_infer:0 - actor/pg_loss:-0.9999990165233612 - actor/kl_loss:0.0 - actor/fc_opd_loss:0.17174626886844635 - actor/pg_clipfrac:0.0 - actor/ppo_kl:0.0 - actor/pg_clipfrac_lower:0.0 - actor/fc_opd_coef:0.10000000149011612 - actor/fc_opd_active_weight_mean:0.05850899964570999 - actor/grad_norm:6.141122341156006 - perf/mfu/actor:0.02107935176555454 - perf/max_memory_allocated_gb:41.394092082977295 - perf/max_memory_reserved_gb:46.6484375 - perf/cpu_memory_used_gb:134.98898696899414 - actor/lr:1e-06 - training/global_step:92 - training/epoch:91 - critic/score/mean:1.0 - critic/score/max:1.0 - critic/score/min:1.0 - critic/rewards/mean:1.0 - critic/rewards/max:1.0 - critic/rewards/min:1.0 - critic/advantages/mean:0.9999991655349731 - critic/advantages/max:0.9999990463256836 - critic/advantages/min:0.9999990463256836 - critic/returns/mean:0.9999991655349731 - critic/returns/max:0.9999990463256836 - critic/returns/min:0.9999990463256836 - response_length/mean:327.5 - response_length/max:347.0 - response_length/min:308.0 - response_length/clip_ratio:0.0 - response_length_non_aborted/mean:327.5 - response_length_non_aborted/max:347.0 - response_length_non_aborted/min:308.0 - response_length_non_aborted/clip_ratio:0.0 - response/aborted_ratio:0.0 - prompt_length/mean:180.0 - prompt_length/max:180.0 - prompt_length/min:180.0 - prompt_length/clip_ratio:0.0 - num_turns/min:2 - num_turns/max:2 - num_turns/mean:2.0 - timing_s/start_profile:0.00024795904755592346 - timing_s/agent_loop/num_preempted/min:-1 - timing_s/agent_loop/num_preempted/max:-1 - timing_s/agent_loop/num_preempted/mean:-1.0 - timing_s/agent_loop/generate_sequences/min:4.983040424063802 - timing_s/agent_loop/generate_sequences/max:5.652277177199721 - timing_s/agent_loop/generate_sequences/mean:5.3176588006317616 - timing_s/agent_loop/tool_calls/min:0.0 - timing_s/agent_loop/tool_calls/max:0.0 - timing_s/agent_loop/tool_calls/mean:0.0 - timing_s/agent_loop/slowest/generate_sequences:5.652277177199721 - timing_s/agent_loop/slowest/tool_calls:0.0 - timing_s/agent_loop/slowest/prompt_length:180 - timing_s/agent_loop/slowest/response_length:347 - timing_s/agent_loop/slowest/num_preempted:-1 - timing_s/gen:6.277834316715598 - timing_s/fc_opd:21.31110846810043 - timing_s/reward:2.0889565348625183e-05 - timing_s/old_log_prob:0.18936537951231003 - timing_s/adv:0.0004604104906320572 - timing_s/update_actor:0.6516189910471439 - timing_s/update_weights:2.105750987306237 - timing_s/step:30.53978013060987 - timing_s/stop_profile:4.789605736732483e-05 - timing_per_token_ms/gen:9.584479872848242 - timing_per_token_ms/adv:0.0004536063947113864 - timing_per_token_ms/update_actor:0.6419891537410285 - perf/total_num_tokens:1015 - perf/time_per_step:30.53978013060987 - perf/throughput:16.61767039021133[36m(TaskRunner pid=431148)[0m Training Progress:  46%|████▌     | 92/200 [49:36<55:02, 30.58s/it]
[36m(pid=1936868)[0m /inspire/hdd/global_user/mengweicheng-240108120092/lzy/fc-opd-storage/envs/fc-opd-verl071-cu128/lib/python3.12/site-packages/torch/cuda/__init__.py:63: FutureWarning: The pynvml package is deprecated. Please install nvidia-ml-py instead. If you did not install pynvml directly, please report this to the maintainers of the package that installed pynvml for you.
[36m(pid=1936868)[0m   import pynvml  # type: ignore[import]
[36m(pid=1936868)[0m /inspire/hdd/global_user/mengweicheng-240108120092/lzy/fc-opd-storage/envs/fc-opd-verl071-cu128/lib/python3.12/site-packages/transformers/utils/hub.py:110: FutureWarning: Using `TRANSFORMERS_CACHE` is deprecated and will be removed in v5 of Transformers. Use `HF_HOME` instead.
[36m(pid=1936868)[0m   warnings.warn(
[36m(_RayStudentScorerActor pid=1936868)[0m `torch_dtype` is deprecated! Use `dtype` instead!
[36m(_RayStudentScorerActor pid=1936868)[0m Loading checkpoint shards:   0%|          | 0/2 [00:00<?, ?it/s]
[36m(_RayStudentScorerActor pid=1936868)[0m Loading checkpoint shards:  50%|█████     | 1/2 [00:03<00:03,  3.08s/it]
[36m(_RayStudentScorerActor pid=1936868)[0m Loading checkpoint shards: 100%|██████████| 2/2 [00:05<00:00,  2.70s/it]Loading checkpoint shards: 100%|██████████| 2/2 [00:05<00:00,  2.75s/it]
[36m(WorkerDict pid=533144)[0m INFO:2026-06-29 14:03:04,679:update_weights done, time cost: 0.48s
[36m(TaskRunner pid=431148)[0m Training Progress:  46%|████▋     | 93/200 [50:06<53:49, 30.18s/it]
[36m(pid=1990606)[0m /inspire/hdd/global_user/mengweicheng-240108120092/lzy/fc-opd-storage/envs/fc-opd-verl071-cu128/lib/python3.12/site-packages/torch/cuda/__init__.py:63: FutureWarning: The pynvml package is deprecated. Please install nvidia-ml-py instead. If you did not install pynvml directly, please report this to the maintainers of the package that installed pynvml for you.
[36m(pid=1990606)[0m   import pynvml  # type: ignore[import]
[36m(pid=1990606)[0m /inspire/hdd/global_user/mengweicheng-240108120092/lzy/fc-opd-storage/envs/fc-opd-verl071-cu128/lib/python3.12/site-packages/transformers/utils/hub.py:110: FutureWarning: Using `TRANSFORMERS_CACHE` is deprecated and will be removed in v5 of Transformers. Use `HF_HOME` instead.
[36m(pid=1990606)[0m   warnings.warn(
[36m(_RayStudentScorerActor pid=1990606)[0m `torch_dtype` is deprecated! Use `dtype` instead!
[36m(_RayStudentScorerActor pid=1990606)[0m Loading checkpoint shards:   0%|          | 0/2 [00:00<?, ?it/s]
[36m(_RayStudentScorerActor pid=1990606)[0m Loading checkpoint shards:  50%|█████     | 1/2 [00:03<00:03,  3.08s/it]
[36m(_RayStudentScorerActor pid=1990606)[0m Loading checkpoint shards: 100%|██████████| 2/2 [00:05<00:00,  2.72s/it]Loading checkpoint shards: 100%|██████████| 2/2 [00:05<00:00,  2.77s/it]
[36m(WorkerDict pid=533144)[0m INFO:2026-06-29 14:03:33,853:update_weights done, time cost: 0.48s
[36m(TaskRunner pid=431148)[0m Training Progress:  47%|████▋     | 94/200 [50:35<52:46, 29.88s/it]
[36m(pid=2045098)[0m /inspire/hdd/global_user/mengweicheng-240108120092/lzy/fc-opd-storage/envs/fc-opd-verl071-cu128/lib/python3.12/site-packages/torch/cuda/__init__.py:63: FutureWarning: The pynvml package is deprecated. Please install nvidia-ml-py instead. If you did not install pynvml directly, please report this to the maintainers of the package that installed pynvml for you.
[36m(pid=2045098)[0m   import pynvml  # type: ignore[import]
[36m(pid=2045098)[0m /inspire/hdd/global_user/mengweicheng-240108120092/lzy/fc-opd-storage/envs/fc-opd-verl071-cu128/lib/python3.12/site-packages/transformers/utils/hub.py:110: FutureWarning: Using `TRANSFORMERS_CACHE` is deprecated and will be removed in v5 of Transformers. Use `HF_HOME` instead.
[36m(pid=2045098)[0m   warnings.warn(
[36m(_RayStudentScorerActor pid=2045098)[0m `torch_dtype` is deprecated! Use `dtype` instead!
[36m(_RayStudentScorerActor pid=2045098)[0m Loading checkpoint shards:   0%|          | 0/2 [00:00<?, ?it/s]
[36m(_RayStudentScorerActor pid=2045098)[0m Loading checkpoint shards:  50%|█████     | 1/2 [00:03<00:03,  3.08s/it]
[36m(_RayStudentScorerActor pid=2045098)[0m Loading checkpoint shards: 100%|██████████| 2/2 [00:05<00:00,  2.70s/it]Loading checkpoint shards: 100%|██████████| 2/2 [00:05<00:00,  2.76s/it]
[36m(WorkerDict pid=533144)[0m INFO:2026-06-29 14:04:04,924:update_weights done, time cost: 0.48s

[36m(TaskRunner pid=431148)[0m step:93 - fc_opd/hook_loss:0.26188260316848755 - fc_opd/hook_num_samples:2.0 - fc_opd/hook_active_weight:56.22820281982422 - fc_opd/loss/task_visible:0.5260742902755737 - fc_opd/selection/task_visible:0.01044281292706728 - fc_opd/loss/degraded:0.0 - fc_opd/selection/degraded:0.0 - fc_opd/loss/task_infer:0.6391177177429199 - fc_opd/selection/task_infer:0.01369837298989296 - fc_opd/loss/full:0.0831136703491211 - fc_opd/selection/full:0.050617463886737823 - fc_opd/loss/task_solve:0.32839149236679077 - fc_opd/selection/task_solve:0.017893468961119652 - fc_opd/loss/free:0.0 - fc_opd/selection/free:0.0 - fc_opd/loss/chunk/visible_evidence:0.0 - fc_opd/loss/chunk/diagram_inference:0.0 - fc_opd/loss/chunk/reasoning:0.024269256740808487 - fc_opd/loss/chunk/answer:0.0 - fc_opd/loss/total:0.26188260316848755 - fc_opd/online/loss:0.26188260316848755 - fc_opd/online/num_samples:2.0 - global_seqlen/min:477 - global_seqlen/max:490 - global_seqlen/minmax_diff:13 - global_seqlen/balanced_min:477 - global_seqlen/balanced_max:490 - global_seqlen/mean:483.5 - actor/entropy:0.2825525403022766 - perf/mfu/actor_infer:0 - actor/pg_loss:-0.9999990165233612 - actor/kl_loss:0.0 - actor/fc_opd_loss:0.14056463539600372 - actor/pg_clipfrac:0.0 - actor/ppo_kl:0.0 - actor/pg_clipfrac_lower:0.0 - actor/fc_opd_coef:0.10000000149011612 - actor/fc_opd_active_weight_mean:0.05491035245358944 - actor/grad_norm:7.086057662963867 - perf/mfu/actor:0.0183841829792877 - perf/max_memory_allocated_gb:41.394092082977295 - perf/max_memory_reserved_gb:46.6484375 - perf/cpu_memory_used_gb:134.95898818969727 - actor/lr:1e-06 - training/global_step:93 - training/epoch:92 - critic/score/mean:1.0 - critic/score/max:1.0 - critic/score/min:1.0 - critic/rewards/mean:1.0 - critic/rewards/max:1.0 - critic/rewards/min:1.0 - critic/advantages/mean:0.9999991059303284 - critic/advantages/max:0.9999990463256836 - critic/advantages/min:0.9999990463256836 - critic/returns/mean:0.9999991059303284 - critic/returns/max:0.9999990463256836 - critic/returns/min:0.9999990463256836 - response_length/mean:303.5 - response_length/max:310.0 - response_length/min:297.0 - response_length/clip_ratio:0.0 - response_length_non_aborted/mean:303.5 - response_length_non_aborted/max:310.0 - response_length_non_aborted/min:297.0 - response_length_non_aborted/clip_ratio:0.0 - response/aborted_ratio:0.0 - prompt_length/mean:180.0 - prompt_length/max:180.0 - prompt_length/min:180.0 - prompt_length/clip_ratio:0.0 - num_turns/min:2 - num_turns/max:2 - num_turns/mean:2.0 - timing_s/start_profile:0.0002622324973344803 - timing_s/agent_loop/num_preempted/min:-1 - timing_s/agent_loop/num_preempted/max:-1 - timing_s/agent_loop/num_preempted/mean:-1.0 - timing_s/agent_loop/generate_sequences/min:4.85674899071455 - timing_s/agent_loop/generate_sequences/max:5.003696458414197 - timing_s/agent_loop/generate_sequences/mean:4.9302227245643735 - timing_s/agent_loop/tool_calls/min:0.0 - timing_s/agent_loop/tool_calls/max:0.0 - timing_s/agent_loop/tool_calls/mean:0.0 - timing_s/agent_loop/slowest/generate_sequences:5.003696458414197 - timing_s/agent_loop/slowest/tool_calls:0.0 - timing_s/agent_loop/slowest/prompt_length:180 - timing_s/agent_loop/slowest/response_length:310 - timing_s/agent_loop/slowest/num_preempted:-1 - timing_s/gen:5.630447555333376 - timing_s/fc_opd:20.525375086814165 - timing_s/reward:2.9336661100387573e-05 - timing_s/old_log_prob:0.1771985236555338 - timing_s/adv:0.0004606284201145172 - timing_s/update_actor:0.7118196729570627 - timing_s/update_weights:1.962762463837862 - timing_s/step:29.01131554506719 - timing_s/stop_profile:4.995428025722504e-05 - timing_per_token_ms/gen:9.275860881933074 - timing_per_token_ms/adv:0.00047634790084231357 - timing_per_token_ms/update_actor:0.7361113474219884 - perf/total_num_tokens:967 - perf/time_per_step:29.01131554506719 - perf/throughput:16.665910901176275
[36m(TaskRunner pid=431148)[0m step:94 - fc_opd/hook_loss:0.29866868257522583 - fc_opd/hook_num_samples:2.0 - fc_opd/hook_active_weight:54.18962097167969 - fc_opd/loss/task_visible:0.4652254581451416 - fc_opd/selection/task_visible:0.01224762573838234 - fc_opd/loss/degraded:0.0 - fc_opd/selection/degraded:0.0 - fc_opd/loss/task_infer:0.7967002391815186 - fc_opd/selection/task_infer:0.0110220517963171 - fc_opd/loss/full:0.09719444066286087 - fc_opd/selection/full:0.05001271516084671 - fc_opd/loss/task_solve:0.44515857100486755 - fc_opd/selection/task_solve:0.018578309565782547 - fc_opd/loss/free:0.0 - fc_opd/selection/free:0.0 - fc_opd/loss/chunk/visible_evidence:0.0 - fc_opd/loss/chunk/diagram_inference:0.0 - fc_opd/loss/chunk/reasoning:0.027443967759609222 - fc_opd/loss/chunk/answer:0.0 - fc_opd/loss/total:0.29866868257522583 - fc_opd/online/loss:0.29866868257522583 - fc_opd/online/num_samples:2.0 - global_seqlen/min:453 - global_seqlen/max:497 - global_seqlen/minmax_diff:44 - global_seqlen/balanced_min:453 - global_seqlen/balanced_max:497 - global_seqlen/mean:475.0 - actor/entropy:0.2648285925388336 - perf/mfu/actor_infer:0 - actor/pg_loss:-0.999999076128006 - actor/kl_loss:0.0 - actor/fc_opd_loss:0.13491257280111313 - actor/pg_clipfrac:0.0 - actor/ppo_kl:0.0 - actor/pg_clipfrac_lower:0.0 - actor/fc_opd_coef:0.10000000149011612 - actor/fc_opd_active_weight_mean:0.052919551730155945 - actor/grad_norm:6.341500759124756 - perf/mfu/actor:0.019872667631974116 - perf/max_memory_allocated_gb:41.394092082977295 - perf/max_memory_reserved_gb:46.6484375 - perf/cpu_memory_used_gb:135.19086456298828 - actor/lr:1e-06 - training/global_step:94 - training/epoch:93 - critic/score/mean:1.0 - critic/score/max:1.0 - critic/score/min:1.0 - critic/rewards/mean:1.0 - critic/rewards/max:1.0 - critic/rewards/min:1.0 - critic/advantages/mean:0.9999990463256836 - critic/advantages/max:0.9999990463256836 - critic/advantages/min:0.9999990463256836 - critic/returns/mean:0.9999990463256836 - critic/returns/max:0.9999990463256836 - critic/returns/min:0.9999990463256836 - response_length/mean:295.0 - response_length/max:317.0 - response_length/min:273.0 - response_length/clip_ratio:0.0 - response_length_non_aborted/mean:295.0 - response_length_non_aborted/max:317.0 - response_length_non_aborted/min:273.0 - response_length_non_aborted/clip_ratio:0.0 - response/aborted_ratio:0.0 - prompt_length/mean:180.0 - prompt_length/max:180.0 - prompt_length/min:180.0 - prompt_length/clip_ratio:0.0 - num_turns/min:2 - num_turns/max:2 - num_turns/mean:2.0 - timing_s/start_profile:0.00024910643696784973 - timing_s/agent_loop/num_preempted/min:-1 - timing_s/agent_loop/num_preempted/max:-1 - timing_s/agent_loop/num_preempted/mean:-1.0 - timing_s/agent_loop/generate_sequences/min:4.440342850983143 - timing_s/agent_loop/generate_sequences/max:5.125340338796377 - timing_s/agent_loop/generate_sequences/mean:4.78284159488976 - timing_s/agent_loop/tool_calls/min:0.0 - timing_s/agent_loop/tool_calls/max:0.0 - timing_s/agent_loop/tool_calls/mean:0.0 - timing_s/agent_loop/slowest/generate_sequences:5.125340338796377 - timing_s/agent_loop/slowest/tool_calls:0.0 - timing_s/agent_loop/slowest/prompt_length:180 - timing_s/agent_loop/slowest/response_length:317 - timing_s/agent_loop/slowest/num_preempted:-1 - timing_s/gen:5.7410872876644135 - timing_s/fc_opd:20.305260758846998 - timing_s/reward:2.352893352508545e-05 - timing_s/old_log_prob:0.17691147327423096 - timing_s/adv:0.0004849955439567566 - timing_s/update_actor:0.6485099606215954 - timing_s/update_weights:2.052736232057214 - timing_s/step:28.92799668572843 - timing_s/stop_profile:5.540437996387482e-05 - timing_per_token_ms/gen:9.730656419770192 - timing_per_token_ms/adv:0.0005105216252176385 - timing_per_token_ms/update_actor:0.6826420638122057 - perf/total_num_tokens:950 - perf/time_per_step:28.92799668572843 - perf/throughput:16.420079314871476
[36m(TaskRunner pid=431148)[0m step:95 - fc_opd/hook_loss:0.3267689347267151 - fc_opd/hook_num_samples:2.0 - fc_opd/hook_active_weight:60.473724365234375 - fc_opd/loss/task_visible:0.5116673111915588 - fc_opd/selection/task_visible:0.011122029274702072 - fc_opd/loss/degraded:0.0 - fc_opd/selection/degraded:0.0 - fc_opd/loss/task_infer:0.6451283097267151 - fc_opd/selection/task_infer:0.012049151584506035 - fc_opd/loss/full:0.12172402441501617 - fc_opd/selection/full:0.046751368790864944 - fc_opd/loss/task_solve:0.48091042041778564 - fc_opd/selection/task_solve:0.020809520035982132 - fc_opd/loss/free:0.0 - fc_opd/selection/free:0.0 - fc_opd/loss/chunk/visible_evidence:0.0 - fc_opd/loss/chunk/diagram_inference:0.0 - fc_opd/loss/chunk/reasoning:0.029711421579122543 - fc_opd/loss/chunk/answer:0.0 - fc_opd/loss/total:0.3267689347267151 - fc_opd/online/loss:0.3267689347267151 - fc_opd/online/num_samples:2.0 - global_seqlen/min:480 - global_seqlen/max:546 - global_seqlen/minmax_diff:66 - global_seqlen/balanced_min:480 - global_seqlen/balanced_max:546 - global_seqlen/mean:513.0 - actor/entropy:0.34328269958496094 - perf/mfu/actor_infer:0 - actor/pg_loss:-0.9999989867210388 - actor/kl_loss:0.0 - actor/fc_opd_loss:0.17423057928681374 - actor/pg_clipfrac:0.0 - actor/ppo_kl:0.0 - actor/pg_clipfrac_lower:0.0 - actor/fc_opd_coef:0.10000000149011612 - actor/fc_opd_active_weight_mean:0.05905636586248875 - actor/grad_norm:5.825013637542725 - perf/mfu/actor:0.021134142996947408 - perf/max_memory_allocated_gb:41.394092082977295 - perf/max_memory_reserved_gb:46.6484375 - perf/cpu_memory_used_gb:135.35229873657227 - actor/lr:1e-06 - training/global_step:95 - training/epoch:94 - critic/score/mean:1.0 - critic/score/max:1.0 - critic/score/min:1.0 - critic/rewards/mean:1.0 - critic/rewards/max:1.0 - critic/rewards/min:1.0 - critic/advantages/mean:0.9999991655349731 - critic/advantages/max:0.9999990463256836 - critic/advantages/min:0.9999990463256836 - critic/returns/mean:0.9999991655349731 - critic/returns/max:0.9999990463256836 - critic/returns/min:0.9999990463256836 - response_length/mean:333.0 - response_length/max:366.0 - response_length/min:300.0 - response_length/clip_ratio:0.0 - response_length_non_aborted/mean:333.0 - response_length_non_aborted/max:366.0 - response_length_non_aborted/min:300.0 - response_length_non_aborted/clip_ratio:0.0 - response/aborted_ratio:0.0 - prompt_length/mean:180.0 - prompt_length/max:180.0 - prompt_length/min:180.0 - prompt_length/clip_ratio:0.0 - num_turns/min:2 - num_turns/max:2 - num_turns/mean:2.0 - timing_s/start_profile:0.00027175433933734894 - timing_s/agent_loop/num_preempted/min:-1 - timing_s/agent_loop/num_preempted/max:-1 - timing_s/agent_loop/num_preempted/mean:-1.0 - timing_s/agent_loop/generate_sequences/min:4.904443450272083 - timing_s/agent_loop/generate_sequences/max:5.891557523980737 - timing_s/agent_loop/generate_sequences/mean:5.39800048712641 - timing_s/agent_loop/tool_calls/min:0.0 - timing_s/agent_loop/tool_calls/max:0.0 - timing_s/agent_loop/tool_calls/mean:0.0 - timing_s/agent_loop/slowest/generate_sequences:5.891557523980737 - timing_s/agent_loop/slowest/tool_calls:0.0 - timing_s/agent_loop/slowest/prompt_length:180 - timing_s/agent_loop/slowest/response_length:366 - timing_s/agent_loop/slowest/num_preempted:-1 - timing_s/gen:6.523557685315609 - timing_s/fc_opd:21.507626842707396 - timing_s/reward:1.9432976841926575e-05 - timing_s/old_log_prob:0.17934863455593586 - timing_s/adv:0.0004929415881633759 - timing_s/update_actor:0.6563448868691921 - timing_s/update_weights:1.9852231349796057 - timing_s/step:30.856107568368316 - timing_s/stop_profile:4.726089537143707e-05 - timing_per_token_ms/gen:9.795131659633046 - timing_per_token_ms/adv:0.00048044989099744236 - timing_per_token_ms/update_actor:0.639712365369583 - perf/total_num_tokens:1026 - perf/time_per_step:30.856107568368316 - perf/throughput:16.625557804507213[36m(TaskRunner pid=431148)[0m Training Progress:  48%|████▊     | 95/200 [51:06<52:55, 30.25s/it]
[36m(pid=2098870)[0m /inspire/hdd/global_user/mengweicheng-240108120092/lzy/fc-opd-storage/envs/fc-opd-verl071-cu128/lib/python3.12/site-packages/torch/cuda/__init__.py:63: FutureWarning: The pynvml package is deprecated. Please install nvidia-ml-py instead. If you did not install pynvml directly, please report this to the maintainers of the package that installed pynvml for you.
[36m(pid=2098870)[0m   import pynvml  # type: ignore[import]
[36m(pid=2098870)[0m /inspire/hdd/global_user/mengweicheng-240108120092/lzy/fc-opd-storage/envs/fc-opd-verl071-cu128/lib/python3.12/site-packages/transformers/utils/hub.py:110: FutureWarning: Using `TRANSFORMERS_CACHE` is deprecated and will be removed in v5 of Transformers. Use `HF_HOME` instead.
[36m(pid=2098870)[0m   warnings.warn(
[36m(_RayStudentScorerActor pid=2098870)[0m `torch_dtype` is deprecated! Use `dtype` instead!
[36m(_RayStudentScorerActor pid=2098870)[0m Loading checkpoint shards:   0%|          | 0/2 [00:00<?, ?it/s]
[36m(_RayStudentScorerActor pid=2098870)[0m Loading checkpoint shards:  50%|█████     | 1/2 [00:03<00:03,  3.07s/it]
[36m(_RayStudentScorerActor pid=2098870)[0m Loading checkpoint shards: 100%|██████████| 2/2 [00:05<00:00,  2.69s/it]Loading checkpoint shards: 100%|██████████| 2/2 [00:05<00:00,  2.74s/it]
[36m(WorkerDict pid=533144)[0m INFO:2026-06-29 14:04:34,661:update_weights done, time cost: 0.48s
[36m(TaskRunner pid=431148)[0m Training Progress:  48%|████▊     | 96/200 [51:36<52:09, 30.09s/it]
[36m(pid=2154063)[0m /inspire/hdd/global_user/mengweicheng-240108120092/lzy/fc-opd-storage/envs/fc-opd-verl071-cu128/lib/python3.12/site-packages/torch/cuda/__init__.py:63: FutureWarning: The pynvml package is deprecated. Please install nvidia-ml-py instead. If you did not install pynvml directly, please report this to the maintainers of the package that installed pynvml for you.
[36m(pid=2154063)[0m   import pynvml  # type: ignore[import]
[36m(pid=2154063)[0m /inspire/hdd/global_user/mengweicheng-240108120092/lzy/fc-opd-storage/envs/fc-opd-verl071-cu128/lib/python3.12/site-packages/transformers/utils/hub.py:110: FutureWarning: Using `TRANSFORMERS_CACHE` is deprecated and will be removed in v5 of Transformers. Use `HF_HOME` instead.
[36m(pid=2154063)[0m   warnings.warn(
[36m(_RayStudentScorerActor pid=2154063)[0m `torch_dtype` is deprecated! Use `dtype` instead!
[36m(_RayStudentScorerActor pid=2154063)[0m Loading checkpoint shards:   0%|          | 0/2 [00:00<?, ?it/s]
[36m(_RayStudentScorerActor pid=2154063)[0m Loading checkpoint shards:  50%|█████     | 1/2 [00:03<00:03,  3.08s/it]
[36m(_RayStudentScorerActor pid=2154063)[0m Loading checkpoint shards: 100%|██████████| 2/2 [00:05<00:00,  2.70s/it]Loading checkpoint shards: 100%|██████████| 2/2 [00:05<00:00,  2.76s/it]
[36m(WorkerDict pid=533144)[0m INFO:2026-06-29 14:05:04,059:update_weights done, time cost: 0.53s
[36m(TaskRunner pid=431148)[0m Training Progress:  48%|████▊     | 97/200 [52:05<51:17, 29.88s/it]
[36m(pid=2206410)[0m /inspire/hdd/global_user/mengweicheng-240108120092/lzy/fc-opd-storage/envs/fc-opd-verl071-cu128/lib/python3.12/site-packages/torch/cuda/__init__.py:63: FutureWarning: The pynvml package is deprecated. Please install nvidia-ml-py instead. If you did not install pynvml directly, please report this to the maintainers of the package that installed pynvml for you.
[36m(pid=2206410)[0m   import pynvml  # type: ignore[import]
[36m(pid=2206410)[0m /inspire/hdd/global_user/mengweicheng-240108120092/lzy/fc-opd-storage/envs/fc-opd-verl071-cu128/lib/python3.12/site-packages/transformers/utils/hub.py:110: FutureWarning: Using `TRANSFORMERS_CACHE` is deprecated and will be removed in v5 of Transformers. Use `HF_HOME` instead.
[36m(pid=2206410)[0m   warnings.warn(
[36m(_RayStudentScorerActor pid=2206410)[0m `torch_dtype` is deprecated! Use `dtype` instead!
[36m(_RayStudentScorerActor pid=2206410)[0m Loading checkpoint shards:   0%|          | 0/2 [00:00<?, ?it/s]
[36m(_RayStudentScorerActor pid=2206410)[0m Loading checkpoint shards:  50%|█████     | 1/2 [00:03<00:03,  3.08s/it]
[36m(_RayStudentScorerActor pid=2206410)[0m Loading checkpoint shards: 100%|██████████| 2/2 [00:05<00:00,  2.70s/it]Loading checkpoint shards: 100%|██████████| 2/2 [00:05<00:00,  2.76s/it]
[36m(WorkerDict pid=533144)[0m INFO:2026-06-29 14:05:33,265:update_weights done, time cost: 0.47s

[36m(TaskRunner pid=431148)[0m step:96 - fc_opd/hook_loss:0.3251838684082031 - fc_opd/hook_num_samples:2.0 - fc_opd/hook_active_weight:56.319000244140625 - fc_opd/loss/task_visible:0.4384458661079407 - fc_opd/selection/task_visible:0.009842132218182087 - fc_opd/loss/degraded:0.0 - fc_opd/selection/degraded:0.0 - fc_opd/loss/task_infer:0.9158172607421875 - fc_opd/selection/task_infer:0.010905870236456394 - fc_opd/loss/full:0.15387509763240814 - fc_opd/selection/full:0.052158914506435394 - fc_opd/loss/task_solve:0.42733535170555115 - fc_opd/selection/task_solve:0.01857178844511509 - fc_opd/loss/free:0.0 - fc_opd/selection/free:0.0 - fc_opd/loss/chunk/visible_evidence:0.0 - fc_opd/loss/chunk/diagram_inference:0.0 - fc_opd/loss/chunk/reasoning:0.029846593737602234 - fc_opd/loss/chunk/answer:0.0 - fc_opd/loss/total:0.3251838684082031 - fc_opd/online/loss:0.3251838684082031 - fc_opd/online/num_samples:2.0 - global_seqlen/min:469 - global_seqlen/max:506 - global_seqlen/minmax_diff:37 - global_seqlen/balanced_min:469 - global_seqlen/balanced_max:506 - global_seqlen/mean:487.5 - actor/entropy:0.24578693509101868 - perf/mfu/actor_infer:0 - actor/pg_loss:-0.9999990463256836 - actor/kl_loss:0.0 - actor/fc_opd_loss:0.1537029929459095 - actor/pg_clipfrac:0.0 - actor/ppo_kl:0.0 - actor/pg_clipfrac_lower:0.0 - actor/fc_opd_coef:0.10000000149011612 - actor/fc_opd_active_weight_mean:0.05499902367591858 - actor/grad_norm:5.468625545501709 - perf/mfu/actor:0.01831315002781813 - perf/max_memory_allocated_gb:41.394092082977295 - perf/max_memory_reserved_gb:46.6484375 - perf/cpu_memory_used_gb:134.91550064086914 - actor/lr:1e-06 - training/global_step:96 - training/epoch:95 - critic/score/mean:1.0 - critic/score/max:1.0 - critic/score/min:1.0 - critic/rewards/mean:1.0 - critic/rewards/max:1.0 - critic/rewards/min:1.0 - critic/advantages/mean:0.9999991059303284 - critic/advantages/max:0.9999990463256836 - critic/advantages/min:0.9999990463256836 - critic/returns/mean:0.9999991059303284 - critic/returns/max:0.9999990463256836 - critic/returns/min:0.9999990463256836 - response_length/mean:307.5 - response_length/max:326.0 - response_length/min:289.0 - response_length/clip_ratio:0.0 - response_length_non_aborted/mean:307.5 - response_length_non_aborted/max:326.0 - response_length_non_aborted/min:289.0 - response_length_non_aborted/clip_ratio:0.0 - response/aborted_ratio:0.0 - prompt_length/mean:180.0 - prompt_length/max:180.0 - prompt_length/min:180.0 - prompt_length/clip_ratio:0.0 - num_turns/min:2 - num_turns/max:2 - num_turns/mean:2.0 - timing_s/start_profile:0.0002593211829662323 - timing_s/agent_loop/num_preempted/min:-1 - timing_s/agent_loop/num_preempted/max:-1 - timing_s/agent_loop/num_preempted/mean:-1.0 - timing_s/agent_loop/generate_sequences/min:4.731576027348638 - timing_s/agent_loop/generate_sequences/max:5.272974569350481 - timing_s/agent_loop/generate_sequences/mean:5.002275298349559 - timing_s/agent_loop/tool_calls/min:0.0 - timing_s/agent_loop/tool_calls/max:0.0 - timing_s/agent_loop/tool_calls/mean:0.0 - timing_s/agent_loop/slowest/generate_sequences:5.272974569350481 - timing_s/agent_loop/slowest/tool_calls:0.0 - timing_s/agent_loop/slowest/prompt_length:180 - timing_s/agent_loop/slowest/response_length:326 - timing_s/agent_loop/slowest/num_preempted:-1 - timing_s/gen:5.896090246737003 - timing_s/fc_opd:20.636107429862022 - timing_s/reward:2.065114676952362e-05 - timing_s/old_log_prob:0.1794170681387186 - timing_s/adv:0.00046835653483867645 - timing_s/update_actor:0.7196819353848696 - timing_s/update_weights:2.041265681385994 - timing_s/step:29.476371992379427 - timing_s/stop_profile:4.3977051973342896e-05 - timing_per_token_ms/gen:9.587138612580492 - timing_per_token_ms/adv:0.00048036567675761686 - timing_per_token_ms/update_actor:0.738135318343456 - perf/total_num_tokens:975 - perf/time_per_step:29.476371992379427 - perf/throughput:16.53867036710061
[36m(TaskRunner pid=431148)[0m step:97 - fc_opd/hook_loss:0.33139950037002563 - fc_opd/hook_num_samples:2.0 - fc_opd/hook_active_weight:57.63043975830078 - fc_opd/loss/task_visible:0.484904944896698 - fc_opd/selection/task_visible:0.011197460815310478 - fc_opd/loss/degraded:0.0 - fc_opd/selection/degraded:0.0 - fc_opd/loss/task_infer:0.5833237171173096 - fc_opd/selection/task_infer:0.014522762969136238 - fc_opd/loss/full:0.2016116976737976 - fc_opd/selection/full:0.049446240067481995 - fc_opd/loss/task_solve:0.37199467420578003 - fc_opd/selection/task_solve:0.018544042482972145 - fc_opd/loss/free:0.0 - fc_opd/selection/free:0.0 - fc_opd/loss/chunk/visible_evidence:0.0 - fc_opd/loss/chunk/diagram_inference:0.0 - fc_opd/loss/chunk/reasoning:0.031061561778187752 - fc_opd/loss/chunk/answer:0.0 - fc_opd/loss/total:0.33139950037002563 - fc_opd/online/loss:0.33139950037002563 - fc_opd/online/num_samples:2.0 - global_seqlen/min:483 - global_seqlen/max:492 - global_seqlen/minmax_diff:9 - global_seqlen/balanced_min:483 - global_seqlen/balanced_max:492 - global_seqlen/mean:487.5 - actor/entropy:0.29472070932388306 - perf/mfu/actor_infer:0 - actor/pg_loss:-0.9999990165233612 - actor/kl_loss:0.0 - actor/fc_opd_loss:0.1757575124502182 - actor/pg_clipfrac:0.0 - actor/ppo_kl:0.0 - actor/pg_clipfrac_lower:0.0 - actor/fc_opd_coef:0.10000000149011612 - actor/fc_opd_active_weight_mean:0.05627972073853016 - actor/grad_norm:6.420056343078613 - perf/mfu/actor:0.019486820822232354 - perf/max_memory_allocated_gb:41.394092082977295 - perf/max_memory_reserved_gb:46.6484375 - perf/cpu_memory_used_gb:135.0402717590332 - actor/lr:1e-06 - training/global_step:97 - training/epoch:96 - critic/score/mean:1.0 - critic/score/max:1.0 - critic/score/min:1.0 - critic/rewards/mean:1.0 - critic/rewards/max:1.0 - critic/rewards/min:1.0 - critic/advantages/mean:0.9999991059303284 - critic/advantages/max:0.9999990463256836 - critic/advantages/min:0.9999990463256836 - critic/returns/mean:0.9999991059303284 - critic/returns/max:0.9999990463256836 - critic/returns/min:0.9999990463256836 - response_length/mean:307.5 - response_length/max:312.0 - response_length/min:303.0 - response_length/clip_ratio:0.0 - response_length_non_aborted/mean:307.5 - response_length_non_aborted/max:312.0 - response_length_non_aborted/min:303.0 - response_length_non_aborted/clip_ratio:0.0 - response/aborted_ratio:0.0 - prompt_length/mean:180.0 - prompt_length/max:180.0 - prompt_length/min:180.0 - prompt_length/clip_ratio:0.0 - num_turns/min:2 - num_turns/max:2 - num_turns/mean:2.0 - timing_s/start_profile:0.00025196000933647156 - timing_s/agent_loop/num_preempted/min:-1 - timing_s/agent_loop/num_preempted/max:-1 - timing_s/agent_loop/num_preempted/mean:-1.0 - timing_s/agent_loop/generate_sequences/min:4.866473460569978 - timing_s/agent_loop/generate_sequences/max:5.053685415536165 - timing_s/agent_loop/generate_sequences/mean:4.9600794380530715 - timing_s/agent_loop/tool_calls/min:0.0 - timing_s/agent_loop/tool_calls/max:0.0 - timing_s/agent_loop/tool_calls/mean:0.0 - timing_s/agent_loop/slowest/generate_sequences:5.053685415536165 - timing_s/agent_loop/slowest/tool_calls:0.0 - timing_s/agent_loop/slowest/prompt_length:180 - timing_s/agent_loop/slowest/response_length:312 - timing_s/agent_loop/slowest/num_preempted:-1 - timing_s/gen:5.685241188853979 - timing_s/fc_opd:20.552311711013317 - timing_s/reward:2.884119749069214e-05 - timing_s/old_log_prob:0.1775930505245924 - timing_s/adv:0.00044543854892253876 - timing_s/update_actor:0.6788940019905567 - timing_s/update_weights:2.0429997239261866 - timing_s/step:29.14053640142083 - timing_s/stop_profile:4.8980116844177246e-05 - timing_per_token_ms/gen:9.24429461602273 - timing_per_token_ms/adv:0.0004568600501769628 - timing_per_token_ms/update_actor:0.6963015405031351 - perf/total_num_tokens:975 - perf/time_per_step:29.14053640142083 - perf/throughput:16.72927338345874
[36m(TaskRunner pid=431148)[0m step:98 - fc_opd/hook_loss:0.31806084513664246 - fc_opd/hook_num_samples:2.0 - fc_opd/hook_active_weight:51.563541412353516 - fc_opd/loss/task_visible:0.40160083770751953 - fc_opd/selection/task_visible:0.010482905432581902 - fc_opd/loss/degraded:0.0 - fc_opd/selection/degraded:0.0 - fc_opd/loss/task_infer:0.9706012606620789 - fc_opd/selection/task_infer:0.013086210936307907 - fc_opd/loss/full:0.1126718670129776 - fc_opd/selection/full:0.047403350472450256 - fc_opd/loss/task_solve:0.32607102394104004 - fc_opd/selection/task_solve:0.01917169988155365 - fc_opd/loss/free:0.0 - fc_opd/selection/free:0.0 - fc_opd/loss/chunk/visible_evidence:0.0 - fc_opd/loss/chunk/diagram_inference:0.0 - fc_opd/loss/chunk/reasoning:0.02867204137146473 - fc_opd/loss/chunk/answer:0.0 - fc_opd/loss/total:0.31806084513664246 - fc_opd/online/loss:0.31806084513664246 - fc_opd/online/num_samples:2.0 - global_seqlen/min:442 - global_seqlen/max:490 - global_seqlen/minmax_diff:48 - global_seqlen/balanced_min:442 - global_seqlen/balanced_max:490 - global_seqlen/mean:466.0 - actor/entropy:0.2719558775424957 - perf/mfu/actor_infer:0 - actor/pg_loss:-0.9999990165233612 - actor/kl_loss:0.0 - actor/fc_opd_loss:0.16998939961194992 - actor/pg_clipfrac:0.0 - actor/ppo_kl:0.0 - actor/pg_clipfrac_lower:0.0 - actor/fc_opd_coef:0.10000000149011612 - actor/fc_opd_active_weight_mean:0.05035501904785633 - actor/grad_norm:5.978928565979004 - perf/mfu/actor:0.018366812347661417 - perf/max_memory_allocated_gb:41.394092082977295 - perf/max_memory_reserved_gb:46.6484375 - perf/cpu_memory_used_gb:135.01646423339844 - actor/lr:1e-06 - training/global_step:98 - training/epoch:97 - critic/score/mean:1.0 - critic/score/max:1.0 - critic/score/min:1.0 - critic/rewards/mean:1.0 - critic/rewards/max:1.0 - critic/rewards/min:1.0 - critic/advantages/mean:0.9999991655349731 - critic/advantages/max:0.9999990463256836 - critic/advantages/min:0.9999990463256836 - critic/returns/mean:0.9999991655349731 - critic/returns/max:0.9999990463256836 - critic/returns/min:0.9999990463256836 - response_length/mean:286.0 - response_length/max:310.0 - response_length/min:262.0 - response_length/clip_ratio:0.0 - response_length_non_aborted/mean:286.0 - response_length_non_aborted/max:310.0 - response_length_non_aborted/min:262.0 - response_length_non_aborted/clip_ratio:0.0 - response/aborted_ratio:0.0 - prompt_length/mean:180.0 - prompt_length/max:180.0 - prompt_length/min:180.0 - prompt_length/clip_ratio:0.0 - num_turns/min:2 - num_turns/max:2 - num_turns/mean:2.0 - timing_s/start_profile:0.0002493150532245636 - timing_s/agent_loop/num_preempted/min:-1 - timing_s/agent_loop/num_preempted/max:-1 - timing_s/agent_loop/num_preempted/mean:-1.0 - timing_s/agent_loop/generate_sequences/min:4.249388160184026 - timing_s/agent_loop/generate_sequences/max:5.073900211602449 - timing_s/agent_loop/generate_sequences/mean:4.661644185893238 - timing_s/agent_loop/tool_calls/min:0.0 - timing_s/agent_loop/tool_calls/max:0.0 - timing_s/agent_loop/tool_calls/mean:0.0 - timing_s/agent_loop/slowest/generate_sequences:5.073900211602449 - timing_s/agent_loop/slowest/tool_calls:0.0 - timing_s/agent_loop/slowest/prompt_length:180 - timing_s/agent_loop/slowest/response_length:310 - timing_s/agent_loop/slowest/num_preempted:-1 - timing_s/gen:5.754397202283144 - timing_s/fc_opd:20.255917489528656 - timing_s/reward:2.4709850549697876e-05 - timing_s/old_log_prob:0.17828619480133057 - timing_s/adv:0.0004605203866958618 - timing_s/update_actor:0.6884705983102322 - timing_s/update_weights:2.112531105056405 - timing_s/step:28.993288217112422 - timing_s/stop_profile:4.963576793670654e-05 - timing_per_token_ms/gen:10.060134969026475 - timing_per_token_ms/adv:0.0004941205865835427 - timing_per_token_ms/update_actor:0.7387023587019659 - perf/total_num_tokens:932 - perf/time_per_step:28.993288217112422 - perf/throughput:16.072685392233552[36m(TaskRunner pid=431148)[0m Training Progress:  49%|████▉     | 98/200 [52:34<50:28, 29.69s/it]
[36m(pid=2261523)[0m /inspire/hdd/global_user/mengweicheng-240108120092/lzy/fc-opd-storage/envs/fc-opd-verl071-cu128/lib/python3.12/site-packages/torch/cuda/__init__.py:63: FutureWarning: The pynvml package is deprecated. Please install nvidia-ml-py instead. If you did not install pynvml directly, please report this to the maintainers of the package that installed pynvml for you.
[36m(pid=2261523)[0m   import pynvml  # type: ignore[import]
[36m(pid=2261523)[0m /inspire/hdd/global_user/mengweicheng-240108120092/lzy/fc-opd-storage/envs/fc-opd-verl071-cu128/lib/python3.12/site-packages/transformers/utils/hub.py:110: FutureWarning: Using `TRANSFORMERS_CACHE` is deprecated and will be removed in v5 of Transformers. Use `HF_HOME` instead.
[36m(pid=2261523)[0m   warnings.warn(
[36m(_RayStudentScorerActor pid=2261523)[0m `torch_dtype` is deprecated! Use `dtype` instead!
[36m(_RayStudentScorerActor pid=2261523)[0m Loading checkpoint shards:   0%|          | 0/2 [00:00<?, ?it/s]
[36m(_RayStudentScorerActor pid=2261523)[0m Loading checkpoint shards:  50%|█████     | 1/2 [00:02<00:02,  2.66s/it]
[36m(_RayStudentScorerActor pid=2261523)[0m Loading checkpoint shards: 100%|██████████| 2/2 [00:04<00:00,  2.33s/it]Loading checkpoint shards: 100%|██████████| 2/2 [00:04<00:00,  2.38s/it]
[36m(WorkerDict pid=533144)[0m INFO:2026-06-29 14:06:01,786:update_weights done, time cost: 0.53s
[36m(TaskRunner pid=431148)[0m Training Progress:  50%|████▉     | 99/200 [53:03<49:21, 29.32s/it]
[36m(pid=2312672)[0m /inspire/hdd/global_user/mengweicheng-240108120092/lzy/fc-opd-storage/envs/fc-opd-verl071-cu128/lib/python3.12/site-packages/torch/cuda/__init__.py:63: FutureWarning: The pynvml package is deprecated. Please install nvidia-ml-py instead. If you did not install pynvml directly, please report this to the maintainers of the package that installed pynvml for you.
[36m(pid=2312672)[0m   import pynvml  # type: ignore[import]
[36m(pid=2312672)[0m /inspire/hdd/global_user/mengweicheng-240108120092/lzy/fc-opd-storage/envs/fc-opd-verl071-cu128/lib/python3.12/site-packages/transformers/utils/hub.py:110: FutureWarning: Using `TRANSFORMERS_CACHE` is deprecated and will be removed in v5 of Transformers. Use `HF_HOME` instead.
[36m(pid=2312672)[0m   warnings.warn(
[36m(_RayStudentScorerActor pid=2312672)[0m `torch_dtype` is deprecated! Use `dtype` instead!
[36m(_RayStudentScorerActor pid=2312672)[0m Loading checkpoint shards:   0%|          | 0/2 [00:00<?, ?it/s]
[36m(_RayStudentScorerActor pid=2312672)[0m Loading checkpoint shards:  50%|█████     | 1/2 [00:02<00:02,  2.64s/it]
[36m(_RayStudentScorerActor pid=2312672)[0m Loading checkpoint shards: 100%|██████████| 2/2 [00:04<00:00,  2.33s/it]Loading checkpoint shards: 100%|██████████| 2/2 [00:04<00:00,  2.37s/it]
[36m(WorkerDict pid=533144)[0m INFO:2026-06-29 14:06:40,318:[Rank 0] Saved model to /inspire/hdd/global_user/mengweicheng-240108120092/lzy/projects/Dual-Track-OPD/checkpoints/verl_fc_opd_overnight/fc_opd_overnight_20260629_130933/global_step_100/actor/model_world_size_2_rank_0.pt
[36m(WorkerDict pid=533144)[0m INFO:2026-06-29 14:06:59,559:[Rank 0] Saved optim to /inspire/hdd/global_user/mengweicheng-240108120092/lzy/projects/Dual-Track-OPD/checkpoints/verl_fc_opd_overnight/fc_opd_overnight_20260629_130933/global_step_100/actor/optim_world_size_2_rank_0.pt
[36m(WorkerDict pid=533144)[0m INFO:2026-06-29 14:06:59,561:[Rank 0] Saved extra_state to /inspire/hdd/global_user/mengweicheng-240108120092/lzy/projects/Dual-Track-OPD/checkpoints/verl_fc_opd_overnight/fc_opd_overnight_20260629_130933/global_step_100/actor/extra_state_world_size_2_rank_0.pt
[36m(WorkerDict pid=533145)[0m INFO:2026-06-29 14:06:40,874:[Rank 1] Saved model to /inspire/hdd/global_user/mengweicheng-240108120092/lzy/projects/Dual-Track-OPD/checkpoints/verl_fc_opd_overnight/fc_opd_overnight_20260629_130933/global_step_100/actor/model_world_size_2_rank_1.pt
[36m(WorkerDict pid=533144)[0m INFO:2026-06-29 14:07:00,097:[Rank 0] Saved model config and tokenizer class to /inspire/hdd/global_user/mengweicheng-240108120092/lzy/projects/Dual-Track-OPD/checkpoints/verl_fc_opd_overnight/fc_opd_overnight_20260629_130933/global_step_100/actor/huggingface
[36m(WorkerDict pid=533144)[0m INFO:2026-06-29 14:07:02,900:update_weights done, time cost: 0.50s
[36m(TaskRunner pid=431148)[0m Training Progress:  50%|█████     | 100/200 [54:04<1:04:47, 38.87s/it]
[36m(pid=2422732)[0m /inspire/hdd/global_user/mengweicheng-240108120092/lzy/fc-opd-storage/envs/fc-opd-verl071-cu128/lib/python3.12/site-packages/torch/cuda/__init__.py:63: FutureWarning: The pynvml package is deprecated. Please install nvidia-ml-py instead. If you did not install pynvml directly, please report this to the maintainers of the package that installed pynvml for you.
[36m(pid=2422732)[0m   import pynvml  # type: ignore[import]
[36m(WorkerDict pid=533145)[0m INFO:2026-06-29 14:07:00,461:[Rank 1] Saved optim to /inspire/hdd/global_user/mengweicheng-240108120092/lzy/projects/Dual-Track-OPD/checkpoints/verl_fc_opd_overnight/fc_opd_overnight_20260629_130933/global_step_100/actor/optim_world_size_2_rank_1.pt
[36m(WorkerDict pid=533145)[0m INFO:2026-06-29 14:07:00,463:[Rank 1] Saved extra_state to /inspire/hdd/global_user/mengweicheng-240108120092/lzy/projects/Dual-Track-OPD/checkpoints/verl_fc_opd_overnight/fc_opd_overnight_20260629_130933/global_step_100/actor/extra_state_world_size_2_rank_1.pt
[36m(pid=2422732)[0m /inspire/hdd/global_user/mengweicheng-240108120092/lzy/fc-opd-storage/envs/fc-opd-verl071-cu128/lib/python3.12/site-packages/transformers/utils/hub.py:110: FutureWarning: Using `TRANSFORMERS_CACHE` is deprecated and will be removed in v5 of Transformers. Use `HF_HOME` instead.
[36m(pid=2422732)[0m   warnings.warn(
[36m(_RayStudentScorerActor pid=2422732)[0m `torch_dtype` is deprecated! Use `dtype` instead!
[36m(_RayStudentScorerActor pid=2422732)[0m Loading checkpoint shards:   0%|          | 0/2 [00:00<?, ?it/s]
[36m(_RayStudentScorerActor pid=2422732)[0m Loading checkpoint shards:  50%|█████     | 1/2 [00:02<00:02,  2.59s/it]
[36m(_RayStudentScorerActor pid=2422732)[0m Loading checkpoint shards: 100%|██████████| 2/2 [00:04<00:00,  2.29s/it]Loading checkpoint shards: 100%|██████████| 2/2 [00:04<00:00,  2.33s/it]
[36m(WorkerDict pid=533144)[0m INFO:2026-06-29 14:07:33,521:update_weights done, time cost: 0.48s

[36m(TaskRunner pid=431148)[0m step:99 - fc_opd/hook_loss:0.31286269426345825 - fc_opd/hook_num_samples:2.0 - fc_opd/hook_active_weight:54.497291564941406 - fc_opd/loss/task_visible:0.4523923993110657 - fc_opd/selection/task_visible:0.010377511382102966 - fc_opd/loss/degraded:0.0 - fc_opd/selection/degraded:0.0 - fc_opd/loss/task_infer:0.6976416110992432 - fc_opd/selection/task_infer:0.01357409730553627 - fc_opd/loss/full:0.12609849870204926 - fc_opd/selection/full:0.04522831737995148 - fc_opd/loss/task_solve:0.41251760721206665 - fc_opd/selection/task_solve:0.02135453373193741 - fc_opd/loss/free:0.0 - fc_opd/selection/free:0.0 - fc_opd/loss/chunk/visible_evidence:0.0 - fc_opd/loss/chunk/diagram_inference:0.0 - fc_opd/loss/chunk/reasoning:0.02832482010126114 - fc_opd/loss/chunk/answer:0.0 - fc_opd/loss/total:0.31286269426345825 - fc_opd/online/loss:0.31286269426345825 - fc_opd/online/num_samples:2.0 - global_seqlen/min:476 - global_seqlen/max:486 - global_seqlen/minmax_diff:10 - global_seqlen/balanced_min:476 - global_seqlen/balanced_max:486 - global_seqlen/mean:481.0 - actor/entropy:0.2942129373550415 - perf/mfu/actor_infer:0 - actor/pg_loss:-0.9999990165233612 - actor/kl_loss:0.0 - actor/fc_opd_loss:0.16182000935077667 - actor/pg_clipfrac:0.0 - actor/ppo_kl:0.0 - actor/pg_clipfrac_lower:0.0 - actor/fc_opd_coef:0.10000000149011612 - actor/fc_opd_active_weight_mean:0.05322001315653324 - actor/grad_norm:6.314465045928955 - perf/mfu/actor:0.02002132864145225 - perf/max_memory_allocated_gb:41.394092082977295 - perf/max_memory_reserved_gb:46.6484375 - perf/cpu_memory_used_gb:134.96506118774414 - actor/lr:1e-06 - training/global_step:99 - training/epoch:98 - critic/score/mean:1.0 - critic/score/max:1.0 - critic/score/min:1.0 - critic/rewards/mean:1.0 - critic/rewards/max:1.0 - critic/rewards/min:1.0 - critic/advantages/mean:0.9999991059303284 - critic/advantages/max:0.9999990463256836 - critic/advantages/min:0.9999990463256836 - critic/returns/mean:0.9999991059303284 - critic/returns/max:0.9999990463256836 - critic/returns/min:0.9999990463256836 - response_length/mean:301.0 - response_length/max:306.0 - response_length/min:296.0 - response_length/clip_ratio:0.0 - response_length_non_aborted/mean:301.0 - response_length_non_aborted/max:306.0 - response_length_non_aborted/min:296.0 - response_length_non_aborted/clip_ratio:0.0 - response/aborted_ratio:0.0 - prompt_length/mean:180.0 - prompt_length/max:180.0 - prompt_length/min:180.0 - prompt_length/clip_ratio:0.0 - num_turns/min:2 - num_turns/max:2 - num_turns/mean:2.0 - timing_s/start_profile:0.00025496818125247955 - timing_s/agent_loop/num_preempted/min:-1 - timing_s/agent_loop/num_preempted/max:-1 - timing_s/agent_loop/num_preempted/mean:-1.0 - timing_s/agent_loop/generate_sequences/min:4.790788784623146 - timing_s/agent_loop/generate_sequences/max:4.9658878948539495 - timing_s/agent_loop/generate_sequences/mean:4.878338339738548 - timing_s/agent_loop/tool_calls/min:0.0 - timing_s/agent_loop/tool_calls/max:0.0 - timing_s/agent_loop/tool_calls/mean:0.0 - timing_s/agent_loop/slowest/generate_sequences:4.9658878948539495 - timing_s/agent_loop/slowest/tool_calls:0.0 - timing_s/agent_loop/slowest/prompt_length:180 - timing_s/agent_loop/slowest/response_length:306 - timing_s/agent_loop/slowest/num_preempted:-1 - timing_s/gen:5.609511267393827 - timing_s/fc_opd:19.774343326687813 - timing_s/reward:2.1694228053092957e-05 - timing_s/old_log_prob:0.18354590609669685 - timing_s/adv:0.00043820030987262726 - timing_s/update_actor:0.652296420186758 - timing_s/update_weights:1.9870037846267223 - timing_s/step:28.210646072402596 - timing_s/stop_profile:5.0337985157966614e-05 - timing_per_token_ms/gen:9.318125028893402 - timing_per_token_ms/adv:0.00045550967762227366 - timing_per_token_ms/update_actor:0.6780628068469419 - perf/total_num_tokens:962 - perf/time_per_step:28.210646072402596 - perf/throughput:17.050300754031436
[36m(TaskRunner pid=431148)[0m local_global_step_folder: /inspire/hdd/global_user/mengweicheng-240108120092/lzy/projects/Dual-Track-OPD/checkpoints/verl_fc_opd_overnight/fc_opd_overnight_20260629_130933/global_step_100
[36m(TaskRunner pid=431148)[0m step:100 - fc_opd/hook_loss:0.3521457314491272 - fc_opd/hook_num_samples:2.0 - fc_opd/hook_active_weight:55.71992874145508 - fc_opd/loss/task_visible:0.6525347232818604 - fc_opd/selection/task_visible:0.009722739458084106 - fc_opd/loss/degraded:0.0 - fc_opd/selection/degraded:0.0 - fc_opd/loss/task_infer:0.8068613409996033 - fc_opd/selection/task_infer:0.014531489461660385 - fc_opd/loss/full:0.159097358584404 - fc_opd/selection/full:0.05193184316158295 - fc_opd/loss/task_solve:0.39097338914871216 - fc_opd/selection/task_solve:0.014914855360984802 - fc_opd/loss/free:0.0 - fc_opd/selection/free:0.0 - fc_opd/loss/chunk/visible_evidence:0.0 - fc_opd/loss/chunk/diagram_inference:0.0 - fc_opd/loss/chunk/reasoning:0.03211158141493797 - fc_opd/loss/chunk/answer:0.0 - fc_opd/loss/total:0.3521457314491272 - fc_opd/online/loss:0.3521457314491272 - fc_opd/online/num_samples:2.0 - global_seqlen/min:451 - global_seqlen/max:520 - global_seqlen/minmax_diff:69 - global_seqlen/balanced_min:451 - global_seqlen/balanced_max:520 - global_seqlen/mean:485.5 - actor/entropy:0.25098636746406555 - perf/mfu/actor_infer:0 - actor/pg_loss:-0.9999991059303284 - actor/kl_loss:0.0 - actor/fc_opd_loss:0.16067838668823242 - actor/pg_clipfrac:0.0 - actor/ppo_kl:0.0 - actor/pg_clipfrac_lower:0.0 - actor/fc_opd_coef:0.10000000149011612 - actor/fc_opd_active_weight_mean:0.054413994774222374 - actor/grad_norm:5.450069427490234 - perf/mfu/actor:0.02004857142199812 - perf/max_memory_allocated_gb:41.394092082977295 - perf/max_memory_reserved_gb:46.6484375 - perf/cpu_memory_used_gb:135.14970016479492 - actor/lr:1e-06 - training/global_step:100 - training/epoch:99 - critic/score/mean:1.0 - critic/score/max:1.0 - critic/score/min:1.0 - critic/rewards/mean:1.0 - critic/rewards/max:1.0 - critic/rewards/min:1.0 - critic/advantages/mean:0.9999991059303284 - critic/advantages/max:0.9999990463256836 - critic/advantages/min:0.9999990463256836 - critic/returns/mean:0.9999991059303284 - critic/returns/max:0.9999990463256836 - critic/returns/min:0.9999990463256836 - response_length/mean:305.5 - response_length/max:340.0 - response_length/min:271.0 - response_length/clip_ratio:0.0 - response_length_non_aborted/mean:305.5 - response_length_non_aborted/max:340.0 - response_length_non_aborted/min:271.0 - response_length_non_aborted/clip_ratio:0.0 - response/aborted_ratio:0.0 - prompt_length/mean:180.0 - prompt_length/max:180.0 - prompt_length/min:180.0 - prompt_length/clip_ratio:0.0 - num_turns/min:2 - num_turns/max:2 - num_turns/mean:2.0 - timing_s/start_profile:0.0002644062042236328 - timing_s/agent_loop/num_preempted/min:-1 - timing_s/agent_loop/num_preempted/max:-1 - timing_s/agent_loop/num_preempted/mean:-1.0 - timing_s/agent_loop/generate_sequences/min:4.406493844464421 - timing_s/agent_loop/generate_sequences/max:5.518241325393319 - timing_s/agent_loop/generate_sequences/mean:4.96236758492887 - timing_s/agent_loop/tool_calls/min:0.0 - timing_s/agent_loop/tool_calls/max:0.0 - timing_s/agent_loop/tool_calls/mean:0.0 - timing_s/agent_loop/slowest/generate_sequences:5.518241325393319 - timing_s/agent_loop/slowest/tool_calls:0.0 - timing_s/agent_loop/slowest/prompt_length:180 - timing_s/agent_loop/slowest/response_length:340 - timing_s/agent_loop/slowest/num_preempted:-1 - timing_s/gen:6.195348242297769 - timing_s/fc_opd:19.7137001324445 - timing_s/reward:2.5624409317970276e-05 - timing_s/old_log_prob:0.17982620000839233 - timing_s/adv:0.000414801761507988 - timing_s/update_actor:0.6579471696168184 - timing_s/save_checkpoint:31.70807104371488 - timing_s/update_weights:2.4653198048472404 - timing_s/step:60.924244828522205 - timing_s/stop_profile:4.75030392408371e-05 - timing_per_token_ms/gen:10.139686157606823 - timing_per_token_ms/adv:0.00042719027961687743 - timing_per_token_ms/update_actor:0.677597497030709 - perf/total_num_tokens:971 - perf/time_per_step:60.924244828522205 - perf/throughput:7.968912891189569
[36m(TaskRunner pid=431148)[0m step:101 - fc_opd/hook_loss:0.32445940375328064 - fc_opd/hook_num_samples:2.0 - fc_opd/hook_active_weight:52.014007568359375 - fc_opd/loss/task_visible:0.6468932628631592 - fc_opd/selection/task_visible:0.011095933616161346 - fc_opd/loss/degraded:0.0 - fc_opd/selection/degraded:0.0 - fc_opd/loss/task_infer:0.6296871900558472 - fc_opd/selection/task_infer:0.012349151074886322 - fc_opd/loss/full:0.1125495582818985 - fc_opd/selection/full:0.04637542739510536 - fc_opd/loss/task_solve:0.46815675497055054 - fc_opd/selection/task_solve:0.01955898478627205 - fc_opd/loss/free:0.0 - fc_opd/selection/free:0.0 - fc_opd/loss/chunk/visible_evidence:0.0 - fc_opd/loss/chunk/diagram_inference:0.0 - fc_opd/loss/chunk/reasoning:0.029011137783527374 - fc_opd/loss/chunk/answer:0.0 - fc_opd/loss/total:0.32445940375328064 - fc_opd/online/loss:0.32445940375328064 - fc_opd/online/num_samples:2.0 - global_seqlen/min:468 - global_seqlen/max:474 - global_seqlen/minmax_diff:6 - global_seqlen/balanced_min:468 - global_seqlen/balanced_max:474 - global_seqlen/mean:471.0 - actor/entropy:0.2970815896987915 - perf/mfu/actor_infer:0 - actor/pg_loss:-0.9999990463256836 - actor/kl_loss:0.0 - actor/fc_opd_loss:0.17688927799463272 - actor/pg_clipfrac:0.0 - actor/ppo_kl:0.0 - actor/pg_clipfrac_lower:0.0 - actor/fc_opd_coef:0.10000000149011612 - actor/fc_opd_active_weight_mean:0.050794925540685654 - actor/grad_norm:5.846099376678467 - perf/mfu/actor:0.017952548635763583 - perf/max_memory_allocated_gb:41.394092082977295 - perf/max_memory_reserved_gb:46.6484375 - perf/cpu_memory_used_gb:135.0339584350586 - actor/lr:1e-06 - training/global_step:101 - training/epoch:100 - critic/score/mean:1.0 - critic/score/max:1.0 - critic/score/min:1.0 - critic/rewards/mean:1.0 - critic/rewards/max:1.0 - critic/rewards/min:1.0 - critic/advantages/mean:0.9999990463256836 - critic/advantages/max:0.9999990463256836 - critic/advantages/min:0.9999990463256836 - critic/returns/mean:0.9999990463256836 - critic/returns/max:0.9999990463256836 - critic/returns/min:0.9999990463256836 - response_length/mean:291.0 - response_length/max:294.0 - response_length/min:288.0 - response_length/clip_ratio:0.0 - response_length_non_aborted/mean:291.0 - response_length_non_aborted/max:294.0 - response_length_non_aborted/min:288.0 - response_length_non_aborted/clip_ratio:0.0 - response/aborted_ratio:0.0 - prompt_length/mean:180.0 - prompt_length/max:180.0 - prompt_length/min:180.0 - prompt_length/clip_ratio:0.0 - num_turns/min:2 - num_turns/max:2 - num_turns/mean:2.0 - timing_s/start_profile:0.00025849975645542145 - timing_s/agent_loop/num_preempted/min:-1 - timing_s/agent_loop/num_preempted/max:-1 - timing_s/agent_loop/num_preempted/mean:-1.0 - timing_s/agent_loop/generate_sequences/min:4.681031910702586 - timing_s/agent_loop/generate_sequences/max:4.80573158338666 - timing_s/agent_loop/generate_sequences/mean:4.743381747044623 - timing_s/agent_loop/tool_calls/min:0.0 - timing_s/agent_loop/tool_calls/max:0.0 - timing_s/agent_loop/tool_calls/mean:0.0 - timing_s/agent_loop/slowest/generate_sequences:4.80573158338666 - timing_s/agent_loop/slowest/tool_calls:0.0 - timing_s/agent_loop/slowest/prompt_length:180 - timing_s/agent_loop/slowest/response_length:294 - timing_s/agent_loop/slowest/num_preempted:-1 - timing_s/gen:5.447471460327506 - timing_s/fc_opd:21.97803035750985 - timing_s/reward:2.5628134608268738e-05 - timing_s/old_log_prob:0.1817655749619007 - timing_s/adv:0.00043792277574539185 - timing_s/update_actor:0.7105272635817528 - timing_s/update_weights:2.009599143639207 - timing_s/step:30.331316255033016 - timing_s/stop_profile:4.9695372581481934e-05 - timing_per_token_ms/gen:9.35991659850087 - timing_per_token_ms/adv:0.00046488617382737987 - timing_per_token_ms/update_actor:0.7542752267322216 - perf/total_num_tokens:942 - perf/time_per_step:30.331316255033016 - perf/throughput:15.528505127826254[36m(TaskRunner pid=431148)[0m Training Progress:  50%|█████     | 101/200 [54:35<1:00:02, 36.39s/it]
[36m(pid=2478097)[0m /inspire/hdd/global_user/mengweicheng-240108120092/lzy/fc-opd-storage/envs/fc-opd-verl071-cu128/lib/python3.12/site-packages/torch/cuda/__init__.py:63: FutureWarning: The pynvml package is deprecated. Please install nvidia-ml-py instead. If you did not install pynvml directly, please report this to the maintainers of the package that installed pynvml for you.
[36m(pid=2478097)[0m   import pynvml  # type: ignore[import]
[36m(pid=2478097)[0m /inspire/hdd/global_user/mengweicheng-240108120092/lzy/fc-opd-storage/envs/fc-opd-verl071-cu128/lib/python3.12/site-packages/transformers/utils/hub.py:110: FutureWarning: Using `TRANSFORMERS_CACHE` is deprecated and will be removed in v5 of Transformers. Use `HF_HOME` instead.
[36m(pid=2478097)[0m   warnings.warn(
[36m(_RayStudentScorerActor pid=2478097)[0m `torch_dtype` is deprecated! Use `dtype` instead!
[36m(_RayStudentScorerActor pid=2478097)[0m Loading checkpoint shards:   0%|          | 0/2 [00:00<?, ?it/s]
[36m(_RayStudentScorerActor pid=2478097)[0m Loading checkpoint shards:  50%|█████     | 1/2 [00:02<00:02,  2.63s/it]
[36m(_RayStudentScorerActor pid=2478097)[0m Loading checkpoint shards: 100%|██████████| 2/2 [00:04<00:00,  2.30s/it]Loading checkpoint shards: 100%|██████████| 2/2 [00:04<00:00,  2.35s/it]
[36m(WorkerDict pid=533144)[0m INFO:2026-06-29 14:08:02,350:update_weights done, time cost: 0.47s
[36m(TaskRunner pid=431148)[0m Training Progress:  51%|█████     | 102/200 [55:03<55:44, 34.12s/it]  
[36m(pid=2538033)[0m /inspire/hdd/global_user/mengweicheng-240108120092/lzy/fc-opd-storage/envs/fc-opd-verl071-cu128/lib/python3.12/site-packages/torch/cuda/__init__.py:63: FutureWarning: The pynvml package is deprecated. Please install nvidia-ml-py instead. If you did not install pynvml directly, please report this to the maintainers of the package that installed pynvml for you.
[36m(pid=2538033)[0m   import pynvml  # type: ignore[import]
[36m(pid=2538033)[0m /inspire/hdd/global_user/mengweicheng-240108120092/lzy/fc-opd-storage/envs/fc-opd-verl071-cu128/lib/python3.12/site-packages/transformers/utils/hub.py:110: FutureWarning: Using `TRANSFORMERS_CACHE` is deprecated and will be removed in v5 of Transformers. Use `HF_HOME` instead.
[36m(pid=2538033)[0m   warnings.warn(
[36m(_RayStudentScorerActor pid=2538033)[0m `torch_dtype` is deprecated! Use `dtype` instead!
[36m(_RayStudentScorerActor pid=2538033)[0m Loading checkpoint shards:   0%|          | 0/2 [00:00<?, ?it/s]
[36m(_RayStudentScorerActor pid=2538033)[0m Loading checkpoint shards:  50%|█████     | 1/2 [00:02<00:02,  2.61s/it]
[36m(_RayStudentScorerActor pid=2538033)[0m Loading checkpoint shards: 100%|██████████| 2/2 [00:04<00:00,  2.34s/it]Loading checkpoint shards: 100%|██████████| 2/2 [00:04<00:00,  2.38s/it]
[36m(WorkerDict pid=533144)[0m INFO:2026-06-29 14:08:30,811:update_weights done, time cost: 0.47s
[36m(TaskRunner pid=431148)[0m Training Progress:  52%|█████▏    | 103/200 [55:32<52:24, 32.42s/it]
[36m(pid=2584395)[0m /inspire/hdd/global_user/mengweicheng-240108120092/lzy/fc-opd-storage/envs/fc-opd-verl071-cu128/lib/python3.12/site-packages/torch/cuda/__init__.py:63: FutureWarning: The pynvml package is deprecated. Please install nvidia-ml-py instead. If you did not install pynvml directly, please report this to the maintainers of the package that installed pynvml for you.
[36m(pid=2584395)[0m   import pynvml  # type: ignore[import]
[36m(pid=2584395)[0m /inspire/hdd/global_user/mengweicheng-240108120092/lzy/fc-opd-storage/envs/fc-opd-verl071-cu128/lib/python3.12/site-packages/transformers/utils/hub.py:110: FutureWarning: Using `TRANSFORMERS_CACHE` is deprecated and will be removed in v5 of Transformers. Use `HF_HOME` instead.
[36m(pid=2584395)[0m   warnings.warn(
[36m(_RayStudentScorerActor pid=2584395)[0m `torch_dtype` is deprecated! Use `dtype` instead!
[36m(_RayStudentScorerActor pid=2584395)[0m Loading checkpoint shards:   0%|          | 0/2 [00:00<?, ?it/s]
[36m(_RayStudentScorerActor pid=2584395)[0m Loading checkpoint shards:  50%|█████     | 1/2 [00:03<00:03,  3.03s/it]
[36m(_RayStudentScorerActor pid=2584395)[0m Loading checkpoint shards: 100%|██████████| 2/2 [00:05<00:00,  2.67s/it]Loading checkpoint shards: 100%|██████████| 2/2 [00:05<00:00,  2.73s/it]
[36m(WorkerDict pid=533144)[0m INFO:2026-06-29 14:09:00,746:update_weights done, time cost: 0.48s

[36m(TaskRunner pid=431148)[0m step:102 - fc_opd/hook_loss:0.31213968992233276 - fc_opd/hook_num_samples:2.0 - fc_opd/hook_active_weight:56.69576644897461 - fc_opd/loss/task_visible:0.6368310451507568 - fc_opd/selection/task_visible:0.012955842539668083 - fc_opd/loss/degraded:0.0 - fc_opd/selection/degraded:0.0 - fc_opd/loss/task_infer:0.5373562574386597 - fc_opd/selection/task_infer:0.012015368789434433 - fc_opd/loss/full:0.14813098311424255 - fc_opd/selection/full:0.04945089668035507 - fc_opd/loss/task_solve:0.3651532530784607 - fc_opd/selection/task_solve:0.017273418605327606 - fc_opd/loss/free:0.0 - fc_opd/selection/free:0.0 - fc_opd/loss/chunk/visible_evidence:0.0 - fc_opd/loss/chunk/diagram_inference:0.0 - fc_opd/loss/chunk/reasoning:0.028577245771884918 - fc_opd/loss/chunk/answer:0.0 - fc_opd/loss/total:0.31213968992233276 - fc_opd/online/loss:0.31213968992233276 - fc_opd/online/num_samples:2.0 - global_seqlen/min:477 - global_seqlen/max:501 - global_seqlen/minmax_diff:24 - global_seqlen/balanced_min:477 - global_seqlen/balanced_max:501 - global_seqlen/mean:489.0 - actor/entropy:0.3207607865333557 - perf/mfu/actor_infer:0 - actor/pg_loss:-0.9999990463256836 - actor/kl_loss:0.0 - actor/fc_opd_loss:0.15458689630031586 - actor/pg_clipfrac:0.0 - actor/ppo_kl:0.0 - actor/pg_clipfrac_lower:0.0 - actor/fc_opd_coef:0.10000000149011612 - actor/fc_opd_active_weight_mean:0.05536695756018162 - actor/grad_norm:6.5883636474609375 - perf/mfu/actor:0.02002723142021524 - perf/max_memory_allocated_gb:41.394092082977295 - perf/max_memory_reserved_gb:46.6484375 - perf/cpu_memory_used_gb:135.1645164489746 - actor/lr:1e-06 - training/global_step:102 - training/epoch:101 - critic/score/mean:1.0 - critic/score/max:1.0 - critic/score/min:1.0 - critic/rewards/mean:1.0 - critic/rewards/max:1.0 - critic/rewards/min:1.0 - critic/advantages/mean:0.9999991059303284 - critic/advantages/max:0.9999990463256836 - critic/advantages/min:0.9999990463256836 - critic/returns/mean:0.9999991059303284 - critic/returns/max:0.9999990463256836 - critic/returns/min:0.9999990463256836 - response_length/mean:309.0 - response_length/max:321.0 - response_length/min:297.0 - response_length/clip_ratio:0.0 - response_length_non_aborted/mean:309.0 - response_length_non_aborted/max:321.0 - response_length_non_aborted/min:297.0 - response_length_non_aborted/clip_ratio:0.0 - response/aborted_ratio:0.0 - prompt_length/mean:180.0 - prompt_length/max:180.0 - prompt_length/min:180.0 - prompt_length/clip_ratio:0.0 - num_turns/min:2 - num_turns/max:2 - num_turns/mean:2.0 - timing_s/start_profile:0.00024428591132164 - timing_s/agent_loop/num_preempted/min:-1 - timing_s/agent_loop/num_preempted/max:-1 - timing_s/agent_loop/num_preempted/mean:-1.0 - timing_s/agent_loop/generate_sequences/min:4.846463721245527 - timing_s/agent_loop/generate_sequences/max:5.2501972410827875 - timing_s/agent_loop/generate_sequences/mean:5.048330481164157 - timing_s/agent_loop/tool_calls/min:0.0 - timing_s/agent_loop/tool_calls/max:0.0 - timing_s/agent_loop/tool_calls/mean:0.0 - timing_s/agent_loop/slowest/generate_sequences:5.2501972410827875 - timing_s/agent_loop/slowest/tool_calls:0.0 - timing_s/agent_loop/slowest/prompt_length:180 - timing_s/agent_loop/slowest/response_length:321 - timing_s/agent_loop/slowest/num_preempted:-1 - timing_s/gen:5.887104660272598 - timing_s/fc_opd:19.89345462806523 - timing_s/reward:2.374313771724701e-05 - timing_s/old_log_prob:0.18539563566446304 - timing_s/adv:0.0004050787538290024 - timing_s/update_actor:0.6600477360188961 - timing_s/update_weights:1.9640914872288704 - timing_s/step:28.59349313750863 - timing_s/stop_profile:4.698894917964935e-05 - timing_per_token_ms/gen:9.526059320829447 - timing_per_token_ms/adv:0.0004141909548353808 - timing_per_token_ms/update_actor:0.6748954356021433 - perf/total_num_tokens:978 - perf/time_per_step:28.59349313750863 - perf/throughput:17.101792972560432
[36m(TaskRunner pid=431148)[0m step:103 - fc_opd/hook_loss:0.26457086205482483 - fc_opd/hook_num_samples:2.0 - fc_opd/hook_active_weight:53.31209182739258 - fc_opd/loss/task_visible:0.4220774173736572 - fc_opd/selection/task_visible:0.010573860257863998 - fc_opd/loss/degraded:0.0 - fc_opd/selection/degraded:0.0 - fc_opd/loss/task_infer:0.6349524259567261 - fc_opd/selection/task_infer:0.013443023897707462 - fc_opd/loss/full:0.09509052336215973 - fc_opd/selection/full:0.050579119473695755 - fc_opd/loss/task_solve:0.375191330909729 - fc_opd/selection/task_solve:0.01710345596075058 - fc_opd/loss/free:0.0 - fc_opd/selection/free:0.0 - fc_opd/loss/chunk/visible_evidence:0.0 - fc_opd/loss/chunk/diagram_inference:0.0 - fc_opd/loss/chunk/reasoning:0.024251841008663177 - fc_opd/loss/chunk/answer:0.0 - fc_opd/loss/total:0.26457086205482483 - fc_opd/online/loss:0.26457086205482483 - fc_opd/online/num_samples:2.0 - global_seqlen/min:434 - global_seqlen/max:507 - global_seqlen/minmax_diff:73 - global_seqlen/balanced_min:434 - global_seqlen/balanced_max:507 - global_seqlen/mean:470.5 - actor/entropy:0.24904413521289825 - perf/mfu/actor_infer:0 - actor/pg_loss:-0.9999990463256836 - actor/kl_loss:0.0 - actor/fc_opd_loss:0.12706131115555763 - actor/pg_clipfrac:0.0 - actor/ppo_kl:0.0 - actor/pg_clipfrac_lower:0.0 - actor/fc_opd_coef:0.10000000149011612 - actor/fc_opd_active_weight_mean:0.052062589675188065 - actor/grad_norm:6.530890941619873 - perf/mfu/actor:0.019036853910781464 - perf/max_memory_allocated_gb:41.394092082977295 - perf/max_memory_reserved_gb:46.6484375 - perf/cpu_memory_used_gb:135.58295059204102 - actor/lr:1e-06 - training/global_step:103 - training/epoch:102 - critic/score/mean:1.0 - critic/score/max:1.0 - critic/score/min:1.0 - critic/rewards/mean:1.0 - critic/rewards/max:1.0 - critic/rewards/min:1.0 - critic/advantages/mean:0.9999990463256836 - critic/advantages/max:0.9999990463256836 - critic/advantages/min:0.9999990463256836 - critic/returns/mean:0.9999990463256836 - critic/returns/max:0.9999990463256836 - critic/returns/min:0.9999990463256836 - response_length/mean:290.5 - response_length/max:327.0 - response_length/min:254.0 - response_length/clip_ratio:0.0 - response_length_non_aborted/mean:290.5 - response_length_non_aborted/max:327.0 - response_length_non_aborted/min:254.0 - response_length_non_aborted/clip_ratio:0.0 - response/aborted_ratio:0.0 - prompt_length/mean:180.0 - prompt_length/max:180.0 - prompt_length/min:180.0 - prompt_length/clip_ratio:0.0 - num_turns/min:2 - num_turns/max:2 - num_turns/mean:2.0 - timing_s/start_profile:0.00025561079382896423 - timing_s/agent_loop/num_preempted/min:-1 - timing_s/agent_loop/num_preempted/max:-1 - timing_s/agent_loop/num_preempted/mean:-1.0 - timing_s/agent_loop/generate_sequences/min:4.148603806272149 - timing_s/agent_loop/generate_sequences/max:5.2317693289369345 - timing_s/agent_loop/generate_sequences/mean:4.690186567604542 - timing_s/agent_loop/tool_calls/min:0.0 - timing_s/agent_loop/tool_calls/max:0.0 - timing_s/agent_loop/tool_calls/mean:0.0 - timing_s/agent_loop/slowest/generate_sequences:5.2317693289369345 - timing_s/agent_loop/slowest/tool_calls:0.0 - timing_s/agent_loop/slowest/prompt_length:180 - timing_s/agent_loop/slowest/response_length:327 - timing_s/agent_loop/slowest/num_preempted:-1 - timing_s/gen:5.862653188407421 - timing_s/fc_opd:19.45242916792631 - timing_s/reward:2.3759901523590088e-05 - timing_s/old_log_prob:0.1887620873749256 - timing_s/adv:0.0004308559000492096 - timing_s/update_actor:0.6713936701416969 - timing_s/update_weights:2.007788462564349 - timing_s/step:28.186479004099965 - timing_s/stop_profile:4.769675433635712e-05 - timing_per_token_ms/gen:10.090625109134976 - timing_per_token_ms/adv:0.0004578702444731239 - timing_per_token_ms/update_actor:0.7134895538168936 - perf/total_num_tokens:941 - perf/time_per_step:28.186479004099965 - perf/throughput:16.69240063406152
[36m(TaskRunner pid=431148)[0m step:104 - fc_opd/hook_loss:0.351794958114624 - fc_opd/hook_num_samples:2.0 - fc_opd/hook_active_weight:55.00312805175781 - fc_opd/loss/task_visible:0.5537377595901489 - fc_opd/selection/task_visible:0.010829295963048935 - fc_opd/loss/degraded:0.0 - fc_opd/selection/degraded:0.0 - fc_opd/loss/task_infer:0.824737548828125 - fc_opd/selection/task_infer:0.012075589038431644 - fc_opd/loss/full:0.1992795467376709 - fc_opd/selection/full:0.046124473214149475 - fc_opd/loss/task_solve:0.3081793189048767 - fc_opd/selection/task_solve:0.02138746902346611 - fc_opd/loss/free:0.0 - fc_opd/selection/free:0.0 - fc_opd/loss/chunk/visible_evidence:0.0 - fc_opd/loss/chunk/diagram_inference:0.0 - fc_opd/loss/chunk/reasoning:0.03180545195937157 - fc_opd/loss/chunk/answer:0.0 - fc_opd/loss/total:0.351794958114624 - fc_opd/online/loss:0.351794958114624 - fc_opd/online/num_samples:2.0 - global_seqlen/min:437 - global_seqlen/max:531 - global_seqlen/minmax_diff:94 - global_seqlen/balanced_min:437 - global_seqlen/balanced_max:531 - global_seqlen/mean:484.0 - actor/entropy:0.28078362345695496 - perf/mfu/actor_infer:0 - actor/pg_loss:-0.9999990463256836 - actor/kl_loss:0.0 - actor/fc_opd_loss:0.18605764210224152 - actor/pg_clipfrac:0.0 - actor/ppo_kl:0.0 - actor/pg_clipfrac_lower:0.0 - actor/fc_opd_coef:0.10000000149011612 - actor/fc_opd_active_weight_mean:0.05371399223804474 - actor/grad_norm:6.689491271972656 - perf/mfu/actor:0.019910453651156367 - perf/max_memory_allocated_gb:41.394092082977295 - perf/max_memory_reserved_gb:46.6484375 - perf/cpu_memory_used_gb:135.7467918395996 - actor/lr:1e-06 - training/global_step:104 - training/epoch:103 - critic/score/mean:1.0 - critic/score/max:1.0 - critic/score/min:1.0 - critic/rewards/mean:1.0 - critic/rewards/max:1.0 - critic/rewards/min:1.0 - critic/advantages/mean:0.9999991059303284 - critic/advantages/max:0.9999990463256836 - critic/advantages/min:0.9999990463256836 - critic/returns/mean:0.9999991059303284 - critic/returns/max:0.9999990463256836 - critic/returns/min:0.9999990463256836 - response_length/mean:304.0 - response_length/max:351.0 - response_length/min:257.0 - response_length/clip_ratio:0.0 - response_length_non_aborted/mean:304.0 - response_length_non_aborted/max:351.0 - response_length_non_aborted/min:257.0 - response_length_non_aborted/clip_ratio:0.0 - response/aborted_ratio:0.0 - prompt_length/mean:180.0 - prompt_length/max:180.0 - prompt_length/min:180.0 - prompt_length/clip_ratio:0.0 - num_turns/min:2 - num_turns/max:2 - num_turns/mean:2.0 - timing_s/start_profile:0.0002480931580066681 - timing_s/agent_loop/num_preempted/min:-1 - timing_s/agent_loop/num_preempted/max:-1 - timing_s/agent_loop/num_preempted/mean:-1.0 - timing_s/agent_loop/generate_sequences/min:4.14899861253798 - timing_s/agent_loop/generate_sequences/max:5.746598156169057 - timing_s/agent_loop/generate_sequences/mean:4.9477983843535185 - timing_s/agent_loop/tool_calls/min:0.0 - timing_s/agent_loop/tool_calls/max:0.0 - timing_s/agent_loop/tool_calls/mean:0.0 - timing_s/agent_loop/slowest/generate_sequences:5.746598156169057 - timing_s/agent_loop/slowest/tool_calls:0.0 - timing_s/agent_loop/slowest/prompt_length:180 - timing_s/agent_loop/slowest/response_length:351 - timing_s/agent_loop/slowest/num_preempted:-1 - timing_s/gen:6.410939369350672 - timing_s/fc_opd:20.449360992759466 - timing_s/reward:2.0895153284072876e-05 - timing_s/old_log_prob:0.19295800104737282 - timing_s/adv:0.00042602233588695526 - timing_s/update_actor:0.6591338533908129 - timing_s/update_weights:2.013895994052291 - timing_s/step:29.72974201850593 - timing_s/stop_profile:6.064027547836304e-05 - timing_per_token_ms/gen:10.544308173274132 - timing_per_token_ms/adv:0.0004401057188914827 - timing_per_token_ms/update_actor:0.6809234022632364 - perf/total_num_tokens:968 - perf/time_per_step:29.72974201850593 - perf/throughput:16.279993270668935[36m(TaskRunner pid=431148)[0m Training Progress:  52%|█████▏    | 104/200 [56:02<50:41, 31.69s/it]
[36m(pid=2644327)[0m /inspire/hdd/global_user/mengweicheng-240108120092/lzy/fc-opd-storage/envs/fc-opd-verl071-cu128/lib/python3.12/site-packages/torch/cuda/__init__.py:63: FutureWarning: The pynvml package is deprecated. Please install nvidia-ml-py instead. If you did not install pynvml directly, please report this to the maintainers of the package that installed pynvml for you.
[36m(pid=2644327)[0m   import pynvml  # type: ignore[import]
[36m(pid=2644327)[0m /inspire/hdd/global_user/mengweicheng-240108120092/lzy/fc-opd-storage/envs/fc-opd-verl071-cu128/lib/python3.12/site-packages/transformers/utils/hub.py:110: FutureWarning: Using `TRANSFORMERS_CACHE` is deprecated and will be removed in v5 of Transformers. Use `HF_HOME` instead.
[36m(pid=2644327)[0m   warnings.warn(
[36m(_RayStudentScorerActor pid=2644327)[0m `torch_dtype` is deprecated! Use `dtype` instead!
[36m(_RayStudentScorerActor pid=2644327)[0m Loading checkpoint shards:   0%|          | 0/2 [00:00<?, ?it/s]
[36m(_RayStudentScorerActor pid=2644327)[0m Loading checkpoint shards:  50%|█████     | 1/2 [00:03<00:03,  3.07s/it]
[36m(_RayStudentScorerActor pid=2644327)[0m Loading checkpoint shards: 100%|██████████| 2/2 [00:05<00:00,  2.69s/it]Loading checkpoint shards: 100%|██████████| 2/2 [00:05<00:00,  2.75s/it]
[36m(WorkerDict pid=533144)[0m INFO:2026-06-29 14:09:29,304:update_weights done, time cost: 0.50s
[36m(TaskRunner pid=431148)[0m Training Progress:  52%|█████▎    | 105/200 [56:30<48:41, 30.75s/it]
[36m(pid=2690055)[0m /inspire/hdd/global_user/mengweicheng-240108120092/lzy/fc-opd-storage/envs/fc-opd-verl071-cu128/lib/python3.12/site-packages/torch/cuda/__init__.py:63: FutureWarning: The pynvml package is deprecated. Please install nvidia-ml-py instead. If you did not install pynvml directly, please report this to the maintainers of the package that installed pynvml for you.
[36m(pid=2690055)[0m   import pynvml  # type: ignore[import]
[36m(pid=2690055)[0m /inspire/hdd/global_user/mengweicheng-240108120092/lzy/fc-opd-storage/envs/fc-opd-verl071-cu128/lib/python3.12/site-packages/transformers/utils/hub.py:110: FutureWarning: Using `TRANSFORMERS_CACHE` is deprecated and will be removed in v5 of Transformers. Use `HF_HOME` instead.
[36m(pid=2690055)[0m   warnings.warn(
[36m(_RayStudentScorerActor pid=2690055)[0m `torch_dtype` is deprecated! Use `dtype` instead!
[36m(_RayStudentScorerActor pid=2690055)[0m Loading checkpoint shards:   0%|          | 0/2 [00:00<?, ?it/s]
[36m(_RayStudentScorerActor pid=2690055)[0m Loading checkpoint shards:  50%|█████     | 1/2 [00:03<00:03,  3.07s/it]
[36m(_RayStudentScorerActor pid=2690055)[0m Loading checkpoint shards: 100%|██████████| 2/2 [00:05<00:00,  2.69s/it]Loading checkpoint shards: 100%|██████████| 2/2 [00:05<00:00,  2.75s/it]
[36m(WorkerDict pid=533144)[0m INFO:2026-06-29 14:09:58,630:update_weights done, time cost: 0.46s
[36m(TaskRunner pid=431148)[0m Training Progress:  53%|█████▎    | 106/200 [57:00<47:28, 30.31s/it]
[36m(pid=2744268)[0m /inspire/hdd/global_user/mengweicheng-240108120092/lzy/fc-opd-storage/envs/fc-opd-verl071-cu128/lib/python3.12/site-packages/torch/cuda/__init__.py:63: FutureWarning: The pynvml package is deprecated. Please install nvidia-ml-py instead. If you did not install pynvml directly, please report this to the maintainers of the package that installed pynvml for you.
[36m(pid=2744268)[0m   import pynvml  # type: ignore[import]
[36m(pid=2744268)[0m /inspire/hdd/global_user/mengweicheng-240108120092/lzy/fc-opd-storage/envs/fc-opd-verl071-cu128/lib/python3.12/site-packages/transformers/utils/hub.py:110: FutureWarning: Using `TRANSFORMERS_CACHE` is deprecated and will be removed in v5 of Transformers. Use `HF_HOME` instead.
[36m(pid=2744268)[0m   warnings.warn(
[36m(_RayStudentScorerActor pid=2744268)[0m `torch_dtype` is deprecated! Use `dtype` instead!
[36m(_RayStudentScorerActor pid=2744268)[0m Loading checkpoint shards:   0%|          | 0/2 [00:00<?, ?it/s]
[36m(_RayStudentScorerActor pid=2744268)[0m Loading checkpoint shards:  50%|█████     | 1/2 [00:02<00:02,  2.64s/it]
[36m(_RayStudentScorerActor pid=2744268)[0m Loading checkpoint shards: 100%|██████████| 2/2 [00:04<00:00,  2.31s/it]Loading checkpoint shards: 100%|██████████| 2/2 [00:04<00:00,  2.36s/it]
[36m(WorkerDict pid=533144)[0m INFO:2026-06-29 14:10:27,418:update_weights done, time cost: 0.49s

[36m(TaskRunner pid=431148)[0m step:105 - fc_opd/hook_loss:0.3045746684074402 - fc_opd/hook_num_samples:2.0 - fc_opd/hook_active_weight:51.98475646972656 - fc_opd/loss/task_visible:0.7092034816741943 - fc_opd/selection/task_visible:0.009039415046572685 - fc_opd/loss/degraded:0.0 - fc_opd/selection/degraded:0.0 - fc_opd/loss/task_infer:0.40858548879623413 - fc_opd/selection/task_infer:0.012636519968509674 - fc_opd/loss/full:0.1500648707151413 - fc_opd/selection/full:0.05026497691869736 - fc_opd/loss/task_solve:0.4558323621749878 - fc_opd/selection/task_solve:0.018783612176775932 - fc_opd/loss/free:0.0 - fc_opd/selection/free:0.0 - fc_opd/loss/chunk/visible_evidence:0.0 - fc_opd/loss/chunk/diagram_inference:0.0 - fc_opd/loss/chunk/reasoning:0.027638029307127 - fc_opd/loss/chunk/answer:0.0 - fc_opd/loss/total:0.3045746684074402 - fc_opd/online/loss:0.3045746684074402 - fc_opd/online/num_samples:2.0 - global_seqlen/min:466 - global_seqlen/max:467 - global_seqlen/minmax_diff:1 - global_seqlen/balanced_min:466 - global_seqlen/balanced_max:467 - global_seqlen/mean:466.5 - actor/entropy:0.2352348417043686 - perf/mfu/actor_infer:0 - actor/pg_loss:-0.9999990463256836 - actor/kl_loss:0.0 - actor/fc_opd_loss:0.12307872623205185 - actor/pg_clipfrac:0.0 - actor/ppo_kl:0.0 - actor/pg_clipfrac_lower:0.0 - actor/fc_opd_coef:0.10000000149011612 - actor/fc_opd_active_weight_mean:0.0507663618773222 - actor/grad_norm:5.817103385925293 - perf/mfu/actor:0.019433506533248303 - perf/max_memory_allocated_gb:41.394092082977295 - perf/max_memory_reserved_gb:46.6484375 - perf/cpu_memory_used_gb:134.95691299438477 - actor/lr:1e-06 - training/global_step:105 - training/epoch:104 - critic/score/mean:1.0 - critic/score/max:1.0 - critic/score/min:1.0 - critic/rewards/mean:1.0 - critic/rewards/max:1.0 - critic/rewards/min:1.0 - critic/advantages/mean:0.9999991655349731 - critic/advantages/max:0.9999990463256836 - critic/advantages/min:0.9999990463256836 - critic/returns/mean:0.9999991655349731 - critic/returns/max:0.9999990463256836 - critic/returns/min:0.9999990463256836 - response_length/mean:286.5 - response_length/max:287.0 - response_length/min:286.0 - response_length/clip_ratio:0.0 - response_length_non_aborted/mean:286.5 - response_length_non_aborted/max:287.0 - response_length_non_aborted/min:286.0 - response_length_non_aborted/clip_ratio:0.0 - response/aborted_ratio:0.0 - prompt_length/mean:180.0 - prompt_length/max:180.0 - prompt_length/min:180.0 - prompt_length/clip_ratio:0.0 - num_turns/min:2 - num_turns/max:2 - num_turns/mean:2.0 - timing_s/start_profile:0.00025920383632183075 - timing_s/agent_loop/num_preempted/min:-1 - timing_s/agent_loop/num_preempted/max:-1 - timing_s/agent_loop/num_preempted/mean:-1.0 - timing_s/agent_loop/generate_sequences/min:4.6237300001084805 - timing_s/agent_loop/generate_sequences/max:4.69501412473619 - timing_s/agent_loop/generate_sequences/mean:4.659372062422335 - timing_s/agent_loop/tool_calls/min:0.0 - timing_s/agent_loop/tool_calls/max:0.0 - timing_s/agent_loop/tool_calls/mean:0.0 - timing_s/agent_loop/slowest/generate_sequences:4.69501412473619 - timing_s/agent_loop/slowest/tool_calls:0.0 - timing_s/agent_loop/slowest/prompt_length:180 - timing_s/agent_loop/slowest/response_length:286 - timing_s/agent_loop/slowest/num_preempted:-1 - timing_s/gen:5.351185856387019 - timing_s/fc_opd:20.01602541282773 - timing_s/reward:2.067163586616516e-05 - timing_s/old_log_prob:0.17853678949177265 - timing_s/adv:0.00044957175850868225 - timing_s/update_actor:0.6522830910980701 - timing_s/update_weights:2.115790283307433 - timing_s/step:28.317288799211383 - timing_s/stop_profile:4.612281918525696e-05 - timing_per_token_ms/gen:9.338893292123943 - timing_per_token_ms/adv:0.0004818561184444611 - timing_per_token_ms/update_actor:0.6991244277578458 - perf/total_num_tokens:933 - perf/time_per_step:28.317288799211383 - perf/throughput:16.474034760453186
[36m(TaskRunner pid=431148)[0m step:106 - fc_opd/hook_loss:0.2686520218849182 - fc_opd/hook_num_samples:2.0 - fc_opd/hook_active_weight:55.16806411743164 - fc_opd/loss/task_visible:0.5264076590538025 - fc_opd/selection/task_visible:0.011651757173240185 - fc_opd/loss/degraded:0.0 - fc_opd/selection/degraded:0.0 - fc_opd/loss/task_infer:0.5785326957702637 - fc_opd/selection/task_infer:0.012631524354219437 - fc_opd/loss/full:0.1127796322107315 - fc_opd/selection/full:0.04900439828634262 - fc_opd/loss/task_solve:0.3114626407623291 - fc_opd/selection/task_solve:0.018660061061382294 - fc_opd/loss/free:0.0 - fc_opd/selection/free:0.0 - fc_opd/loss/chunk/visible_evidence:0.0 - fc_opd/loss/chunk/diagram_inference:0.0 - fc_opd/loss/chunk/reasoning:0.024707172065973282 - fc_opd/loss/chunk/answer:0.0 - fc_opd/loss/total:0.2686520218849182 - fc_opd/online/loss:0.2686520218849182 - fc_opd/online/num_samples:2.0 - global_seqlen/min:478 - global_seqlen/max:482 - global_seqlen/minmax_diff:4 - global_seqlen/balanced_min:478 - global_seqlen/balanced_max:482 - global_seqlen/mean:480.0 - actor/entropy:0.25640442967414856 - perf/mfu/actor_infer:0 - actor/pg_loss:-0.9999990463256836 - actor/kl_loss:0.0 - actor/fc_opd_loss:0.1285327635705471 - actor/pg_clipfrac:0.0 - actor/ppo_kl:0.0 - actor/pg_clipfrac_lower:0.0 - actor/fc_opd_coef:0.10000000149011612 - actor/fc_opd_active_weight_mean:0.05387506261467934 - actor/grad_norm:5.140921592712402 - perf/mfu/actor:0.02020961582610401 - perf/max_memory_allocated_gb:41.394092082977295 - perf/max_memory_reserved_gb:46.6484375 - perf/cpu_memory_used_gb:136.0824489593506 - actor/lr:1e-06 - training/global_step:106 - training/epoch:105 - critic/score/mean:1.0 - critic/score/max:1.0 - critic/score/min:1.0 - critic/rewards/mean:1.0 - critic/rewards/max:1.0 - critic/rewards/min:1.0 - critic/advantages/mean:0.9999991059303284 - critic/advantages/max:0.9999990463256836 - critic/advantages/min:0.9999990463256836 - critic/returns/mean:0.9999991059303284 - critic/returns/max:0.9999990463256836 - critic/returns/min:0.9999990463256836 - response_length/mean:300.0 - response_length/max:302.0 - response_length/min:298.0 - response_length/clip_ratio:0.0 - response_length_non_aborted/mean:300.0 - response_length_non_aborted/max:302.0 - response_length_non_aborted/min:298.0 - response_length_non_aborted/clip_ratio:0.0 - response/aborted_ratio:0.0 - prompt_length/mean:180.0 - prompt_length/max:180.0 - prompt_length/min:180.0 - prompt_length/clip_ratio:0.0 - num_turns/min:2 - num_turns/max:2 - num_turns/mean:2.0 - timing_s/start_profile:0.0002482552081346512 - timing_s/agent_loop/num_preempted/min:-1 - timing_s/agent_loop/num_preempted/max:-1 - timing_s/agent_loop/num_preempted/mean:-1.0 - timing_s/agent_loop/generate_sequences/min:4.770258728414774 - timing_s/agent_loop/generate_sequences/max:4.933127500116825 - timing_s/agent_loop/generate_sequences/mean:4.8516931142657995 - timing_s/agent_loop/tool_calls/min:0.0 - timing_s/agent_loop/tool_calls/max:0.0 - timing_s/agent_loop/tool_calls/mean:0.0 - timing_s/agent_loop/slowest/generate_sequences:4.933127500116825 - timing_s/agent_loop/slowest/tool_calls:0.0 - timing_s/agent_loop/slowest/prompt_length:180 - timing_s/agent_loop/slowest/response_length:302 - timing_s/agent_loop/slowest/num_preempted:-1 - timing_s/gen:5.580973157659173 - timing_s/fc_opd:20.49061055108905 - timing_s/reward:2.876482903957367e-05 - timing_s/old_log_prob:0.19104215130209923 - timing_s/adv:0.00044285133481025696 - timing_s/update_actor:0.6472759488970041 - timing_s/update_weights:2.1095216758549213 - timing_s/step:29.023275604471564 - timing_s/stop_profile:4.836916923522949e-05 - timing_per_token_ms/gen:9.301621929431954 - timing_per_token_ms/adv:0.0004613034737606843 - timing_per_token_ms/update_actor:0.674245780101046 - perf/total_num_tokens:960 - perf/time_per_step:29.023275604471564 - perf/throughput:16.53845026114307
[36m(TaskRunner pid=431148)[0m step:107 - fc_opd/hook_loss:0.2865234613418579 - fc_opd/hook_num_samples:2.0 - fc_opd/hook_active_weight:53.66983413696289 - fc_opd/loss/task_visible:0.44206735491752625 - fc_opd/selection/task_visible:0.011841201223433018 - fc_opd/loss/degraded:0.0 - fc_opd/selection/degraded:0.0 - fc_opd/loss/task_infer:0.5463440418243408 - fc_opd/selection/task_infer:0.01282271184027195 - fc_opd/loss/full:0.10282613337039948 - fc_opd/selection/full:0.0494508221745491 - fc_opd/loss/task_solve:0.5171786546707153 - fc_opd/selection/task_solve:0.01755509525537491 - fc_opd/loss/free:0.0 - fc_opd/selection/free:0.0 - fc_opd/loss/chunk/visible_evidence:0.0 - fc_opd/loss/chunk/diagram_inference:0.0 - fc_opd/loss/chunk/reasoning:0.026279494166374207 - fc_opd/loss/chunk/answer:0.0 - fc_opd/loss/total:0.2865234613418579 - fc_opd/online/loss:0.2865234613418579 - fc_opd/online/num_samples:2.0 - global_seqlen/min:446 - global_seqlen/max:499 - global_seqlen/minmax_diff:53 - global_seqlen/balanced_min:446 - global_seqlen/balanced_max:499 - global_seqlen/mean:472.5 - actor/entropy:0.29304420948028564 - perf/mfu/actor_infer:0 - actor/pg_loss:-0.999999076128006 - actor/kl_loss:0.0 - actor/fc_opd_loss:0.13754597678780556 - actor/pg_clipfrac:0.0 - actor/ppo_kl:0.0 - actor/pg_clipfrac_lower:0.0 - actor/fc_opd_coef:0.10000000149011612 - actor/fc_opd_active_weight_mean:0.05241194739937782 - actor/grad_norm:6.190540313720703 - perf/mfu/actor:0.014603808376087865 - perf/max_memory_allocated_gb:41.394092082977295 - perf/max_memory_reserved_gb:46.6484375 - perf/cpu_memory_used_gb:134.9213752746582 - actor/lr:1e-06 - training/global_step:107 - training/epoch:106 - critic/score/mean:1.0 - critic/score/max:1.0 - critic/score/min:1.0 - critic/rewards/mean:1.0 - critic/rewards/max:1.0 - critic/rewards/min:1.0 - critic/advantages/mean:0.9999990463256836 - critic/advantages/max:0.9999990463256836 - critic/advantages/min:0.9999990463256836 - critic/returns/mean:0.9999990463256836 - critic/returns/max:0.9999990463256836 - critic/returns/min:0.9999990463256836 - response_length/mean:292.5 - response_length/max:319.0 - response_length/min:266.0 - response_length/clip_ratio:0.0 - response_length_non_aborted/mean:292.5 - response_length_non_aborted/max:319.0 - response_length_non_aborted/min:266.0 - response_length_non_aborted/clip_ratio:0.0 - response/aborted_ratio:0.0 - prompt_length/mean:180.0 - prompt_length/max:180.0 - prompt_length/min:180.0 - prompt_length/clip_ratio:0.0 - num_turns/min:2 - num_turns/max:2 - num_turns/mean:2.0 - timing_s/start_profile:0.00026465393602848053 - timing_s/agent_loop/num_preempted/min:-1 - timing_s/agent_loop/num_preempted/max:-1 - timing_s/agent_loop/num_preempted/mean:-1.0 - timing_s/agent_loop/generate_sequences/min:4.347230138257146 - timing_s/agent_loop/generate_sequences/max:5.123663356527686 - timing_s/agent_loop/generate_sequences/mean:4.735446747392416 - timing_s/agent_loop/tool_calls/min:0.0 - timing_s/agent_loop/tool_calls/max:0.0 - timing_s/agent_loop/tool_calls/mean:0.0 - timing_s/agent_loop/slowest/generate_sequences:5.123663356527686 - timing_s/agent_loop/slowest/tool_calls:0.0 - timing_s/agent_loop/slowest/prompt_length:180 - timing_s/agent_loop/slowest/response_length:319 - timing_s/agent_loop/slowest/num_preempted:-1 - timing_s/gen:5.759901728481054 - timing_s/fc_opd:19.538493374362588 - timing_s/reward:3.219582140445709e-05 - timing_s/old_log_prob:0.2247136142104864 - timing_s/adv:0.00043763965368270874 - timing_s/update_actor:0.8731793221086264 - timing_s/update_weights:2.1433092281222343 - timing_s/step:28.54314105398953 - timing_s/stop_profile:4.659779369831085e-05 - timing_per_token_ms/gen:9.845985860651375 - timing_per_token_ms/adv:0.000463110744637787 - timing_per_token_ms/update_actor:0.923999282654631 - perf/total_num_tokens:945 - perf/time_per_step:28.54314105398953 - perf/throughput:16.553889395223297[36m(TaskRunner pid=431148)[0m Training Progress:  54%|█████▎    | 107/200 [57:28<46:16, 29.85s/it]
[36m(pid=2802298)[0m /inspire/hdd/global_user/mengweicheng-240108120092/lzy/fc-opd-storage/envs/fc-opd-verl071-cu128/lib/python3.12/site-packages/torch/cuda/__init__.py:63: FutureWarning: The pynvml package is deprecated. Please install nvidia-ml-py instead. If you did not install pynvml directly, please report this to the maintainers of the package that installed pynvml for you.
[36m(pid=2802298)[0m   import pynvml  # type: ignore[import]
[36m(pid=2802298)[0m /inspire/hdd/global_user/mengweicheng-240108120092/lzy/fc-opd-storage/envs/fc-opd-verl071-cu128/lib/python3.12/site-packages/transformers/utils/hub.py:110: FutureWarning: Using `TRANSFORMERS_CACHE` is deprecated and will be removed in v5 of Transformers. Use `HF_HOME` instead.
[36m(pid=2802298)[0m   warnings.warn(
[36m(_RayStudentScorerActor pid=2802298)[0m `torch_dtype` is deprecated! Use `dtype` instead!
[36m(_RayStudentScorerActor pid=2802298)[0m Loading checkpoint shards:   0%|          | 0/2 [00:00<?, ?it/s]
[36m(_RayStudentScorerActor pid=2802298)[0m Loading checkpoint shards:  50%|█████     | 1/2 [00:02<00:02,  2.63s/it]
[36m(_RayStudentScorerActor pid=2802298)[0m Loading checkpoint shards: 100%|██████████| 2/2 [00:04<00:00,  2.32s/it]Loading checkpoint shards: 100%|██████████| 2/2 [00:04<00:00,  2.37s/it]
[36m(WorkerDict pid=533144)[0m INFO:2026-06-29 14:10:56,518:update_weights done, time cost: 0.53s
[36m(TaskRunner pid=431148)[0m Training Progress:  54%|█████▍    | 108/200 [57:57<45:24, 29.61s/it]
[36m(pid=2848360)[0m /inspire/hdd/global_user/mengweicheng-240108120092/lzy/fc-opd-storage/envs/fc-opd-verl071-cu128/lib/python3.12/site-packages/torch/cuda/__init__.py:63: FutureWarning: The pynvml package is deprecated. Please install nvidia-ml-py instead. If you did not install pynvml directly, please report this to the maintainers of the package that installed pynvml for you.
[36m(pid=2848360)[0m   import pynvml  # type: ignore[import]
[36m(pid=2848360)[0m /inspire/hdd/global_user/mengweicheng-240108120092/lzy/fc-opd-storage/envs/fc-opd-verl071-cu128/lib/python3.12/site-packages/transformers/utils/hub.py:110: FutureWarning: Using `TRANSFORMERS_CACHE` is deprecated and will be removed in v5 of Transformers. Use `HF_HOME` instead.
[36m(pid=2848360)[0m   warnings.warn(
[36m(_RayStudentScorerActor pid=2848360)[0m `torch_dtype` is deprecated! Use `dtype` instead!
[36m(_RayStudentScorerActor pid=2848360)[0m Loading checkpoint shards:   0%|          | 0/2 [00:00<?, ?it/s]
[36m(_RayStudentScorerActor pid=2848360)[0m Loading checkpoint shards:  50%|█████     | 1/2 [00:02<00:02,  2.62s/it]
[36m(_RayStudentScorerActor pid=2848360)[0m Loading checkpoint shards: 100%|██████████| 2/2 [00:04<00:00,  2.32s/it]Loading checkpoint shards: 100%|██████████| 2/2 [00:04<00:00,  2.36s/it]
[36m(WorkerDict pid=533144)[0m INFO:2026-06-29 14:11:25,520:update_weights done, time cost: 0.46s
[36m(TaskRunner pid=431148)[0m Training Progress:  55%|█████▍    | 109/200 [58:27<44:40, 29.46s/it]
[36m(pid=2910194)[0m /inspire/hdd/global_user/mengweicheng-240108120092/lzy/fc-opd-storage/envs/fc-opd-verl071-cu128/lib/python3.12/site-packages/torch/cuda/__init__.py:63: FutureWarning: The pynvml package is deprecated. Please install nvidia-ml-py instead. If you did not install pynvml directly, please report this to the maintainers of the package that installed pynvml for you.
[36m(pid=2910194)[0m   import pynvml  # type: ignore[import]
[36m(pid=2910194)[0m /inspire/hdd/global_user/mengweicheng-240108120092/lzy/fc-opd-storage/envs/fc-opd-verl071-cu128/lib/python3.12/site-packages/transformers/utils/hub.py:110: FutureWarning: Using `TRANSFORMERS_CACHE` is deprecated and will be removed in v5 of Transformers. Use `HF_HOME` instead.
[36m(pid=2910194)[0m   warnings.warn(
[36m(_RayStudentScorerActor pid=2910194)[0m `torch_dtype` is deprecated! Use `dtype` instead!
[36m(_RayStudentScorerActor pid=2910194)[0m Loading checkpoint shards:   0%|          | 0/2 [00:00<?, ?it/s]
[36m(_RayStudentScorerActor pid=2910194)[0m Loading checkpoint shards:  50%|█████     | 1/2 [00:02<00:02,  2.63s/it]
[36m(_RayStudentScorerActor pid=2910194)[0m Loading checkpoint shards: 100%|██████████| 2/2 [00:04<00:00,  2.32s/it]Loading checkpoint shards: 100%|██████████| 2/2 [00:04<00:00,  2.37s/it]
[36m(WorkerDict pid=533144)[0m INFO:2026-06-29 14:11:56,633:update_weights done, time cost: 0.55s

[36m(TaskRunner pid=431148)[0m step:108 - fc_opd/hook_loss:0.34632474184036255 - fc_opd/hook_num_samples:2.0 - fc_opd/hook_active_weight:57.09965515136719 - fc_opd/loss/task_visible:0.357602596282959 - fc_opd/selection/task_visible:0.01150098629295826 - fc_opd/loss/degraded:0.0 - fc_opd/selection/degraded:0.0 - fc_opd/loss/task_infer:1.0161105394363403 - fc_opd/selection/task_infer:0.013370342552661896 - fc_opd/loss/full:0.1427125334739685 - fc_opd/selection/full:0.050061844289302826 - fc_opd/loss/task_solve:0.40108349919319153 - fc_opd/selection/task_solve:0.01633819006383419 - fc_opd/loss/free:0.0 - fc_opd/selection/free:0.0 - fc_opd/loss/chunk/visible_evidence:0.0 - fc_opd/loss/chunk/diagram_inference:0.0 - fc_opd/loss/chunk/reasoning:0.03163550794124603 - fc_opd/loss/chunk/answer:0.0 - fc_opd/loss/total:0.34632474184036255 - fc_opd/online/loss:0.34632474184036255 - fc_opd/online/num_samples:2.0 - global_seqlen/min:481 - global_seqlen/max:505 - global_seqlen/minmax_diff:24 - global_seqlen/balanced_min:481 - global_seqlen/balanced_max:505 - global_seqlen/mean:493.0 - actor/entropy:0.2614695429801941 - perf/mfu/actor_infer:0 - actor/pg_loss:-0.9999990165233612 - actor/kl_loss:0.0 - actor/fc_opd_loss:0.15238432586193085 - actor/pg_clipfrac:0.0 - actor/ppo_kl:0.0 - actor/pg_clipfrac_lower:0.0 - actor/fc_opd_coef:0.10000000149011612 - actor/fc_opd_active_weight_mean:0.05576138384640217 - actor/grad_norm:6.018352508544922 - perf/mfu/actor:0.01933621862419021 - perf/max_memory_allocated_gb:41.394092082977295 - perf/max_memory_reserved_gb:46.6484375 - perf/cpu_memory_used_gb:135.39258575439453 - actor/lr:1e-06 - training/global_step:108 - training/epoch:107 - critic/score/mean:1.0 - critic/score/max:1.0 - critic/score/min:1.0 - critic/rewards/mean:1.0 - critic/rewards/max:1.0 - critic/rewards/min:1.0 - critic/advantages/mean:0.9999991059303284 - critic/advantages/max:0.9999990463256836 - critic/advantages/min:0.9999990463256836 - critic/returns/mean:0.9999991059303284 - critic/returns/max:0.9999990463256836 - critic/returns/min:0.9999990463256836 - response_length/mean:313.0 - response_length/max:325.0 - response_length/min:301.0 - response_length/clip_ratio:0.0 - response_length_non_aborted/mean:313.0 - response_length_non_aborted/max:325.0 - response_length_non_aborted/min:301.0 - response_length_non_aborted/clip_ratio:0.0 - response/aborted_ratio:0.0 - prompt_length/mean:180.0 - prompt_length/max:180.0 - prompt_length/min:180.0 - prompt_length/clip_ratio:0.0 - num_turns/min:2 - num_turns/max:2 - num_turns/mean:2.0 - timing_s/start_profile:0.00025189854204654694 - timing_s/agent_loop/num_preempted/min:-1 - timing_s/agent_loop/num_preempted/max:-1 - timing_s/agent_loop/num_preempted/mean:-1.0 - timing_s/agent_loop/generate_sequences/min:4.849233988672495 - timing_s/agent_loop/generate_sequences/max:5.227306632325053 - timing_s/agent_loop/generate_sequences/mean:5.038270310498774 - timing_s/agent_loop/tool_calls/min:0.0 - timing_s/agent_loop/tool_calls/max:0.0 - timing_s/agent_loop/tool_calls/mean:0.0 - timing_s/agent_loop/slowest/generate_sequences:5.227306632325053 - timing_s/agent_loop/slowest/tool_calls:0.0 - timing_s/agent_loop/slowest/prompt_length:180 - timing_s/agent_loop/slowest/response_length:325 - timing_s/agent_loop/slowest/num_preempted:-1 - timing_s/gen:5.887768475338817 - timing_s/fc_opd:20.049655785784125 - timing_s/reward:2.4745240807533264e-05 - timing_s/old_log_prob:0.18052908219397068 - timing_s/adv:0.0003997255116701126 - timing_s/update_actor:0.6898712124675512 - timing_s/update_weights:2.0069122463464737 - timing_s/step:28.818391725420952 - timing_s/stop_profile:4.5221298933029175e-05 - timing_per_token_ms/gen:9.405380951020474 - timing_per_token_ms/adv:0.00040540112745447525 - timing_per_token_ms/update_actor:0.6996665440847376 - perf/total_num_tokens:986 - perf/time_per_step:28.818391725420952 - perf/throughput:17.107130914773446
[36m(TaskRunner pid=431148)[0m step:109 - fc_opd/hook_loss:0.31060078740119934 - fc_opd/hook_num_samples:2.0 - fc_opd/hook_active_weight:54.54068374633789 - fc_opd/loss/task_visible:0.5297917127609253 - fc_opd/selection/task_visible:0.0113139096647501 - fc_opd/loss/degraded:0.0 - fc_opd/selection/degraded:0.0 - fc_opd/loss/task_infer:0.5596904158592224 - fc_opd/selection/task_infer:0.01102492306381464 - fc_opd/loss/full:0.14077776670455933 - fc_opd/selection/full:0.04448222368955612 - fc_opd/loss/task_solve:0.4034643769264221 - fc_opd/selection/task_solve:0.022503864020109177 - fc_opd/loss/free:0.0 - fc_opd/selection/free:0.0 - fc_opd/loss/chunk/visible_evidence:0.0 - fc_opd/loss/chunk/diagram_inference:0.0 - fc_opd/loss/chunk/reasoning:0.02775724232196808 - fc_opd/loss/chunk/answer:0.0 - fc_opd/loss/total:0.31060078740119934 - fc_opd/online/loss:0.31060078740119934 - fc_opd/online/num_samples:2.0 - global_seqlen/min:470 - global_seqlen/max:501 - global_seqlen/minmax_diff:31 - global_seqlen/balanced_min:470 - global_seqlen/balanced_max:501 - global_seqlen/mean:485.5 - actor/entropy:0.2509605288505554 - perf/mfu/actor_infer:0 - actor/pg_loss:-0.9999990463256836 - actor/kl_loss:0.0 - actor/fc_opd_loss:0.13257798552513123 - actor/pg_clipfrac:0.0 - actor/ppo_kl:0.0 - actor/pg_clipfrac_lower:0.0 - actor/fc_opd_coef:0.10000000149011612 - actor/fc_opd_active_weight_mean:0.053262390196323395 - actor/grad_norm:5.993141174316406 - perf/mfu/actor:0.019389858742240175 - perf/max_memory_allocated_gb:41.394092082977295 - perf/max_memory_reserved_gb:46.6484375 - perf/cpu_memory_used_gb:135.96807479858398 - actor/lr:1e-06 - training/global_step:109 - training/epoch:108 - critic/score/mean:1.0 - critic/score/max:1.0 - critic/score/min:1.0 - critic/rewards/mean:1.0 - critic/rewards/max:1.0 - critic/rewards/min:1.0 - critic/advantages/mean:0.9999991059303284 - critic/advantages/max:0.9999990463256836 - critic/advantages/min:0.9999990463256836 - critic/returns/mean:0.9999991059303284 - critic/returns/max:0.9999990463256836 - critic/returns/min:0.9999990463256836 - response_length/mean:305.5 - response_length/max:321.0 - response_length/min:290.0 - response_length/clip_ratio:0.0 - response_length_non_aborted/mean:305.5 - response_length_non_aborted/max:321.0 - response_length_non_aborted/min:290.0 - response_length_non_aborted/clip_ratio:0.0 - response/aborted_ratio:0.0 - prompt_length/mean:180.0 - prompt_length/max:180.0 - prompt_length/min:180.0 - prompt_length/clip_ratio:0.0 - num_turns/min:2 - num_turns/max:2 - num_turns/mean:2.0 - timing_s/start_profile:0.0002556685358285904 - timing_s/agent_loop/num_preempted/min:-1 - timing_s/agent_loop/num_preempted/max:-1 - timing_s/agent_loop/num_preempted/mean:-1.0 - timing_s/agent_loop/generate_sequences/min:4.693789651617408 - timing_s/agent_loop/generate_sequences/max:5.171215359121561 - timing_s/agent_loop/generate_sequences/mean:4.932502505369484 - timing_s/agent_loop/tool_calls/min:0.0 - timing_s/agent_loop/tool_calls/max:0.0 - timing_s/agent_loop/tool_calls/mean:0.0 - timing_s/agent_loop/slowest/generate_sequences:5.171215359121561 - timing_s/agent_loop/slowest/tool_calls:0.0 - timing_s/agent_loop/slowest/prompt_length:180 - timing_s/agent_loop/slowest/response_length:321 - timing_s/agent_loop/slowest/num_preempted:-1 - timing_s/gen:5.812502322718501 - timing_s/fc_opd:20.05840958841145 - timing_s/reward:2.602487802505493e-05 - timing_s/old_log_prob:0.17963742092251778 - timing_s/adv:0.0003960561007261276 - timing_s/update_actor:0.6778049468994141 - timing_s/update_weights:2.0695446338504553 - timing_s/step:28.801288904622197 - timing_s/stop_profile:4.693865776062012e-05 - timing_per_token_ms/gen:9.513097091192309 - timing_per_token_ms/adv:0.00040788475872927663 - timing_per_token_ms/update_actor:0.6980483490210238 - perf/total_num_tokens:971 - perf/time_per_step:28.801288904622197 - perf/throughput:16.856884482072058
[36m(TaskRunner pid=431148)[0m step:110 - fc_opd/hook_loss:0.2975185513496399 - fc_opd/hook_num_samples:2.0 - fc_opd/hook_active_weight:64.71062469482422 - fc_opd/loss/task_visible:0.6254337430000305 - fc_opd/selection/task_visible:0.01062057539820671 - fc_opd/loss/degraded:0.0 - fc_opd/selection/degraded:0.0 - fc_opd/loss/task_infer:0.6834760904312134 - fc_opd/selection/task_infer:0.011856994591653347 - fc_opd/loss/full:0.14104300737380981 - fc_opd/selection/full:0.05286627635359764 - fc_opd/loss/task_solve:0.3266946077346802 - fc_opd/selection/task_solve:0.01701284572482109 - fc_opd/loss/free:0.0 - fc_opd/selection/free:0.0 - fc_opd/loss/chunk/visible_evidence:0.0 - fc_opd/loss/chunk/diagram_inference:0.0 - fc_opd/loss/chunk/reasoning:0.027488132938742638 - fc_opd/loss/chunk/answer:0.0 - fc_opd/loss/total:0.2975185513496399 - fc_opd/online/loss:0.2975185513496399 - fc_opd/online/num_samples:2.0 - global_seqlen/min:491 - global_seqlen/max:570 - global_seqlen/minmax_diff:79 - global_seqlen/balanced_min:491 - global_seqlen/balanced_max:570 - global_seqlen/mean:530.5 - actor/entropy:0.22066503763198853 - perf/mfu/actor_infer:0 - actor/pg_loss:-0.9999990463256836 - actor/kl_loss:0.0 - actor/fc_opd_loss:0.12466887012124062 - actor/pg_clipfrac:0.0 - actor/ppo_kl:0.0 - actor/pg_clipfrac_lower:0.0 - actor/fc_opd_coef:0.10000000149011612 - actor/fc_opd_active_weight_mean:0.06319396756589413 - actor/grad_norm:4.9457573890686035 - perf/mfu/actor:0.02120665374882786 - perf/max_memory_allocated_gb:41.394092082977295 - perf/max_memory_reserved_gb:46.6484375 - perf/cpu_memory_used_gb:135.27769470214844 - actor/lr:1e-06 - training/global_step:110 - training/epoch:109 - critic/score/mean:1.0 - critic/score/max:1.0 - critic/score/min:1.0 - critic/rewards/mean:1.0 - critic/rewards/max:1.0 - critic/rewards/min:1.0 - critic/advantages/mean:0.9999992251396179 - critic/advantages/max:0.9999990463256836 - critic/advantages/min:0.9999990463256836 - critic/returns/mean:0.9999992251396179 - critic/returns/max:0.9999990463256836 - critic/returns/min:0.9999990463256836 - response_length/mean:350.5 - response_length/max:390.0 - response_length/min:311.0 - response_length/clip_ratio:0.0 - response_length_non_aborted/mean:350.5 - response_length_non_aborted/max:390.0 - response_length_non_aborted/min:311.0 - response_length_non_aborted/clip_ratio:0.0 - response/aborted_ratio:0.0 - prompt_length/mean:180.0 - prompt_length/max:180.0 - prompt_length/min:180.0 - prompt_length/clip_ratio:0.0 - num_turns/min:2 - num_turns/max:2 - num_turns/mean:2.0 - timing_s/start_profile:0.0002716369926929474 - timing_s/agent_loop/num_preempted/min:-1 - timing_s/agent_loop/num_preempted/max:-1 - timing_s/agent_loop/num_preempted/mean:-1.0 - timing_s/agent_loop/generate_sequences/min:5.004844268783927 - timing_s/agent_loop/generate_sequences/max:6.30544157512486 - timing_s/agent_loop/generate_sequences/mean:5.655142921954393 - timing_s/agent_loop/tool_calls/min:0.0 - timing_s/agent_loop/tool_calls/max:0.0 - timing_s/agent_loop/tool_calls/mean:0.0 - timing_s/agent_loop/slowest/generate_sequences:6.30544157512486 - timing_s/agent_loop/slowest/tool_calls:0.0 - timing_s/agent_loop/slowest/prompt_length:180 - timing_s/agent_loop/slowest/response_length:390 - timing_s/agent_loop/slowest/num_preempted:-1 - timing_s/gen:6.975481016561389 - timing_s/fc_opd:20.904682904481888 - timing_s/reward:2.4218112230300903e-05 - timing_s/old_log_prob:0.18120792880654335 - timing_s/adv:0.00042854808270931244 - timing_s/update_actor:0.6750476770102978 - timing_s/update_weights:2.090458357706666 - timing_s/step:30.830400191247463 - timing_s/stop_profile:4.7868117690086365e-05 - timing_per_token_ms/gen:9.950757512926375 - timing_per_token_ms/adv:0.00040390959727550654 - timing_per_token_ms/update_actor:0.6362372073612609 - perf/total_num_tokens:1061 - perf/time_per_step:30.830400191247463 - perf/throughput:17.20704229297047[36m(TaskRunner pid=431148)[0m Training Progress:  55%|█████▌    | 110/200 [58:58<44:54, 29.94s/it]
[36m(pid=2960241)[0m /inspire/hdd/global_user/mengweicheng-240108120092/lzy/fc-opd-storage/envs/fc-opd-verl071-cu128/lib/python3.12/site-packages/torch/cuda/__init__.py:63: FutureWarning: The pynvml package is deprecated. Please install nvidia-ml-py instead. If you did not install pynvml directly, please report this to the maintainers of the package that installed pynvml for you.
[36m(pid=2960241)[0m   import pynvml  # type: ignore[import]
[36m(pid=2960241)[0m /inspire/hdd/global_user/mengweicheng-240108120092/lzy/fc-opd-storage/envs/fc-opd-verl071-cu128/lib/python3.12/site-packages/transformers/utils/hub.py:110: FutureWarning: Using `TRANSFORMERS_CACHE` is deprecated and will be removed in v5 of Transformers. Use `HF_HOME` instead.
[36m(pid=2960241)[0m   warnings.warn(
[36m(_RayStudentScorerActor pid=2960241)[0m `torch_dtype` is deprecated! Use `dtype` instead!
[36m(_RayStudentScorerActor pid=2960241)[0m Loading checkpoint shards:   0%|          | 0/2 [00:00<?, ?it/s]
[36m(_RayStudentScorerActor pid=2960241)[0m Loading checkpoint shards:  50%|█████     | 1/2 [00:02<00:02,  2.76s/it]
[36m(_RayStudentScorerActor pid=2960241)[0m Loading checkpoint shards: 100%|██████████| 2/2 [00:04<00:00,  2.38s/it]Loading checkpoint shards: 100%|██████████| 2/2 [00:04<00:00,  2.44s/it]
[36m(WorkerDict pid=533144)[0m INFO:2026-06-29 14:12:25,216:update_weights done, time cost: 0.48s
[36m(TaskRunner pid=431148)[0m Training Progress:  56%|█████▌    | 111/200 [59:26<43:49, 29.55s/it]
[36m(pid=3017099)[0m /inspire/hdd/global_user/mengweicheng-240108120092/lzy/fc-opd-storage/envs/fc-opd-verl071-cu128/lib/python3.12/site-packages/torch/cuda/__init__.py:63: FutureWarning: The pynvml package is deprecated. Please install nvidia-ml-py instead. If you did not install pynvml directly, please report this to the maintainers of the package that installed pynvml for you.
[36m(pid=3017099)[0m   import pynvml  # type: ignore[import]
[36m(pid=3017099)[0m /inspire/hdd/global_user/mengweicheng-240108120092/lzy/fc-opd-storage/envs/fc-opd-verl071-cu128/lib/python3.12/site-packages/transformers/utils/hub.py:110: FutureWarning: Using `TRANSFORMERS_CACHE` is deprecated and will be removed in v5 of Transformers. Use `HF_HOME` instead.
[36m(pid=3017099)[0m   warnings.warn(
[36m(_RayStudentScorerActor pid=3017099)[0m `torch_dtype` is deprecated! Use `dtype` instead!
[36m(_RayStudentScorerActor pid=3017099)[0m Loading checkpoint shards:   0%|          | 0/2 [00:00<?, ?it/s]
[36m(_RayStudentScorerActor pid=3017099)[0m Loading checkpoint shards:  50%|█████     | 1/2 [00:02<00:02,  2.60s/it]
[36m(_RayStudentScorerActor pid=3017099)[0m Loading checkpoint shards: 100%|██████████| 2/2 [00:04<00:00,  2.30s/it]Loading checkpoint shards: 100%|██████████| 2/2 [00:04<00:00,  2.35s/it]
[36m(WorkerDict pid=533144)[0m INFO:2026-06-29 14:12:52,412:update_weights done, time cost: 0.55s
[36m(TaskRunner pid=431148)[0m Training Progress:  56%|█████▌    | 112/200 [59:53<42:17, 28.83s/it]
[36m(pid=3065297)[0m /inspire/hdd/global_user/mengweicheng-240108120092/lzy/fc-opd-storage/envs/fc-opd-verl071-cu128/lib/python3.12/site-packages/torch/cuda/__init__.py:63: FutureWarning: The pynvml package is deprecated. Please install nvidia-ml-py instead. If you did not install pynvml directly, please report this to the maintainers of the package that installed pynvml for you.
[36m(pid=3065297)[0m   import pynvml  # type: ignore[import]
[36m(pid=3065297)[0m /inspire/hdd/global_user/mengweicheng-240108120092/lzy/fc-opd-storage/envs/fc-opd-verl071-cu128/lib/python3.12/site-packages/transformers/utils/hub.py:110: FutureWarning: Using `TRANSFORMERS_CACHE` is deprecated and will be removed in v5 of Transformers. Use `HF_HOME` instead.
[36m(pid=3065297)[0m   warnings.warn(
[36m(_RayStudentScorerActor pid=3065297)[0m `torch_dtype` is deprecated! Use `dtype` instead!
[36m(_RayStudentScorerActor pid=3065297)[0m Loading checkpoint shards:   0%|          | 0/2 [00:00<?, ?it/s]
[36m(_RayStudentScorerActor pid=3065297)[0m Loading checkpoint shards:  50%|█████     | 1/2 [00:02<00:02,  2.65s/it]
[36m(_RayStudentScorerActor pid=3065297)[0m Loading checkpoint shards: 100%|██████████| 2/2 [00:04<00:00,  2.33s/it]Loading checkpoint shards: 100%|██████████| 2/2 [00:04<00:00,  2.38s/it]
[36m(WorkerDict pid=533144)[0m INFO:2026-06-29 14:13:20,695:update_weights done, time cost: 0.45s

[36m(TaskRunner pid=431148)[0m step:111 - fc_opd/hook_loss:0.3340568244457245 - fc_opd/hook_num_samples:2.0 - fc_opd/hook_active_weight:53.597068786621094 - fc_opd/loss/task_visible:0.4840054512023926 - fc_opd/selection/task_visible:0.011295437812805176 - fc_opd/loss/degraded:0.0 - fc_opd/selection/degraded:0.0 - fc_opd/loss/task_infer:0.8326894044876099 - fc_opd/selection/task_infer:0.013446340337395668 - fc_opd/loss/full:0.14814355969429016 - fc_opd/selection/full:0.0478915274143219 - fc_opd/loss/task_solve:0.3828502893447876 - fc_opd/selection/task_solve:0.018401887267827988 - fc_opd/loss/free:0.0 - fc_opd/selection/free:0.0 - fc_opd/loss/chunk/visible_evidence:0.0 - fc_opd/loss/chunk/diagram_inference:0.0 - fc_opd/loss/chunk/reasoning:0.030340302735567093 - fc_opd/loss/chunk/answer:0.0 - fc_opd/loss/total:0.3340568244457245 - fc_opd/online/loss:0.3340568244457245 - fc_opd/online/num_samples:2.0 - global_seqlen/min:467 - global_seqlen/max:482 - global_seqlen/minmax_diff:15 - global_seqlen/balanced_min:467 - global_seqlen/balanced_max:482 - global_seqlen/mean:474.5 - actor/entropy:0.26819807291030884 - perf/mfu/actor_infer:0 - actor/pg_loss:-0.9999990165233612 - actor/kl_loss:0.0 - actor/fc_opd_loss:0.14295707270503044 - actor/pg_clipfrac:0.0 - actor/ppo_kl:0.0 - actor/pg_clipfrac_lower:0.0 - actor/fc_opd_coef:0.10000000149011612 - actor/fc_opd_active_weight_mean:0.05234088376164436 - actor/grad_norm:6.117055892944336 - perf/mfu/actor:0.01834093955784336 - perf/max_memory_allocated_gb:41.394092082977295 - perf/max_memory_reserved_gb:46.6484375 - perf/cpu_memory_used_gb:136.21964263916016 - actor/lr:1e-06 - training/global_step:111 - training/epoch:110 - critic/score/mean:1.0 - critic/score/max:1.0 - critic/score/min:1.0 - critic/rewards/mean:1.0 - critic/rewards/max:1.0 - critic/rewards/min:1.0 - critic/advantages/mean:0.9999990463256836 - critic/advantages/max:0.9999990463256836 - critic/advantages/min:0.9999990463256836 - critic/returns/mean:0.9999990463256836 - critic/returns/max:0.9999990463256836 - critic/returns/min:0.9999990463256836 - response_length/mean:294.5 - response_length/max:302.0 - response_length/min:287.0 - response_length/clip_ratio:0.0 - response_length_non_aborted/mean:294.5 - response_length_non_aborted/max:302.0 - response_length_non_aborted/min:287.0 - response_length_non_aborted/clip_ratio:0.0 - response/aborted_ratio:0.0 - prompt_length/mean:180.0 - prompt_length/max:180.0 - prompt_length/min:180.0 - prompt_length/clip_ratio:0.0 - num_turns/min:2 - num_turns/max:2 - num_turns/mean:2.0 - timing_s/start_profile:0.0002507120370864868 - timing_s/agent_loop/num_preempted/min:-1 - timing_s/agent_loop/num_preempted/max:-1 - timing_s/agent_loop/num_preempted/mean:-1.0 - timing_s/agent_loop/generate_sequences/min:4.5809889659285545 - timing_s/agent_loop/generate_sequences/max:4.8963395319879055 - timing_s/agent_loop/generate_sequences/mean:4.73866424895823 - timing_s/agent_loop/tool_calls/min:0.0 - timing_s/agent_loop/tool_calls/max:0.0 - timing_s/agent_loop/tool_calls/mean:0.0 - timing_s/agent_loop/slowest/generate_sequences:4.8963395319879055 - timing_s/agent_loop/slowest/tool_calls:0.0 - timing_s/agent_loop/slowest/prompt_length:180 - timing_s/agent_loop/slowest/response_length:302 - timing_s/agent_loop/slowest/num_preempted:-1 - timing_s/gen:5.530494442209601 - timing_s/fc_opd:19.9253651201725 - timing_s/reward:2.113915979862213e-05 - timing_s/old_log_prob:0.17988706193864346 - timing_s/adv:0.0004269443452358246 - timing_s/update_actor:0.7003986164927483 - timing_s/update_weights:2.0492079854011536 - timing_s/step:28.38880718499422 - timing_s/stop_profile:4.701875150203705e-05 - timing_per_token_ms/gen:9.389634027520545 - timing_per_token_ms/adv:0.00044988866726641157 - timing_per_token_ms/update_actor:0.738038584291621 - perf/total_num_tokens:949 - perf/time_per_step:28.38880718499422 - perf/throughput:16.714333818534357
[36m(TaskRunner pid=431148)[0m step:112 - fc_opd/hook_loss:0.354022353887558 - fc_opd/hook_num_samples:2.0 - fc_opd/hook_active_weight:47.9419059753418 - fc_opd/loss/task_visible:0.47487592697143555 - fc_opd/selection/task_visible:0.01265852153301239 - fc_opd/loss/degraded:0.0 - fc_opd/selection/degraded:0.0 - fc_opd/loss/task_infer:0.6762244701385498 - fc_opd/selection/task_infer:0.012183615937829018 - fc_opd/loss/full:0.18836453557014465 - fc_opd/selection/full:0.049007218331098557 - fc_opd/loss/task_solve:0.5105291604995728 - fc_opd/selection/task_solve:0.01711675524711609 - fc_opd/loss/free:0.0 - fc_opd/selection/free:0.0 - fc_opd/loss/chunk/visible_evidence:0.0 - fc_opd/loss/chunk/diagram_inference:0.0 - fc_opd/loss/chunk/reasoning:0.0322079174220562 - fc_opd/loss/chunk/answer:0.0 - fc_opd/loss/total:0.354022353887558 - fc_opd/online/loss:0.354022353887558 - fc_opd/online/num_samples:2.0 - global_seqlen/min:430 - global_seqlen/max:457 - global_seqlen/minmax_diff:27 - global_seqlen/balanced_min:430 - global_seqlen/balanced_max:457 - global_seqlen/mean:443.5 - actor/entropy:0.2323768585920334 - perf/mfu/actor_infer:0 - actor/pg_loss:-0.999999076128006 - actor/kl_loss:0.0 - actor/fc_opd_loss:0.13162478432059288 - actor/pg_clipfrac:0.0 - actor/ppo_kl:0.0 - actor/pg_clipfrac_lower:0.0 - actor/fc_opd_coef:0.10000000149011612 - actor/fc_opd_active_weight_mean:0.046818263828754425 - actor/grad_norm:5.480098724365234 - perf/mfu/actor:0.018429288798677484 - perf/max_memory_allocated_gb:41.394092082977295 - perf/max_memory_reserved_gb:46.6484375 - perf/cpu_memory_used_gb:135.34521102905273 - actor/lr:1e-06 - training/global_step:112 - training/epoch:111 - critic/score/mean:1.0 - critic/score/max:1.0 - critic/score/min:1.0 - critic/rewards/mean:1.0 - critic/rewards/max:1.0 - critic/rewards/min:1.0 - critic/advantages/mean:0.9999990463256836 - critic/advantages/max:0.9999990463256836 - critic/advantages/min:0.9999990463256836 - critic/returns/mean:0.9999990463256836 - critic/returns/max:0.9999990463256836 - critic/returns/min:0.9999990463256836 - response_length/mean:263.5 - response_length/max:277.0 - response_length/min:250.0 - response_length/clip_ratio:0.0 - response_length_non_aborted/mean:263.5 - response_length_non_aborted/max:277.0 - response_length_non_aborted/min:250.0 - response_length_non_aborted/clip_ratio:0.0 - response/aborted_ratio:0.0 - prompt_length/mean:180.0 - prompt_length/max:180.0 - prompt_length/min:180.0 - prompt_length/clip_ratio:0.0 - num_turns/min:2 - num_turns/max:2 - num_turns/mean:2.0 - timing_s/start_profile:0.0002609472721815109 - timing_s/agent_loop/num_preempted/min:-1 - timing_s/agent_loop/num_preempted/max:-1 - timing_s/agent_loop/num_preempted/mean:-1.0 - timing_s/agent_loop/generate_sequences/min:4.014769954606891 - timing_s/agent_loop/generate_sequences/max:4.534027874469757 - timing_s/agent_loop/generate_sequences/mean:4.274398914538324 - timing_s/agent_loop/tool_calls/min:0.0 - timing_s/agent_loop/tool_calls/max:0.0 - timing_s/agent_loop/tool_calls/mean:0.0 - timing_s/agent_loop/slowest/generate_sequences:4.534027874469757 - timing_s/agent_loop/slowest/tool_calls:0.0 - timing_s/agent_loop/slowest/prompt_length:180 - timing_s/agent_loop/slowest/response_length:277 - timing_s/agent_loop/slowest/num_preempted:-1 - timing_s/gen:5.1730871722102165 - timing_s/fc_opd:18.75319667905569 - timing_s/reward:2.2895634174346924e-05 - timing_s/old_log_prob:0.21497870236635208 - timing_s/adv:0.0004141610115766525 - timing_s/update_actor:0.6550700478255749 - timing_s/update_weights:2.112822137773037 - timing_s/step:26.912461429834366 - timing_s/stop_profile:4.896894097328186e-05 - timing_per_token_ms/gen:9.81610469110098 - timing_per_token_ms/adv:0.00046692335014278754 - timing_per_token_ms/update_actor:0.7385231655305241 - perf/total_num_tokens:887 - perf/time_per_step:26.912461429834366 - perf/throughput:16.47935478351857
[36m(TaskRunner pid=431148)[0m step:113 - fc_opd/hook_loss:0.29146602749824524 - fc_opd/hook_num_samples:2.0 - fc_opd/hook_active_weight:53.226802825927734 - fc_opd/loss/task_visible:0.2911035418510437 - fc_opd/selection/task_visible:0.01019739918410778 - fc_opd/loss/degraded:0.0 - fc_opd/selection/degraded:0.0 - fc_opd/loss/task_infer:0.8859291076660156 - fc_opd/selection/task_infer:0.012318197637796402 - fc_opd/loss/full:0.1312619298696518 - fc_opd/selection/full:0.05088362842798233 - fc_opd/loss/task_solve:0.35800641775131226 - fc_opd/selection/task_solve:0.01695939339697361 - fc_opd/loss/free:0.0 - fc_opd/selection/free:0.0 - fc_opd/loss/chunk/visible_evidence:0.0 - fc_opd/loss/chunk/diagram_inference:0.0 - fc_opd/loss/chunk/reasoning:0.026339702308177948 - fc_opd/loss/chunk/answer:0.0 - fc_opd/loss/total:0.29146602749824524 - fc_opd/online/loss:0.29146602749824524 - fc_opd/online/num_samples:2.0 - global_seqlen/min:468 - global_seqlen/max:481 - global_seqlen/minmax_diff:13 - global_seqlen/balanced_min:468 - global_seqlen/balanced_max:481 - global_seqlen/mean:474.5 - actor/entropy:0.24062776565551758 - perf/mfu/actor_infer:0 - actor/pg_loss:-0.9999990165233612 - actor/kl_loss:0.0 - actor/fc_opd_loss:0.1387285366654396 - actor/pg_clipfrac:0.0 - actor/ppo_kl:0.0 - actor/pg_clipfrac_lower:0.0 - actor/fc_opd_coef:0.10000000149011612 - actor/fc_opd_active_weight_mean:0.05197930335998535 - actor/grad_norm:5.335334777832031 - perf/mfu/actor:0.019767725564373395 - perf/max_memory_allocated_gb:41.394092082977295 - perf/max_memory_reserved_gb:46.6484375 - perf/cpu_memory_used_gb:136.20074462890625 - actor/lr:1e-06 - training/global_step:113 - training/epoch:112 - critic/score/mean:1.0 - critic/score/max:1.0 - critic/score/min:1.0 - critic/rewards/mean:1.0 - critic/rewards/max:1.0 - critic/rewards/min:1.0 - critic/advantages/mean:0.9999990463256836 - critic/advantages/max:0.9999990463256836 - critic/advantages/min:0.9999990463256836 - critic/returns/mean:0.9999990463256836 - critic/returns/max:0.9999990463256836 - critic/returns/min:0.9999990463256836 - response_length/mean:294.5 - response_length/max:301.0 - response_length/min:288.0 - response_length/clip_ratio:0.0 - response_length_non_aborted/mean:294.5 - response_length_non_aborted/max:301.0 - response_length_non_aborted/min:288.0 - response_length_non_aborted/clip_ratio:0.0 - response/aborted_ratio:0.0 - prompt_length/mean:180.0 - prompt_length/max:180.0 - prompt_length/min:180.0 - prompt_length/clip_ratio:0.0 - num_turns/min:2 - num_turns/max:2 - num_turns/mean:2.0 - timing_s/start_profile:0.0002533234655857086 - timing_s/agent_loop/num_preempted/min:-1 - timing_s/agent_loop/num_preempted/max:-1 - timing_s/agent_loop/num_preempted/mean:-1.0 - timing_s/agent_loop/generate_sequences/min:4.710870668292046 - timing_s/agent_loop/generate_sequences/max:4.838490296155214 - timing_s/agent_loop/generate_sequences/mean:4.77468048222363 - timing_s/agent_loop/tool_calls/min:0.0 - timing_s/agent_loop/tool_calls/max:0.0 - timing_s/agent_loop/tool_calls/mean:0.0 - timing_s/agent_loop/slowest/generate_sequences:4.838490296155214 - timing_s/agent_loop/slowest/tool_calls:0.0 - timing_s/agent_loop/slowest/prompt_length:180 - timing_s/agent_loop/slowest/response_length:301 - timing_s/agent_loop/slowest/num_preempted:-1 - timing_s/gen:5.503404771909118 - timing_s/fc_opd:19.645505668595433 - timing_s/reward:2.103671431541443e-05 - timing_s/old_log_prob:0.17930250614881516 - timing_s/adv:0.00042330287396907806 - timing_s/update_actor:0.6509465258568525 - timing_s/update_weights:2.037161946296692 - timing_s/step:28.01975461654365 - timing_s/stop_profile:4.622340202331543e-05 - timing_per_token_ms/gen:9.34364137845351 - timing_per_token_ms/adv:0.0004460515004942867 - timing_per_token_ms/update_actor:0.6859288997437856 - perf/total_num_tokens:949 - perf/time_per_step:28.01975461654365 - perf/throughput:16.934480922250543[36m(TaskRunner pid=431148)[0m Training Progress:  56%|█████▋    | 113/200 [1:00:22<41:33, 28.66s/it]
[36m(pid=3117792)[0m /inspire/hdd/global_user/mengweicheng-240108120092/lzy/fc-opd-storage/envs/fc-opd-verl071-cu128/lib/python3.12/site-packages/torch/cuda/__init__.py:63: FutureWarning: The pynvml package is deprecated. Please install nvidia-ml-py instead. If you did not install pynvml directly, please report this to the maintainers of the package that installed pynvml for you.
[36m(pid=3117792)[0m   import pynvml  # type: ignore[import]
[36m(pid=3117792)[0m /inspire/hdd/global_user/mengweicheng-240108120092/lzy/fc-opd-storage/envs/fc-opd-verl071-cu128/lib/python3.12/site-packages/transformers/utils/hub.py:110: FutureWarning: Using `TRANSFORMERS_CACHE` is deprecated and will be removed in v5 of Transformers. Use `HF_HOME` instead.
[36m(pid=3117792)[0m   warnings.warn(
[36m(_RayStudentScorerActor pid=3117792)[0m `torch_dtype` is deprecated! Use `dtype` instead!
[36m(_RayStudentScorerActor pid=3117792)[0m Loading checkpoint shards:   0%|          | 0/2 [00:00<?, ?it/s]
[36m(_RayStudentScorerActor pid=3117792)[0m Loading checkpoint shards:  50%|█████     | 1/2 [00:03<00:03,  3.04s/it]
[36m(_RayStudentScorerActor pid=3117792)[0m Loading checkpoint shards: 100%|██████████| 2/2 [00:05<00:00,  2.68s/it]Loading checkpoint shards: 100%|██████████| 2/2 [00:05<00:00,  2.74s/it]
[36m(WorkerDict pid=533144)[0m INFO:2026-06-29 14:13:50,988:update_weights done, time cost: 0.56s
[36m(TaskRunner pid=431148)[0m Training Progress:  57%|█████▋    | 114/200 [1:00:52<41:47, 29.16s/it]
[36m(pid=3172731)[0m /inspire/hdd/global_user/mengweicheng-240108120092/lzy/fc-opd-storage/envs/fc-opd-verl071-cu128/lib/python3.12/site-packages/torch/cuda/__init__.py:63: FutureWarning: The pynvml package is deprecated. Please install nvidia-ml-py instead. If you did not install pynvml directly, please report this to the maintainers of the package that installed pynvml for you.
[36m(pid=3172731)[0m   import pynvml  # type: ignore[import]
[36m(pid=3172731)[0m /inspire/hdd/global_user/mengweicheng-240108120092/lzy/fc-opd-storage/envs/fc-opd-verl071-cu128/lib/python3.12/site-packages/transformers/utils/hub.py:110: FutureWarning: Using `TRANSFORMERS_CACHE` is deprecated and will be removed in v5 of Transformers. Use `HF_HOME` instead.
[36m(pid=3172731)[0m   warnings.warn(
[36m(_RayStudentScorerActor pid=3172731)[0m `torch_dtype` is deprecated! Use `dtype` instead!
[36m(_RayStudentScorerActor pid=3172731)[0m Loading checkpoint shards:   0%|          | 0/2 [00:00<?, ?it/s]
[36m(_RayStudentScorerActor pid=3172731)[0m Loading checkpoint shards:  50%|█████     | 1/2 [00:02<00:02,  2.67s/it]
[36m(_RayStudentScorerActor pid=3172731)[0m Loading checkpoint shards: 100%|██████████| 2/2 [00:04<00:00,  2.33s/it]Loading checkpoint shards: 100%|██████████| 2/2 [00:04<00:00,  2.38s/it]
[36m(WorkerDict pid=533144)[0m INFO:2026-06-29 14:14:18,861:update_weights done, time cost: 0.44s
[36m(TaskRunner pid=431148)[0m Training Progress:  57%|█████▊    | 115/200 [1:01:20<40:45, 28.77s/it]
[36m(pid=3217571)[0m /inspire/hdd/global_user/mengweicheng-240108120092/lzy/fc-opd-storage/envs/fc-opd-verl071-cu128/lib/python3.12/site-packages/torch/cuda/__init__.py:63: FutureWarning: The pynvml package is deprecated. Please install nvidia-ml-py instead. If you did not install pynvml directly, please report this to the maintainers of the package that installed pynvml for you.
[36m(pid=3217571)[0m   import pynvml  # type: ignore[import]
[36m(pid=3217571)[0m /inspire/hdd/global_user/mengweicheng-240108120092/lzy/fc-opd-storage/envs/fc-opd-verl071-cu128/lib/python3.12/site-packages/transformers/utils/hub.py:110: FutureWarning: Using `TRANSFORMERS_CACHE` is deprecated and will be removed in v5 of Transformers. Use `HF_HOME` instead.
[36m(pid=3217571)[0m   warnings.warn(
[36m(_RayStudentScorerActor pid=3217571)[0m `torch_dtype` is deprecated! Use `dtype` instead!
[36m(_RayStudentScorerActor pid=3217571)[0m Loading checkpoint shards:   0%|          | 0/2 [00:00<?, ?it/s]
[36m(_RayStudentScorerActor pid=3217571)[0m Loading checkpoint shards:  50%|█████     | 1/2 [00:02<00:02,  2.59s/it]
[36m(_RayStudentScorerActor pid=3217571)[0m Loading checkpoint shards: 100%|██████████| 2/2 [00:04<00:00,  2.30s/it]Loading checkpoint shards: 100%|██████████| 2/2 [00:04<00:00,  2.34s/it]
[36m(WorkerDict pid=533144)[0m INFO:2026-06-29 14:14:47,772:update_weights done, time cost: 0.46s

[36m(TaskRunner pid=431148)[0m step:114 - fc_opd/hook_loss:0.3477696478366852 - fc_opd/hook_num_samples:2.0 - fc_opd/hook_active_weight:57.75768280029297 - fc_opd/loss/task_visible:0.6080725193023682 - fc_opd/selection/task_visible:0.010676905512809753 - fc_opd/loss/degraded:0.0 - fc_opd/selection/degraded:0.0 - fc_opd/loss/task_infer:0.7639368772506714 - fc_opd/selection/task_infer:0.013743435963988304 - fc_opd/loss/full:0.15798133611679077 - fc_opd/selection/full:0.0474696010351181 - fc_opd/loss/task_solve:0.33534038066864014 - fc_opd/selection/task_solve:0.018826842308044434 - fc_opd/loss/free:0.0 - fc_opd/selection/free:0.0 - fc_opd/loss/chunk/visible_evidence:0.0 - fc_opd/loss/chunk/diagram_inference:0.0 - fc_opd/loss/chunk/reasoning:0.031445618718862534 - fc_opd/loss/chunk/answer:0.0 - fc_opd/loss/total:0.3477696478366852 - fc_opd/online/loss:0.3477696478366852 - fc_opd/online/num_samples:2.0 - global_seqlen/min:470 - global_seqlen/max:526 - global_seqlen/minmax_diff:56 - global_seqlen/balanced_min:470 - global_seqlen/balanced_max:526 - global_seqlen/mean:498.0 - actor/entropy:0.32295170426368713 - perf/mfu/actor_infer:0 - actor/pg_loss:-0.9999990463256836 - actor/kl_loss:0.0 - actor/fc_opd_loss:0.16160035133361816 - actor/pg_clipfrac:0.0 - actor/ppo_kl:0.0 - actor/pg_clipfrac_lower:0.0 - actor/fc_opd_coef:0.10000000149011612 - actor/fc_opd_active_weight_mean:0.05640398524701595 - actor/grad_norm:5.789194107055664 - perf/mfu/actor:0.02102593401224478 - perf/max_memory_allocated_gb:41.394092082977295 - perf/max_memory_reserved_gb:46.6484375 - perf/cpu_memory_used_gb:136.16987991333008 - actor/lr:1e-06 - training/global_step:114 - training/epoch:113 - critic/score/mean:1.0 - critic/score/max:1.0 - critic/score/min:1.0 - critic/rewards/mean:1.0 - critic/rewards/max:1.0 - critic/rewards/min:1.0 - critic/advantages/mean:0.9999991655349731 - critic/advantages/max:0.9999990463256836 - critic/advantages/min:0.9999990463256836 - critic/returns/mean:0.9999991655349731 - critic/returns/max:0.9999990463256836 - critic/returns/min:0.9999990463256836 - response_length/mean:318.0 - response_length/max:346.0 - response_length/min:290.0 - response_length/clip_ratio:0.0 - response_length_non_aborted/mean:318.0 - response_length_non_aborted/max:346.0 - response_length_non_aborted/min:290.0 - response_length_non_aborted/clip_ratio:0.0 - response/aborted_ratio:0.0 - prompt_length/mean:180.0 - prompt_length/max:180.0 - prompt_length/min:180.0 - prompt_length/clip_ratio:0.0 - num_turns/min:2 - num_turns/max:2 - num_turns/mean:2.0 - timing_s/start_profile:0.0002606157213449478 - timing_s/agent_loop/num_preempted/min:-1 - timing_s/agent_loop/num_preempted/max:-1 - timing_s/agent_loop/num_preempted/mean:-1.0 - timing_s/agent_loop/generate_sequences/min:4.650170885026455 - timing_s/agent_loop/generate_sequences/max:5.617134585976601 - timing_s/agent_loop/generate_sequences/mean:5.133652735501528 - timing_s/agent_loop/tool_calls/min:0.0 - timing_s/agent_loop/tool_calls/max:0.0 - timing_s/agent_loop/tool_calls/mean:0.0 - timing_s/agent_loop/slowest/generate_sequences:5.617134585976601 - timing_s/agent_loop/slowest/tool_calls:0.0 - timing_s/agent_loop/slowest/prompt_length:180 - timing_s/agent_loop/slowest/response_length:346 - timing_s/agent_loop/slowest/num_preempted:-1 - timing_s/gen:6.284180898219347 - timing_s/fc_opd:20.942933997139335 - timing_s/reward:2.5562942028045654e-05 - timing_s/old_log_prob:0.17511505633592606 - timing_s/adv:0.00042803213000297546 - timing_s/update_actor:0.6409571431577206 - timing_s/update_weights:2.0356564838439226 - timing_s/step:30.082329722121358 - timing_s/stop_profile:6.44102692604065e-05 - timing_per_token_ms/gen:9.880787575816584 - timing_per_token_ms/adv:0.00042975113454114003 - timing_per_token_ms/update_actor:0.6435312682306431 - perf/total_num_tokens:996 - perf/time_per_step:30.082329722121358 - perf/throughput:16.554568898092704
[36m(TaskRunner pid=431148)[0m step:115 - fc_opd/hook_loss:0.37584224343299866 - fc_opd/hook_num_samples:2.0 - fc_opd/hook_active_weight:52.29906463623047 - fc_opd/loss/task_visible:0.4995341897010803 - fc_opd/selection/task_visible:0.014641910791397095 - fc_opd/loss/degraded:0.0 - fc_opd/selection/degraded:0.0 - fc_opd/loss/task_infer:1.2093307971954346 - fc_opd/selection/task_infer:0.010884430259466171 - fc_opd/loss/full:0.13630829751491547 - fc_opd/selection/full:0.046313028782606125 - fc_opd/loss/task_solve:0.3821616768836975 - fc_opd/selection/task_solve:0.019230809062719345 - fc_opd/loss/free:0.0 - fc_opd/selection/free:0.0 - fc_opd/loss/chunk/visible_evidence:0.0 - fc_opd/loss/chunk/diagram_inference:0.0 - fc_opd/loss/chunk/reasoning:0.034174200147390366 - fc_opd/loss/chunk/answer:0.0 - fc_opd/loss/total:0.37584224343299866 - fc_opd/online/loss:0.37584224343299866 - fc_opd/online/num_samples:2.0 - global_seqlen/min:462 - global_seqlen/max:472 - global_seqlen/minmax_diff:10 - global_seqlen/balanced_min:462 - global_seqlen/balanced_max:472 - global_seqlen/mean:467.0 - actor/entropy:0.25333112478256226 - perf/mfu/actor_infer:0 - actor/pg_loss:-0.9999990463256836 - actor/kl_loss:0.0 - actor/fc_opd_loss:0.17819465696811676 - actor/pg_clipfrac:0.0 - actor/ppo_kl:0.0 - actor/pg_clipfrac_lower:0.0 - actor/fc_opd_coef:0.10000000149011612 - actor/fc_opd_active_weight_mean:0.05107330158352852 - actor/grad_norm:6.158468723297119 - perf/mfu/actor:0.019610715823255576 - perf/max_memory_allocated_gb:41.394092082977295 - perf/max_memory_reserved_gb:46.6484375 - perf/cpu_memory_used_gb:136.16960525512695 - actor/lr:1e-06 - training/global_step:115 - training/epoch:114 - critic/score/mean:1.0 - critic/score/max:1.0 - critic/score/min:1.0 - critic/rewards/mean:1.0 - critic/rewards/max:1.0 - critic/rewards/min:1.0 - critic/advantages/mean:0.9999991655349731 - critic/advantages/max:0.9999990463256836 - critic/advantages/min:0.9999990463256836 - critic/returns/mean:0.9999991655349731 - critic/returns/max:0.9999990463256836 - critic/returns/min:0.9999990463256836 - response_length/mean:287.0 - response_length/max:292.0 - response_length/min:282.0 - response_length/clip_ratio:0.0 - response_length_non_aborted/mean:287.0 - response_length_non_aborted/max:292.0 - response_length_non_aborted/min:282.0 - response_length_non_aborted/clip_ratio:0.0 - response/aborted_ratio:0.0 - prompt_length/mean:180.0 - prompt_length/max:180.0 - prompt_length/min:180.0 - prompt_length/clip_ratio:0.0 - num_turns/min:2 - num_turns/max:2 - num_turns/mean:2.0 - timing_s/start_profile:0.0002788230776786804 - timing_s/agent_loop/num_preempted/min:-1 - timing_s/agent_loop/num_preempted/max:-1 - timing_s/agent_loop/num_preempted/mean:-1.0 - timing_s/agent_loop/generate_sequences/min:4.511644983664155 - timing_s/agent_loop/generate_sequences/max:4.72502445243299 - timing_s/agent_loop/generate_sequences/mean:4.6183347180485725 - timing_s/agent_loop/tool_calls/min:0.0 - timing_s/agent_loop/tool_calls/max:0.0 - timing_s/agent_loop/tool_calls/mean:0.0 - timing_s/agent_loop/slowest/generate_sequences:4.72502445243299 - timing_s/agent_loop/slowest/tool_calls:0.0 - timing_s/agent_loop/slowest/prompt_length:180 - timing_s/agent_loop/slowest/response_length:292 - timing_s/agent_loop/slowest/num_preempted:-1 - timing_s/gen:5.365939920768142 - timing_s/fc_opd:19.401042886078358 - timing_s/reward:2.1452084183692932e-05 - timing_s/old_log_prob:0.17643342725932598 - timing_s/adv:0.0004424992948770523 - timing_s/update_actor:0.6461044829338789 - timing_s/update_weights:2.0134275630116463 - timing_s/step:27.60630666092038 - timing_s/stop_profile:4.744715988636017e-05 - timing_per_token_ms/gen:9.348327388097807 - timing_per_token_ms/adv:0.00047376798166707954 - timing_per_token_ms/update_actor:0.6917606883660373 - perf/total_num_tokens:934 - perf/time_per_step:27.60630666092038 - perf/throughput:16.916424414754744
[36m(TaskRunner pid=431148)[0m step:116 - fc_opd/hook_loss:0.3090912997722626 - fc_opd/hook_num_samples:2.0 - fc_opd/hook_active_weight:57.277122497558594 - fc_opd/loss/task_visible:0.5106993913650513 - fc_opd/selection/task_visible:0.012362835928797722 - fc_opd/loss/degraded:0.0 - fc_opd/selection/degraded:0.0 - fc_opd/loss/task_infer:0.6151008605957031 - fc_opd/selection/task_infer:0.01163922157138586 - fc_opd/loss/full:0.13712605834007263 - fc_opd/selection/full:0.04902683198451996 - fc_opd/loss/task_solve:0.4314868748188019 - fc_opd/selection/task_solve:0.01968354359269142 - fc_opd/loss/free:0.0 - fc_opd/selection/free:0.0 - fc_opd/loss/chunk/visible_evidence:0.0 - fc_opd/loss/chunk/diagram_inference:0.0 - fc_opd/loss/chunk/reasoning:0.02865584008395672 - fc_opd/loss/chunk/answer:0.0 - fc_opd/loss/total:0.3090912997722626 - fc_opd/online/loss:0.3090912997722626 - fc_opd/online/num_samples:2.0 - global_seqlen/min:474 - global_seqlen/max:504 - global_seqlen/minmax_diff:30 - global_seqlen/balanced_min:474 - global_seqlen/balanced_max:504 - global_seqlen/mean:489.0 - actor/entropy:0.22488299012184143 - perf/mfu/actor_infer:0 - actor/pg_loss:-0.9999990463256836 - actor/kl_loss:0.0 - actor/fc_opd_loss:0.11481618508696556 - actor/pg_clipfrac:0.0 - actor/ppo_kl:0.0 - actor/pg_clipfrac_lower:0.0 - actor/fc_opd_coef:0.10000000149011612 - actor/fc_opd_active_weight_mean:0.055934686213731766 - actor/grad_norm:5.604964733123779 - perf/mfu/actor:0.020572233985835874 - perf/max_memory_allocated_gb:41.394092082977295 - perf/max_memory_reserved_gb:46.6484375 - perf/cpu_memory_used_gb:136.20672988891602 - actor/lr:1e-06 - training/global_step:116 - training/epoch:115 - critic/score/mean:1.0 - critic/score/max:1.0 - critic/score/min:1.0 - critic/rewards/mean:1.0 - critic/rewards/max:1.0 - critic/rewards/min:1.0 - critic/advantages/mean:0.9999991059303284 - critic/advantages/max:0.9999990463256836 - critic/advantages/min:0.9999990463256836 - critic/returns/mean:0.9999991059303284 - critic/returns/max:0.9999990463256836 - critic/returns/min:0.9999990463256836 - response_length/mean:309.0 - response_length/max:324.0 - response_length/min:294.0 - response_length/clip_ratio:0.0 - response_length_non_aborted/mean:309.0 - response_length_non_aborted/max:324.0 - response_length_non_aborted/min:294.0 - response_length_non_aborted/clip_ratio:0.0 - response/aborted_ratio:0.0 - prompt_length/mean:180.0 - prompt_length/max:180.0 - prompt_length/min:180.0 - prompt_length/clip_ratio:0.0 - num_turns/min:2 - num_turns/max:2 - num_turns/mean:2.0 - timing_s/start_profile:0.000247051939368248 - timing_s/agent_loop/num_preempted/min:-1 - timing_s/agent_loop/num_preempted/max:-1 - timing_s/agent_loop/num_preempted/mean:-1.0 - timing_s/agent_loop/generate_sequences/min:4.701686330139637 - timing_s/agent_loop/generate_sequences/max:5.275226440280676 - timing_s/agent_loop/generate_sequences/mean:4.988456385210156 - timing_s/agent_loop/tool_calls/min:0.0 - timing_s/agent_loop/tool_calls/max:0.0 - timing_s/agent_loop/tool_calls/mean:0.0 - timing_s/agent_loop/slowest/generate_sequences:5.275226440280676 - timing_s/agent_loop/slowest/tool_calls:0.0 - timing_s/agent_loop/slowest/prompt_length:180 - timing_s/agent_loop/slowest/response_length:324 - timing_s/agent_loop/slowest/num_preempted:-1 - timing_s/gen:5.9416335839778185 - timing_s/fc_opd:19.955600138753653 - timing_s/reward:2.1032989025115967e-05 - timing_s/old_log_prob:0.18015139922499657 - timing_s/adv:0.00045275501906871796 - timing_s/update_actor:0.644759763032198 - timing_s/update_weights:1.9823711831122637 - timing_s/step:28.708012998104095 - timing_s/stop_profile:4.8492103815078735e-05 - timing_per_token_ms/gen:9.614293825206826 - timing_per_token_ms/adv:0.0004629396922993026 - timing_per_token_ms/update_actor:0.6592635613826155 - perf/total_num_tokens:978 - perf/time_per_step:28.708012998104095 - perf/throughput:17.03357177775745[36m(TaskRunner pid=431148)[0m Training Progress:  58%|█████▊    | 116/200 [1:01:49<40:20, 28.82s/it]
[36m(pid=3277388)[0m /inspire/hdd/global_user/mengweicheng-240108120092/lzy/fc-opd-storage/envs/fc-opd-verl071-cu128/lib/python3.12/site-packages/torch/cuda/__init__.py:63: FutureWarning: The pynvml package is deprecated. Please install nvidia-ml-py instead. If you did not install pynvml directly, please report this to the maintainers of the package that installed pynvml for you.
[36m(pid=3277388)[0m   import pynvml  # type: ignore[import]
[36m(pid=3277388)[0m /inspire/hdd/global_user/mengweicheng-240108120092/lzy/fc-opd-storage/envs/fc-opd-verl071-cu128/lib/python3.12/site-packages/transformers/utils/hub.py:110: FutureWarning: Using `TRANSFORMERS_CACHE` is deprecated and will be removed in v5 of Transformers. Use `HF_HOME` instead.
[36m(pid=3277388)[0m   warnings.warn(
[36m(_RayStudentScorerActor pid=3277388)[0m `torch_dtype` is deprecated! Use `dtype` instead!
[36m(_RayStudentScorerActor pid=3277388)[0m Loading checkpoint shards:   0%|          | 0/2 [00:00<?, ?it/s]
[36m(_RayStudentScorerActor pid=3277388)[0m Loading checkpoint shards:  50%|█████     | 1/2 [00:02<00:02,  2.63s/it]
[36m(_RayStudentScorerActor pid=3277388)[0m Loading checkpoint shards: 100%|██████████| 2/2 [00:04<00:00,  2.32s/it]Loading checkpoint shards: 100%|██████████| 2/2 [00:04<00:00,  2.37s/it]
[36m(WorkerDict pid=533144)[0m INFO:2026-06-29 14:15:16,521:update_weights done, time cost: 0.49s
[36m(TaskRunner pid=431148)[0m Training Progress:  58%|█████▊    | 117/200 [1:02:17<39:49, 28.78s/it]
[36m(pid=3327398)[0m /inspire/hdd/global_user/mengweicheng-240108120092/lzy/fc-opd-storage/envs/fc-opd-verl071-cu128/lib/python3.12/site-packages/torch/cuda/__init__.py:63: FutureWarning: The pynvml package is deprecated. Please install nvidia-ml-py instead. If you did not install pynvml directly, please report this to the maintainers of the package that installed pynvml for you.
[36m(pid=3327398)[0m   import pynvml  # type: ignore[import]
[36m(pid=3327398)[0m /inspire/hdd/global_user/mengweicheng-240108120092/lzy/fc-opd-storage/envs/fc-opd-verl071-cu128/lib/python3.12/site-packages/transformers/utils/hub.py:110: FutureWarning: Using `TRANSFORMERS_CACHE` is deprecated and will be removed in v5 of Transformers. Use `HF_HOME` instead.
[36m(pid=3327398)[0m   warnings.warn(
[36m(_RayStudentScorerActor pid=3327398)[0m `torch_dtype` is deprecated! Use `dtype` instead!
[36m(_RayStudentScorerActor pid=3327398)[0m Loading checkpoint shards:   0%|          | 0/2 [00:00<?, ?it/s]
[36m(_RayStudentScorerActor pid=3327398)[0m Loading checkpoint shards:  50%|█████     | 1/2 [00:03<00:03,  3.00s/it]
[36m(_RayStudentScorerActor pid=3327398)[0m Loading checkpoint shards: 100%|██████████| 2/2 [00:05<00:00,  2.65s/it]Loading checkpoint shards: 100%|██████████| 2/2 [00:05<00:00,  2.71s/it]
[36m(WorkerDict pid=533144)[0m INFO:2026-06-29 14:15:46,965:update_weights done, time cost: 0.46s
[36m(TaskRunner pid=431148)[0m Training Progress:  59%|█████▉    | 118/200 [1:02:48<40:01, 29.29s/it]
[36m(pid=3386846)[0m /inspire/hdd/global_user/mengweicheng-240108120092/lzy/fc-opd-storage/envs/fc-opd-verl071-cu128/lib/python3.12/site-packages/torch/cuda/__init__.py:63: FutureWarning: The pynvml package is deprecated. Please install nvidia-ml-py instead. If you did not install pynvml directly, please report this to the maintainers of the package that installed pynvml for you.
[36m(pid=3386846)[0m   import pynvml  # type: ignore[import]
[36m(pid=3386846)[0m /inspire/hdd/global_user/mengweicheng-240108120092/lzy/fc-opd-storage/envs/fc-opd-verl071-cu128/lib/python3.12/site-packages/transformers/utils/hub.py:110: FutureWarning: Using `TRANSFORMERS_CACHE` is deprecated and will be removed in v5 of Transformers. Use `HF_HOME` instead.
[36m(pid=3386846)[0m   warnings.warn(
[36m(_RayStudentScorerActor pid=3386846)[0m `torch_dtype` is deprecated! Use `dtype` instead!
[36m(_RayStudentScorerActor pid=3386846)[0m Loading checkpoint shards:   0%|          | 0/2 [00:00<?, ?it/s]
[36m(_RayStudentScorerActor pid=3386846)[0m Loading checkpoint shards:  50%|█████     | 1/2 [00:02<00:02,  2.66s/it]
[36m(_RayStudentScorerActor pid=3386846)[0m Loading checkpoint shards: 100%|██████████| 2/2 [00:04<00:00,  2.33s/it]Loading checkpoint shards: 100%|██████████| 2/2 [00:04<00:00,  2.38s/it]
[36m(WorkerDict pid=533144)[0m INFO:2026-06-29 14:16:17,297:update_weights done, time cost: 0.47s

[36m(TaskRunner pid=431148)[0m step:117 - fc_opd/hook_loss:0.30411872267723083 - fc_opd/hook_num_samples:2.0 - fc_opd/hook_active_weight:54.79633331298828 - fc_opd/loss/task_visible:0.3217689096927643 - fc_opd/selection/task_visible:0.0127224400639534 - fc_opd/loss/degraded:0.0 - fc_opd/selection/degraded:0.0 - fc_opd/loss/task_infer:0.7069708108901978 - fc_opd/selection/task_infer:0.011649364605545998 - fc_opd/loss/full:0.14653918147087097 - fc_opd/selection/full:0.04950173199176788 - fc_opd/loss/task_solve:0.4806353449821472 - fc_opd/selection/task_solve:0.016805555671453476 - fc_opd/loss/free:0.0 - fc_opd/selection/free:0.0 - fc_opd/loss/chunk/visible_evidence:0.0 - fc_opd/loss/chunk/diagram_inference:0.0 - fc_opd/loss/chunk/reasoning:0.027570579200983047 - fc_opd/loss/chunk/answer:0.0 - fc_opd/loss/total:0.30411872267723083 - fc_opd/online/loss:0.30411872267723083 - fc_opd/online/num_samples:2.0 - global_seqlen/min:465 - global_seqlen/max:499 - global_seqlen/minmax_diff:34 - global_seqlen/balanced_min:465 - global_seqlen/balanced_max:499 - global_seqlen/mean:482.0 - actor/entropy:0.22582009434700012 - perf/mfu/actor_infer:0 - actor/pg_loss:-0.9999990463256836 - actor/kl_loss:0.0 - actor/fc_opd_loss:0.13028926402330399 - actor/pg_clipfrac:0.0 - actor/ppo_kl:0.0 - actor/pg_clipfrac_lower:0.0 - actor/fc_opd_coef:0.10000000149011612 - actor/fc_opd_active_weight_mean:0.053512049838900566 - actor/grad_norm:5.53092098236084 - perf/mfu/actor:0.019674143368188415 - perf/max_memory_allocated_gb:41.394092082977295 - perf/max_memory_reserved_gb:46.6484375 - perf/cpu_memory_used_gb:136.17632675170898 - actor/lr:1e-06 - training/global_step:117 - training/epoch:116 - critic/score/mean:1.0 - critic/score/max:1.0 - critic/score/min:1.0 - critic/rewards/mean:1.0 - critic/rewards/max:1.0 - critic/rewards/min:1.0 - critic/advantages/mean:0.9999991059303284 - critic/advantages/max:0.9999990463256836 - critic/advantages/min:0.9999990463256836 - critic/returns/mean:0.9999991059303284 - critic/returns/max:0.9999990463256836 - critic/returns/min:0.9999990463256836 - response_length/mean:302.0 - response_length/max:319.0 - response_length/min:285.0 - response_length/clip_ratio:0.0 - response_length_non_aborted/mean:302.0 - response_length_non_aborted/max:319.0 - response_length_non_aborted/min:285.0 - response_length_non_aborted/clip_ratio:0.0 - response/aborted_ratio:0.0 - prompt_length/mean:180.0 - prompt_length/max:180.0 - prompt_length/min:180.0 - prompt_length/clip_ratio:0.0 - num_turns/min:2 - num_turns/max:2 - num_turns/mean:2.0 - timing_s/start_profile:0.00026206858456134796 - timing_s/agent_loop/num_preempted/min:-1 - timing_s/agent_loop/num_preempted/max:-1 - timing_s/agent_loop/num_preempted/mean:-1.0 - timing_s/agent_loop/generate_sequences/min:4.640771195292473 - timing_s/agent_loop/generate_sequences/max:5.095239153131843 - timing_s/agent_loop/generate_sequences/mean:4.868005174212158 - timing_s/agent_loop/tool_calls/min:0.0 - timing_s/agent_loop/tool_calls/max:0.0 - timing_s/agent_loop/tool_calls/mean:0.0 - timing_s/agent_loop/slowest/generate_sequences:5.095239153131843 - timing_s/agent_loop/slowest/tool_calls:0.0 - timing_s/agent_loop/slowest/prompt_length:180 - timing_s/agent_loop/slowest/response_length:319 - timing_s/agent_loop/slowest/num_preempted:-1 - timing_s/gen:5.746075434610248 - timing_s/fc_opd:19.742536693811417 - timing_s/reward:2.4788081645965576e-05 - timing_s/old_log_prob:0.17892443388700485 - timing_s/adv:0.00043205171823501587 - timing_s/update_actor:0.6630337443202734 - timing_s/update_weights:2.1189965922385454 - timing_s/step:28.453045109286904 - timing_s/stop_profile:4.920735955238342e-05 - timing_per_token_ms/gen:9.513369924851403 - timing_per_token_ms/adv:0.0004481864297043733 - timing_per_token_ms/update_actor:0.6877943405811965 - perf/total_num_tokens:964 - perf/time_per_step:28.453045109286904 - perf/throughput:16.94019034337657
[36m(TaskRunner pid=431148)[0m step:118 - fc_opd/hook_loss:0.28294849395751953 - fc_opd/hook_num_samples:2.0 - fc_opd/hook_active_weight:57.62449264526367 - fc_opd/loss/task_visible:0.6139388084411621 - fc_opd/selection/task_visible:0.010960619896650314 - fc_opd/loss/degraded:0.0 - fc_opd/selection/degraded:0.0 - fc_opd/loss/task_infer:0.5988636016845703 - fc_opd/selection/task_infer:0.009714086540043354 - fc_opd/loss/full:0.13420796394348145 - fc_opd/selection/full:0.05206732451915741 - fc_opd/loss/task_solve:0.32749027013778687 - fc_opd/selection/task_solve:0.017131928354501724 - fc_opd/loss/free:0.0 - fc_opd/selection/free:0.0 - fc_opd/loss/chunk/visible_evidence:0.0 - fc_opd/loss/chunk/diagram_inference:0.0 - fc_opd/loss/chunk/reasoning:0.02542891725897789 - fc_opd/loss/chunk/answer:0.0 - fc_opd/loss/total:0.28294849395751953 - fc_opd/online/loss:0.28294849395751953 - fc_opd/online/num_samples:2.0 - global_seqlen/min:479 - global_seqlen/max:522 - global_seqlen/minmax_diff:43 - global_seqlen/balanced_min:479 - global_seqlen/balanced_max:522 - global_seqlen/mean:500.5 - actor/entropy:0.2412925660610199 - perf/mfu/actor_infer:0 - actor/pg_loss:-0.9999990165233612 - actor/kl_loss:0.0 - actor/fc_opd_loss:0.12376850843429565 - actor/pg_clipfrac:0.0 - actor/ppo_kl:0.0 - actor/pg_clipfrac_lower:0.0 - actor/fc_opd_coef:0.10000000149011612 - actor/fc_opd_active_weight_mean:0.056273918598890305 - actor/grad_norm:4.8420186042785645 - perf/mfu/actor:0.02010088296733089 - perf/max_memory_allocated_gb:41.394092082977295 - perf/max_memory_reserved_gb:46.6484375 - perf/cpu_memory_used_gb:135.59750747680664 - actor/lr:1e-06 - training/global_step:118 - training/epoch:117 - critic/score/mean:1.0 - critic/score/max:1.0 - critic/score/min:1.0 - critic/rewards/mean:1.0 - critic/rewards/max:1.0 - critic/rewards/min:1.0 - critic/advantages/mean:0.9999991655349731 - critic/advantages/max:0.9999990463256836 - critic/advantages/min:0.9999990463256836 - critic/returns/mean:0.9999991655349731 - critic/returns/max:0.9999990463256836 - critic/returns/min:0.9999990463256836 - response_length/mean:320.5 - response_length/max:342.0 - response_length/min:299.0 - response_length/clip_ratio:0.0 - response_length_non_aborted/mean:320.5 - response_length_non_aborted/max:342.0 - response_length_non_aborted/min:299.0 - response_length_non_aborted/clip_ratio:0.0 - response/aborted_ratio:0.0 - prompt_length/mean:180.0 - prompt_length/max:180.0 - prompt_length/min:180.0 - prompt_length/clip_ratio:0.0 - num_turns/min:2 - num_turns/max:2 - num_turns/mean:2.0 - timing_s/start_profile:0.0002472158521413803 - timing_s/agent_loop/num_preempted/min:-1 - timing_s/agent_loop/num_preempted/max:-1 - timing_s/agent_loop/num_preempted/mean:-1.0 - timing_s/agent_loop/generate_sequences/min:4.793617619201541 - timing_s/agent_loop/generate_sequences/max:5.5839917827397585 - timing_s/agent_loop/generate_sequences/mean:5.18880470097065 - timing_s/agent_loop/tool_calls/min:0.0 - timing_s/agent_loop/tool_calls/max:0.0 - timing_s/agent_loop/tool_calls/mean:0.0 - timing_s/agent_loop/slowest/generate_sequences:5.5839917827397585 - timing_s/agent_loop/slowest/tool_calls:0.0 - timing_s/agent_loop/slowest/prompt_length:180 - timing_s/agent_loop/slowest/response_length:342 - timing_s/agent_loop/slowest/num_preempted:-1 - timing_s/gen:6.267396466806531 - timing_s/fc_opd:21.18916748650372 - timing_s/reward:1.761689782142639e-05 - timing_s/old_log_prob:0.17517012357711792 - timing_s/adv:0.00036462023854255676 - timing_s/update_actor:0.6722735594958067 - timing_s/update_weights:1.9107194058597088 - timing_s/step:30.217957869172096 - timing_s/stop_profile:4.085339605808258e-05 - timing_per_token_ms/gen:9.777529589401764 - timing_per_token_ms/adv:0.00036425598255999676 - timing_per_token_ms/update_actor:0.6716019575382685 - perf/total_num_tokens:1001 - perf/time_per_step:30.217957869172096 - perf/throughput:16.562998802463834
[36m(TaskRunner pid=431148)[0m step:119 - fc_opd/hook_loss:0.3343520164489746 - fc_opd/hook_num_samples:2.0 - fc_opd/hook_active_weight:63.849525451660156 - fc_opd/loss/task_visible:0.46580320596694946 - fc_opd/selection/task_visible:0.013407047837972641 - fc_opd/loss/degraded:0.0 - fc_opd/selection/degraded:0.0 - fc_opd/loss/task_infer:0.7181601524353027 - fc_opd/selection/task_infer:0.010866341181099415 - fc_opd/loss/full:0.1727445125579834 - fc_opd/selection/full:0.05072622373700142 - fc_opd/loss/task_solve:0.45979130268096924 - fc_opd/selection/task_solve:0.01783243753015995 - fc_opd/loss/free:0.0 - fc_opd/selection/free:0.0 - fc_opd/loss/chunk/visible_evidence:0.0 - fc_opd/loss/chunk/diagram_inference:0.0 - fc_opd/loss/chunk/reasoning:0.030984073877334595 - fc_opd/loss/chunk/answer:0.0 - fc_opd/loss/total:0.3343520164489746 - fc_opd/online/loss:0.3343520164489746 - fc_opd/online/num_samples:2.0 - global_seqlen/min:513 - global_seqlen/max:535 - global_seqlen/minmax_diff:22 - global_seqlen/balanced_min:513 - global_seqlen/balanced_max:535 - global_seqlen/mean:524.0 - actor/entropy:0.28565800189971924 - perf/mfu/actor_infer:0 - actor/pg_loss:-0.999999076128006 - actor/kl_loss:0.0 - actor/fc_opd_loss:0.1426370106637478 - actor/pg_clipfrac:0.0 - actor/ppo_kl:0.0 - actor/pg_clipfrac_lower:0.0 - actor/fc_opd_coef:0.10000000149011612 - actor/fc_opd_active_weight_mean:0.062353046610951424 - actor/grad_norm:5.580122947692871 - perf/mfu/actor:0.021812813129821168 - perf/max_memory_allocated_gb:41.394092082977295 - perf/max_memory_reserved_gb:46.6484375 - perf/cpu_memory_used_gb:136.15696716308594 - actor/lr:1e-06 - training/global_step:119 - training/epoch:118 - critic/score/mean:1.0 - critic/score/max:1.0 - critic/score/min:1.0 - critic/rewards/mean:1.0 - critic/rewards/max:1.0 - critic/rewards/min:1.0 - critic/advantages/mean:0.9999992251396179 - critic/advantages/max:0.9999990463256836 - critic/advantages/min:0.9999990463256836 - critic/returns/mean:0.9999992251396179 - critic/returns/max:0.9999990463256836 - critic/returns/min:0.9999990463256836 - response_length/mean:344.0 - response_length/max:355.0 - response_length/min:333.0 - response_length/clip_ratio:0.0 - response_length_non_aborted/mean:344.0 - response_length_non_aborted/max:355.0 - response_length_non_aborted/min:333.0 - response_length_non_aborted/clip_ratio:0.0 - response/aborted_ratio:0.0 - prompt_length/mean:180.0 - prompt_length/max:180.0 - prompt_length/min:180.0 - prompt_length/clip_ratio:0.0 - num_turns/min:2 - num_turns/max:2 - num_turns/mean:2.0 - timing_s/start_profile:0.00027007609605789185 - timing_s/agent_loop/num_preempted/min:-1 - timing_s/agent_loop/num_preempted/max:-1 - timing_s/agent_loop/num_preempted/mean:-1.0 - timing_s/agent_loop/generate_sequences/min:5.412186350673437 - timing_s/agent_loop/generate_sequences/max:5.723268382251263 - timing_s/agent_loop/generate_sequences/mean:5.56772736646235 - timing_s/agent_loop/tool_calls/min:0.0 - timing_s/agent_loop/tool_calls/max:0.0 - timing_s/agent_loop/tool_calls/mean:0.0 - timing_s/agent_loop/slowest/generate_sequences:5.723268382251263 - timing_s/agent_loop/slowest/tool_calls:0.0 - timing_s/agent_loop/slowest/prompt_length:180 - timing_s/agent_loop/slowest/response_length:355 - timing_s/agent_loop/slowest/num_preempted:-1 - timing_s/gen:6.354429138824344 - timing_s/fc_opd:20.90984595566988 - timing_s/reward:2.403371036052704e-05 - timing_s/old_log_prob:0.17684455588459969 - timing_s/adv:0.0004271566867828369 - timing_s/update_actor:0.6492884568870068 - timing_s/update_weights:1.9958837870508432 - timing_s/step:30.090175911784172 - timing_s/stop_profile:4.67691570520401e-05 - timing_per_token_ms/gen:9.236088864570267 - timing_per_token_ms/adv:0.00040759225838056957 - timing_per_token_ms/update_actor:0.619550054281495 - perf/total_num_tokens:1048 - perf/time_per_step:30.090175911784172 - perf/throughput:17.41432158908671[36m(TaskRunner pid=431148)[0m Training Progress:  60%|█████▉    | 119/200 [1:03:18<39:57, 29.60s/it]
[36m(pid=3440495)[0m /inspire/hdd/global_user/mengweicheng-240108120092/lzy/fc-opd-storage/envs/fc-opd-verl071-cu128/lib/python3.12/site-packages/torch/cuda/__init__.py:63: FutureWarning: The pynvml package is deprecated. Please install nvidia-ml-py instead. If you did not install pynvml directly, please report this to the maintainers of the package that installed pynvml for you.
[36m(pid=3440495)[0m   import pynvml  # type: ignore[import]
[36m(pid=3440495)[0m /inspire/hdd/global_user/mengweicheng-240108120092/lzy/fc-opd-storage/envs/fc-opd-verl071-cu128/lib/python3.12/site-packages/transformers/utils/hub.py:110: FutureWarning: Using `TRANSFORMERS_CACHE` is deprecated and will be removed in v5 of Transformers. Use `HF_HOME` instead.
[36m(pid=3440495)[0m   warnings.warn(
[36m(_RayStudentScorerActor pid=3440495)[0m `torch_dtype` is deprecated! Use `dtype` instead!
[36m(_RayStudentScorerActor pid=3440495)[0m Loading checkpoint shards:   0%|          | 0/2 [00:00<?, ?it/s]
[36m(_RayStudentScorerActor pid=3440495)[0m Loading checkpoint shards:  50%|█████     | 1/2 [00:02<00:02,  2.63s/it]
[36m(_RayStudentScorerActor pid=3440495)[0m Loading checkpoint shards: 100%|██████████| 2/2 [00:04<00:00,  2.33s/it]Loading checkpoint shards: 100%|██████████| 2/2 [00:04<00:00,  2.37s/it]
[36m(WorkerDict pid=533144)[0m INFO:2026-06-29 14:16:46,194:update_weights done, time cost: 0.48s
[36m(TaskRunner pid=431148)[0m Training Progress:  60%|██████    | 120/200 [1:03:47<39:11, 29.39s/it]
[36m(pid=3494152)[0m /inspire/hdd/global_user/mengweicheng-240108120092/lzy/fc-opd-storage/envs/fc-opd-verl071-cu128/lib/python3.12/site-packages/torch/cuda/__init__.py:63: FutureWarning: The pynvml package is deprecated. Please install nvidia-ml-py instead. If you did not install pynvml directly, please report this to the maintainers of the package that installed pynvml for you.
[36m(pid=3494152)[0m   import pynvml  # type: ignore[import]
[36m(pid=3494152)[0m /inspire/hdd/global_user/mengweicheng-240108120092/lzy/fc-opd-storage/envs/fc-opd-verl071-cu128/lib/python3.12/site-packages/transformers/utils/hub.py:110: FutureWarning: Using `TRANSFORMERS_CACHE` is deprecated and will be removed in v5 of Transformers. Use `HF_HOME` instead.
[36m(pid=3494152)[0m   warnings.warn(
[36m(_RayStudentScorerActor pid=3494152)[0m `torch_dtype` is deprecated! Use `dtype` instead!
[36m(_RayStudentScorerActor pid=3494152)[0m Loading checkpoint shards:   0%|          | 0/2 [00:00<?, ?it/s]
[36m(_RayStudentScorerActor pid=3494152)[0m Loading checkpoint shards:  50%|█████     | 1/2 [00:03<00:03,  3.03s/it]
[36m(_RayStudentScorerActor pid=3494152)[0m Loading checkpoint shards: 100%|██████████| 2/2 [00:05<00:00,  2.67s/it]Loading checkpoint shards: 100%|██████████| 2/2 [00:05<00:00,  2.73s/it]
[36m(WorkerDict pid=533144)[0m INFO:2026-06-29 14:17:17,887:update_weights done, time cost: 0.49s
[36m(TaskRunner pid=431148)[0m Training Progress:  60%|██████    | 121/200 [1:04:19<39:36, 30.08s/it]
[36m(pid=3551243)[0m /inspire/hdd/global_user/mengweicheng-240108120092/lzy/fc-opd-storage/envs/fc-opd-verl071-cu128/lib/python3.12/site-packages/torch/cuda/__init__.py:63: FutureWarning: The pynvml package is deprecated. Please install nvidia-ml-py instead. If you did not install pynvml directly, please report this to the maintainers of the package that installed pynvml for you.
[36m(pid=3551243)[0m   import pynvml  # type: ignore[import]
[36m(pid=3551243)[0m /inspire/hdd/global_user/mengweicheng-240108120092/lzy/fc-opd-storage/envs/fc-opd-verl071-cu128/lib/python3.12/site-packages/transformers/utils/hub.py:110: FutureWarning: Using `TRANSFORMERS_CACHE` is deprecated and will be removed in v5 of Transformers. Use `HF_HOME` instead.
[36m(pid=3551243)[0m   warnings.warn(
[36m(_RayStudentScorerActor pid=3551243)[0m `torch_dtype` is deprecated! Use `dtype` instead!
[36m(_RayStudentScorerActor pid=3551243)[0m Loading checkpoint shards:   0%|          | 0/2 [00:00<?, ?it/s]
[36m(_RayStudentScorerActor pid=3551243)[0m Loading checkpoint shards:  50%|█████     | 1/2 [00:03<00:03,  3.07s/it]
[36m(_RayStudentScorerActor pid=3551243)[0m Loading checkpoint shards: 100%|██████████| 2/2 [00:05<00:00,  2.69s/it]Loading checkpoint shards: 100%|██████████| 2/2 [00:05<00:00,  2.74s/it]
[36m(WorkerDict pid=533144)[0m INFO:2026-06-29 14:17:46,905:update_weights done, time cost: 0.55s

[36m(TaskRunner pid=431148)[0m step:120 - fc_opd/hook_loss:0.3769742250442505 - fc_opd/hook_num_samples:2.0 - fc_opd/hook_active_weight:56.90669631958008 - fc_opd/loss/task_visible:0.6307193040847778 - fc_opd/selection/task_visible:0.013041128404438496 - fc_opd/loss/degraded:0.0 - fc_opd/selection/degraded:0.0 - fc_opd/loss/task_infer:1.2162752151489258 - fc_opd/selection/task_infer:0.010159546509385109 - fc_opd/loss/full:0.10358985513448715 - fc_opd/selection/full:0.04678678512573242 - fc_opd/loss/task_solve:0.40001392364501953 - fc_opd/selection/task_solve:0.021357228979468346 - fc_opd/loss/free:0.0 - fc_opd/selection/free:0.0 - fc_opd/loss/chunk/visible_evidence:0.0 - fc_opd/loss/chunk/diagram_inference:0.0 - fc_opd/loss/chunk/reasoning:0.0344327911734581 - fc_opd/loss/chunk/answer:0.0 - fc_opd/loss/total:0.3769742250442505 - fc_opd/online/loss:0.3769742250442505 - fc_opd/online/num_samples:2.0 - global_seqlen/min:485 - global_seqlen/max:498 - global_seqlen/minmax_diff:13 - global_seqlen/balanced_min:485 - global_seqlen/balanced_max:498 - global_seqlen/mean:491.5 - actor/entropy:0.26113322377204895 - perf/mfu/actor_infer:0 - actor/pg_loss:-0.9999990165233612 - actor/kl_loss:0.0 - actor/fc_opd_loss:0.17976781725883484 - actor/pg_clipfrac:0.0 - actor/ppo_kl:0.0 - actor/pg_clipfrac_lower:0.0 - actor/fc_opd_coef:0.10000000149011612 - actor/fc_opd_active_weight_mean:0.05557294562458992 - actor/grad_norm:6.0337815284729 - perf/mfu/actor:0.02021415290107747 - perf/max_memory_allocated_gb:41.394092082977295 - perf/max_memory_reserved_gb:46.6484375 - perf/cpu_memory_used_gb:135.5857276916504 - actor/lr:1e-06 - training/global_step:120 - training/epoch:119 - critic/score/mean:1.0 - critic/score/max:1.0 - critic/score/min:1.0 - critic/rewards/mean:1.0 - critic/rewards/max:1.0 - critic/rewards/min:1.0 - critic/advantages/mean:0.9999991059303284 - critic/advantages/max:0.9999990463256836 - critic/advantages/min:0.9999990463256836 - critic/returns/mean:0.9999991059303284 - critic/returns/max:0.9999990463256836 - critic/returns/min:0.9999990463256836 - response_length/mean:311.5 - response_length/max:318.0 - response_length/min:305.0 - response_length/clip_ratio:0.0 - response_length_non_aborted/mean:311.5 - response_length_non_aborted/max:318.0 - response_length_non_aborted/min:305.0 - response_length_non_aborted/clip_ratio:0.0 - response/aborted_ratio:0.0 - prompt_length/mean:180.0 - prompt_length/max:180.0 - prompt_length/min:180.0 - prompt_length/clip_ratio:0.0 - num_turns/min:2 - num_turns/max:2 - num_turns/mean:2.0 - timing_s/start_profile:0.00025638192892074585 - timing_s/agent_loop/num_preempted/min:-1 - timing_s/agent_loop/num_preempted/max:-1 - timing_s/agent_loop/num_preempted/mean:-1.0 - timing_s/agent_loop/generate_sequences/min:4.879122655838728 - timing_s/agent_loop/generate_sequences/max:5.15219028480351 - timing_s/agent_loop/generate_sequences/mean:5.015656470321119 - timing_s/agent_loop/tool_calls/min:0.0 - timing_s/agent_loop/tool_calls/max:0.0 - timing_s/agent_loop/tool_calls/mean:0.0 - timing_s/agent_loop/slowest/generate_sequences:5.15219028480351 - timing_s/agent_loop/slowest/tool_calls:0.0 - timing_s/agent_loop/slowest/prompt_length:180 - timing_s/agent_loop/slowest/response_length:318 - timing_s/agent_loop/slowest/num_preempted:-1 - timing_s/gen:5.806799836456776 - timing_s/fc_opd:20.05981750972569 - timing_s/reward:2.5227665901184082e-05 - timing_s/old_log_prob:0.182814484462142 - timing_s/adv:0.0004618298262357712 - timing_s/update_actor:0.6581234727054834 - timing_s/update_weights:1.9671722818166018 - timing_s/step:28.678068049252033 - timing_s/stop_profile:4.844367504119873e-05 - timing_per_token_ms/gen:9.320705997522914 - timing_per_token_ms/adv:0.0004698167103110592 - timing_per_token_ms/update_actor:0.6695050587034419 - perf/total_num_tokens:983 - perf/time_per_step:28.678068049252033 - perf/throughput:17.13853245469299
[36m(TaskRunner pid=431148)[0m step:121 - fc_opd/hook_loss:0.26027390360832214 - fc_opd/hook_num_samples:2.0 - fc_opd/hook_active_weight:63.96061325073242 - fc_opd/loss/task_visible:0.5027245283126831 - fc_opd/selection/task_visible:0.012503152713179588 - fc_opd/loss/degraded:0.0 - fc_opd/selection/degraded:0.0 - fc_opd/loss/task_infer:0.7260412573814392 - fc_opd/selection/task_infer:0.010846029035747051 - fc_opd/loss/full:0.09912651777267456 - fc_opd/selection/full:0.05287593603134155 - fc_opd/loss/task_solve:0.29410913586616516 - fc_opd/selection/task_solve:0.017027489840984344 - fc_opd/loss/free:0.0 - fc_opd/selection/free:0.0 - fc_opd/loss/chunk/visible_evidence:0.0 - fc_opd/loss/chunk/diagram_inference:0.0 - fc_opd/loss/chunk/reasoning:0.024310138076543808 - fc_opd/loss/chunk/answer:0.0 - fc_opd/loss/total:0.26027390360832214 - fc_opd/online/loss:0.26027390360832214 - fc_opd/online/num_samples:2.0 - global_seqlen/min:474 - global_seqlen/max:571 - global_seqlen/minmax_diff:97 - global_seqlen/balanced_min:474 - global_seqlen/balanced_max:571 - global_seqlen/mean:522.5 - actor/entropy:0.2271849662065506 - perf/mfu/actor_infer:0 - actor/pg_loss:-0.9999990463256836 - actor/kl_loss:0.0 - actor/fc_opd_loss:0.11732672154903412 - actor/pg_clipfrac:0.0 - actor/ppo_kl:0.0 - actor/pg_clipfrac_lower:0.0 - actor/fc_opd_coef:0.10000000149011612 - actor/fc_opd_active_weight_mean:0.06246153451502323 - actor/grad_norm:5.6551594734191895 - perf/mfu/actor:0.021587098194074977 - perf/max_memory_allocated_gb:41.394092082977295 - perf/max_memory_reserved_gb:46.6484375 - perf/cpu_memory_used_gb:136.06771087646484 - actor/lr:1e-06 - training/global_step:121 - training/epoch:120 - critic/score/mean:1.0 - critic/score/max:1.0 - critic/score/min:1.0 - critic/rewards/mean:1.0 - critic/rewards/max:1.0 - critic/rewards/min:1.0 - critic/advantages/mean:0.9999992251396179 - critic/advantages/max:0.9999990463256836 - critic/advantages/min:0.9999990463256836 - critic/returns/mean:0.9999992251396179 - critic/returns/max:0.9999990463256836 - critic/returns/min:0.9999990463256836 - response_length/mean:342.5 - response_length/max:391.0 - response_length/min:294.0 - response_length/clip_ratio:0.0 - response_length_non_aborted/mean:342.5 - response_length_non_aborted/max:391.0 - response_length_non_aborted/min:294.0 - response_length_non_aborted/clip_ratio:0.0 - response/aborted_ratio:0.0 - prompt_length/mean:180.0 - prompt_length/max:180.0 - prompt_length/min:180.0 - prompt_length/clip_ratio:0.0 - num_turns/min:2 - num_turns/max:2 - num_turns/mean:2.0 - timing_s/start_profile:0.0002382975071668625 - timing_s/agent_loop/num_preempted/min:-1 - timing_s/agent_loop/num_preempted/max:-1 - timing_s/agent_loop/num_preempted/mean:-1.0 - timing_s/agent_loop/generate_sequences/min:4.686902234330773 - timing_s/agent_loop/generate_sequences/max:6.3920877892524 - timing_s/agent_loop/generate_sequences/mean:5.539495011791587 - timing_s/agent_loop/tool_calls/min:0.0 - timing_s/agent_loop/tool_calls/max:0.0 - timing_s/agent_loop/tool_calls/mean:0.0 - timing_s/agent_loop/slowest/generate_sequences:6.3920877892524 - timing_s/agent_loop/slowest/tool_calls:0.0 - timing_s/agent_loop/slowest/prompt_length:180 - timing_s/agent_loop/slowest/response_length:391 - timing_s/agent_loop/slowest/num_preempted:-1 - timing_s/gen:7.015582378953695 - timing_s/fc_opd:21.54731817729771 - timing_s/reward:2.4454668164253235e-05 - timing_s/old_log_prob:0.17807497642934322 - timing_s/adv:0.0005886703729629517 - timing_s/update_actor:0.6555488407611847 - timing_s/update_weights:2.0589721966534853 - timing_s/step:31.459155837073922 - timing_s/stop_profile:4.7968700528144836e-05 - timing_per_token_ms/gen:10.241726100662328 - timing_per_token_ms/adv:0.0005633209310650255 - timing_per_token_ms/update_actor:0.627319464843239 - perf/total_num_tokens:1045 - perf/time_per_step:31.459155837073922 - perf/throughput:16.60883727160426
[36m(TaskRunner pid=431148)[0m step:122 - fc_opd/hook_loss:0.30938321352005005 - fc_opd/hook_num_samples:2.0 - fc_opd/hook_active_weight:55.23150634765625 - fc_opd/loss/task_visible:0.4165952205657959 - fc_opd/selection/task_visible:0.012785829603672028 - fc_opd/loss/degraded:0.0 - fc_opd/selection/degraded:0.0 - fc_opd/loss/task_infer:0.7588834762573242 - fc_opd/selection/task_infer:0.011328710243105888 - fc_opd/loss/full:0.13412366807460785 - fc_opd/selection/full:0.047812946140766144 - fc_opd/loss/task_solve:0.40631163120269775 - fc_opd/selection/task_solve:0.020129786804318428 - fc_opd/loss/free:0.0 - fc_opd/selection/free:0.0 - fc_opd/loss/chunk/visible_evidence:0.0 - fc_opd/loss/chunk/diagram_inference:0.0 - fc_opd/loss/chunk/reasoning:0.028468947857618332 - fc_opd/loss/chunk/answer:0.0 - fc_opd/loss/total:0.30938321352005005 - fc_opd/online/loss:0.30938321352005005 - fc_opd/online/num_samples:2.0 - global_seqlen/min:476 - global_seqlen/max:484 - global_seqlen/minmax_diff:8 - global_seqlen/balanced_min:476 - global_seqlen/balanced_max:484 - global_seqlen/mean:480.0 - actor/entropy:0.23750708997249603 - perf/mfu/actor_infer:0 - actor/pg_loss:-0.9999990165233612 - actor/kl_loss:0.0 - actor/fc_opd_loss:0.12609070166945457 - actor/pg_clipfrac:0.0 - actor/ppo_kl:0.0 - actor/pg_clipfrac_lower:0.0 - actor/fc_opd_coef:0.10000000149011612 - actor/fc_opd_active_weight_mean:0.053937019780278206 - actor/grad_norm:5.205894947052002 - perf/mfu/actor:0.020189418630342543 - perf/max_memory_allocated_gb:41.394092082977295 - perf/max_memory_reserved_gb:46.6484375 - perf/cpu_memory_used_gb:135.30673217773438 - actor/lr:1e-06 - training/global_step:122 - training/epoch:121 - critic/score/mean:1.0 - critic/score/max:1.0 - critic/score/min:1.0 - critic/rewards/mean:1.0 - critic/rewards/max:1.0 - critic/rewards/min:1.0 - critic/advantages/mean:0.9999991059303284 - critic/advantages/max:0.9999990463256836 - critic/advantages/min:0.9999990463256836 - critic/returns/mean:0.9999991059303284 - critic/returns/max:0.9999990463256836 - critic/returns/min:0.9999990463256836 - response_length/mean:300.0 - response_length/max:304.0 - response_length/min:296.0 - response_length/clip_ratio:0.0 - response_length_non_aborted/mean:300.0 - response_length_non_aborted/max:304.0 - response_length_non_aborted/min:296.0 - response_length_non_aborted/clip_ratio:0.0 - response/aborted_ratio:0.0 - prompt_length/mean:180.0 - prompt_length/max:180.0 - prompt_length/min:180.0 - prompt_length/clip_ratio:0.0 - num_turns/min:2 - num_turns/max:2 - num_turns/mean:2.0 - timing_s/start_profile:0.000252552330493927 - timing_s/agent_loop/num_preempted/min:-1 - timing_s/agent_loop/num_preempted/max:-1 - timing_s/agent_loop/num_preempted/mean:-1.0 - timing_s/agent_loop/generate_sequences/min:4.817492110654712 - timing_s/agent_loop/generate_sequences/max:4.873333582654595 - timing_s/agent_loop/generate_sequences/mean:4.8454128466546535 - timing_s/agent_loop/tool_calls/min:0.0 - timing_s/agent_loop/tool_calls/max:0.0 - timing_s/agent_loop/tool_calls/mean:0.0 - timing_s/agent_loop/slowest/generate_sequences:4.873333582654595 - timing_s/agent_loop/slowest/tool_calls:0.0 - timing_s/agent_loop/slowest/prompt_length:180 - timing_s/agent_loop/slowest/response_length:304 - timing_s/agent_loop/slowest/num_preempted:-1 - timing_s/gen:5.541483813896775 - timing_s/fc_opd:20.361835163086653 - timing_s/reward:2.5313347578048706e-05 - timing_s/old_log_prob:0.17878802865743637 - timing_s/adv:0.000751689076423645 - timing_s/update_actor:0.6455122176557779 - timing_s/update_weights:2.045601451769471 - timing_s/step:28.777118841186166 - timing_s/stop_profile:4.599615931510925e-05 - timing_per_token_ms/gen:9.235806356494626 - timing_per_token_ms/adv:0.0007830094546079636 - timing_per_token_ms/update_actor:0.672408560058102 - perf/total_num_tokens:960 - perf/time_per_step:28.777118841186166 - perf/throughput:16.67991860648044[36m(TaskRunner pid=431148)[0m Training Progress:  61%|██████    | 122/200 [1:04:48<38:41, 29.76s/it]
[36m(pid=3603876)[0m /inspire/hdd/global_user/mengweicheng-240108120092/lzy/fc-opd-storage/envs/fc-opd-verl071-cu128/lib/python3.12/site-packages/torch/cuda/__init__.py:63: FutureWarning: The pynvml package is deprecated. Please install nvidia-ml-py instead. If you did not install pynvml directly, please report this to the maintainers of the package that installed pynvml for you.
[36m(pid=3603876)[0m   import pynvml  # type: ignore[import]
[36m(pid=3603876)[0m /inspire/hdd/global_user/mengweicheng-240108120092/lzy/fc-opd-storage/envs/fc-opd-verl071-cu128/lib/python3.12/site-packages/transformers/utils/hub.py:110: FutureWarning: Using `TRANSFORMERS_CACHE` is deprecated and will be removed in v5 of Transformers. Use `HF_HOME` instead.
[36m(pid=3603876)[0m   warnings.warn(
[36m(_RayStudentScorerActor pid=3603876)[0m `torch_dtype` is deprecated! Use `dtype` instead!
[36m(_RayStudentScorerActor pid=3603876)[0m Loading checkpoint shards:   0%|          | 0/2 [00:00<?, ?it/s]
[36m(_RayStudentScorerActor pid=3603876)[0m Loading checkpoint shards:  50%|█████     | 1/2 [00:03<00:03,  3.06s/it]
[36m(_RayStudentScorerActor pid=3603876)[0m Loading checkpoint shards: 100%|██████████| 2/2 [00:05<00:00,  2.68s/it]Loading checkpoint shards: 100%|██████████| 2/2 [00:05<00:00,  2.74s/it]
[36m(WorkerDict pid=533144)[0m INFO:2026-06-29 14:18:17,367:update_weights done, time cost: 0.47s
[36m(TaskRunner pid=431148)[0m Training Progress:  62%|██████▏   | 123/200 [1:05:18<38:27, 29.97s/it]
[36m(pid=3659648)[0m /inspire/hdd/global_user/mengweicheng-240108120092/lzy/fc-opd-storage/envs/fc-opd-verl071-cu128/lib/python3.12/site-packages/torch/cuda/__init__.py:63: FutureWarning: The pynvml package is deprecated. Please install nvidia-ml-py instead. If you did not install pynvml directly, please report this to the maintainers of the package that installed pynvml for you.
[36m(pid=3659648)[0m   import pynvml  # type: ignore[import]
[36m(pid=3659648)[0m /inspire/hdd/global_user/mengweicheng-240108120092/lzy/fc-opd-storage/envs/fc-opd-verl071-cu128/lib/python3.12/site-packages/transformers/utils/hub.py:110: FutureWarning: Using `TRANSFORMERS_CACHE` is deprecated and will be removed in v5 of Transformers. Use `HF_HOME` instead.
[36m(pid=3659648)[0m   warnings.warn(
[36m(_RayStudentScorerActor pid=3659648)[0m `torch_dtype` is deprecated! Use `dtype` instead!
[36m(_RayStudentScorerActor pid=3659648)[0m Loading checkpoint shards:   0%|          | 0/2 [00:00<?, ?it/s]
[36m(_RayStudentScorerActor pid=3659648)[0m Loading checkpoint shards:  50%|█████     | 1/2 [00:03<00:03,  3.07s/it]
[36m(_RayStudentScorerActor pid=3659648)[0m Loading checkpoint shards: 100%|██████████| 2/2 [00:05<00:00,  2.70s/it]Loading checkpoint shards: 100%|██████████| 2/2 [00:05<00:00,  2.76s/it]
[36m(WorkerDict pid=533144)[0m INFO:2026-06-29 14:18:46,047:update_weights done, time cost: 0.52s
[36m(TaskRunner pid=431148)[0m Training Progress:  62%|██████▏   | 124/200 [1:05:47<37:28, 29.58s/it]
[36m(pid=3712296)[0m /inspire/hdd/global_user/mengweicheng-240108120092/lzy/fc-opd-storage/envs/fc-opd-verl071-cu128/lib/python3.12/site-packages/torch/cuda/__init__.py:63: FutureWarning: The pynvml package is deprecated. Please install nvidia-ml-py instead. If you did not install pynvml directly, please report this to the maintainers of the package that installed pynvml for you.
[36m(pid=3712296)[0m   import pynvml  # type: ignore[import]
[36m(pid=3712296)[0m /inspire/hdd/global_user/mengweicheng-240108120092/lzy/fc-opd-storage/envs/fc-opd-verl071-cu128/lib/python3.12/site-packages/transformers/utils/hub.py:110: FutureWarning: Using `TRANSFORMERS_CACHE` is deprecated and will be removed in v5 of Transformers. Use `HF_HOME` instead.
[36m(pid=3712296)[0m   warnings.warn(
[36m(_RayStudentScorerActor pid=3712296)[0m `torch_dtype` is deprecated! Use `dtype` instead!
[36m(_RayStudentScorerActor pid=3712296)[0m Loading checkpoint shards:   0%|          | 0/2 [00:00<?, ?it/s]
[36m(_RayStudentScorerActor pid=3712296)[0m Loading checkpoint shards:  50%|█████     | 1/2 [00:03<00:03,  3.06s/it]
[36m(_RayStudentScorerActor pid=3712296)[0m Loading checkpoint shards: 100%|██████████| 2/2 [00:05<00:00,  2.67s/it]Loading checkpoint shards: 100%|██████████| 2/2 [00:05<00:00,  2.73s/it]
[36m(WorkerDict pid=533145)[0m INFO:2026-06-29 14:19:25,628:[Rank 1] Saved model to /inspire/hdd/global_user/mengweicheng-240108120092/lzy/projects/Dual-Track-OPD/checkpoints/verl_fc_opd_overnight/fc_opd_overnight_20260629_130933/global_step_125/actor/model_world_size_2_rank_1.pt
[36m(WorkerDict pid=533145)[0m INFO:2026-06-29 14:19:44,532:[Rank 1] Saved optim to /inspire/hdd/global_user/mengweicheng-240108120092/lzy/projects/Dual-Track-OPD/checkpoints/verl_fc_opd_overnight/fc_opd_overnight_20260629_130933/global_step_125/actor/optim_world_size_2_rank_1.pt
[36m(WorkerDict pid=533145)[0m INFO:2026-06-29 14:19:44,534:[Rank 1] Saved extra_state to /inspire/hdd/global_user/mengweicheng-240108120092/lzy/projects/Dual-Track-OPD/checkpoints/verl_fc_opd_overnight/fc_opd_overnight_20260629_130933/global_step_125/actor/extra_state_world_size_2_rank_1.pt
[36m(WorkerDict pid=533144)[0m INFO:2026-06-29 14:19:26,169:[Rank 0] Saved model to /inspire/hdd/global_user/mengweicheng-240108120092/lzy/projects/Dual-Track-OPD/checkpoints/verl_fc_opd_overnight/fc_opd_overnight_20260629_130933/global_step_125/actor/model_world_size_2_rank_0.pt
[36m(WorkerDict pid=533144)[0m INFO:2026-06-29 14:19:45,818:[Rank 0] Saved model config and tokenizer class to /inspire/hdd/global_user/mengweicheng-240108120092/lzy/projects/Dual-Track-OPD/checkpoints/verl_fc_opd_overnight/fc_opd_overnight_20260629_130933/global_step_125/actor/huggingface
[36m(WorkerDict pid=533144)[0m INFO:2026-06-29 14:19:48,330:update_weights done, time cost: 0.50s

[36m(TaskRunner pid=431148)[0m step:123 - fc_opd/hook_loss:0.3155275285243988 - fc_opd/hook_num_samples:2.0 - fc_opd/hook_active_weight:59.27091979980469 - fc_opd/loss/task_visible:0.5184682011604309 - fc_opd/selection/task_visible:0.01146833784878254 - fc_opd/loss/degraded:0.0 - fc_opd/selection/degraded:0.0 - fc_opd/loss/task_infer:0.7944247722625732 - fc_opd/selection/task_infer:0.011139869689941406 - fc_opd/loss/full:0.15129020810127258 - fc_opd/selection/full:0.05049719661474228 - fc_opd/loss/task_solve:0.35608017444610596 - fc_opd/selection/task_solve:0.01837514340877533 - fc_opd/loss/free:0.0 - fc_opd/selection/free:0.0 - fc_opd/loss/chunk/visible_evidence:0.0 - fc_opd/loss/chunk/diagram_inference:0.0 - fc_opd/loss/chunk/reasoning:0.028865382075309753 - fc_opd/loss/chunk/answer:0.0 - fc_opd/loss/total:0.3155275285243988 - fc_opd/online/loss:0.3155275285243988 - fc_opd/online/num_samples:2.0 - global_seqlen/min:487 - global_seqlen/max:521 - global_seqlen/minmax_diff:34 - global_seqlen/balanced_min:487 - global_seqlen/balanced_max:521 - global_seqlen/mean:504.0 - actor/entropy:0.24128223955631256 - perf/mfu/actor_infer:0 - actor/pg_loss:-0.9999990463256836 - actor/kl_loss:0.0 - actor/fc_opd_loss:0.15108133852481842 - actor/pg_clipfrac:0.0 - actor/ppo_kl:0.0 - actor/pg_clipfrac_lower:0.0 - actor/fc_opd_coef:0.10000000149011612 - actor/fc_opd_active_weight_mean:0.05788175202906132 - actor/grad_norm:5.093076229095459 - perf/mfu/actor:0.020873521256543646 - perf/max_memory_allocated_gb:41.394092082977295 - perf/max_memory_reserved_gb:46.6484375 - perf/cpu_memory_used_gb:135.07175827026367 - actor/lr:1e-06 - training/global_step:123 - training/epoch:122 - critic/score/mean:1.0 - critic/score/max:1.0 - critic/score/min:1.0 - critic/rewards/mean:1.0 - critic/rewards/max:1.0 - critic/rewards/min:1.0 - critic/advantages/mean:0.9999991655349731 - critic/advantages/max:0.9999990463256836 - critic/advantages/min:0.9999990463256836 - critic/returns/mean:0.9999991655349731 - critic/returns/max:0.9999990463256836 - critic/returns/min:0.9999990463256836 - response_length/mean:324.0 - response_length/max:341.0 - response_length/min:307.0 - response_length/clip_ratio:0.0 - response_length_non_aborted/mean:324.0 - response_length_non_aborted/max:341.0 - response_length_non_aborted/min:307.0 - response_length_non_aborted/clip_ratio:0.0 - response/aborted_ratio:0.0 - prompt_length/mean:180.0 - prompt_length/max:180.0 - prompt_length/min:180.0 - prompt_length/clip_ratio:0.0 - num_turns/min:2 - num_turns/max:2 - num_turns/mean:2.0 - timing_s/start_profile:0.00025430507957935333 - timing_s/agent_loop/num_preempted/min:-1 - timing_s/agent_loop/num_preempted/max:-1 - timing_s/agent_loop/num_preempted/mean:-1.0 - timing_s/agent_loop/generate_sequences/min:4.945664530619979 - timing_s/agent_loop/generate_sequences/max:5.454952880740166 - timing_s/agent_loop/generate_sequences/mean:5.200308705680072 - timing_s/agent_loop/tool_calls/min:0.0 - timing_s/agent_loop/tool_calls/max:0.0 - timing_s/agent_loop/tool_calls/mean:0.0 - timing_s/agent_loop/slowest/generate_sequences:5.454952880740166 - timing_s/agent_loop/slowest/tool_calls:0.0 - timing_s/agent_loop/slowest/prompt_length:180 - timing_s/agent_loop/slowest/response_length:341 - timing_s/agent_loop/slowest/num_preempted:-1 - timing_s/gen:6.0908595602959394 - timing_s/fc_opd:21.179375609382987 - timing_s/reward:2.4979934096336365e-05 - timing_s/old_log_prob:0.18266972713172436 - timing_s/adv:0.0004415176808834076 - timing_s/update_actor:0.6540220435708761 - timing_s/update_weights:2.0976498685777187 - timing_s/step:30.208409363403916 - timing_s/stop_profile:4.8704445362091064e-05 - timing_per_token_ms/gen:9.399474630086326 - timing_per_token_ms/adv:0.00043801357230496786 - timing_per_token_ms/update_actor:0.6488313924314247 - perf/total_num_tokens:1008 - perf/time_per_step:30.208409363403916 - perf/throughput:16.68409593954234
[36m(TaskRunner pid=431148)[0m step:124 - fc_opd/hook_loss:0.304242342710495 - fc_opd/hook_num_samples:2.0 - fc_opd/hook_active_weight:52.84060287475586 - fc_opd/loss/task_visible:0.7097845673561096 - fc_opd/selection/task_visible:0.011061759665608406 - fc_opd/loss/degraded:0.0 - fc_opd/selection/degraded:0.0 - fc_opd/loss/task_infer:0.701937198638916 - fc_opd/selection/task_infer:0.011823205277323723 - fc_opd/loss/full:0.10685485601425171 - fc_opd/selection/full:0.04721837490797043 - fc_opd/loss/task_solve:0.35627707839012146 - fc_opd/selection/task_solve:0.02162347361445427 - fc_opd/loss/free:0.0 - fc_opd/selection/free:0.0 - fc_opd/loss/chunk/visible_evidence:0.0 - fc_opd/loss/chunk/diagram_inference:0.0 - fc_opd/loss/chunk/reasoning:0.027902716770768166 - fc_opd/loss/chunk/answer:0.0 - fc_opd/loss/total:0.304242342710495 - fc_opd/online/loss:0.304242342710495 - fc_opd/online/num_samples:2.0 - global_seqlen/min:463 - global_seqlen/max:473 - global_seqlen/minmax_diff:10 - global_seqlen/balanced_min:463 - global_seqlen/balanced_max:473 - global_seqlen/mean:468.0 - actor/entropy:0.2345014214515686 - perf/mfu/actor_infer:0 - actor/pg_loss:-0.9999990463256836 - actor/kl_loss:0.0 - actor/fc_opd_loss:0.12874655053019524 - actor/pg_clipfrac:0.0 - actor/ppo_kl:0.0 - actor/pg_clipfrac_lower:0.0 - actor/fc_opd_coef:0.10000000149011612 - actor/fc_opd_active_weight_mean:0.05160215310752392 - actor/grad_norm:5.71157693862915 - perf/mfu/actor:0.018303976777898846 - perf/max_memory_allocated_gb:41.394092082977295 - perf/max_memory_reserved_gb:46.6484375 - perf/cpu_memory_used_gb:135.10115814208984 - actor/lr:1e-06 - training/global_step:124 - training/epoch:123 - critic/score/mean:1.0 - critic/score/max:1.0 - critic/score/min:1.0 - critic/rewards/mean:1.0 - critic/rewards/max:1.0 - critic/rewards/min:1.0 - critic/advantages/mean:0.9999990463256836 - critic/advantages/max:0.9999990463256836 - critic/advantages/min:0.9999990463256836 - critic/returns/mean:0.9999990463256836 - critic/returns/max:0.9999990463256836 - critic/returns/min:0.9999990463256836 - response_length/mean:288.0 - response_length/max:293.0 - response_length/min:283.0 - response_length/clip_ratio:0.0 - response_length_non_aborted/mean:288.0 - response_length_non_aborted/max:293.0 - response_length_non_aborted/min:283.0 - response_length_non_aborted/clip_ratio:0.0 - response/aborted_ratio:0.0 - prompt_length/mean:180.0 - prompt_length/max:180.0 - prompt_length/min:180.0 - prompt_length/clip_ratio:0.0 - num_turns/min:2 - num_turns/max:2 - num_turns/mean:2.0 - timing_s/start_profile:0.00025072135031223297 - timing_s/agent_loop/num_preempted/min:-1 - timing_s/agent_loop/num_preempted/max:-1 - timing_s/agent_loop/num_preempted/mean:-1.0 - timing_s/agent_loop/generate_sequences/min:4.554788190871477 - timing_s/agent_loop/generate_sequences/max:4.684785909950733 - timing_s/agent_loop/generate_sequences/mean:4.619787050411105 - timing_s/agent_loop/tool_calls/min:0.0 - timing_s/agent_loop/tool_calls/max:0.0 - timing_s/agent_loop/tool_calls/mean:0.0 - timing_s/agent_loop/slowest/generate_sequences:4.684785909950733 - timing_s/agent_loop/slowest/tool_calls:0.0 - timing_s/agent_loop/slowest/prompt_length:180 - timing_s/agent_loop/slowest/response_length:293 - timing_s/agent_loop/slowest/num_preempted:-1 - timing_s/gen:5.315897259861231 - timing_s/fc_opd:20.219242472201586 - timing_s/reward:2.6248395442962646e-05 - timing_s/old_log_prob:0.17723030410706997 - timing_s/adv:0.00045225396752357483 - timing_s/update_actor:0.6929732952266932 - timing_s/update_weights:2.0096416268497705 - timing_s/step:28.418668931350112 - timing_s/stop_profile:4.7400593757629395e-05 - timing_per_token_ms/gen:9.228988298370192 - timing_per_token_ms/adv:0.000483177315730315 - timing_per_token_ms/update_actor:0.7403560846439029 - perf/total_num_tokens:936 - perf/time_per_step:28.418668931350112 - perf/throughput:16.46804785722124
[36m(TaskRunner pid=431148)[0m local_global_step_folder: /inspire/hdd/global_user/mengweicheng-240108120092/lzy/projects/Dual-Track-OPD/checkpoints/verl_fc_opd_overnight/fc_opd_overnight_20260629_130933/global_step_125
[36m(TaskRunner pid=431148)[0m step:125 - fc_opd/hook_loss:0.2689233720302582 - fc_opd/hook_num_samples:2.0 - fc_opd/hook_active_weight:60.8936653137207 - fc_opd/loss/task_visible:0.4028886556625366 - fc_opd/selection/task_visible:0.012869084253907204 - fc_opd/loss/degraded:0.0 - fc_opd/selection/degraded:0.0 - fc_opd/loss/task_infer:0.539697527885437 - fc_opd/selection/task_infer:0.013250935822725296 - fc_opd/loss/full:0.12406501173973083 - fc_opd/selection/full:0.047366492450237274 - fc_opd/loss/task_solve:0.37123939394950867 - fc_opd/selection/task_solve:0.019334666430950165 - fc_opd/loss/free:0.0 - fc_opd/selection/free:0.0 - fc_opd/loss/chunk/visible_evidence:0.0 - fc_opd/loss/chunk/diagram_inference:0.0 - fc_opd/loss/chunk/reasoning:0.024942681193351746 - fc_opd/loss/chunk/answer:0.0 - fc_opd/loss/total:0.2689233720302582 - fc_opd/online/loss:0.2689233720302582 - fc_opd/online/num_samples:2.0 - global_seqlen/min:505 - global_seqlen/max:511 - global_seqlen/minmax_diff:6 - global_seqlen/balanced_min:505 - global_seqlen/balanced_max:511 - global_seqlen/mean:508.0 - actor/entropy:0.26600292325019836 - perf/mfu/actor_infer:0 - actor/pg_loss:-0.999999076128006 - actor/kl_loss:0.0 - actor/fc_opd_loss:0.1308094933629036 - actor/pg_clipfrac:0.0 - actor/ppo_kl:0.0 - actor/pg_clipfrac_lower:0.0 - actor/fc_opd_coef:0.10000000149011612 - actor/fc_opd_active_weight_mean:0.059466466307640076 - actor/grad_norm:5.6511030197143555 - perf/mfu/actor:0.021174173155703857 - perf/max_memory_allocated_gb:41.394092082977295 - perf/max_memory_reserved_gb:46.6484375 - perf/cpu_memory_used_gb:135.46540069580078 - actor/lr:1e-06 - training/global_step:125 - training/epoch:124 - critic/score/mean:1.0 - critic/score/max:1.0 - critic/score/min:1.0 - critic/rewards/mean:1.0 - critic/rewards/max:1.0 - critic/rewards/min:1.0 - critic/advantages/mean:0.9999991655349731 - critic/advantages/max:0.9999990463256836 - critic/advantages/min:0.9999990463256836 - critic/returns/mean:0.9999991655349731 - critic/returns/max:0.9999990463256836 - critic/returns/min:0.9999990463256836 - response_length/mean:328.0 - response_length/max:331.0 - response_length/min:325.0 - response_length/clip_ratio:0.0 - response_length_non_aborted/mean:328.0 - response_length_non_aborted/max:331.0 - response_length_non_aborted/min:325.0 - response_length_non_aborted/clip_ratio:0.0 - response/aborted_ratio:0.0 - prompt_length/mean:180.0 - prompt_length/max:180.0 - prompt_length/min:180.0 - prompt_length/clip_ratio:0.0 - num_turns/min:2 - num_turns/max:2 - num_turns/mean:2.0 - timing_s/start_profile:0.0002700015902519226 - timing_s/agent_loop/num_preempted/min:-1 - timing_s/agent_loop/num_preempted/max:-1 - timing_s/agent_loop/num_preempted/mean:-1.0 - timing_s/agent_loop/generate_sequences/min:5.196940075606108 - timing_s/agent_loop/generate_sequences/max:5.346236526966095 - timing_s/agent_loop/generate_sequences/mean:5.271588301286101 - timing_s/agent_loop/tool_calls/min:0.0 - timing_s/agent_loop/tool_calls/max:0.0 - timing_s/agent_loop/tool_calls/mean:0.0 - timing_s/agent_loop/slowest/generate_sequences:5.346236526966095 - timing_s/agent_loop/slowest/tool_calls:0.0 - timing_s/agent_loop/slowest/prompt_length:180 - timing_s/agent_loop/slowest/response_length:331 - timing_s/agent_loop/slowest/num_preempted:-1 - timing_s/gen:6.007085723802447 - timing_s/fc_opd:21.15708733163774 - timing_s/reward:2.057477831840515e-05 - timing_s/old_log_prob:0.17814288847148418 - timing_s/adv:0.00042326562106609344 - timing_s/update_actor:0.6492929067462683 - timing_s/save_checkpoint:31.52347425930202 - timing_s/update_weights:2.535963611677289 - timing_s/step:62.05447489954531 - timing_s/stop_profile:5.0395727157592773e-05 - timing_per_token_ms/gen:9.157142871650072 - timing_per_token_ms/adv:0.0004166000207343439 - timing_per_token_ms/update_actor:0.6390678216006578 - perf/total_num_tokens:1016 - perf/time_per_step:62.05447489954531 - perf/throughput:8.186355630635145[36m(TaskRunner pid=431148)[0m Training Progress:  62%|██████▎   | 125/200 [1:06:49<49:14, 39.40s/it]
[36m(pid=3827567)[0m /inspire/hdd/global_user/mengweicheng-240108120092/lzy/fc-opd-storage/envs/fc-opd-verl071-cu128/lib/python3.12/site-packages/torch/cuda/__init__.py:63: FutureWarning: The pynvml package is deprecated. Please install nvidia-ml-py instead. If you did not install pynvml directly, please report this to the maintainers of the package that installed pynvml for you.
[36m(pid=3827567)[0m   import pynvml  # type: ignore[import]
[36m(WorkerDict pid=533144)[0m INFO:2026-06-29 14:19:45,230:[Rank 0] Saved optim to /inspire/hdd/global_user/mengweicheng-240108120092/lzy/projects/Dual-Track-OPD/checkpoints/verl_fc_opd_overnight/fc_opd_overnight_20260629_130933/global_step_125/actor/optim_world_size_2_rank_0.pt
[36m(WorkerDict pid=533144)[0m INFO:2026-06-29 14:19:45,232:[Rank 0] Saved extra_state to /inspire/hdd/global_user/mengweicheng-240108120092/lzy/projects/Dual-Track-OPD/checkpoints/verl_fc_opd_overnight/fc_opd_overnight_20260629_130933/global_step_125/actor/extra_state_world_size_2_rank_0.pt
[36m(pid=3827567)[0m /inspire/hdd/global_user/mengweicheng-240108120092/lzy/fc-opd-storage/envs/fc-opd-verl071-cu128/lib/python3.12/site-packages/transformers/utils/hub.py:110: FutureWarning: Using `TRANSFORMERS_CACHE` is deprecated and will be removed in v5 of Transformers. Use `HF_HOME` instead.
[36m(pid=3827567)[0m   warnings.warn(
[36m(_RayStudentScorerActor pid=3827567)[0m `torch_dtype` is deprecated! Use `dtype` instead!
[36m(_RayStudentScorerActor pid=3827567)[0m Loading checkpoint shards:   0%|          | 0/2 [00:00<?, ?it/s]
[36m(_RayStudentScorerActor pid=3827567)[0m Loading checkpoint shards:  50%|█████     | 1/2 [00:02<00:02,  2.67s/it]
[36m(_RayStudentScorerActor pid=3827567)[0m Loading checkpoint shards: 100%|██████████| 2/2 [00:04<00:00,  2.35s/it]Loading checkpoint shards: 100%|██████████| 2/2 [00:04<00:00,  2.40s/it]
[36m(WorkerDict pid=533144)[0m INFO:2026-06-29 14:20:20,140:update_weights done, time cost: 0.50s
[36m(TaskRunner pid=431148)[0m Training Progress:  63%|██████▎   | 126/200 [1:07:21<45:47, 37.13s/it]
[36m(pid=3883982)[0m /inspire/hdd/global_user/mengweicheng-240108120092/lzy/fc-opd-storage/envs/fc-opd-verl071-cu128/lib/python3.12/site-packages/torch/cuda/__init__.py:63: FutureWarning: The pynvml package is deprecated. Please install nvidia-ml-py instead. If you did not install pynvml directly, please report this to the maintainers of the package that installed pynvml for you.
[36m(pid=3883982)[0m   import pynvml  # type: ignore[import]
[36m(pid=3883982)[0m /inspire/hdd/global_user/mengweicheng-240108120092/lzy/fc-opd-storage/envs/fc-opd-verl071-cu128/lib/python3.12/site-packages/transformers/utils/hub.py:110: FutureWarning: Using `TRANSFORMERS_CACHE` is deprecated and will be removed in v5 of Transformers. Use `HF_HOME` instead.
[36m(pid=3883982)[0m   warnings.warn(
[36m(_RayStudentScorerActor pid=3883982)[0m `torch_dtype` is deprecated! Use `dtype` instead!
[36m(_RayStudentScorerActor pid=3883982)[0m Loading checkpoint shards:   0%|          | 0/2 [00:00<?, ?it/s]
[36m(_RayStudentScorerActor pid=3883982)[0m Loading checkpoint shards:  50%|█████     | 1/2 [00:03<00:03,  3.03s/it]
[36m(_RayStudentScorerActor pid=3883982)[0m Loading checkpoint shards: 100%|██████████| 2/2 [00:05<00:00,  2.68s/it]Loading checkpoint shards: 100%|██████████| 2/2 [00:05<00:00,  2.73s/it]
[36m(WorkerDict pid=533144)[0m INFO:2026-06-29 14:20:53,040:update_weights done, time cost: 0.49s
[36m(TaskRunner pid=431148)[0m Training Progress:  64%|██████▎   | 127/200 [1:07:54<43:38, 35.87s/it]
[36m(pid=3948405)[0m /inspire/hdd/global_user/mengweicheng-240108120092/lzy/fc-opd-storage/envs/fc-opd-verl071-cu128/lib/python3.12/site-packages/torch/cuda/__init__.py:63: FutureWarning: The pynvml package is deprecated. Please install nvidia-ml-py instead. If you did not install pynvml directly, please report this to the maintainers of the package that installed pynvml for you.
[36m(pid=3948405)[0m   import pynvml  # type: ignore[import]
[36m(pid=3948405)[0m /inspire/hdd/global_user/mengweicheng-240108120092/lzy/fc-opd-storage/envs/fc-opd-verl071-cu128/lib/python3.12/site-packages/transformers/utils/hub.py:110: FutureWarning: Using `TRANSFORMERS_CACHE` is deprecated and will be removed in v5 of Transformers. Use `HF_HOME` instead.
[36m(pid=3948405)[0m   warnings.warn(
[36m(_RayStudentScorerActor pid=3948405)[0m `torch_dtype` is deprecated! Use `dtype` instead!
[36m(_RayStudentScorerActor pid=3948405)[0m Loading checkpoint shards:   0%|          | 0/2 [00:00<?, ?it/s]
[36m(_RayStudentScorerActor pid=3948405)[0m Loading checkpoint shards:  50%|█████     | 1/2 [00:03<00:03,  3.07s/it]
[36m(_RayStudentScorerActor pid=3948405)[0m Loading checkpoint shards: 100%|██████████| 2/2 [00:05<00:00,  2.69s/it]Loading checkpoint shards: 100%|██████████| 2/2 [00:05<00:00,  2.75s/it]
[36m(WorkerDict pid=533144)[0m INFO:2026-06-29 14:21:22,639:update_weights done, time cost: 0.55s

[36m(TaskRunner pid=431148)[0m step:126 - fc_opd/hook_loss:0.3062233328819275 - fc_opd/hook_num_samples:2.0 - fc_opd/hook_active_weight:64.7263412475586 - fc_opd/loss/task_visible:0.5732945203781128 - fc_opd/selection/task_visible:0.01230078749358654 - fc_opd/loss/degraded:0.0 - fc_opd/selection/degraded:0.0 - fc_opd/loss/task_infer:0.5514723658561707 - fc_opd/selection/task_infer:0.011820103973150253 - fc_opd/loss/full:0.13535673916339874 - fc_opd/selection/full:0.04801966995000839 - fc_opd/loss/task_solve:0.4052346646785736 - fc_opd/selection/task_solve:0.021119901910424232 - fc_opd/loss/free:0.0 - fc_opd/selection/free:0.0 - fc_opd/loss/chunk/visible_evidence:0.0 - fc_opd/loss/chunk/diagram_inference:0.0 - fc_opd/loss/chunk/reasoning:0.028570406138896942 - fc_opd/loss/chunk/answer:0.0 - fc_opd/loss/total:0.3062233328819275 - fc_opd/online/loss:0.3062233328819275 - fc_opd/online/num_samples:2.0 - global_seqlen/min:522 - global_seqlen/max:532 - global_seqlen/minmax_diff:10 - global_seqlen/balanced_min:522 - global_seqlen/balanced_max:532 - global_seqlen/mean:527.0 - actor/entropy:0.2854135036468506 - perf/mfu/actor_infer:0 - actor/pg_loss:-0.9999990463256836 - actor/kl_loss:0.0 - actor/fc_opd_loss:0.15433626621961594 - actor/pg_clipfrac:0.0 - actor/ppo_kl:0.0 - actor/pg_clipfrac_lower:0.0 - actor/fc_opd_coef:0.10000000149011612 - actor/fc_opd_active_weight_mean:0.06320931576192379 - actor/grad_norm:5.677362442016602 - perf/mfu/actor:0.0200489777339566 - perf/max_memory_allocated_gb:41.394092082977295 - perf/max_memory_reserved_gb:46.6484375 - perf/cpu_memory_used_gb:135.08930206298828 - actor/lr:1e-06 - training/global_step:126 - training/epoch:125 - critic/score/mean:1.0 - critic/score/max:1.0 - critic/score/min:1.0 - critic/rewards/mean:1.0 - critic/rewards/max:1.0 - critic/rewards/min:1.0 - critic/advantages/mean:0.9999992251396179 - critic/advantages/max:0.9999990463256836 - critic/advantages/min:0.9999990463256836 - critic/returns/mean:0.9999992251396179 - critic/returns/max:0.9999990463256836 - critic/returns/min:0.9999990463256836 - response_length/mean:347.0 - response_length/max:352.0 - response_length/min:342.0 - response_length/clip_ratio:0.0 - response_length_non_aborted/mean:347.0 - response_length_non_aborted/max:352.0 - response_length_non_aborted/min:342.0 - response_length_non_aborted/clip_ratio:0.0 - response/aborted_ratio:0.0 - prompt_length/mean:180.0 - prompt_length/max:180.0 - prompt_length/min:180.0 - prompt_length/clip_ratio:0.0 - num_turns/min:2 - num_turns/max:2 - num_turns/mean:2.0 - timing_s/start_profile:0.0002500507980585098 - timing_s/agent_loop/num_preempted/min:-1 - timing_s/agent_loop/num_preempted/max:-1 - timing_s/agent_loop/num_preempted/mean:-1.0 - timing_s/agent_loop/generate_sequences/min:5.570377813652158 - timing_s/agent_loop/generate_sequences/max:5.686889952048659 - timing_s/agent_loop/generate_sequences/mean:5.6286338828504086 - timing_s/agent_loop/tool_calls/min:0.0 - timing_s/agent_loop/tool_calls/max:0.0 - timing_s/agent_loop/tool_calls/mean:0.0 - timing_s/agent_loop/slowest/generate_sequences:5.686889952048659 - timing_s/agent_loop/slowest/tool_calls:0.0 - timing_s/agent_loop/slowest/prompt_length:180 - timing_s/agent_loop/slowest/response_length:352 - timing_s/agent_loop/slowest/num_preempted:-1 - timing_s/gen:6.349956132471561 - timing_s/fc_opd:22.189614364877343 - timing_s/reward:2.5132670998573303e-05 - timing_s/old_log_prob:0.1894744411110878 - timing_s/adv:0.00042338110506534576 - timing_s/update_actor:0.7071939911693335 - timing_s/update_weights:2.1375418957322836 - timing_s/step:31.57730101235211 - timing_s/stop_profile:4.5360997319221497e-05 - timing_per_token_ms/gen:9.149792698085824 - timing_per_token_ms/adv:0.00040168985300317433 - timing_per_token_ms/update_actor:0.6709620409576219 - perf/total_num_tokens:1054 - perf/time_per_step:31.57730101235211 - perf/throughput:16.68920341842557
[36m(TaskRunner pid=431148)[0m step:127 - fc_opd/hook_loss:0.33081549406051636 - fc_opd/hook_num_samples:2.0 - fc_opd/hook_active_weight:71.73999786376953 - fc_opd/loss/task_visible:0.5678914189338684 - fc_opd/selection/task_visible:0.014212068170309067 - fc_opd/loss/degraded:0.0 - fc_opd/selection/degraded:0.0 - fc_opd/loss/task_infer:0.8167670965194702 - fc_opd/selection/task_infer:0.011004764586687088 - fc_opd/loss/full:0.1370115578174591 - fc_opd/selection/full:0.048771873116493225 - fc_opd/loss/task_solve:0.375149130821228 - fc_opd/selection/task_solve:0.01882236637175083 - fc_opd/loss/free:0.0 - fc_opd/selection/free:0.0 - fc_opd/loss/chunk/visible_evidence:0.0 - fc_opd/loss/chunk/diagram_inference:0.0 - fc_opd/loss/chunk/reasoning:0.030701201409101486 - fc_opd/loss/chunk/answer:0.0 - fc_opd/loss/total:0.33081549406051636 - fc_opd/online/loss:0.33081549406051636 - fc_opd/online/num_samples:2.0 - global_seqlen/min:557 - global_seqlen/max:576 - global_seqlen/minmax_diff:19 - global_seqlen/balanced_min:557 - global_seqlen/balanced_max:576 - global_seqlen/mean:566.5 - actor/entropy:0.30336639285087585 - perf/mfu/actor_infer:0 - actor/pg_loss:-0.9999990463256836 - actor/kl_loss:0.0 - actor/fc_opd_loss:0.13985669612884521 - actor/pg_clipfrac:0.0 - actor/ppo_kl:0.0 - actor/pg_clipfrac_lower:0.0 - actor/fc_opd_coef:0.10000000149011612 - actor/fc_opd_active_weight_mean:0.07005859166383743 - actor/grad_norm:5.607842922210693 - perf/mfu/actor:0.023287743541047224 - perf/max_memory_allocated_gb:41.394092082977295 - perf/max_memory_reserved_gb:46.6484375 - perf/cpu_memory_used_gb:135.48353576660156 - actor/lr:1e-06 - training/global_step:127 - training/epoch:126 - critic/score/mean:1.0 - critic/score/max:1.0 - critic/score/min:1.0 - critic/rewards/mean:1.0 - critic/rewards/max:1.0 - critic/rewards/min:1.0 - critic/advantages/mean:0.9999990463256836 - critic/advantages/max:0.9999990463256836 - critic/advantages/min:0.9999990463256836 - critic/returns/mean:0.9999990463256836 - critic/returns/max:0.9999990463256836 - critic/returns/min:0.9999990463256836 - response_length/mean:386.5 - response_length/max:396.0 - response_length/min:377.0 - response_length/clip_ratio:0.0 - response_length_non_aborted/mean:386.5 - response_length_non_aborted/max:396.0 - response_length_non_aborted/min:377.0 - response_length_non_aborted/clip_ratio:0.0 - response/aborted_ratio:0.0 - prompt_length/mean:180.0 - prompt_length/max:180.0 - prompt_length/min:180.0 - prompt_length/clip_ratio:0.0 - num_turns/min:2 - num_turns/max:2 - num_turns/mean:2.0 - timing_s/start_profile:0.00025013647973537445 - timing_s/agent_loop/num_preempted/min:-1 - timing_s/agent_loop/num_preempted/max:-1 - timing_s/agent_loop/num_preempted/mean:-1.0 - timing_s/agent_loop/generate_sequences/min:6.141855323687196 - timing_s/agent_loop/generate_sequences/max:6.397404454648495 - timing_s/agent_loop/generate_sequences/mean:6.269629889167845 - timing_s/agent_loop/tool_calls/min:0.0 - timing_s/agent_loop/tool_calls/max:0.0 - timing_s/agent_loop/tool_calls/mean:0.0 - timing_s/agent_loop/slowest/generate_sequences:6.397404454648495 - timing_s/agent_loop/slowest/tool_calls:0.0 - timing_s/agent_loop/slowest/prompt_length:180 - timing_s/agent_loop/slowest/response_length:396 - timing_s/agent_loop/slowest/num_preempted:-1 - timing_s/gen:7.070163330063224 - timing_s/fc_opd:22.691279750317335 - timing_s/reward:2.094358205795288e-05 - timing_s/old_log_prob:0.175213985145092 - timing_s/adv:0.00043426454067230225 - timing_s/update_actor:0.654658941552043 - timing_s/update_weights:2.1129302754998207 - timing_s/step:32.7076480910182 - timing_s/stop_profile:4.885159432888031e-05 - timing_per_token_ms/gen:9.146394993613486 - timing_per_token_ms/adv:0.0003832873262774071 - timing_per_token_ms/update_actor:0.5778101867184845 - perf/total_num_tokens:1133 - perf/time_per_step:32.7076480910182 - perf/throughput:17.3201080806408
[36m(TaskRunner pid=431148)[0m step:128 - fc_opd/hook_loss:0.23916831612586975 - fc_opd/hook_num_samples:2.0 - fc_opd/hook_active_weight:55.37057876586914 - fc_opd/loss/task_visible:0.5391579270362854 - fc_opd/selection/task_visible:0.011517459526658058 - fc_opd/loss/degraded:0.0 - fc_opd/selection/degraded:0.0 - fc_opd/loss/task_infer:0.7105393409729004 - fc_opd/selection/task_infer:0.010891569778323174 - fc_opd/loss/full:0.08328521251678467 - fc_opd/selection/full:0.05284609645605087 - fc_opd/loss/task_solve:0.21533599495887756 - fc_opd/selection/task_solve:0.01596105843782425 - fc_opd/loss/free:0.0 - fc_opd/selection/free:0.0 - fc_opd/loss/chunk/visible_evidence:0.0 - fc_opd/loss/chunk/diagram_inference:0.0 - fc_opd/loss/chunk/reasoning:0.021813945844769478 - fc_opd/loss/chunk/answer:0.0 - fc_opd/loss/total:0.23916831612586975 - fc_opd/online/loss:0.23916831612586975 - fc_opd/online/num_samples:2.0 - global_seqlen/min:476 - global_seqlen/max:491 - global_seqlen/minmax_diff:15 - global_seqlen/balanced_min:476 - global_seqlen/balanced_max:491 - global_seqlen/mean:483.5 - actor/entropy:0.21233578026294708 - perf/mfu/actor_infer:0 - actor/pg_loss:-0.9999990463256836 - actor/kl_loss:0.0 - actor/fc_opd_loss:0.11529187113046646 - actor/pg_clipfrac:0.0 - actor/ppo_kl:0.0 - actor/pg_clipfrac_lower:0.0 - actor/fc_opd_coef:0.10000000149011612 - actor/fc_opd_active_weight_mean:0.054072827100753784 - actor/grad_norm:5.925666332244873 - perf/mfu/actor:0.020158720427816572 - perf/max_memory_allocated_gb:41.394092082977295 - perf/max_memory_reserved_gb:46.6484375 - perf/cpu_memory_used_gb:135.43366241455078 - actor/lr:1e-06 - training/global_step:128 - training/epoch:127 - critic/score/mean:1.0 - critic/score/max:1.0 - critic/score/min:1.0 - critic/rewards/mean:1.0 - critic/rewards/max:1.0 - critic/rewards/min:1.0 - critic/advantages/mean:0.9999991059303284 - critic/advantages/max:0.9999990463256836 - critic/advantages/min:0.9999990463256836 - critic/returns/mean:0.9999991059303284 - critic/returns/max:0.9999990463256836 - critic/returns/min:0.9999990463256836 - response_length/mean:303.5 - response_length/max:311.0 - response_length/min:296.0 - response_length/clip_ratio:0.0 - response_length_non_aborted/mean:303.5 - response_length_non_aborted/max:311.0 - response_length_non_aborted/min:296.0 - response_length_non_aborted/clip_ratio:0.0 - response/aborted_ratio:0.0 - prompt_length/mean:180.0 - prompt_length/max:180.0 - prompt_length/min:180.0 - prompt_length/clip_ratio:0.0 - num_turns/min:2 - num_turns/max:2 - num_turns/mean:2.0 - timing_s/start_profile:0.0002526436001062393 - timing_s/agent_loop/num_preempted/min:-1 - timing_s/agent_loop/num_preempted/max:-1 - timing_s/agent_loop/num_preempted/mean:-1.0 - timing_s/agent_loop/generate_sequences/min:4.808068584650755 - timing_s/agent_loop/generate_sequences/max:5.0175010692328215 - timing_s/agent_loop/generate_sequences/mean:4.912784826941788 - timing_s/agent_loop/tool_calls/min:0.0 - timing_s/agent_loop/tool_calls/max:0.0 - timing_s/agent_loop/tool_calls/mean:0.0 - timing_s/agent_loop/slowest/generate_sequences:5.0175010692328215 - timing_s/agent_loop/slowest/tool_calls:0.0 - timing_s/agent_loop/slowest/prompt_length:180 - timing_s/agent_loop/slowest/response_length:311 - timing_s/agent_loop/slowest/num_preempted:-1 - timing_s/gen:5.6819435972720385 - timing_s/fc_opd:20.640727361664176 - timing_s/reward:2.300553023815155e-05 - timing_s/old_log_prob:0.180713202804327 - timing_s/adv:0.0004252362996339798 - timing_s/update_actor:0.6504696700721979 - timing_s/update_weights:2.110695542767644 - timing_s/step:29.26807945035398 - timing_s/stop_profile:4.6543776988983154e-05 - timing_per_token_ms/gen:9.360697853825434 - timing_per_token_ms/adv:0.0004397479830754703 - timing_per_token_ms/update_actor:0.672667704314579 - perf/total_num_tokens:967 - perf/time_per_step:29.26807945035398 - perf/throughput:16.51970368674643[36m(TaskRunner pid=431148)[0m Training Progress:  64%|██████▍   | 128/200 [1:08:24<40:45, 33.97s/it]
[36m(pid=4002072)[0m /inspire/hdd/global_user/mengweicheng-240108120092/lzy/fc-opd-storage/envs/fc-opd-verl071-cu128/lib/python3.12/site-packages/torch/cuda/__init__.py:63: FutureWarning: The pynvml package is deprecated. Please install nvidia-ml-py instead. If you did not install pynvml directly, please report this to the maintainers of the package that installed pynvml for you.
[36m(pid=4002072)[0m   import pynvml  # type: ignore[import]
[36m(pid=4002072)[0m /inspire/hdd/global_user/mengweicheng-240108120092/lzy/fc-opd-storage/envs/fc-opd-verl071-cu128/lib/python3.12/site-packages/transformers/utils/hub.py:110: FutureWarning: Using `TRANSFORMERS_CACHE` is deprecated and will be removed in v5 of Transformers. Use `HF_HOME` instead.
[36m(pid=4002072)[0m   warnings.warn(
[36m(_RayStudentScorerActor pid=4002072)[0m `torch_dtype` is deprecated! Use `dtype` instead!
[36m(_RayStudentScorerActor pid=4002072)[0m Loading checkpoint shards:   0%|          | 0/2 [00:00<?, ?it/s]
[36m(_RayStudentScorerActor pid=4002072)[0m Loading checkpoint shards:  50%|█████     | 1/2 [00:03<00:03,  3.06s/it]
[36m(_RayStudentScorerActor pid=4002072)[0m Loading checkpoint shards: 100%|██████████| 2/2 [00:05<00:00,  2.68s/it]Loading checkpoint shards: 100%|██████████| 2/2 [00:05<00:00,  2.74s/it]
[36m(WorkerDict pid=533144)[0m INFO:2026-06-29 14:21:52,933:update_weights done, time cost: 0.47s
[36m(TaskRunner pid=431148)[0m Training Progress:  64%|██████▍   | 129/200 [1:08:54<38:53, 32.87s/it]
[36m(pid=4054234)[0m /inspire/hdd/global_user/mengweicheng-240108120092/lzy/fc-opd-storage/envs/fc-opd-verl071-cu128/lib/python3.12/site-packages/torch/cuda/__init__.py:63: FutureWarning: The pynvml package is deprecated. Please install nvidia-ml-py instead. If you did not install pynvml directly, please report this to the maintainers of the package that installed pynvml for you.
[36m(pid=4054234)[0m   import pynvml  # type: ignore[import]
[36m(pid=4054234)[0m /inspire/hdd/global_user/mengweicheng-240108120092/lzy/fc-opd-storage/envs/fc-opd-verl071-cu128/lib/python3.12/site-packages/transformers/utils/hub.py:110: FutureWarning: Using `TRANSFORMERS_CACHE` is deprecated and will be removed in v5 of Transformers. Use `HF_HOME` instead.
[36m(pid=4054234)[0m   warnings.warn(
[36m(_RayStudentScorerActor pid=4054234)[0m `torch_dtype` is deprecated! Use `dtype` instead!
[36m(_RayStudentScorerActor pid=4054234)[0m Loading checkpoint shards:   0%|          | 0/2 [00:00<?, ?it/s]
[36m(_RayStudentScorerActor pid=4054234)[0m Loading checkpoint shards:  50%|█████     | 1/2 [00:03<00:03,  3.09s/it]
[36m(_RayStudentScorerActor pid=4054234)[0m Loading checkpoint shards: 100%|██████████| 2/2 [00:05<00:00,  2.70s/it]Loading checkpoint shards: 100%|██████████| 2/2 [00:05<00:00,  2.76s/it]
[36m(WorkerDict pid=533144)[0m INFO:2026-06-29 14:22:25,264:update_weights done, time cost: 0.49s
[36m(TaskRunner pid=431148)[0m Training Progress:  65%|██████▌   | 130/200 [1:09:26<38:09, 32.71s/it]
[36m(pid=4117398)[0m /inspire/hdd/global_user/mengweicheng-240108120092/lzy/fc-opd-storage/envs/fc-opd-verl071-cu128/lib/python3.12/site-packages/torch/cuda/__init__.py:63: FutureWarning: The pynvml package is deprecated. Please install nvidia-ml-py instead. If you did not install pynvml directly, please report this to the maintainers of the package that installed pynvml for you.
[36m(pid=4117398)[0m   import pynvml  # type: ignore[import]
[36m(pid=4117398)[0m /inspire/hdd/global_user/mengweicheng-240108120092/lzy/fc-opd-storage/envs/fc-opd-verl071-cu128/lib/python3.12/site-packages/transformers/utils/hub.py:110: FutureWarning: Using `TRANSFORMERS_CACHE` is deprecated and will be removed in v5 of Transformers. Use `HF_HOME` instead.
[36m(pid=4117398)[0m   warnings.warn(
[36m(_RayStudentScorerActor pid=4117398)[0m `torch_dtype` is deprecated! Use `dtype` instead!
[36m(_RayStudentScorerActor pid=4117398)[0m Loading checkpoint shards:   0%|          | 0/2 [00:00<?, ?it/s]
[36m(_RayStudentScorerActor pid=4117398)[0m Loading checkpoint shards:  50%|█████     | 1/2 [00:03<00:03,  3.08s/it]
[36m(_RayStudentScorerActor pid=4117398)[0m Loading checkpoint shards: 100%|██████████| 2/2 [00:05<00:00,  2.70s/it]Loading checkpoint shards: 100%|██████████| 2/2 [00:05<00:00,  2.76s/it]
[36m(WorkerDict pid=533144)[0m INFO:2026-06-29 14:22:57,433:update_weights done, time cost: 0.48s

[36m(TaskRunner pid=431148)[0m step:129 - fc_opd/hook_loss:0.3115702271461487 - fc_opd/hook_num_samples:2.0 - fc_opd/hook_active_weight:61.463932037353516 - fc_opd/loss/task_visible:0.54820716381073 - fc_opd/selection/task_visible:0.01277493592351675 - fc_opd/loss/degraded:0.0 - fc_opd/selection/degraded:0.0 - fc_opd/loss/task_infer:0.5316335558891296 - fc_opd/selection/task_infer:0.012572596780955791 - fc_opd/loss/full:0.16963469982147217 - fc_opd/selection/full:0.04960868880152702 - fc_opd/loss/task_solve:0.3912268280982971 - fc_opd/selection/task_solve:0.01818395033478737 - fc_opd/loss/free:0.0 - fc_opd/selection/free:0.0 - fc_opd/loss/chunk/visible_evidence:0.0 - fc_opd/loss/chunk/diagram_inference:0.0 - fc_opd/loss/chunk/reasoning:0.02902941405773163 - fc_opd/loss/chunk/answer:0.0 - fc_opd/loss/total:0.3115702271461487 - fc_opd/online/loss:0.3115702271461487 - fc_opd/online/num_samples:2.0 - global_seqlen/min:504 - global_seqlen/max:516 - global_seqlen/minmax_diff:12 - global_seqlen/balanced_min:504 - global_seqlen/balanced_max:516 - global_seqlen/mean:510.0 - actor/entropy:0.28573372960090637 - perf/mfu/actor_infer:0 - actor/pg_loss:-0.999999076128006 - actor/kl_loss:0.0 - actor/fc_opd_loss:0.16121318936347961 - actor/pg_clipfrac:0.0 - actor/ppo_kl:0.0 - actor/pg_clipfrac_lower:0.0 - actor/fc_opd_coef:0.10000000149011612 - actor/fc_opd_active_weight_mean:0.06002337113022804 - actor/grad_norm:5.252466678619385 - perf/mfu/actor:0.02134615058753067 - perf/max_memory_allocated_gb:41.394092082977295 - perf/max_memory_reserved_gb:46.6484375 - perf/cpu_memory_used_gb:135.28880310058594 - actor/lr:1e-06 - training/global_step:129 - training/epoch:128 - critic/score/mean:1.0 - critic/score/max:1.0 - critic/score/min:1.0 - critic/rewards/mean:1.0 - critic/rewards/max:1.0 - critic/rewards/min:1.0 - critic/advantages/mean:0.9999991655349731 - critic/advantages/max:0.9999990463256836 - critic/advantages/min:0.9999990463256836 - critic/returns/mean:0.9999991655349731 - critic/returns/max:0.9999990463256836 - critic/returns/min:0.9999990463256836 - response_length/mean:330.0 - response_length/max:336.0 - response_length/min:324.0 - response_length/clip_ratio:0.0 - response_length_non_aborted/mean:330.0 - response_length_non_aborted/max:336.0 - response_length_non_aborted/min:324.0 - response_length_non_aborted/clip_ratio:0.0 - response/aborted_ratio:0.0 - prompt_length/mean:180.0 - prompt_length/max:180.0 - prompt_length/min:180.0 - prompt_length/clip_ratio:0.0 - num_turns/min:2 - num_turns/max:2 - num_turns/mean:2.0 - timing_s/start_profile:0.00025529786944389343 - timing_s/agent_loop/num_preempted/min:-1 - timing_s/agent_loop/num_preempted/max:-1 - timing_s/agent_loop/num_preempted/mean:-1.0 - timing_s/agent_loop/generate_sequences/min:5.2192690800875425 - timing_s/agent_loop/generate_sequences/max:5.508327456191182 - timing_s/agent_loop/generate_sequences/mean:5.363798268139362 - timing_s/agent_loop/tool_calls/min:0.0 - timing_s/agent_loop/tool_calls/max:0.0 - timing_s/agent_loop/tool_calls/mean:0.0 - timing_s/agent_loop/slowest/generate_sequences:5.508327456191182 - timing_s/agent_loop/slowest/tool_calls:0.0 - timing_s/agent_loop/slowest/prompt_length:180 - timing_s/agent_loop/slowest/response_length:336 - timing_s/agent_loop/slowest/num_preempted:-1 - timing_s/gen:6.13934694044292 - timing_s/fc_opd:21.059886468574405 - timing_s/reward:2.3692846298217773e-05 - timing_s/old_log_prob:0.1769264843314886 - timing_s/adv:0.00044007785618305206 - timing_s/update_actor:0.6458785701543093 - timing_s/update_weights:2.0374392177909613 - timing_s/step:30.062915604561567 - timing_s/stop_profile:4.7111883759498596e-05 - timing_per_token_ms/gen:9.302040818852909 - timing_per_token_ms/adv:0.00043144887861083537 - timing_per_token_ms/update_actor:0.633214284465009 - perf/total_num_tokens:1020 - perf/time_per_step:30.062915604561567 - perf/throughput:16.9644224368782
[36m(TaskRunner pid=431148)[0m step:130 - fc_opd/hook_loss:0.36589258909225464 - fc_opd/hook_num_samples:2.0 - fc_opd/hook_active_weight:67.49655151367188 - fc_opd/loss/task_visible:0.5576316118240356 - fc_opd/selection/task_visible:0.012918159365653992 - fc_opd/loss/degraded:0.0 - fc_opd/selection/degraded:0.0 - fc_opd/loss/task_infer:0.72654128074646 - fc_opd/selection/task_infer:0.012752288952469826 - fc_opd/loss/full:0.17751693725585938 - fc_opd/selection/full:0.04362880438566208 - fc_opd/loss/task_solve:0.4323473870754242 - fc_opd/selection/task_solve:0.02207232639193535 - fc_opd/loss/free:0.0 - fc_opd/selection/free:0.0 - fc_opd/loss/chunk/visible_evidence:0.0 - fc_opd/loss/chunk/diagram_inference:0.0 - fc_opd/loss/chunk/reasoning:0.03346557170152664 - fc_opd/loss/chunk/answer:0.0 - fc_opd/loss/total:0.36589258909225464 - fc_opd/online/loss:0.36589258909225464 - fc_opd/online/num_samples:2.0 - global_seqlen/min:536 - global_seqlen/max:563 - global_seqlen/minmax_diff:27 - global_seqlen/balanced_min:536 - global_seqlen/balanced_max:563 - global_seqlen/mean:549.5 - actor/entropy:0.3676997423171997 - perf/mfu/actor_infer:0 - actor/pg_loss:-0.9999990463256836 - actor/kl_loss:0.0 - actor/fc_opd_loss:0.19049165397882462 - actor/pg_clipfrac:0.0 - actor/ppo_kl:0.0 - actor/pg_clipfrac_lower:0.0 - actor/fc_opd_coef:0.10000000149011612 - actor/fc_opd_active_weight_mean:0.06591460481286049 - actor/grad_norm:5.831223487854004 - perf/mfu/actor:0.022790964243339776 - perf/max_memory_allocated_gb:41.394092082977295 - perf/max_memory_reserved_gb:46.6484375 - perf/cpu_memory_used_gb:135.28612518310547 - actor/lr:1e-06 - training/global_step:130 - training/epoch:129 - critic/score/mean:1.0 - critic/score/max:1.0 - critic/score/min:1.0 - critic/rewards/mean:1.0 - critic/rewards/max:1.0 - critic/rewards/min:1.0 - critic/advantages/mean:0.9999989867210388 - critic/advantages/max:0.9999990463256836 - critic/advantages/min:0.9999990463256836 - critic/returns/mean:0.9999989867210388 - critic/returns/max:0.9999990463256836 - critic/returns/min:0.9999990463256836 - response_length/mean:369.5 - response_length/max:383.0 - response_length/min:356.0 - response_length/clip_ratio:0.0 - response_length_non_aborted/mean:369.5 - response_length_non_aborted/max:383.0 - response_length_non_aborted/min:356.0 - response_length_non_aborted/clip_ratio:0.0 - response/aborted_ratio:0.0 - prompt_length/mean:180.0 - prompt_length/max:180.0 - prompt_length/min:180.0 - prompt_length/clip_ratio:0.0 - num_turns/min:2 - num_turns/max:2 - num_turns/mean:2.0 - timing_s/start_profile:0.00025174953043460846 - timing_s/agent_loop/num_preempted/min:-1 - timing_s/agent_loop/num_preempted/max:-1 - timing_s/agent_loop/num_preempted/mean:-1.0 - timing_s/agent_loop/generate_sequences/min:5.803164413198829 - timing_s/agent_loop/generate_sequences/max:6.191549524664879 - timing_s/agent_loop/generate_sequences/mean:5.997356968931854 - timing_s/agent_loop/tool_calls/min:0.0 - timing_s/agent_loop/tool_calls/max:0.0 - timing_s/agent_loop/tool_calls/mean:0.0 - timing_s/agent_loop/slowest/generate_sequences:6.191549524664879 - timing_s/agent_loop/slowest/tool_calls:0.0 - timing_s/agent_loop/slowest/prompt_length:180 - timing_s/agent_loop/slowest/response_length:383 - timing_s/agent_loop/slowest/num_preempted:-1 - timing_s/gen:6.887071380391717 - timing_s/fc_opd:22.336378827691078 - timing_s/reward:2.6831403374671936e-05 - timing_s/old_log_prob:0.20777150802314281 - timing_s/adv:0.0004283580929040909 - timing_s/update_actor:0.6504056267440319 - timing_s/update_weights:1.9936151783913374 - timing_s/step:32.079298509284854 - timing_s/stop_profile:4.27737832069397e-05 - timing_per_token_ms/gen:9.319447064129522 - timing_per_token_ms/adv:0.0003897707851720572 - timing_per_token_ms/update_actor:0.5918158569099471 - perf/total_num_tokens:1099 - perf/time_per_step:32.079298509284854 - perf/throughput:17.12942693684389
[36m(TaskRunner pid=431148)[0m step:131 - fc_opd/hook_loss:0.24391356110572815 - fc_opd/hook_num_samples:2.0 - fc_opd/hook_active_weight:69.48246765136719 - fc_opd/loss/task_visible:0.3793140947818756 - fc_opd/selection/task_visible:0.008677208796143532 - fc_opd/loss/degraded:0.0 - fc_opd/selection/degraded:0.0 - fc_opd/loss/task_infer:0.6375843286514282 - fc_opd/selection/task_infer:0.013805842958390713 - fc_opd/loss/full:0.1254216432571411 - fc_opd/selection/full:0.05050668865442276 - fc_opd/loss/task_solve:0.23086866736412048 - fc_opd/selection/task_solve:0.020622938871383667 - fc_opd/loss/free:0.0 - fc_opd/selection/free:0.0 - fc_opd/loss/chunk/visible_evidence:0.0 - fc_opd/loss/chunk/diagram_inference:0.0 - fc_opd/loss/chunk/reasoning:0.022781338542699814 - fc_opd/loss/chunk/answer:0.0 - fc_opd/loss/total:0.24391356110572815 - fc_opd/online/loss:0.24391356110572815 - fc_opd/online/num_samples:2.0 - global_seqlen/min:542 - global_seqlen/max:560 - global_seqlen/minmax_diff:18 - global_seqlen/balanced_min:542 - global_seqlen/balanced_max:560 - global_seqlen/mean:551.0 - actor/entropy:0.28172072768211365 - perf/mfu/actor_infer:0 - actor/pg_loss:-0.9999990463256836 - actor/kl_loss:0.0 - actor/fc_opd_loss:0.13159287720918655 - actor/pg_clipfrac:0.0 - actor/ppo_kl:0.0 - actor/pg_clipfrac_lower:0.0 - actor/fc_opd_coef:0.10000000149011612 - actor/fc_opd_active_weight_mean:0.06785397604107857 - actor/grad_norm:5.164976119995117 - perf/mfu/actor:0.02262449290197817 - perf/max_memory_allocated_gb:41.394092082977295 - perf/max_memory_reserved_gb:46.6484375 - perf/cpu_memory_used_gb:135.70215606689453 - actor/lr:1e-06 - training/global_step:131 - training/epoch:130 - critic/score/mean:1.0 - critic/score/max:1.0 - critic/score/min:1.0 - critic/rewards/mean:1.0 - critic/rewards/max:1.0 - critic/rewards/min:1.0 - critic/advantages/mean:0.9999989867210388 - critic/advantages/max:0.9999990463256836 - critic/advantages/min:0.9999990463256836 - critic/returns/mean:0.9999989867210388 - critic/returns/max:0.9999990463256836 - critic/returns/min:0.9999990463256836 - response_length/mean:371.0 - response_length/max:380.0 - response_length/min:362.0 - response_length/clip_ratio:0.0 - response_length_non_aborted/mean:371.0 - response_length_non_aborted/max:380.0 - response_length_non_aborted/min:362.0 - response_length_non_aborted/clip_ratio:0.0 - response/aborted_ratio:0.0 - prompt_length/mean:180.0 - prompt_length/max:180.0 - prompt_length/min:180.0 - prompt_length/clip_ratio:0.0 - num_turns/min:2 - num_turns/max:2 - num_turns/mean:2.0 - timing_s/start_profile:0.0002566240727901459 - timing_s/agent_loop/num_preempted/min:-1 - timing_s/agent_loop/num_preempted/max:-1 - timing_s/agent_loop/num_preempted/mean:-1.0 - timing_s/agent_loop/generate_sequences/min:5.870164589956403 - timing_s/agent_loop/generate_sequences/max:6.222750646993518 - timing_s/agent_loop/generate_sequences/mean:6.04645761847496 - timing_s/agent_loop/tool_calls/min:0.0 - timing_s/agent_loop/tool_calls/max:0.0 - timing_s/agent_loop/tool_calls/mean:0.0 - timing_s/agent_loop/slowest/generate_sequences:6.222750646993518 - timing_s/agent_loop/slowest/tool_calls:0.0 - timing_s/agent_loop/slowest/prompt_length:180 - timing_s/agent_loop/slowest/response_length:380 - timing_s/agent_loop/slowest/num_preempted:-1 - timing_s/gen:6.855120029300451 - timing_s/fc_opd:22.172885593026876 - timing_s/reward:2.226792275905609e-05 - timing_s/old_log_prob:0.18026482686400414 - timing_s/adv:0.0004605669528245926 - timing_s/update_actor:0.6562366113066673 - timing_s/update_weights:2.057886276394129 - timing_s/step:31.925823321565986 - timing_s/stop_profile:4.7866255044937134e-05 - timing_per_token_ms/gen:9.238706238949396 - timing_per_token_ms/adv:0.0004179373437609733 - timing_per_token_ms/update_actor:0.5954960175196619 - perf/total_num_tokens:1102 - perf/time_per_step:31.925823321565986 - perf/throughput:17.25875616268909[36m(TaskRunner pid=431148)[0m Training Progress:  66%|██████▌   | 131/200 [1:09:58<37:25, 32.54s/it]
[36m(pid=4173399)[0m /inspire/hdd/global_user/mengweicheng-240108120092/lzy/fc-opd-storage/envs/fc-opd-verl071-cu128/lib/python3.12/site-packages/torch/cuda/__init__.py:63: FutureWarning: The pynvml package is deprecated. Please install nvidia-ml-py instead. If you did not install pynvml directly, please report this to the maintainers of the package that installed pynvml for you.
[36m(pid=4173399)[0m   import pynvml  # type: ignore[import]
[36m(pid=4173399)[0m /inspire/hdd/global_user/mengweicheng-240108120092/lzy/fc-opd-storage/envs/fc-opd-verl071-cu128/lib/python3.12/site-packages/transformers/utils/hub.py:110: FutureWarning: Using `TRANSFORMERS_CACHE` is deprecated and will be removed in v5 of Transformers. Use `HF_HOME` instead.
[36m(pid=4173399)[0m   warnings.warn(
[36m(_RayStudentScorerActor pid=4173399)[0m `torch_dtype` is deprecated! Use `dtype` instead!
[36m(_RayStudentScorerActor pid=4173399)[0m Loading checkpoint shards:   0%|          | 0/2 [00:00<?, ?it/s]
[36m(_RayStudentScorerActor pid=4173399)[0m Loading checkpoint shards:  50%|█████     | 1/2 [00:03<00:03,  3.08s/it]
[36m(_RayStudentScorerActor pid=4173399)[0m Loading checkpoint shards: 100%|██████████| 2/2 [00:05<00:00,  2.70s/it]Loading checkpoint shards: 100%|██████████| 2/2 [00:05<00:00,  2.75s/it]
[36m(WorkerDict pid=533144)[0m INFO:2026-06-29 14:23:28,214:update_weights done, time cost: 0.49s
[36m(TaskRunner pid=431148)[0m Training Progress:  66%|██████▌   | 132/200 [1:10:29<36:17, 32.02s/it]
[36m(pid=39154)[0m /inspire/hdd/global_user/mengweicheng-240108120092/lzy/fc-opd-storage/envs/fc-opd-verl071-cu128/lib/python3.12/site-packages/torch/cuda/__init__.py:63: FutureWarning: The pynvml package is deprecated. Please install nvidia-ml-py instead. If you did not install pynvml directly, please report this to the maintainers of the package that installed pynvml for you.
[36m(pid=39154)[0m   import pynvml  # type: ignore[import]
[36m(pid=39154)[0m /inspire/hdd/global_user/mengweicheng-240108120092/lzy/fc-opd-storage/envs/fc-opd-verl071-cu128/lib/python3.12/site-packages/transformers/utils/hub.py:110: FutureWarning: Using `TRANSFORMERS_CACHE` is deprecated and will be removed in v5 of Transformers. Use `HF_HOME` instead.
[36m(pid=39154)[0m   warnings.warn(
[36m(_RayStudentScorerActor pid=39154)[0m `torch_dtype` is deprecated! Use `dtype` instead!
[36m(_RayStudentScorerActor pid=39154)[0m Loading checkpoint shards:   0%|          | 0/2 [00:00<?, ?it/s]
[36m(_RayStudentScorerActor pid=39154)[0m Loading checkpoint shards:  50%|█████     | 1/2 [00:03<00:03,  3.07s/it]
[36m(_RayStudentScorerActor pid=39154)[0m Loading checkpoint shards: 100%|██████████| 2/2 [00:05<00:00,  2.69s/it]Loading checkpoint shards: 100%|██████████| 2/2 [00:05<00:00,  2.74s/it]
[36m(WorkerDict pid=533144)[0m INFO:2026-06-29 14:23:59,052:update_weights done, time cost: 0.48s
[36m(TaskRunner pid=431148)[0m Training Progress:  66%|██████▋   | 133/200 [1:11:00<35:21, 31.67s/it]
[36m(pid=92384)[0m /inspire/hdd/global_user/mengweicheng-240108120092/lzy/fc-opd-storage/envs/fc-opd-verl071-cu128/lib/python3.12/site-packages/torch/cuda/__init__.py:63: FutureWarning: The pynvml package is deprecated. Please install nvidia-ml-py instead. If you did not install pynvml directly, please report this to the maintainers of the package that installed pynvml for you.
[36m(pid=92384)[0m   import pynvml  # type: ignore[import]
[36m(pid=92384)[0m /inspire/hdd/global_user/mengweicheng-240108120092/lzy/fc-opd-storage/envs/fc-opd-verl071-cu128/lib/python3.12/site-packages/transformers/utils/hub.py:110: FutureWarning: Using `TRANSFORMERS_CACHE` is deprecated and will be removed in v5 of Transformers. Use `HF_HOME` instead.
[36m(pid=92384)[0m   warnings.warn(
[36m(_RayStudentScorerActor pid=92384)[0m `torch_dtype` is deprecated! Use `dtype` instead!
[36m(_RayStudentScorerActor pid=92384)[0m Loading checkpoint shards:   0%|          | 0/2 [00:00<?, ?it/s]
[36m(_RayStudentScorerActor pid=92384)[0m Loading checkpoint shards:  50%|█████     | 1/2 [00:03<00:03,  3.05s/it]
[36m(_RayStudentScorerActor pid=92384)[0m Loading checkpoint shards: 100%|██████████| 2/2 [00:05<00:00,  2.67s/it]Loading checkpoint shards: 100%|██████████| 2/2 [00:05<00:00,  2.73s/it]
[36m(WorkerDict pid=533144)[0m INFO:2026-06-29 14:24:30,334:update_weights done, time cost: 0.46s

[36m(TaskRunner pid=431148)[0m step:132 - fc_opd/hook_loss:0.2637636661529541 - fc_opd/hook_num_samples:2.0 - fc_opd/hook_active_weight:61.82376480102539 - fc_opd/loss/task_visible:0.46863940358161926 - fc_opd/selection/task_visible:0.010850843042135239 - fc_opd/loss/degraded:0.0 - fc_opd/selection/degraded:0.0 - fc_opd/loss/task_infer:0.4766451120376587 - fc_opd/selection/task_infer:0.011161953210830688 - fc_opd/loss/full:0.135274738073349 - fc_opd/selection/full:0.05125717446208 - fc_opd/loss/task_solve:0.3726494312286377 - fc_opd/selection/task_solve:0.018458489328622818 - fc_opd/loss/free:0.0 - fc_opd/selection/free:0.0 - fc_opd/loss/chunk/visible_evidence:0.0 - fc_opd/loss/chunk/diagram_inference:0.0 - fc_opd/loss/chunk/reasoning:0.02419518120586872 - fc_opd/loss/chunk/answer:0.0 - fc_opd/loss/total:0.2637636661529541 - fc_opd/online/loss:0.2637636661529541 - fc_opd/online/num_samples:2.0 - global_seqlen/min:507 - global_seqlen/max:527 - global_seqlen/minmax_diff:20 - global_seqlen/balanced_min:507 - global_seqlen/balanced_max:527 - global_seqlen/mean:517.0 - actor/entropy:0.2974373996257782 - perf/mfu/actor_infer:0 - actor/pg_loss:-0.9999990463256836 - actor/kl_loss:0.0 - actor/fc_opd_loss:0.13773299753665924 - actor/pg_clipfrac:0.0 - actor/ppo_kl:0.0 - actor/pg_clipfrac_lower:0.0 - actor/fc_opd_coef:0.10000000149011612 - actor/fc_opd_active_weight_mean:0.06037477217614651 - actor/grad_norm:5.131725788116455 - perf/mfu/actor:0.021548665921674152 - perf/max_memory_allocated_gb:41.394092082977295 - perf/max_memory_reserved_gb:46.6484375 - perf/cpu_memory_used_gb:135.09775924682617 - actor/lr:1e-06 - training/global_step:132 - training/epoch:131 - critic/score/mean:1.0 - critic/score/max:1.0 - critic/score/min:1.0 - critic/rewards/mean:1.0 - critic/rewards/max:1.0 - critic/rewards/min:1.0 - critic/advantages/mean:0.9999991655349731 - critic/advantages/max:0.9999990463256836 - critic/advantages/min:0.9999990463256836 - critic/returns/mean:0.9999991655349731 - critic/returns/max:0.9999990463256836 - critic/returns/min:0.9999990463256836 - response_length/mean:337.0 - response_length/max:347.0 - response_length/min:327.0 - response_length/clip_ratio:0.0 - response_length_non_aborted/mean:337.0 - response_length_non_aborted/max:347.0 - response_length_non_aborted/min:327.0 - response_length_non_aborted/clip_ratio:0.0 - response/aborted_ratio:0.0 - prompt_length/mean:180.0 - prompt_length/max:180.0 - prompt_length/min:180.0 - prompt_length/clip_ratio:0.0 - num_turns/min:2 - num_turns/max:2 - num_turns/mean:2.0 - timing_s/start_profile:0.00024793483316898346 - timing_s/agent_loop/num_preempted/min:-1 - timing_s/agent_loop/num_preempted/max:-1 - timing_s/agent_loop/num_preempted/mean:-1.0 - timing_s/agent_loop/generate_sequences/min:5.257016040384769 - timing_s/agent_loop/generate_sequences/max:5.661461565643549 - timing_s/agent_loop/generate_sequences/mean:5.459238803014159 - timing_s/agent_loop/tool_calls/min:0.0 - timing_s/agent_loop/tool_calls/max:0.0 - timing_s/agent_loop/tool_calls/mean:0.0 - timing_s/agent_loop/slowest/generate_sequences:5.661461565643549 - timing_s/agent_loop/slowest/tool_calls:0.0 - timing_s/agent_loop/slowest/prompt_length:180 - timing_s/agent_loop/slowest/response_length:347 - timing_s/agent_loop/slowest/num_preempted:-1 - timing_s/gen:6.2961730640381575 - timing_s/fc_opd:21.441896783187985 - timing_s/reward:2.5583431124687195e-05 - timing_s/old_log_prob:0.18029834516346455 - timing_s/adv:0.0004617050290107727 - timing_s/update_actor:0.6481235306710005 - timing_s/update_weights:2.004542961716652 - timing_s/step:30.574898783117533 - timing_s/stop_profile:4.589557647705078e-05 - timing_per_token_ms/gen:9.341503062371153 - timing_per_token_ms/adv:0.0004465232388885616 - timing_per_token_ms/update_actor:0.6268119252137335 - perf/total_num_tokens:1034 - perf/time_per_step:30.574898783117533 - perf/throughput:16.90929555212365
[36m(TaskRunner pid=431148)[0m step:133 - fc_opd/hook_loss:0.27132341265678406 - fc_opd/hook_num_samples:2.0 - fc_opd/hook_active_weight:61.74599838256836 - fc_opd/loss/task_visible:0.599723756313324 - fc_opd/selection/task_visible:0.010030966252088547 - fc_opd/loss/degraded:0.0 - fc_opd/selection/degraded:0.0 - fc_opd/loss/task_infer:0.5375798344612122 - fc_opd/selection/task_infer:0.01419730857014656 - fc_opd/loss/full:0.12372635304927826 - fc_opd/selection/full:0.04814760386943817 - fc_opd/loss/task_solve:0.276312917470932 - fc_opd/selection/task_solve:0.01965007185935974 - fc_opd/loss/free:0.0 - fc_opd/selection/free:0.0 - fc_opd/loss/chunk/visible_evidence:0.0 - fc_opd/loss/chunk/diagram_inference:0.0 - fc_opd/loss/chunk/reasoning:0.02497561275959015 - fc_opd/loss/chunk/answer:0.0 - fc_opd/loss/total:0.27132341265678406 - fc_opd/online/loss:0.27132341265678406 - fc_opd/online/num_samples:2.0 - global_seqlen/min:510 - global_seqlen/max:521 - global_seqlen/minmax_diff:11 - global_seqlen/balanced_min:510 - global_seqlen/balanced_max:521 - global_seqlen/mean:515.5 - actor/entropy:0.30562177300453186 - perf/mfu/actor_infer:0 - actor/pg_loss:-0.999999076128006 - actor/kl_loss:0.0 - actor/fc_opd_loss:0.13564743101596832 - actor/pg_clipfrac:0.0 - actor/ppo_kl:0.0 - actor/pg_clipfrac_lower:0.0 - actor/fc_opd_coef:0.10000000149011612 - actor/fc_opd_active_weight_mean:0.06029882654547691 - actor/grad_norm:5.112090587615967 - perf/mfu/actor:0.021435792307177126 - perf/max_memory_allocated_gb:41.394092082977295 - perf/max_memory_reserved_gb:46.6484375 - perf/cpu_memory_used_gb:135.4145278930664 - actor/lr:1e-06 - training/global_step:133 - training/epoch:132 - critic/score/mean:1.0 - critic/score/max:1.0 - critic/score/min:1.0 - critic/rewards/mean:1.0 - critic/rewards/max:1.0 - critic/rewards/min:1.0 - critic/advantages/mean:0.9999991655349731 - critic/advantages/max:0.9999990463256836 - critic/advantages/min:0.9999990463256836 - critic/returns/mean:0.9999991655349731 - critic/returns/max:0.9999990463256836 - critic/returns/min:0.9999990463256836 - response_length/mean:335.5 - response_length/max:341.0 - response_length/min:330.0 - response_length/clip_ratio:0.0 - response_length_non_aborted/mean:335.5 - response_length_non_aborted/max:341.0 - response_length_non_aborted/min:330.0 - response_length_non_aborted/clip_ratio:0.0 - response/aborted_ratio:0.0 - prompt_length/mean:180.0 - prompt_length/max:180.0 - prompt_length/min:180.0 - prompt_length/clip_ratio:0.0 - num_turns/min:2 - num_turns/max:2 - num_turns/mean:2.0 - timing_s/start_profile:0.00026632845401763916 - timing_s/agent_loop/num_preempted/min:-1 - timing_s/agent_loop/num_preempted/max:-1 - timing_s/agent_loop/num_preempted/mean:-1.0 - timing_s/agent_loop/generate_sequences/min:5.387591574341059 - timing_s/agent_loop/generate_sequences/max:5.483401661738753 - timing_s/agent_loop/generate_sequences/mean:5.435496618039906 - timing_s/agent_loop/tool_calls/min:0.0 - timing_s/agent_loop/tool_calls/max:0.0 - timing_s/agent_loop/tool_calls/mean:0.0 - timing_s/agent_loop/slowest/generate_sequences:5.483401661738753 - timing_s/agent_loop/slowest/tool_calls:0.0 - timing_s/agent_loop/slowest/prompt_length:180 - timing_s/agent_loop/slowest/response_length:341 - timing_s/agent_loop/slowest/num_preempted:-1 - timing_s/gen:6.123467706143856 - timing_s/fc_opd:21.458837112411857 - timing_s/reward:2.438575029373169e-05 - timing_s/old_log_prob:0.18313318490982056 - timing_s/adv:0.00043684616684913635 - timing_s/update_actor:0.6508976481854916 - timing_s/update_weights:2.1700228173285723 - timing_s/step:30.590206816792488 - timing_s/stop_profile:4.7070905566215515e-05 - timing_per_token_ms/gen:9.125883317651052 - timing_per_token_ms/adv:0.0004237111220651177 - timing_per_token_ms/update_actor:0.631326525883115 - perf/total_num_tokens:1031 - perf/time_per_step:30.590206816792488 - perf/throughput:16.85179845587106
[36m(TaskRunner pid=431148)[0m step:134 - fc_opd/hook_loss:0.26602834463119507 - fc_opd/hook_num_samples:2.0 - fc_opd/hook_active_weight:61.978614807128906 - fc_opd/loss/task_visible:0.4411045014858246 - fc_opd/selection/task_visible:0.011540761217474937 - fc_opd/loss/degraded:0.0 - fc_opd/selection/degraded:0.0 - fc_opd/loss/task_infer:0.4055050015449524 - fc_opd/selection/task_infer:0.00978002417832613 - fc_opd/loss/full:0.15168574452400208 - fc_opd/selection/full:0.050774767994880676 - fc_opd/loss/task_solve:0.3915059566497803 - fc_opd/selection/task_solve:0.017506424337625504 - fc_opd/loss/free:0.0 - fc_opd/selection/free:0.0 - fc_opd/loss/chunk/visible_evidence:0.0 - fc_opd/loss/chunk/diagram_inference:0.0 - fc_opd/loss/chunk/reasoning:0.023820724338293076 - fc_opd/loss/chunk/answer:0.0 - fc_opd/loss/total:0.26602834463119507 - fc_opd/online/loss:0.26602834463119507 - fc_opd/online/num_samples:2.0 - global_seqlen/min:512 - global_seqlen/max:540 - global_seqlen/minmax_diff:28 - global_seqlen/balanced_min:512 - global_seqlen/balanced_max:540 - global_seqlen/mean:526.0 - actor/entropy:0.2551271319389343 - perf/mfu/actor_infer:0 - actor/pg_loss:-0.999999076128006 - actor/kl_loss:0.0 - actor/fc_opd_loss:0.12483551725745201 - actor/pg_clipfrac:0.0 - actor/ppo_kl:0.0 - actor/pg_clipfrac_lower:0.0 - actor/fc_opd_coef:0.10000000149011612 - actor/fc_opd_active_weight_mean:0.06052599288523197 - actor/grad_norm:4.910271167755127 - perf/mfu/actor:0.02146926845488454 - perf/max_memory_allocated_gb:41.394092082977295 - perf/max_memory_reserved_gb:46.6484375 - perf/cpu_memory_used_gb:135.08126068115234 - actor/lr:1e-06 - training/global_step:134 - training/epoch:133 - critic/score/mean:1.0 - critic/score/max:1.0 - critic/score/min:1.0 - critic/rewards/mean:1.0 - critic/rewards/max:1.0 - critic/rewards/min:1.0 - critic/advantages/mean:0.9999992251396179 - critic/advantages/max:0.9999990463256836 - critic/advantages/min:0.9999990463256836 - critic/returns/mean:0.9999992251396179 - critic/returns/max:0.9999990463256836 - critic/returns/min:0.9999990463256836 - response_length/mean:346.0 - response_length/max:360.0 - response_length/min:332.0 - response_length/clip_ratio:0.0 - response_length_non_aborted/mean:346.0 - response_length_non_aborted/max:360.0 - response_length_non_aborted/min:332.0 - response_length_non_aborted/clip_ratio:0.0 - response/aborted_ratio:0.0 - prompt_length/mean:180.0 - prompt_length/max:180.0 - prompt_length/min:180.0 - prompt_length/clip_ratio:0.0 - num_turns/min:2 - num_turns/max:2 - num_turns/mean:2.0 - timing_s/start_profile:0.00025935471057891846 - timing_s/agent_loop/num_preempted/min:-1 - timing_s/agent_loop/num_preempted/max:-1 - timing_s/agent_loop/num_preempted/mean:-1.0 - timing_s/agent_loop/generate_sequences/min:5.330595767125487 - timing_s/agent_loop/generate_sequences/max:5.867547191679478 - timing_s/agent_loop/generate_sequences/mean:5.5990714794024825 - timing_s/agent_loop/tool_calls/min:0.0 - timing_s/agent_loop/tool_calls/max:0.0 - timing_s/agent_loop/tool_calls/mean:0.0 - timing_s/agent_loop/slowest/generate_sequences:5.867547191679478 - timing_s/agent_loop/slowest/tool_calls:0.0 - timing_s/agent_loop/slowest/prompt_length:180 - timing_s/agent_loop/slowest/response_length:360 - timing_s/agent_loop/slowest/num_preempted:-1 - timing_s/gen:6.539374332875013 - timing_s/fc_opd:21.665173497051 - timing_s/reward:2.6036053895950317e-05 - timing_s/old_log_prob:0.17788388021290302 - timing_s/adv:0.00043380074203014374 - timing_s/update_actor:0.6608897242695093 - timing_s/update_weights:1.9495452865958214 - timing_s/step:30.996711865067482 - timing_s/stop_profile:4.8041343688964844e-05 - timing_per_token_ms/gen:9.449962908778922 - timing_per_token_ms/adv:0.0004123581198005169 - timing_per_token_ms/update_actor:0.6282221713588492 - perf/total_num_tokens:1052 - perf/time_per_step:30.996711865067482 - perf/throughput:16.969541875594516[36m(TaskRunner pid=431148)[0m Training Progress:  67%|██████▋   | 134/200 [1:11:31<34:41, 31.54s/it]
[36m(pid=149147)[0m /inspire/hdd/global_user/mengweicheng-240108120092/lzy/fc-opd-storage/envs/fc-opd-verl071-cu128/lib/python3.12/site-packages/torch/cuda/__init__.py:63: FutureWarning: The pynvml package is deprecated. Please install nvidia-ml-py instead. If you did not install pynvml directly, please report this to the maintainers of the package that installed pynvml for you.
[36m(pid=149147)[0m   import pynvml  # type: ignore[import]
[36m(pid=149147)[0m /inspire/hdd/global_user/mengweicheng-240108120092/lzy/fc-opd-storage/envs/fc-opd-verl071-cu128/lib/python3.12/site-packages/transformers/utils/hub.py:110: FutureWarning: Using `TRANSFORMERS_CACHE` is deprecated and will be removed in v5 of Transformers. Use `HF_HOME` instead.
[36m(pid=149147)[0m   warnings.warn(
[36m(_RayStudentScorerActor pid=149147)[0m `torch_dtype` is deprecated! Use `dtype` instead!
[36m(_RayStudentScorerActor pid=149147)[0m Loading checkpoint shards:   0%|          | 0/2 [00:00<?, ?it/s]
[36m(_RayStudentScorerActor pid=149147)[0m Loading checkpoint shards:  50%|█████     | 1/2 [00:03<00:03,  3.08s/it]
[36m(_RayStudentScorerActor pid=149147)[0m Loading checkpoint shards: 100%|██████████| 2/2 [00:05<00:00,  2.70s/it]Loading checkpoint shards: 100%|██████████| 2/2 [00:05<00:00,  2.75s/it]
[36m(WorkerDict pid=533144)[0m INFO:2026-06-29 14:25:03,531:update_weights done, time cost: 0.48s
[36m(TaskRunner pid=431148)[0m Training Progress:  68%|██████▊   | 135/200 [1:12:05<34:42, 32.04s/it]
[36m(pid=215802)[0m /inspire/hdd/global_user/mengweicheng-240108120092/lzy/fc-opd-storage/envs/fc-opd-verl071-cu128/lib/python3.12/site-packages/torch/cuda/__init__.py:63: FutureWarning: The pynvml package is deprecated. Please install nvidia-ml-py instead. If you did not install pynvml directly, please report this to the maintainers of the package that installed pynvml for you.
[36m(pid=215802)[0m   import pynvml  # type: ignore[import]
[36m(pid=215802)[0m /inspire/hdd/global_user/mengweicheng-240108120092/lzy/fc-opd-storage/envs/fc-opd-verl071-cu128/lib/python3.12/site-packages/transformers/utils/hub.py:110: FutureWarning: Using `TRANSFORMERS_CACHE` is deprecated and will be removed in v5 of Transformers. Use `HF_HOME` instead.
[36m(pid=215802)[0m   warnings.warn(
[36m(_RayStudentScorerActor pid=215802)[0m `torch_dtype` is deprecated! Use `dtype` instead!
[36m(_RayStudentScorerActor pid=215802)[0m Loading checkpoint shards:   0%|          | 0/2 [00:00<?, ?it/s]
[36m(_RayStudentScorerActor pid=215802)[0m Loading checkpoint shards:  50%|█████     | 1/2 [00:03<00:03,  3.05s/it]
[36m(_RayStudentScorerActor pid=215802)[0m Loading checkpoint shards: 100%|██████████| 2/2 [00:05<00:00,  2.68s/it]Loading checkpoint shards: 100%|██████████| 2/2 [00:05<00:00,  2.73s/it]
[36m(WorkerDict pid=533144)[0m INFO:2026-06-29 14:25:35,929:update_weights done, time cost: 0.48s
[36m(TaskRunner pid=431148)[0m Training Progress:  68%|██████▊   | 136/200 [1:12:37<34:17, 32.15s/it]
[36m(pid=274866)[0m /inspire/hdd/global_user/mengweicheng-240108120092/lzy/fc-opd-storage/envs/fc-opd-verl071-cu128/lib/python3.12/site-packages/torch/cuda/__init__.py:63: FutureWarning: The pynvml package is deprecated. Please install nvidia-ml-py instead. If you did not install pynvml directly, please report this to the maintainers of the package that installed pynvml for you.
[36m(pid=274866)[0m   import pynvml  # type: ignore[import]
[36m(pid=274866)[0m /inspire/hdd/global_user/mengweicheng-240108120092/lzy/fc-opd-storage/envs/fc-opd-verl071-cu128/lib/python3.12/site-packages/transformers/utils/hub.py:110: FutureWarning: Using `TRANSFORMERS_CACHE` is deprecated and will be removed in v5 of Transformers. Use `HF_HOME` instead.
[36m(pid=274866)[0m   warnings.warn(
[36m(_RayStudentScorerActor pid=274866)[0m `torch_dtype` is deprecated! Use `dtype` instead!
[36m(_RayStudentScorerActor pid=274866)[0m Loading checkpoint shards:   0%|          | 0/2 [00:00<?, ?it/s]
[36m(_RayStudentScorerActor pid=274866)[0m Loading checkpoint shards:  50%|█████     | 1/2 [00:03<00:03,  3.08s/it]
[36m(_RayStudentScorerActor pid=274866)[0m Loading checkpoint shards: 100%|██████████| 2/2 [00:05<00:00,  2.70s/it]Loading checkpoint shards: 100%|██████████| 2/2 [00:05<00:00,  2.76s/it]
[36m(WorkerDict pid=533144)[0m INFO:2026-06-29 14:26:09,125:update_weights done, time cost: 0.49s

[36m(TaskRunner pid=431148)[0m step:135 - fc_opd/hook_loss:0.2855045199394226 - fc_opd/hook_num_samples:2.0 - fc_opd/hook_active_weight:71.04429626464844 - fc_opd/loss/task_visible:0.7049645781517029 - fc_opd/selection/task_visible:0.0099782794713974 - fc_opd/loss/degraded:0.0 - fc_opd/selection/degraded:0.0 - fc_opd/loss/task_infer:0.636338472366333 - fc_opd/selection/task_infer:0.011660173535346985 - fc_opd/loss/full:0.08774574100971222 - fc_opd/selection/full:0.04936353862285614 - fc_opd/loss/task_solve:0.3653688430786133 - fc_opd/selection/task_solve:0.02007768303155899 - fc_opd/loss/free:0.0 - fc_opd/selection/free:0.0 - fc_opd/loss/chunk/visible_evidence:0.0 - fc_opd/loss/chunk/diagram_inference:0.0 - fc_opd/loss/chunk/reasoning:0.026007473468780518 - fc_opd/loss/chunk/answer:0.0 - fc_opd/loss/total:0.2855045199394226 - fc_opd/online/loss:0.2855045199394226 - fc_opd/online/num_samples:2.0 - global_seqlen/min:552 - global_seqlen/max:588 - global_seqlen/minmax_diff:36 - global_seqlen/balanced_min:552 - global_seqlen/balanced_max:588 - global_seqlen/mean:570.0 - actor/entropy:0.2954249680042267 - perf/mfu/actor_infer:0 - actor/pg_loss:-0.9999990165233612 - actor/kl_loss:0.0 - actor/fc_opd_loss:0.14991044253110886 - actor/pg_clipfrac:0.0 - actor/ppo_kl:0.0 - actor/pg_clipfrac_lower:0.0 - actor/fc_opd_coef:0.10000000149011612 - actor/fc_opd_active_weight_mean:0.06937919557094574 - actor/grad_norm:4.66115665435791 - perf/mfu/actor:0.02393085864960529 - perf/max_memory_allocated_gb:41.394092082977295 - perf/max_memory_reserved_gb:46.6484375 - perf/cpu_memory_used_gb:135.40869522094727 - actor/lr:1e-06 - training/global_step:135 - training/epoch:134 - critic/score/mean:1.0 - critic/score/max:1.0 - critic/score/min:1.0 - critic/rewards/mean:1.0 - critic/rewards/max:1.0 - critic/rewards/min:1.0 - critic/advantages/mean:0.9999990463256836 - critic/advantages/max:0.9999990463256836 - critic/advantages/min:0.9999990463256836 - critic/returns/mean:0.9999990463256836 - critic/returns/max:0.9999990463256836 - critic/returns/min:0.9999990463256836 - response_length/mean:390.0 - response_length/max:408.0 - response_length/min:372.0 - response_length/clip_ratio:0.0 - response_length_non_aborted/mean:390.0 - response_length_non_aborted/max:408.0 - response_length_non_aborted/min:372.0 - response_length_non_aborted/clip_ratio:0.0 - response/aborted_ratio:0.0 - prompt_length/mean:180.0 - prompt_length/max:180.0 - prompt_length/min:180.0 - prompt_length/clip_ratio:0.0 - num_turns/min:2 - num_turns/max:2 - num_turns/mean:2.0 - timing_s/start_profile:0.0002613365650177002 - timing_s/agent_loop/num_preempted/min:-1 - timing_s/agent_loop/num_preempted/max:-1 - timing_s/agent_loop/num_preempted/mean:-1.0 - timing_s/agent_loop/generate_sequences/min:6.035419095307589 - timing_s/agent_loop/generate_sequences/max:6.71653913334012 - timing_s/agent_loop/generate_sequences/mean:6.3759791143238544 - timing_s/agent_loop/tool_calls/min:0.0 - timing_s/agent_loop/tool_calls/max:0.0 - timing_s/agent_loop/tool_calls/mean:0.0 - timing_s/agent_loop/slowest/generate_sequences:6.71653913334012 - timing_s/agent_loop/slowest/tool_calls:0.0 - timing_s/agent_loop/slowest/prompt_length:180 - timing_s/agent_loop/slowest/response_length:408 - timing_s/agent_loop/slowest/num_preempted:-1 - timing_s/gen:7.350549442693591 - timing_s/fc_opd:22.8095797970891 - timing_s/reward:2.236291766166687e-05 - timing_s/old_log_prob:0.17896710708737373 - timing_s/adv:0.0005279611796140671 - timing_s/update_actor:0.6412484105676413 - timing_s/update_weights:1.964529512450099 - timing_s/step:32.94847124814987 - timing_s/stop_profile:4.638545215129852e-05 - timing_per_token_ms/gen:9.423781336786655 - timing_per_token_ms/adv:0.0004631238417667255 - timing_per_token_ms/update_actor:0.5624986057610888 - perf/total_num_tokens:1140 - perf/time_per_step:32.94847124814987 - perf/throughput:17.299740425195196
[36m(TaskRunner pid=431148)[0m step:136 - fc_opd/hook_loss:0.2970203161239624 - fc_opd/hook_num_samples:2.0 - fc_opd/hook_active_weight:67.02203369140625 - fc_opd/loss/task_visible:0.5613920092582703 - fc_opd/selection/task_visible:0.00997194740921259 - fc_opd/loss/degraded:0.0 - fc_opd/selection/degraded:0.0 - fc_opd/loss/task_infer:0.6102240681648254 - fc_opd/selection/task_infer:0.015995172783732414 - fc_opd/loss/full:0.1094852089881897 - fc_opd/selection/full:0.05004660785198212 - fc_opd/loss/task_solve:0.4388378858566284 - fc_opd/selection/task_solve:0.01554788090288639 - fc_opd/loss/free:0.0 - fc_opd/selection/free:0.0 - fc_opd/loss/chunk/visible_evidence:0.0 - fc_opd/loss/chunk/diagram_inference:0.0 - fc_opd/loss/chunk/reasoning:0.02720743790268898 - fc_opd/loss/chunk/answer:0.0 - fc_opd/loss/total:0.2970203161239624 - fc_opd/online/loss:0.2970203161239624 - fc_opd/online/num_samples:2.0 - global_seqlen/min:522 - global_seqlen/max:569 - global_seqlen/minmax_diff:47 - global_seqlen/balanced_min:522 - global_seqlen/balanced_max:569 - global_seqlen/mean:545.5 - actor/entropy:0.2945674657821655 - perf/mfu/actor_infer:0 - actor/pg_loss:-0.9999990463256836 - actor/kl_loss:0.0 - actor/fc_opd_loss:0.14321966469287872 - actor/pg_clipfrac:0.0 - actor/ppo_kl:0.0 - actor/pg_clipfrac_lower:0.0 - actor/fc_opd_coef:0.10000000149011612 - actor/fc_opd_active_weight_mean:0.06545120477676392 - actor/grad_norm:4.927061080932617 - perf/mfu/actor:0.02291782567149924 - perf/max_memory_allocated_gb:41.394092082977295 - perf/max_memory_reserved_gb:46.6484375 - perf/cpu_memory_used_gb:135.0560188293457 - actor/lr:1e-06 - training/global_step:136 - training/epoch:135 - critic/score/mean:1.0 - critic/score/max:1.0 - critic/score/min:1.0 - critic/rewards/mean:1.0 - critic/rewards/max:1.0 - critic/rewards/min:1.0 - critic/advantages/mean:0.9999989867210388 - critic/advantages/max:0.9999990463256836 - critic/advantages/min:0.9999990463256836 - critic/returns/mean:0.9999989867210388 - critic/returns/max:0.9999990463256836 - critic/returns/min:0.9999990463256836 - response_length/mean:365.5 - response_length/max:389.0 - response_length/min:342.0 - response_length/clip_ratio:0.0 - response_length_non_aborted/mean:365.5 - response_length_non_aborted/max:389.0 - response_length_non_aborted/min:342.0 - response_length_non_aborted/clip_ratio:0.0 - response/aborted_ratio:0.0 - prompt_length/mean:180.0 - prompt_length/max:180.0 - prompt_length/min:180.0 - prompt_length/clip_ratio:0.0 - num_turns/min:2 - num_turns/max:2 - num_turns/mean:2.0 - timing_s/start_profile:0.0002533476799726486 - timing_s/agent_loop/num_preempted/min:-1 - timing_s/agent_loop/num_preempted/max:-1 - timing_s/agent_loop/num_preempted/mean:-1.0 - timing_s/agent_loop/generate_sequences/min:5.597183126956224 - timing_s/agent_loop/generate_sequences/max:6.331333361566067 - timing_s/agent_loop/generate_sequences/mean:5.964258244261146 - timing_s/agent_loop/tool_calls/min:0.0 - timing_s/agent_loop/tool_calls/max:0.0 - timing_s/agent_loop/tool_calls/mean:0.0 - timing_s/agent_loop/slowest/generate_sequences:6.331333361566067 - timing_s/agent_loop/slowest/tool_calls:0.0 - timing_s/agent_loop/slowest/prompt_length:180 - timing_s/agent_loop/slowest/response_length:389 - timing_s/agent_loop/slowest/num_preempted:-1 - timing_s/gen:7.0216868575662374 - timing_s/fc_opd:22.153869956731796 - timing_s/reward:2.1444633603096008e-05 - timing_s/old_log_prob:0.23118498548865318 - timing_s/adv:0.0006486102938652039 - timing_s/update_actor:0.6435862127691507 - timing_s/update_weights:2.0997298266738653 - timing_s/step:32.15386648476124 - timing_s/stop_profile:4.7694891691207886e-05 - timing_per_token_ms/gen:9.605590776424402 - timing_per_token_ms/adv:0.0005945098935519742 - timing_per_token_ms/update_actor:0.5899048696325855 - perf/total_num_tokens:1091 - perf/time_per_step:32.15386648476124 - perf/throughput:16.965300277605188
[36m(TaskRunner pid=431148)[0m step:137 - fc_opd/hook_loss:0.22559505701065063 - fc_opd/hook_num_samples:2.0 - fc_opd/hook_active_weight:70.17658233642578 - fc_opd/loss/task_visible:0.31364601850509644 - fc_opd/selection/task_visible:0.009556688368320465 - fc_opd/loss/degraded:0.0 - fc_opd/selection/degraded:0.0 - fc_opd/loss/task_infer:0.6054375171661377 - fc_opd/selection/task_infer:0.012720322236418724 - fc_opd/loss/full:0.12394498288631439 - fc_opd/selection/full:0.053522877395153046 - fc_opd/loss/task_solve:0.2109648585319519 - fc_opd/selection/task_solve:0.017480939626693726 - fc_opd/loss/free:0.0 - fc_opd/selection/free:0.0 - fc_opd/loss/chunk/visible_evidence:0.0 - fc_opd/loss/chunk/diagram_inference:0.0 - fc_opd/loss/chunk/reasoning:0.021066131070256233 - fc_opd/loss/chunk/answer:0.0 - fc_opd/loss/total:0.22559505701065063 - fc_opd/online/loss:0.22559505701065063 - fc_opd/online/num_samples:2.0 - global_seqlen/min:511 - global_seqlen/max:600 - global_seqlen/minmax_diff:89 - global_seqlen/balanced_min:511 - global_seqlen/balanced_max:600 - global_seqlen/mean:555.5 - actor/entropy:0.2781536281108856 - perf/mfu/actor_infer:0 - actor/pg_loss:-0.999999076128006 - actor/kl_loss:0.0 - actor/fc_opd_loss:0.11165549978613853 - actor/pg_clipfrac:0.0 - actor/ppo_kl:0.0 - actor/pg_clipfrac_lower:0.0 - actor/fc_opd_coef:0.10000000149011612 - actor/fc_opd_active_weight_mean:0.06853182055056095 - actor/grad_norm:4.9815449714660645 - perf/mfu/actor:0.020518475196565734 - perf/max_memory_allocated_gb:41.394092082977295 - perf/max_memory_reserved_gb:46.6484375 - perf/cpu_memory_used_gb:135.17373657226562 - actor/lr:1e-06 - training/global_step:137 - training/epoch:136 - critic/score/mean:1.0 - critic/score/max:1.0 - critic/score/min:1.0 - critic/rewards/mean:1.0 - critic/rewards/max:1.0 - critic/rewards/min:1.0 - critic/advantages/mean:0.9999990463256836 - critic/advantages/max:0.9999990463256836 - critic/advantages/min:0.9999990463256836 - critic/returns/mean:0.9999990463256836 - critic/returns/max:0.9999990463256836 - critic/returns/min:0.9999990463256836 - response_length/mean:375.5 - response_length/max:420.0 - response_length/min:331.0 - response_length/clip_ratio:0.0 - response_length_non_aborted/mean:375.5 - response_length_non_aborted/max:420.0 - response_length_non_aborted/min:331.0 - response_length_non_aborted/clip_ratio:0.0 - response/aborted_ratio:0.0 - prompt_length/mean:180.0 - prompt_length/max:180.0 - prompt_length/min:180.0 - prompt_length/clip_ratio:0.0 - num_turns/min:2 - num_turns/max:2 - num_turns/mean:2.0 - timing_s/start_profile:0.00025494396686553955 - timing_s/agent_loop/num_preempted/min:-1 - timing_s/agent_loop/num_preempted/max:-1 - timing_s/agent_loop/num_preempted/mean:-1.0 - timing_s/agent_loop/generate_sequences/min:5.358630359172821 - timing_s/agent_loop/generate_sequences/max:6.867096709087491 - timing_s/agent_loop/generate_sequences/mean:6.112863534130156 - timing_s/agent_loop/tool_calls/min:0.0 - timing_s/agent_loop/tool_calls/max:0.0 - timing_s/agent_loop/tool_calls/mean:0.0 - timing_s/agent_loop/slowest/generate_sequences:6.867096709087491 - timing_s/agent_loop/slowest/tool_calls:0.0 - timing_s/agent_loop/slowest/prompt_length:180 - timing_s/agent_loop/slowest/response_length:420 - timing_s/agent_loop/slowest/num_preempted:-1 - timing_s/gen:7.541630892083049 - timing_s/fc_opd:22.539560506120324 - timing_s/reward:2.7535483241081238e-05 - timing_s/old_log_prob:0.17578384093940258 - timing_s/adv:0.0004276614636182785 - timing_s/update_actor:0.7266507521271706 - timing_s/update_weights:1.9667018540203571 - timing_s/step:32.95379670523107 - timing_s/stop_profile:4.85200434923172e-05 - timing_per_token_ms/gen:10.042118364957455 - timing_per_token_ms/adv:0.0003849338106375144 - timing_per_token_ms/update_actor:0.6540510820226558 - perf/total_num_tokens:1111 - perf/time_per_step:32.95379670523107 - perf/throughput:16.856934724969648[36m(TaskRunner pid=431148)[0m Training Progress:  68%|██████▊   | 137/200 [1:13:10<34:05, 32.46s/it]
[36m(pid=330872)[0m /inspire/hdd/global_user/mengweicheng-240108120092/lzy/fc-opd-storage/envs/fc-opd-verl071-cu128/lib/python3.12/site-packages/torch/cuda/__init__.py:63: FutureWarning: The pynvml package is deprecated. Please install nvidia-ml-py instead. If you did not install pynvml directly, please report this to the maintainers of the package that installed pynvml for you.
[36m(pid=330872)[0m   import pynvml  # type: ignore[import]
[36m(pid=330872)[0m /inspire/hdd/global_user/mengweicheng-240108120092/lzy/fc-opd-storage/envs/fc-opd-verl071-cu128/lib/python3.12/site-packages/transformers/utils/hub.py:110: FutureWarning: Using `TRANSFORMERS_CACHE` is deprecated and will be removed in v5 of Transformers. Use `HF_HOME` instead.
[36m(pid=330872)[0m   warnings.warn(
[36m(_RayStudentScorerActor pid=330872)[0m `torch_dtype` is deprecated! Use `dtype` instead!
[36m(_RayStudentScorerActor pid=330872)[0m Loading checkpoint shards:   0%|          | 0/2 [00:00<?, ?it/s]
[36m(_RayStudentScorerActor pid=330872)[0m Loading checkpoint shards:  50%|█████     | 1/2 [00:03<00:03,  3.08s/it]
[36m(_RayStudentScorerActor pid=330872)[0m Loading checkpoint shards: 100%|██████████| 2/2 [00:05<00:00,  2.70s/it]Loading checkpoint shards: 100%|██████████| 2/2 [00:05<00:00,  2.76s/it]
[36m(WorkerDict pid=533144)[0m INFO:2026-06-29 14:26:43,431:update_weights done, time cost: 0.48s
[36m(TaskRunner pid=431148)[0m Training Progress:  69%|██████▉   | 138/200 [1:13:44<34:07, 33.02s/it]
[36m(pid=395626)[0m /inspire/hdd/global_user/mengweicheng-240108120092/lzy/fc-opd-storage/envs/fc-opd-verl071-cu128/lib/python3.12/site-packages/torch/cuda/__init__.py:63: FutureWarning: The pynvml package is deprecated. Please install nvidia-ml-py instead. If you did not install pynvml directly, please report this to the maintainers of the package that installed pynvml for you.
[36m(pid=395626)[0m   import pynvml  # type: ignore[import]
[36m(pid=395626)[0m /inspire/hdd/global_user/mengweicheng-240108120092/lzy/fc-opd-storage/envs/fc-opd-verl071-cu128/lib/python3.12/site-packages/transformers/utils/hub.py:110: FutureWarning: Using `TRANSFORMERS_CACHE` is deprecated and will be removed in v5 of Transformers. Use `HF_HOME` instead.
[36m(pid=395626)[0m   warnings.warn(
[36m(_RayStudentScorerActor pid=395626)[0m `torch_dtype` is deprecated! Use `dtype` instead!
[36m(_RayStudentScorerActor pid=395626)[0m Loading checkpoint shards:   0%|          | 0/2 [00:00<?, ?it/s]
[36m(_RayStudentScorerActor pid=395626)[0m Loading checkpoint shards:  50%|█████     | 1/2 [00:03<00:03,  3.07s/it]
[36m(_RayStudentScorerActor pid=395626)[0m Loading checkpoint shards: 100%|██████████| 2/2 [00:05<00:00,  2.69s/it]Loading checkpoint shards: 100%|██████████| 2/2 [00:05<00:00,  2.75s/it]
[36m(WorkerDict pid=533144)[0m INFO:2026-06-29 14:27:14,183:update_weights done, time cost: 0.52s
[36m(TaskRunner pid=431148)[0m Training Progress:  70%|██████▉   | 139/200 [1:14:15<32:53, 32.35s/it]
[36m(pid=460676)[0m /inspire/hdd/global_user/mengweicheng-240108120092/lzy/fc-opd-storage/envs/fc-opd-verl071-cu128/lib/python3.12/site-packages/torch/cuda/__init__.py:63: FutureWarning: The pynvml package is deprecated. Please install nvidia-ml-py instead. If you did not install pynvml directly, please report this to the maintainers of the package that installed pynvml for you.
[36m(pid=460676)[0m   import pynvml  # type: ignore[import]
[36m(pid=460676)[0m /inspire/hdd/global_user/mengweicheng-240108120092/lzy/fc-opd-storage/envs/fc-opd-verl071-cu128/lib/python3.12/site-packages/transformers/utils/hub.py:110: FutureWarning: Using `TRANSFORMERS_CACHE` is deprecated and will be removed in v5 of Transformers. Use `HF_HOME` instead.
[36m(pid=460676)[0m   warnings.warn(
[36m(_RayStudentScorerActor pid=460676)[0m `torch_dtype` is deprecated! Use `dtype` instead!
[36m(_RayStudentScorerActor pid=460676)[0m Loading checkpoint shards:   0%|          | 0/2 [00:00<?, ?it/s]
[36m(_RayStudentScorerActor pid=460676)[0m Loading checkpoint shards:  50%|█████     | 1/2 [00:03<00:03,  3.08s/it]
[36m(_RayStudentScorerActor pid=460676)[0m Loading checkpoint shards: 100%|██████████| 2/2 [00:05<00:00,  2.70s/it]Loading checkpoint shards: 100%|██████████| 2/2 [00:05<00:00,  2.76s/it]
[36m(WorkerDict pid=533144)[0m INFO:2026-06-29 14:27:46,696:update_weights done, time cost: 0.49s

[36m(TaskRunner pid=431148)[0m step:138 - fc_opd/hook_loss:0.225979283452034 - fc_opd/hook_num_samples:2.0 - fc_opd/hook_active_weight:70.0572738647461 - fc_opd/loss/task_visible:0.3921273946762085 - fc_opd/selection/task_visible:0.009922460652887821 - fc_opd/loss/degraded:0.0 - fc_opd/selection/degraded:0.0 - fc_opd/loss/task_infer:0.43050968647003174 - fc_opd/selection/task_infer:0.011206129565834999 - fc_opd/loss/full:0.12397222220897675 - fc_opd/selection/full:0.05522453039884567 - fc_opd/loss/task_solve:0.3410729765892029 - fc_opd/selection/task_solve:0.01599746383726597 - fc_opd/loss/free:0.0 - fc_opd/selection/free:0.0 - fc_opd/loss/chunk/visible_evidence:0.0 - fc_opd/loss/chunk/diagram_inference:0.0 - fc_opd/loss/chunk/reasoning:0.020862657576799393 - fc_opd/loss/chunk/answer:0.0 - fc_opd/loss/total:0.225979283452034 - fc_opd/online/loss:0.225979283452034 - fc_opd/online/num_samples:2.0 - global_seqlen/min:457 - global_seqlen/max:661 - global_seqlen/minmax_diff:204 - global_seqlen/balanced_min:457 - global_seqlen/balanced_max:661 - global_seqlen/mean:559.0 - actor/entropy:0.2657434344291687 - perf/mfu/actor_infer:0 - actor/pg_loss:-0.999999076128006 - actor/kl_loss:0.0 - actor/fc_opd_loss:0.14969641715288162 - actor/pg_clipfrac:0.0 - actor/ppo_kl:0.0 - actor/pg_clipfrac_lower:0.0 - actor/fc_opd_coef:0.10000000149011612 - actor/fc_opd_active_weight_mean:0.06841530837118626 - actor/grad_norm:5.165412425994873 - perf/mfu/actor:0.022648469659647348 - perf/max_memory_allocated_gb:41.394092082977295 - perf/max_memory_reserved_gb:46.6484375 - perf/cpu_memory_used_gb:136.10986328125 - actor/lr:1e-06 - training/global_step:138 - training/epoch:137 - critic/score/mean:1.0 - critic/score/max:1.0 - critic/score/min:1.0 - critic/rewards/mean:1.0 - critic/rewards/max:1.0 - critic/rewards/min:1.0 - critic/advantages/mean:0.9999990463256836 - critic/advantages/max:0.9999990463256836 - critic/advantages/min:0.9999990463256836 - critic/returns/mean:0.9999990463256836 - critic/returns/max:0.9999990463256836 - critic/returns/min:0.9999990463256836 - response_length/mean:379.0 - response_length/max:481.0 - response_length/min:277.0 - response_length/clip_ratio:0.0 - response_length_non_aborted/mean:379.0 - response_length_non_aborted/max:481.0 - response_length_non_aborted/min:277.0 - response_length_non_aborted/clip_ratio:0.0 - response/aborted_ratio:0.0 - prompt_length/mean:180.0 - prompt_length/max:180.0 - prompt_length/min:180.0 - prompt_length/clip_ratio:0.0 - num_turns/min:2 - num_turns/max:2 - num_turns/mean:2.0 - timing_s/start_profile:0.0002493225038051605 - timing_s/agent_loop/num_preempted/min:-1 - timing_s/agent_loop/num_preempted/max:-1 - timing_s/agent_loop/num_preempted/mean:-1.0 - timing_s/agent_loop/generate_sequences/min:4.523752799257636 - timing_s/agent_loop/generate_sequences/max:7.832200625911355 - timing_s/agent_loop/generate_sequences/mean:6.1779767125844955 - timing_s/agent_loop/tool_calls/min:0.0 - timing_s/agent_loop/tool_calls/max:0.0 - timing_s/agent_loop/tool_calls/mean:0.0 - timing_s/agent_loop/slowest/generate_sequences:7.832200625911355 - timing_s/agent_loop/slowest/tool_calls:0.0 - timing_s/agent_loop/slowest/prompt_length:180 - timing_s/agent_loop/slowest/response_length:481 - timing_s/agent_loop/slowest/num_preempted:-1 - timing_s/gen:8.475011764094234 - timing_s/fc_opd:22.616043768823147 - timing_s/reward:2.4244189262390137e-05 - timing_s/old_log_prob:0.18050599470734596 - timing_s/adv:0.000428149476647377 - timing_s/update_actor:0.6651133261620998 - timing_s/update_weights:2.120206255465746 - timing_s/step:34.06038784235716 - timing_s/stop_profile:4.7555193305015564e-05 - timing_per_token_ms/gen:11.18075430619292 - timing_per_token_ms/adv:0.00038296017589210823 - timing_per_token_ms/update_actor:0.5949135296619855 - perf/total_num_tokens:1118 - perf/time_per_step:34.06038784235716 - perf/throughput:16.412026856160256
[36m(TaskRunner pid=431148)[0m step:139 - fc_opd/hook_loss:0.2493409514427185 - fc_opd/hook_num_samples:2.0 - fc_opd/hook_active_weight:61.009521484375 - fc_opd/loss/task_visible:0.4174198508262634 - fc_opd/selection/task_visible:0.010855978354811668 - fc_opd/loss/degraded:0.0 - fc_opd/selection/degraded:0.0 - fc_opd/loss/task_infer:0.6229161024093628 - fc_opd/selection/task_infer:0.013727383688092232 - fc_opd/loss/full:0.10148072987794876 - fc_opd/selection/full:0.04970620945096016 - fc_opd/loss/task_solve:0.26891064643859863 - fc_opd/selection/task_solve:0.017292290925979614 - fc_opd/loss/free:0.0 - fc_opd/selection/free:0.0 - fc_opd/loss/chunk/visible_evidence:0.0 - fc_opd/loss/chunk/diagram_inference:0.0 - fc_opd/loss/chunk/reasoning:0.022748984396457672 - fc_opd/loss/chunk/answer:0.0 - fc_opd/loss/total:0.2493409514427185 - fc_opd/online/loss:0.2493409514427185 - fc_opd/online/num_samples:2.0 - global_seqlen/min:489 - global_seqlen/max:538 - global_seqlen/minmax_diff:49 - global_seqlen/balanced_min:489 - global_seqlen/balanced_max:538 - global_seqlen/mean:513.5 - actor/entropy:0.2886711359024048 - perf/mfu/actor_infer:0 - actor/pg_loss:-0.9999990165233612 - actor/kl_loss:0.0 - actor/fc_opd_loss:0.14885590225458145 - actor/pg_clipfrac:0.0 - actor/ppo_kl:0.0 - actor/pg_clipfrac_lower:0.0 - actor/fc_opd_coef:0.10000000149011612 - actor/fc_opd_active_weight_mean:0.05957960896193981 - actor/grad_norm:5.031492710113525 - perf/mfu/actor:0.02109755661726913 - perf/max_memory_allocated_gb:41.394092082977295 - perf/max_memory_reserved_gb:46.6484375 - perf/cpu_memory_used_gb:135.07339477539062 - actor/lr:1e-06 - training/global_step:139 - training/epoch:138 - critic/score/mean:1.0 - critic/score/max:1.0 - critic/score/min:1.0 - critic/rewards/mean:1.0 - critic/rewards/max:1.0 - critic/rewards/min:1.0 - critic/advantages/mean:0.9999991655349731 - critic/advantages/max:0.9999990463256836 - critic/advantages/min:0.9999990463256836 - critic/returns/mean:0.9999991655349731 - critic/returns/max:0.9999990463256836 - critic/returns/min:0.9999990463256836 - response_length/mean:333.5 - response_length/max:358.0 - response_length/min:309.0 - response_length/clip_ratio:0.0 - response_length_non_aborted/mean:333.5 - response_length_non_aborted/max:358.0 - response_length_non_aborted/min:309.0 - response_length_non_aborted/clip_ratio:0.0 - response/aborted_ratio:0.0 - prompt_length/mean:180.0 - prompt_length/max:180.0 - prompt_length/min:180.0 - prompt_length/clip_ratio:0.0 - num_turns/min:2 - num_turns/max:2 - num_turns/mean:2.0 - timing_s/start_profile:0.00024034827947616577 - timing_s/agent_loop/num_preempted/min:-1 - timing_s/agent_loop/num_preempted/max:-1 - timing_s/agent_loop/num_preempted/mean:-1.0 - timing_s/agent_loop/generate_sequences/min:5.026286143809557 - timing_s/agent_loop/generate_sequences/max:5.793995974585414 - timing_s/agent_loop/generate_sequences/mean:5.4101410591974854 - timing_s/agent_loop/tool_calls/min:0.0 - timing_s/agent_loop/tool_calls/max:0.0 - timing_s/agent_loop/tool_calls/mean:0.0 - timing_s/agent_loop/slowest/generate_sequences:5.793995974585414 - timing_s/agent_loop/slowest/tool_calls:0.0 - timing_s/agent_loop/slowest/prompt_length:180 - timing_s/agent_loop/slowest/response_length:358 - timing_s/agent_loop/slowest/num_preempted:-1 - timing_s/gen:6.424285873770714 - timing_s/fc_opd:21.235968632623553 - timing_s/reward:2.4471431970596313e-05 - timing_s/old_log_prob:0.18030655570328236 - timing_s/adv:0.00046440213918685913 - timing_s/update_actor:0.6584811862558126 - timing_s/update_weights:2.057490136474371 - timing_s/step:30.560169730335474 - timing_s/stop_profile:4.662945866584778e-05 - timing_per_token_ms/gen:9.631613004153994 - timing_per_token_ms/adv:0.0004521929300748385 - timing_per_token_ms/update_actor:0.6411696068703142 - perf/total_num_tokens:1027 - perf/time_per_step:30.560169730335474 - perf/throughput:16.802917147749856
[36m(TaskRunner pid=431148)[0m step:140 - fc_opd/hook_loss:0.2093321979045868 - fc_opd/hook_num_samples:2.0 - fc_opd/hook_active_weight:66.80572509765625 - fc_opd/loss/task_visible:0.4361226558685303 - fc_opd/selection/task_visible:0.011783696711063385 - fc_opd/loss/degraded:0.0 - fc_opd/selection/degraded:0.0 - fc_opd/loss/task_infer:0.4047911763191223 - fc_opd/selection/task_infer:0.009791010059416294 - fc_opd/loss/full:0.08248469978570938 - fc_opd/selection/full:0.05243854224681854 - fc_opd/loss/task_solve:0.32383185625076294 - fc_opd/selection/task_solve:0.017883000895380974 - fc_opd/loss/free:0.0 - fc_opd/selection/free:0.0 - fc_opd/loss/chunk/visible_evidence:0.0 - fc_opd/loss/chunk/diagram_inference:0.0 - fc_opd/loss/chunk/reasoning:0.019308388233184814 - fc_opd/loss/chunk/answer:0.0 - fc_opd/loss/total:0.2093321979045868 - fc_opd/online/loss:0.2093321979045868 - fc_opd/online/num_samples:2.0 - global_seqlen/min:512 - global_seqlen/max:576 - global_seqlen/minmax_diff:64 - global_seqlen/balanced_min:512 - global_seqlen/balanced_max:576 - global_seqlen/mean:544.0 - actor/entropy:0.2655404210090637 - perf/mfu/actor_infer:0 - actor/pg_loss:-0.999999076128006 - actor/kl_loss:0.0 - actor/fc_opd_loss:0.11530616506934166 - actor/pg_clipfrac:0.0 - actor/ppo_kl:0.0 - actor/pg_clipfrac_lower:0.0 - actor/fc_opd_coef:0.10000000149011612 - actor/fc_opd_active_weight_mean:0.06523996219038963 - actor/grad_norm:4.3879828453063965 - perf/mfu/actor:0.022676389236077784 - perf/max_memory_allocated_gb:41.394092082977295 - perf/max_memory_reserved_gb:46.6484375 - perf/cpu_memory_used_gb:135.59546279907227 - actor/lr:1e-06 - training/global_step:140 - training/epoch:139 - critic/score/mean:1.0 - critic/score/max:1.0 - critic/score/min:1.0 - critic/rewards/mean:1.0 - critic/rewards/max:1.0 - critic/rewards/min:1.0 - critic/advantages/mean:0.9999989867210388 - critic/advantages/max:0.9999990463256836 - critic/advantages/min:0.9999990463256836 - critic/returns/mean:0.9999989867210388 - critic/returns/max:0.9999990463256836 - critic/returns/min:0.9999990463256836 - response_length/mean:364.0 - response_length/max:396.0 - response_length/min:332.0 - response_length/clip_ratio:0.0 - response_length_non_aborted/mean:364.0 - response_length_non_aborted/max:396.0 - response_length_non_aborted/min:332.0 - response_length_non_aborted/clip_ratio:0.0 - response/aborted_ratio:0.0 - prompt_length/mean:180.0 - prompt_length/max:180.0 - prompt_length/min:180.0 - prompt_length/clip_ratio:0.0 - num_turns/min:2 - num_turns/max:2 - num_turns/mean:2.0 - timing_s/start_profile:0.0002497192472219467 - timing_s/agent_loop/num_preempted/min:-1 - timing_s/agent_loop/num_preempted/max:-1 - timing_s/agent_loop/num_preempted/mean:-1.0 - timing_s/agent_loop/generate_sequences/min:5.406729878857732 - timing_s/agent_loop/generate_sequences/max:6.446652118116617 - timing_s/agent_loop/generate_sequences/mean:5.9266909984871745 - timing_s/agent_loop/tool_calls/min:0.0 - timing_s/agent_loop/tool_calls/max:0.0 - timing_s/agent_loop/tool_calls/mean:0.0 - timing_s/agent_loop/slowest/generate_sequences:6.446652118116617 - timing_s/agent_loop/slowest/tool_calls:0.0 - timing_s/agent_loop/slowest/prompt_length:180 - timing_s/agent_loop/slowest/response_length:396 - timing_s/agent_loop/slowest/num_preempted:-1 - timing_s/gen:7.12305517680943 - timing_s/fc_opd:22.181189676746726 - timing_s/reward:2.298317849636078e-05 - timing_s/old_log_prob:0.17666401714086533 - timing_s/adv:0.0005588922649621964 - timing_s/update_actor:0.646836431697011 - timing_s/update_weights:2.0727231595665216 - timing_s/step:32.20418037287891 - timing_s/stop_profile:4.737451672554016e-05 - timing_per_token_ms/gen:9.784416451661306 - timing_per_token_ms/adv:0.0005136877435314305 - timing_per_token_ms/update_actor:0.5945187791332822 - perf/total_num_tokens:1088 - perf/time_per_step:32.20418037287891 - perf/throughput:16.892216901695637[36m(TaskRunner pid=431148)[0m Training Progress:  70%|███████   | 140/200 [1:14:48<32:22, 32.38s/it]
[36m(pid=526371)[0m /inspire/hdd/global_user/mengweicheng-240108120092/lzy/fc-opd-storage/envs/fc-opd-verl071-cu128/lib/python3.12/site-packages/torch/cuda/__init__.py:63: FutureWarning: The pynvml package is deprecated. Please install nvidia-ml-py instead. If you did not install pynvml directly, please report this to the maintainers of the package that installed pynvml for you.
[36m(pid=526371)[0m   import pynvml  # type: ignore[import]
[36m(pid=526371)[0m /inspire/hdd/global_user/mengweicheng-240108120092/lzy/fc-opd-storage/envs/fc-opd-verl071-cu128/lib/python3.12/site-packages/transformers/utils/hub.py:110: FutureWarning: Using `TRANSFORMERS_CACHE` is deprecated and will be removed in v5 of Transformers. Use `HF_HOME` instead.
[36m(pid=526371)[0m   warnings.warn(
[36m(_RayStudentScorerActor pid=526371)[0m `torch_dtype` is deprecated! Use `dtype` instead!
[36m(_RayStudentScorerActor pid=526371)[0m Loading checkpoint shards:   0%|          | 0/2 [00:00<?, ?it/s]
[36m(_RayStudentScorerActor pid=526371)[0m Loading checkpoint shards:  50%|█████     | 1/2 [00:03<00:03,  3.06s/it]
[36m(_RayStudentScorerActor pid=526371)[0m Loading checkpoint shards: 100%|██████████| 2/2 [00:05<00:00,  2.68s/it]Loading checkpoint shards: 100%|██████████| 2/2 [00:05<00:00,  2.74s/it]
[36m(WorkerDict pid=533144)[0m INFO:2026-06-29 14:28:18,861:update_weights done, time cost: 0.49s
[36m(TaskRunner pid=431148)[0m Training Progress:  70%|███████   | 141/200 [1:15:20<31:46, 32.32s/it]
[36m(pid=580435)[0m /inspire/hdd/global_user/mengweicheng-240108120092/lzy/fc-opd-storage/envs/fc-opd-verl071-cu128/lib/python3.12/site-packages/torch/cuda/__init__.py:63: FutureWarning: The pynvml package is deprecated. Please install nvidia-ml-py instead. If you did not install pynvml directly, please report this to the maintainers of the package that installed pynvml for you.
[36m(pid=580435)[0m   import pynvml  # type: ignore[import]
[36m(pid=580435)[0m /inspire/hdd/global_user/mengweicheng-240108120092/lzy/fc-opd-storage/envs/fc-opd-verl071-cu128/lib/python3.12/site-packages/transformers/utils/hub.py:110: FutureWarning: Using `TRANSFORMERS_CACHE` is deprecated and will be removed in v5 of Transformers. Use `HF_HOME` instead.
[36m(pid=580435)[0m   warnings.warn(
[36m(_RayStudentScorerActor pid=580435)[0m `torch_dtype` is deprecated! Use `dtype` instead!
[36m(_RayStudentScorerActor pid=580435)[0m Loading checkpoint shards:   0%|          | 0/2 [00:00<?, ?it/s]
[36m(_RayStudentScorerActor pid=580435)[0m Loading checkpoint shards:  50%|█████     | 1/2 [00:03<00:03,  3.08s/it]
[36m(_RayStudentScorerActor pid=580435)[0m Loading checkpoint shards: 100%|██████████| 2/2 [00:05<00:00,  2.70s/it]Loading checkpoint shards: 100%|██████████| 2/2 [00:05<00:00,  2.76s/it]
[36m(WorkerDict pid=533144)[0m INFO:2026-06-29 14:28:50,595:update_weights done, time cost: 0.47s
[36m(TaskRunner pid=431148)[0m Training Progress:  71%|███████   | 142/200 [1:15:52<31:04, 32.14s/it]
[36m(pid=635066)[0m /inspire/hdd/global_user/mengweicheng-240108120092/lzy/fc-opd-storage/envs/fc-opd-verl071-cu128/lib/python3.12/site-packages/torch/cuda/__init__.py:63: FutureWarning: The pynvml package is deprecated. Please install nvidia-ml-py instead. If you did not install pynvml directly, please report this to the maintainers of the package that installed pynvml for you.
[36m(pid=635066)[0m   import pynvml  # type: ignore[import]
[36m(pid=635066)[0m /inspire/hdd/global_user/mengweicheng-240108120092/lzy/fc-opd-storage/envs/fc-opd-verl071-cu128/lib/python3.12/site-packages/transformers/utils/hub.py:110: FutureWarning: Using `TRANSFORMERS_CACHE` is deprecated and will be removed in v5 of Transformers. Use `HF_HOME` instead.
[36m(pid=635066)[0m   warnings.warn(
[36m(_RayStudentScorerActor pid=635066)[0m `torch_dtype` is deprecated! Use `dtype` instead!
[36m(_RayStudentScorerActor pid=635066)[0m Loading checkpoint shards:   0%|          | 0/2 [00:00<?, ?it/s]
[36m(_RayStudentScorerActor pid=635066)[0m Loading checkpoint shards:  50%|█████     | 1/2 [00:02<00:02,  2.68s/it]
[36m(_RayStudentScorerActor pid=635066)[0m Loading checkpoint shards: 100%|██████████| 2/2 [00:04<00:00,  2.35s/it]Loading checkpoint shards: 100%|██████████| 2/2 [00:04<00:00,  2.40s/it]
[36m(WorkerDict pid=533144)[0m INFO:2026-06-29 14:29:22,162:update_weights done, time cost: 0.44s

[36m(TaskRunner pid=431148)[0m step:141 - fc_opd/hook_loss:0.3049822449684143 - fc_opd/hook_num_samples:2.0 - fc_opd/hook_active_weight:68.89202880859375 - fc_opd/loss/task_visible:0.42996692657470703 - fc_opd/selection/task_visible:0.01034643966704607 - fc_opd/loss/degraded:0.0 - fc_opd/selection/degraded:0.0 - fc_opd/loss/task_infer:0.6756159067153931 - fc_opd/selection/task_infer:0.015088538639247417 - fc_opd/loss/full:0.11979381740093231 - fc_opd/selection/full:0.04729461669921875 - fc_opd/loss/task_solve:0.3995509743690491 - fc_opd/selection/task_solve:0.019620617851614952 - fc_opd/loss/free:0.0 - fc_opd/selection/free:0.0 - fc_opd/loss/chunk/visible_evidence:0.0 - fc_opd/loss/chunk/diagram_inference:0.0 - fc_opd/loss/chunk/reasoning:0.028164485469460487 - fc_opd/loss/chunk/answer:0.0 - fc_opd/loss/total:0.3049822449684143 - fc_opd/online/loss:0.3049822449684143 - fc_opd/online/num_samples:2.0 - global_seqlen/min:547 - global_seqlen/max:559 - global_seqlen/minmax_diff:12 - global_seqlen/balanced_min:547 - global_seqlen/balanced_max:559 - global_seqlen/mean:553.0 - actor/entropy:0.3580601215362549 - perf/mfu/actor_infer:0 - actor/pg_loss:-0.9999990165233612 - actor/kl_loss:0.0 - actor/fc_opd_loss:0.17486704885959625 - actor/pg_clipfrac:0.0 - actor/ppo_kl:0.0 - actor/pg_clipfrac_lower:0.0 - actor/fc_opd_coef:0.10000000149011612 - actor/fc_opd_active_weight_mean:0.06727736815810204 - actor/grad_norm:5.796041965484619 - perf/mfu/actor:0.022927864571456562 - perf/max_memory_allocated_gb:41.394092082977295 - perf/max_memory_reserved_gb:46.6484375 - perf/cpu_memory_used_gb:135.39017486572266 - actor/lr:1e-06 - training/global_step:141 - training/epoch:140 - critic/score/mean:1.0 - critic/score/max:1.0 - critic/score/min:1.0 - critic/rewards/mean:1.0 - critic/rewards/max:1.0 - critic/rewards/min:1.0 - critic/advantages/mean:0.9999990463256836 - critic/advantages/max:0.9999990463256836 - critic/advantages/min:0.9999990463256836 - critic/returns/mean:0.9999990463256836 - critic/returns/max:0.9999990463256836 - critic/returns/min:0.9999990463256836 - response_length/mean:373.0 - response_length/max:379.0 - response_length/min:367.0 - response_length/clip_ratio:0.0 - response_length_non_aborted/mean:373.0 - response_length_non_aborted/max:379.0 - response_length_non_aborted/min:367.0 - response_length_non_aborted/clip_ratio:0.0 - response/aborted_ratio:0.0 - prompt_length/mean:180.0 - prompt_length/max:180.0 - prompt_length/min:180.0 - prompt_length/clip_ratio:0.0 - num_turns/min:2 - num_turns/max:2 - num_turns/mean:2.0 - timing_s/start_profile:0.0002793334424495697 - timing_s/agent_loop/num_preempted/min:-1 - timing_s/agent_loop/num_preempted/max:-1 - timing_s/agent_loop/num_preempted/mean:-1.0 - timing_s/agent_loop/generate_sequences/min:5.927616549655795 - timing_s/agent_loop/generate_sequences/max:6.22545313462615 - timing_s/agent_loop/generate_sequences/mean:6.076534842140973 - timing_s/agent_loop/tool_calls/min:0.0 - timing_s/agent_loop/tool_calls/max:0.0 - timing_s/agent_loop/tool_calls/mean:0.0 - timing_s/agent_loop/slowest/generate_sequences:6.22545313462615 - timing_s/agent_loop/slowest/tool_calls:0.0 - timing_s/agent_loop/slowest/prompt_length:180 - timing_s/agent_loop/slowest/response_length:379 - timing_s/agent_loop/slowest/num_preempted:-1 - timing_s/gen:6.890564000234008 - timing_s/fc_opd:22.206676641479135 - timing_s/reward:2.4206936359405518e-05 - timing_s/old_log_prob:0.17870787158608437 - timing_s/adv:0.0004443805664777756 - timing_s/update_actor:0.6506904680281878 - timing_s/update_weights:1.9726704582571983 - timing_s/step:31.90633449330926 - timing_s/stop_profile:0.0005974546074867249 - timing_per_token_ms/gen:9.236680965461137 - timing_per_token_ms/adv:0.0004017907472674282 - timing_per_token_ms/update_actor:0.5883277287777466 - perf/total_num_tokens:1106 - perf/time_per_step:31.90633449330926 - perf/throughput:17.331981525987068
[36m(TaskRunner pid=431148)[0m step:142 - fc_opd/hook_loss:0.3000633418560028 - fc_opd/hook_num_samples:2.0 - fc_opd/hook_active_weight:66.37254333496094 - fc_opd/loss/task_visible:0.5133790969848633 - fc_opd/selection/task_visible:0.011262966319918633 - fc_opd/loss/degraded:0.0 - fc_opd/selection/degraded:0.0 - fc_opd/loss/task_infer:0.5847283005714417 - fc_opd/selection/task_infer:0.012788834050297737 - fc_opd/loss/full:0.12410426139831543 - fc_opd/selection/full:0.0502028651535511 - fc_opd/loss/task_solve:0.44609183073043823 - fc_opd/selection/task_solve:0.01859903894364834 - fc_opd/loss/free:0.0 - fc_opd/selection/free:0.0 - fc_opd/loss/chunk/visible_evidence:0.0 - fc_opd/loss/chunk/diagram_inference:0.0 - fc_opd/loss/chunk/reasoning:0.027849502861499786 - fc_opd/loss/chunk/answer:0.0 - fc_opd/loss/total:0.3000633418560028 - fc_opd/online/loss:0.3000633418560028 - fc_opd/online/num_samples:2.0 - global_seqlen/min:526 - global_seqlen/max:549 - global_seqlen/minmax_diff:23 - global_seqlen/balanced_min:526 - global_seqlen/balanced_max:549 - global_seqlen/mean:537.5 - actor/entropy:0.3316282033920288 - perf/mfu/actor_infer:0 - actor/pg_loss:-0.9999990165233612 - actor/kl_loss:0.0 - actor/fc_opd_loss:0.1593272089958191 - actor/pg_clipfrac:0.0 - actor/ppo_kl:0.0 - actor/pg_clipfrac_lower:0.0 - actor/fc_opd_coef:0.10000000149011612 - actor/fc_opd_active_weight_mean:0.06481694057583809 - actor/grad_norm:5.101902484893799 - perf/mfu/actor:0.022473873097835842 - perf/max_memory_allocated_gb:41.394092082977295 - perf/max_memory_reserved_gb:46.6484375 - perf/cpu_memory_used_gb:135.62407684326172 - actor/lr:1e-06 - training/global_step:142 - training/epoch:141 - critic/score/mean:1.0 - critic/score/max:1.0 - critic/score/min:1.0 - critic/rewards/mean:1.0 - critic/rewards/max:1.0 - critic/rewards/min:1.0 - critic/advantages/mean:0.9999989867210388 - critic/advantages/max:0.9999990463256836 - critic/advantages/min:0.9999990463256836 - critic/returns/mean:0.9999989867210388 - critic/returns/max:0.9999990463256836 - critic/returns/min:0.9999990463256836 - response_length/mean:357.5 - response_length/max:369.0 - response_length/min:346.0 - response_length/clip_ratio:0.0 - response_length_non_aborted/mean:357.5 - response_length_non_aborted/max:369.0 - response_length_non_aborted/min:346.0 - response_length_non_aborted/clip_ratio:0.0 - response/aborted_ratio:0.0 - prompt_length/mean:180.0 - prompt_length/max:180.0 - prompt_length/min:180.0 - prompt_length/clip_ratio:0.0 - num_turns/min:2 - num_turns/max:2 - num_turns/mean:2.0 - timing_s/start_profile:0.00023684464395046234 - timing_s/agent_loop/num_preempted/min:-1 - timing_s/agent_loop/num_preempted/max:-1 - timing_s/agent_loop/num_preempted/mean:-1.0 - timing_s/agent_loop/generate_sequences/min:5.663810696452856 - timing_s/agent_loop/generate_sequences/max:5.976500848308206 - timing_s/agent_loop/generate_sequences/mean:5.820155772380531 - timing_s/agent_loop/tool_calls/min:0.0 - timing_s/agent_loop/tool_calls/max:0.0 - timing_s/agent_loop/tool_calls/mean:0.0 - timing_s/agent_loop/slowest/generate_sequences:5.976500848308206 - timing_s/agent_loop/slowest/tool_calls:0.0 - timing_s/agent_loop/slowest/prompt_length:180 - timing_s/agent_loop/slowest/response_length:369 - timing_s/agent_loop/slowest/num_preempted:-1 - timing_s/gen:6.6168198343366385 - timing_s/fc_opd:22.08925728313625 - timing_s/reward:2.3379921913146973e-05 - timing_s/old_log_prob:0.17953076399862766 - timing_s/adv:0.00040730275213718414 - timing_s/update_actor:0.6458512432873249 - timing_s/update_weights:1.9509345199912786 - timing_s/step:31.485827250406146 - timing_s/stop_profile:4.5299530029296875e-05 - timing_per_token_ms/gen:9.254293474596697 - timing_per_token_ms/adv:0.0003788862810578457 - timing_per_token_ms/update_actor:0.6007918542207673 - perf/total_num_tokens:1075 - perf/time_per_step:31.485827250406146 - perf/throughput:17.071172871694728
[36m(TaskRunner pid=431148)[0m step:143 - fc_opd/hook_loss:0.22375556826591492 - fc_opd/hook_num_samples:2.0 - fc_opd/hook_active_weight:69.52046203613281 - fc_opd/loss/task_visible:0.399503231048584 - fc_opd/selection/task_visible:0.010424925945699215 - fc_opd/loss/degraded:0.0 - fc_opd/selection/degraded:0.0 - fc_opd/loss/task_infer:0.6343546509742737 - fc_opd/selection/task_infer:0.01431894302368164 - fc_opd/loss/full:0.08229175955057144 - fc_opd/selection/full:0.05256940796971321 - fc_opd/loss/task_solve:0.19508427381515503 - fc_opd/selection/task_solve:0.0161123089492321 - fc_opd/loss/free:0.0 - fc_opd/selection/free:0.0 - fc_opd/loss/chunk/visible_evidence:0.0 - fc_opd/loss/chunk/diagram_inference:0.0 - fc_opd/loss/chunk/reasoning:0.020874103531241417 - fc_opd/loss/chunk/answer:0.0 - fc_opd/loss/total:0.22375556826591492 - fc_opd/online/loss:0.22375556826591492 - fc_opd/online/num_samples:2.0 - global_seqlen/min:544 - global_seqlen/max:560 - global_seqlen/minmax_diff:16 - global_seqlen/balanced_min:544 - global_seqlen/balanced_max:560 - global_seqlen/mean:552.0 - actor/entropy:0.3070964217185974 - perf/mfu/actor_infer:0 - actor/pg_loss:-0.9999990165233612 - actor/kl_loss:0.0 - actor/fc_opd_loss:0.13314295560121536 - actor/pg_clipfrac:0.0 - actor/ppo_kl:0.0 - actor/pg_clipfrac_lower:0.0 - actor/fc_opd_coef:0.10000000149011612 - actor/fc_opd_active_weight_mean:0.06789107248187065 - actor/grad_norm:4.4433979988098145 - perf/mfu/actor:0.022902089566901 - perf/max_memory_allocated_gb:41.394092082977295 - perf/max_memory_reserved_gb:46.6484375 - perf/cpu_memory_used_gb:136.14703369140625 - actor/lr:1e-06 - training/global_step:143 - training/epoch:142 - critic/score/mean:1.0 - critic/score/max:1.0 - critic/score/min:1.0 - critic/rewards/mean:1.0 - critic/rewards/max:1.0 - critic/rewards/min:1.0 - critic/advantages/mean:0.9999989867210388 - critic/advantages/max:0.9999990463256836 - critic/advantages/min:0.9999990463256836 - critic/returns/mean:0.9999989867210388 - critic/returns/max:0.9999990463256836 - critic/returns/min:0.9999990463256836 - response_length/mean:372.0 - response_length/max:380.0 - response_length/min:364.0 - response_length/clip_ratio:0.0 - response_length_non_aborted/mean:372.0 - response_length_non_aborted/max:380.0 - response_length_non_aborted/min:364.0 - response_length_non_aborted/clip_ratio:0.0 - response/aborted_ratio:0.0 - prompt_length/mean:180.0 - prompt_length/max:180.0 - prompt_length/min:180.0 - prompt_length/clip_ratio:0.0 - num_turns/min:2 - num_turns/max:2 - num_turns/mean:2.0 - timing_s/start_profile:0.00023947469890117645 - timing_s/agent_loop/num_preempted/min:-1 - timing_s/agent_loop/num_preempted/max:-1 - timing_s/agent_loop/num_preempted/mean:-1.0 - timing_s/agent_loop/generate_sequences/min:5.903910007327795 - timing_s/agent_loop/generate_sequences/max:6.2018041908741 - timing_s/agent_loop/generate_sequences/mean:6.052857099100947 - timing_s/agent_loop/tool_calls/min:0.0 - timing_s/agent_loop/tool_calls/max:0.0 - timing_s/agent_loop/tool_calls/mean:0.0 - timing_s/agent_loop/slowest/generate_sequences:6.2018041908741 - timing_s/agent_loop/slowest/tool_calls:0.0 - timing_s/agent_loop/slowest/prompt_length:180 - timing_s/agent_loop/slowest/response_length:380 - timing_s/agent_loop/slowest/num_preempted:-1 - timing_s/gen:6.855715319514275 - timing_s/fc_opd:21.65935542806983 - timing_s/reward:2.1373853087425232e-05 - timing_s/old_log_prob:0.17959479428827763 - timing_s/adv:0.0004324689507484436 - timing_s/update_actor:0.6497733611613512 - timing_s/update_weights:2.0371213518083096 - timing_s/step:31.38508702814579 - timing_s/stop_profile:4.86522912979126e-05 - timing_per_token_ms/gen:9.2146711283794 - timing_per_token_ms/adv:0.00039172912205474967 - timing_per_token_ms/update_actor:0.5885628271389051 - perf/total_num_tokens:1104 - perf/time_per_step:31.38508702814579 - perf/throughput:17.587970984594456[36m(TaskRunner pid=431148)[0m Training Progress:  72%|███████▏  | 143/200 [1:16:23<30:23, 31.99s/it]
[36m(pid=700033)[0m /inspire/hdd/global_user/mengweicheng-240108120092/lzy/fc-opd-storage/envs/fc-opd-verl071-cu128/lib/python3.12/site-packages/torch/cuda/__init__.py:63: FutureWarning: The pynvml package is deprecated. Please install nvidia-ml-py instead. If you did not install pynvml directly, please report this to the maintainers of the package that installed pynvml for you.
[36m(pid=700033)[0m   import pynvml  # type: ignore[import]
[36m(pid=700033)[0m /inspire/hdd/global_user/mengweicheng-240108120092/lzy/fc-opd-storage/envs/fc-opd-verl071-cu128/lib/python3.12/site-packages/transformers/utils/hub.py:110: FutureWarning: Using `TRANSFORMERS_CACHE` is deprecated and will be removed in v5 of Transformers. Use `HF_HOME` instead.
[36m(pid=700033)[0m   warnings.warn(
[36m(_RayStudentScorerActor pid=700033)[0m `torch_dtype` is deprecated! Use `dtype` instead!
[36m(_RayStudentScorerActor pid=700033)[0m Loading checkpoint shards:   0%|          | 0/2 [00:00<?, ?it/s]
[36m(_RayStudentScorerActor pid=700033)[0m Loading checkpoint shards:  50%|█████     | 1/2 [00:03<00:03,  3.04s/it]
[36m(_RayStudentScorerActor pid=700033)[0m Loading checkpoint shards: 100%|██████████| 2/2 [00:05<00:00,  2.68s/it]Loading checkpoint shards: 100%|██████████| 2/2 [00:05<00:00,  2.73s/it]
[36m(WorkerDict pid=533144)[0m INFO:2026-06-29 14:29:52,681:update_weights done, time cost: 0.48s
[36m(TaskRunner pid=431148)[0m Training Progress:  72%|███████▏  | 144/200 [1:16:54<29:24, 31.52s/it]
[36m(pid=756747)[0m /inspire/hdd/global_user/mengweicheng-240108120092/lzy/fc-opd-storage/envs/fc-opd-verl071-cu128/lib/python3.12/site-packages/torch/cuda/__init__.py:63: FutureWarning: The pynvml package is deprecated. Please install nvidia-ml-py instead. If you did not install pynvml directly, please report this to the maintainers of the package that installed pynvml for you.
[36m(pid=756747)[0m   import pynvml  # type: ignore[import]
[36m(pid=756747)[0m /inspire/hdd/global_user/mengweicheng-240108120092/lzy/fc-opd-storage/envs/fc-opd-verl071-cu128/lib/python3.12/site-packages/transformers/utils/hub.py:110: FutureWarning: Using `TRANSFORMERS_CACHE` is deprecated and will be removed in v5 of Transformers. Use `HF_HOME` instead.
[36m(pid=756747)[0m   warnings.warn(
[36m(_RayStudentScorerActor pid=756747)[0m `torch_dtype` is deprecated! Use `dtype` instead!
[36m(_RayStudentScorerActor pid=756747)[0m Loading checkpoint shards:   0%|          | 0/2 [00:00<?, ?it/s]
[36m(_RayStudentScorerActor pid=756747)[0m Loading checkpoint shards:  50%|█████     | 1/2 [00:03<00:03,  3.10s/it]
[36m(_RayStudentScorerActor pid=756747)[0m Loading checkpoint shards: 100%|██████████| 2/2 [00:05<00:00,  2.70s/it]Loading checkpoint shards: 100%|██████████| 2/2 [00:05<00:00,  2.76s/it]
[36m(WorkerDict pid=533144)[0m INFO:2026-06-29 14:30:25,989:update_weights done, time cost: 0.45s
[36m(TaskRunner pid=431148)[0m Training Progress:  72%|███████▎  | 145/200 [1:17:27<29:23, 32.07s/it]

[36m(TaskRunner pid=431148)[0m step:144 - fc_opd/hook_loss:0.24195796251296997 - fc_opd/hook_num_samples:2.0 - fc_opd/hook_active_weight:60.96479797363281 - fc_opd/loss/task_visible:0.4007635712623596 - fc_opd/selection/task_visible:0.009845586493611336 - fc_opd/loss/degraded:0.0 - fc_opd/selection/degraded:0.0 - fc_opd/loss/task_infer:0.5975234508514404 - fc_opd/selection/task_infer:0.015049988403916359 - fc_opd/loss/full:0.07683715969324112 - fc_opd/selection/full:0.04883157089352608 - fc_opd/loss/task_solve:0.3007389008998871 - fc_opd/selection/task_solve:0.01864590309560299 - fc_opd/loss/free:0.0 - fc_opd/selection/free:0.0 - fc_opd/loss/chunk/visible_evidence:0.0 - fc_opd/loss/chunk/diagram_inference:0.0 - fc_opd/loss/chunk/reasoning:0.022344982251524925 - fc_opd/loss/chunk/answer:0.0 - fc_opd/loss/total:0.24195796251296997 - fc_opd/online/loss:0.24195796251296997 - fc_opd/online/num_samples:2.0 - global_seqlen/min:504 - global_seqlen/max:516 - global_seqlen/minmax_diff:12 - global_seqlen/balanced_min:504 - global_seqlen/balanced_max:516 - global_seqlen/mean:510.0 - actor/entropy:0.2982527017593384 - perf/mfu/actor_infer:0 - actor/pg_loss:-0.999999076128006 - actor/kl_loss:0.0 - actor/fc_opd_loss:0.1401022970676422 - actor/pg_clipfrac:0.0 - actor/ppo_kl:0.0 - actor/pg_clipfrac_lower:0.0 - actor/fc_opd_coef:0.10000000149011612 - actor/fc_opd_active_weight_mean:0.05953593552112579 - actor/grad_norm:4.760955810546875 - perf/mfu/actor:0.021474406266919023 - perf/max_memory_allocated_gb:41.394092082977295 - perf/max_memory_reserved_gb:46.6484375 - perf/cpu_memory_used_gb:135.27031707763672 - actor/lr:1e-06 - training/global_step:144 - training/epoch:143 - critic/score/mean:1.0 - critic/score/max:1.0 - critic/score/min:1.0 - critic/rewards/mean:1.0 - critic/rewards/max:1.0 - critic/rewards/min:1.0 - critic/advantages/mean:0.9999991655349731 - critic/advantages/max:0.9999990463256836 - critic/advantages/min:0.9999990463256836 - critic/returns/mean:0.9999991655349731 - critic/returns/max:0.9999990463256836 - critic/returns/min:0.9999990463256836 - response_length/mean:330.0 - response_length/max:336.0 - response_length/min:324.0 - response_length/clip_ratio:0.0 - response_length_non_aborted/mean:330.0 - response_length_non_aborted/max:336.0 - response_length_non_aborted/min:324.0 - response_length_non_aborted/clip_ratio:0.0 - response/aborted_ratio:0.0 - prompt_length/mean:180.0 - prompt_length/max:180.0 - prompt_length/min:180.0 - prompt_length/clip_ratio:0.0 - num_turns/min:2 - num_turns/max:2 - num_turns/mean:2.0 - timing_s/start_profile:0.0002705305814743042 - timing_s/agent_loop/num_preempted/min:-1 - timing_s/agent_loop/num_preempted/max:-1 - timing_s/agent_loop/num_preempted/mean:-1.0 - timing_s/agent_loop/generate_sequences/min:5.2686069793999195 - timing_s/agent_loop/generate_sequences/max:5.484689584001899 - timing_s/agent_loop/generate_sequences/mean:5.376648281700909 - timing_s/agent_loop/tool_calls/min:0.0 - timing_s/agent_loop/tool_calls/max:0.0 - timing_s/agent_loop/tool_calls/mean:0.0 - timing_s/agent_loop/slowest/generate_sequences:5.484689584001899 - timing_s/agent_loop/slowest/tool_calls:0.0 - timing_s/agent_loop/slowest/prompt_length:180 - timing_s/agent_loop/slowest/response_length:336 - timing_s/agent_loop/slowest/num_preempted:-1 - timing_s/gen:6.142539693042636 - timing_s/fc_opd:21.16367913968861 - timing_s/reward:2.5955960154533386e-05 - timing_s/old_log_prob:0.18459600768983364 - timing_s/adv:0.0004366021603345871 - timing_s/update_actor:0.641749931499362 - timing_s/update_weights:2.042335832491517 - timing_s/step:30.178418530151248 - timing_s/stop_profile:4.8123300075531006e-05 - timing_per_token_ms/gen:9.306878322791873 - timing_per_token_ms/adv:0.0004280413336613599 - timing_per_token_ms/update_actor:0.6291665995091784 - perf/total_num_tokens:1020 - perf/time_per_step:30.178418530151248 - perf/throughput:16.89949390457486
[36m(TaskRunner pid=431148)[0m step:145 - fc_opd/hook_loss:0.2621898651123047 - fc_opd/hook_num_samples:2.0 - fc_opd/hook_active_weight:70.47681427001953 - fc_opd/loss/task_visible:0.41894006729125977 - fc_opd/selection/task_visible:0.009606646373867989 - fc_opd/loss/degraded:0.0 - fc_opd/selection/degraded:0.0 - fc_opd/loss/task_infer:0.6407142281532288 - fc_opd/selection/task_infer:0.012347841635346413 - fc_opd/loss/full:0.11351093649864197 - fc_opd/selection/full:0.049871303141117096 - fc_opd/loss/task_solve:0.32826679944992065 - fc_opd/selection/task_solve:0.019849423319101334 - fc_opd/loss/free:0.0 - fc_opd/selection/free:0.0 - fc_opd/loss/chunk/visible_evidence:0.0 - fc_opd/loss/chunk/diagram_inference:0.0 - fc_opd/loss/chunk/reasoning:0.02410229854285717 - fc_opd/loss/chunk/answer:0.0 - fc_opd/loss/total:0.2621898651123047 - fc_opd/online/loss:0.2621898651123047 - fc_opd/online/num_samples:2.0 - global_seqlen/min:528 - global_seqlen/max:602 - global_seqlen/minmax_diff:74 - global_seqlen/balanced_min:528 - global_seqlen/balanced_max:602 - global_seqlen/mean:565.0 - actor/entropy:0.3069387376308441 - perf/mfu/actor_infer:0 - actor/pg_loss:-0.9999990463256836 - actor/kl_loss:0.0 - actor/fc_opd_loss:0.14375925064086914 - actor/pg_clipfrac:0.0 - actor/ppo_kl:0.0 - actor/pg_clipfrac_lower:0.0 - actor/fc_opd_coef:0.10000000149011612 - actor/fc_opd_active_weight_mean:0.06882501393556595 - actor/grad_norm:4.63936710357666 - perf/mfu/actor:0.023083120484352807 - perf/max_memory_allocated_gb:41.394092082977295 - perf/max_memory_reserved_gb:46.6484375 - perf/cpu_memory_used_gb:135.1639175415039 - actor/lr:1e-06 - training/global_step:145 - training/epoch:144 - critic/score/mean:1.0 - critic/score/max:1.0 - critic/score/min:1.0 - critic/rewards/mean:1.0 - critic/rewards/max:1.0 - critic/rewards/min:1.0 - critic/advantages/mean:0.9999990463256836 - critic/advantages/max:0.9999990463256836 - critic/advantages/min:0.9999990463256836 - critic/returns/mean:0.9999990463256836 - critic/returns/max:0.9999990463256836 - critic/returns/min:0.9999990463256836 - response_length/mean:385.0 - response_length/max:422.0 - response_length/min:348.0 - response_length/clip_ratio:0.0 - response_length_non_aborted/mean:385.0 - response_length_non_aborted/max:422.0 - response_length_non_aborted/min:348.0 - response_length_non_aborted/clip_ratio:0.0 - response/aborted_ratio:0.0 - prompt_length/mean:180.0 - prompt_length/max:180.0 - prompt_length/min:180.0 - prompt_length/clip_ratio:0.0 - num_turns/min:2 - num_turns/max:2 - num_turns/mean:2.0 - timing_s/start_profile:0.00024784356355667114 - timing_s/agent_loop/num_preempted/min:-1 - timing_s/agent_loop/num_preempted/max:-1 - timing_s/agent_loop/num_preempted/mean:-1.0 - timing_s/agent_loop/generate_sequences/min:5.676320759579539 - timing_s/agent_loop/generate_sequences/max:6.847100442275405 - timing_s/agent_loop/generate_sequences/mean:6.261710600927472 - timing_s/agent_loop/tool_calls/min:0.0 - timing_s/agent_loop/tool_calls/max:0.0 - timing_s/agent_loop/tool_calls/mean:0.0 - timing_s/agent_loop/slowest/generate_sequences:6.847100442275405 - timing_s/agent_loop/slowest/tool_calls:0.0 - timing_s/agent_loop/slowest/prompt_length:180 - timing_s/agent_loop/slowest/response_length:422 - timing_s/agent_loop/slowest/num_preempted:-1 - timing_s/gen:7.4819763377308846 - timing_s/fc_opd:22.73045376688242 - timing_s/reward:2.0833685994148254e-05 - timing_s/old_log_prob:0.179307384416461 - timing_s/adv:0.00043860822916030884 - timing_s/update_actor:0.6589603871107101 - timing_s/update_weights:2.0634174291044474 - timing_s/step:33.11755542457104 - timing_s/stop_profile:4.6232715249061584e-05 - timing_per_token_ms/gen:9.716852386663486 - timing_per_token_ms/adv:0.0003881488753631052 - timing_per_token_ms/update_actor:0.5831507850537258 - perf/total_num_tokens:1130 - perf/time_per_step:33.11755542457104 - perf/throughput:17.060437968824456
Error executing job with overrides: ['data.train_files=/inspire/hdd/global_user/mengweicheng-240108120092/lzy/fc-opd-storage/outputs/fc_opd/verl_smoke/train.parquet', 'data.val_files=/inspire/hdd/global_user/mengweicheng-240108120092/lzy/fc-opd-storage/outputs/fc_opd/verl_smoke/train.parquet', 'data.train_batch_size=2', 'data.max_prompt_length=1024', 'data.max_response_length=512', 'data.filter_overlong_prompts=false', 'data.truncation=error', 'data.image_key=images', 'data.custom_cls.path=file:///inspire/hdd/global_user/mengweicheng-240108120092/lzy/projects/Dual-Track-OPD/src/dual_track_opd/fc_opd/verl_dataset.py', 'data.custom_cls.name=FCOPDDataset', 'actor_rollout_ref.model.path=/inspire/hdd/global_user/mengweicheng-240108120092/lzy/models/Qwen3-VL-4B-Instruct', 'actor_rollout_ref.model.use_remove_padding=false', 'actor_rollout_ref.model.use_fused_kernels=false', 'actor_rollout_ref.model.enable_gradient_checkpointing=true', '++actor_rollout_ref.model.override_config.attn_implementation=sdpa', 'actor_rollout_ref.actor.optim.lr=1e-6', 'actor_rollout_ref.actor.ppo_mini_batch_size=2', 'actor_rollout_ref.actor.ppo_micro_batch_size_per_gpu=1', 'actor_rollout_ref.actor.use_kl_loss=false', 'actor_rollout_ref.actor.fsdp_config.param_offload=false', 'actor_rollout_ref.actor.fsdp_config.optimizer_offload=false', 'actor_rollout_ref.rollout.name=vllm', 'actor_rollout_ref.rollout.tensor_model_parallel_size=1', 'actor_rollout_ref.rollout.gpu_memory_utilization=0.3', 'actor_rollout_ref.rollout.max_model_len=2048', 'actor_rollout_ref.rollout.n=1', 'actor_rollout_ref.rollout.free_cache_engine=true', 'actor_rollout_ref.rollout.enforce_eager=true', 'actor_rollout_ref.rollout.log_prob_micro_batch_size_per_gpu=2', 'actor_rollout_ref.rollout.agent.num_workers=2', 'actor_rollout_ref.ref.fsdp_config.param_offload=true', 'reward_model.enable=false', 'reward_model.num_workers=null', 'reward_model.reward_manager=null', 'reward_model.reward_loop_source=null', 'reward_model.reward_loop_module_path=null', 'reward_model.reward_loop_class_name=null', 'reward_model.model.path=null', 'custom_reward_function.path=file:///inspire/hdd/global_user/mengweicheng-240108120092/lzy/projects/Dual-Track-OPD/src/dual_track_opd/fc_opd/smoke_reward.py', 'custom_reward_function.name=compute_score', 'algorithm.adv_estimator=grpo', 'algorithm.use_kl_in_reward=false', '+algorithm.fc_opd.post_rollout_hook=dual_track_opd.fc_opd.verl_post_rollout_hook.fc_opd_post_rollout_hook', '+algorithm.fc_opd.student_scorer_fqn=dual_track_opd.fc_opd.student_scorer.StudentScorer', '+algorithm.fc_opd.student_scorer_kwargs.model_path=/inspire/hdd/global_user/mengweicheng-240108120092/lzy/models/Qwen3-VL-4B-Instruct', '+algorithm.fc_opd.student_scorer_kwargs.device=cuda', '+algorithm.fc_opd.student_scorer_kwargs.dtype=bfloat16', '+algorithm.fc_opd.student_scorer_kwargs.top_k=32', '+algorithm.fc_opd.teacher_url=http://127.0.0.1:18080', '+algorithm.fc_opd.conditions=[full,degraded,free,task_visible,task_infer,task_solve]', '+algorithm.fc_opd.loss_coef=0.1', '+algorithm.fc_opd.loss_mode=reverse', '+algorithm.fc_opd.renormalize_topk=true', '+algorithm.fc_opd.include_tail=true', 'trainer.total_epochs=200', 'trainer.n_gpus_per_node=2', 'trainer.nnodes=1', 'trainer.critic_warmup=0', "trainer.logger=['console']", 'trainer.project_name=fc_opd_overnight', 'trainer.experiment_name=fc_opd_overnight_20260629_130933', 'trainer.save_freq=25', 'trainer.test_freq=-1', 'trainer.default_local_dir=/inspire/hdd/global_user/mengweicheng-240108120092/lzy/projects/Dual-Track-OPD/checkpoints/verl_fc_opd_overnight/fc_opd_overnight_20260629_130933', 'trainer.val_before_train=false']
Traceback (most recent call last):
  File "/inspire/hdd/global_user/mengweicheng-240108120092/lzy/projects/Dual-Track-OPD/third_party/verl/verl/trainer/main_ppo.py", line 45, in main
    run_ppo(config)
  File "/inspire/hdd/global_user/mengweicheng-240108120092/lzy/projects/Dual-Track-OPD/third_party/verl/verl/trainer/main_ppo.py", line 99, in run_ppo
    ray.get(runner.run.remote(config))
  File "/inspire/hdd/global_user/mengweicheng-240108120092/lzy/fc-opd-storage/envs/fc-opd-verl071-cu128/lib/python3.12/site-packages/ray/_private/auto_init_hook.py", line 22, in auto_init_wrapper
    return fn(*args, **kwargs)
           ^^^^^^^^^^^^^^^^^^^
  File "/inspire/hdd/global_user/mengweicheng-240108120092/lzy/fc-opd-storage/envs/fc-opd-verl071-cu128/lib/python3.12/site-packages/ray/_private/client_mode_hook.py", line 107, in wrapper
    return func(*args, **kwargs)
           ^^^^^^^^^^^^^^^^^^^^^
  File "/inspire/hdd/global_user/mengweicheng-240108120092/lzy/fc-opd-storage/envs/fc-opd-verl071-cu128/lib/python3.12/site-packages/ray/_private/worker.py", line 2980, in get
    values, debugger_breakpoint = worker.get_objects(
                                  ^^^^^^^^^^^^^^^^^^^
  File "/inspire/hdd/global_user/mengweicheng-240108120092/lzy/fc-opd-storage/envs/fc-opd-verl071-cu128/lib/python3.12/site-packages/ray/_private/worker.py", line 1023, in get_objects
    raise value.as_instanceof_cause()
ray.exceptions.RayTaskError(TeacherServiceError): [36mray::TaskRunner.run()[39m (pid=431148, ip=10.247.28.202, actor_id=33ae9a19c28f103f01296ccd01000000, repr=<main_ppo.TaskRunner object at 0x7ff92db44110>)
         ^^^^^^^^^^^^^^^^^^^^^^^^^^^^^^^^^^^^^^^^^^^^^^
  File "/inspire/hdd/global_user/mengweicheng-240108120092/lzy/fc-opd-storage/envs/fc-opd-verl071-cu128/lib/python3.12/urllib/request.py", line 215, in urlopen
    return opener.open(url, data, timeout)
           ^^^^^^^^^^^^^^^^^^^^^^^^^^^^^^^
  File "/inspire/hdd/global_user/mengweicheng-240108120092/lzy/fc-opd-storage/envs/fc-opd-verl071-cu128/lib/python3.12/urllib/request.py", line 521, in open
    response = meth(req, response)
               ^^^^^^^^^^^^^^^^^^^
  File "/inspire/hdd/global_user/mengweicheng-240108120092/lzy/fc-opd-storage/envs/fc-opd-verl071-cu128/lib/python3.12/urllib/request.py", line 630, in http_response
    response = self.parent.error(
               ^^^^^^^^^^^^^^^^^^
  File "/inspire/hdd/global_user/mengweicheng-240108120092/lzy/fc-opd-storage/envs/fc-opd-verl071-cu128/lib/python3.12/urllib/request.py", line 559, in error
    return self._call_chain(*args)
           ^^^^^^^^^^^^^^^^^^^^^^^
  File "/inspire/hdd/global_user/mengweicheng-240108120092/lzy/fc-opd-storage/envs/fc-opd-verl071-cu128/lib/python3.12/urllib/request.py", line 492, in _call_chain
    result = func(*args)
             ^^^^^^^^^^^
  File "/inspire/hdd/global_user/mengweicheng-240108120092/lzy/fc-opd-storage/envs/fc-opd-verl071-cu128/lib/python3.12/urllib/request.py", line 639, in http_error_default
    raise HTTPError(req.full_url, code, msg, hdrs, fp)
urllib.error.HTTPError: HTTP Error 400: Bad Request

The above exception was the direct cause of the following exception:

[36mray::TaskRunner.run()[39m (pid=431148, ip=10.247.28.202, actor_id=33ae9a19c28f103f01296ccd01000000, repr=<main_ppo.TaskRunner object at 0x7ff92db44110>)
           ^^^^^^^^^^^^^^^^^^^^^^^^^^^^^^^^^^^^
           ^^^^^^^^^^^^^^^^^^^^^^^^^^^^^^^
  File "/inspire/hdd/global_user/mengweicheng-240108120092/lzy/projects/Dual-Track-OPD/third_party/verl/verl/trainer/main_ppo.py", line 359, in run
    trainer.fit()
  File "/inspire/hdd/global_user/mengweicheng-240108120092/lzy/projects/Dual-Track-OPD/third_party/verl/verl/trainer/ppo/ray_trainer.py", line 1368, in fit
    fc_opd_result = fc_opd_hook(
                    ^^^^^^^^^^^^
  File "/inspire/hdd/global_user/mengweicheng-240108120092/lzy/projects/Dual-Track-OPD/src/dual_track_opd/fc_opd/verl_post_rollout_hook.py", line 62, in fc_opd_post_rollout_hook
    teacher_scorer = _build_teacher_scorer(fc_config, tokenizer, samples, conditions)
                     ^^^^^^^^^^^^^^^^^^^^^^^^^^^^^^^^^^^^^^^^^^^^^^^^^^^^^^^^^^^^^^^^
  File "/inspire/hdd/global_user/mengweicheng-240108120092/lzy/projects/Dual-Track-OPD/src/dual_track_opd/fc_opd/verl_post_rollout_hook.py", line 138, in _build_teacher_scorer
    pre_scored = score_teacher_conditions_multi_sample(
                 ^^^^^^^^^^^^^^^^^^^^^^^^^^^^^^^^^^^^^^
  File "/inspire/hdd/global_user/mengweicheng-240108120092/lzy/projects/Dual-Track-OPD/src/dual_track_opd/fc_opd/teacher_client.py", line 159, in score_teacher_conditions_multi_sample
    responses = teacher_client.score(requests)
                ^^^^^^^^^^^^^^^^^^^^^^^^^^^^^^
  File "/inspire/hdd/global_user/mengweicheng-240108120092/lzy/projects/Dual-Track-OPD/src/dual_track_opd/fc_opd/teacher_client.py", line 74, in score
    raw = self._request_json("POST", "/score", payload)
          ^^^^^^^^^^^^^^^^^^^^^^^^^^^^^^^^^^^^^^^^^^^^^
  File "/inspire/hdd/global_user/mengweicheng-240108120092/lzy/projects/Dual-Track-OPD/src/dual_track_opd/fc_opd/teacher_client.py", line 58, in _request_json
    raise TeacherServiceError(f"teacher service returned HTTP {exc.code}: {detail}") from exc
dual_track_opd.fc_opd.teacher_client.TeacherServiceError: teacher service returned HTTP 400: {"error":"ValueError","message":"response token IDs differ during teacher-side response retokenization"}

Set the environment variable HYDRA_FULL_ERROR=1 for a complete stack trace.
