/inspire/hdd/global_user/mengweicheng-240108120092/lzy/fc-opd-storage/envs/fc-opd-verl071-cu128/lib/python3.12/site-packages/torch/cuda/__init__.py:63: FutureWarning: The pynvml package is deprecated. Please install nvidia-ml-py instead. If you did not install pynvml directly, please report this to the maintainers of the package that installed pynvml for you.
  import pynvml  # type: ignore[import]
/inspire/hdd/global_user/mengweicheng-240108120092/lzy/fc-opd-storage/envs/fc-opd-verl071-cu128/lib/python3.12/site-packages/transformers/utils/hub.py:110: FutureWarning: Using `TRANSFORMERS_CACHE` is deprecated and will be removed in v5 of Transformers. Use `HF_HOME` instead.
  warnings.warn(
INFO 07-08 06:00:10 [__init__.py:216] Automatically detected platform cuda.
2026-07-08 06:00:12,245	INFO worker.py:1814 -- Connecting to existing Ray cluster at address: 10.247.5.142:6379...
2026-07-08 06:00:12,257	INFO worker.py:2003 -- Connected to Ray cluster. View the dashboard at [1m[32mhttp://127.0.0.1:8265 [39m[22m
/inspire/hdd/global_user/mengweicheng-240108120092/lzy/fc-opd-storage/envs/fc-opd-verl071-cu128/lib/python3.12/site-packages/ray/_private/worker.py:2051: FutureWarning: Tip: In future versions of Ray, Ray will no longer override accelerator visible devices env var if num_gpus=0 or num_gpus=None (default). To enable this behavior and turn off this error message, set RAY_ACCEL_ENV_VAR_OVERRIDE_ON_ZERO=0
  warnings.warn(
[36m(pid=1148945)[0m /inspire/hdd/global_user/mengweicheng-240108120092/lzy/fc-opd-storage/envs/fc-opd-verl071-cu128/lib/python3.12/site-packages/torch/cuda/__init__.py:63: FutureWarning: The pynvml package is deprecated. Please install nvidia-ml-py instead. If you did not install pynvml directly, please report this to the maintainers of the package that installed pynvml for you.
[36m(pid=1148945)[0m   import pynvml  # type: ignore[import]
[36m(pid=1148945)[0m /inspire/hdd/global_user/mengweicheng-240108120092/lzy/fc-opd-storage/envs/fc-opd-verl071-cu128/lib/python3.12/site-packages/transformers/utils/hub.py:110: FutureWarning: Using `TRANSFORMERS_CACHE` is deprecated and will be removed in v5 of Transformers. Use `HF_HOME` instead.
[36m(pid=1148945)[0m   warnings.warn(
ray init kwargs: {'num_cpus': None, 'runtime_env': {'env_vars': {'TOKENIZERS_PARALLELISM': 'true', 'NCCL_DEBUG': 'WARN', 'VLLM_LOGGING_LEVEL': 'WARN', 'VLLM_ALLOW_RUNTIME_LORA_UPDATING': 'true', 'CUDA_DEVICE_MAX_CONNECTIONS': '1', 'VLLM_DISABLE_COMPILE_CACHE': '1', 'HCCL_HOST_SOCKET_PORT_RANGE': 'auto', 'HCCL_NPU_SOCKET_PORT_RANGE': 'auto'}, 'working_dir': None}}
[36m(TaskRunner pid=1148945)[0m TaskRunner hostname: opd-lzy-lowp--c24fb4f37218-v3j3p23n2k, PID: 1148945
[36m(TaskRunner pid=1148945)[0m {'actor_rollout_ref': {'actor': {'_target_': 'verl.workers.config.FSDPActorConfig',
[36m(TaskRunner pid=1148945)[0m                                  'calculate_entropy': False,
[36m(TaskRunner pid=1148945)[0m                                  'calculate_sum_pi_squared': False,
[36m(TaskRunner pid=1148945)[0m                                  'checkpoint': {'_target_': 'verl.trainer.config.CheckpointConfig',
[36m(TaskRunner pid=1148945)[0m                                                 'async_save': False,
[36m(TaskRunner pid=1148945)[0m                                                 'load_contents': ['model',
[36m(TaskRunner pid=1148945)[0m                                                                   'optimizer',
[36m(TaskRunner pid=1148945)[0m                                                                   'extra'],
[36m(TaskRunner pid=1148945)[0m                                                 'mbridge_config': {},
[36m(TaskRunner pid=1148945)[0m                                                 'save_contents': ['model',
[36m(TaskRunner pid=1148945)[0m                                                                   'optimizer',
[36m(TaskRunner pid=1148945)[0m                                                                   'extra']},
[36m(TaskRunner pid=1148945)[0m                                  'clip_ratio': 0.2,
[36m(TaskRunner pid=1148945)[0m                                  'clip_ratio_c': 3.0,
[36m(TaskRunner pid=1148945)[0m                                  'clip_ratio_high': 0.2,
[36m(TaskRunner pid=1148945)[0m                                  'clip_ratio_low': 0.2,
[36m(TaskRunner pid=1148945)[0m                                  'data_loader_seed': 42,
[36m(TaskRunner pid=1148945)[0m                                  'entropy_checkpointing': False,
[36m(TaskRunner pid=1148945)[0m                                  'entropy_coeff': 0,
[36m(TaskRunner pid=1148945)[0m                                  'entropy_from_logits_with_chunking': False,
[36m(TaskRunner pid=1148945)[0m                                  'freeze_vision_tower': False,
[36m(TaskRunner pid=1148945)[0m                                  'fsdp_config': {'_target_': 'verl.workers.config.FSDPEngineConfig',
[36m(TaskRunner pid=1148945)[0m                                                  'dtype': 'bfloat16',
[36m(TaskRunner pid=1148945)[0m                                                  'entropy_checkpointing': False,
[36m(TaskRunner pid=1148945)[0m                                                  'entropy_from_logits_with_chunking': False,
[36m(TaskRunner pid=1148945)[0m                                                  'forward_only': False,
[36m(TaskRunner pid=1148945)[0m                                                  'forward_prefetch': True,
[36m(TaskRunner pid=1148945)[0m                                                  'fsdp_size': -1,
[36m(TaskRunner pid=1148945)[0m                                                  'full_determinism': False,
[36m(TaskRunner pid=1148945)[0m                                                  'model_dtype': 'fp32',
[36m(TaskRunner pid=1148945)[0m                                                  'offload_policy': False,
[36m(TaskRunner pid=1148945)[0m                                                  'optimizer_offload': False,
[36m(TaskRunner pid=1148945)[0m                                                  'param_offload': False,
[36m(TaskRunner pid=1148945)[0m                                                  'qat': {'_target_': 'verl.workers.config.QATEngineConfig',
[36m(TaskRunner pid=1148945)[0m                                                          'activation_observer': 'static_minmax',
[36m(TaskRunner pid=1148945)[0m                                                          'enable': False,
[36m(TaskRunner pid=1148945)[0m                                                          'group_size': 16,
[36m(TaskRunner pid=1148945)[0m                                                          'ignore_patterns': ['lm_head',
[36m(TaskRunner pid=1148945)[0m                                                                              'embed_tokens',
[36m(TaskRunner pid=1148945)[0m                                                                              're:.*mlp.gate$'],
[36m(TaskRunner pid=1148945)[0m                                                          'mode': 'w4a16',
[36m(TaskRunner pid=1148945)[0m                                                          'quantization_config_path': None},
[36m(TaskRunner pid=1148945)[0m                                                  'reshard_after_forward': False,
[36m(TaskRunner pid=1148945)[0m                                                  'seed': 42,
[36m(TaskRunner pid=1148945)[0m                                                  'strategy': 'fsdp',
[36m(TaskRunner pid=1148945)[0m                                                  'ulysses_sequence_parallel_size': 1,
[36m(TaskRunner pid=1148945)[0m                                                  'use_orig_params': False,
[36m(TaskRunner pid=1148945)[0m                                                  'use_torch_compile': True,
[36m(TaskRunner pid=1148945)[0m                                                  'wrap_policy': {'min_num_params': 0}},
[36m(TaskRunner pid=1148945)[0m                                  'grad_clip': 1.0,
[36m(TaskRunner pid=1148945)[0m                                  'kl_loss_coef': 0.001,
[36m(TaskRunner pid=1148945)[0m                                  'kl_loss_type': 'low_var_kl',
[36m(TaskRunner pid=1148945)[0m                                  'loss_agg_mode': 'token-mean',
[36m(TaskRunner pid=1148945)[0m                                  'loss_scale_factor': None,
[36m(TaskRunner pid=1148945)[0m                                  'optim': {'_target_': 'verl.workers.config.FSDPOptimizerConfig',
[36m(TaskRunner pid=1148945)[0m                                            'betas': [0.9, 0.999],
[36m(TaskRunner pid=1148945)[0m                                            'clip_grad': 1.0,
[36m(TaskRunner pid=1148945)[0m                                            'lr': 2e-06,
[36m(TaskRunner pid=1148945)[0m                                            'lr_scheduler_type': 'constant',
[36m(TaskRunner pid=1148945)[0m                                            'lr_warmup_steps': -1,
[36m(TaskRunner pid=1148945)[0m                                            'lr_warmup_steps_ratio': 0.0,
[36m(TaskRunner pid=1148945)[0m                                            'min_lr_ratio': 0.0,
[36m(TaskRunner pid=1148945)[0m                                            'num_cycles': 0.5,
[36m(TaskRunner pid=1148945)[0m                                            'optimizer': 'AdamW',
[36m(TaskRunner pid=1148945)[0m                                            'optimizer_impl': 'torch.optim',
[36m(TaskRunner pid=1148945)[0m                                            'override_optimizer_config': None,
[36m(TaskRunner pid=1148945)[0m                                            'total_training_steps': -1,
[36m(TaskRunner pid=1148945)[0m                                            'warmup_style': None,
[36m(TaskRunner pid=1148945)[0m                                            'weight_decay': 0.01,
[36m(TaskRunner pid=1148945)[0m                                            'zero_indexed_step': True},
[36m(TaskRunner pid=1148945)[0m                                  'policy_loss': {'_target_': 'verl.workers.config.PolicyLossConfig',
[36m(TaskRunner pid=1148945)[0m                                                  'clip_cov_lb': 1.0,
[36m(TaskRunner pid=1148945)[0m                                                  'clip_cov_ratio': 0.0002,
[36m(TaskRunner pid=1148945)[0m                                                  'clip_cov_ub': 5.0,
[36m(TaskRunner pid=1148945)[0m                                                  'kl_cov_ratio': 0.0002,
[36m(TaskRunner pid=1148945)[0m                                                  'loss_mode': 'vanilla',
[36m(TaskRunner pid=1148945)[0m                                                  'ppo_kl_coef': 0.1},
[36m(TaskRunner pid=1148945)[0m                                  'ppo_epochs': 1,
[36m(TaskRunner pid=1148945)[0m                                  'ppo_max_token_len_per_gpu': 10240,
[36m(TaskRunner pid=1148945)[0m                                  'ppo_micro_batch_size': None,
[36m(TaskRunner pid=1148945)[0m                                  'ppo_micro_batch_size_per_gpu': 1,
[36m(TaskRunner pid=1148945)[0m                                  'ppo_mini_batch_size': 48,
[36m(TaskRunner pid=1148945)[0m                                  'profiler': {'_target_': 'verl.utils.profiler.ProfilerConfig',
[36m(TaskRunner pid=1148945)[0m                                               'all_ranks': False,
[36m(TaskRunner pid=1148945)[0m                                               'enable': False,
[36m(TaskRunner pid=1148945)[0m                                               'ranks': [],
[36m(TaskRunner pid=1148945)[0m                                               'save_path': 'outputs/profile',
[36m(TaskRunner pid=1148945)[0m                                               'tool': None,
[36m(TaskRunner pid=1148945)[0m                                               'tool_config': {'npu': {'_target_': 'verl.utils.profiler.config.NPUToolConfig',
[36m(TaskRunner pid=1148945)[0m                                                                       'analysis': True,
[36m(TaskRunner pid=1148945)[0m                                                                       'contents': [],
[36m(TaskRunner pid=1148945)[0m                                                                       'discrete': False,
[36m(TaskRunner pid=1148945)[0m                                                                       'level': 'level0'},
[36m(TaskRunner pid=1148945)[0m                                                               'nsys': {'_target_': 'verl.utils.profiler.config.NsightToolConfig',
[36m(TaskRunner pid=1148945)[0m                                                                        'discrete': False},
[36m(TaskRunner pid=1148945)[0m                                                               'torch': {'_target_': 'verl.utils.profiler.config.TorchProfilerToolConfig',
[36m(TaskRunner pid=1148945)[0m                                                                         'contents': [],
[36m(TaskRunner pid=1148945)[0m                                                                         'discrete': False},
[36m(TaskRunner pid=1148945)[0m                                                               'torch_memory': {'_target_': 'verl.utils.profiler.config.TorchMemoryToolConfig',
[36m(TaskRunner pid=1148945)[0m                                                                                'stack_depth': 32,
[36m(TaskRunner pid=1148945)[0m                                                                                'trace_alloc_max_entries': 100000}}},
[36m(TaskRunner pid=1148945)[0m                                  'qat': {'activation_observer': 'static_minmax',
[36m(TaskRunner pid=1148945)[0m                                          'enable': False,
[36m(TaskRunner pid=1148945)[0m                                          'group_size': 16,
[36m(TaskRunner pid=1148945)[0m                                          'ignore_patterns': ['lm_head',
[36m(TaskRunner pid=1148945)[0m                                                              'embed_tokens',
[36m(TaskRunner pid=1148945)[0m                                                              're:.*mlp.gate$'],
[36m(TaskRunner pid=1148945)[0m                                          'mode': 'w4a16',
[36m(TaskRunner pid=1148945)[0m                                          'quantization_config_path': None},
[36m(TaskRunner pid=1148945)[0m                                  'rollout_n': 8,
[36m(TaskRunner pid=1148945)[0m                                  'router_replay': {'_target_': 'verl.workers.config.RouterReplayConfig',
[36m(TaskRunner pid=1148945)[0m                                                    'mode': 'disabled',
[36m(TaskRunner pid=1148945)[0m                                                    'record_file': None,
[36m(TaskRunner pid=1148945)[0m                                                    'replay_file': None},
[36m(TaskRunner pid=1148945)[0m                                  'shuffle': False,
[36m(TaskRunner pid=1148945)[0m                                  'strategy': 'fsdp2',
[36m(TaskRunner pid=1148945)[0m                                  'sum_pi_squared_checkpointing': False,
[36m(TaskRunner pid=1148945)[0m                                  'tau_neg': 1.05,
[36m(TaskRunner pid=1148945)[0m                                  'tau_pos': 1.0,
[36m(TaskRunner pid=1148945)[0m                                  'ulysses_sequence_parallel_size': 1,
[36m(TaskRunner pid=1148945)[0m                                  'use_dynamic_bsz': True,
[36m(TaskRunner pid=1148945)[0m                                  'use_fused_kernels': False,
[36m(TaskRunner pid=1148945)[0m                                  'use_kl_loss': False,
[36m(TaskRunner pid=1148945)[0m                                  'use_prefix_grouper': False,
[36m(TaskRunner pid=1148945)[0m                                  'use_remove_padding': False,
[36m(TaskRunner pid=1148945)[0m                                  'use_torch_compile': True},
[36m(TaskRunner pid=1148945)[0m                        'hybrid_engine': True,
[36m(TaskRunner pid=1148945)[0m                        'model': {'_target_': 'verl.workers.config.HFModelConfig',
[36m(TaskRunner pid=1148945)[0m                                  'custom_chat_template': None,
[36m(TaskRunner pid=1148945)[0m                                  'enable_activation_offload': False,
[36m(TaskRunner pid=1148945)[0m                                  'enable_gradient_checkpointing': True,
[36m(TaskRunner pid=1148945)[0m                                  'exclude_modules': None,
[36m(TaskRunner pid=1148945)[0m                                  'external_lib': None,
[36m(TaskRunner pid=1148945)[0m                                  'fused_kernel_options': {'impl_backend': 'torch'},
[36m(TaskRunner pid=1148945)[0m                                  'hf_config_path': None,
[36m(TaskRunner pid=1148945)[0m                                  'lora_adapter_path': None,
[36m(TaskRunner pid=1148945)[0m                                  'lora_alpha': 16,
[36m(TaskRunner pid=1148945)[0m                                  'lora_rank': 0,
[36m(TaskRunner pid=1148945)[0m                                  'mtp': {'_target_': 'verl.workers.config.MtpConfig',
[36m(TaskRunner pid=1148945)[0m                                          'detach_encoder': False,
[36m(TaskRunner pid=1148945)[0m                                          'enable': False,
[36m(TaskRunner pid=1148945)[0m                                          'enable_rollout': False,
[36m(TaskRunner pid=1148945)[0m                                          'enable_train': False,
[36m(TaskRunner pid=1148945)[0m                                          'method': 'mtp',
[36m(TaskRunner pid=1148945)[0m                                          'mtp_loss_scaling_factor': 0.1,
[36m(TaskRunner pid=1148945)[0m                                          'num_speculative_tokens': 1,
[36m(TaskRunner pid=1148945)[0m                                          'speculative_algorithm': 'EAGLE',
[36m(TaskRunner pid=1148945)[0m                                          'speculative_eagle_topk': 1,
[36m(TaskRunner pid=1148945)[0m                                          'speculative_num_draft_tokens': 4,
[36m(TaskRunner pid=1148945)[0m                                          'speculative_num_steps': 3},
[36m(TaskRunner pid=1148945)[0m                                  'override_config': {'attn_implementation': 'sdpa'},
[36m(TaskRunner pid=1148945)[0m                                  'path': '/inspire/hdd/global_user/mengweicheng-240108120092/lzy/models/Qwen3-VL-4B-Instruct',
[36m(TaskRunner pid=1148945)[0m                                  'target_modules': 'all-linear',
[36m(TaskRunner pid=1148945)[0m                                  'tiled_mlp': {'enabled': False,
[36m(TaskRunner pid=1148945)[0m                                                'num_shards': 4},
[36m(TaskRunner pid=1148945)[0m                                  'tokenizer_path': None,
[36m(TaskRunner pid=1148945)[0m                                  'trust_remote_code': False,
[36m(TaskRunner pid=1148945)[0m                                  'use_fused_kernels': False,
[36m(TaskRunner pid=1148945)[0m                                  'use_liger': False,
[36m(TaskRunner pid=1148945)[0m                                  'use_remove_padding': False,
[36m(TaskRunner pid=1148945)[0m                                  'use_shm': False},
[36m(TaskRunner pid=1148945)[0m                        'nccl_timeout': 1800,
[36m(TaskRunner pid=1148945)[0m                        'ref': {'_target_': 'verl.workers.config.FSDPActorConfig',
[36m(TaskRunner pid=1148945)[0m                                'entropy_checkpointing': False,
[36m(TaskRunner pid=1148945)[0m                                'entropy_from_logits_with_chunking': False,
[36m(TaskRunner pid=1148945)[0m                                'fsdp_config': {'_target_': 'verl.workers.config.FSDPEngineConfig',
[36m(TaskRunner pid=1148945)[0m                                                'dtype': 'bfloat16',
[36m(TaskRunner pid=1148945)[0m                                                'entropy_checkpointing': False,
[36m(TaskRunner pid=1148945)[0m                                                'entropy_from_logits_with_chunking': False,
[36m(TaskRunner pid=1148945)[0m                                                'forward_only': True,
[36m(TaskRunner pid=1148945)[0m                                                'forward_prefetch': False,
[36m(TaskRunner pid=1148945)[0m                                                'fsdp_size': -1,
[36m(TaskRunner pid=1148945)[0m                                                'full_determinism': False,
[36m(TaskRunner pid=1148945)[0m                                                'model_dtype': 'fp32',
[36m(TaskRunner pid=1148945)[0m                                                'offload_policy': False,
[36m(TaskRunner pid=1148945)[0m                                                'optimizer_offload': False,
[36m(TaskRunner pid=1148945)[0m                                                'param_offload': False,
[36m(TaskRunner pid=1148945)[0m                                                'qat': {'_target_': 'verl.workers.config.QATEngineConfig',
[36m(TaskRunner pid=1148945)[0m                                                        'activation_observer': 'static_minmax',
[36m(TaskRunner pid=1148945)[0m                                                        'enable': False,
[36m(TaskRunner pid=1148945)[0m                                                        'group_size': 16,
[36m(TaskRunner pid=1148945)[0m                                                        'ignore_patterns': ['lm_head',
[36m(TaskRunner pid=1148945)[0m                                                                            'embed_tokens',
[36m(TaskRunner pid=1148945)[0m                                                                            're:.*mlp.gate$'],
[36m(TaskRunner pid=1148945)[0m                                                        'mode': 'w4a16',
[36m(TaskRunner pid=1148945)[0m                                                        'quantization_config_path': None},
[36m(TaskRunner pid=1148945)[0m                                                'reshard_after_forward': False,
[36m(TaskRunner pid=1148945)[0m                                                'seed': 42,
[36m(TaskRunner pid=1148945)[0m                                                'strategy': 'fsdp',
[36m(TaskRunner pid=1148945)[0m                                                'ulysses_sequence_parallel_size': 1,
[36m(TaskRunner pid=1148945)[0m                                                'use_orig_params': False,
[36m(TaskRunner pid=1148945)[0m                                                'use_torch_compile': True,
[36m(TaskRunner pid=1148945)[0m                                                'wrap_policy': {'min_num_params': 0}},
[36m(TaskRunner pid=1148945)[0m                                'log_prob_max_token_len_per_gpu': 10240,
[36m(TaskRunner pid=1148945)[0m                                'log_prob_micro_batch_size': None,
[36m(TaskRunner pid=1148945)[0m                                'log_prob_micro_batch_size_per_gpu': None,
[36m(TaskRunner pid=1148945)[0m                                'log_prob_use_dynamic_bsz': True,
[36m(TaskRunner pid=1148945)[0m                                'profiler': {'_target_': 'verl.utils.profiler.ProfilerConfig',
[36m(TaskRunner pid=1148945)[0m                                             'all_ranks': False,
[36m(TaskRunner pid=1148945)[0m                                             'enable': False,
[36m(TaskRunner pid=1148945)[0m                                             'ranks': [],
[36m(TaskRunner pid=1148945)[0m                                             'save_path': 'outputs/profile',
[36m(TaskRunner pid=1148945)[0m                                             'tool': None,
[36m(TaskRunner pid=1148945)[0m                                             'tool_config': {'npu': {'_target_': 'verl.utils.profiler.config.NPUToolConfig',
[36m(TaskRunner pid=1148945)[0m                                                                     'analysis': True,
[36m(TaskRunner pid=1148945)[0m                                                                     'contents': [],
[36m(TaskRunner pid=1148945)[0m                                                                     'discrete': False,
[36m(TaskRunner pid=1148945)[0m                                                                     'level': 'level0'},
[36m(TaskRunner pid=1148945)[0m                                                             'nsys': {'_target_': 'verl.utils.profiler.config.NsightToolConfig',
[36m(TaskRunner pid=1148945)[0m                                                                      'discrete': False},
[36m(TaskRunner pid=1148945)[0m                                                             'torch': {'_target_': 'verl.utils.profiler.config.TorchProfilerToolConfig',
[36m(TaskRunner pid=1148945)[0m                                                                       'contents': [],
[36m(TaskRunner pid=1148945)[0m                                                                       'discrete': False},
[36m(TaskRunner pid=1148945)[0m                                                             'torch_memory': {'_target_': 'verl.utils.profiler.config.TorchMemoryToolConfig',
[36m(TaskRunner pid=1148945)[0m                                                                              'stack_depth': 32,
[36m(TaskRunner pid=1148945)[0m                                                                              'trace_alloc_max_entries': 100000}}},
[36m(TaskRunner pid=1148945)[0m                                'rollout_n': 8,
[36m(TaskRunner pid=1148945)[0m                                'router_replay': {'_target_': 'verl.workers.config.RouterReplayConfig',
[36m(TaskRunner pid=1148945)[0m                                                  'mode': 'disabled',
[36m(TaskRunner pid=1148945)[0m                                                  'record_file': None,
[36m(TaskRunner pid=1148945)[0m                                                  'replay_file': None},
[36m(TaskRunner pid=1148945)[0m                                'strategy': 'fsdp2',
[36m(TaskRunner pid=1148945)[0m                                'ulysses_sequence_parallel_size': 1,
[36m(TaskRunner pid=1148945)[0m                                'use_torch_compile': True},
[36m(TaskRunner pid=1148945)[0m                        'rollout': {'_target_': 'verl.workers.config.RolloutConfig',
[36m(TaskRunner pid=1148945)[0m                                    'agent': {'_target_': 'verl.workers.config.AgentLoopConfig',
[36m(TaskRunner pid=1148945)[0m                                              'agent_loop_config_path': None,
[36m(TaskRunner pid=1148945)[0m                                              'custom_async_server': {'_target_': 'verl.workers.config.CustomAsyncServerConfig',
[36m(TaskRunner pid=1148945)[0m                                                                      'name': None,
[36m(TaskRunner pid=1148945)[0m                                                                      'path': None},
[36m(TaskRunner pid=1148945)[0m                                              'default_agent_loop': 'single_turn_agent',
[36m(TaskRunner pid=1148945)[0m                                              'num_workers': 4},
[36m(TaskRunner pid=1148945)[0m                                    'calculate_log_probs': False,
[36m(TaskRunner pid=1148945)[0m                                    'checkpoint_engine': {'_target_': 'verl.workers.config.CheckpointEngineConfig',
[36m(TaskRunner pid=1148945)[0m                                                          'backend': 'naive',
[36m(TaskRunner pid=1148945)[0m                                                          'engine_kwargs': {},
[36m(TaskRunner pid=1148945)[0m                                                          'update_weights_bucket_megabytes': 2048},
[36m(TaskRunner pid=1148945)[0m                                    'cudagraph_capture_sizes': None,
[36m(TaskRunner pid=1148945)[0m                                    'data_parallel_size': 1,
[36m(TaskRunner pid=1148945)[0m                                    'disable_log_stats': True,
[36m(TaskRunner pid=1148945)[0m                                    'do_sample': True,
[36m(TaskRunner pid=1148945)[0m                                    'dtype': 'bfloat16',
[36m(TaskRunner pid=1148945)[0m                                    'enable_chunked_prefill': True,
[36m(TaskRunner pid=1148945)[0m                                    'enable_prefix_caching': True,
[36m(TaskRunner pid=1148945)[0m                                    'enable_rollout_routing_replay': False,
[36m(TaskRunner pid=1148945)[0m                                    'enforce_eager': False,
[36m(TaskRunner pid=1148945)[0m                                    'engine_kwargs': {'sglang': {},
[36m(TaskRunner pid=1148945)[0m                                                      'trtllm': {},
[36m(TaskRunner pid=1148945)[0m                                                      'vllm': {}},
[36m(TaskRunner pid=1148945)[0m                                    'expert_parallel_size': 1,
[36m(TaskRunner pid=1148945)[0m                                    'free_cache_engine': True,
[36m(TaskRunner pid=1148945)[0m                                    'gpu_memory_utilization': 0.45,
[36m(TaskRunner pid=1148945)[0m                                    'ignore_eos': False,
[36m(TaskRunner pid=1148945)[0m                                    'layered_summon': False,
[36m(TaskRunner pid=1148945)[0m                                    'load_format': 'dummy',
[36m(TaskRunner pid=1148945)[0m                                    'log_prob_max_token_len_per_gpu': 10240,
[36m(TaskRunner pid=1148945)[0m                                    'log_prob_micro_batch_size': None,
[36m(TaskRunner pid=1148945)[0m                                    'log_prob_micro_batch_size_per_gpu': 8,
[36m(TaskRunner pid=1148945)[0m                                    'log_prob_use_dynamic_bsz': True,
[36m(TaskRunner pid=1148945)[0m                                    'logprobs_mode': 'processed_logprobs',
[36m(TaskRunner pid=1148945)[0m                                    'max_model_len': 10240,
[36m(TaskRunner pid=1148945)[0m                                    'max_num_batched_tokens': 8192,
[36m(TaskRunner pid=1148945)[0m                                    'max_num_seqs': 1024,
[36m(TaskRunner pid=1148945)[0m                                    'mode': 'async',
[36m(TaskRunner pid=1148945)[0m                                    'mtp': {'_target_': 'verl.workers.config.MtpConfig',
[36m(TaskRunner pid=1148945)[0m                                            'detach_encoder': False,
[36m(TaskRunner pid=1148945)[0m                                            'enable': False,
[36m(TaskRunner pid=1148945)[0m                                            'enable_rollout': False,
[36m(TaskRunner pid=1148945)[0m                                            'enable_train': False,
[36m(TaskRunner pid=1148945)[0m                                            'method': 'mtp',
[36m(TaskRunner pid=1148945)[0m                                            'mtp_loss_scaling_factor': 0.1,
[36m(TaskRunner pid=1148945)[0m                                            'num_speculative_tokens': 1,
[36m(TaskRunner pid=1148945)[0m                                            'speculative_algorithm': 'EAGLE',
[36m(TaskRunner pid=1148945)[0m                                            'speculative_eagle_topk': 1,
[36m(TaskRunner pid=1148945)[0m                                            'speculative_num_draft_tokens': 4,
[36m(TaskRunner pid=1148945)[0m                                            'speculative_num_steps': 3},
[36m(TaskRunner pid=1148945)[0m                                    'multi_stage_wake_up': False,
[36m(TaskRunner pid=1148945)[0m                                    'multi_turn': {'_target_': 'verl.workers.config.MultiTurnConfig',
[36m(TaskRunner pid=1148945)[0m                                                   'enable': False,
[36m(TaskRunner pid=1148945)[0m                                                   'format': 'hermes',
[36m(TaskRunner pid=1148945)[0m                                                   'interaction_config_path': None,
[36m(TaskRunner pid=1148945)[0m                                                   'max_assistant_turns': None,
[36m(TaskRunner pid=1148945)[0m                                                   'max_parallel_calls': 1,
[36m(TaskRunner pid=1148945)[0m                                                   'max_tool_response_length': 256,
[36m(TaskRunner pid=1148945)[0m                                                   'max_user_turns': None,
[36m(TaskRunner pid=1148945)[0m                                                   'num_repeat_rollouts': None,
[36m(TaskRunner pid=1148945)[0m                                                   'tokenization_sanity_check_mode': 'strict',
[36m(TaskRunner pid=1148945)[0m                                                   'tool_config_path': None,
[36m(TaskRunner pid=1148945)[0m                                                   'tool_response_truncate_side': 'middle',
[36m(TaskRunner pid=1148945)[0m                                                   'use_inference_chat_template': False},
[36m(TaskRunner pid=1148945)[0m                                    'n': 8,
[36m(TaskRunner pid=1148945)[0m                                    'n_gpus_per_node': 6,
[36m(TaskRunner pid=1148945)[0m                                    'name': 'vllm',
[36m(TaskRunner pid=1148945)[0m                                    'nnodes': 0,
[36m(TaskRunner pid=1148945)[0m                                    'over_sample_rate': 0,
[36m(TaskRunner pid=1148945)[0m                                    'pipeline_model_parallel_size': 1,
[36m(TaskRunner pid=1148945)[0m                                    'profiler': {'_target_': 'verl.utils.profiler.ProfilerConfig',
[36m(TaskRunner pid=1148945)[0m                                                 'all_ranks': False,
[36m(TaskRunner pid=1148945)[0m                                                 'enable': False,
[36m(TaskRunner pid=1148945)[0m                                                 'ranks': [],
[36m(TaskRunner pid=1148945)[0m                                                 'save_path': 'outputs/profile',
[36m(TaskRunner pid=1148945)[0m                                                 'tool': None,
[36m(TaskRunner pid=1148945)[0m                                                 'tool_config': {'npu': {'_target_': 'verl.utils.profiler.config.NPUToolConfig',
[36m(TaskRunner pid=1148945)[0m                                                                         'analysis': True,
[36m(TaskRunner pid=1148945)[0m                                                                         'contents': [],
[36m(TaskRunner pid=1148945)[0m                                                                         'discrete': False,
[36m(TaskRunner pid=1148945)[0m                                                                         'level': 'level0'},
[36m(TaskRunner pid=1148945)[0m                                                                 'torch': {'_target_': 'verl.utils.profiler.config.TorchProfilerToolConfig',
[36m(TaskRunner pid=1148945)[0m                                                                           'contents': [],
[36m(TaskRunner pid=1148945)[0m                                                                           'discrete': False}}},
[36m(TaskRunner pid=1148945)[0m                                    'prometheus': {'_target_': 'verl.workers.config.PrometheusConfig',
[36m(TaskRunner pid=1148945)[0m                                                   'enable': False,
[36m(TaskRunner pid=1148945)[0m                                                   'file': '/tmp/ray/session_latest/metrics/prometheus/prometheus.yml',
[36m(TaskRunner pid=1148945)[0m                                                   'port': 9090,
[36m(TaskRunner pid=1148945)[0m                                                   'served_model_name': '/inspire/hdd/global_user/mengweicheng-240108120092/lzy/models/Qwen3-VL-4B-Instruct'},
[36m(TaskRunner pid=1148945)[0m                                    'prompt_length': 8192,
[36m(TaskRunner pid=1148945)[0m                                    'qat': {'_target_': 'verl.workers.config.QATEngineConfig',
[36m(TaskRunner pid=1148945)[0m                                            'activation_observer': 'static_minmax',
[36m(TaskRunner pid=1148945)[0m                                            'enable': False,
[36m(TaskRunner pid=1148945)[0m                                            'group_size': 16,
[36m(TaskRunner pid=1148945)[0m                                            'ignore_patterns': ['lm_head',
[36m(TaskRunner pid=1148945)[0m                                                                'embed_tokens',
[36m(TaskRunner pid=1148945)[0m                                                                're:.*mlp.gate$'],
[36m(TaskRunner pid=1148945)[0m                                            'mode': 'w4a16',
[36m(TaskRunner pid=1148945)[0m                                            'quantization_config_path': None},
[36m(TaskRunner pid=1148945)[0m                                    'quantization': None,
[36m(TaskRunner pid=1148945)[0m                                    'quantization_config_file': None,
[36m(TaskRunner pid=1148945)[0m                                    'response_length': 2048,
[36m(TaskRunner pid=1148945)[0m                                    'scheduling_policy': 'fcfs',
[36m(TaskRunner pid=1148945)[0m                                    'skip_dump_dir': '/tmp/rollout_dump',
[36m(TaskRunner pid=1148945)[0m                                    'skip_rollout': False,
[36m(TaskRunner pid=1148945)[0m                                    'skip_tokenizer_init': True,
[36m(TaskRunner pid=1148945)[0m                                    'temperature': 1.0,
[36m(TaskRunner pid=1148945)[0m                                    'tensor_model_parallel_size': 1,
[36m(TaskRunner pid=1148945)[0m                                    'top_k': -1,
[36m(TaskRunner pid=1148945)[0m                                    'top_p': 1,
[36m(TaskRunner pid=1148945)[0m                                    'trace': {'_target_': 'verl.workers.config.TraceConfig',
[36m(TaskRunner pid=1148945)[0m                                              'backend': None,
[36m(TaskRunner pid=1148945)[0m                                              'experiment_name': 'fc_opd_overnight_noreshard_noreshard_20260708_055809',
[36m(TaskRunner pid=1148945)[0m                                              'max_samples_per_step_per_worker': None,
[36m(TaskRunner pid=1148945)[0m                                              'project_name': 'fc_opd_overnight',
[36m(TaskRunner pid=1148945)[0m                                              'token2text': False},
[36m(TaskRunner pid=1148945)[0m                                    'val_kwargs': {'_target_': 'verl.workers.config.SamplingConfig',
[36m(TaskRunner pid=1148945)[0m                                                   'do_sample': False,
[36m(TaskRunner pid=1148945)[0m                                                   'n': 1,
[36m(TaskRunner pid=1148945)[0m                                                   'temperature': 0,
[36m(TaskRunner pid=1148945)[0m                                                   'top_k': -1,
[36m(TaskRunner pid=1148945)[0m                                                   'top_p': 1.0}}},
[36m(TaskRunner pid=1148945)[0m  'algorithm': {'_target_': 'verl.trainer.config.AlgoConfig',
[36m(TaskRunner pid=1148945)[0m                'adv_estimator': 'grpo',
[36m(TaskRunner pid=1148945)[0m                'fc_opd': {'compute_hook_loss': False,
[36m(TaskRunner pid=1148945)[0m                           'conditions': ['full', 'degraded'],
[36m(TaskRunner pid=1148945)[0m                           'include_tail': True,
[36m(TaskRunner pid=1148945)[0m                           'loss_coef': 1.0,
[36m(TaskRunner pid=1148945)[0m                           'loss_mode': 'va_opd',
[36m(TaskRunner pid=1148945)[0m                           'post_rollout_hook': 'dual_track_opd.fc_opd.verl_post_rollout_hook.fc_opd_post_rollout_hook',
[36m(TaskRunner pid=1148945)[0m                           'renormalize_topk': True,
[36m(TaskRunner pid=1148945)[0m                           'teacher_urls': 'http://127.0.0.1:18080,http://127.0.0.1:18081'},
[36m(TaskRunner pid=1148945)[0m                'gamma': 1.0,
[36m(TaskRunner pid=1148945)[0m                'kl_ctrl': {'_target_': 'verl.trainer.config.KLControlConfig',
[36m(TaskRunner pid=1148945)[0m                            'horizon': 10000,
[36m(TaskRunner pid=1148945)[0m                            'kl_coef': 0.001,
[36m(TaskRunner pid=1148945)[0m                            'target_kl': 0.1,
[36m(TaskRunner pid=1148945)[0m                            'type': 'fixed'},
[36m(TaskRunner pid=1148945)[0m                'kl_penalty': 'kl',
[36m(TaskRunner pid=1148945)[0m                'lam': 1.0,
[36m(TaskRunner pid=1148945)[0m                'norm_adv_by_std_in_grpo': True,
[36m(TaskRunner pid=1148945)[0m                'pf_ppo': {'reweight_method': 'pow', 'weight_pow': 2.0},
[36m(TaskRunner pid=1148945)[0m                'rollout_correction': {'bypass_mode': False,
[36m(TaskRunner pid=1148945)[0m                                       'loss_type': 'ppo_clip',
[36m(TaskRunner pid=1148945)[0m                                       'rollout_is': None,
[36m(TaskRunner pid=1148945)[0m                                       'rollout_is_batch_normalize': False,
[36m(TaskRunner pid=1148945)[0m                                       'rollout_is_threshold': 2.0,
[36m(TaskRunner pid=1148945)[0m                                       'rollout_rs': None,
[36m(TaskRunner pid=1148945)[0m                                       'rollout_rs_threshold': None},
[36m(TaskRunner pid=1148945)[0m                'use_kl_in_reward': False,
[36m(TaskRunner pid=1148945)[0m                'use_pf_ppo': False},
[36m(TaskRunner pid=1148945)[0m  'critic': {'_target_': 'verl.workers.config.FSDPCriticConfig',
[36m(TaskRunner pid=1148945)[0m             'checkpoint': {'_target_': 'verl.trainer.config.CheckpointConfig',
[36m(TaskRunner pid=1148945)[0m                            'async_save': False,
[36m(TaskRunner pid=1148945)[0m                            'load_contents': ['model', 'optimizer', 'extra'],
[36m(TaskRunner pid=1148945)[0m                            'mbridge_config': {},
[36m(TaskRunner pid=1148945)[0m                            'save_contents': ['model', 'optimizer', 'extra']},
[36m(TaskRunner pid=1148945)[0m             'cliprange_value': 0.5,
[36m(TaskRunner pid=1148945)[0m             'data_loader_seed': 42,
[36m(TaskRunner pid=1148945)[0m             'enable': None,
[36m(TaskRunner pid=1148945)[0m             'forward_max_token_len_per_gpu': 32768,
[36m(TaskRunner pid=1148945)[0m             'forward_micro_batch_size': None,
[36m(TaskRunner pid=1148945)[0m             'forward_micro_batch_size_per_gpu': None,
[36m(TaskRunner pid=1148945)[0m             'grad_clip': 1.0,
[36m(TaskRunner pid=1148945)[0m             'loss_agg_mode': 'token-mean',
[36m(TaskRunner pid=1148945)[0m             'model': {'_target_': 'verl.workers.config.FSDPCriticModelCfg',
[36m(TaskRunner pid=1148945)[0m                       'enable_activation_offload': False,
[36m(TaskRunner pid=1148945)[0m                       'enable_gradient_checkpointing': True,
[36m(TaskRunner pid=1148945)[0m                       'external_lib': None,
[36m(TaskRunner pid=1148945)[0m                       'fsdp_config': {'_target_': 'verl.workers.config.FSDPEngineConfig',
[36m(TaskRunner pid=1148945)[0m                                       'dtype': 'bfloat16',
[36m(TaskRunner pid=1148945)[0m                                       'entropy_checkpointing': False,
[36m(TaskRunner pid=1148945)[0m                                       'entropy_from_logits_with_chunking': False,
[36m(TaskRunner pid=1148945)[0m                                       'forward_only': False,
[36m(TaskRunner pid=1148945)[0m                                       'forward_prefetch': False,
[36m(TaskRunner pid=1148945)[0m                                       'fsdp_size': -1,
[36m(TaskRunner pid=1148945)[0m                                       'full_determinism': False,
[36m(TaskRunner pid=1148945)[0m                                       'model_dtype': 'fp32',
[36m(TaskRunner pid=1148945)[0m                                       'offload_policy': False,
[36m(TaskRunner pid=1148945)[0m                                       'optimizer_offload': False,
[36m(TaskRunner pid=1148945)[0m                                       'param_offload': False,
[36m(TaskRunner pid=1148945)[0m                                       'qat': {'_target_': 'verl.workers.config.QATEngineConfig',
[36m(TaskRunner pid=1148945)[0m                                               'activation_observer': 'static_minmax',
[36m(TaskRunner pid=1148945)[0m                                               'enable': False,
[36m(TaskRunner pid=1148945)[0m                                               'group_size': 16,
[36m(TaskRunner pid=1148945)[0m                                               'ignore_patterns': ['lm_head',
[36m(TaskRunner pid=1148945)[0m                                                                   'embed_tokens',
[36m(TaskRunner pid=1148945)[0m                                                                   're:.*mlp.gate$'],
[36m(TaskRunner pid=1148945)[0m                                               'mode': 'w4a16',
[36m(TaskRunner pid=1148945)[0m                                               'quantization_config_path': None},
[36m(TaskRunner pid=1148945)[0m                                       'reshard_after_forward': True,
[36m(TaskRunner pid=1148945)[0m                                       'seed': 42,
[36m(TaskRunner pid=1148945)[0m                                       'strategy': 'fsdp',
[36m(TaskRunner pid=1148945)[0m                                       'ulysses_sequence_parallel_size': 1,
[36m(TaskRunner pid=1148945)[0m                                       'use_orig_params': False,
[36m(TaskRunner pid=1148945)[0m                                       'use_torch_compile': True,
[36m(TaskRunner pid=1148945)[0m                                       'wrap_policy': {'min_num_params': 0}},
[36m(TaskRunner pid=1148945)[0m                       'lora_alpha': 16,
[36m(TaskRunner pid=1148945)[0m                       'lora_rank': 0,
[36m(TaskRunner pid=1148945)[0m                       'override_config': {},
[36m(TaskRunner pid=1148945)[0m                       'path': '~/models/deepseek-llm-7b-chat',
[36m(TaskRunner pid=1148945)[0m                       'target_modules': 'all-linear',
[36m(TaskRunner pid=1148945)[0m                       'tiled_mlp': {'enabled': False, 'num_shards': 4},
[36m(TaskRunner pid=1148945)[0m                       'tokenizer_path': '/inspire/hdd/global_user/mengweicheng-240108120092/lzy/models/Qwen3-VL-4B-Instruct',
[36m(TaskRunner pid=1148945)[0m                       'trust_remote_code': False,
[36m(TaskRunner pid=1148945)[0m                       'use_remove_padding': False,
[36m(TaskRunner pid=1148945)[0m                       'use_shm': False},
[36m(TaskRunner pid=1148945)[0m             'optim': {'_target_': 'verl.workers.config.FSDPOptimizerConfig',
[36m(TaskRunner pid=1148945)[0m                       'betas': [0.9, 0.999],
[36m(TaskRunner pid=1148945)[0m                       'clip_grad': 1.0,
[36m(TaskRunner pid=1148945)[0m                       'lr': 1e-05,
[36m(TaskRunner pid=1148945)[0m                       'lr_scheduler_type': 'constant',
[36m(TaskRunner pid=1148945)[0m                       'lr_warmup_steps': -1,
[36m(TaskRunner pid=1148945)[0m                       'lr_warmup_steps_ratio': 0.0,
[36m(TaskRunner pid=1148945)[0m                       'min_lr_ratio': 0.0,
[36m(TaskRunner pid=1148945)[0m                       'num_cycles': 0.5,
[36m(TaskRunner pid=1148945)[0m                       'optimizer': 'AdamW',
[36m(TaskRunner pid=1148945)[0m                       'optimizer_impl': 'torch.optim',
[36m(TaskRunner pid=1148945)[0m                       'override_optimizer_config': None,
[36m(TaskRunner pid=1148945)[0m                       'total_training_steps': -1,
[36m(TaskRunner pid=1148945)[0m                       'warmup_style': None,
[36m(TaskRunner pid=1148945)[0m                       'weight_decay': 0.01,
[36m(TaskRunner pid=1148945)[0m                       'zero_indexed_step': True},
[36m(TaskRunner pid=1148945)[0m             'ppo_epochs': 1,
[36m(TaskRunner pid=1148945)[0m             'ppo_max_token_len_per_gpu': 32768,
[36m(TaskRunner pid=1148945)[0m             'ppo_micro_batch_size': None,
[36m(TaskRunner pid=1148945)[0m             'ppo_micro_batch_size_per_gpu': None,
[36m(TaskRunner pid=1148945)[0m             'ppo_mini_batch_size': 48,
[36m(TaskRunner pid=1148945)[0m             'profiler': {'_target_': 'verl.utils.profiler.ProfilerConfig',
[36m(TaskRunner pid=1148945)[0m                          'all_ranks': False,
[36m(TaskRunner pid=1148945)[0m                          'enable': False,
[36m(TaskRunner pid=1148945)[0m                          'ranks': [],
[36m(TaskRunner pid=1148945)[0m                          'save_path': 'outputs/profile',
[36m(TaskRunner pid=1148945)[0m                          'tool': None,
[36m(TaskRunner pid=1148945)[0m                          'tool_config': {'npu': {'_target_': 'verl.utils.profiler.config.NPUToolConfig',
[36m(TaskRunner pid=1148945)[0m                                                  'analysis': True,
[36m(TaskRunner pid=1148945)[0m                                                  'contents': [],
[36m(TaskRunner pid=1148945)[0m                                                  'discrete': False,
[36m(TaskRunner pid=1148945)[0m                                                  'level': 'level0'},
[36m(TaskRunner pid=1148945)[0m                                          'nsys': {'_target_': 'verl.utils.profiler.config.NsightToolConfig',
[36m(TaskRunner pid=1148945)[0m                                                   'discrete': False},
[36m(TaskRunner pid=1148945)[0m                                          'torch': {'_target_': 'verl.utils.profiler.config.TorchProfilerToolConfig',
[36m(TaskRunner pid=1148945)[0m                                                    'contents': [],
[36m(TaskRunner pid=1148945)[0m                                                    'discrete': False},
[36m(TaskRunner pid=1148945)[0m                                          'torch_memory': {'_target_': 'verl.utils.profiler.config.TorchMemoryToolConfig',
[36m(TaskRunner pid=1148945)[0m                                                           'stack_depth': 32,
[36m(TaskRunner pid=1148945)[0m                                                           'trace_alloc_max_entries': 100000}}},
[36m(TaskRunner pid=1148945)[0m             'rollout_n': 8,
[36m(TaskRunner pid=1148945)[0m             'shuffle': False,
[36m(TaskRunner pid=1148945)[0m             'strategy': 'fsdp',
[36m(TaskRunner pid=1148945)[0m             'ulysses_sequence_parallel_size': 1,
[36m(TaskRunner pid=1148945)[0m             'use_dynamic_bsz': True},
[36m(TaskRunner pid=1148945)[0m  'data': {'apply_chat_template_kwargs': {},
[36m(TaskRunner pid=1148945)[0m           'custom_cls': {'name': 'FCOPDDataset',
[36m(TaskRunner pid=1148945)[0m                          'path': 'file:///inspire/hdd/global_user/mengweicheng-240108120092/lzy/projects/Dual-Track-OPD/src/dual_track_opd/fc_opd/verl_dataset.py'},
[36m(TaskRunner pid=1148945)[0m           'datagen': {'name': None, 'path': None},
[36m(TaskRunner pid=1148945)[0m           'dataloader_num_workers': 8,
[36m(TaskRunner pid=1148945)[0m           'filter_overlong_prompts': False,
[36m(TaskRunner pid=1148945)[0m           'filter_overlong_prompts_workers': 1,
[36m(TaskRunner pid=1148945)[0m           'image_key': 'images',
[36m(TaskRunner pid=1148945)[0m           'image_patch_size': 14,
[36m(TaskRunner pid=1148945)[0m           'max_prompt_length': 8192,
[36m(TaskRunner pid=1148945)[0m           'max_response_length': 2048,
[36m(TaskRunner pid=1148945)[0m           'prompt_key': 'prompt',
[36m(TaskRunner pid=1148945)[0m           'return_full_prompt': False,
[36m(TaskRunner pid=1148945)[0m           'return_multi_modal_inputs': True,
[36m(TaskRunner pid=1148945)[0m           'return_raw_chat': True,
[36m(TaskRunner pid=1148945)[0m           'return_raw_input_ids': False,
[36m(TaskRunner pid=1148945)[0m           'reward_fn_key': 'data_source',
[36m(TaskRunner pid=1148945)[0m           'sampler': {'class_name': None, 'class_path': None},
[36m(TaskRunner pid=1148945)[0m           'seed': None,
[36m(TaskRunner pid=1148945)[0m           'shuffle': True,
[36m(TaskRunner pid=1148945)[0m           'tokenizer': None,
[36m(TaskRunner pid=1148945)[0m           'tool_config_path': None,
[36m(TaskRunner pid=1148945)[0m           'train_batch_size': 6,
[36m(TaskRunner pid=1148945)[0m           'train_files': '/inspire/hdd/global_user/mengweicheng-240108120092/lzy/fc-opd-storage/outputs/fc_opd/geometry3k_full/train.parquet',
[36m(TaskRunner pid=1148945)[0m           'train_max_samples': -1,
[36m(TaskRunner pid=1148945)[0m           'truncation': 'error',
[36m(TaskRunner pid=1148945)[0m           'trust_remote_code': False,
[36m(TaskRunner pid=1148945)[0m           'use_shm': False,
[36m(TaskRunner pid=1148945)[0m           'val_batch_size': None,
[36m(TaskRunner pid=1148945)[0m           'val_files': '/inspire/hdd/global_user/mengweicheng-240108120092/lzy/fc-opd-storage/outputs/fc_opd/geometry3k_full/train_val200.parquet',
[36m(TaskRunner pid=1148945)[0m           'val_max_samples': -1,
[36m(TaskRunner pid=1148945)[0m           'validation_shuffle': False,
[36m(TaskRunner pid=1148945)[0m           'video_key': 'videos'},
[36m(TaskRunner pid=1148945)[0m  'global_profiler': {'_target_': 'verl.utils.profiler.ProfilerConfig',
[36m(TaskRunner pid=1148945)[0m                      'global_tool_config': {'nsys': {'_target_': 'verl.utils.profiler.config.NsightToolConfig',
[36m(TaskRunner pid=1148945)[0m                                                      'controller_nsight_options': {'cuda-graph-trace': 'graph',
[36m(TaskRunner pid=1148945)[0m                                                                                    'cuda-memory-usage': 'true',
[36m(TaskRunner pid=1148945)[0m                                                                                    'trace': 'cuda,nvtx,cublas,ucx'},
[36m(TaskRunner pid=1148945)[0m                                                      'discrete': False,
[36m(TaskRunner pid=1148945)[0m                                                      'worker_nsight_options': {'capture-range': 'cudaProfilerApi',
[36m(TaskRunner pid=1148945)[0m                                                                                'capture-range-end': None,
[36m(TaskRunner pid=1148945)[0m                                                                                'cuda-graph-trace': 'graph',
[36m(TaskRunner pid=1148945)[0m                                                                                'cuda-memory-usage': 'true',
[36m(TaskRunner pid=1148945)[0m                                                                                'kill': 'none',
[36m(TaskRunner pid=1148945)[0m                                                                                'trace': 'cuda,nvtx,cublas,ucx'}},
[36m(TaskRunner pid=1148945)[0m                                             'torch_memory': {'context': 'all',
[36m(TaskRunner pid=1148945)[0m                                                              'kw_args': {},
[36m(TaskRunner pid=1148945)[0m                                                              'stack_depth': 32,
[36m(TaskRunner pid=1148945)[0m                                                              'stacks': 'all',
[36m(TaskRunner pid=1148945)[0m                                                              'trace_alloc_max_entries': 100000}},
[36m(TaskRunner pid=1148945)[0m                      'profile_continuous_steps': False,
[36m(TaskRunner pid=1148945)[0m                      'save_path': 'outputs/profile',
[36m(TaskRunner pid=1148945)[0m                      'steps': None,
[36m(TaskRunner pid=1148945)[0m                      'tool': None},
[36m(TaskRunner pid=1148945)[0m  'model_engine': 'dp',
[36m(TaskRunner pid=1148945)[0m  'ray_kwargs': {'ray_init': {'num_cpus': None}, 'timeline_json_file': None},
[36m(TaskRunner pid=1148945)[0m  'reward': {'custom_reward_function': {'name': 'compute_score',
[36m(TaskRunner pid=1148945)[0m                                        'path': 'file:///inspire/hdd/global_user/mengweicheng-240108120092/lzy/projects/Dual-Track-OPD/src/dual_track_opd/fc_opd/smoke_reward.py'},
[36m(TaskRunner pid=1148945)[0m             'num_workers': 8,
[36m(TaskRunner pid=1148945)[0m             'reward_manager': {'_target_': 'verl.workers.config.reward_model.RewardManagerConfig',
[36m(TaskRunner pid=1148945)[0m                                'module': {'_target_': 'verl.trainer.config.config.ModuleConfig',
[36m(TaskRunner pid=1148945)[0m                                           'name': 'custom_reward_manager',
[36m(TaskRunner pid=1148945)[0m                                           'path': None},
[36m(TaskRunner pid=1148945)[0m                                'name': 'naive',
[36m(TaskRunner pid=1148945)[0m                                'source': 'register'},
[36m(TaskRunner pid=1148945)[0m             'reward_model': {'enable': False,
[36m(TaskRunner pid=1148945)[0m                              'enable_resource_pool': False,
[36m(TaskRunner pid=1148945)[0m                              'model_path': None,
[36m(TaskRunner pid=1148945)[0m                              'n_gpus_per_node': 8,
[36m(TaskRunner pid=1148945)[0m                              'nnodes': 0,
[36m(TaskRunner pid=1148945)[0m                              'rollout': {'_target_': 'verl.workers.config.RolloutConfig',
[36m(TaskRunner pid=1148945)[0m                                          'cudagraph_capture_sizes': None,
[36m(TaskRunner pid=1148945)[0m                                          'data_parallel_size': 1,
[36m(TaskRunner pid=1148945)[0m                                          'disable_log_stats': True,[36m(TaskRunner pid=1148945)[0m /inspire/hdd/global_user/mengweicheng-240108120092/lzy/projects/Dual-Track-OPD/third_party/verl/verl/trainer/main_ppo.py:302: UserWarning: Disabled critic as algorithm.adv_estimator != gae. If it is not intended, please set critic.enable=True
[36m(TaskRunner pid=1148945)[0m   use_critic=need_critic(config),
[36m(TaskRunner pid=1148945)[0m Map:   0%|          | 0/2101 [00:00<?, ? examples/s]
[36m(TaskRunner pid=1148945)[0m Map:  47%|████▋     | 995/2101 [00:00<00:00, 8402.91 examples/s]
[36m(TaskRunner pid=1148945)[0m Map:  95%|█████████▌| 2000/2101 [00:00<00:00, 5607.57 examples/s]
[36m(TaskRunner pid=1148945)[0m Map: 100%|██████████| 2101/2101 [00:00<00:00, 4980.77 examples/s]
[36m(TaskRunner pid=1148945)[0m Map:   0%|          | 0/200 [00:00<?, ? examples/s]
[36m(TaskRunner pid=1148945)[0m Map: 100%|██████████| 200/200 [00:00<00:00, 2259.14 examples/s]
[36m(TaskRunner pid=1148945)[0m /inspire/hdd/global_user/mengweicheng-240108120092/lzy/projects/Dual-Track-OPD/third_party/verl/verl/trainer/ppo/ray_trainer.py:286: UserWarning: Disabled critic as algorithm.adv_estimator != gae. If it is not intended, please set critic.enable=True
[36m(TaskRunner pid=1148945)[0m   self.use_critic = need_critic(self.config)
[36m(pid=1246316)[0m /inspire/hdd/global_user/mengweicheng-240108120092/lzy/fc-opd-storage/envs/fc-opd-verl071-cu128/lib/python3.12/site-packages/torch/cuda/__init__.py:63: FutureWarning: The pynvml package is deprecated. Please install nvidia-ml-py instead. If you did not install pynvml directly, please report this to the maintainers of the package that installed pynvml for you.
[36m(pid=1246316)[0m   import pynvml  # type: ignore[import]
[36m(pid=1246316)[0m /inspire/hdd/global_user/mengweicheng-240108120092/lzy/fc-opd-storage/envs/fc-opd-verl071-cu128/lib/python3.12/site-packages/transformers/utils/hub.py:110: FutureWarning: Using `TRANSFORMERS_CACHE` is deprecated and will be removed in v5 of Transformers. Use `HF_HOME` instead.
[36m(pid=1246316)[0m   warnings.warn(

[36m(TaskRunner pid=1148945)[0m                                          'dtype': 'bfloat16',
[36m(TaskRunner pid=1148945)[0m                                          'enable_chunked_prefill': True,
[36m(TaskRunner pid=1148945)[0m                                          'enable_prefix_caching': True,
[36m(TaskRunner pid=1148945)[0m                                          'enforce_eager': True,
[36m(TaskRunner pid=1148945)[0m                                          'engine_kwargs': {},
[36m(TaskRunner pid=1148945)[0m                                          'expert_parallel_size': 1,
[36m(TaskRunner pid=1148945)[0m                                          'free_cache_engine': True,
[36m(TaskRunner pid=1148945)[0m                                          'gpu_memory_utilization': 0.5,
[36m(TaskRunner pid=1148945)[0m                                          'limit_images': None,
[36m(TaskRunner pid=1148945)[0m                                          'load_format': 'auto',
[36m(TaskRunner pid=1148945)[0m                                          'max_model_len': None,
[36m(TaskRunner pid=1148945)[0m                                          'max_num_batched_tokens': 8192,
[36m(TaskRunner pid=1148945)[0m                                          'max_num_seqs': 1024,
[36m(TaskRunner pid=1148945)[0m                                          'name': '???',
[36m(TaskRunner pid=1148945)[0m                                          'prompt_length': 2048,
[36m(TaskRunner pid=1148945)[0m                                          'response_length': 2048,
[36m(TaskRunner pid=1148945)[0m                                          'skip_tokenizer_init': False,
[36m(TaskRunner pid=1148945)[0m                                          'tensor_model_parallel_size': 2}},
[36m(TaskRunner pid=1148945)[0m             'sandbox_fusion': {'max_concurrent': 64,
[36m(TaskRunner pid=1148945)[0m                                'memory_limit_mb': 1024,
[36m(TaskRunner pid=1148945)[0m                                'url': None}},
[36m(TaskRunner pid=1148945)[0m  'trainer': {'balance_batch': True,
[36m(TaskRunner pid=1148945)[0m              'critic_warmup': 0,
[36m(TaskRunner pid=1148945)[0m              'default_hdfs_dir': None,
[36m(TaskRunner pid=1148945)[0m              'default_local_dir': '/inspire/hdd/global_user/mengweicheng-240108120092/lzy/projects/Dual-Track-OPD/checkpoints/verl_fc_opd_overnight/fc_opd_overnight_noreshard_noreshard_20260708_055809',
[36m(TaskRunner pid=1148945)[0m              'del_local_ckpt_after_load': False,
[36m(TaskRunner pid=1148945)[0m              'device': 'cuda',
[36m(TaskRunner pid=1148945)[0m              'esi_redundant_time': 0,
[36m(TaskRunner pid=1148945)[0m              'experiment_name': 'fc_opd_overnight_noreshard_noreshard_20260708_055809',
[36m(TaskRunner pid=1148945)[0m              'log_val_generations': 10,
[36m(TaskRunner pid=1148945)[0m              'logger': ['console'],
[36m(TaskRunner pid=1148945)[0m              'max_actor_ckpt_to_keep': 5,
[36m(TaskRunner pid=1148945)[0m              'max_critic_ckpt_to_keep': None,
[36m(TaskRunner pid=1148945)[0m              'n_gpus_per_node': 6,
[36m(TaskRunner pid=1148945)[0m              'nnodes': 1,
[36m(TaskRunner pid=1148945)[0m              'project_name': 'fc_opd_overnight',
[36m(TaskRunner pid=1148945)[0m              'ray_wait_register_center_timeout': 300,
[36m(TaskRunner pid=1148945)[0m              'resume_from_path': None,
[36m(TaskRunner pid=1148945)[0m              'resume_mode': 'disable',
[36m(TaskRunner pid=1148945)[0m              'rollout_data_dir': '/inspire/hdd/global_user/mengweicheng-240108120092/lzy/projects/Dual-Track-OPD/outputs/fc_opd_overnight_noreshard_noreshard_20260708_055809/rollouts',
[36m(TaskRunner pid=1148945)[0m              'save_freq': 100,
[36m(TaskRunner pid=1148945)[0m              'test_freq': 100,
[36m(TaskRunner pid=1148945)[0m              'total_epochs': 30,
[36m(TaskRunner pid=1148945)[0m              'total_training_steps': 1751,
[36m(TaskRunner pid=1148945)[0m              'use_legacy_worker_impl': 'auto',
[36m(TaskRunner pid=1148945)[0m              'val_before_train': True,
[36m(TaskRunner pid=1148945)[0m              'val_only': False,
[36m(TaskRunner pid=1148945)[0m              'validation_data_dir': '/inspire/hdd/global_user/mengweicheng-240108120092/lzy/projects/Dual-Track-OPD/outputs/fc_opd_overnight_noreshard_noreshard_20260708_055809/validation'},
[36m(TaskRunner pid=1148945)[0m  'transfer_queue': {'enable': False}}
[36m(TaskRunner pid=1148945)[0m [validate_config] All configuration checks passed successfully!
[36m(TaskRunner pid=1148945)[0m Using dataset class: FCOPDDataset
[36m(TaskRunner pid=1148945)[0m dataset len: 2101
[36m(TaskRunner pid=1148945)[0m Using dataset class: FCOPDDataset
[36m(TaskRunner pid=1148945)[0m dataset len: 200
[36m(TaskRunner pid=1148945)[0m Size of train dataloader: 350, Size of val dataloader: 1
[36m(TaskRunner pid=1148945)[0m Total training steps: 1751
[36m(TaskRunner pid=1148945)[0m colocated worker base class <class 'verl.single_controller.base.worker.Worker'>
[36m(WorkerDict pid=1246316)[0m [Gloo] Rank 2 is connected to 5 peer ranks. Expected number of connected peer ranks is : 5
[36m(WorkerDict pid=1246292)[0m Model config after override: Qwen3VLConfig {
[36m(WorkerDict pid=1246292)[0m   "architectures": [
[36m(WorkerDict pid=1246292)[0m     "Qwen3VLForConditionalGeneration"
[36m(WorkerDict pid=1246292)[0m   ],
[36m(WorkerDict pid=1246292)[0m   "attn_implementation": "sdpa",
[36m(WorkerDict pid=1246292)[0m   "eos_token_id": 151645,
[36m(WorkerDict pid=1246292)[0m   "image_token_id": 151655,
[36m(WorkerDict pid=1246292)[0m   "model_type": "qwen3_vl",
[36m(WorkerDict pid=1246292)[0m   "pad_token_id": 151643,
[36m(WorkerDict pid=1246292)[0m   "text_config": {
[36m(WorkerDict pid=1246292)[0m     "attention_bias": false,
[36m(WorkerDict pid=1246292)[0m     "attention_dropout": 0.0,
[36m(WorkerDict pid=1246292)[0m     "bos_token_id": 151643,
[36m(WorkerDict pid=1246292)[0m     "dtype": "bfloat16",
[36m(WorkerDict pid=1246292)[0m     "eos_token_id": 151645,
[36m(WorkerDict pid=1246292)[0m     "head_dim": 128,
[36m(WorkerDict pid=1246292)[0m     "hidden_act": "silu",
[36m(WorkerDict pid=1246292)[0m     "hidden_size": 2560,
[36m(WorkerDict pid=1246292)[0m     "initializer_range": 0.02,
[36m(WorkerDict pid=1246292)[0m     "intermediate_size": 9728,
[36m(WorkerDict pid=1246292)[0m     "max_position_embeddings": 262144,
[36m(WorkerDict pid=1246292)[0m     "model_type": "qwen3_vl_text",
[36m(WorkerDict pid=1246292)[0m     "num_attention_heads": 32,
[36m(WorkerDict pid=1246292)[0m     "num_hidden_layers": 36,
[36m(WorkerDict pid=1246292)[0m     "num_key_value_heads": 8,
[36m(WorkerDict pid=1246292)[0m     "rms_norm_eps": 1e-06,
[36m(WorkerDict pid=1246292)[0m     "rope_scaling": {
[36m(WorkerDict pid=1246292)[0m       "mrope_interleaved": true,
[36m(WorkerDict pid=1246292)[0m       "mrope_section": [
[36m(WorkerDict pid=1246292)[0m         24,
[36m(WorkerDict pid=1246292)[0m         20,
[36m(WorkerDict pid=1246292)[0m         20
[36m(WorkerDict pid=1246292)[0m       ],
[36m(WorkerDict pid=1246292)[0m       "rope_type": "default"
[36m(WorkerDict pid=1246292)[0m     },
[36m(WorkerDict pid=1246292)[0m     "rope_theta": 5000000,
[36m(WorkerDict pid=1246292)[0m     "tie_word_embeddings": true,
[36m(WorkerDict pid=1246292)[0m     "use_cache": true,
[36m(WorkerDict pid=1246292)[0m     "vocab_size": 151936
[36m(WorkerDict pid=1246292)[0m   },
[36m(WorkerDict pid=1246292)[0m   "tie_word_embeddings": true,
[36m(WorkerDict pid=1246292)[0m   "transformers_version": "4.57.3",
[36m(WorkerDict pid=1246292)[0m   "video_token_id": 151656,
[36m(WorkerDict pid=1246292)[0m   "vision_config": {
[36m(WorkerDict pid=1246292)[0m     "deepstack_visual_indexes": [
[36m(WorkerDict pid=1246292)[0m       5,
[36m(WorkerDict pid=1246292)[0m       11,
[36m(WorkerDict pid=1246292)[0m       17
[36m(WorkerDict pid=1246292)[0m     ],[36m(WorkerDict pid=1246292)[0m `torch_dtype` is deprecated! Use `dtype` instead!
[36m(pid=1246343)[0m /inspire/hdd/global_user/mengweicheng-240108120092/lzy/fc-opd-storage/envs/fc-opd-verl071-cu128/lib/python3.12/site-packages/torch/cuda/__init__.py:63: FutureWarning: The pynvml package is deprecated. Please install nvidia-ml-py instead. If you did not install pynvml directly, please report this to the maintainers of the package that installed pynvml for you.[32m [repeated 5x across cluster] (Ray deduplicates logs by default. Set RAY_DEDUP_LOGS=0 to disable log deduplication, or see https://docs.ray.io/en/master/ray-observability/user-guides/configure-logging.html#log-deduplication for more options.)[0m
[36m(pid=1246343)[0m   import pynvml  # type: ignore[import][32m [repeated 5x across cluster][0m
[36m(pid=1246343)[0m /inspire/hdd/global_user/mengweicheng-240108120092/lzy/fc-opd-storage/envs/fc-opd-verl071-cu128/lib/python3.12/site-packages/transformers/utils/hub.py:110: FutureWarning: Using `TRANSFORMERS_CACHE` is deprecated and will be removed in v5 of Transformers. Use `HF_HOME` instead.[32m [repeated 5x across cluster][0m
[36m(pid=1246343)[0m   warnings.warn([32m [repeated 5x across cluster][0m
[36m(WorkerDict pid=1246292)[0m Loading checkpoint shards:   0%|          | 0/2 [00:00<?, ?it/s]
[36m(WorkerDict pid=1246316)[0m Loading checkpoint shards:  50%|█████     | 1/2 [00:06<00:06,  6.68s/it]
[36m(WorkerDict pid=1246343)[0m `torch_dtype` is deprecated! Use `dtype` instead![32m [repeated 5x across cluster][0m
[36m(WorkerDict pid=1246343)[0m Loading checkpoint shards:   0%|          | 0/2 [00:00<?, ?it/s][32m [repeated 5x across cluster][0m
[36m(WorkerDict pid=1246316)[0m Loading checkpoint shards: 100%|██████████| 2/2 [00:11<00:00,  5.79s/it]Loading checkpoint shards: 100%|██████████| 2/2 [00:11<00:00,  5.93s/it]
[36m(WorkerDict pid=1246292)[0m Loading checkpoint shards:  50%|█████     | 1/2 [00:07<00:07,  7.12s/it][32m [repeated 5x across cluster][0m
[36m(pid=1334683)[0m /inspire/hdd/global_user/mengweicheng-240108120092/lzy/fc-opd-storage/envs/fc-opd-verl071-cu128/lib/python3.12/site-packages/torch/cuda/__init__.py:63: FutureWarning: The pynvml package is deprecated. Please install nvidia-ml-py instead. If you did not install pynvml directly, please report this to the maintainers of the package that installed pynvml for you.
[36m(pid=1334683)[0m   import pynvml  # type: ignore[import]
[36m(WorkerDict pid=1246292)[0m Loading checkpoint shards: 100%|██████████| 2/2 [00:12<00:00,  6.18s/it]Loading checkpoint shards: 100%|██████████| 2/2 [00:12<00:00,  6.32s/it][32m [repeated 5x across cluster][0m
[36m(pid=1334694)[0m /inspire/hdd/global_user/mengweicheng-240108120092/lzy/fc-opd-storage/envs/fc-opd-verl071-cu128/lib/python3.12/site-packages/transformers/utils/hub.py:110: FutureWarning: Using `TRANSFORMERS_CACHE` is deprecated and will be removed in v5 of Transformers. Use `HF_HOME` instead.
[36m(pid=1334694)[0m   warnings.warn(
[36m(pid=1338678)[0m /inspire/hdd/global_user/mengweicheng-240108120092/lzy/fc-opd-storage/envs/fc-opd-verl071-cu128/lib/python3.12/site-packages/torch/cuda/__init__.py:63: FutureWarning: The pynvml package is deprecated. Please install nvidia-ml-py instead. If you did not install pynvml directly, please report this to the maintainers of the package that installed pynvml for you.[32m [repeated 13x across cluster][0m
[36m(pid=1338678)[0m   import pynvml  # type: ignore[import][32m [repeated 13x across cluster][0m
[36m(vLLMHttpServer pid=1338669)[0m WARNING:2026-07-08 06:02:21,395:agent loop only support torch and npu profiler, got None
[36m(vLLMHttpServer pid=1338669)[0m INFO:2026-07-08 06:02:21,395:vLLMHttpServer, replica_rank: 1, node_rank: 0, CUDA_VISIBLE_DEVICES: 3, master_address: 10.247.5.142, master_port: 42165, data_parallel_rpc_port: 38969, data_parallel_master_port: 40775
[36m(vLLMHttpServer pid=1338669)[0m INFO:2026-07-08 06:02:21,402:override_generation_config: {'temperature': 1.0, 'top_k': -1, 'top_p': 1, 'repetition_penalty': 1.0, 'max_new_tokens': 2048}
[36m(vLLMHttpServer pid=1338669)[0m INFO:2026-07-08 06:02:21,402:enable_sleep_mode: True
[36m(pid=1338678)[0m /inspire/hdd/global_user/mengweicheng-240108120092/lzy/fc-opd-storage/envs/fc-opd-verl071-cu128/lib/python3.12/site-packages/transformers/utils/hub.py:110: FutureWarning: Using `TRANSFORMERS_CACHE` is deprecated and will be removed in v5 of Transformers. Use `HF_HOME` instead.[32m [repeated 13x across cluster][0m
[36m(pid=1338678)[0m   warnings.warn([32m [repeated 13x across cluster][0m
[36m(vLLMHttpServer pid=1338669)[0m `torch_dtype` is deprecated! Use `dtype` instead!
[36m(vLLMHttpServer pid=1338669)[0m /inspire/hdd/global_user/mengweicheng-240108120092/lzy/fc-opd-storage/envs/fc-opd-verl071-cu128/lib/python3.12/site-packages/torch/cuda/__init__.py:63: FutureWarning: The pynvml package is deprecated. Please install nvidia-ml-py instead. If you did not install pynvml directly, please report this to the maintainers of the package that installed pynvml for you.
[36m(vLLMHttpServer pid=1338669)[0m   import pynvml  # type: ignore[import]
[36m(vLLMHttpServer pid=1338678)[0m WARNING:2026-07-08 06:02:22,879:agent loop only support torch and npu profiler, got None[32m [repeated 5x across cluster][0m
[36m(vLLMHttpServer pid=1338678)[0m INFO:2026-07-08 06:02:22,880:vLLMHttpServer, replica_rank: 5, node_rank: 0, CUDA_VISIBLE_DEVICES: 7, master_address: 10.247.5.142, master_port: 35553, data_parallel_rpc_port: 43043, data_parallel_master_port: 37689[32m [repeated 5x across cluster][0m
[36m(vLLMHttpServer pid=1338678)[0m INFO:2026-07-08 06:02:22,884:override_generation_config: {'temperature': 1.0, 'top_k': -1, 'top_p': 1, 'repetition_penalty': 1.0, 'max_new_tokens': 2048}[32m [repeated 5x across cluster][0m
[36m(vLLMHttpServer pid=1338678)[0m INFO:2026-07-08 06:02:22,884:enable_sleep_mode: True[32m [repeated 5x across cluster][0m
[36m(vLLMHttpServer pid=1338670)[0m /inspire/hdd/global_user/mengweicheng-240108120092/lzy/fc-opd-storage/envs/fc-opd-verl071-cu128/lib/python3.12/site-packages/transformers/utils/hub.py:110: FutureWarning: Using `TRANSFORMERS_CACHE` is deprecated and will be removed in v5 of Transformers. Use `HF_HOME` instead.[32m [repeated 5x across cluster][0m
[36m(vLLMHttpServer pid=1338670)[0m   warnings.warn([32m [repeated 5x across cluster][0m
[36m(vLLMHttpServer pid=1338678)[0m `torch_dtype` is deprecated! Use `dtype` instead![32m [repeated 5x across cluster][0m
[36m(vLLMHttpServer pid=1338669)[0m /inspire/hdd/global_user/mengweicheng-240108120092/lzy/fc-opd-storage/envs/fc-opd-verl071-cu128/lib/python3.12/site-packages/torch/cuda/__init__.py:63: FutureWarning: The pynvml package is deprecated. Please install nvidia-ml-py instead. If you did not install pynvml directly, please report this to the maintainers of the package that installed pynvml for you.[32m [repeated 6x across cluster][0m
[36m(vLLMHttpServer pid=1338669)[0m   import pynvml  # type: ignore[import][32m [repeated 6x across cluster][0m
[36m(vLLMHttpServer pid=1338672)[0m /inspire/hdd/global_user/mengweicheng-240108120092/lzy/fc-opd-storage/envs/fc-opd-verl071-cu128/lib/python3.12/site-packages/transformers/utils/hub.py:110: FutureWarning: Using `TRANSFORMERS_CACHE` is deprecated and will be removed in v5 of Transformers. Use `HF_HOME` instead.[32m [repeated 3x across cluster][0m
[36m(vLLMHttpServer pid=1338672)[0m   warnings.warn([32m [repeated 3x across cluster][0m
[36m(vLLMHttpServer pid=1338669)[0m W0708 06:02:35.394000 1369946 site-packages/torch/utils/cpp_extension.py:2425] TORCH_CUDA_ARCH_LIST is not set, all archs for visible cards are included for compilation. 
[36m(vLLMHttpServer pid=1338669)[0m W0708 06:02:35.394000 1369946 site-packages/torch/utils/cpp_extension.py:2425] If this is not desired, please set os.environ['TORCH_CUDA_ARCH_LIST'] to specific architectures.
[36m(vLLMHttpServer pid=1338678)[0m /inspire/hdd/global_user/mengweicheng-240108120092/lzy/fc-opd-storage/envs/fc-opd-verl071-cu128/lib/python3.12/site-packages/torch/cuda/__init__.py:63: FutureWarning: The pynvml package is deprecated. Please install nvidia-ml-py instead. If you did not install pynvml directly, please report this to the maintainers of the package that installed pynvml for you.[32m [repeated 5x across cluster][0m
[36m(vLLMHttpServer pid=1338678)[0m   import pynvml  # type: ignore[import][32m [repeated 5x across cluster][0m
[36m(vLLMHttpServer pid=1338678)[0m /inspire/hdd/global_user/mengweicheng-240108120092/lzy/fc-opd-storage/envs/fc-opd-verl071-cu128/lib/python3.12/site-packages/transformers/utils/hub.py:110: FutureWarning: Using `TRANSFORMERS_CACHE` is deprecated and will be removed in v5 of Transformers. Use `HF_HOME` instead.[32m [repeated 4x across cluster][0m
[36m(vLLMHttpServer pid=1338678)[0m   warnings.warn([32m [repeated 4x across cluster][0m
[36m(vLLMHttpServer pid=1338672)[0m [1;36m(Worker pid=1372334)[0;0m 2026-07-08 06:03:22,060 - INFO - autotuner.py:256 - flashinfer.jit: [Autotuner]: Autotuning process starts ...
[36m(vLLMHttpServer pid=1338672)[0m [1;36m(Worker pid=1372334)[0;0m 2026-07-08 06:03:22,143 - INFO - autotuner.py:262 - flashinfer.jit: [Autotuner]: Autotuning process ends
[36m(vLLMHttpServer pid=1338678)[0m W0708 06:02:37.960000 1372953 site-packages/torch/utils/cpp_extension.py:2425] TORCH_CUDA_ARCH_LIST is not set, all archs for visible cards are included for compilation. [32m [repeated 5x across cluster][0m
[36m(vLLMHttpServer pid=1338678)[0m W0708 06:02:37.960000 1372953 site-packages/torch/utils/cpp_extension.py:2425] If this is not desired, please set os.environ['TORCH_CUDA_ARCH_LIST'] to specific architectures.[32m [repeated 5x across cluster][0m
[36m(vLLMHttpServer pid=1338672)[0m [1;36m(Worker pid=1372334)[0;0m Capturing CUDA graphs (mixed prefill-decode, PIECEWISE):   0%|          | 0/67 [00:00<?, ?it/s]
[36m(vLLMHttpServer pid=1338672)[0m Capturing CUDA graphs (mixed prefill-decode, PIECEWISE):   3%|▎         | 2/67 [00:00<00:03, 19.33it/s]
[36m(vLLMHttpServer pid=1338672)[0m Capturing CUDA graphs (mixed prefill-decode, PIECEWISE):   7%|▋         | 5/67 [00:00<00:02, 21.54it/s]
[36m(vLLMHttpServer pid=1338672)[0m Capturing CUDA graphs (mixed prefill-decode, PIECEWISE):  93%|█████████▎| 62/67 [00:03<00:00, 15.75it/s]
[36m(vLLMHttpServer pid=1338672)[0m Capturing CUDA graphs (mixed prefill-decode, PIECEWISE):  96%|█████████▌| 64/67 [00:03<00:00, 16.53it/s]
[36m(vLLMHttpServer pid=1338672)[0m Capturing CUDA graphs (mixed prefill-decode, PIECEWISE): 100%|██████████| 67/67 [00:03<00:00, 17.92it/s]Capturing CUDA graphs (mixed prefill-decode, PIECEWISE): 100%|██████████| 67/67 [00:03<00:00, 18.37it/s]
[36m(vLLMHttpServer pid=1338672)[0m [1;36m(Worker pid=1372334)[0;0m Capturing CUDA graphs (decode, FULL):   0%|          | 0/67 [00:00<?, ?it/s]
[36m(vLLMHttpServer pid=1338672)[0m Capturing CUDA graphs (decode, FULL):   4%|▍         | 3/67 [00:00<00:02, 26.18it/s]
[36m(vLLMHttpServer pid=1338672)[0m Capturing CUDA graphs (decode, FULL):   9%|▉         | 6/67 [00:00<00:02, 27.88it/s]
[36m(vLLMHttpServer pid=1338672)[0m Capturing CUDA graphs (decode, FULL):  13%|█▎        | 9/67 [00:00<00:02, 28.53it/s]
[36m(vLLMHttpServer pid=1338667)[0m [1;36m(Worker pid=1372725)[0;0m 2026-07-08 06:03:25,736 - INFO - autotuner.py:256 - flashinfer.jit: [Autotuner]: Autotuning process starts ...[32m [repeated 5x across cluster][0m
[36m(vLLMHttpServer pid=1338667)[0m [1;36m(Worker pid=1372725)[0;0m 2026-07-08 06:03:25,819 - INFO - autotuner.py:262 - flashinfer.jit: [Autotuner]: Autotuning process ends[32m [repeated 5x across cluster][0m
[36m(vLLMHttpServer pid=1338672)[0m Capturing CUDA graphs (decode, FULL):  51%|█████     | 34/67 [00:01<00:01, 28.22it/s]Capturing CUDA graphs (decode, FULL):  55%|█████▌    | 37/67 [00:01<00:01, 28.65it/s]
[36m(vLLMHttpServer pid=1338667)[0m [1;36m(Worker pid=1372725)[0;0m Capturing CUDA graphs (mixed prefill-decode, PIECEWISE):   0%|          | 0/67 [00:00<?, ?it/s][32m [repeated 5x across cluster][0m
[36m(vLLMHttpServer pid=1338667)[0m Capturing CUDA graphs (mixed prefill-decode, PIECEWISE):  42%|████▏     | 28/67 [00:01<00:01, 20.03it/s][32m [repeated 118x across cluster][0m
[36m(vLLMHttpServer pid=1338672)[0m Capturing CUDA graphs (decode, FULL):  87%|████████▋ | 58/67 [00:02<00:00, 27.27it/s]Capturing CUDA graphs (decode, FULL):  91%|█████████ | 61/67 [00:02<00:00, 27.82it/s]
[36m(vLLMHttpServer pid=1338672)[0m Capturing CUDA graphs (decode, FULL):  96%|█████████▌| 64/67 [00:02<00:00, 28.22it/s]
[36m(vLLMHttpServer pid=1338672)[0m Capturing CUDA graphs (decode, FULL): 100%|██████████| 67/67 [00:02<00:00, 28.67it/s]Capturing CUDA graphs (decode, FULL): 100%|██████████| 67/67 [00:02<00:00, 27.32it/s]
[36m(vLLMHttpServer pid=1338667)[0m Capturing CUDA graphs (mixed prefill-decode, PIECEWISE): 100%|██████████| 67/67 [00:03<00:00, 17.85it/s][32m [repeated 11x across cluster][0m
[36m(vLLMHttpServer pid=1338670)[0m Capturing CUDA graphs (mixed prefill-decode, PIECEWISE): 100%|██████████| 67/67 [00:03<00:00, 18.91it/s]Capturing CUDA graphs (mixed prefill-decode, PIECEWISE): 100%|██████████| 67/67 [00:03<00:00, 18.15it/s][32m [repeated 3x across cluster][0m
[36m(vLLMHttpServer pid=1338667)[0m [1;36m(Worker pid=1372725)[0;0m Capturing CUDA graphs (decode, FULL):   0%|          | 0/67 [00:00<?, ?it/s][32m [repeated 5x across cluster][0m
[36m(vLLMHttpServer pid=1338667)[0m Capturing CUDA graphs (decode, FULL):  51%|█████     | 34/67 [00:01<00:01, 27.67it/s][32m [repeated 104x across cluster][0m
[36m(vLLMHttpServer pid=1338667)[0m INFO:2026-07-08 06:03:37,610:Initializing a V1 LLM engine with config: model='/inspire/hdd/global_user/mengweicheng-240108120092/lzy/models/Qwen3-VL-4B-Instruct', speculative_config=None, tokenizer='/inspire/hdd/global_user/mengweicheng-240108120092/lzy/models/Qwen3-VL-4B-Instruct', skip_tokenizer_init=False, tokenizer_mode=auto, revision=None, tokenizer_revision=None, trust_remote_code=False, dtype=torch.bfloat16, max_seq_len=10240, download_dir=None, load_format=dummy, tensor_parallel_size=1, pipeline_parallel_size=1, data_parallel_size=1, disable_custom_all_reduce=False, quantization=None, enforce_eager=False, kv_cache_dtype=auto, device_config=cuda, structured_outputs_config=StructuredOutputsConfig(backend='auto', disable_fallback=False, disable_any_whitespace=False, disable_additional_properties=False, reasoning_parser=''), observability_config=ObservabilityConfig(show_hidden_metrics_for_version=None, otlp_traces_endpoint=None, collect_detailed_traces=None), seed=0, served_model_name=/inspire/hdd/global_user/mengweicheng-240108120092/lzy/models/Qwen3-VL-4B-Instruct, enable_prefix_caching=True, chunked_prefill_enabled=True, pooler_config=None, compilation_config={"level":3,"debug_dump_path":"","cache_dir":"","backend":"","custom_ops":[],"splitting_ops":["vllm.unified_attention","vllm.unified_attention_with_output","vllm.mamba_mixer2","vllm.mamba_mixer","vllm.short_conv","vllm.linear_attention","vllm.plamo2_mamba_mixer","vllm.gdn_attention","vllm.sparse_attn_indexer"],"use_inductor":true,"compile_sizes":[],"inductor_compile_config":{"enable_auto_functionalized_v2":false},"inductor_passes":{},"cudagraph_mode":[2,1],"use_cudagraph":true,"cudagraph_num_of_warmups":1,"cudagraph_capture_sizes":[512,504,496,488,480,472,464,456,448,440,432,424,416,408,400,392,384,376,368,360,352,344,336,328,320,312,304,296,288,280,272,264,256,248,240,232,224,216,208,200,192,184,176,168,160,152,144,136,128,120,112,104,96,88,80,72,64,56,48,40,32,24,16,8,4,2,1],"cudagraph_copy_inputs":false,"full_cuda_graph":false,"use_inductor_graph_partition":false,"pass_config":{},"max_capture_size":512,"local_cache_dir":null}
[36m(vLLMHttpServer pid=1338667)[0m Capturing CUDA graphs (mixed prefill-decode, PIECEWISE):  90%|████████▉ | 60/67 [00:03<00:00, 15.13it/s][32m [repeated 34x across cluster][0m
[36m(vLLMHttpServer pid=1338667)[0m Capturing CUDA graphs (decode, FULL):  96%|█████████▌| 64/67 [00:02<00:00, 21.54it/s][32m [repeated 9x across cluster][0m
[36m(vLLMHttpServer pid=1338667)[0m Capturing CUDA graphs (decode, FULL): 100%|██████████| 67/67 [00:02<00:00, 23.26it/s]Capturing CUDA graphs (decode, FULL): 100%|██████████| 67/67 [00:02<00:00, 24.52it/s][32m [repeated 3x across cluster][0m
[36m(vLLMHttpServer pid=1338667)[0m Capturing CUDA graphs (decode, FULL):  91%|█████████ | 61/67 [00:02<00:00, 23.16it/s][32m [repeated 10x across cluster][0m

[36m(WorkerDict pid=1246292)[0m     "depth": 24,
[36m(WorkerDict pid=1246292)[0m     "hidden_act": "gelu_pytorch_tanh",
[36m(WorkerDict pid=1246292)[0m     "hidden_size": 1024,
[36m(WorkerDict pid=1246292)[0m     "in_channels": 3,
[36m(WorkerDict pid=1246292)[0m     "initializer_range": 0.02,
[36m(WorkerDict pid=1246292)[0m     "intermediate_size": 4096,
[36m(WorkerDict pid=1246292)[0m     "model_type": "qwen3_vl",
[36m(WorkerDict pid=1246292)[0m     "num_heads": 16,
[36m(WorkerDict pid=1246292)[0m     "num_position_embeddings": 2304,
[36m(WorkerDict pid=1246292)[0m     "out_hidden_size": 2560,
[36m(WorkerDict pid=1246292)[0m     "patch_size": 16,
[36m(WorkerDict pid=1246292)[0m     "spatial_merge_size": 2,
[36m(WorkerDict pid=1246292)[0m     "temporal_patch_size": 2
[36m(WorkerDict pid=1246292)[0m   },
[36m(WorkerDict pid=1246292)[0m   "vision_end_token_id": 151653,
[36m(WorkerDict pid=1246292)[0m   "vision_start_token_id": 151652
[36m(WorkerDict pid=1246292)[0m }
[36m(WorkerDict pid=1246292)[0m 
[36m(WorkerDict pid=1246316)[0m Monkey patch Qwen3VLForConditionalGeneration model forward
[36m(WorkerDict pid=1246316)[0m Skipping monkey patch for Qwen3VLForConditionalGeneration as use_fused_kernels is False or fused_kernels_backend is torch
[36m(WorkerDict pid=1246343)[0m [Gloo] Rank 5 is connected to 5 peer ranks. Expected number of connected peer ranks is : 5[32m [repeated 5x across cluster][0m
[36m(WorkerDict pid=1246292)[0m Qwen3VLForConditionalGeneration contains 4.44B parameters
[36m(WorkerDict pid=1246292)[0m wrap_policy: functools.partial(<function _or_policy at 0x7f642dc353a0>, policies=[functools.partial(<function transformer_auto_wrap_policy at 0x7f642dc35260>, transformer_layer_cls={<class 'transformers.models.qwen3_vl.modeling_qwen3_vl.Qwen3VLTextDecoderLayer'>, <class 'transformers.models.qwen3_vl.modeling_qwen3_vl.Qwen3VLVisionBlock'>})])
[36m(WorkerDict pid=1246292)[0m Total steps: 1751, num_warmup_steps: 0
[36m(WorkerDict pid=1246292)[0m Actor use_remove_padding=False
[36m(WorkerDict pid=1246292)[0m Actor use_fused_kernels=False
[36m(WorkerDict pid=1246292)[0m Actor use_prefix_grouper=False
[36m(WorkerDict pid=1246292)[0m Monkey patch Qwen3VLForConditionalGeneration model forward[32m [repeated 5x across cluster][0m
[36m(WorkerDict pid=1246292)[0m Skipping monkey patch for Qwen3VLForConditionalGeneration as use_fused_kernels is False or fused_kernels_backend is torch[32m [repeated 5x across cluster][0m
[36m(WorkerDict pid=1246316)[0m [Gloo] Rank 2 is connected to 5 peer ranks. Expected number of connected peer ranks is : 5
[36m(WorkerDict pid=1246316)[0m [Gloo] Rank 0 is connected to 0 peer ranks. Expected number of connected peer ranks is : 0
[36m(WorkerDict pid=1246316)[0m [Gloo] Rank 0 is connected to 0 peer ranks. Expected number of connected peer ranks is : 0
[36m(WorkerDict pid=1246292)[0m NCCL version 2.27.3+cuda12.9
[36m(TaskRunner pid=1148945)[0m WARNING 07-08 06:02:10 [api_server.py:1213] LoRA dynamic loading & unloading is enabled in the API server. This should ONLY be used for local development!
[36m(WorkerDict pid=1246343)[0m [Gloo] Rank 0 is connected to 0 peer ranks. Expected number of connected peer ranks is : 0[32m [repeated 15x across cluster][0m
[36m(pid=1338669)[0m WARNING 07-08 06:02:20 [api_server.py:1213] LoRA dynamic loading & unloading is enabled in the API server. This should ONLY be used for local development!
[36m(pid=1338672)[0m WARNING 07-08 06:02:21 [api_server.py:1213] LoRA dynamic loading & unloading is enabled in the API server. This should ONLY be used for local development!
[36m(vLLMHttpServer pid=1338669)[0m WARNING 07-08 06:02:22 [__init__.py:3036] We must use the `spawn` multiprocessing start method. Overriding VLLM_WORKER_MULTIPROC_METHOD to 'spawn'. See https://docs.vllm.ai/en/latest/usage/troubleshooting.html#python-multiprocessing for more information. Reasons: In a Ray actor and can only be spawned; CUDA is initialized
[36m(vLLMHttpServer pid=1338667)[0m ['serve',
[36m(vLLMHttpServer pid=1338667)[0m  '/inspire/hdd/global_user/mengweicheng-240108120092/lzy/models/Qwen3-VL-4B-Instruct',
[36m(vLLMHttpServer pid=1338667)[0m  '--dtype',
[36m(vLLMHttpServer pid=1338667)[0m  'bfloat16',
[36m(vLLMHttpServer pid=1338667)[0m  '--load_format',
[36m(vLLMHttpServer pid=1338667)[0m  'dummy',
[36m(vLLMHttpServer pid=1338667)[0m  '--distributed_executor_backend',
[36m(vLLMHttpServer pid=1338667)[0m  'mp',
[36m(vLLMHttpServer pid=1338667)[0m  '--worker_extension_cls',
[36m(vLLMHttpServer pid=1338667)[0m  'verl.workers.rollout.vllm_rollout.utils.vLLMColocateWorkerExtension',
[36m(vLLMHttpServer pid=1338667)[0m  '--max_model_len',
[36m(vLLMHttpServer pid=1338667)[0m  '10240',
[36m(vLLMHttpServer pid=1338667)[0m  '--max_num_seqs',
[36m(vLLMHttpServer pid=1338667)[0m  '1024',
[36m(vLLMHttpServer pid=1338667)[0m  '--enable_chunked_prefill',
[36m(vLLMHttpServer pid=1338667)[0m  '--max_num_batched_tokens',
[36m(vLLMHttpServer pid=1338667)[0m  '8192',
[36m(vLLMHttpServer pid=1338667)[0m  '--enable_prefix_caching',
[36m(vLLMHttpServer pid=1338667)[0m  '--enable_sleep_mode',
[36m(vLLMHttpServer pid=1338667)[0m  '--logprobs_mode',
[36m(vLLMHttpServer pid=1338667)[0m  'processed_logprobs',
[36m(vLLMHttpServer pid=1338667)[0m  '--gpu_memory_utilization',
[36m(vLLMHttpServer pid=1338667)[0m  '0.45',
[36m(vLLMHttpServer pid=1338667)[0m  '--disable_log_stats',
[36m(vLLMHttpServer pid=1338667)[0m  '--tensor_parallel_size',
[36m(vLLMHttpServer pid=1338667)[0m  '1',
[36m(vLLMHttpServer pid=1338667)[0m  '--seed',
[36m(vLLMHttpServer pid=1338667)[0m  '0',
[36m(vLLMHttpServer pid=1338667)[0m  '--override_generation_config',
[36m(vLLMHttpServer pid=1338667)[0m  '{"temperature": 1.0, "top_k": -1, "top_p": 1, "repetition_penalty": 1.0, '
[36m(vLLMHttpServer pid=1338667)[0m  '"max_new_tokens": 2048}',
[36m(vLLMHttpServer pid=1338667)[0m  '--hf_overrides',
[36m(vLLMHttpServer pid=1338667)[0m  '{}',
[36m(vLLMHttpServer pid=1338667)[0m  '--scheduling_policy',
[36m(vLLMHttpServer pid=1338667)[0m  'fcfs',
[36m(vLLMHttpServer pid=1338667)[0m  '--compilation_config',
[36m(vLLMHttpServer pid=1338667)[0m  '{"cudagraph_mode": "FULL_AND_PIECEWISE"}']
[36m(vLLMHttpServer pid=1338669)[0m [Gloo] Rank 0 is connected to 0 peer ranks. Expected number of connected peer ranks is : 0
[36m(vLLMHttpServer pid=1338669)[0m [Gloo] Rank 0 is connected to 0 peer ranks. Expected number of connected peer ranks is : 0
[36m(vLLMHttpServer pid=1338669)[0m [Gloo] Rank 0 is connected to 0 peer ranks. Expected number of connected peer ranks is : 0
[36m(vLLMHttpServer pid=1338669)[0m [Gloo] Rank 0 is connected to 0 peer ranks. Expected number of connected peer ranks is : 0
[36m(vLLMHttpServer pid=1338669)[0m [Gloo] Rank 0 is connected to 0 peer ranks. Expected number of connected peer ranks is : 0
[36m(vLLMHttpServer pid=1338669)[0m [Gloo] Rank 0 is connected to 0 peer ranks. Expected number of connected peer ranks is : 0
[36m(pid=1338678)[0m WARNING 07-08 06:02:21 [api_server.py:1213] LoRA dynamic loading & unloading is enabled in the API server. This should ONLY be used for local development![32m [repeated 4x across cluster][0m
[36m(vLLMHttpServer pid=1338678)[0m WARNING 07-08 06:02:23 [__init__.py:3036] We must use the `spawn` multiprocessing start method. Overriding VLLM_WORKER_MULTIPROC_METHOD to 'spawn'. See https://docs.vllm.ai/en/latest/usage/troubleshooting.html#python-multiprocessing for more information. Reasons: In a Ray actor and can only be spawned; CUDA is initialized[32m [repeated 5x across cluster][0m
[36m(vLLMHttpServer pid=1338672)[0m WARNING 07-08 06:03:33 [model.py:1389] Default sampling parameters have been overridden by the model's Hugging Face generation config recommended from the model creator. If this is not intended, please relaunch vLLM instance with `--generation-config vllm`.
[36m(vLLMHttpServer pid=1338678)[0m [Gloo] Rank 0 is connected to 0 peer ranks. Expected number of connected peer ranks is : 0[32m [repeated 30x across cluster][0m
[36m(TaskRunner pid=1148945)[0m AgentLoopManager: ['10.247.5.142:36585', '10.247.5.142:36171', '10.247.5.142:39401', '10.247.5.142:42879', '10.247.5.142:37455', '10.247.5.142:42033'][36m(pid=1514569)[0m /inspire/hdd/global_user/mengweicheng-240108120092/lzy/fc-opd-storage/envs/fc-opd-verl071-cu128/lib/python3.12/site-packages/torch/cuda/__init__.py:63: FutureWarning: The pynvml package is deprecated. Please install nvidia-ml-py instead. If you did not install pynvml directly, please report this to the maintainers of the package that installed pynvml for you.
[36m(pid=1514569)[0m   import pynvml  # type: ignore[import]
[36m(WorkerDict pid=1246292)[0m INFO:2026-07-08 06:03:40,265:update_weights done, time cost: 0.75s
[36m(pid=1514604)[0m /inspire/hdd/global_user/mengweicheng-240108120092/lzy/fc-opd-storage/envs/fc-opd-verl071-cu128/lib/python3.12/site-packages/transformers/utils/hub.py:110: FutureWarning: Using `TRANSFORMERS_CACHE` is deprecated and will be removed in v5 of Transformers. Use `HF_HOME` instead.
[36m(pid=1514604)[0m   warnings.warn(
[36m(AgentLoopWorker pid=1514569)[0m You're using a Qwen2TokenizerFast tokenizer. Please note that with a fast tokenizer, using the `__call__` method is faster than using a method to encode the text followed by a call to the `pad` method to get a padded encoding.
[36m(pid=1514592)[0m /inspire/hdd/global_user/mengweicheng-240108120092/lzy/fc-opd-storage/envs/fc-opd-verl071-cu128/lib/python3.12/site-packages/torch/cuda/__init__.py:63: FutureWarning: The pynvml package is deprecated. Please install nvidia-ml-py instead. If you did not install pynvml directly, please report this to the maintainers of the package that installed pynvml for you.[32m [repeated 3x across cluster][0m
[36m(pid=1514592)[0m   import pynvml  # type: ignore[import][32m [repeated 3x across cluster][0m
[36m(pid=1514526)[0m /inspire/hdd/global_user/mengweicheng-240108120092/lzy/fc-opd-storage/envs/fc-opd-verl071-cu128/lib/python3.12/site-packages/transformers/utils/hub.py:110: FutureWarning: Using `TRANSFORMERS_CACHE` is deprecated and will be removed in v5 of Transformers. Use `HF_HOME` instead.[32m [repeated 3x across cluster][0m
[36m(pid=1514526)[0m   warnings.warn([32m [repeated 3x across cluster][0m
[36m(TaskRunner pid=1148945)[0m Training Progress:   0%|          | 0/1751 [00:00<?, ?it/s]
[36m(AgentLoopWorker pid=1514526)[0m You're using a Qwen2TokenizerFast tokenizer. Please note that with a fast tokenizer, using the `__call__` method is faster than using a method to encode the text followed by a call to the `pad` method to get a padded encoding.[32m [repeated 3x across cluster][0m
[36m(TaskRunner pid=1148945)[0m WARNING:2026-07-08 06:04:38,789:f45c5c8d-11ec-486d-8717-7a8bbbfd19c1/full: trimming teacher scores (1512 → 683 tokens).  This is expected to be rare (<1% of steps).
[36m(TaskRunner pid=1148945)[0m WARNING:2026-07-08 06:04:38,790:f45c5c8d-11ec-486d-8717-7a8bbbfd19c1/degraded: trimming teacher scores (1512 → 683 tokens).  This is expected to be rare (<1% of steps).
[36m(TaskRunner pid=1148945)[0m WARNING:2026-07-08 06:04:38,790:f45c5c8d-11ec-486d-8717-7a8bbbfd19c1/full: padding teacher scores (1512 → 1720 tokens).  Positions beyond teacher length get zero quality weight.
[36m(TaskRunner pid=1148945)[0m WARNING:2026-07-08 06:04:38,791:f45c5c8d-11ec-486d-8717-7a8bbbfd19c1/degraded: padding teacher scores (1512 → 1720 tokens).  Positions beyond teacher length get zero quality weight.
[36m(TaskRunner pid=1148945)[0m WARNING:2026-07-08 06:04:38,792:f45c5c8d-11ec-486d-8717-7a8bbbfd19c1/full: padding teacher scores (1512 → 2048 tokens).  Positions beyond teacher length get zero quality weight.
[36m(TaskRunner pid=1148945)[0m WARNING:2026-07-08 06:04:38,792:f45c5c8d-11ec-486d-8717-7a8bbbfd19c1/degraded: padding teacher scores (1512 → 2048 tokens).  Positions beyond teacher length get zero quality weight.
[36m(TaskRunner pid=1148945)[0m WARNING:2026-07-08 06:04:38,793:f45c5c8d-11ec-486d-8717-7a8bbbfd19c1/full: padding teacher scores (1512 → 1811 tokens).  Positions beyond teacher length get zero quality weight.
[36m(TaskRunner pid=1148945)[0m WARNING:2026-07-08 06:04:38,794:f45c5c8d-11ec-486d-8717-7a8bbbfd19c1/degraded: padding teacher scores (1512 → 1811 tokens).  Positions beyond teacher length get zero quality weight.
[36m(TaskRunner pid=1148945)[0m WARNING:2026-07-08 06:04:38,795:f45c5c8d-11ec-486d-8717-7a8bbbfd19c1/full: trimming teacher scores (1512 → 1304 tokens).  This is expected to be rare (<1% of steps).
[36m(TaskRunner pid=1148945)[0m WARNING:2026-07-08 06:04:38,795:f45c5c8d-11ec-486d-8717-7a8bbbfd19c1/degraded: trimming teacher scores (1512 → 1304 tokens).  This is expected to be rare (<1% of steps).
[36m(TaskRunner pid=1148945)[0m WARNING:2026-07-08 06:04:38,795:f45c5c8d-11ec-486d-8717-7a8bbbfd19c1/full: trimming teacher scores (1512 → 1120 tokens).  This is expected to be rare (<1% of steps).
[36m(TaskRunner pid=1148945)[0m WARNING:2026-07-08 06:04:38,796:f45c5c8d-11ec-486d-8717-7a8bbbfd19c1/degraded: trimming teacher scores (1512 → 1120 tokens).  This is expected to be rare (<1% of steps).
[36m(TaskRunner pid=1148945)[0m WARNING:2026-07-08 06:04:38,796:f45c5c8d-11ec-486d-8717-7a8bbbfd19c1/full: trimming teacher scores (1512 → 1476 tokens).  This is expected to be rare (<1% of steps).
[36m(TaskRunner pid=1148945)[0m WARNING:2026-07-08 06:04:38,796:f45c5c8d-11ec-486d-8717-7a8bbbfd19c1/degraded: trimming teacher scores (1512 → 1476 tokens).  This is expected to be rare (<1% of steps).
[36m(TaskRunner pid=1148945)[0m WARNING:2026-07-08 06:04:38,797:a531bb7e-f865-48b1-b01c-da0722b9018c/full: padding teacher scores (394 → 459 tokens).  Positions beyond teacher length get zero quality weight.
[36m(TaskRunner pid=1148945)[0m WARNING:2026-07-08 06:04:38,797:a531bb7e-f865-48b1-b01c-da0722b9018c/degraded: padding teacher scores (394 → 459 tokens).  Positions beyond teacher length get zero quality weight.
[36m(TaskRunner pid=1148945)[0m WARNING:2026-07-08 06:04:38,798:a531bb7e-f865-48b1-b01c-da0722b9018c/full: padding teacher scores (394 → 2048 tokens).  Positions beyond teacher length get zero quality weight.
[36m(TaskRunner pid=1148945)[0m WARNING:2026-07-08 06:04:38,798:a531bb7e-f865-48b1-b01c-da0722b9018c/degraded: padding teacher scores (394 → 2048 tokens).  Positions beyond teacher length get zero quality weight.
[36m(TaskRunner pid=1148945)[0m WARNING:2026-07-08 06:04:38,799:a531bb7e-f865-48b1-b01c-da0722b9018c/full: padding teacher scores (394 → 2048 tokens).  Positions beyond teacher length get zero quality weight.
[36m(TaskRunner pid=1148945)[0m WARNING:2026-07-08 06:04:38,800:a531bb7e-f865-48b1-b01c-da0722b9018c/degraded: padding teacher scores (394 → 2048 tokens).  Positions beyond teacher length get zero quality weight.
[36m(TaskRunner pid=1148945)[0m WARNING:2026-07-08 06:04:38,800:a531bb7e-f865-48b1-b01c-da0722b9018c/full: padding teacher scores (394 → 2048 tokens).  Positions beyond teacher length get zero quality weight.
[36m(TaskRunner pid=1148945)[0m WARNING:2026-07-08 06:04:38,801:a531bb7e-f865-48b1-b01c-da0722b9018c/degraded: padding teacher scores (394 → 2048 tokens).  Positions beyond teacher length get zero quality weight.
[36m(TaskRunner pid=1148945)[0m WARNING:2026-07-08 06:04:38,801:a531bb7e-f865-48b1-b01c-da0722b9018c/full: padding teacher scores (394 → 2048 tokens).  Positions beyond teacher length get zero quality weight.
[36m(TaskRunner pid=1148945)[0m WARNING:2026-07-08 06:04:38,802:a531bb7e-f865-48b1-b01c-da0722b9018c/degraded: padding teacher scores (394 → 2048 tokens).  Positions beyond teacher length get zero quality weight.
[36m(TaskRunner pid=1148945)[0m WARNING:2026-07-08 06:04:38,803:a531bb7e-f865-48b1-b01c-da0722b9018c/full: padding teacher scores (394 → 444 tokens).  Positions beyond teacher length get zero quality weight.
[36m(TaskRunner pid=1148945)[0m WARNING:2026-07-08 06:04:38,803:a531bb7e-f865-48b1-b01c-da0722b9018c/degraded: padding teacher scores (394 → 444 tokens).  Positions beyond teacher length get zero quality weight.
[36m(TaskRunner pid=1148945)[0m WARNING:2026-07-08 06:04:38,804:a531bb7e-f865-48b1-b01c-da0722b9018c/full: padding teacher scores (394 → 2048 tokens).  Positions beyond teacher length get zero quality weight.
[36m(TaskRunner pid=1148945)[0m WARNING:2026-07-08 06:04:38,805:a531bb7e-f865-48b1-b01c-da0722b9018c/degraded: padding teacher scores (394 → 2048 tokens).  Positions beyond teacher length get zero quality weight.
[36m(TaskRunner pid=1148945)[0m WARNING:2026-07-08 06:04:38,806:3de7beed-01c6-4657-9b45-37459fc62532/full: padding teacher scores (992 → 2048 tokens).  Positions beyond teacher length get zero quality weight.
[36m(TaskRunner pid=1148945)[0m WARNING:2026-07-08 06:04:38,806:3de7beed-01c6-4657-9b45-37459fc62532/degraded: padding teacher scores (992 → 2048 tokens).  Positions beyond teacher length get zero quality weight.
[36m(TaskRunner pid=1148945)[0m WARNING:2026-07-08 06:04:38,807:3de7beed-01c6-4657-9b45-37459fc62532/full: trimming teacher scores (992 → 590 tokens).  This is expected to be rare (<1% of steps).
[36m(TaskRunner pid=1148945)[0m WARNING:2026-07-08 06:04:38,807:3de7beed-01c6-4657-9b45-37459fc62532/degraded: trimming teacher scores (992 → 590 tokens).  This is expected to be rare (<1% of steps).
[36m(TaskRunner pid=1148945)[0m WARNING:2026-07-08 06:04:38,808:3de7beed-01c6-4657-9b45-37459fc62532/full: padding teacher scores (992 → 1161 tokens).  Positions beyond teacher length get zero quality weight.
[36m(TaskRunner pid=1148945)[0m WARNING:2026-07-08 06:04:38,808:3de7beed-01c6-4657-9b45-37459fc62532/degraded: padding teacher scores (992 → 1161 tokens).  Positions beyond teacher length get zero quality weight.
[36m(TaskRunner pid=1148945)[0m WARNING:2026-07-08 06:04:38,809:3de7beed-01c6-4657-9b45-37459fc62532/full: padding teacher scores (992 → 1420 tokens).  Positions beyond teacher length get zero quality weight.
[36m(TaskRunner pid=1148945)[0m WARNING:2026-07-08 06:04:38,809:3de7beed-01c6-4657-9b45-37459fc62532/degraded: padding teacher scores (992 → 1420 tokens).  Positions beyond teacher length get zero quality weight.
[36m(TaskRunner pid=1148945)[0m WARNING:2026-07-08 06:04:38,813:3de7beed-01c6-4657-9b45-37459fc62532/full: trimming teacher scores (992 → 809 tokens).  This is expected to be rare (<1% of steps).
[36m(TaskRunner pid=1148945)[0m WARNING:2026-07-08 06:04:38,813:3de7beed-01c6-4657-9b45-37459fc62532/degraded: trimming teacher scores (992 → 809 tokens).  This is expected to be rare (<1% of steps).
[36m(TaskRunner pid=1148945)[0m WARNING:2026-07-08 06:04:38,813:3de7beed-01c6-4657-9b45-37459fc62532/full: trimming teacher scores (992 → 441 tokens).  This is expected to be rare (<1% of steps).
[36m(TaskRunner pid=1148945)[0m WARNING:2026-07-08 06:04:38,814:3de7beed-01c6-4657-9b45-37459fc62532/degraded: trimming teacher scores (992 → 441 tokens).  This is expected to be rare (<1% of steps).
[36m(TaskRunner pid=1148945)[0m WARNING:2026-07-08 06:04:38,814:3de7beed-01c6-4657-9b45-37459fc62532/full: trimming teacher scores (992 → 718 tokens).  This is expected to be rare (<1% of steps).
[36m(TaskRunner pid=1148945)[0m WARNING:2026-07-08 06:04:38,814:3de7beed-01c6-4657-9b45-37459fc62532/degraded: trimming teacher scores (992 → 718 tokens).  This is expected to be rare (<1% of steps).
[36m(TaskRunner pid=1148945)[0m WARNING:2026-07-08 06:04:38,822:9f13c106-2f81-4b51-a201-be3f8a2e23c4/full: trimming teacher scores (2048 → 367 tokens).  This is expected to be rare (<1% of steps).
[36m(TaskRunner pid=1148945)[0m WARNING:2026-07-08 06:04:38,822:9f13c106-2f81-4b51-a201-be3f8a2e23c4/degraded: trimming teacher scores (2048 → 367 tokens).  This is expected to be rare (<1% of steps).
[36m(TaskRunner pid=1148945)[0m WARNING:2026-07-08 06:04:38,828:f53fc820-bcf9-46a8-af02-40b8376f20f9/full: trimming teacher scores (310 → 285 tokens).  This is expected to be rare (<1% of steps).
[36m(TaskRunner pid=1148945)[0m WARNING:2026-07-08 06:04:38,828:f53fc820-bcf9-46a8-af02-40b8376f20f9/degraded: trimming teacher scores (310 → 285 tokens).  This is expected to be rare (<1% of steps).
[36m(TaskRunner pid=1148945)[0m WARNING:2026-07-08 06:04:38,828:f53fc820-bcf9-46a8-af02-40b8376f20f9/full: padding teacher scores (310 → 1913 tokens).  Positions beyond teacher length get zero quality weight.
[36m(TaskRunner pid=1148945)[0m WARNING:2026-07-08 06:04:38,829:f53fc820-bcf9-46a8-af02-40b8376f20f9/degraded: padding teacher scores (310 → 1913 tokens).  Positions beyond teacher length get zero quality weight.
[36m(TaskRunner pid=1148945)[0m WARNING:2026-07-08 06:04:38,830:f53fc820-bcf9-46a8-af02-40b8376f20f9/full: padding teacher scores (310 → 632 tokens).  Positions beyond teacher length get zero quality weight.
[36m(TaskRunner pid=1148945)[0m WARNING:2026-07-08 06:04:38,830:f53fc820-bcf9-46a8-af02-40b8376f20f9/degraded: padding teacher scores (310 → 632 tokens).  Positions beyond teacher length get zero quality weight.
[36m(TaskRunner pid=1148945)[0m WARNING:2026-07-08 06:04:38,831:f53fc820-bcf9-46a8-af02-40b8376f20f9/full: padding teacher scores (310 → 362 tokens).  Positions beyond teacher length get zero quality weight.
[36m(TaskRunner pid=1148945)[0m WARNING:2026-07-08 06:04:38,831:f53fc820-bcf9-46a8-af02-40b8376f20f9/degraded: padding teacher scores (310 → 362 tokens).  Positions beyond teacher length get zero quality weight.
[36m(TaskRunner pid=1148945)[0m WARNING:2026-07-08 06:04:38,831:f53fc820-bcf9-46a8-af02-40b8376f20f9/full: padding teacher scores (310 → 570 tokens).  Positions beyond teacher length get zero quality weight.
[36m(TaskRunner pid=1148945)[0m WARNING:2026-07-08 06:04:38,831:f53fc820-bcf9-46a8-af02-40b8376f20f9/degraded: padding teacher scores (310 → 570 tokens).  Positions beyond teacher length get zero quality weight.
[36m(TaskRunner pid=1148945)[0m WARNING:2026-07-08 06:04:38,832:f53fc820-bcf9-46a8-af02-40b8376f20f9/full: padding teacher scores (310 → 385 tokens).  Positions beyond teacher length get zero quality weight.
[36m(TaskRunner pid=1148945)[0m WARNING:2026-07-08 06:04:38,832:f53fc820-bcf9-46a8-af02-40b8376f20f9/degraded: padding teacher scores (310 → 385 tokens).  Positions beyond teacher length get zero quality weight.
[36m(TaskRunner pid=1148945)[0m WARNING:2026-07-08 06:04:38,832:f53fc820-bcf9-46a8-af02-40b8376f20f9/full: padding teacher scores (310 → 352 tokens).  Positions beyond teacher length get zero quality weight.
[36m(TaskRunner pid=1148945)[0m WARNING:2026-07-08 06:04:38,832:f53fc820-bcf9-46a8-af02-40b8376f20f9/degraded: padding teacher scores (310 → 352 tokens).  Positions beyond teacher length get zero quality weight.
[36m(TaskRunner pid=1148945)[0m WARNING:2026-07-08 06:04:38,955:========================================================================
[36m(TaskRunner pid=1148945)[0m WARNING:2026-07-08 06:04:38,955:  VA-OPD Pipeline Verification (arXiv 2605.21924 §3.2-3.3)
[36m(TaskRunner pid=1148945)[0m WARNING:2026-07-08 06:04:38,955:========================================================================
[36m(TaskRunner pid=1148945)[0m WARNING:2026-07-08 06:04:38,955:  C          = 2  conditions: ['full', 'degraded']
[36m(TaskRunner pid=1148945)[0m WARNING:2026-07-08 06:04:38,955:  loss_mode  = va_opd
[36m(TaskRunner pid=1148945)[0m WARNING:2026-07-08 06:04:38,955:  batch      = [B=48, T=2048]
[36m(TaskRunner pid=1148945)[0m WARNING:2026-07-08 06:04:38,955:  top_k      = 32
[36m(TaskRunner pid=1148945)[0m WARNING:2026-07-08 06:04:38,955:  exact_lp   = torch.Size([48, 2, 2048])  (None=tail-fallback)
[36m(TaskRunner pid=1148945)[0m WARNING:2026-07-08 06:04:38,955:  Student    = raw image + canonical question  (choices allowed, no XML)
[36m(TaskRunner pid=1148945)[0m WARNING:2026-07-08 06:04:38,955:  Teacher    = raw image + same canonical question  (no format bias)
[36m(TaskRunner pid=1148945)[0m WARNING:2026-07-08 06:04:38,955:  KL         = reverse (mode-seeking) KL(P_S || P_T)
[36m(TaskRunner pid=1148945)[0m WARNING:2026-07-08 06:04:38,955:  Formula §3.2: w^(k) = softmax(z_score(ā^(k)) / τ), sums to 1 per prompt
[36m(TaskRunner pid=1148945)[0m WARNING:2026-07-08 06:04:38,955:  Formula §3.3: L_group = 0.5·mean(KL_rev,HighVA) + 0.5·mean(KL_rev,LowVA)
[36m(TaskRunner pid=1148945)[0m WARNING:2026-07-08 06:04:38,955:  Total (formula 7): L = Σ_k w^(k)·L_group^(k)   (pure distillation, no GRPO)
[36m(TaskRunner pid=1148945)[0m WARNING:2026-07-08 06:04:38,955:========================================================================
[36m(TaskRunner pid=1148945)[0m ========================================================================
[36m(TaskRunner pid=1148945)[0m   VA-OPD Pipeline Verification (arXiv 2605.21924 §3.2-3.3)
[36m(TaskRunner pid=1148945)[0m ========================================================================
[36m(TaskRunner pid=1148945)[0m   C          = 2  conditions: ['full', 'degraded']
[36m(TaskRunner pid=1148945)[0m   loss_mode  = va_opd
[36m(TaskRunner pid=1148945)[0m   batch      = [B=48, T=2048]
[36m(TaskRunner pid=1148945)[0m   top_k      = 32
[36m(TaskRunner pid=1148945)[0m   exact_lp   = torch.Size([48, 2, 2048])  (None=tail-fallback)
[36m(TaskRunner pid=1148945)[0m   Student    = raw image + canonical question  (choices allowed, no XML)
[36m(TaskRunner pid=1148945)[0m   Teacher    = raw image + same canonical question  (no format bias)
[36m(TaskRunner pid=1148945)[0m   KL         = reverse (mode-seeking) KL(P_S || P_T)
[36m(TaskRunner pid=1148945)[0m   Formula §3.2: w^(k) = softmax(z_score(ā^(k)) / τ), sums to 1 per prompt
[36m(TaskRunner pid=1148945)[0m   Formula §3.3: L_group = 0.5·mean(KL_rev,HighVA) + 0.5·mean(KL_rev,LowVA)
[36m(TaskRunner pid=1148945)[0m   Total (formula 7): L = Σ_k w^(k)·L_group^(k)   (pure distillation, no GRPO)
[36m(TaskRunner pid=1148945)[0m ========================================================================
[36m(WorkerDict pid=1246292)[0m INFO:2026-07-08 06:05:25,029:update_weights done, time cost: 0.87s
[36m(TaskRunner pid=1148945)[0m Training Progress:   0%|          | 1/1751 [01:18<38:11:07, 78.55s/it]
[36m(TaskRunner pid=1148945)[0m WARNING:2026-07-08 06:05:51,043:e3d6b704-2944-42ca-81c8-eb81cd10301a/full: padding teacher scores (198 → 1306 tokens).  Positions beyond teacher length get zero quality weight.
[36m(TaskRunner pid=1148945)[0m WARNING:2026-07-08 06:05:51,044:e3d6b704-2944-42ca-81c8-eb81cd10301a/degraded: padding teacher scores (198 → 1306 tokens).  Positions beyond teacher length get zero quality weight.
[36m(TaskRunner pid=1148945)[0m WARNING:2026-07-08 06:05:51,044:e3d6b704-2944-42ca-81c8-eb81cd10301a/full: trimming teacher scores (198 → 144 tokens).  This is expected to be rare (<1% of steps).
[36m(TaskRunner pid=1148945)[0m WARNING:2026-07-08 06:05:51,044:e3d6b704-2944-42ca-81c8-eb81cd10301a/degraded: trimming teacher scores (198 → 144 tokens).  This is expected to be rare (<1% of steps).
[36m(TaskRunner pid=1148945)[0m WARNING:2026-07-08 06:05:51,045:e3d6b704-2944-42ca-81c8-eb81cd10301a/full: trimming teacher scores (198 → 154 tokens).  This is expected to be rare (<1% of steps).
[36m(TaskRunner pid=1148945)[0m WARNING:2026-07-08 06:05:51,045:e3d6b704-2944-42ca-81c8-eb81cd10301a/degraded: trimming teacher scores (198 → 154 tokens).  This is expected to be rare (<1% of steps).
[36m(TaskRunner pid=1148945)[0m WARNING:2026-07-08 06:05:51,045:e3d6b704-2944-42ca-81c8-eb81cd10301a/full: trimming teacher scores (198 → 170 tokens).  This is expected to be rare (<1% of steps).
[36m(TaskRunner pid=1148945)[0m WARNING:2026-07-08 06:05:51,045:e3d6b704-2944-42ca-81c8-eb81cd10301a/degraded: trimming teacher scores (198 → 170 tokens).  This is expected to be rare (<1% of steps).
[36m(TaskRunner pid=1148945)[0m WARNING:2026-07-08 06:05:51,046:e3d6b704-2944-42ca-81c8-eb81cd10301a/full: padding teacher scores (198 → 220 tokens).  Positions beyond teacher length get zero quality weight.
[36m(TaskRunner pid=1148945)[0m WARNING:2026-07-08 06:05:51,046:e3d6b704-2944-42ca-81c8-eb81cd10301a/degraded: padding teacher scores (198 → 220 tokens).  Positions beyond teacher length get zero quality weight.
[36m(TaskRunner pid=1148945)[0m WARNING:2026-07-08 06:05:51,046:e3d6b704-2944-42ca-81c8-eb81cd10301a/full: padding teacher scores (198 → 210 tokens).  Positions beyond teacher length get zero quality weight.
[36m(TaskRunner pid=1148945)[0m WARNING:2026-07-08 06:05:51,046:e3d6b704-2944-42ca-81c8-eb81cd10301a/degraded: padding teacher scores (198 → 210 tokens).  Positions beyond teacher length get zero quality weight.
[36m(TaskRunner pid=1148945)[0m WARNING:2026-07-08 06:05:51,047:e3d6b704-2944-42ca-81c8-eb81cd10301a/full: padding teacher scores (198 → 519 tokens).  Positions beyond teacher length get zero quality weight.
[36m(TaskRunner pid=1148945)[0m WARNING:2026-07-08 06:05:51,047:e3d6b704-2944-42ca-81c8-eb81cd10301a/degraded: padding teacher scores (198 → 519 tokens).  Positions beyond teacher length get zero quality weight.
[36m(TaskRunner pid=1148945)[0m WARNING:2026-07-08 06:05:51,048:245c57fe-059f-4ad9-96eb-0502d46f0ca4/full: trimming teacher scores (1575 → 951 tokens).  This is expected to be rare (<1% of steps).
[36m(TaskRunner pid=1148945)[0m WARNING:2026-07-08 06:05:51,049:245c57fe-059f-4ad9-96eb-0502d46f0ca4/degraded: trimming teacher scores (1575 → 951 tokens).  This is expected to be rare (<1% of steps).
[36m(TaskRunner pid=1148945)[0m WARNING:2026-07-08 06:05:51,049:245c57fe-059f-4ad9-96eb-0502d46f0ca4/full: trimming teacher scores (1575 → 1295 tokens).  This is expected to be rare (<1% of steps).
[36m(TaskRunner pid=1148945)[0m WARNING:2026-07-08 06:05:51,050:245c57fe-059f-4ad9-96eb-0502d46f0ca4/degraded: trimming teacher scores (1575 → 1295 tokens).  This is expected to be rare (<1% of steps).
[36m(TaskRunner pid=1148945)[0m WARNING:2026-07-08 06:05:51,050:245c57fe-059f-4ad9-96eb-0502d46f0ca4/full: trimming teacher scores (1575 → 1349 tokens).  This is expected to be rare (<1% of steps).
[36m(TaskRunner pid=1148945)[0m WARNING:2026-07-08 06:05:51,050:245c57fe-059f-4ad9-96eb-0502d46f0ca4/degraded: trimming teacher scores (1575 → 1349 tokens).  This is expected to be rare (<1% of steps).
[36m(TaskRunner pid=1148945)[0m WARNING:2026-07-08 06:05:51,051:245c57fe-059f-4ad9-96eb-0502d46f0ca4/full: padding teacher scores (1575 → 2048 tokens).  Positions beyond teacher length get zero quality weight.
[36m(TaskRunner pid=1148945)[0m WARNING:2026-07-08 06:05:51,052:245c57fe-059f-4ad9-96eb-0502d46f0ca4/degraded: padding teacher scores (1575 → 2048 tokens).  Positions beyond teacher length get zero quality weight.
[36m(TaskRunner pid=1148945)[0m WARNING:2026-07-08 06:05:51,053:245c57fe-059f-4ad9-96eb-0502d46f0ca4/full: trimming teacher scores (1575 → 697 tokens).  This is expected to be rare (<1% of steps).
[36m(TaskRunner pid=1148945)[0m WARNING:2026-07-08 06:05:51,053:245c57fe-059f-4ad9-96eb-0502d46f0ca4/degraded: trimming teacher scores (1575 → 697 tokens).  This is expected to be rare (<1% of steps).
[36m(TaskRunner pid=1148945)[0m WARNING:2026-07-08 06:05:51,053:245c57fe-059f-4ad9-96eb-0502d46f0ca4/full: trimming teacher scores (1575 → 1025 tokens).  This is expected to be rare (<1% of steps).
[36m(TaskRunner pid=1148945)[0m WARNING:2026-07-08 06:05:51,054:245c57fe-059f-4ad9-96eb-0502d46f0ca4/degraded: trimming teacher scores (1575 → 1025 tokens).  This is expected to be rare (<1% of steps).
[36m(TaskRunner pid=1148945)[0m WARNING:2026-07-08 06:05:51,054:245c57fe-059f-4ad9-96eb-0502d46f0ca4/full: trimming teacher scores (1575 → 774 tokens).  This is expected to be rare (<1% of steps).
[36m(TaskRunner pid=1148945)[0m WARNING:2026-07-08 06:05:51,054:245c57fe-059f-4ad9-96eb-0502d46f0ca4/degraded: trimming teacher scores (1575 → 774 tokens).  This is expected to be rare (<1% of steps).
[36m(TaskRunner pid=1148945)[0m WARNING:2026-07-08 06:05:51,057:a0bb3d06-9c89-4d14-8b0e-0c7bbaa3414f/full: trimming teacher scores (2048 → 1389 tokens).  This is expected to be rare (<1% of steps).
[36m(TaskRunner pid=1148945)[0m WARNING:2026-07-08 06:05:51,057:a0bb3d06-9c89-4d14-8b0e-0c7bbaa3414f/degraded: trimming teacher scores (2048 → 1389 tokens).  This is expected to be rare (<1% of steps).
[36m(TaskRunner pid=1148945)[0m WARNING:2026-07-08 06:05:51,058:a0bb3d06-9c89-4d14-8b0e-0c7bbaa3414f/full: trimming teacher scores (2048 → 1662 tokens).  This is expected to be rare (<1% of steps).
[36m(TaskRunner pid=1148945)[0m WARNING:2026-07-08 06:05:51,058:a0bb3d06-9c89-4d14-8b0e-0c7bbaa3414f/degraded: trimming teacher scores (2048 → 1662 tokens).  This is expected to be rare (<1% of steps).
[36m(TaskRunner pid=1148945)[0m WARNING:2026-07-08 06:05:51,059:a0bb3d06-9c89-4d14-8b0e-0c7bbaa3414f/full: trimming teacher scores (2048 → 1856 tokens).  This is expected to be rare (<1% of steps).
[36m(TaskRunner pid=1148945)[0m WARNING:2026-07-08 06:05:51,060:a0bb3d06-9c89-4d14-8b0e-0c7bbaa3414f/degraded: trimming teacher scores (2048 → 1856 tokens).  This is expected to be rare (<1% of steps).
[36m(TaskRunner pid=1148945)[0m WARNING:2026-07-08 06:05:51,062:734f9043-2d61-4ee1-9e6e-05d55beb88ce/full: padding teacher scores (277 → 379 tokens).  Positions beyond teacher length get zero quality weight.
[36m(TaskRunner pid=1148945)[0m WARNING:2026-07-08 06:05:51,062:734f9043-2d61-4ee1-9e6e-05d55beb88ce/degraded: padding teacher scores (277 → 379 tokens).  Positions beyond teacher length get zero quality weight.
[36m(TaskRunner pid=1148945)[0m WARNING:2026-07-08 06:05:51,062:734f9043-2d61-4ee1-9e6e-05d55beb88ce/full: padding teacher scores (277 → 278 tokens).  Positions beyond teacher length get zero quality weight.
[36m(TaskRunner pid=1148945)[0m WARNING:2026-07-08 06:05:51,063:734f9043-2d61-4ee1-9e6e-05d55beb88ce/degraded: padding teacher scores (277 → 278 tokens).  Positions beyond teacher length get zero quality weight.
[36m(TaskRunner pid=1148945)[0m WARNING:2026-07-08 06:05:51,063:734f9043-2d61-4ee1-9e6e-05d55beb88ce/full: padding teacher scores (277 → 625 tokens).  Positions beyond teacher length get zero quality weight.
[36m(TaskRunner pid=1148945)[0m WARNING:2026-07-08 06:05:51,063:734f9043-2d61-4ee1-9e6e-05d55beb88ce/degraded: padding teacher scores (277 → 625 tokens).  Positions beyond teacher length get zero quality weight.
[36m(TaskRunner pid=1148945)[0m WARNING:2026-07-08 06:05:51,064:734f9043-2d61-4ee1-9e6e-05d55beb88ce/full: padding teacher scores (277 → 1314 tokens).  Positions beyond teacher length get zero quality weight.
[36m(TaskRunner pid=1148945)[0m WARNING:2026-07-08 06:05:51,064:734f9043-2d61-4ee1-9e6e-05d55beb88ce/degraded: padding teacher scores (277 → 1314 tokens).  Positions beyond teacher length get zero quality weight.
[36m(TaskRunner pid=1148945)[0m WARNING:2026-07-08 06:05:51,065:734f9043-2d61-4ee1-9e6e-05d55beb88ce/full: trimming teacher scores (277 → 263 tokens).  This is expected to be rare (<1% of steps).
[36m(TaskRunner pid=1148945)[0m WARNING:2026-07-08 06:05:51,065:734f9043-2d61-4ee1-9e6e-05d55beb88ce/degraded: trimming teacher scores (277 → 263 tokens).  This is expected to be rare (<1% of steps).
[36m(TaskRunner pid=1148945)[0m WARNING:2026-07-08 06:05:51,065:734f9043-2d61-4ee1-9e6e-05d55beb88ce/full: padding teacher scores (277 → 287 tokens).  Positions beyond teacher length get zero quality weight.
[36m(TaskRunner pid=1148945)[0m WARNING:2026-07-08 06:05:51,065:734f9043-2d61-4ee1-9e6e-05d55beb88ce/degraded: padding teacher scores (277 → 287 tokens).  Positions beyond teacher length get zero quality weight.
[36m(TaskRunner pid=1148945)[0m WARNING:2026-07-08 06:05:51,066:734f9043-2d61-4ee1-9e6e-05d55beb88ce/full: padding teacher scores (277 → 567 tokens).  Positions beyond teacher length get zero quality weight.
[36m(TaskRunner pid=1148945)[0m WARNING:2026-07-08 06:05:51,066:734f9043-2d61-4ee1-9e6e-05d55beb88ce/degraded: padding teacher scores (277 → 567 tokens).  Positions beyond teacher length get zero quality weight.
[36m(TaskRunner pid=1148945)[0m WARNING:2026-07-08 06:05:51,067:7e2c15d0-47e5-46e1-9af1-ab948f96b09c/full: trimming teacher scores (224 → 200 tokens).  This is expected to be rare (<1% of steps).
[36m(TaskRunner pid=1148945)[0m WARNING:2026-07-08 06:05:51,067:7e2c15d0-47e5-46e1-9af1-ab948f96b09c/degraded: trimming teacher scores (224 → 200 tokens).  This is expected to be rare (<1% of steps).
[36m(TaskRunner pid=1148945)[0m WARNING:2026-07-08 06:05:51,067:7e2c15d0-47e5-46e1-9af1-ab948f96b09c/full: padding teacher scores (224 → 290 tokens).  Positions beyond teacher length get zero quality weight.
[36m(TaskRunner pid=1148945)[0m WARNING:2026-07-08 06:05:51,067:7e2c15d0-47e5-46e1-9af1-ab948f96b09c/degraded: padding teacher scores (224 → 290 tokens).  Positions beyond teacher length get zero quality weight.
[36m(TaskRunner pid=1148945)[0m WARNING:2026-07-08 06:05:51,068:7e2c15d0-47e5-46e1-9af1-ab948f96b09c/full: padding teacher scores (224 → 287 tokens).  Positions beyond teacher length get zero quality weight.
[36m(TaskRunner pid=1148945)[0m WARNING:2026-07-08 06:05:51,068:7e2c15d0-47e5-46e1-9af1-ab948f96b09c/degraded: padding teacher scores (224 → 287 tokens).  Positions beyond teacher length get zero quality weight.
[36m(TaskRunner pid=1148945)[0m WARNING:2026-07-08 06:05:51,068:7e2c15d0-47e5-46e1-9af1-ab948f96b09c/full: padding teacher scores (224 → 347 tokens).  Positions beyond teacher length get zero quality weight.
[36m(TaskRunner pid=1148945)[0m WARNING:2026-07-08 06:05:51,068:7e2c15d0-47e5-46e1-9af1-ab948f96b09c/degraded: padding teacher scores (224 → 347 tokens).  Positions beyond teacher length get zero quality weight.
[36m(TaskRunner pid=1148945)[0m WARNING:2026-07-08 06:05:51,069:7e2c15d0-47e5-46e1-9af1-ab948f96b09c/full: padding teacher scores (224 → 236 tokens).  Positions beyond teacher length get zero quality weight.
[36m(TaskRunner pid=1148945)[0m WARNING:2026-07-08 06:05:51,069:7e2c15d0-47e5-46e1-9af1-ab948f96b09c/degraded: padding teacher scores (224 → 236 tokens).  Positions beyond teacher length get zero quality weight.
[36m(TaskRunner pid=1148945)[0m WARNING:2026-07-08 06:05:51,069:7e2c15d0-47e5-46e1-9af1-ab948f96b09c/full: padding teacher scores (224 → 256 tokens).  Positions beyond teacher length get zero quality weight.
[36m(TaskRunner pid=1148945)[0m WARNING:2026-07-08 06:05:51,070:7e2c15d0-47e5-46e1-9af1-ab948f96b09c/degraded: padding teacher scores (224 → 256 tokens).  Positions beyond teacher length get zero quality weight.
[36m(TaskRunner pid=1148945)[0m WARNING:2026-07-08 06:05:51,070:7e2c15d0-47e5-46e1-9af1-ab948f96b09c/full: trimming teacher scores (224 → 208 tokens).  This is expected to be rare (<1% of steps).
[36m(TaskRunner pid=1148945)[0m WARNING:2026-07-08 06:05:51,070:7e2c15d0-47e5-46e1-9af1-ab948f96b09c/degraded: trimming teacher scores (224 → 208 tokens).  This is expected to be rare (<1% of steps).
[36m(TaskRunner pid=1148945)[0m WARNING:2026-07-08 06:05:51,184:========================================================================
[36m(TaskRunner pid=1148945)[0m WARNING:2026-07-08 06:05:51,184:  VA-OPD Pipeline Verification (arXiv 2605.21924 §3.2-3.3)
[36m(TaskRunner pid=1148945)[0m WARNING:2026-07-08 06:05:51,184:========================================================================
[36m(TaskRunner pid=1148945)[0m WARNING:2026-07-08 06:05:51,184:  C          = 2  conditions: ['full', 'degraded']
[36m(TaskRunner pid=1148945)[0m WARNING:2026-07-08 06:05:51,184:  loss_mode  = va_opd
[36m(TaskRunner pid=1148945)[0m WARNING:2026-07-08 06:05:51,184:  batch      = [B=48, T=2048]
[36m(TaskRunner pid=1148945)[0m WARNING:2026-07-08 06:05:51,184:  top_k      = 32
[36m(TaskRunner pid=1148945)[0m WARNING:2026-07-08 06:05:51,184:  exact_lp   = torch.Size([48, 2, 2048])  (None=tail-fallback)
[36m(TaskRunner pid=1148945)[0m WARNING:2026-07-08 06:05:51,184:  Student    = raw image + canonical question  (choices allowed, no XML)
[36m(TaskRunner pid=1148945)[0m WARNING:2026-07-08 06:05:51,184:  Teacher    = raw image + same canonical question  (no format bias)
[36m(TaskRunner pid=1148945)[0m WARNING:2026-07-08 06:05:51,184:  KL         = reverse (mode-seeking) KL(P_S || P_T)
[36m(TaskRunner pid=1148945)[0m WARNING:2026-07-08 06:05:51,184:  Formula §3.2: w^(k) = softmax(z_score(ā^(k)) / τ), sums to 1 per prompt
[36m(TaskRunner pid=1148945)[0m WARNING:2026-07-08 06:05:51,184:  Formula §3.3: L_group = 0.5·mean(KL_rev,HighVA) + 0.5·mean(KL_rev,LowVA)
[36m(TaskRunner pid=1148945)[0m WARNING:2026-07-08 06:05:51,184:  Total (formula 7): L = Σ_k w^(k)·L_group^(k)   (pure distillation, no GRPO)
[36m(TaskRunner pid=1148945)[0m WARNING:2026-07-08 06:05:51,184:========================================================================
[36m(TaskRunner pid=1148945)[0m ========================================================================
[36m(TaskRunner pid=1148945)[0m   VA-OPD Pipeline Verification (arXiv 2605.21924 §3.2-3.3)
[36m(TaskRunner pid=1148945)[0m ========================================================================
[36m(TaskRunner pid=1148945)[0m   C          = 2  conditions: ['full', 'degraded']
[36m(TaskRunner pid=1148945)[0m   loss_mode  = va_opd
[36m(TaskRunner pid=1148945)[0m   batch      = [B=48, T=2048]
[36m(TaskRunner pid=1148945)[0m   top_k      = 32
[36m(TaskRunner pid=1148945)[0m   exact_lp   = torch.Size([48, 2, 2048])  (None=tail-fallback)
[36m(TaskRunner pid=1148945)[0m   Student    = raw image + canonical question  (choices allowed, no XML)
[36m(TaskRunner pid=1148945)[0m   Teacher    = raw image + same canonical question  (no format bias)
[36m(TaskRunner pid=1148945)[0m   KL         = reverse (mode-seeking) KL(P_S || P_T)
[36m(TaskRunner pid=1148945)[0m   Formula §3.2: w^(k) = softmax(z_score(ā^(k)) / τ), sums to 1 per prompt
[36m(TaskRunner pid=1148945)[0m   Formula §3.3: L_group = 0.5·mean(KL_rev,HighVA) + 0.5·mean(KL_rev,LowVA)
[36m(TaskRunner pid=1148945)[0m   Total (formula 7): L = Σ_k w^(k)·L_group^(k)   (pure distillation, no GRPO)
[36m(TaskRunner pid=1148945)[0m ========================================================================
[36m(WorkerDict pid=1246292)[0m INFO:2026-07-08 06:06:27,844:update_weights done, time cost: 0.84s

[36m(WorkerDict pid=1246316)[0m WARNING 07-08 06:03:39 [api_server.py:1213] LoRA dynamic loading & unloading is enabled in the API server. This should ONLY be used for local development!
[36m(vLLMHttpServer pid=1338667)[0m WARNING 07-08 06:03:37 [model.py:1389] Default sampling parameters have been overridden by the model's Hugging Face generation config recommended from the model creator. If this is not intended, please relaunch vLLM instance with `--generation-config vllm`.[32m [repeated 5x across cluster][0m
[36m(TaskRunner pid=1148945)[0m test_gen_batch meta info: {'eos_token_id': 151645, 'pad_token_id': 151643, 'recompute_log_prob': False, 'do_sample': False, 'validate': True, 'global_steps': 0}
[36m(AgentLoopWorker pid=1514604)[0m WARNING 07-08 06:03:47 [api_server.py:1213] LoRA dynamic loading & unloading is enabled in the API server. This should ONLY be used for local development![32m [repeated 6x across cluster][0m
[36m(AgentLoopWorker pid=1514604)[0m Using dataset class: FCOPDDataset
[36m(TaskRunner pid=1148945)[0m validation generation end
[36m(AgentLoopWorker pid=1514592)[0m WARNING 07-08 06:03:47 [api_server.py:1213] LoRA dynamic loading & unloading is enabled in the API server. This should ONLY be used for local development![32m [repeated 3x across cluster][0m
[36m(AgentLoopWorker pid=1514526)[0m Using dataset class: FCOPDDataset[32m [repeated 3x across cluster][0m
[36m(TaskRunner pid=1148945)[0m Dumped generations to /inspire/hdd/global_user/mengweicheng-240108120092/lzy/projects/Dual-Track-OPD/outputs/fc_opd_overnight_noreshard_noreshard_20260708_055809/validation/0.jsonl
[36m(TaskRunner pid=1148945)[0m ("Initial validation metrics: {'val-core/geometry3k/reward/mean@1': 0.35, "
[36m(TaskRunner pid=1148945)[0m  "'val-aux/geometry3k/score/mean@1': 0.35, 'val-aux/num_turns/min': 2, "
[36m(TaskRunner pid=1148945)[0m  "'val-aux/num_turns/max': 2, 'val-aux/num_turns/mean': 2.0}")
[36m(TaskRunner pid=1148945)[0m step:0 - val-core/geometry3k/reward/mean@1:0.35 - val-aux/geometry3k/score/mean@1:0.35 - val-aux/num_turns/min:2 - val-aux/num_turns/max:2 - val-aux/num_turns/mean:2.0
[36m(TaskRunner pid=1148945)[0m Dumped generations to /inspire/hdd/global_user/mengweicheng-240108120092/lzy/projects/Dual-Track-OPD/outputs/fc_opd_overnight_noreshard_noreshard_20260708_055809/rollouts/1.jsonl
[36m(TaskRunner pid=1148945)[0m step:1 - fc_opd/hook_loss:0.0 - fc_opd/hook_num_samples:48.0 - fc_opd/hook_active_weight:134572.0 - fc_opd/online/loss:0.0 - fc_opd/online/num_samples:48.0 - global_seqlen/min:5849 - global_seqlen/max:17392 - global_seqlen/minmax_diff:11543 - global_seqlen/balanced_min:12799 - global_seqlen/balanced_max:12839 - global_seqlen/mean:12818.333333333334 - actor/entropy:0.495396226644516 - perf/mfu/actor_infer:0 - actor/pg_loss:0.0047144329485793906 - actor/kl_loss:0.0 - actor/fc_opd_loss:11.548514127731323 - actor/pg_clipfrac:0.0 - actor/ppo_kl:0.0 - actor/pg_clipfrac_lower:0.0 - actor/fc_opd_denominator:1.0 - actor/fc_opd_va_opd/loss:6.437337915102641 - actor/fc_opd_va_opd/token_mean_loss:11.763801336288452 - actor/fc_opd_va_opd/rollout_weight_sum:0.4999999726812045 - actor/fc_opd_va/mean:0.07490524960060914 - actor/fc_opd_va/sparsity:0.7581837425629298 - actor/grad_norm:3.569641351699829 - perf/mfu/actor:0.010477335374596735 - perf/max_memory_allocated_gb:59.19395065307617 - perf/max_memory_reserved_gb:69.548828125 - perf/cpu_memory_used_gb:199.12529118855795 - actor/lr:2e-06 - training/global_step:1 - training/epoch:0 - critic/score/mean:0.125 - critic/score/max:1.0 - critic/score/min:0.0 - critic/rewards/mean:0.125 - critic/rewards/max:1.0 - critic/rewards/min:0.0 - critic/advantages/mean:-0.03664691373705864 - critic/advantages/max:2.4748666286468506 - critic/advantages/min:-1.20761239528656 - critic/returns/mean:-0.03664691373705864 - critic/returns/max:2.4748666286468506 - critic/returns/min:-1.20761239528656 - response_length/mean:1401.7916259765625 - response_length/max:2048.0 - response_length/min:285.0 - response_length/clip_ratio:0.4583333432674408 - response_length_non_aborted/mean:1401.7916259765625 - response_length_non_aborted/max:2048.0 - response_length_non_aborted/min:285.0 - response_length_non_aborted/clip_ratio:0.4583333432674408 - response/aborted_ratio:0.0 - prompt_length/mean:200.5 - prompt_length/max:321.0 - prompt_length/min:126.0 - prompt_length/clip_ratio:0.0 - num_turns/min:2 - num_turns/max:2 - num_turns/mean:2.0 - timing_s/start_profile:0.0002496088854968548 - timing_s/agent_loop/num_preempted/min:-1 - timing_s/agent_loop/num_preempted/max:-1 - timing_s/agent_loop/num_preempted/mean:-1.0 - timing_s/agent_loop/generate_sequences/min:1.59737088996917 - timing_s/agent_loop/generate_sequences/max:10.510071472264826 - timing_s/agent_loop/generate_sequences/mean:7.101464836179123 - timing_s/agent_loop/tool_calls/min:0.0 - timing_s/agent_loop/tool_calls/max:0.0 - timing_s/agent_loop/tool_calls/mean:0.0 - timing_s/agent_loop/slowest/generate_sequences:10.510071472264826 - timing_s/agent_loop/slowest/tool_calls:0.0 - timing_s/agent_loop/slowest/prompt_length:134 - timing_s/agent_loop/slowest/response_length:2048 - timing_s/agent_loop/slowest/num_preempted:-1 - timing_s/gen:11.924093221779913 - timing_s/fc_opd:19.60916857421398 - timing_s/reward:2.5491230189800262e-05 - timing_s/old_log_prob:8.885923519264907 - timing_s/adv:0.0016662701964378357 - timing_s/update_actor:33.0005438728258 - timing_s/update_weights:4.662394224200398 - timing_s/dump_rollout_generations:0.05734538100659847 - timing_s/step:78.2104556625709 - timing_s/stop_profile:4.189927130937576e-05 - timing_per_token_ms/update_actor:0.4290800139491068 - timing_per_token_ms/gen:0.17721507032339437 - timing_per_token_ms/adv:2.1665195636950145e-05 - perf/total_num_tokens:76910 - perf/time_per_step:78.2104556625709 - perf/throughput:163.8953925628104
[36m(TaskRunner pid=1148945)[0m Dumped generations to /inspire/hdd/global_user/mengweicheng-240108120092/lzy/projects/Dual-Track-OPD/outputs/fc_opd_overnight_noreshard_noreshard_20260708_055809/rollouts/2.jsonl
[36m(TaskRunner pid=1148945)[0m step:2 - fc_opd/hook_loss:0.0 - fc_opd/hook_num_samples:48.0 - fc_opd/hook_active_weight:100408.0 - fc_opd/online/loss:0.0 - fc_opd/online/num_samples:48.0 - global_seqlen/min:3760 - global_seqlen/max:18104 - global_seqlen/minmax_diff:14344 - global_seqlen/balanced_min:9868 - global_seqlen/balanced_max:9917 - global_seqlen/mean:9891.333333333334 - actor/entropy:0.48263970017433167 - perf/mfu/actor_infer:0 - actor/pg_loss:0.0 - actor/kl_loss:0.0 - actor/fc_opd_loss:11.955853462219238 - actor/pg_clipfrac:0.0 - actor/ppo_kl:0.0 - actor/pg_clipfrac_lower:0.0 - actor/fc_opd_denominator:1.0 - actor/fc_opd_va_opd/loss:12.99016841252645 - actor/fc_opd_va_opd/token_mean_loss:12.138970375061035 - actor/fc_opd_va_opd/rollout_weight_sum:1.0000000099341075 - actor/fc_opd_va/mean:0.11961409201224645 - actor/fc_opd_va/sparsity:0.7752102911472321 - actor/grad_norm:4.057836055755615 - perf/mfu/actor:0.01068644356034927 - perf/max_memory_allocated_gb:89.1311206817627 - perf/max_memory_reserved_gb:104.326171875 - perf/cpu_memory_used_gb:199.47423553466797 - actor/lr:2e-06 - training/global_step:2 - training/epoch:0 - critic/score/mean:0.5 - critic/score/max:1.0 - critic/score/min:0.0 - critic/rewards/mean:0.5 - critic/rewards/max:1.0 - critic/rewards/min:0.0 - critic/advantages/mean:0.0 - critic/advantages/max:0.0 - critic/advantages/min:0.0 - critic/returns/mean:0.0 - critic/returns/max:0.0 - critic/returns/min:0.0 - response_length/mean:1045.9166259765625 - response_length/max:2048.0 - response_length/min:144.0 - response_length/clip_ratio:0.2916666567325592 - response_length_non_aborted/mean:1045.9166259765625 - response_length_non_aborted/max:2048.0 - response_length_non_aborted/min:144.0 - response_length_non_aborted/clip_ratio:0.2916666567325592 - response/aborted_ratio:0.0 - prompt_length/mean:190.5 - prompt_length/max:286.0 - prompt_length/min:138.0 - prompt_length/clip_ratio:0.0 - num_turns/min:2 - num_turns/max:2 - num_turns/mean:2.0 - timing_s/start_profile:3.0796974897384644e-05 - timing_s/agent_loop/num_preempted/min:-1 - timing_s/agent_loop/num_preempted/max:-1 - timing_s/agent_loop/num_preempted/mean:-1.0 - timing_s/agent_loop/generate_sequences/min:0.9263966679573059 - timing_s/agent_loop/generate_sequences/max:10.131640548352152 - timing_s/agent_loop/generate_sequences/mean:5.231392851429216 - timing_s/agent_loop/tool_calls/min:0.0 - timing_s/agent_loop/tool_calls/max:0.0 - timing_s/agent_loop/tool_calls/mean:0.0 - timing_s/agent_loop/slowest/generate_sequences:10.131640548352152 - timing_s/agent_loop/slowest/tool_calls:0.0 - timing_s/agent_loop/slowest/prompt_length:286 - timing_s/agent_loop/slowest/response_length:2048 - timing_s/agent_loop/slowest/num_preempted:-1 - timing_s/gen:11.530883461236954 - timing_s/fc_opd:14.02022300194949 - timing_s/reward:2.9455870389938354e-05 - timing_s/old_log_prob:6.344788772054017 - timing_s/adv:0.001633552834391594 - timing_s/update_actor:25.119050442706794 - timing_s/update_weights:5.694581605028361 - timing_s/dump_rollout_generations:0.05461023794487119 - timing_s/step:62.82257369579747 - timing_s/stop_profile:4.765111953020096e-05 - timing_per_token_ms/update_actor:0.4232501591074138 - timing_per_token_ms/gen:0.22968057248898402 - timing_per_token_ms/adv:2.7524985414699634e-05 - perf/total_num_tokens:59348 - perf/time_per_step:62.82257369579747 - perf/throughput:157.4487123248027[36m(TaskRunner pid=1148945)[0m Training Progress:   0%|          | 2/1751 [02:21<33:40:09, 69.30s/it]
[36m(TaskRunner pid=1148945)[0m WARNING:2026-07-08 06:07:01,914:41e2ff88-226a-4b69-9afe-f0409f59b670/full: padding teacher scores (261 → 2048 tokens).  Positions beyond teacher length get zero quality weight.
[36m(TaskRunner pid=1148945)[0m WARNING:2026-07-08 06:07:01,915:41e2ff88-226a-4b69-9afe-f0409f59b670/degraded: padding teacher scores (261 → 2048 tokens).  Positions beyond teacher length get zero quality weight.
[36m(TaskRunner pid=1148945)[0m WARNING:2026-07-08 06:07:01,916:41e2ff88-226a-4b69-9afe-f0409f59b670/full: padding teacher scores (261 → 2048 tokens).  Positions beyond teacher length get zero quality weight.
[36m(TaskRunner pid=1148945)[0m WARNING:2026-07-08 06:07:01,916:41e2ff88-226a-4b69-9afe-f0409f59b670/degraded: padding teacher scores (261 → 2048 tokens).  Positions beyond teacher length get zero quality weight.
[36m(TaskRunner pid=1148945)[0m WARNING:2026-07-08 06:07:01,917:41e2ff88-226a-4b69-9afe-f0409f59b670/full: padding teacher scores (261 → 2048 tokens).  Positions beyond teacher length get zero quality weight.
[36m(TaskRunner pid=1148945)[0m WARNING:2026-07-08 06:07:01,917:41e2ff88-226a-4b69-9afe-f0409f59b670/degraded: padding teacher scores (261 → 2048 tokens).  Positions beyond teacher length get zero quality weight.
[36m(TaskRunner pid=1148945)[0m WARNING:2026-07-08 06:07:01,918:41e2ff88-226a-4b69-9afe-f0409f59b670/full: padding teacher scores (261 → 2048 tokens).  Positions beyond teacher length get zero quality weight.
[36m(TaskRunner pid=1148945)[0m WARNING:2026-07-08 06:07:01,918:41e2ff88-226a-4b69-9afe-f0409f59b670/degraded: padding teacher scores (261 → 2048 tokens).  Positions beyond teacher length get zero quality weight.
[36m(TaskRunner pid=1148945)[0m WARNING:2026-07-08 06:07:01,919:41e2ff88-226a-4b69-9afe-f0409f59b670/full: padding teacher scores (261 → 2048 tokens).  Positions beyond teacher length get zero quality weight.
[36m(TaskRunner pid=1148945)[0m WARNING:2026-07-08 06:07:01,919:41e2ff88-226a-4b69-9afe-f0409f59b670/degraded: padding teacher scores (261 → 2048 tokens).  Positions beyond teacher length get zero quality weight.
[36m(TaskRunner pid=1148945)[0m WARNING:2026-07-08 06:07:01,920:41e2ff88-226a-4b69-9afe-f0409f59b670/full: padding teacher scores (261 → 2048 tokens).  Positions beyond teacher length get zero quality weight.
[36m(TaskRunner pid=1148945)[0m WARNING:2026-07-08 06:07:01,920:41e2ff88-226a-4b69-9afe-f0409f59b670/degraded: padding teacher scores (261 → 2048 tokens).  Positions beyond teacher length get zero quality weight.
[36m(TaskRunner pid=1148945)[0m WARNING:2026-07-08 06:07:01,921:41e2ff88-226a-4b69-9afe-f0409f59b670/full: padding teacher scores (261 → 514 tokens).  Positions beyond teacher length get zero quality weight.
[36m(TaskRunner pid=1148945)[0m WARNING:2026-07-08 06:07:01,921:41e2ff88-226a-4b69-9afe-f0409f59b670/degraded: padding teacher scores (261 → 514 tokens).  Positions beyond teacher length get zero quality weight.
[36m(TaskRunner pid=1148945)[0m WARNING:2026-07-08 06:07:01,922:7ace6dc0-461d-4819-bb57-38881fdebc47/full: trimming teacher scores (197 → 174 tokens).  This is expected to be rare (<1% of steps).
[36m(TaskRunner pid=1148945)[0m WARNING:2026-07-08 06:07:01,922:7ace6dc0-461d-4819-bb57-38881fdebc47/degraded: trimming teacher scores (197 → 174 tokens).  This is expected to be rare (<1% of steps).
[36m(TaskRunner pid=1148945)[0m WARNING:2026-07-08 06:07:01,922:7ace6dc0-461d-4819-bb57-38881fdebc47/full: trimming teacher scores (197 → 183 tokens).  This is expected to be rare (<1% of steps).
[36m(TaskRunner pid=1148945)[0m WARNING:2026-07-08 06:07:01,922:7ace6dc0-461d-4819-bb57-38881fdebc47/degraded: trimming teacher scores (197 → 183 tokens).  This is expected to be rare (<1% of steps).
[36m(TaskRunner pid=1148945)[0m WARNING:2026-07-08 06:07:01,922:7ace6dc0-461d-4819-bb57-38881fdebc47/full: trimming teacher scores (197 → 168 tokens).  This is expected to be rare (<1% of steps).
[36m(TaskRunner pid=1148945)[0m WARNING:2026-07-08 06:07:01,923:7ace6dc0-461d-4819-bb57-38881fdebc47/degraded: trimming teacher scores (197 → 168 tokens).  This is expected to be rare (<1% of steps).
[36m(TaskRunner pid=1148945)[0m WARNING:2026-07-08 06:07:01,923:7ace6dc0-461d-4819-bb57-38881fdebc47/full: trimming teacher scores (197 → 144 tokens).  This is expected to be rare (<1% of steps).
[36m(TaskRunner pid=1148945)[0m WARNING:2026-07-08 06:07:01,923:7ace6dc0-461d-4819-bb57-38881fdebc47/degraded: trimming teacher scores (197 → 144 tokens).  This is expected to be rare (<1% of steps).
[36m(TaskRunner pid=1148945)[0m WARNING:2026-07-08 06:07:01,923:7ace6dc0-461d-4819-bb57-38881fdebc47/full: trimming teacher scores (197 → 170 tokens).  This is expected to be rare (<1% of steps).
[36m(TaskRunner pid=1148945)[0m WARNING:2026-07-08 06:07:01,923:7ace6dc0-461d-4819-bb57-38881fdebc47/degraded: trimming teacher scores (197 → 170 tokens).  This is expected to be rare (<1% of steps).
[36m(TaskRunner pid=1148945)[0m WARNING:2026-07-08 06:07:01,924:7ace6dc0-461d-4819-bb57-38881fdebc47/full: padding teacher scores (197 → 338 tokens).  Positions beyond teacher length get zero quality weight.
[36m(TaskRunner pid=1148945)[0m WARNING:2026-07-08 06:07:01,924:7ace6dc0-461d-4819-bb57-38881fdebc47/degraded: padding teacher scores (197 → 338 tokens).  Positions beyond teacher length get zero quality weight.
[36m(TaskRunner pid=1148945)[0m WARNING:2026-07-08 06:07:01,924:7ace6dc0-461d-4819-bb57-38881fdebc47/full: padding teacher scores (197 → 216 tokens).  Positions beyond teacher length get zero quality weight.
[36m(TaskRunner pid=1148945)[0m WARNING:2026-07-08 06:07:01,924:7ace6dc0-461d-4819-bb57-38881fdebc47/degraded: padding teacher scores (197 → 216 tokens).  Positions beyond teacher length get zero quality weight.
[36m(TaskRunner pid=1148945)[0m WARNING:2026-07-08 06:07:01,933:062eaeb7-1d6c-4857-8982-a7e5617c5a2a/full: trimming teacher scores (2048 → 1871 tokens).  This is expected to be rare (<1% of steps).
[36m(TaskRunner pid=1148945)[0m WARNING:2026-07-08 06:07:01,934:062eaeb7-1d6c-4857-8982-a7e5617c5a2a/degraded: trimming teacher scores (2048 → 1871 tokens).  This is expected to be rare (<1% of steps).
[36m(TaskRunner pid=1148945)[0m WARNING:2026-07-08 06:07:01,936:062eaeb7-1d6c-4857-8982-a7e5617c5a2a/full: trimming teacher scores (2048 → 1810 tokens).  This is expected to be rare (<1% of steps).
[36m(TaskRunner pid=1148945)[0m WARNING:2026-07-08 06:07:01,936:062eaeb7-1d6c-4857-8982-a7e5617c5a2a/degraded: trimming teacher scores (2048 → 1810 tokens).  This is expected to be rare (<1% of steps).
[36m(TaskRunner pid=1148945)[0m WARNING:2026-07-08 06:07:01,939:05bd87a5-ae54-4255-a4de-96689b74644a/full: trimming teacher scores (2048 → 1299 tokens).  This is expected to be rare (<1% of steps).
[36m(TaskRunner pid=1148945)[0m WARNING:2026-07-08 06:07:01,939:05bd87a5-ae54-4255-a4de-96689b74644a/degraded: trimming teacher scores (2048 → 1299 tokens).  This is expected to be rare (<1% of steps).
[36m(TaskRunner pid=1148945)[0m WARNING:2026-07-08 06:07:01,944:05bd87a5-ae54-4255-a4de-96689b74644a/full: trimming teacher scores (2048 → 1730 tokens).  This is expected to be rare (<1% of steps).
[36m(TaskRunner pid=1148945)[0m WARNING:2026-07-08 06:07:01,944:05bd87a5-ae54-4255-a4de-96689b74644a/degraded: trimming teacher scores (2048 → 1730 tokens).  This is expected to be rare (<1% of steps).
[36m(TaskRunner pid=1148945)[0m WARNING:2026-07-08 06:07:01,945:ed74fb03-dd9f-4c40-bf2a-f92337335ffb/full: trimming teacher scores (2048 → 1912 tokens).  This is expected to be rare (<1% of steps).
[36m(TaskRunner pid=1148945)[0m WARNING:2026-07-08 06:07:01,946:ed74fb03-dd9f-4c40-bf2a-f92337335ffb/degraded: trimming teacher scores (2048 → 1912 tokens).  This is expected to be rare (<1% of steps).
[36m(TaskRunner pid=1148945)[0m WARNING:2026-07-08 06:07:02,025:========================================================================
[36m(TaskRunner pid=1148945)[0m WARNING:2026-07-08 06:07:02,025:  VA-OPD Pipeline Verification (arXiv 2605.21924 §3.2-3.3)
[36m(TaskRunner pid=1148945)[0m WARNING:2026-07-08 06:07:02,025:========================================================================
[36m(TaskRunner pid=1148945)[0m WARNING:2026-07-08 06:07:02,025:  C          = 2  conditions: ['full', 'degraded']
[36m(TaskRunner pid=1148945)[0m WARNING:2026-07-08 06:07:02,025:  loss_mode  = va_opd
[36m(TaskRunner pid=1148945)[0m WARNING:2026-07-08 06:07:02,025:  batch      = [B=48, T=2048]
[36m(TaskRunner pid=1148945)[0m WARNING:2026-07-08 06:07:02,025:  top_k      = 32
[36m(TaskRunner pid=1148945)[0m WARNING:2026-07-08 06:07:02,025:  exact_lp   = torch.Size([48, 2, 2048])  (None=tail-fallback)
[36m(TaskRunner pid=1148945)[0m WARNING:2026-07-08 06:07:02,025:  Student    = raw image + canonical question  (choices allowed, no XML)
[36m(TaskRunner pid=1148945)[0m WARNING:2026-07-08 06:07:02,025:  Teacher    = raw image + same canonical question  (no format bias)
[36m(TaskRunner pid=1148945)[0m WARNING:2026-07-08 06:07:02,025:  KL         = reverse (mode-seeking) KL(P_S || P_T)
[36m(TaskRunner pid=1148945)[0m WARNING:2026-07-08 06:07:02,025:  Formula §3.2: w^(k) = softmax(z_score(ā^(k)) / τ), sums to 1 per prompt
[36m(TaskRunner pid=1148945)[0m WARNING:2026-07-08 06:07:02,025:  Formula §3.3: L_group = 0.5·mean(KL_rev,HighVA) + 0.5·mean(KL_rev,LowVA)
[36m(TaskRunner pid=1148945)[0m WARNING:2026-07-08 06:07:02,025:  Total (formula 7): L = Σ_k w^(k)·L_group^(k)   (pure distillation, no GRPO)
[36m(TaskRunner pid=1148945)[0m WARNING:2026-07-08 06:07:02,025:========================================================================
[36m(TaskRunner pid=1148945)[0m ========================================================================
[36m(TaskRunner pid=1148945)[0m   VA-OPD Pipeline Verification (arXiv 2605.21924 §3.2-3.3)
[36m(TaskRunner pid=1148945)[0m ========================================================================
[36m(TaskRunner pid=1148945)[0m   C          = 2  conditions: ['full', 'degraded']
[36m(TaskRunner pid=1148945)[0m   loss_mode  = va_opd
[36m(TaskRunner pid=1148945)[0m   batch      = [B=48, T=2048]
[36m(TaskRunner pid=1148945)[0m   top_k      = 32
[36m(TaskRunner pid=1148945)[0m   exact_lp   = torch.Size([48, 2, 2048])  (None=tail-fallback)
[36m(TaskRunner pid=1148945)[0m   Student    = raw image + canonical question  (choices allowed, no XML)
[36m(TaskRunner pid=1148945)[0m   Teacher    = raw image + same canonical question  (no format bias)
[36m(TaskRunner pid=1148945)[0m   KL         = reverse (mode-seeking) KL(P_S || P_T)
[36m(TaskRunner pid=1148945)[0m   Formula §3.2: w^(k) = softmax(z_score(ā^(k)) / τ), sums to 1 per prompt
[36m(TaskRunner pid=1148945)[0m   Formula §3.3: L_group = 0.5·mean(KL_rev,HighVA) + 0.5·mean(KL_rev,LowVA)
[36m(TaskRunner pid=1148945)[0m   Total (formula 7): L = Σ_k w^(k)·L_group^(k)   (pure distillation, no GRPO)
[36m(TaskRunner pid=1148945)[0m ========================================================================
[36m(WorkerDict pid=1246292)[0m INFO:2026-07-08 06:07:37,943:update_weights done, time cost: 0.92s
[36m(TaskRunner pid=1148945)[0m Training Progress:   0%|          | 3/1751 [03:31<33:50:24, 69.69s/it]
[36m(TaskRunner pid=1148945)[0m WARNING:2026-07-08 06:08:12,254:1a204a2a-c1f2-4b45-88d9-278affb5a834/full: trimming teacher scores (2048 → 1328 tokens).  This is expected to be rare (<1% of steps).
[36m(TaskRunner pid=1148945)[0m WARNING:2026-07-08 06:08:12,255:1a204a2a-c1f2-4b45-88d9-278affb5a834/degraded: trimming teacher scores (2048 → 1328 tokens).  This is expected to be rare (<1% of steps).
[36m(TaskRunner pid=1148945)[0m WARNING:2026-07-08 06:08:12,257:1a204a2a-c1f2-4b45-88d9-278affb5a834/full: trimming teacher scores (2048 → 1139 tokens).  This is expected to be rare (<1% of steps).
[36m(TaskRunner pid=1148945)[0m WARNING:2026-07-08 06:08:12,258:1a204a2a-c1f2-4b45-88d9-278affb5a834/degraded: trimming teacher scores (2048 → 1139 tokens).  This is expected to be rare (<1% of steps).
[36m(TaskRunner pid=1148945)[0m WARNING:2026-07-08 06:08:12,266:4500cd10-081d-48a8-8617-7b71902bdc8b/full: trimming teacher scores (438 → 327 tokens).  This is expected to be rare (<1% of steps).
[36m(TaskRunner pid=1148945)[0m WARNING:2026-07-08 06:08:12,266:4500cd10-081d-48a8-8617-7b71902bdc8b/degraded: trimming teacher scores (438 → 327 tokens).  This is expected to be rare (<1% of steps).
[36m(TaskRunner pid=1148945)[0m WARNING:2026-07-08 06:08:12,266:4500cd10-081d-48a8-8617-7b71902bdc8b/full: padding teacher scores (438 → 1342 tokens).  Positions beyond teacher length get zero quality weight.
[36m(TaskRunner pid=1148945)[0m WARNING:2026-07-08 06:08:12,267:4500cd10-081d-48a8-8617-7b71902bdc8b/degraded: padding teacher scores (438 → 1342 tokens).  Positions beyond teacher length get zero quality weight.
[36m(TaskRunner pid=1148945)[0m WARNING:2026-07-08 06:08:12,267:4500cd10-081d-48a8-8617-7b71902bdc8b/full: padding teacher scores (438 → 575 tokens).  Positions beyond teacher length get zero quality weight.
[36m(TaskRunner pid=1148945)[0m WARNING:2026-07-08 06:08:12,268:4500cd10-081d-48a8-8617-7b71902bdc8b/degraded: padding teacher scores (438 → 575 tokens).  Positions beyond teacher length get zero quality weight.
[36m(TaskRunner pid=1148945)[0m WARNING:2026-07-08 06:08:12,268:4500cd10-081d-48a8-8617-7b71902bdc8b/full: padding teacher scores (438 → 863 tokens).  Positions beyond teacher length get zero quality weight.
[36m(TaskRunner pid=1148945)[0m WARNING:2026-07-08 06:08:12,269:4500cd10-081d-48a8-8617-7b71902bdc8b/degraded: padding teacher scores (438 → 863 tokens).  Positions beyond teacher length get zero quality weight.
[36m(TaskRunner pid=1148945)[0m WARNING:2026-07-08 06:08:12,269:4500cd10-081d-48a8-8617-7b71902bdc8b/full: trimming teacher scores (438 → 382 tokens).  This is expected to be rare (<1% of steps).
[36m(TaskRunner pid=1148945)[0m WARNING:2026-07-08 06:08:12,269:4500cd10-081d-48a8-8617-7b71902bdc8b/degraded: trimming teacher scores (438 → 382 tokens).  This is expected to be rare (<1% of steps).
[36m(TaskRunner pid=1148945)[0m WARNING:2026-07-08 06:08:12,269:4500cd10-081d-48a8-8617-7b71902bdc8b/full: padding teacher scores (438 → 595 tokens).  Positions beyond teacher length get zero quality weight.
[36m(TaskRunner pid=1148945)[0m WARNING:2026-07-08 06:08:12,270:4500cd10-081d-48a8-8617-7b71902bdc8b/degraded: padding teacher scores (438 → 595 tokens).  Positions beyond teacher length get zero quality weight.
[36m(TaskRunner pid=1148945)[0m WARNING:2026-07-08 06:08:12,270:4500cd10-081d-48a8-8617-7b71902bdc8b/full: padding teacher scores (438 → 1373 tokens).  Positions beyond teacher length get zero quality weight.
[36m(TaskRunner pid=1148945)[0m WARNING:2026-07-08 06:08:12,271:4500cd10-081d-48a8-8617-7b71902bdc8b/degraded: padding teacher scores (438 → 1373 tokens).  Positions beyond teacher length get zero quality weight.
[36m(TaskRunner pid=1148945)[0m WARNING:2026-07-08 06:08:12,272:4d37d966-00d3-42be-be10-5664ca0a5500/full: trimming teacher scores (2020 → 1151 tokens).  This is expected to be rare (<1% of steps).
[36m(TaskRunner pid=1148945)[0m WARNING:2026-07-08 06:08:12,273:4d37d966-00d3-42be-be10-5664ca0a5500/degraded: trimming teacher scores (2020 → 1151 tokens).  This is expected to be rare (<1% of steps).
[36m(TaskRunner pid=1148945)[0m WARNING:2026-07-08 06:08:12,273:4d37d966-00d3-42be-be10-5664ca0a5500/full: trimming teacher scores (2020 → 930 tokens).  This is expected to be rare (<1% of steps).
[36m(TaskRunner pid=1148945)[0m WARNING:2026-07-08 06:08:12,274:4d37d966-00d3-42be-be10-5664ca0a5500/degraded: trimming teacher scores (2020 → 930 tokens).  This is expected to be rare (<1% of steps).
[36m(TaskRunner pid=1148945)[0m WARNING:2026-07-08 06:08:12,274:4d37d966-00d3-42be-be10-5664ca0a5500/full: trimming teacher scores (2020 → 1756 tokens).  This is expected to be rare (<1% of steps).
[36m(TaskRunner pid=1148945)[0m WARNING:2026-07-08 06:08:12,275:4d37d966-00d3-42be-be10-5664ca0a5500/degraded: trimming teacher scores (2020 → 1756 tokens).  This is expected to be rare (<1% of steps).
[36m(TaskRunner pid=1148945)[0m WARNING:2026-07-08 06:08:12,275:4d37d966-00d3-42be-be10-5664ca0a5500/full: trimming teacher scores (2020 → 1088 tokens).  This is expected to be rare (<1% of steps).
[36m(TaskRunner pid=1148945)[0m WARNING:2026-07-08 06:08:12,276:4d37d966-00d3-42be-be10-5664ca0a5500/degraded: trimming teacher scores (2020 → 1088 tokens).  This is expected to be rare (<1% of steps).
[36m(TaskRunner pid=1148945)[0m WARNING:2026-07-08 06:08:12,276:4d37d966-00d3-42be-be10-5664ca0a5500/full: trimming teacher scores (2020 → 1993 tokens).  This is expected to be rare (<1% of steps).
[36m(TaskRunner pid=1148945)[0m WARNING:2026-07-08 06:08:12,276:4d37d966-00d3-42be-be10-5664ca0a5500/degraded: trimming teacher scores (2020 → 1993 tokens).  This is expected to be rare (<1% of steps).
[36m(TaskRunner pid=1148945)[0m WARNING:2026-07-08 06:08:12,277:4d37d966-00d3-42be-be10-5664ca0a5500/full: trimming teacher scores (2020 → 1255 tokens).  This is expected to be rare (<1% of steps).
[36m(TaskRunner pid=1148945)[0m WARNING:2026-07-08 06:08:12,277:4d37d966-00d3-42be-be10-5664ca0a5500/degraded: trimming teacher scores (2020 → 1255 tokens).  This is expected to be rare (<1% of steps).
[36m(TaskRunner pid=1148945)[0m WARNING:2026-07-08 06:08:12,278:4d37d966-00d3-42be-be10-5664ca0a5500/full: trimming teacher scores (2020 → 1784 tokens).  This is expected to be rare (<1% of steps).
[36m(TaskRunner pid=1148945)[0m WARNING:2026-07-08 06:08:12,278:4d37d966-00d3-42be-be10-5664ca0a5500/degraded: trimming teacher scores (2020 → 1784 tokens).  This is expected to be rare (<1% of steps).
[36m(TaskRunner pid=1148945)[0m WARNING:2026-07-08 06:08:12,279:697d6a9b-73d7-4865-aa2f-644c9daf067f/full: padding teacher scores (1227 → 1369 tokens).  Positions beyond teacher length get zero quality weight.
[36m(TaskRunner pid=1148945)[0m WARNING:2026-07-08 06:08:12,280:697d6a9b-73d7-4865-aa2f-644c9daf067f/degraded: padding teacher scores (1227 → 1369 tokens).  Positions beyond teacher length get zero quality weight.
[36m(TaskRunner pid=1148945)[0m WARNING:2026-07-08 06:08:12,281:697d6a9b-73d7-4865-aa2f-644c9daf067f/full: trimming teacher scores (1227 → 899 tokens).  This is expected to be rare (<1% of steps).
[36m(TaskRunner pid=1148945)[0m WARNING:2026-07-08 06:08:12,281:697d6a9b-73d7-4865-aa2f-644c9daf067f/degraded: trimming teacher scores (1227 → 899 tokens).  This is expected to be rare (<1% of steps).
[36m(TaskRunner pid=1148945)[0m WARNING:2026-07-08 06:08:12,281:697d6a9b-73d7-4865-aa2f-644c9daf067f/full: trimming teacher scores (1227 → 273 tokens).  This is expected to be rare (<1% of steps).
[36m(TaskRunner pid=1148945)[0m WARNING:2026-07-08 06:08:12,282:697d6a9b-73d7-4865-aa2f-644c9daf067f/degraded: trimming teacher scores (1227 → 273 tokens).  This is expected to be rare (<1% of steps).
[36m(TaskRunner pid=1148945)[0m WARNING:2026-07-08 06:08:12,282:697d6a9b-73d7-4865-aa2f-644c9daf067f/full: padding teacher scores (1227 → 2048 tokens).  Positions beyond teacher length get zero quality weight.
[36m(TaskRunner pid=1148945)[0m WARNING:2026-07-08 06:08:12,283:697d6a9b-73d7-4865-aa2f-644c9daf067f/degraded: padding teacher scores (1227 → 2048 tokens).  Positions beyond teacher length get zero quality weight.
[36m(TaskRunner pid=1148945)[0m WARNING:2026-07-08 06:08:12,284:697d6a9b-73d7-4865-aa2f-644c9daf067f/full: trimming teacher scores (1227 → 402 tokens).  This is expected to be rare (<1% of steps).
[36m(TaskRunner pid=1148945)[0m WARNING:2026-07-08 06:08:12,284:697d6a9b-73d7-4865-aa2f-644c9daf067f/degraded: trimming teacher scores (1227 → 402 tokens).  This is expected to be rare (<1% of steps).
[36m(TaskRunner pid=1148945)[0m WARNING:2026-07-08 06:08:12,284:697d6a9b-73d7-4865-aa2f-644c9daf067f/full: padding teacher scores (1227 → 2044 tokens).  Positions beyond teacher length get zero quality weight.
[36m(TaskRunner pid=1148945)[0m WARNING:2026-07-08 06:08:12,285:697d6a9b-73d7-4865-aa2f-644c9daf067f/degraded: padding teacher scores (1227 → 2044 tokens).  Positions beyond teacher length get zero quality weight.
[36m(TaskRunner pid=1148945)[0m WARNING:2026-07-08 06:08:12,286:697d6a9b-73d7-4865-aa2f-644c9daf067f/full: padding teacher scores (1227 → 2048 tokens).  Positions beyond teacher length get zero quality weight.
[36m(TaskRunner pid=1148945)[0m WARNING:2026-07-08 06:08:12,287:697d6a9b-73d7-4865-aa2f-644c9daf067f/degraded: padding teacher scores (1227 → 2048 tokens).  Positions beyond teacher length get zero quality weight.
[36m(TaskRunner pid=1148945)[0m WARNING:2026-07-08 06:08:12,399:========================================================================
[36m(TaskRunner pid=1148945)[0m WARNING:2026-07-08 06:08:12,399:  VA-OPD Pipeline Verification (arXiv 2605.21924 §3.2-3.3)
[36m(TaskRunner pid=1148945)[0m WARNING:2026-07-08 06:08:12,399:========================================================================
[36m(TaskRunner pid=1148945)[0m WARNING:2026-07-08 06:08:12,399:  C          = 2  conditions: ['full', 'degraded']
[36m(TaskRunner pid=1148945)[0m WARNING:2026-07-08 06:08:12,399:  loss_mode  = va_opd
[36m(TaskRunner pid=1148945)[0m WARNING:2026-07-08 06:08:12,399:  batch      = [B=48, T=2048]
[36m(TaskRunner pid=1148945)[0m WARNING:2026-07-08 06:08:12,399:  top_k      = 32
[36m(TaskRunner pid=1148945)[0m WARNING:2026-07-08 06:08:12,399:  exact_lp   = torch.Size([48, 2, 2048])  (None=tail-fallback)
[36m(TaskRunner pid=1148945)[0m WARNING:2026-07-08 06:08:12,399:  Student    = raw image + canonical question  (choices allowed, no XML)
[36m(TaskRunner pid=1148945)[0m WARNING:2026-07-08 06:08:12,399:  Teacher    = raw image + same canonical question  (no format bias)
[36m(TaskRunner pid=1148945)[0m WARNING:2026-07-08 06:08:12,399:  KL         = reverse (mode-seeking) KL(P_S || P_T)
[36m(TaskRunner pid=1148945)[0m WARNING:2026-07-08 06:08:12,399:  Formula §3.2: w^(k) = softmax(z_score(ā^(k)) / τ), sums to 1 per prompt
[36m(TaskRunner pid=1148945)[0m WARNING:2026-07-08 06:08:12,399:  Formula §3.3: L_group = 0.5·mean(KL_rev,HighVA) + 0.5·mean(KL_rev,LowVA)
[36m(TaskRunner pid=1148945)[0m WARNING:2026-07-08 06:08:12,399:  Total (formula 7): L = Σ_k w^(k)·L_group^(k)   (pure distillation, no GRPO)
[36m(TaskRunner pid=1148945)[0m WARNING:2026-07-08 06:08:12,399:========================================================================
[36m(TaskRunner pid=1148945)[0m ========================================================================
[36m(TaskRunner pid=1148945)[0m   VA-OPD Pipeline Verification (arXiv 2605.21924 §3.2-3.3)
[36m(TaskRunner pid=1148945)[0m ========================================================================
[36m(TaskRunner pid=1148945)[0m   C          = 2  conditions: ['full', 'degraded']
[36m(TaskRunner pid=1148945)[0m   loss_mode  = va_opd
[36m(TaskRunner pid=1148945)[0m   batch      = [B=48, T=2048]
[36m(TaskRunner pid=1148945)[0m   top_k      = 32
[36m(TaskRunner pid=1148945)[0m   exact_lp   = torch.Size([48, 2, 2048])  (None=tail-fallback)
[36m(TaskRunner pid=1148945)[0m   Student    = raw image + canonical question  (choices allowed, no XML)
[36m(TaskRunner pid=1148945)[0m   Teacher    = raw image + same canonical question  (no format bias)
[36m(TaskRunner pid=1148945)[0m   KL         = reverse (mode-seeking) KL(P_S || P_T)
[36m(TaskRunner pid=1148945)[0m   Formula §3.2: w^(k) = softmax(z_score(ā^(k)) / τ), sums to 1 per prompt
[36m(TaskRunner pid=1148945)[0m   Formula §3.3: L_group = 0.5·mean(KL_rev,HighVA) + 0.5·mean(KL_rev,LowVA)
[36m(TaskRunner pid=1148945)[0m   Total (formula 7): L = Σ_k w^(k)·L_group^(k)   (pure distillation, no GRPO)
[36m(TaskRunner pid=1148945)[0m ========================================================================
[36m(WorkerDict pid=1246292)[0m INFO:2026-07-08 06:08:47,847:update_weights done, time cost: 1.10s
[36m(TaskRunner pid=1148945)[0m Training Progress:   0%|          | 4/1751 [04:41<33:51:04, 69.76s/it]
[36m(TaskRunner pid=1148945)[0m WARNING:2026-07-08 06:09:23,620:93408b1c-5265-4611-94f3-090e91b94c76/full: trimming teacher scores (2048 → 671 tokens).  This is expected to be rare (<1% of steps).
[36m(TaskRunner pid=1148945)[0m WARNING:2026-07-08 06:09:23,621:93408b1c-5265-4611-94f3-090e91b94c76/degraded: trimming teacher scores (2048 → 671 tokens).  This is expected to be rare (<1% of steps).
[36m(TaskRunner pid=1148945)[0m WARNING:2026-07-08 06:09:23,621:93408b1c-5265-4611-94f3-090e91b94c76/full: trimming teacher scores (2048 → 315 tokens).  This is expected to be rare (<1% of steps).
[36m(TaskRunner pid=1148945)[0m WARNING:2026-07-08 06:09:23,622:93408b1c-5265-4611-94f3-090e91b94c76/degraded: trimming teacher scores (2048 → 315 tokens).  This is expected to be rare (<1% of steps).
[36m(TaskRunner pid=1148945)[0m WARNING:2026-07-08 06:09:23,624:93408b1c-5265-4611-94f3-090e91b94c76/full: trimming teacher scores (2048 → 352 tokens).  This is expected to be rare (<1% of steps).
[36m(TaskRunner pid=1148945)[0m WARNING:2026-07-08 06:09:23,625:93408b1c-5265-4611-94f3-090e91b94c76/degraded: trimming teacher scores (2048 → 352 tokens).  This is expected to be rare (<1% of steps).
[36m(TaskRunner pid=1148945)[0m WARNING:2026-07-08 06:09:23,627:b01d37c8-e625-47ad-a435-d055d6f7c742/full: trimming teacher scores (365 → 261 tokens).  This is expected to be rare (<1% of steps).
[36m(TaskRunner pid=1148945)[0m WARNING:2026-07-08 06:09:23,627:b01d37c8-e625-47ad-a435-d055d6f7c742/degraded: trimming teacher scores (365 → 261 tokens).  This is expected to be rare (<1% of steps).
[36m(TaskRunner pid=1148945)[0m WARNING:2026-07-08 06:09:23,627:b01d37c8-e625-47ad-a435-d055d6f7c742/full: padding teacher scores (365 → 580 tokens).  Positions beyond teacher length get zero quality weight.
[36m(TaskRunner pid=1148945)[0m WARNING:2026-07-08 06:09:23,628:b01d37c8-e625-47ad-a435-d055d6f7c742/degraded: padding teacher scores (365 → 580 tokens).  Positions beyond teacher length get zero quality weight.
[36m(TaskRunner pid=1148945)[0m WARNING:2026-07-08 06:09:23,628:b01d37c8-e625-47ad-a435-d055d6f7c742/full: trimming teacher scores (365 → 257 tokens).  This is expected to be rare (<1% of steps).
[36m(TaskRunner pid=1148945)[0m WARNING:2026-07-08 06:09:23,628:b01d37c8-e625-47ad-a435-d055d6f7c742/degraded: trimming teacher scores (365 → 257 tokens).  This is expected to be rare (<1% of steps).
[36m(TaskRunner pid=1148945)[0m WARNING:2026-07-08 06:09:23,629:b01d37c8-e625-47ad-a435-d055d6f7c742/full: padding teacher scores (365 → 595 tokens).  Positions beyond teacher length get zero quality weight.
[36m(TaskRunner pid=1148945)[0m WARNING:2026-07-08 06:09:23,629:b01d37c8-e625-47ad-a435-d055d6f7c742/degraded: padding teacher scores (365 → 595 tokens).  Positions beyond teacher length get zero quality weight.
[36m(TaskRunner pid=1148945)[0m WARNING:2026-07-08 06:09:23,629:b01d37c8-e625-47ad-a435-d055d6f7c742/full: padding teacher scores (365 → 2048 tokens).  Positions beyond teacher length get zero quality weight.
[36m(TaskRunner pid=1148945)[0m WARNING:2026-07-08 06:09:23,630:b01d37c8-e625-47ad-a435-d055d6f7c742/degraded: padding teacher scores (365 → 2048 tokens).  Positions beyond teacher length get zero quality weight.
[36m(TaskRunner pid=1148945)[0m WARNING:2026-07-08 06:09:23,631:b01d37c8-e625-47ad-a435-d055d6f7c742/full: padding teacher scores (365 → 453 tokens).  Positions beyond teacher length get zero quality weight.
[36m(TaskRunner pid=1148945)[0m WARNING:2026-07-08 06:09:23,631:b01d37c8-e625-47ad-a435-d055d6f7c742/degraded: padding teacher scores (365 → 453 tokens).  Positions beyond teacher length get zero quality weight.
[36m(TaskRunner pid=1148945)[0m WARNING:2026-07-08 06:09:23,631:b01d37c8-e625-47ad-a435-d055d6f7c742/full: trimming teacher scores (365 → 263 tokens).  This is expected to be rare (<1% of steps).
[36m(TaskRunner pid=1148945)[0m WARNING:2026-07-08 06:09:23,632:b01d37c8-e625-47ad-a435-d055d6f7c742/degraded: trimming teacher scores (365 → 263 tokens).  This is expected to be rare (<1% of steps).
[36m(TaskRunner pid=1148945)[0m WARNING:2026-07-08 06:09:23,758:========================================================================
[36m(TaskRunner pid=1148945)[0m WARNING:2026-07-08 06:09:23,758:  VA-OPD Pipeline Verification (arXiv 2605.21924 §3.2-3.3)
[36m(TaskRunner pid=1148945)[0m WARNING:2026-07-08 06:09:23,758:========================================================================
[36m(TaskRunner pid=1148945)[0m WARNING:2026-07-08 06:09:23,758:  C          = 2  conditions: ['full', 'degraded']
[36m(TaskRunner pid=1148945)[0m WARNING:2026-07-08 06:09:23,758:  loss_mode  = va_opd
[36m(TaskRunner pid=1148945)[0m WARNING:2026-07-08 06:09:23,758:  batch      = [B=48, T=2048]
[36m(TaskRunner pid=1148945)[0m WARNING:2026-07-08 06:09:23,758:  top_k      = 32
[36m(TaskRunner pid=1148945)[0m WARNING:2026-07-08 06:09:23,758:  exact_lp   = torch.Size([48, 2, 2048])  (None=tail-fallback)
[36m(TaskRunner pid=1148945)[0m WARNING:2026-07-08 06:09:23,758:  Student    = raw image + canonical question  (choices allowed, no XML)
[36m(TaskRunner pid=1148945)[0m WARNING:2026-07-08 06:09:23,758:  Teacher    = raw image + same canonical question  (no format bias)
[36m(TaskRunner pid=1148945)[0m WARNING:2026-07-08 06:09:23,758:  KL         = reverse (mode-seeking) KL(P_S || P_T)
[36m(TaskRunner pid=1148945)[0m WARNING:2026-07-08 06:09:23,758:  Formula §3.2: w^(k) = softmax(z_score(ā^(k)) / τ), sums to 1 per prompt
[36m(TaskRunner pid=1148945)[0m WARNING:2026-07-08 06:09:23,758:  Formula §3.3: L_group = 0.5·mean(KL_rev,HighVA) + 0.5·mean(KL_rev,LowVA)
[36m(TaskRunner pid=1148945)[0m WARNING:2026-07-08 06:09:23,758:  Total (formula 7): L = Σ_k w^(k)·L_group^(k)   (pure distillation, no GRPO)
[36m(TaskRunner pid=1148945)[0m WARNING:2026-07-08 06:09:23,758:========================================================================
[36m(TaskRunner pid=1148945)[0m ========================================================================
[36m(TaskRunner pid=1148945)[0m   VA-OPD Pipeline Verification (arXiv 2605.21924 §3.2-3.3)
[36m(TaskRunner pid=1148945)[0m ========================================================================
[36m(TaskRunner pid=1148945)[0m   C          = 2  conditions: ['full', 'degraded']
[36m(TaskRunner pid=1148945)[0m   loss_mode  = va_opd
[36m(TaskRunner pid=1148945)[0m   batch      = [B=48, T=2048]
[36m(TaskRunner pid=1148945)[0m   top_k      = 32
[36m(TaskRunner pid=1148945)[0m   exact_lp   = torch.Size([48, 2, 2048])  (None=tail-fallback)
[36m(TaskRunner pid=1148945)[0m   Student    = raw image + canonical question  (choices allowed, no XML)
[36m(TaskRunner pid=1148945)[0m   Teacher    = raw image + same canonical question  (no format bias)
[36m(TaskRunner pid=1148945)[0m   KL         = reverse (mode-seeking) KL(P_S || P_T)
[36m(TaskRunner pid=1148945)[0m   Formula §3.2: w^(k) = softmax(z_score(ā^(k)) / τ), sums to 1 per prompt
[36m(TaskRunner pid=1148945)[0m   Formula §3.3: L_group = 0.5·mean(KL_rev,HighVA) + 0.5·mean(KL_rev,LowVA)
[36m(TaskRunner pid=1148945)[0m   Total (formula 7): L = Σ_k w^(k)·L_group^(k)   (pure distillation, no GRPO)
[36m(TaskRunner pid=1148945)[0m ========================================================================
[36m(WorkerDict pid=1246292)[0m INFO:2026-07-08 06:09:58,878:update_weights done, time cost: 0.84s

[36m(TaskRunner pid=1148945)[0m Dumped generations to /inspire/hdd/global_user/mengweicheng-240108120092/lzy/projects/Dual-Track-OPD/outputs/fc_opd_overnight_noreshard_noreshard_20260708_055809/rollouts/3.jsonl
[36m(TaskRunner pid=1148945)[0m step:3 - fc_opd/hook_loss:0.0 - fc_opd/hook_num_samples:48.0 - fc_opd/hook_active_weight:157142.0 - fc_opd/online/loss:0.0 - fc_opd/online/num_samples:48.0 - global_seqlen/min:2742 - global_seqlen/max:18513 - global_seqlen/minmax_diff:15771 - global_seqlen/balanced_min:14043 - global_seqlen/balanced_max:15350 - global_seqlen/mean:14483.166666666666 - actor/entropy:0.6206408739089966 - perf/mfu/actor_infer:0 - actor/pg_loss:0.0 - actor/kl_loss:0.0 - actor/fc_opd_loss:10.878249406814575 - actor/pg_clipfrac:0.0 - actor/ppo_kl:0.0 - actor/pg_clipfrac_lower:0.0 - actor/fc_opd_denominator:1.0 - actor/fc_opd_va_opd/loss:6.127139548460643 - actor/fc_opd_va_opd/token_mean_loss:12.287303527196249 - actor/fc_opd_va_opd/rollout_weight_sum:0.4999999826153119 - actor/fc_opd_va/mean:0.1252963418761889 - actor/fc_opd_va/sparsity:0.7190104126930237 - actor/grad_norm:4.881888389587402 - perf/mfu/actor:0.015385931656423721 - perf/max_memory_allocated_gb:89.1311206817627 - perf/max_memory_reserved_gb:104.326171875 - perf/cpu_memory_used_gb:199.2920939127604 - actor/lr:2e-06 - training/global_step:3 - training/epoch:0 - critic/score/mean:0.1666666716337204 - critic/score/max:1.0 - critic/score/min:0.0 - critic/rewards/mean:0.1666666716337204 - critic/rewards/max:1.0 - critic/rewards/min:0.0 - critic/advantages/mean:0.0 - critic/advantages/max:0.0 - critic/advantages/min:0.0 - critic/returns/mean:0.0 - critic/returns/max:0.0 - critic/returns/min:0.0 - response_length/mean:1636.8958740234375 - response_length/max:2048.0 - response_length/min:144.0 - response_length/clip_ratio:0.6875 - response_length_non_aborted/mean:1636.8958740234375 - response_length_non_aborted/max:2048.0 - response_length_non_aborted/min:144.0 - response_length_non_aborted/clip_ratio:0.6875 - response/aborted_ratio:0.0 - prompt_length/mean:173.5 - prompt_length/max:318.0 - prompt_length/min:126.0 - prompt_length/clip_ratio:0.0 - num_turns/min:2 - num_turns/max:2 - num_turns/mean:2.0 - timing_s/start_profile:2.991175279021263e-05 - timing_s/agent_loop/num_preempted/min:-1 - timing_s/agent_loop/num_preempted/max:-1 - timing_s/agent_loop/num_preempted/mean:-1.0 - timing_s/agent_loop/generate_sequences/min:0.8852021326310933 - timing_s/agent_loop/generate_sequences/max:10.74339136108756 - timing_s/agent_loop/generate_sequences/mean:8.446449282375397 - timing_s/agent_loop/tool_calls/min:0.0 - timing_s/agent_loop/tool_calls/max:0.0 - timing_s/agent_loop/tool_calls/mean:0.0 - timing_s/agent_loop/slowest/generate_sequences:10.74339136108756 - timing_s/agent_loop/slowest/tool_calls:0.0 - timing_s/agent_loop/slowest/prompt_length:318 - timing_s/agent_loop/slowest/response_length:2048 - timing_s/agent_loop/slowest/num_preempted:-1 - timing_s/gen:12.102057814132422 - timing_s/fc_opd:21.4602130651474 - timing_s/reward:3.0745286494493484e-05 - timing_s/old_log_prob:6.416851877234876 - timing_s/adv:0.0017538410611450672 - timing_s/update_actor:25.28189164493233 - timing_s/update_weights:4.777076014317572 - timing_s/dump_rollout_generations:0.0634064651094377 - timing_s/step:70.15400325600058 - timing_s/stop_profile:4.4629909098148346e-05 - timing_per_token_ms/update_actor:0.29093420689458255 - timing_per_token_ms/gen:0.1540270305091245 - timing_per_token_ms/adv:2.0182522942094468e-05 - perf/total_num_tokens:86899 - perf/time_per_step:70.15400325600058 - perf/throughput:206.44818534183733
[36m(TaskRunner pid=1148945)[0m Dumped generations to /inspire/hdd/global_user/mengweicheng-240108120092/lzy/projects/Dual-Track-OPD/outputs/fc_opd_overnight_noreshard_noreshard_20260708_055809/rollouts/4.jsonl
[36m(TaskRunner pid=1148945)[0m step:4 - fc_opd/hook_loss:0.0 - fc_opd/hook_num_samples:48.0 - fc_opd/hook_active_weight:151410.0 - fc_opd/online/loss:0.0 - fc_opd/online/num_samples:48.0 - global_seqlen/min:7279 - global_seqlen/max:18736 - global_seqlen/minmax_diff:11457 - global_seqlen/balanced_min:14160 - global_seqlen/balanced_max:14205 - global_seqlen/mean:14180.166666666666 - actor/entropy:0.5511516332626343 - perf/mfu/actor_infer:0 - actor/pg_loss:0.002296670184781154 - actor/kl_loss:0.0 - actor/fc_opd_loss:11.596212108929953 - actor/pg_clipfrac:0.0 - actor/ppo_kl:0.0 - actor/pg_clipfrac_lower:0.0 - actor/fc_opd_denominator:1.0 - actor/fc_opd_va_opd/loss:6.1857410073280334 - actor/fc_opd_va_opd/token_mean_loss:11.960958878199259 - actor/fc_opd_va_opd/rollout_weight_sum:0.4999999925494194 - actor/fc_opd_va/mean:0.1310216567168633 - actor/fc_opd_va/sparsity:0.599745104710261 - actor/grad_norm:3.5598857402801514 - perf/mfu/actor:0.015148559238455045 - perf/max_memory_allocated_gb:89.1311206817627 - perf/max_memory_reserved_gb:104.326171875 - perf/cpu_memory_used_gb:199.46513748168945 - actor/lr:2e-06 - training/global_step:4 - training/epoch:0 - critic/score/mean:0.3541666567325592 - critic/score/max:1.0 - critic/score/min:0.0 - critic/rewards/mean:0.3541666567325592 - critic/rewards/max:1.0 - critic/rewards/min:0.0 - critic/advantages/mean:-0.019292321056127548 - critic/advantages/max:2.4748666286468506 - critic/advantages/min:-0.35355237126350403 - critic/returns/mean:-0.019292321056127548 - critic/returns/max:2.4748666286468506 - critic/returns/min:-0.35355237126350403 - response_length/mean:1577.1875 - response_length/max:2048.0 - response_length/min:273.0 - response_length/clip_ratio:0.5 - response_length_non_aborted/mean:1577.1875 - response_length_non_aborted/max:2048.0 - response_length_non_aborted/min:273.0 - response_length_non_aborted/clip_ratio:0.5 - response/aborted_ratio:0.0 - prompt_length/mean:195.3333282470703 - prompt_length/max:294.0 - prompt_length/min:133.0 - prompt_length/clip_ratio:0.0 - num_turns/min:2 - num_turns/max:2 - num_turns/mean:2.0 - timing_s/start_profile:2.9747840017080307e-05 - timing_s/agent_loop/num_preempted/min:-1 - timing_s/agent_loop/num_preempted/max:-1 - timing_s/agent_loop/num_preempted/mean:-1.0 - timing_s/agent_loop/generate_sequences/min:1.4875542409718037 - timing_s/agent_loop/generate_sequences/max:10.720186217222363 - timing_s/agent_loop/generate_sequences/mean:8.052240071944349 - timing_s/agent_loop/tool_calls/min:0.0 - timing_s/agent_loop/tool_calls/max:0.0 - timing_s/agent_loop/tool_calls/mean:0.0 - timing_s/agent_loop/slowest/generate_sequences:10.720186217222363 - timing_s/agent_loop/slowest/tool_calls:0.0 - timing_s/agent_loop/slowest/prompt_length:159 - timing_s/agent_loop/slowest/response_length:2048 - timing_s/agent_loop/slowest/num_preempted:-1 - timing_s/gen:11.923521184828132 - timing_s/fc_opd:21.859708562958986 - timing_s/reward:2.989126369357109e-05 - timing_s/old_log_prob:6.190735328942537 - timing_s/adv:0.0016213241033256054 - timing_s/update_actor:24.935407838318497 - timing_s/update_weights:4.8115664180368185 - timing_s/dump_rollout_generations:0.05912565719336271 - timing_s/step:69.84754650387913 - timing_s/stop_profile:4.460476338863373e-05 - timing_per_token_ms/update_actor:0.29307845274877464 - timing_per_token_ms/gen:0.15749978449016752 - timing_per_token_ms/adv:1.9056241738174273e-05 - perf/total_num_tokens:85081 - perf/time_per_step:69.84754650387913 - perf/throughput:203.01595942069548
[36m(TaskRunner pid=1148945)[0m Dumped generations to /inspire/hdd/global_user/mengweicheng-240108120092/lzy/projects/Dual-Track-OPD/outputs/fc_opd_overnight_noreshard_noreshard_20260708_055809/rollouts/5.jsonl
[36m(TaskRunner pid=1148945)[0m step:5 - fc_opd/hook_loss:0.0 - fc_opd/hook_num_samples:48.0 - fc_opd/hook_active_weight:163872.0 - fc_opd/online/loss:0.0 - fc_opd/online/num_samples:48.0 - global_seqlen/min:6006 - global_seqlen/max:19392 - global_seqlen/minmax_diff:13386 - global_seqlen/balanced_min:14952 - global_seqlen/balanced_max:16254 - global_seqlen/mean:15402.666666666666 - actor/entropy:0.5147333741188049 - perf/mfu/actor_infer:0 - actor/pg_loss:0.0 - actor/kl_loss:0.0 - actor/fc_opd_loss:11.920635143915812 - actor/pg_clipfrac:0.0 - actor/ppo_kl:0.0 - actor/pg_clipfrac_lower:0.0 - actor/fc_opd_denominator:1.0 - actor/fc_opd_va_opd/loss:6.154001156489055 - actor/fc_opd_va_opd/token_mean_loss:12.328277269999186 - actor/fc_opd_va_opd/rollout_weight_sum:0.5 - actor/fc_opd_va/mean:0.12554632686078548 - actor/fc_opd_va/sparsity:0.623940979441007 - actor/grad_norm:3.1879987716674805 - perf/mfu/actor:0.016610608847616087 - perf/max_memory_allocated_gb:89.1311206817627 - perf/max_memory_reserved_gb:104.326171875 - perf/cpu_memory_used_gb:199.77096621195474 - actor/lr:2e-06 - training/global_step:5 - training/epoch:0 - critic/score/mean:0.0 - critic/score/max:0.0 - critic/score/min:0.0 - critic/rewards/mean:0.0 - critic/rewards/max:0.0 - critic/rewards/min:0.0 - critic/advantages/mean:0.0 - critic/advantages/max:0.0 - critic/advantages/min:0.0 - critic/returns/mean:0.0 - critic/returns/max:0.0 - critic/returns/min:0.0 - response_length/mean:1707.0 - response_length/max:2048.0 - response_length/min:257.0 - response_length/clip_ratio:0.7916666865348816 - response_length_non_aborted/mean:1707.0 - response_length_non_aborted/max:2048.0 - response_length_non_aborted/min:257.0 - response_length_non_aborted/clip_ratio:0.7916666865348816 - response/aborted_ratio:0.0 - prompt_length/mean:218.3333282470703 - prompt_length/max:376.0 - prompt_length/min:148.0 - prompt_length/clip_ratio:0.0 - num_turns/min:2 - num_turns/max:2 - num_turns/mean:2.0 - timing_s/start_profile:6.0094986110925674e-05 - timing_s/agent_loop/num_preempted/min:-1 - timing_s/agent_loop/num_preempted/max:-1 - timing_s/agent_loop/num_preempted/mean:-1.0 - timing_s/agent_loop/generate_sequences/min:1.4580673617310822 - timing_s/agent_loop/generate_sequences/max:10.861267931293696 - timing_s/agent_loop/generate_sequences/mean:8.892179969329542 - timing_s/agent_loop/tool_calls/min:0.0 - timing_s/agent_loop/tool_calls/max:0.0 - timing_s/agent_loop/tool_calls/mean:0.0 - timing_s/agent_loop/slowest/generate_sequences:10.861267931293696 - timing_s/agent_loop/slowest/tool_calls:0.0 - timing_s/agent_loop/slowest/prompt_length:220 - timing_s/agent_loop/slowest/response_length:2048 - timing_s/agent_loop/slowest/num_preempted:-1 - timing_s/gen:12.24170146510005 - timing_s/fc_opd:23.039669862017035 - timing_s/reward:3.0489638447761536e-05 - timing_s/old_log_prob:6.2099406803026795 - timing_s/adv:0.0016035321168601513 - timing_s/update_actor:25.045994258020073 - timing_s/update_weights:4.328760472126305 - timing_s/dump_rollout_generations:0.05912418523803353 - timing_s/step:70.99118183273822 - timing_s/stop_profile:4.829280078411102e-05 - timing_per_token_ms/update_actor:0.2710136151534374 - timing_per_token_ms/gen:0.14940565154632945 - timing_per_token_ms/adv:1.7351239145387717e-05 - perf/total_num_tokens:92416 - perf/time_per_step:70.99118183273822 - perf/throughput:216.96591420265085[36m(TaskRunner pid=1148945)[0m Training Progress:   0%|          | 5/1751 [05:52<34:03:00, 70.21s/it]
[36m(TaskRunner pid=1148945)[0m WARNING:2026-07-08 06:10:23,288:5b2cbb84-c067-4212-aeb7-2360a4768d0c/full: trimming teacher scores (2048 → 1078 tokens).  This is expected to be rare (<1% of steps).
[36m(TaskRunner pid=1148945)[0m WARNING:2026-07-08 06:10:23,289:5b2cbb84-c067-4212-aeb7-2360a4768d0c/degraded: trimming teacher scores (2048 → 1078 tokens).  This is expected to be rare (<1% of steps).
[36m(TaskRunner pid=1148945)[0m WARNING:2026-07-08 06:10:23,291:5b2cbb84-c067-4212-aeb7-2360a4768d0c/full: trimming teacher scores (2048 → 905 tokens).  This is expected to be rare (<1% of steps).
[36m(TaskRunner pid=1148945)[0m WARNING:2026-07-08 06:10:23,291:5b2cbb84-c067-4212-aeb7-2360a4768d0c/degraded: trimming teacher scores (2048 → 905 tokens).  This is expected to be rare (<1% of steps).
[36m(TaskRunner pid=1148945)[0m WARNING:2026-07-08 06:10:23,292:5b2cbb84-c067-4212-aeb7-2360a4768d0c/full: trimming teacher scores (2048 → 842 tokens).  This is expected to be rare (<1% of steps).
[36m(TaskRunner pid=1148945)[0m WARNING:2026-07-08 06:10:23,292:5b2cbb84-c067-4212-aeb7-2360a4768d0c/degraded: trimming teacher scores (2048 → 842 tokens).  This is expected to be rare (<1% of steps).
[36m(TaskRunner pid=1148945)[0m WARNING:2026-07-08 06:10:23,294:71a10673-de74-4647-97d1-7b906d2930a1/full: padding teacher scores (146 → 156 tokens).  Positions beyond teacher length get zero quality weight.
[36m(TaskRunner pid=1148945)[0m WARNING:2026-07-08 06:10:23,294:71a10673-de74-4647-97d1-7b906d2930a1/degraded: padding teacher scores (146 → 156 tokens).  Positions beyond teacher length get zero quality weight.
[36m(TaskRunner pid=1148945)[0m WARNING:2026-07-08 06:10:23,294:71a10673-de74-4647-97d1-7b906d2930a1/full: padding teacher scores (146 → 235 tokens).  Positions beyond teacher length get zero quality weight.
[36m(TaskRunner pid=1148945)[0m WARNING:2026-07-08 06:10:23,294:71a10673-de74-4647-97d1-7b906d2930a1/degraded: padding teacher scores (146 → 235 tokens).  Positions beyond teacher length get zero quality weight.
[36m(TaskRunner pid=1148945)[0m WARNING:2026-07-08 06:10:23,295:71a10673-de74-4647-97d1-7b906d2930a1/full: padding teacher scores (146 → 267 tokens).  Positions beyond teacher length get zero quality weight.
[36m(TaskRunner pid=1148945)[0m WARNING:2026-07-08 06:10:23,295:71a10673-de74-4647-97d1-7b906d2930a1/degraded: padding teacher scores (146 → 267 tokens).  Positions beyond teacher length get zero quality weight.
[36m(TaskRunner pid=1148945)[0m WARNING:2026-07-08 06:10:23,295:71a10673-de74-4647-97d1-7b906d2930a1/full: padding teacher scores (146 → 327 tokens).  Positions beyond teacher length get zero quality weight.
[36m(TaskRunner pid=1148945)[0m WARNING:2026-07-08 06:10:23,296:71a10673-de74-4647-97d1-7b906d2930a1/degraded: padding teacher scores (146 → 327 tokens).  Positions beyond teacher length get zero quality weight.
[36m(TaskRunner pid=1148945)[0m WARNING:2026-07-08 06:10:23,296:71a10673-de74-4647-97d1-7b906d2930a1/full: padding teacher scores (146 → 199 tokens).  Positions beyond teacher length get zero quality weight.
[36m(TaskRunner pid=1148945)[0m WARNING:2026-07-08 06:10:23,296:71a10673-de74-4647-97d1-7b906d2930a1/degraded: padding teacher scores (146 → 199 tokens).  Positions beyond teacher length get zero quality weight.
[36m(TaskRunner pid=1148945)[0m WARNING:2026-07-08 06:10:23,296:71a10673-de74-4647-97d1-7b906d2930a1/full: padding teacher scores (146 → 172 tokens).  Positions beyond teacher length get zero quality weight.
[36m(TaskRunner pid=1148945)[0m WARNING:2026-07-08 06:10:23,297:71a10673-de74-4647-97d1-7b906d2930a1/degraded: padding teacher scores (146 → 172 tokens).  Positions beyond teacher length get zero quality weight.
[36m(TaskRunner pid=1148945)[0m WARNING:2026-07-08 06:10:23,297:71a10673-de74-4647-97d1-7b906d2930a1/full: padding teacher scores (146 → 203 tokens).  Positions beyond teacher length get zero quality weight.
[36m(TaskRunner pid=1148945)[0m WARNING:2026-07-08 06:10:23,297:71a10673-de74-4647-97d1-7b906d2930a1/degraded: padding teacher scores (146 → 203 tokens).  Positions beyond teacher length get zero quality weight.
[36m(TaskRunner pid=1148945)[0m WARNING:2026-07-08 06:10:23,298:5800c963-8c75-4d88-bc2a-903046c3da40/full: trimming teacher scores (1077 → 1055 tokens).  This is expected to be rare (<1% of steps).
[36m(TaskRunner pid=1148945)[0m WARNING:2026-07-08 06:10:23,298:5800c963-8c75-4d88-bc2a-903046c3da40/degraded: trimming teacher scores (1077 → 1055 tokens).  This is expected to be rare (<1% of steps).
[36m(TaskRunner pid=1148945)[0m WARNING:2026-07-08 06:10:23,299:5800c963-8c75-4d88-bc2a-903046c3da40/full: trimming teacher scores (1077 → 694 tokens).  This is expected to be rare (<1% of steps).
[36m(TaskRunner pid=1148945)[0m WARNING:2026-07-08 06:10:23,299:5800c963-8c75-4d88-bc2a-903046c3da40/degraded: trimming teacher scores (1077 → 694 tokens).  This is expected to be rare (<1% of steps).
[36m(TaskRunner pid=1148945)[0m WARNING:2026-07-08 06:10:23,299:5800c963-8c75-4d88-bc2a-903046c3da40/full: padding teacher scores (1077 → 2048 tokens).  Positions beyond teacher length get zero quality weight.
[36m(TaskRunner pid=1148945)[0m WARNING:2026-07-08 06:10:23,300:5800c963-8c75-4d88-bc2a-903046c3da40/degraded: padding teacher scores (1077 → 2048 tokens).  Positions beyond teacher length get zero quality weight.
[36m(TaskRunner pid=1148945)[0m WARNING:2026-07-08 06:10:23,301:5800c963-8c75-4d88-bc2a-903046c3da40/full: padding teacher scores (1077 → 1179 tokens).  Positions beyond teacher length get zero quality weight.
[36m(TaskRunner pid=1148945)[0m WARNING:2026-07-08 06:10:23,301:5800c963-8c75-4d88-bc2a-903046c3da40/degraded: padding teacher scores (1077 → 1179 tokens).  Positions beyond teacher length get zero quality weight.
[36m(TaskRunner pid=1148945)[0m WARNING:2026-07-08 06:10:23,302:5800c963-8c75-4d88-bc2a-903046c3da40/full: padding teacher scores (1077 → 1707 tokens).  Positions beyond teacher length get zero quality weight.
[36m(TaskRunner pid=1148945)[0m WARNING:2026-07-08 06:10:23,303:5800c963-8c75-4d88-bc2a-903046c3da40/degraded: padding teacher scores (1077 → 1707 tokens).  Positions beyond teacher length get zero quality weight.
[36m(TaskRunner pid=1148945)[0m WARNING:2026-07-08 06:10:23,303:5800c963-8c75-4d88-bc2a-903046c3da40/full: padding teacher scores (1077 → 2048 tokens).  Positions beyond teacher length get zero quality weight.
[36m(TaskRunner pid=1148945)[0m WARNING:2026-07-08 06:10:23,304:5800c963-8c75-4d88-bc2a-903046c3da40/degraded: padding teacher scores (1077 → 2048 tokens).  Positions beyond teacher length get zero quality weight.
[36m(TaskRunner pid=1148945)[0m WARNING:2026-07-08 06:10:23,305:5800c963-8c75-4d88-bc2a-903046c3da40/full: padding teacher scores (1077 → 2048 tokens).  Positions beyond teacher length get zero quality weight.
[36m(TaskRunner pid=1148945)[0m WARNING:2026-07-08 06:10:23,306:5800c963-8c75-4d88-bc2a-903046c3da40/degraded: padding teacher scores (1077 → 2048 tokens).  Positions beyond teacher length get zero quality weight.
[36m(TaskRunner pid=1148945)[0m WARNING:2026-07-08 06:10:23,307:b3ddeafa-a9bb-4fe1-b29e-c5aed48640ea/full: trimming teacher scores (212 → 182 tokens).  This is expected to be rare (<1% of steps).
[36m(TaskRunner pid=1148945)[0m WARNING:2026-07-08 06:10:23,307:b3ddeafa-a9bb-4fe1-b29e-c5aed48640ea/degraded: trimming teacher scores (212 → 182 tokens).  This is expected to be rare (<1% of steps).
[36m(TaskRunner pid=1148945)[0m WARNING:2026-07-08 06:10:23,307:b3ddeafa-a9bb-4fe1-b29e-c5aed48640ea/full: padding teacher scores (212 → 214 tokens).  Positions beyond teacher length get zero quality weight.
[36m(TaskRunner pid=1148945)[0m WARNING:2026-07-08 06:10:23,307:b3ddeafa-a9bb-4fe1-b29e-c5aed48640ea/degraded: padding teacher scores (212 → 214 tokens).  Positions beyond teacher length get zero quality weight.
[36m(TaskRunner pid=1148945)[0m WARNING:2026-07-08 06:10:23,308:b3ddeafa-a9bb-4fe1-b29e-c5aed48640ea/full: trimming teacher scores (212 → 182 tokens).  This is expected to be rare (<1% of steps).
[36m(TaskRunner pid=1148945)[0m WARNING:2026-07-08 06:10:23,308:b3ddeafa-a9bb-4fe1-b29e-c5aed48640ea/degraded: trimming teacher scores (212 → 182 tokens).  This is expected to be rare (<1% of steps).
[36m(TaskRunner pid=1148945)[0m WARNING:2026-07-08 06:10:23,308:b3ddeafa-a9bb-4fe1-b29e-c5aed48640ea/full: trimming teacher scores (212 → 123 tokens).  This is expected to be rare (<1% of steps).
[36m(TaskRunner pid=1148945)[0m WARNING:2026-07-08 06:10:23,308:b3ddeafa-a9bb-4fe1-b29e-c5aed48640ea/degraded: trimming teacher scores (212 → 123 tokens).  This is expected to be rare (<1% of steps).
[36m(TaskRunner pid=1148945)[0m WARNING:2026-07-08 06:10:23,309:b3ddeafa-a9bb-4fe1-b29e-c5aed48640ea/full: trimming teacher scores (212 → 201 tokens).  This is expected to be rare (<1% of steps).
[36m(TaskRunner pid=1148945)[0m WARNING:2026-07-08 06:10:23,309:b3ddeafa-a9bb-4fe1-b29e-c5aed48640ea/degraded: trimming teacher scores (212 → 201 tokens).  This is expected to be rare (<1% of steps).
[36m(TaskRunner pid=1148945)[0m WARNING:2026-07-08 06:10:23,309:b3ddeafa-a9bb-4fe1-b29e-c5aed48640ea/full: padding teacher scores (212 → 312 tokens).  Positions beyond teacher length get zero quality weight.
[36m(TaskRunner pid=1148945)[0m WARNING:2026-07-08 06:10:23,309:b3ddeafa-a9bb-4fe1-b29e-c5aed48640ea/degraded: padding teacher scores (212 → 312 tokens).  Positions beyond teacher length get zero quality weight.
[36m(TaskRunner pid=1148945)[0m WARNING:2026-07-08 06:10:23,310:b3ddeafa-a9bb-4fe1-b29e-c5aed48640ea/full: padding teacher scores (212 → 371 tokens).  Positions beyond teacher length get zero quality weight.
[36m(TaskRunner pid=1148945)[0m WARNING:2026-07-08 06:10:23,310:b3ddeafa-a9bb-4fe1-b29e-c5aed48640ea/degraded: padding teacher scores (212 → 371 tokens).  Positions beyond teacher length get zero quality weight.
[36m(TaskRunner pid=1148945)[0m WARNING:2026-07-08 06:10:23,311:1868e095-b285-4d3a-b127-3d6b3cb2a0c3/full: trimming teacher scores (1393 → 780 tokens).  This is expected to be rare (<1% of steps).
[36m(TaskRunner pid=1148945)[0m WARNING:2026-07-08 06:10:23,311:1868e095-b285-4d3a-b127-3d6b3cb2a0c3/degraded: trimming teacher scores (1393 → 780 tokens).  This is expected to be rare (<1% of steps).
[36m(TaskRunner pid=1148945)[0m WARNING:2026-07-08 06:10:23,312:1868e095-b285-4d3a-b127-3d6b3cb2a0c3/full: trimming teacher scores (1393 → 390 tokens).  This is expected to be rare (<1% of steps).
[36m(TaskRunner pid=1148945)[0m WARNING:2026-07-08 06:10:23,312:1868e095-b285-4d3a-b127-3d6b3cb2a0c3/degraded: trimming teacher scores (1393 → 390 tokens).  This is expected to be rare (<1% of steps).
[36m(TaskRunner pid=1148945)[0m WARNING:2026-07-08 06:10:23,312:1868e095-b285-4d3a-b127-3d6b3cb2a0c3/full: trimming teacher scores (1393 → 514 tokens).  This is expected to be rare (<1% of steps).
[36m(TaskRunner pid=1148945)[0m WARNING:2026-07-08 06:10:23,313:1868e095-b285-4d3a-b127-3d6b3cb2a0c3/degraded: trimming teacher scores (1393 → 514 tokens).  This is expected to be rare (<1% of steps).
[36m(TaskRunner pid=1148945)[0m WARNING:2026-07-08 06:10:23,313:1868e095-b285-4d3a-b127-3d6b3cb2a0c3/full: trimming teacher scores (1393 → 484 tokens).  This is expected to be rare (<1% of steps).
[36m(TaskRunner pid=1148945)[0m WARNING:2026-07-08 06:10:23,313:1868e095-b285-4d3a-b127-3d6b3cb2a0c3/degraded: trimming teacher scores (1393 → 484 tokens).  This is expected to be rare (<1% of steps).
[36m(TaskRunner pid=1148945)[0m WARNING:2026-07-08 06:10:23,314:1868e095-b285-4d3a-b127-3d6b3cb2a0c3/full: padding teacher scores (1393 → 2048 tokens).  Positions beyond teacher length get zero quality weight.
[36m(TaskRunner pid=1148945)[0m WARNING:2026-07-08 06:10:23,314:1868e095-b285-4d3a-b127-3d6b3cb2a0c3/degraded: padding teacher scores (1393 → 2048 tokens).  Positions beyond teacher length get zero quality weight.
[36m(TaskRunner pid=1148945)[0m WARNING:2026-07-08 06:10:23,315:1868e095-b285-4d3a-b127-3d6b3cb2a0c3/full: trimming teacher scores (1393 → 576 tokens).  This is expected to be rare (<1% of steps).
[36m(TaskRunner pid=1148945)[0m WARNING:2026-07-08 06:10:23,316:1868e095-b285-4d3a-b127-3d6b3cb2a0c3/degraded: trimming teacher scores (1393 → 576 tokens).  This is expected to be rare (<1% of steps).
[36m(TaskRunner pid=1148945)[0m WARNING:2026-07-08 06:10:23,316:1868e095-b285-4d3a-b127-3d6b3cb2a0c3/full: padding teacher scores (1393 → 1535 tokens).  Positions beyond teacher length get zero quality weight.
[36m(TaskRunner pid=1148945)[0m WARNING:2026-07-08 06:10:23,317:1868e095-b285-4d3a-b127-3d6b3cb2a0c3/degraded: padding teacher scores (1393 → 1535 tokens).  Positions beyond teacher length get zero quality weight.
[36m(TaskRunner pid=1148945)[0m WARNING:2026-07-08 06:10:23,318:35dbd179-be1c-4297-9a8b-f3b8e17c88b9/full: trimming teacher scores (592 → 295 tokens).  This is expected to be rare (<1% of steps).
[36m(TaskRunner pid=1148945)[0m WARNING:2026-07-08 06:10:23,318:35dbd179-be1c-4297-9a8b-f3b8e17c88b9/degraded: trimming teacher scores (592 → 295 tokens).  This is expected to be rare (<1% of steps).
[36m(TaskRunner pid=1148945)[0m WARNING:2026-07-08 06:10:23,318:35dbd179-be1c-4297-9a8b-f3b8e17c88b9/full: trimming teacher scores (592 → 379 tokens).  This is expected to be rare (<1% of steps).
[36m(TaskRunner pid=1148945)[0m WARNING:2026-07-08 06:10:23,318:35dbd179-be1c-4297-9a8b-f3b8e17c88b9/degraded: trimming teacher scores (592 → 379 tokens).  This is expected to be rare (<1% of steps).
[36m(TaskRunner pid=1148945)[0m WARNING:2026-07-08 06:10:23,319:35dbd179-be1c-4297-9a8b-f3b8e17c88b9/full: trimming teacher scores (592 → 587 tokens).  This is expected to be rare (<1% of steps).
[36m(TaskRunner pid=1148945)[0m WARNING:2026-07-08 06:10:23,319:35dbd179-be1c-4297-9a8b-f3b8e17c88b9/degraded: trimming teacher scores (592 → 587 tokens).  This is expected to be rare (<1% of steps).
[36m(TaskRunner pid=1148945)[0m WARNING:2026-07-08 06:10:23,319:35dbd179-be1c-4297-9a8b-f3b8e17c88b9/full: trimming teacher scores (592 → 349 tokens).  This is expected to be rare (<1% of steps).
[36m(TaskRunner pid=1148945)[0m WARNING:2026-07-08 06:10:23,319:35dbd179-be1c-4297-9a8b-f3b8e17c88b9/degraded: trimming teacher scores (592 → 349 tokens).  This is expected to be rare (<1% of steps).
[36m(TaskRunner pid=1148945)[0m WARNING:2026-07-08 06:10:23,320:35dbd179-be1c-4297-9a8b-f3b8e17c88b9/full: trimming teacher scores (592 → 253 tokens).  This is expected to be rare (<1% of steps).
[36m(TaskRunner pid=1148945)[0m WARNING:2026-07-08 06:10:23,320:35dbd179-be1c-4297-9a8b-f3b8e17c88b9/degraded: trimming teacher scores (592 → 253 tokens).  This is expected to be rare (<1% of steps).
[36m(TaskRunner pid=1148945)[0m WARNING:2026-07-08 06:10:23,320:35dbd179-be1c-4297-9a8b-f3b8e17c88b9/full: trimming teacher scores (592 → 225 tokens).  This is expected to be rare (<1% of steps).
[36m(TaskRunner pid=1148945)[0m WARNING:2026-07-08 06:10:23,320:35dbd179-be1c-4297-9a8b-f3b8e17c88b9/degraded: trimming teacher scores (592 → 225 tokens).  This is expected to be rare (<1% of steps).
[36m(TaskRunner pid=1148945)[0m WARNING:2026-07-08 06:10:23,321:35dbd179-be1c-4297-9a8b-f3b8e17c88b9/full: trimming teacher scores (592 → 258 tokens).  This is expected to be rare (<1% of steps).
[36m(TaskRunner pid=1148945)[0m WARNING:2026-07-08 06:10:23,321:35dbd179-be1c-4297-9a8b-f3b8e17c88b9/degraded: trimming teacher scores (592 → 258 tokens).  This is expected to be rare (<1% of steps).
[36m(TaskRunner pid=1148945)[0m WARNING:2026-07-08 06:10:23,399:========================================================================
[36m(TaskRunner pid=1148945)[0m WARNING:2026-07-08 06:10:23,399:  VA-OPD Pipeline Verification (arXiv 2605.21924 §3.2-3.3)
[36m(TaskRunner pid=1148945)[0m WARNING:2026-07-08 06:10:23,399:========================================================================
[36m(TaskRunner pid=1148945)[0m WARNING:2026-07-08 06:10:23,399:  C          = 2  conditions: ['full', 'degraded']
[36m(TaskRunner pid=1148945)[0m WARNING:2026-07-08 06:10:23,399:  loss_mode  = va_opd
[36m(TaskRunner pid=1148945)[0m WARNING:2026-07-08 06:10:23,399:  batch      = [B=48, T=2048]
[36m(TaskRunner pid=1148945)[0m WARNING:2026-07-08 06:10:23,399:  top_k      = 32
[36m(TaskRunner pid=1148945)[0m WARNING:2026-07-08 06:10:23,399:  exact_lp   = torch.Size([48, 2, 2048])  (None=tail-fallback)
[36m(TaskRunner pid=1148945)[0m WARNING:2026-07-08 06:10:23,399:  Student    = raw image + canonical question  (choices allowed, no XML)
[36m(TaskRunner pid=1148945)[0m WARNING:2026-07-08 06:10:23,399:  Teacher    = raw image + same canonical question  (no format bias)
[36m(TaskRunner pid=1148945)[0m WARNING:2026-07-08 06:10:23,399:  KL         = reverse (mode-seeking) KL(P_S || P_T)
[36m(TaskRunner pid=1148945)[0m WARNING:2026-07-08 06:10:23,399:  Formula §3.2: w^(k) = softmax(z_score(ā^(k)) / τ), sums to 1 per prompt
[36m(TaskRunner pid=1148945)[0m WARNING:2026-07-08 06:10:23,399:  Formula §3.3: L_group = 0.5·mean(KL_rev,HighVA) + 0.5·mean(KL_rev,LowVA)
[36m(TaskRunner pid=1148945)[0m WARNING:2026-07-08 06:10:23,399:  Total (formula 7): L = Σ_k w^(k)·L_group^(k)   (pure distillation, no GRPO)
[36m(TaskRunner pid=1148945)[0m WARNING:2026-07-08 06:10:23,399:========================================================================
[36m(TaskRunner pid=1148945)[0m ========================================================================
[36m(TaskRunner pid=1148945)[0m   VA-OPD Pipeline Verification (arXiv 2605.21924 §3.2-3.3)
[36m(TaskRunner pid=1148945)[0m ========================================================================
[36m(TaskRunner pid=1148945)[0m   C          = 2  conditions: ['full', 'degraded']
[36m(TaskRunner pid=1148945)[0m   loss_mode  = va_opd
[36m(TaskRunner pid=1148945)[0m   batch      = [B=48, T=2048]
[36m(TaskRunner pid=1148945)[0m   top_k      = 32
[36m(TaskRunner pid=1148945)[0m   exact_lp   = torch.Size([48, 2, 2048])  (None=tail-fallback)
[36m(TaskRunner pid=1148945)[0m   Student    = raw image + canonical question  (choices allowed, no XML)
[36m(TaskRunner pid=1148945)[0m   Teacher    = raw image + same canonical question  (no format bias)
[36m(TaskRunner pid=1148945)[0m   KL         = reverse (mode-seeking) KL(P_S || P_T)
[36m(TaskRunner pid=1148945)[0m   Formula §3.2: w^(k) = softmax(z_score(ā^(k)) / τ), sums to 1 per prompt
[36m(TaskRunner pid=1148945)[0m   Formula §3.3: L_group = 0.5·mean(KL_rev,HighVA) + 0.5·mean(KL_rev,LowVA)
[36m(TaskRunner pid=1148945)[0m   Total (formula 7): L = Σ_k w^(k)·L_group^(k)   (pure distillation, no GRPO)
[36m(TaskRunner pid=1148945)[0m ========================================================================
[36m(WorkerDict pid=1246292)[0m INFO:2026-07-08 06:10:59,874:update_weights done, time cost: 0.83s
[36m(TaskRunner pid=1148945)[0m Training Progress:   0%|          | 6/1751 [06:53<32:33:29, 67.17s/it]
[36m(TaskRunner pid=1148945)[0m WARNING:2026-07-08 06:11:25,084:7118ebfb-e536-4aea-b63d-56d0755c86c4/full: trimming teacher scores (381 → 278 tokens).  This is expected to be rare (<1% of steps).
[36m(TaskRunner pid=1148945)[0m WARNING:2026-07-08 06:11:25,084:7118ebfb-e536-4aea-b63d-56d0755c86c4/degraded: trimming teacher scores (381 → 278 tokens).  This is expected to be rare (<1% of steps).
[36m(TaskRunner pid=1148945)[0m WARNING:2026-07-08 06:11:25,084:7118ebfb-e536-4aea-b63d-56d0755c86c4/full: trimming teacher scores (381 → 303 tokens).  This is expected to be rare (<1% of steps).
[36m(TaskRunner pid=1148945)[0m WARNING:2026-07-08 06:11:25,084:7118ebfb-e536-4aea-b63d-56d0755c86c4/degraded: trimming teacher scores (381 → 303 tokens).  This is expected to be rare (<1% of steps).
[36m(TaskRunner pid=1148945)[0m WARNING:2026-07-08 06:11:25,085:7118ebfb-e536-4aea-b63d-56d0755c86c4/full: trimming teacher scores (381 → 194 tokens).  This is expected to be rare (<1% of steps).
[36m(TaskRunner pid=1148945)[0m WARNING:2026-07-08 06:11:25,085:7118ebfb-e536-4aea-b63d-56d0755c86c4/degraded: trimming teacher scores (381 → 194 tokens).  This is expected to be rare (<1% of steps).
[36m(TaskRunner pid=1148945)[0m WARNING:2026-07-08 06:11:25,085:7118ebfb-e536-4aea-b63d-56d0755c86c4/full: trimming teacher scores (381 → 258 tokens).  This is expected to be rare (<1% of steps).
[36m(TaskRunner pid=1148945)[0m WARNING:2026-07-08 06:11:25,085:7118ebfb-e536-4aea-b63d-56d0755c86c4/degraded: trimming teacher scores (381 → 258 tokens).  This is expected to be rare (<1% of steps).
[36m(TaskRunner pid=1148945)[0m WARNING:2026-07-08 06:11:25,086:7118ebfb-e536-4aea-b63d-56d0755c86c4/full: trimming teacher scores (381 → 232 tokens).  This is expected to be rare (<1% of steps).
[36m(TaskRunner pid=1148945)[0m WARNING:2026-07-08 06:11:25,086:7118ebfb-e536-4aea-b63d-56d0755c86c4/degraded: trimming teacher scores (381 → 232 tokens).  This is expected to be rare (<1% of steps).
[36m(TaskRunner pid=1148945)[0m WARNING:2026-07-08 06:11:25,086:7118ebfb-e536-4aea-b63d-56d0755c86c4/full: trimming teacher scores (381 → 242 tokens).  This is expected to be rare (<1% of steps).
[36m(TaskRunner pid=1148945)[0m WARNING:2026-07-08 06:11:25,086:7118ebfb-e536-4aea-b63d-56d0755c86c4/degraded: trimming teacher scores (381 → 242 tokens).  This is expected to be rare (<1% of steps).
[36m(TaskRunner pid=1148945)[0m WARNING:2026-07-08 06:11:25,087:7118ebfb-e536-4aea-b63d-56d0755c86c4/full: trimming teacher scores (381 → 239 tokens).  This is expected to be rare (<1% of steps).
[36m(TaskRunner pid=1148945)[0m WARNING:2026-07-08 06:11:25,087:7118ebfb-e536-4aea-b63d-56d0755c86c4/degraded: trimming teacher scores (381 → 239 tokens).  This is expected to be rare (<1% of steps).
[36m(TaskRunner pid=1148945)[0m WARNING:2026-07-08 06:11:25,087:11253ad8-344a-437c-8a87-fe0755fbe6f2/full: padding teacher scores (491 → 1444 tokens).  Positions beyond teacher length get zero quality weight.
[36m(TaskRunner pid=1148945)[0m WARNING:2026-07-08 06:11:25,088:11253ad8-344a-437c-8a87-fe0755fbe6f2/degraded: padding teacher scores (491 → 1444 tokens).  Positions beyond teacher length get zero quality weight.
[36m(TaskRunner pid=1148945)[0m WARNING:2026-07-08 06:11:25,088:11253ad8-344a-437c-8a87-fe0755fbe6f2/full: trimming teacher scores (491 → 377 tokens).  This is expected to be rare (<1% of steps).
[36m(TaskRunner pid=1148945)[0m WARNING:2026-07-08 06:11:25,089:11253ad8-344a-437c-8a87-fe0755fbe6f2/degraded: trimming teacher scores (491 → 377 tokens).  This is expected to be rare (<1% of steps).
[36m(TaskRunner pid=1148945)[0m WARNING:2026-07-08 06:11:25,089:11253ad8-344a-437c-8a87-fe0755fbe6f2/full: trimming teacher scores (491 → 332 tokens).  This is expected to be rare (<1% of steps).
[36m(TaskRunner pid=1148945)[0m WARNING:2026-07-08 06:11:25,089:11253ad8-344a-437c-8a87-fe0755fbe6f2/degraded: trimming teacher scores (491 → 332 tokens).  This is expected to be rare (<1% of steps).
[36m(TaskRunner pid=1148945)[0m WARNING:2026-07-08 06:11:25,089:11253ad8-344a-437c-8a87-fe0755fbe6f2/full: padding teacher scores (491 → 1155 tokens).  Positions beyond teacher length get zero quality weight.
[36m(TaskRunner pid=1148945)[0m WARNING:2026-07-08 06:11:25,090:11253ad8-344a-437c-8a87-fe0755fbe6f2/degraded: padding teacher scores (491 → 1155 tokens).  Positions beyond teacher length get zero quality weight.
[36m(TaskRunner pid=1148945)[0m WARNING:2026-07-08 06:11:25,090:11253ad8-344a-437c-8a87-fe0755fbe6f2/full: padding teacher scores (491 → 768 tokens).  Positions beyond teacher length get zero quality weight.
[36m(TaskRunner pid=1148945)[0m WARNING:2026-07-08 06:11:25,090:11253ad8-344a-437c-8a87-fe0755fbe6f2/degraded: padding teacher scores (491 → 768 tokens).  Positions beyond teacher length get zero quality weight.
[36m(TaskRunner pid=1148945)[0m WARNING:2026-07-08 06:11:25,091:11253ad8-344a-437c-8a87-fe0755fbe6f2/full: trimming teacher scores (491 → 468 tokens).  This is expected to be rare (<1% of steps).
[36m(TaskRunner pid=1148945)[0m WARNING:2026-07-08 06:11:25,091:11253ad8-344a-437c-8a87-fe0755fbe6f2/degraded: trimming teacher scores (491 → 468 tokens).  This is expected to be rare (<1% of steps).
[36m(TaskRunner pid=1148945)[0m WARNING:2026-07-08 06:11:25,091:11253ad8-344a-437c-8a87-fe0755fbe6f2/full: trimming teacher scores (491 → 268 tokens).  This is expected to be rare (<1% of steps).
[36m(TaskRunner pid=1148945)[0m WARNING:2026-07-08 06:11:25,091:11253ad8-344a-437c-8a87-fe0755fbe6f2/degraded: trimming teacher scores (491 → 268 tokens).  This is expected to be rare (<1% of steps).
[36m(TaskRunner pid=1148945)[0m WARNING:2026-07-08 06:11:25,093:4846dc76-6475-475f-a886-e5f745463c53/full: padding teacher scores (2017 → 2048 tokens).  Positions beyond teacher length get zero quality weight.
[36m(TaskRunner pid=1148945)[0m WARNING:2026-07-08 06:11:25,093:4846dc76-6475-475f-a886-e5f745463c53/degraded: padding teacher scores (2017 → 2048 tokens).  Positions beyond teacher length get zero quality weight.
[36m(TaskRunner pid=1148945)[0m WARNING:2026-07-08 06:11:25,094:4846dc76-6475-475f-a886-e5f745463c53/full: padding teacher scores (2017 → 2048 tokens).  Positions beyond teacher length get zero quality weight.
[36m(TaskRunner pid=1148945)[0m WARNING:2026-07-08 06:11:25,095:4846dc76-6475-475f-a886-e5f745463c53/degraded: padding teacher scores (2017 → 2048 tokens).  Positions beyond teacher length get zero quality weight.
[36m(TaskRunner pid=1148945)[0m WARNING:2026-07-08 06:11:25,096:4846dc76-6475-475f-a886-e5f745463c53/full: padding teacher scores (2017 → 2048 tokens).  Positions beyond teacher length get zero quality weight.
[36m(TaskRunner pid=1148945)[0m WARNING:2026-07-08 06:11:25,096:4846dc76-6475-475f-a886-e5f745463c53/degraded: padding teacher scores (2017 → 2048 tokens).  Positions beyond teacher length get zero quality weight.
[36m(TaskRunner pid=1148945)[0m WARNING:2026-07-08 06:11:25,097:4846dc76-6475-475f-a886-e5f745463c53/full: trimming teacher scores (2017 → 1571 tokens).  This is expected to be rare (<1% of steps).
[36m(TaskRunner pid=1148945)[0m WARNING:2026-07-08 06:11:25,097:4846dc76-6475-475f-a886-e5f745463c53/degraded: trimming teacher scores (2017 → 1571 tokens).  This is expected to be rare (<1% of steps).
[36m(TaskRunner pid=1148945)[0m WARNING:2026-07-08 06:11:25,098:4846dc76-6475-475f-a886-e5f745463c53/full: padding teacher scores (2017 → 2048 tokens).  Positions beyond teacher length get zero quality weight.
[36m(TaskRunner pid=1148945)[0m WARNING:2026-07-08 06:11:25,098:4846dc76-6475-475f-a886-e5f745463c53/degraded: padding teacher scores (2017 → 2048 tokens).  Positions beyond teacher length get zero quality weight.
[36m(TaskRunner pid=1148945)[0m WARNING:2026-07-08 06:11:25,099:4846dc76-6475-475f-a886-e5f745463c53/full: padding teacher scores (2017 → 2048 tokens).  Positions beyond teacher length get zero quality weight.
[36m(TaskRunner pid=1148945)[0m WARNING:2026-07-08 06:11:25,100:4846dc76-6475-475f-a886-e5f745463c53/degraded: padding teacher scores (2017 → 2048 tokens).  Positions beyond teacher length get zero quality weight.
[36m(TaskRunner pid=1148945)[0m WARNING:2026-07-08 06:11:25,100:4846dc76-6475-475f-a886-e5f745463c53/full: trimming teacher scores (2017 → 1987 tokens).  This is expected to be rare (<1% of steps).
[36m(TaskRunner pid=1148945)[0m WARNING:2026-07-08 06:11:25,101:4846dc76-6475-475f-a886-e5f745463c53/degraded: trimming teacher scores (2017 → 1987 tokens).  This is expected to be rare (<1% of steps).
[36m(TaskRunner pid=1148945)[0m WARNING:2026-07-08 06:11:25,101:012f27c2-8ddc-4676-bac0-a830fc881312/full: padding teacher scores (276 → 289 tokens).  Positions beyond teacher length get zero quality weight.
[36m(TaskRunner pid=1148945)[0m WARNING:2026-07-08 06:11:25,102:012f27c2-8ddc-4676-bac0-a830fc881312/degraded: padding teacher scores (276 → 289 tokens).  Positions beyond teacher length get zero quality weight.
[36m(TaskRunner pid=1148945)[0m WARNING:2026-07-08 06:11:25,102:012f27c2-8ddc-4676-bac0-a830fc881312/full: padding teacher scores (276 → 343 tokens).  Positions beyond teacher length get zero quality weight.
[36m(TaskRunner pid=1148945)[0m WARNING:2026-07-08 06:11:25,102:012f27c2-8ddc-4676-bac0-a830fc881312/degraded: padding teacher scores (276 → 343 tokens).  Positions beyond teacher length get zero quality weight.
[36m(TaskRunner pid=1148945)[0m WARNING:2026-07-08 06:11:25,103:012f27c2-8ddc-4676-bac0-a830fc881312/full: padding teacher scores (276 → 285 tokens).  Positions beyond teacher length get zero quality weight.
[36m(TaskRunner pid=1148945)[0m WARNING:2026-07-08 06:11:25,103:012f27c2-8ddc-4676-bac0-a830fc881312/degraded: padding teacher scores (276 → 285 tokens).  Positions beyond teacher length get zero quality weight.
[36m(TaskRunner pid=1148945)[0m WARNING:2026-07-08 06:11:25,103:012f27c2-8ddc-4676-bac0-a830fc881312/full: padding teacher scores (276 → 301 tokens).  Positions beyond teacher length get zero quality weight.
[36m(TaskRunner pid=1148945)[0m WARNING:2026-07-08 06:11:25,103:012f27c2-8ddc-4676-bac0-a830fc881312/degraded: padding teacher scores (276 → 301 tokens).  Positions beyond teacher length get zero quality weight.
[36m(TaskRunner pid=1148945)[0m WARNING:2026-07-08 06:11:25,104:012f27c2-8ddc-4676-bac0-a830fc881312/full: padding teacher scores (276 → 345 tokens).  Positions beyond teacher length get zero quality weight.
[36m(TaskRunner pid=1148945)[0m WARNING:2026-07-08 06:11:25,104:012f27c2-8ddc-4676-bac0-a830fc881312/degraded: padding teacher scores (276 → 345 tokens).  Positions beyond teacher length get zero quality weight.
[36m(TaskRunner pid=1148945)[0m WARNING:2026-07-08 06:11:25,105:012f27c2-8ddc-4676-bac0-a830fc881312/full: padding teacher scores (276 → 329 tokens).  Positions beyond teacher length get zero quality weight.
[36m(TaskRunner pid=1148945)[0m WARNING:2026-07-08 06:11:25,105:012f27c2-8ddc-4676-bac0-a830fc881312/degraded: padding teacher scores (276 → 329 tokens).  Positions beyond teacher length get zero quality weight.
[36m(TaskRunner pid=1148945)[0m WARNING:2026-07-08 06:11:25,105:012f27c2-8ddc-4676-bac0-a830fc881312/full: padding teacher scores (276 → 370 tokens).  Positions beyond teacher length get zero quality weight.
[36m(TaskRunner pid=1148945)[0m WARNING:2026-07-08 06:11:25,105:012f27c2-8ddc-4676-bac0-a830fc881312/degraded: padding teacher scores (276 → 370 tokens).  Positions beyond teacher length get zero quality weight.
[36m(TaskRunner pid=1148945)[0m WARNING:2026-07-08 06:11:25,106:ee174659-c384-4386-8eef-45b210b2e362/full: trimming teacher scores (190 → 129 tokens).  This is expected to be rare (<1% of steps).
[36m(TaskRunner pid=1148945)[0m WARNING:2026-07-08 06:11:25,106:ee174659-c384-4386-8eef-45b210b2e362/degraded: trimming teacher scores (190 → 129 tokens).  This is expected to be rare (<1% of steps).
[36m(TaskRunner pid=1148945)[0m WARNING:2026-07-08 06:11:25,106:ee174659-c384-4386-8eef-45b210b2e362/full: trimming teacher scores (190 → 163 tokens).  This is expected to be rare (<1% of steps).
[36m(TaskRunner pid=1148945)[0m WARNING:2026-07-08 06:11:25,106:ee174659-c384-4386-8eef-45b210b2e362/degraded: trimming teacher scores (190 → 163 tokens).  This is expected to be rare (<1% of steps).
[36m(TaskRunner pid=1148945)[0m WARNING:2026-07-08 06:11:25,107:ee174659-c384-4386-8eef-45b210b2e362/full: padding teacher scores (190 → 213 tokens).  Positions beyond teacher length get zero quality weight.
[36m(TaskRunner pid=1148945)[0m WARNING:2026-07-08 06:11:25,107:ee174659-c384-4386-8eef-45b210b2e362/degraded: padding teacher scores (190 → 213 tokens).  Positions beyond teacher length get zero quality weight.
[36m(TaskRunner pid=1148945)[0m WARNING:2026-07-08 06:11:25,107:ee174659-c384-4386-8eef-45b210b2e362/full: trimming teacher scores (190 → 187 tokens).  This is expected to be rare (<1% of steps).
[36m(TaskRunner pid=1148945)[0m WARNING:2026-07-08 06:11:25,107:ee174659-c384-4386-8eef-45b210b2e362/degraded: trimming teacher scores (190 → 187 tokens).  This is expected to be rare (<1% of steps).
[36m(TaskRunner pid=1148945)[0m WARNING:2026-07-08 06:11:25,107:ee174659-c384-4386-8eef-45b210b2e362/full: trimming teacher scores (190 → 179 tokens).  This is expected to be rare (<1% of steps).
[36m(TaskRunner pid=1148945)[0m WARNING:2026-07-08 06:11:25,108:ee174659-c384-4386-8eef-45b210b2e362/degraded: trimming teacher scores (190 → 179 tokens).  This is expected to be rare (<1% of steps).
[36m(TaskRunner pid=1148945)[0m WARNING:2026-07-08 06:11:25,108:ee174659-c384-4386-8eef-45b210b2e362/full: padding teacher scores (190 → 220 tokens).  Positions beyond teacher length get zero quality weight.
[36m(TaskRunner pid=1148945)[0m WARNING:2026-07-08 06:11:25,108:ee174659-c384-4386-8eef-45b210b2e362/degraded: padding teacher scores (190 → 220 tokens).  Positions beyond teacher length get zero quality weight.
[36m(TaskRunner pid=1148945)[0m WARNING:2026-07-08 06:11:25,108:ee174659-c384-4386-8eef-45b210b2e362/full: padding teacher scores (190 → 1682 tokens).  Positions beyond teacher length get zero quality weight.
[36m(TaskRunner pid=1148945)[0m WARNING:2026-07-08 06:11:25,109:ee174659-c384-4386-8eef-45b210b2e362/degraded: padding teacher scores (190 → 1682 tokens).  Positions beyond teacher length get zero quality weight.
[36m(TaskRunner pid=1148945)[0m WARNING:2026-07-08 06:11:25,110:ffea017f-fe9b-4ed7-8079-697dc795d1f3/full: padding teacher scores (1635 → 2048 tokens).  Positions beyond teacher length get zero quality weight.
[36m(TaskRunner pid=1148945)[0m WARNING:2026-07-08 06:11:25,111:ffea017f-fe9b-4ed7-8079-697dc795d1f3/degraded: padding teacher scores (1635 → 2048 tokens).  Positions beyond teacher length get zero quality weight.
[36m(TaskRunner pid=1148945)[0m WARNING:2026-07-08 06:11:25,111:ffea017f-fe9b-4ed7-8079-697dc795d1f3/full: trimming teacher scores (1635 → 1443 tokens).  This is expected to be rare (<1% of steps).
[36m(TaskRunner pid=1148945)[0m WARNING:2026-07-08 06:11:25,112:ffea017f-fe9b-4ed7-8079-697dc795d1f3/degraded: trimming teacher scores (1635 → 1443 tokens).  This is expected to be rare (<1% of steps).
[36m(TaskRunner pid=1148945)[0m WARNING:2026-07-08 06:11:25,112:ffea017f-fe9b-4ed7-8079-697dc795d1f3/full: padding teacher scores (1635 → 2048 tokens).  Positions beyond teacher length get zero quality weight.
[36m(TaskRunner pid=1148945)[0m WARNING:2026-07-08 06:11:25,113:ffea017f-fe9b-4ed7-8079-697dc795d1f3/degraded: padding teacher scores (1635 → 2048 tokens).  Positions beyond teacher length get zero quality weight.
[36m(TaskRunner pid=1148945)[0m WARNING:2026-07-08 06:11:25,114:ffea017f-fe9b-4ed7-8079-697dc795d1f3/full: padding teacher scores (1635 → 2048 tokens).  Positions beyond teacher length get zero quality weight.
[36m(TaskRunner pid=1148945)[0m WARNING:2026-07-08 06:11:25,114:ffea017f-fe9b-4ed7-8079-697dc795d1f3/degraded: padding teacher scores (1635 → 2048 tokens).  Positions beyond teacher length get zero quality weight.
[36m(TaskRunner pid=1148945)[0m WARNING:2026-07-08 06:11:25,115:ffea017f-fe9b-4ed7-8079-697dc795d1f3/full: padding teacher scores (1635 → 2048 tokens).  Positions beyond teacher length get zero quality weight.
[36m(TaskRunner pid=1148945)[0m WARNING:2026-07-08 06:11:25,116:ffea017f-fe9b-4ed7-8079-697dc795d1f3/degraded: padding teacher scores (1635 → 2048 tokens).  Positions beyond teacher length get zero quality weight.
[36m(TaskRunner pid=1148945)[0m WARNING:2026-07-08 06:11:25,116:ffea017f-fe9b-4ed7-8079-697dc795d1f3/full: padding teacher scores (1635 → 2048 tokens).  Positions beyond teacher length get zero quality weight.
[36m(TaskRunner pid=1148945)[0m WARNING:2026-07-08 06:11:25,117:ffea017f-fe9b-4ed7-8079-697dc795d1f3/degraded: padding teacher scores (1635 → 2048 tokens).  Positions beyond teacher length get zero quality weight.
[36m(TaskRunner pid=1148945)[0m WARNING:2026-07-08 06:11:25,118:ffea017f-fe9b-4ed7-8079-697dc795d1f3/full: padding teacher scores (1635 → 2048 tokens).  Positions beyond teacher length get zero quality weight.
[36m(TaskRunner pid=1148945)[0m WARNING:2026-07-08 06:11:25,118:ffea017f-fe9b-4ed7-8079-697dc795d1f3/degraded: padding teacher scores (1635 → 2048 tokens).  Positions beyond teacher length get zero quality weight.
[36m(TaskRunner pid=1148945)[0m WARNING:2026-07-08 06:11:25,198:========================================================================
[36m(TaskRunner pid=1148945)[0m WARNING:2026-07-08 06:11:25,198:  VA-OPD Pipeline Verification (arXiv 2605.21924 §3.2-3.3)
[36m(TaskRunner pid=1148945)[0m WARNING:2026-07-08 06:11:25,198:========================================================================
[36m(TaskRunner pid=1148945)[0m WARNING:2026-07-08 06:11:25,199:  C          = 2  conditions: ['full', 'degraded']
[36m(TaskRunner pid=1148945)[0m WARNING:2026-07-08 06:11:25,199:  loss_mode  = va_opd
[36m(TaskRunner pid=1148945)[0m WARNING:2026-07-08 06:11:25,199:  batch      = [B=48, T=2048]
[36m(TaskRunner pid=1148945)[0m WARNING:2026-07-08 06:11:25,199:  top_k      = 32
[36m(TaskRunner pid=1148945)[0m WARNING:2026-07-08 06:11:25,199:  exact_lp   = torch.Size([48, 2, 2048])  (None=tail-fallback)
[36m(TaskRunner pid=1148945)[0m WARNING:2026-07-08 06:11:25,199:  Student    = raw image + canonical question  (choices allowed, no XML)
[36m(TaskRunner pid=1148945)[0m WARNING:2026-07-08 06:11:25,199:  Teacher    = raw image + same canonical question  (no format bias)
[36m(TaskRunner pid=1148945)[0m WARNING:2026-07-08 06:11:25,199:  KL         = reverse (mode-seeking) KL(P_S || P_T)
[36m(TaskRunner pid=1148945)[0m WARNING:2026-07-08 06:11:25,199:  Formula §3.2: w^(k) = softmax(z_score(ā^(k)) / τ), sums to 1 per prompt
[36m(TaskRunner pid=1148945)[0m WARNING:2026-07-08 06:11:25,199:  Formula §3.3: L_group = 0.5·mean(KL_rev,HighVA) + 0.5·mean(KL_rev,LowVA)
[36m(TaskRunner pid=1148945)[0m WARNING:2026-07-08 06:11:25,199:  Total (formula 7): L = Σ_k w^(k)·L_group^(k)   (pure distillation, no GRPO)
[36m(TaskRunner pid=1148945)[0m WARNING:2026-07-08 06:11:25,199:========================================================================
[36m(TaskRunner pid=1148945)[0m ========================================================================
[36m(TaskRunner pid=1148945)[0m   VA-OPD Pipeline Verification (arXiv 2605.21924 §3.2-3.3)
[36m(TaskRunner pid=1148945)[0m ========================================================================
[36m(TaskRunner pid=1148945)[0m   C          = 2  conditions: ['full', 'degraded']
[36m(TaskRunner pid=1148945)[0m   loss_mode  = va_opd
[36m(TaskRunner pid=1148945)[0m   batch      = [B=48, T=2048]
[36m(TaskRunner pid=1148945)[0m   top_k      = 32
[36m(TaskRunner pid=1148945)[0m   exact_lp   = torch.Size([48, 2, 2048])  (None=tail-fallback)
[36m(TaskRunner pid=1148945)[0m   Student    = raw image + canonical question  (choices allowed, no XML)
[36m(TaskRunner pid=1148945)[0m   Teacher    = raw image + same canonical question  (no format bias)
[36m(TaskRunner pid=1148945)[0m   KL         = reverse (mode-seeking) KL(P_S || P_T)
[36m(TaskRunner pid=1148945)[0m   Formula §3.2: w^(k) = softmax(z_score(ā^(k)) / τ), sums to 1 per prompt
[36m(TaskRunner pid=1148945)[0m   Formula §3.3: L_group = 0.5·mean(KL_rev,HighVA) + 0.5·mean(KL_rev,LowVA)
[36m(TaskRunner pid=1148945)[0m   Total (formula 7): L = Σ_k w^(k)·L_group^(k)   (pure distillation, no GRPO)
[36m(TaskRunner pid=1148945)[0m ========================================================================
[36m(WorkerDict pid=1246292)[0m INFO:2026-07-08 06:12:01,603:update_weights done, time cost: 1.17s
[36m(TaskRunner pid=1148945)[0m Training Progress:   0%|          | 7/1751 [07:55<31:38:03, 65.30s/it]
[36m(TaskRunner pid=1148945)[0m WARNING:2026-07-08 06:12:32,769:bc40dc14-07db-4b5d-a805-8fc49ed7ea85/full: trimming teacher scores (2048 → 493 tokens).  This is expected to be rare (<1% of steps).
[36m(TaskRunner pid=1148945)[0m WARNING:2026-07-08 06:12:32,769:bc40dc14-07db-4b5d-a805-8fc49ed7ea85/degraded: trimming teacher scores (2048 → 493 tokens).  This is expected to be rare (<1% of steps).
[36m(TaskRunner pid=1148945)[0m WARNING:2026-07-08 06:12:32,770:618b300b-ef2d-464e-875b-30e3d9109bee/full: trimming teacher scores (136 → 133 tokens).  This is expected to be rare (<1% of steps).
[36m(TaskRunner pid=1148945)[0m WARNING:2026-07-08 06:12:32,770:618b300b-ef2d-464e-875b-30e3d9109bee/degraded: trimming teacher scores (136 → 133 tokens).  This is expected to be rare (<1% of steps).
[36m(TaskRunner pid=1148945)[0m WARNING:2026-07-08 06:12:32,770:618b300b-ef2d-464e-875b-30e3d9109bee/full: trimming teacher scores (136 → 124 tokens).  This is expected to be rare (<1% of steps).
[36m(TaskRunner pid=1148945)[0m WARNING:2026-07-08 06:12:32,770:618b300b-ef2d-464e-875b-30e3d9109bee/degraded: trimming teacher scores (136 → 124 tokens).  This is expected to be rare (<1% of steps).
[36m(TaskRunner pid=1148945)[0m WARNING:2026-07-08 06:12:32,771:618b300b-ef2d-464e-875b-30e3d9109bee/full: padding teacher scores (136 → 181 tokens).  Positions beyond teacher length get zero quality weight.
[36m(TaskRunner pid=1148945)[0m WARNING:2026-07-08 06:12:32,771:618b300b-ef2d-464e-875b-30e3d9109bee/degraded: padding teacher scores (136 → 181 tokens).  Positions beyond teacher length get zero quality weight.
[36m(TaskRunner pid=1148945)[0m WARNING:2026-07-08 06:12:32,771:618b300b-ef2d-464e-875b-30e3d9109bee/full: padding teacher scores (136 → 150 tokens).  Positions beyond teacher length get zero quality weight.
[36m(TaskRunner pid=1148945)[0m WARNING:2026-07-08 06:12:32,771:618b300b-ef2d-464e-875b-30e3d9109bee/degraded: padding teacher scores (136 → 150 tokens).  Positions beyond teacher length get zero quality weight.
[36m(TaskRunner pid=1148945)[0m WARNING:2026-07-08 06:12:32,772:618b300b-ef2d-464e-875b-30e3d9109bee/full: trimming teacher scores (136 → 113 tokens).  This is expected to be rare (<1% of steps).
[36m(TaskRunner pid=1148945)[0m WARNING:2026-07-08 06:12:32,772:618b300b-ef2d-464e-875b-30e3d9109bee/degraded: trimming teacher scores (136 → 113 tokens).  This is expected to be rare (<1% of steps).
[36m(TaskRunner pid=1148945)[0m WARNING:2026-07-08 06:12:32,772:618b300b-ef2d-464e-875b-30e3d9109bee/full: padding teacher scores (136 → 147 tokens).  Positions beyond teacher length get zero quality weight.
[36m(TaskRunner pid=1148945)[0m WARNING:2026-07-08 06:12:32,772:618b300b-ef2d-464e-875b-30e3d9109bee/degraded: padding teacher scores (136 → 147 tokens).  Positions beyond teacher length get zero quality weight.
[36m(TaskRunner pid=1148945)[0m WARNING:2026-07-08 06:12:32,772:618b300b-ef2d-464e-875b-30e3d9109bee/full: padding teacher scores (136 → 143 tokens).  Positions beyond teacher length get zero quality weight.
[36m(TaskRunner pid=1148945)[0m WARNING:2026-07-08 06:12:32,773:618b300b-ef2d-464e-875b-30e3d9109bee/degraded: padding teacher scores (136 → 143 tokens).  Positions beyond teacher length get zero quality weight.
[36m(TaskRunner pid=1148945)[0m WARNING:2026-07-08 06:12:32,774:c040a3fb-183e-4273-898d-d942a1279353/full: trimming teacher scores (2048 → 1982 tokens).  This is expected to be rare (<1% of steps).
[36m(TaskRunner pid=1148945)[0m WARNING:2026-07-08 06:12:32,774:c040a3fb-183e-4273-898d-d942a1279353/degraded: trimming teacher scores (2048 → 1982 tokens).  This is expected to be rare (<1% of steps).
[36m(TaskRunner pid=1148945)[0m WARNING:2026-07-08 06:12:32,781:14d79a35-b8a4-406a-93a5-8a845520637f/full: trimming teacher scores (2048 → 1500 tokens).  This is expected to be rare (<1% of steps).
[36m(TaskRunner pid=1148945)[0m WARNING:2026-07-08 06:12:32,781:14d79a35-b8a4-406a-93a5-8a845520637f/degraded: trimming teacher scores (2048 → 1500 tokens).  This is expected to be rare (<1% of steps).
[36m(TaskRunner pid=1148945)[0m WARNING:2026-07-08 06:12:32,782:14d79a35-b8a4-406a-93a5-8a845520637f/full: trimming teacher scores (2048 → 1043 tokens).  This is expected to be rare (<1% of steps).
[36m(TaskRunner pid=1148945)[0m WARNING:2026-07-08 06:12:32,782:14d79a35-b8a4-406a-93a5-8a845520637f/degraded: trimming teacher scores (2048 → 1043 tokens).  This is expected to be rare (<1% of steps).
[36m(TaskRunner pid=1148945)[0m WARNING:2026-07-08 06:12:32,783:14d79a35-b8a4-406a-93a5-8a845520637f/full: trimming teacher scores (2048 → 1969 tokens).  This is expected to be rare (<1% of steps).
[36m(TaskRunner pid=1148945)[0m WARNING:2026-07-08 06:12:32,783:14d79a35-b8a4-406a-93a5-8a845520637f/degraded: trimming teacher scores (2048 → 1969 tokens).  This is expected to be rare (<1% of steps).
[36m(TaskRunner pid=1148945)[0m WARNING:2026-07-08 06:12:32,784:14d79a35-b8a4-406a-93a5-8a845520637f/full: trimming teacher scores (2048 → 791 tokens).  This is expected to be rare (<1% of steps).
[36m(TaskRunner pid=1148945)[0m WARNING:2026-07-08 06:12:32,784:14d79a35-b8a4-406a-93a5-8a845520637f/degraded: trimming teacher scores (2048 → 791 tokens).  This is expected to be rare (<1% of steps).
[36m(TaskRunner pid=1148945)[0m WARNING:2026-07-08 06:12:32,785:14d79a35-b8a4-406a-93a5-8a845520637f/full: trimming teacher scores (2048 → 1065 tokens).  This is expected to be rare (<1% of steps).
[36m(TaskRunner pid=1148945)[0m WARNING:2026-07-08 06:12:32,786:14d79a35-b8a4-406a-93a5-8a845520637f/degraded: trimming teacher scores (2048 → 1065 tokens).  This is expected to be rare (<1% of steps).
[36m(TaskRunner pid=1148945)[0m WARNING:2026-07-08 06:12:32,786:14d79a35-b8a4-406a-93a5-8a845520637f/full: trimming teacher scores (2048 → 738 tokens).  This is expected to be rare (<1% of steps).
[36m(TaskRunner pid=1148945)[0m WARNING:2026-07-08 06:12:32,787:14d79a35-b8a4-406a-93a5-8a845520637f/degraded: trimming teacher scores (2048 → 738 tokens).  This is expected to be rare (<1% of steps).
[36m(TaskRunner pid=1148945)[0m WARNING:2026-07-08 06:12:32,787:8cd15700-550c-427c-ae16-da342997f89c/full: trimming teacher scores (477 → 292 tokens).  This is expected to be rare (<1% of steps).
[36m(TaskRunner pid=1148945)[0m WARNING:2026-07-08 06:12:32,788:8cd15700-550c-427c-ae16-da342997f89c/degraded: trimming teacher scores (477 → 292 tokens).  This is expected to be rare (<1% of steps).
[36m(TaskRunner pid=1148945)[0m WARNING:2026-07-08 06:12:32,789:8cd15700-550c-427c-ae16-da342997f89c/full: trimming teacher scores (477 → 442 tokens).  This is expected to be rare (<1% of steps).
[36m(TaskRunner pid=1148945)[0m WARNING:2026-07-08 06:12:32,789:8cd15700-550c-427c-ae16-da342997f89c/degraded: trimming teacher scores (477 → 442 tokens).  This is expected to be rare (<1% of steps).
[36m(TaskRunner pid=1148945)[0m WARNING:2026-07-08 06:12:32,789:8cd15700-550c-427c-ae16-da342997f89c/full: trimming teacher scores (477 → 366 tokens).  This is expected to be rare (<1% of steps).
[36m(TaskRunner pid=1148945)[0m WARNING:2026-07-08 06:12:32,789:8cd15700-550c-427c-ae16-da342997f89c/degraded: trimming teacher scores (477 → 366 tokens).  This is expected to be rare (<1% of steps).
[36m(TaskRunner pid=1148945)[0m WARNING:2026-07-08 06:12:32,790:8cd15700-550c-427c-ae16-da342997f89c/full: trimming teacher scores (477 → 413 tokens).  This is expected to be rare (<1% of steps).
[36m(TaskRunner pid=1148945)[0m WARNING:2026-07-08 06:12:32,790:8cd15700-550c-427c-ae16-da342997f89c/degraded: trimming teacher scores (477 → 413 tokens).  This is expected to be rare (<1% of steps).
[36m(TaskRunner pid=1148945)[0m WARNING:2026-07-08 06:12:32,790:8cd15700-550c-427c-ae16-da342997f89c/full: padding teacher scores (477 → 605 tokens).  Positions beyond teacher length get zero quality weight.
[36m(TaskRunner pid=1148945)[0m WARNING:2026-07-08 06:12:32,790:8cd15700-550c-427c-ae16-da342997f89c/degraded: padding teacher scores (477 → 605 tokens).  Positions beyond teacher length get zero quality weight.
[36m(TaskRunner pid=1148945)[0m WARNING:2026-07-08 06:12:32,791:8cd15700-550c-427c-ae16-da342997f89c/full: padding teacher scores (477 → 758 tokens).  Positions beyond teacher length get zero quality weight.
[36m(TaskRunner pid=1148945)[0m WARNING:2026-07-08 06:12:32,791:8cd15700-550c-427c-ae16-da342997f89c/degraded: padding teacher scores (477 → 758 tokens).  Positions beyond teacher length get zero quality weight.
[36m(TaskRunner pid=1148945)[0m WARNING:2026-07-08 06:12:32,791:8cd15700-550c-427c-ae16-da342997f89c/full: padding teacher scores (477 → 563 tokens).  Positions beyond teacher length get zero quality weight.
[36m(TaskRunner pid=1148945)[0m WARNING:2026-07-08 06:12:32,792:8cd15700-550c-427c-ae16-da342997f89c/degraded: padding teacher scores (477 → 563 tokens).  Positions beyond teacher length get zero quality weight.
[36m(TaskRunner pid=1148945)[0m WARNING:2026-07-08 06:12:32,884:========================================================================
[36m(TaskRunner pid=1148945)[0m WARNING:2026-07-08 06:12:32,884:  VA-OPD Pipeline Verification (arXiv 2605.21924 §3.2-3.3)
[36m(TaskRunner pid=1148945)[0m WARNING:2026-07-08 06:12:32,884:========================================================================
[36m(TaskRunner pid=1148945)[0m WARNING:2026-07-08 06:12:32,884:  C          = 2  conditions: ['full', 'degraded']
[36m(TaskRunner pid=1148945)[0m WARNING:2026-07-08 06:12:32,884:  loss_mode  = va_opd
[36m(TaskRunner pid=1148945)[0m WARNING:2026-07-08 06:12:32,884:  batch      = [B=48, T=2048]
[36m(TaskRunner pid=1148945)[0m WARNING:2026-07-08 06:12:32,884:  top_k      = 32
[36m(TaskRunner pid=1148945)[0m WARNING:2026-07-08 06:12:32,884:  exact_lp   = torch.Size([48, 2, 2048])  (None=tail-fallback)
[36m(TaskRunner pid=1148945)[0m WARNING:2026-07-08 06:12:32,884:  Student    = raw image + canonical question  (choices allowed, no XML)
[36m(TaskRunner pid=1148945)[0m WARNING:2026-07-08 06:12:32,884:  Teacher    = raw image + same canonical question  (no format bias)
[36m(TaskRunner pid=1148945)[0m WARNING:2026-07-08 06:12:32,885:  KL         = reverse (mode-seeking) KL(P_S || P_T)
[36m(TaskRunner pid=1148945)[0m WARNING:2026-07-08 06:12:32,885:  Formula §3.2: w^(k) = softmax(z_score(ā^(k)) / τ), sums to 1 per prompt
[36m(TaskRunner pid=1148945)[0m WARNING:2026-07-08 06:12:32,885:  Formula §3.3: L_group = 0.5·mean(KL_rev,HighVA) + 0.5·mean(KL_rev,LowVA)
[36m(TaskRunner pid=1148945)[0m WARNING:2026-07-08 06:12:32,885:  Total (formula 7): L = Σ_k w^(k)·L_group^(k)   (pure distillation, no GRPO)
[36m(TaskRunner pid=1148945)[0m WARNING:2026-07-08 06:12:32,885:========================================================================
[36m(TaskRunner pid=1148945)[0m ========================================================================
[36m(TaskRunner pid=1148945)[0m   VA-OPD Pipeline Verification (arXiv 2605.21924 §3.2-3.3)
[36m(TaskRunner pid=1148945)[0m ========================================================================
[36m(TaskRunner pid=1148945)[0m   C          = 2  conditions: ['full', 'degraded']
[36m(TaskRunner pid=1148945)[0m   loss_mode  = va_opd
[36m(TaskRunner pid=1148945)[0m   batch      = [B=48, T=2048]
[36m(TaskRunner pid=1148945)[0m   top_k      = 32
[36m(TaskRunner pid=1148945)[0m   exact_lp   = torch.Size([48, 2, 2048])  (None=tail-fallback)
[36m(TaskRunner pid=1148945)[0m   Student    = raw image + canonical question  (choices allowed, no XML)
[36m(TaskRunner pid=1148945)[0m   Teacher    = raw image + same canonical question  (no format bias)
[36m(TaskRunner pid=1148945)[0m   KL         = reverse (mode-seeking) KL(P_S || P_T)
[36m(TaskRunner pid=1148945)[0m   Formula §3.2: w^(k) = softmax(z_score(ā^(k)) / τ), sums to 1 per prompt
[36m(TaskRunner pid=1148945)[0m   Formula §3.3: L_group = 0.5·mean(KL_rev,HighVA) + 0.5·mean(KL_rev,LowVA)
[36m(TaskRunner pid=1148945)[0m   Total (formula 7): L = Σ_k w^(k)·L_group^(k)   (pure distillation, no GRPO)
[36m(TaskRunner pid=1148945)[0m ========================================================================
[36m(WorkerDict pid=1246292)[0m INFO:2026-07-08 06:13:16,131:update_weights done, time cost: 0.91s

[36m(TaskRunner pid=1148945)[0m Dumped generations to /inspire/hdd/global_user/mengweicheng-240108120092/lzy/projects/Dual-Track-OPD/outputs/fc_opd_overnight_noreshard_noreshard_20260708_055809/rollouts/6.jsonl
[36m(TaskRunner pid=1148945)[0m step:6 - fc_opd/hook_loss:0.0 - fc_opd/hook_num_samples:48.0 - fc_opd/hook_active_weight:78162.0 - fc_opd/online/loss:0.0 - fc_opd/online/num_samples:48.0 - global_seqlen/min:2821 - global_seqlen/max:14089 - global_seqlen/minmax_diff:11268 - global_seqlen/balanced_min:7609 - global_seqlen/balanced_max:7653 - global_seqlen/mean:7633.5 - actor/entropy:0.5554015040397644 - perf/mfu/actor_infer:0 - actor/pg_loss:-0.006839394375371437 - actor/kl_loss:0.0 - actor/fc_opd_loss:11.19906465212504 - actor/pg_clipfrac:0.0 - actor/ppo_kl:0.0 - actor/pg_clipfrac_lower:0.0 - actor/fc_opd_denominator:1.0 - actor/fc_opd_va_opd/loss:12.316782395044962 - actor/fc_opd_va_opd/token_mean_loss:11.931384086608887 - actor/fc_opd_va_opd/rollout_weight_sum:1.0000000198682149 - actor/fc_opd_va/mean:0.16565719495217004 - actor/fc_opd_va/sparsity:0.5920663376649221 - actor/grad_norm:4.807896614074707 - perf/mfu/actor:0.008183546754353992 - perf/max_memory_allocated_gb:89.1311206817627 - perf/max_memory_reserved_gb:104.326171875 - perf/cpu_memory_used_gb:200.00342305501303 - actor/lr:2e-06 - training/global_step:6 - training/epoch:0 - critic/score/mean:0.3541666567325592 - critic/score/max:1.0 - critic/score/min:0.0 - critic/rewards/mean:0.3541666567325592 - critic/rewards/max:1.0 - critic/rewards/min:0.0 - critic/advantages/mean:0.0535823218524456 - critic/advantages/max:1.6201815605163574 - critic/advantages/min:-2.4748666286468506 - critic/returns/mean:0.0535823218524456 - critic/returns/max:1.6201815605163574 - critic/returns/min:-2.4748666286468506 - response_length/mean:814.1875 - response_length/max:2048.0 - response_length/min:123.0 - response_length/clip_ratio:0.1875 - response_length_non_aborted/mean:814.1875 - response_length_non_aborted/max:2048.0 - response_length_non_aborted/min:123.0 - response_length_non_aborted/clip_ratio:0.1875 - response/aborted_ratio:0.0 - prompt_length/mean:140.0 - prompt_length/max:160.0 - prompt_length/min:122.0 - prompt_length/clip_ratio:0.0 - num_turns/min:2 - num_turns/max:2 - num_turns/mean:2.0 - timing_s/start_profile:3.2458920031785965e-05 - timing_s/agent_loop/num_preempted/min:-1 - timing_s/agent_loop/num_preempted/max:-1 - timing_s/agent_loop/num_preempted/mean:-1.0 - timing_s/agent_loop/generate_sequences/min:0.776740132831037 - timing_s/agent_loop/generate_sequences/max:9.904959655366838 - timing_s/agent_loop/generate_sequences/mean:3.98816280332782 - timing_s/agent_loop/tool_calls/min:0.0 - timing_s/agent_loop/tool_calls/max:0.0 - timing_s/agent_loop/tool_calls/mean:0.0 - timing_s/agent_loop/slowest/generate_sequences:9.904959655366838 - timing_s/agent_loop/slowest/tool_calls:0.0 - timing_s/agent_loop/slowest/prompt_length:128 - timing_s/agent_loop/slowest/response_length:2048 - timing_s/agent_loop/slowest/num_preempted:-1 - timing_s/gen:11.098501333035529 - timing_s/fc_opd:12.834773665759712 - timing_s/reward:2.0197592675685883e-05 - timing_s/old_log_prob:6.055380241945386 - timing_s/adv:0.001555620227009058 - timing_s/update_actor:24.767846153117716 - timing_s/update_weights:6.394862737972289 - timing_s/dump_rollout_generations:0.05230796616524458 - timing_s/step:61.2671246486716 - timing_s/stop_profile:4.465179517865181e-05 - timing_per_token_ms/update_actor:0.5407708598746254 - timing_per_token_ms/gen:0.2839871378172393 - timing_per_token_ms/adv:3.396476555116827e-05 - perf/total_num_tokens:45801 - perf/time_per_step:61.2671246486716 - perf/throughput:124.59373675153385
[36m(TaskRunner pid=1148945)[0m Dumped generations to /inspire/hdd/global_user/mengweicheng-240108120092/lzy/projects/Dual-Track-OPD/outputs/fc_opd_overnight_noreshard_noreshard_20260708_055809/rollouts/7.jsonl
[36m(TaskRunner pid=1148945)[0m step:7 - fc_opd/hook_loss:0.0 - fc_opd/hook_num_samples:48.0 - fc_opd/hook_active_weight:88224.0 - fc_opd/online/loss:0.0 - fc_opd/online/num_samples:48.0 - global_seqlen/min:3359 - global_seqlen/max:17238 - global_seqlen/minmax_diff:13879 - global_seqlen/balanced_min:8600 - global_seqlen/balanced_max:8948 - global_seqlen/mean:8740.0 - actor/entropy:0.6473255157470703 - perf/mfu/actor_infer:0 - actor/pg_loss:0.012451222321639458 - actor/kl_loss:0.0 - actor/fc_opd_loss:11.23534361521403 - actor/pg_clipfrac:0.0 - actor/ppo_kl:0.0 - actor/pg_clipfrac_lower:0.0 - actor/fc_opd_denominator:1.0 - actor/fc_opd_va_opd/loss:12.670916080474854 - actor/fc_opd_va_opd/token_mean_loss:11.231321811676025 - actor/fc_opd_va_opd/rollout_weight_sum:1.0000000099341075 - actor/fc_opd_va/mean:0.17100218310952187 - actor/fc_opd_va/sparsity:0.6191781361897787 - actor/grad_norm:3.803544759750366 - perf/mfu/actor:0.009446537411393036 - perf/max_memory_allocated_gb:89.1311206817627 - perf/max_memory_reserved_gb:104.646484375 - perf/cpu_memory_used_gb:200.06723912556967 - actor/lr:2e-06 - training/global_step:7 - training/epoch:0 - critic/score/mean:0.5 - critic/score/max:1.0 - critic/score/min:0.0 - critic/rewards/mean:0.5 - critic/rewards/max:1.0 - critic/rewards/min:0.0 - critic/advantages/mean:-0.0960383415222168 - critic/advantages/max:1.20761239528656 - critic/advantages/min:-2.4748666286468506 - critic/returns/mean:-0.0960383415222168 - critic/returns/max:1.20761239528656 - critic/returns/min:-2.4748666286468506 - response_length/mean:919.0 - response_length/max:2048.0 - response_length/min:129.0 - response_length/clip_ratio:0.2291666716337204 - response_length_non_aborted/mean:919.0 - response_length_non_aborted/max:2048.0 - response_length_non_aborted/min:129.0 - response_length_non_aborted/clip_ratio:0.2291666716337204 - response/aborted_ratio:0.0 - prompt_length/mean:173.5 - prompt_length/max:241.0 - prompt_length/min:131.0 - prompt_length/clip_ratio:0.0 - num_turns/min:2 - num_turns/max:2 - num_turns/mean:2.0 - timing_s/start_profile:2.9783230274915695e-05 - timing_s/agent_loop/num_preempted/min:-1 - timing_s/agent_loop/num_preempted/max:-1 - timing_s/agent_loop/num_preempted/mean:-1.0 - timing_s/agent_loop/generate_sequences/min:0.7833269303664565 - timing_s/agent_loop/generate_sequences/max:9.96413505775854 - timing_s/agent_loop/generate_sequences/mean:4.543412560267218 - timing_s/agent_loop/tool_calls/min:0.0 - timing_s/agent_loop/tool_calls/max:0.0 - timing_s/agent_loop/tool_calls/mean:0.0 - timing_s/agent_loop/slowest/generate_sequences:9.96413505775854 - timing_s/agent_loop/slowest/tool_calls:0.0 - timing_s/agent_loop/slowest/prompt_length:147 - timing_s/agent_loop/slowest/response_length:2048 - timing_s/agent_loop/slowest/num_preempted:-1 - timing_s/gen:11.213485937099904 - timing_s/fc_opd:13.238475707359612 - timing_s/reward:2.2298190742731094e-05 - timing_s/old_log_prob:6.237146141007543 - timing_s/adv:0.0015506572090089321 - timing_s/update_actor:24.895756276790053 - timing_s/update_weights:5.7600098312832415 - timing_s/dump_rollout_generations:0.05325891263782978 - timing_s/step:61.4489352889359 - timing_s/stop_profile:4.178797826170921e-05 - timing_per_token_ms/update_actor:0.474747449976927 - timing_per_token_ms/gen:0.25420488613302283 - timing_per_token_ms/adv:2.9570122216036082e-05 - perf/total_num_tokens:52440 - perf/time_per_step:61.4489352889359 - perf/throughput:142.2319192172182
[36m(TaskRunner pid=1148945)[0m Dumped generations to /inspire/hdd/global_user/mengweicheng-240108120092/lzy/projects/Dual-Track-OPD/outputs/fc_opd_overnight_noreshard_noreshard_20260708_055809/rollouts/8.jsonl
[36m(TaskRunner pid=1148945)[0m step:8 - fc_opd/hook_loss:0.0 - fc_opd/hook_num_samples:48.0 - fc_opd/hook_active_weight:127552.0 - fc_opd/online/loss:0.0 - fc_opd/online/num_samples:48.0 - global_seqlen/min:2215 - global_seqlen/max:21144 - global_seqlen/minmax_diff:18929 - global_seqlen/balanced_min:12847 - global_seqlen/balanced_max:13004 - global_seqlen/mean:12917.333333333334 - actor/entropy:0.7017530798912048 - perf/mfu/actor_infer:0 - actor/pg_loss:0.011180905372990916 - actor/kl_loss:0.0 - actor/fc_opd_loss:11.19994326432546 - actor/pg_clipfrac:0.0 - actor/ppo_kl:0.0 - actor/pg_clipfrac_lower:0.0 - actor/fc_opd_denominator:1.0 - actor/fc_opd_va_opd/loss:6.067857543627421 - actor/fc_opd_va_opd/token_mean_loss:11.324162403742472 - actor/fc_opd_va_opd/rollout_weight_sum:0.4999999950329463 - actor/fc_opd_va/mean:0.14875025240083536 - actor/fc_opd_va/sparsity:0.6598548094431559 - actor/grad_norm:5.043663501739502 - perf/mfu/actor:0.011662303144593017 - perf/max_memory_allocated_gb:89.1311206817627 - perf/max_memory_reserved_gb:104.646484375 - perf/cpu_memory_used_gb:200.23117446899414 - actor/lr:2e-06 - training/global_step:8 - training/epoch:0 - critic/score/mean:0.4583333432674408 - critic/score/max:1.0 - critic/score/min:0.0 - critic/rewards/mean:0.4583333432674408 - critic/rewards/max:1.0 - critic/rewards/min:0.0 - critic/advantages/mean:-0.04388163611292839 - critic/advantages/max:0.5400605201721191 - critic/advantages/min:-1.6201815605163574 - critic/returns/mean:-0.04388163611292839 - critic/returns/max:0.5400605201721191 - critic/returns/min:-1.6201815605163574 - response_length/mean:1328.6666259765625 - response_length/max:2048.0 - response_length/min:113.0 - response_length/clip_ratio:0.5 - response_length_non_aborted/mean:1328.6666259765625 - response_length_non_aborted/max:2048.0 - response_length_non_aborted/min:113.0 - response_length_non_aborted/clip_ratio:0.5 - response/aborted_ratio:0.0 - prompt_length/mean:286.0 - prompt_length/max:595.0 - prompt_length/min:136.0 - prompt_length/clip_ratio:0.0 - num_turns/min:2 - num_turns/max:2 - num_turns/mean:2.0 - timing_s/start_profile:4.310905933380127e-05 - timing_s/agent_loop/num_preempted/min:-1 - timing_s/agent_loop/num_preempted/max:-1 - timing_s/agent_loop/num_preempted/mean:-1.0 - timing_s/agent_loop/generate_sequences/min:0.731982430908829 - timing_s/agent_loop/generate_sequences/max:10.7975874110125 - timing_s/agent_loop/generate_sequences/mean:6.829474535518481 - timing_s/agent_loop/tool_calls/min:0.0 - timing_s/agent_loop/tool_calls/max:0.0 - timing_s/agent_loop/tool_calls/mean:0.0 - timing_s/agent_loop/slowest/generate_sequences:10.7975874110125 - timing_s/agent_loop/slowest/tool_calls:0.0 - timing_s/agent_loop/slowest/prompt_length:173 - timing_s/agent_loop/slowest/response_length:2048 - timing_s/agent_loop/slowest/num_preempted:-1 - timing_s/gen:12.497011402156204 - timing_s/fc_opd:18.1737654292956 - timing_s/reward:3.5697128623723984e-05 - timing_s/old_log_prob:7.83087002672255 - timing_s/adv:0.0015775379724800587 - timing_s/update_actor:30.86818036204204 - timing_s/update_weights:5.104012588970363 - timing_s/dump_rollout_generations:0.05648357281461358 - timing_s/step:74.58022662205622 - timing_s/stop_profile:4.805997014045715e-05 - timing_per_token_ms/update_actor:0.3982785451336968 - timing_per_token_ms/gen:0.1959516338772611 - timing_per_token_ms/adv:2.0354278133774498e-05 - perf/total_num_tokens:77504 - perf/time_per_step:74.58022662205622 - perf/throughput:173.20051062318956[36m(TaskRunner pid=1148945)[0m Training Progress:   0%|          | 8/1751 [09:09<33:02:56, 68.26s/it]
[36m(TaskRunner pid=1148945)[0m WARNING:2026-07-08 06:13:42,225:364add7d-d9ec-47cf-ade6-f0419c7f8699/full: padding teacher scores (409 → 2048 tokens).  Positions beyond teacher length get zero quality weight.
[36m(TaskRunner pid=1148945)[0m WARNING:2026-07-08 06:13:42,226:364add7d-d9ec-47cf-ade6-f0419c7f8699/degraded: padding teacher scores (409 → 2048 tokens).  Positions beyond teacher length get zero quality weight.
[36m(TaskRunner pid=1148945)[0m WARNING:2026-07-08 06:13:42,227:364add7d-d9ec-47cf-ade6-f0419c7f8699/full: padding teacher scores (409 → 2048 tokens).  Positions beyond teacher length get zero quality weight.
[36m(TaskRunner pid=1148945)[0m WARNING:2026-07-08 06:13:42,227:364add7d-d9ec-47cf-ade6-f0419c7f8699/degraded: padding teacher scores (409 → 2048 tokens).  Positions beyond teacher length get zero quality weight.
[36m(TaskRunner pid=1148945)[0m WARNING:2026-07-08 06:13:42,228:364add7d-d9ec-47cf-ade6-f0419c7f8699/full: padding teacher scores (409 → 2048 tokens).  Positions beyond teacher length get zero quality weight.
[36m(TaskRunner pid=1148945)[0m WARNING:2026-07-08 06:13:42,228:364add7d-d9ec-47cf-ade6-f0419c7f8699/degraded: padding teacher scores (409 → 2048 tokens).  Positions beyond teacher length get zero quality weight.
[36m(TaskRunner pid=1148945)[0m WARNING:2026-07-08 06:13:42,229:364add7d-d9ec-47cf-ade6-f0419c7f8699/full: padding teacher scores (409 → 2048 tokens).  Positions beyond teacher length get zero quality weight.
[36m(TaskRunner pid=1148945)[0m WARNING:2026-07-08 06:13:42,229:364add7d-d9ec-47cf-ade6-f0419c7f8699/degraded: padding teacher scores (409 → 2048 tokens).  Positions beyond teacher length get zero quality weight.
[36m(TaskRunner pid=1148945)[0m WARNING:2026-07-08 06:13:42,230:364add7d-d9ec-47cf-ade6-f0419c7f8699/full: trimming teacher scores (409 → 251 tokens).  This is expected to be rare (<1% of steps).
[36m(TaskRunner pid=1148945)[0m WARNING:2026-07-08 06:13:42,230:364add7d-d9ec-47cf-ade6-f0419c7f8699/degraded: trimming teacher scores (409 → 251 tokens).  This is expected to be rare (<1% of steps).
[36m(TaskRunner pid=1148945)[0m WARNING:2026-07-08 06:13:42,231:364add7d-d9ec-47cf-ade6-f0419c7f8699/full: padding teacher scores (409 → 2048 tokens).  Positions beyond teacher length get zero quality weight.
[36m(TaskRunner pid=1148945)[0m WARNING:2026-07-08 06:13:42,231:364add7d-d9ec-47cf-ade6-f0419c7f8699/degraded: padding teacher scores (409 → 2048 tokens).  Positions beyond teacher length get zero quality weight.
[36m(TaskRunner pid=1148945)[0m WARNING:2026-07-08 06:13:42,232:364add7d-d9ec-47cf-ade6-f0419c7f8699/full: padding teacher scores (409 → 2048 tokens).  Positions beyond teacher length get zero quality weight.
[36m(TaskRunner pid=1148945)[0m WARNING:2026-07-08 06:13:42,232:364add7d-d9ec-47cf-ade6-f0419c7f8699/degraded: padding teacher scores (409 → 2048 tokens).  Positions beyond teacher length get zero quality weight.
[36m(TaskRunner pid=1148945)[0m WARNING:2026-07-08 06:13:42,233:857cdf92-425c-459b-8280-947ba03c831e/full: padding teacher scores (318 → 746 tokens).  Positions beyond teacher length get zero quality weight.
[36m(TaskRunner pid=1148945)[0m WARNING:2026-07-08 06:13:42,233:857cdf92-425c-459b-8280-947ba03c831e/degraded: padding teacher scores (318 → 746 tokens).  Positions beyond teacher length get zero quality weight.
[36m(TaskRunner pid=1148945)[0m WARNING:2026-07-08 06:13:42,234:857cdf92-425c-459b-8280-947ba03c831e/full: padding teacher scores (318 → 2048 tokens).  Positions beyond teacher length get zero quality weight.
[36m(TaskRunner pid=1148945)[0m WARNING:2026-07-08 06:13:42,234:857cdf92-425c-459b-8280-947ba03c831e/degraded: padding teacher scores (318 → 2048 tokens).  Positions beyond teacher length get zero quality weight.
[36m(TaskRunner pid=1148945)[0m WARNING:2026-07-08 06:13:42,235:857cdf92-425c-459b-8280-947ba03c831e/full: padding teacher scores (318 → 1173 tokens).  Positions beyond teacher length get zero quality weight.
[36m(TaskRunner pid=1148945)[0m WARNING:2026-07-08 06:13:42,235:857cdf92-425c-459b-8280-947ba03c831e/degraded: padding teacher scores (318 → 1173 tokens).  Positions beyond teacher length get zero quality weight.
[36m(TaskRunner pid=1148945)[0m WARNING:2026-07-08 06:13:42,235:857cdf92-425c-459b-8280-947ba03c831e/full: padding teacher scores (318 → 1821 tokens).  Positions beyond teacher length get zero quality weight.
[36m(TaskRunner pid=1148945)[0m WARNING:2026-07-08 06:13:42,236:857cdf92-425c-459b-8280-947ba03c831e/degraded: padding teacher scores (318 → 1821 tokens).  Positions beyond teacher length get zero quality weight.
[36m(TaskRunner pid=1148945)[0m WARNING:2026-07-08 06:13:42,236:857cdf92-425c-459b-8280-947ba03c831e/full: padding teacher scores (318 → 568 tokens).  Positions beyond teacher length get zero quality weight.
[36m(TaskRunner pid=1148945)[0m WARNING:2026-07-08 06:13:42,236:857cdf92-425c-459b-8280-947ba03c831e/degraded: padding teacher scores (318 → 568 tokens).  Positions beyond teacher length get zero quality weight.
[36m(TaskRunner pid=1148945)[0m WARNING:2026-07-08 06:13:42,237:857cdf92-425c-459b-8280-947ba03c831e/full: padding teacher scores (318 → 1042 tokens).  Positions beyond teacher length get zero quality weight.
[36m(TaskRunner pid=1148945)[0m WARNING:2026-07-08 06:13:42,237:857cdf92-425c-459b-8280-947ba03c831e/degraded: padding teacher scores (318 → 1042 tokens).  Positions beyond teacher length get zero quality weight.
[36m(TaskRunner pid=1148945)[0m WARNING:2026-07-08 06:13:42,238:857cdf92-425c-459b-8280-947ba03c831e/full: padding teacher scores (318 → 717 tokens).  Positions beyond teacher length get zero quality weight.
[36m(TaskRunner pid=1148945)[0m WARNING:2026-07-08 06:13:42,238:857cdf92-425c-459b-8280-947ba03c831e/degraded: padding teacher scores (318 → 717 tokens).  Positions beyond teacher length get zero quality weight.
[36m(TaskRunner pid=1148945)[0m WARNING:2026-07-08 06:13:42,239:c0a43cb7-dd13-4a04-88a4-4085ab2f077e/full: trimming teacher scores (1813 → 481 tokens).  This is expected to be rare (<1% of steps).
[36m(TaskRunner pid=1148945)[0m WARNING:2026-07-08 06:13:42,240:c0a43cb7-dd13-4a04-88a4-4085ab2f077e/degraded: trimming teacher scores (1813 → 481 tokens).  This is expected to be rare (<1% of steps).
[36m(TaskRunner pid=1148945)[0m WARNING:2026-07-08 06:13:42,240:c0a43cb7-dd13-4a04-88a4-4085ab2f077e/full: trimming teacher scores (1813 → 745 tokens).  This is expected to be rare (<1% of steps).
[36m(TaskRunner pid=1148945)[0m WARNING:2026-07-08 06:13:42,240:c0a43cb7-dd13-4a04-88a4-4085ab2f077e/degraded: trimming teacher scores (1813 → 745 tokens).  This is expected to be rare (<1% of steps).
[36m(TaskRunner pid=1148945)[0m WARNING:2026-07-08 06:13:42,241:c0a43cb7-dd13-4a04-88a4-4085ab2f077e/full: trimming teacher scores (1813 → 444 tokens).  This is expected to be rare (<1% of steps).
[36m(TaskRunner pid=1148945)[0m WARNING:2026-07-08 06:13:42,241:c0a43cb7-dd13-4a04-88a4-4085ab2f077e/degraded: trimming teacher scores (1813 → 444 tokens).  This is expected to be rare (<1% of steps).
[36m(TaskRunner pid=1148945)[0m WARNING:2026-07-08 06:13:42,242:c0a43cb7-dd13-4a04-88a4-4085ab2f077e/full: trimming teacher scores (1813 → 284 tokens).  This is expected to be rare (<1% of steps).
[36m(TaskRunner pid=1148945)[0m WARNING:2026-07-08 06:13:42,242:c0a43cb7-dd13-4a04-88a4-4085ab2f077e/degraded: trimming teacher scores (1813 → 284 tokens).  This is expected to be rare (<1% of steps).
[36m(TaskRunner pid=1148945)[0m WARNING:2026-07-08 06:13:42,242:c0a43cb7-dd13-4a04-88a4-4085ab2f077e/full: padding teacher scores (1813 → 2048 tokens).  Positions beyond teacher length get zero quality weight.
[36m(TaskRunner pid=1148945)[0m WARNING:2026-07-08 06:13:42,243:c0a43cb7-dd13-4a04-88a4-4085ab2f077e/degraded: padding teacher scores (1813 → 2048 tokens).  Positions beyond teacher length get zero quality weight.
[36m(TaskRunner pid=1148945)[0m WARNING:2026-07-08 06:13:42,244:c0a43cb7-dd13-4a04-88a4-4085ab2f077e/full: trimming teacher scores (1813 → 1785 tokens).  This is expected to be rare (<1% of steps).
[36m(TaskRunner pid=1148945)[0m WARNING:2026-07-08 06:13:42,245:c0a43cb7-dd13-4a04-88a4-4085ab2f077e/degraded: trimming teacher scores (1813 → 1785 tokens).  This is expected to be rare (<1% of steps).
[36m(TaskRunner pid=1148945)[0m WARNING:2026-07-08 06:13:42,245:c0a43cb7-dd13-4a04-88a4-4085ab2f077e/full: trimming teacher scores (1813 → 612 tokens).  This is expected to be rare (<1% of steps).
[36m(TaskRunner pid=1148945)[0m WARNING:2026-07-08 06:13:42,245:c0a43cb7-dd13-4a04-88a4-4085ab2f077e/degraded: trimming teacher scores (1813 → 612 tokens).  This is expected to be rare (<1% of steps).
[36m(TaskRunner pid=1148945)[0m WARNING:2026-07-08 06:13:42,246:df80fee0-5660-423b-bc82-0687cb0bdcf2/full: padding teacher scores (119 → 165 tokens).  Positions beyond teacher length get zero quality weight.
[36m(TaskRunner pid=1148945)[0m WARNING:2026-07-08 06:13:42,246:df80fee0-5660-423b-bc82-0687cb0bdcf2/degraded: padding teacher scores (119 → 165 tokens).  Positions beyond teacher length get zero quality weight.
[36m(TaskRunner pid=1148945)[0m WARNING:2026-07-08 06:13:42,247:df80fee0-5660-423b-bc82-0687cb0bdcf2/full: trimming teacher scores (119 → 113 tokens).  This is expected to be rare (<1% of steps).
[36m(TaskRunner pid=1148945)[0m WARNING:2026-07-08 06:13:42,247:df80fee0-5660-423b-bc82-0687cb0bdcf2/degraded: trimming teacher scores (119 → 113 tokens).  This is expected to be rare (<1% of steps).
[36m(TaskRunner pid=1148945)[0m WARNING:2026-07-08 06:13:42,247:df80fee0-5660-423b-bc82-0687cb0bdcf2/full: padding teacher scores (119 → 219 tokens).  Positions beyond teacher length get zero quality weight.
[36m(TaskRunner pid=1148945)[0m WARNING:2026-07-08 06:13:42,247:df80fee0-5660-423b-bc82-0687cb0bdcf2/degraded: padding teacher scores (119 → 219 tokens).  Positions beyond teacher length get zero quality weight.
[36m(TaskRunner pid=1148945)[0m WARNING:2026-07-08 06:13:42,248:df80fee0-5660-423b-bc82-0687cb0bdcf2/full: padding teacher scores (119 → 139 tokens).  Positions beyond teacher length get zero quality weight.
[36m(TaskRunner pid=1148945)[0m WARNING:2026-07-08 06:13:42,248:df80fee0-5660-423b-bc82-0687cb0bdcf2/degraded: padding teacher scores (119 → 139 tokens).  Positions beyond teacher length get zero quality weight.
[36m(TaskRunner pid=1148945)[0m WARNING:2026-07-08 06:13:42,248:df80fee0-5660-423b-bc82-0687cb0bdcf2/full: padding teacher scores (119 → 138 tokens).  Positions beyond teacher length get zero quality weight.
[36m(TaskRunner pid=1148945)[0m WARNING:2026-07-08 06:13:42,248:df80fee0-5660-423b-bc82-0687cb0bdcf2/degraded: padding teacher scores (119 → 138 tokens).  Positions beyond teacher length get zero quality weight.
[36m(TaskRunner pid=1148945)[0m WARNING:2026-07-08 06:13:42,248:df80fee0-5660-423b-bc82-0687cb0bdcf2/full: padding teacher scores (119 → 165 tokens).  Positions beyond teacher length get zero quality weight.
[36m(TaskRunner pid=1148945)[0m WARNING:2026-07-08 06:13:42,249:df80fee0-5660-423b-bc82-0687cb0bdcf2/degraded: padding teacher scores (119 → 165 tokens).  Positions beyond teacher length get zero quality weight.
[36m(TaskRunner pid=1148945)[0m WARNING:2026-07-08 06:13:42,249:7222ceab-e4ee-4689-ab92-8834df6a5200/full: padding teacher scores (179 → 883 tokens).  Positions beyond teacher length get zero quality weight.
[36m(TaskRunner pid=1148945)[0m WARNING:2026-07-08 06:13:42,250:7222ceab-e4ee-4689-ab92-8834df6a5200/degraded: padding teacher scores (179 → 883 tokens).  Positions beyond teacher length get zero quality weight.
[36m(TaskRunner pid=1148945)[0m WARNING:2026-07-08 06:13:42,250:7222ceab-e4ee-4689-ab92-8834df6a5200/full: padding teacher scores (179 → 438 tokens).  Positions beyond teacher length get zero quality weight.
[36m(TaskRunner pid=1148945)[0m WARNING:2026-07-08 06:13:42,250:7222ceab-e4ee-4689-ab92-8834df6a5200/degraded: padding teacher scores (179 → 438 tokens).  Positions beyond teacher length get zero quality weight.
[36m(TaskRunner pid=1148945)[0m WARNING:2026-07-08 06:13:42,250:7222ceab-e4ee-4689-ab92-8834df6a5200/full: padding teacher scores (179 → 536 tokens).  Positions beyond teacher length get zero quality weight.
[36m(TaskRunner pid=1148945)[0m WARNING:2026-07-08 06:13:42,251:7222ceab-e4ee-4689-ab92-8834df6a5200/degraded: padding teacher scores (179 → 536 tokens).  Positions beyond teacher length get zero quality weight.
[36m(TaskRunner pid=1148945)[0m WARNING:2026-07-08 06:13:42,251:7222ceab-e4ee-4689-ab92-8834df6a5200/full: padding teacher scores (179 → 1350 tokens).  Positions beyond teacher length get zero quality weight.
[36m(TaskRunner pid=1148945)[0m WARNING:2026-07-08 06:13:42,251:7222ceab-e4ee-4689-ab92-8834df6a5200/degraded: padding teacher scores (179 → 1350 tokens).  Positions beyond teacher length get zero quality weight.
[36m(TaskRunner pid=1148945)[0m WARNING:2026-07-08 06:13:42,252:7222ceab-e4ee-4689-ab92-8834df6a5200/full: padding teacher scores (179 → 2048 tokens).  Positions beyond teacher length get zero quality weight.
[36m(TaskRunner pid=1148945)[0m WARNING:2026-07-08 06:13:42,252:7222ceab-e4ee-4689-ab92-8834df6a5200/degraded: padding teacher scores (179 → 2048 tokens).  Positions beyond teacher length get zero quality weight.
[36m(TaskRunner pid=1148945)[0m WARNING:2026-07-08 06:13:42,253:7222ceab-e4ee-4689-ab92-8834df6a5200/full: padding teacher scores (179 → 475 tokens).  Positions beyond teacher length get zero quality weight.
[36m(TaskRunner pid=1148945)[0m WARNING:2026-07-08 06:13:42,253:7222ceab-e4ee-4689-ab92-8834df6a5200/degraded: padding teacher scores (179 → 475 tokens).  Positions beyond teacher length get zero quality weight.
[36m(TaskRunner pid=1148945)[0m WARNING:2026-07-08 06:13:42,254:7222ceab-e4ee-4689-ab92-8834df6a5200/full: padding teacher scores (179 → 416 tokens).  Positions beyond teacher length get zero quality weight.
[36m(TaskRunner pid=1148945)[0m WARNING:2026-07-08 06:13:42,254:7222ceab-e4ee-4689-ab92-8834df6a5200/degraded: padding teacher scores (179 → 416 tokens).  Positions beyond teacher length get zero quality weight.
[36m(TaskRunner pid=1148945)[0m WARNING:2026-07-08 06:13:42,256:07e4cf86-f31c-4cd0-97c9-6d65b3ad12f7/full: trimming teacher scores (2048 → 776 tokens).  This is expected to be rare (<1% of steps).
[36m(TaskRunner pid=1148945)[0m WARNING:2026-07-08 06:13:42,256:07e4cf86-f31c-4cd0-97c9-6d65b3ad12f7/degraded: trimming teacher scores (2048 → 776 tokens).  This is expected to be rare (<1% of steps).
[36m(TaskRunner pid=1148945)[0m WARNING:2026-07-08 06:13:42,257:07e4cf86-f31c-4cd0-97c9-6d65b3ad12f7/full: trimming teacher scores (2048 → 1320 tokens).  This is expected to be rare (<1% of steps).
[36m(TaskRunner pid=1148945)[0m WARNING:2026-07-08 06:13:42,257:07e4cf86-f31c-4cd0-97c9-6d65b3ad12f7/degraded: trimming teacher scores (2048 → 1320 tokens).  This is expected to be rare (<1% of steps).
[36m(TaskRunner pid=1148945)[0m WARNING:2026-07-08 06:13:42,258:07e4cf86-f31c-4cd0-97c9-6d65b3ad12f7/full: trimming teacher scores (2048 → 846 tokens).  This is expected to be rare (<1% of steps).
[36m(TaskRunner pid=1148945)[0m WARNING:2026-07-08 06:13:42,258:07e4cf86-f31c-4cd0-97c9-6d65b3ad12f7/degraded: trimming teacher scores (2048 → 846 tokens).  This is expected to be rare (<1% of steps).
[36m(TaskRunner pid=1148945)[0m WARNING:2026-07-08 06:13:42,259:07e4cf86-f31c-4cd0-97c9-6d65b3ad12f7/full: trimming teacher scores (2048 → 1028 tokens).  This is expected to be rare (<1% of steps).
[36m(TaskRunner pid=1148945)[0m WARNING:2026-07-08 06:13:42,259:07e4cf86-f31c-4cd0-97c9-6d65b3ad12f7/degraded: trimming teacher scores (2048 → 1028 tokens).  This is expected to be rare (<1% of steps).
[36m(TaskRunner pid=1148945)[0m WARNING:2026-07-08 06:13:42,260:07e4cf86-f31c-4cd0-97c9-6d65b3ad12f7/full: trimming teacher scores (2048 → 810 tokens).  This is expected to be rare (<1% of steps).
[36m(TaskRunner pid=1148945)[0m WARNING:2026-07-08 06:13:42,260:07e4cf86-f31c-4cd0-97c9-6d65b3ad12f7/degraded: trimming teacher scores (2048 → 810 tokens).  This is expected to be rare (<1% of steps).
[36m(TaskRunner pid=1148945)[0m WARNING:2026-07-08 06:13:42,260:07e4cf86-f31c-4cd0-97c9-6d65b3ad12f7/full: trimming teacher scores (2048 → 966 tokens).  This is expected to be rare (<1% of steps).
[36m(TaskRunner pid=1148945)[0m WARNING:2026-07-08 06:13:42,261:07e4cf86-f31c-4cd0-97c9-6d65b3ad12f7/degraded: trimming teacher scores (2048 → 966 tokens).  This is expected to be rare (<1% of steps).
[36m(TaskRunner pid=1148945)[0m WARNING:2026-07-08 06:13:42,353:========================================================================
[36m(TaskRunner pid=1148945)[0m WARNING:2026-07-08 06:13:42,353:  VA-OPD Pipeline Verification (arXiv 2605.21924 §3.2-3.3)
[36m(TaskRunner pid=1148945)[0m WARNING:2026-07-08 06:13:42,353:========================================================================
[36m(TaskRunner pid=1148945)[0m WARNING:2026-07-08 06:13:42,353:  C          = 2  conditions: ['full', 'degraded']
[36m(TaskRunner pid=1148945)[0m WARNING:2026-07-08 06:13:42,353:  loss_mode  = va_opd
[36m(TaskRunner pid=1148945)[0m WARNING:2026-07-08 06:13:42,353:  batch      = [B=48, T=2048]
[36m(TaskRunner pid=1148945)[0m WARNING:2026-07-08 06:13:42,353:  top_k      = 32
[36m(TaskRunner pid=1148945)[0m WARNING:2026-07-08 06:13:42,353:  exact_lp   = torch.Size([48, 2, 2048])  (None=tail-fallback)
[36m(TaskRunner pid=1148945)[0m WARNING:2026-07-08 06:13:42,353:  Student    = raw image + canonical question  (choices allowed, no XML)
[36m(TaskRunner pid=1148945)[0m WARNING:2026-07-08 06:13:42,353:  Teacher    = raw image + same canonical question  (no format bias)
[36m(TaskRunner pid=1148945)[0m WARNING:2026-07-08 06:13:42,353:  KL         = reverse (mode-seeking) KL(P_S || P_T)
[36m(TaskRunner pid=1148945)[0m WARNING:2026-07-08 06:13:42,353:  Formula §3.2: w^(k) = softmax(z_score(ā^(k)) / τ), sums to 1 per prompt
[36m(TaskRunner pid=1148945)[0m WARNING:2026-07-08 06:13:42,353:  Formula §3.3: L_group = 0.5·mean(KL_rev,HighVA) + 0.5·mean(KL_rev,LowVA)
[36m(TaskRunner pid=1148945)[0m WARNING:2026-07-08 06:13:42,353:  Total (formula 7): L = Σ_k w^(k)·L_group^(k)   (pure distillation, no GRPO)
[36m(TaskRunner pid=1148945)[0m WARNING:2026-07-08 06:13:42,353:========================================================================
[36m(TaskRunner pid=1148945)[0m ========================================================================
[36m(TaskRunner pid=1148945)[0m   VA-OPD Pipeline Verification (arXiv 2605.21924 §3.2-3.3)
[36m(TaskRunner pid=1148945)[0m ========================================================================
[36m(TaskRunner pid=1148945)[0m   C          = 2  conditions: ['full', 'degraded']
[36m(TaskRunner pid=1148945)[0m   loss_mode  = va_opd
[36m(TaskRunner pid=1148945)[0m   batch      = [B=48, T=2048]
[36m(TaskRunner pid=1148945)[0m   top_k      = 32
[36m(TaskRunner pid=1148945)[0m   exact_lp   = torch.Size([48, 2, 2048])  (None=tail-fallback)
[36m(TaskRunner pid=1148945)[0m   Student    = raw image + canonical question  (choices allowed, no XML)
[36m(TaskRunner pid=1148945)[0m   Teacher    = raw image + same canonical question  (no format bias)
[36m(TaskRunner pid=1148945)[0m   KL         = reverse (mode-seeking) KL(P_S || P_T)
[36m(TaskRunner pid=1148945)[0m   Formula §3.2: w^(k) = softmax(z_score(ā^(k)) / τ), sums to 1 per prompt
[36m(TaskRunner pid=1148945)[0m   Formula §3.3: L_group = 0.5·mean(KL_rev,HighVA) + 0.5·mean(KL_rev,LowVA)
[36m(TaskRunner pid=1148945)[0m   Total (formula 7): L = Σ_k w^(k)·L_group^(k)   (pure distillation, no GRPO)
[36m(TaskRunner pid=1148945)[0m ========================================================================
[36m(WorkerDict pid=1246292)[0m INFO:2026-07-08 06:14:18,637:update_weights done, time cost: 0.90s
[36m(TaskRunner pid=1148945)[0m Training Progress:   1%|          | 9/1751 [10:12<32:09:31, 66.46s/it]
[36m(TaskRunner pid=1148945)[0m WARNING:2026-07-08 06:14:48,828:d43d7b9d-5105-4b31-a243-22d95d1e26e1/full: padding teacher scores (713 → 1580 tokens).  Positions beyond teacher length get zero quality weight.
[36m(TaskRunner pid=1148945)[0m WARNING:2026-07-08 06:14:48,829:d43d7b9d-5105-4b31-a243-22d95d1e26e1/degraded: padding teacher scores (713 → 1580 tokens).  Positions beyond teacher length get zero quality weight.
[36m(TaskRunner pid=1148945)[0m WARNING:2026-07-08 06:14:48,829:d43d7b9d-5105-4b31-a243-22d95d1e26e1/full: padding teacher scores (713 → 2048 tokens).  Positions beyond teacher length get zero quality weight.
[36m(TaskRunner pid=1148945)[0m WARNING:2026-07-08 06:14:48,830:d43d7b9d-5105-4b31-a243-22d95d1e26e1/degraded: padding teacher scores (713 → 2048 tokens).  Positions beyond teacher length get zero quality weight.
[36m(TaskRunner pid=1148945)[0m WARNING:2026-07-08 06:14:48,831:d43d7b9d-5105-4b31-a243-22d95d1e26e1/full: trimming teacher scores (713 → 270 tokens).  This is expected to be rare (<1% of steps).
[36m(TaskRunner pid=1148945)[0m WARNING:2026-07-08 06:14:48,831:d43d7b9d-5105-4b31-a243-22d95d1e26e1/degraded: trimming teacher scores (713 → 270 tokens).  This is expected to be rare (<1% of steps).
[36m(TaskRunner pid=1148945)[0m WARNING:2026-07-08 06:14:48,832:d43d7b9d-5105-4b31-a243-22d95d1e26e1/full: padding teacher scores (713 → 1461 tokens).  Positions beyond teacher length get zero quality weight.
[36m(TaskRunner pid=1148945)[0m WARNING:2026-07-08 06:14:48,832:d43d7b9d-5105-4b31-a243-22d95d1e26e1/degraded: padding teacher scores (713 → 1461 tokens).  Positions beyond teacher length get zero quality weight.
[36m(TaskRunner pid=1148945)[0m WARNING:2026-07-08 06:14:48,833:d43d7b9d-5105-4b31-a243-22d95d1e26e1/full: padding teacher scores (713 → 2048 tokens).  Positions beyond teacher length get zero quality weight.
[36m(TaskRunner pid=1148945)[0m WARNING:2026-07-08 06:14:48,834:d43d7b9d-5105-4b31-a243-22d95d1e26e1/degraded: padding teacher scores (713 → 2048 tokens).  Positions beyond teacher length get zero quality weight.
[36m(TaskRunner pid=1148945)[0m WARNING:2026-07-08 06:14:48,835:d43d7b9d-5105-4b31-a243-22d95d1e26e1/full: padding teacher scores (713 → 2048 tokens).  Positions beyond teacher length get zero quality weight.
[36m(TaskRunner pid=1148945)[0m WARNING:2026-07-08 06:14:48,835:d43d7b9d-5105-4b31-a243-22d95d1e26e1/degraded: padding teacher scores (713 → 2048 tokens).  Positions beyond teacher length get zero quality weight.
[36m(TaskRunner pid=1148945)[0m WARNING:2026-07-08 06:14:48,836:d43d7b9d-5105-4b31-a243-22d95d1e26e1/full: padding teacher scores (713 → 1759 tokens).  Positions beyond teacher length get zero quality weight.
[36m(TaskRunner pid=1148945)[0m WARNING:2026-07-08 06:14:48,837:d43d7b9d-5105-4b31-a243-22d95d1e26e1/degraded: padding teacher scores (713 → 1759 tokens).  Positions beyond teacher length get zero quality weight.
[36m(TaskRunner pid=1148945)[0m WARNING:2026-07-08 06:14:48,838:78f42005-ce39-4b20-b638-fb968aec109d/full: trimming teacher scores (144 → 137 tokens).  This is expected to be rare (<1% of steps).
[36m(TaskRunner pid=1148945)[0m WARNING:2026-07-08 06:14:48,838:78f42005-ce39-4b20-b638-fb968aec109d/degraded: trimming teacher scores (144 → 137 tokens).  This is expected to be rare (<1% of steps).
[36m(TaskRunner pid=1148945)[0m WARNING:2026-07-08 06:14:48,838:78f42005-ce39-4b20-b638-fb968aec109d/full: trimming teacher scores (144 → 140 tokens).  This is expected to be rare (<1% of steps).
[36m(TaskRunner pid=1148945)[0m WARNING:2026-07-08 06:14:48,839:78f42005-ce39-4b20-b638-fb968aec109d/degraded: trimming teacher scores (144 → 140 tokens).  This is expected to be rare (<1% of steps).
[36m(TaskRunner pid=1148945)[0m WARNING:2026-07-08 06:14:48,839:78f42005-ce39-4b20-b638-fb968aec109d/full: trimming teacher scores (144 → 93 tokens).  This is expected to be rare (<1% of steps).
[36m(TaskRunner pid=1148945)[0m WARNING:2026-07-08 06:14:48,839:78f42005-ce39-4b20-b638-fb968aec109d/degraded: trimming teacher scores (144 → 93 tokens).  This is expected to be rare (<1% of steps).
[36m(TaskRunner pid=1148945)[0m WARNING:2026-07-08 06:14:48,839:78f42005-ce39-4b20-b638-fb968aec109d/full: padding teacher scores (144 → 382 tokens).  Positions beyond teacher length get zero quality weight.
[36m(TaskRunner pid=1148945)[0m WARNING:2026-07-08 06:14:48,840:78f42005-ce39-4b20-b638-fb968aec109d/degraded: padding teacher scores (144 → 382 tokens).  Positions beyond teacher length get zero quality weight.
[36m(TaskRunner pid=1148945)[0m WARNING:2026-07-08 06:14:48,840:78f42005-ce39-4b20-b638-fb968aec109d/full: padding teacher scores (144 → 1662 tokens).  Positions beyond teacher length get zero quality weight.
[36m(TaskRunner pid=1148945)[0m WARNING:2026-07-08 06:14:48,840:78f42005-ce39-4b20-b638-fb968aec109d/degraded: padding teacher scores (144 → 1662 tokens).  Positions beyond teacher length get zero quality weight.
[36m(TaskRunner pid=1148945)[0m WARNING:2026-07-08 06:14:48,841:78f42005-ce39-4b20-b638-fb968aec109d/full: padding teacher scores (144 → 170 tokens).  Positions beyond teacher length get zero quality weight.
[36m(TaskRunner pid=1148945)[0m WARNING:2026-07-08 06:14:48,841:78f42005-ce39-4b20-b638-fb968aec109d/degraded: padding teacher scores (144 → 170 tokens).  Positions beyond teacher length get zero quality weight.
[36m(TaskRunner pid=1148945)[0m WARNING:2026-07-08 06:14:48,842:78f42005-ce39-4b20-b638-fb968aec109d/full: padding teacher scores (144 → 217 tokens).  Positions beyond teacher length get zero quality weight.
[36m(TaskRunner pid=1148945)[0m WARNING:2026-07-08 06:14:48,842:78f42005-ce39-4b20-b638-fb968aec109d/degraded: padding teacher scores (144 → 217 tokens).  Positions beyond teacher length get zero quality weight.
[36m(TaskRunner pid=1148945)[0m WARNING:2026-07-08 06:14:48,843:d408f604-b3c8-458a-9514-7f419de82a04/full: trimming teacher scores (148 → 96 tokens).  This is expected to be rare (<1% of steps).
[36m(TaskRunner pid=1148945)[0m WARNING:2026-07-08 06:14:48,843:d408f604-b3c8-458a-9514-7f419de82a04/degraded: trimming teacher scores (148 → 96 tokens).  This is expected to be rare (<1% of steps).
[36m(TaskRunner pid=1148945)[0m WARNING:2026-07-08 06:14:48,843:d408f604-b3c8-458a-9514-7f419de82a04/full: trimming teacher scores (148 → 132 tokens).  This is expected to be rare (<1% of steps).
[36m(TaskRunner pid=1148945)[0m WARNING:2026-07-08 06:14:48,843:d408f604-b3c8-458a-9514-7f419de82a04/degraded: trimming teacher scores (148 → 132 tokens).  This is expected to be rare (<1% of steps).
[36m(TaskRunner pid=1148945)[0m WARNING:2026-07-08 06:14:48,843:d408f604-b3c8-458a-9514-7f419de82a04/full: padding teacher scores (148 → 174 tokens).  Positions beyond teacher length get zero quality weight.
[36m(TaskRunner pid=1148945)[0m WARNING:2026-07-08 06:14:48,844:d408f604-b3c8-458a-9514-7f419de82a04/degraded: padding teacher scores (148 → 174 tokens).  Positions beyond teacher length get zero quality weight.
[36m(TaskRunner pid=1148945)[0m WARNING:2026-07-08 06:14:48,844:d408f604-b3c8-458a-9514-7f419de82a04/full: trimming teacher scores (148 → 105 tokens).  This is expected to be rare (<1% of steps).
[36m(TaskRunner pid=1148945)[0m WARNING:2026-07-08 06:14:48,844:d408f604-b3c8-458a-9514-7f419de82a04/degraded: trimming teacher scores (148 → 105 tokens).  This is expected to be rare (<1% of steps).
[36m(TaskRunner pid=1148945)[0m WARNING:2026-07-08 06:14:48,844:d408f604-b3c8-458a-9514-7f419de82a04/full: trimming teacher scores (148 → 133 tokens).  This is expected to be rare (<1% of steps).
[36m(TaskRunner pid=1148945)[0m WARNING:2026-07-08 06:14:48,845:d408f604-b3c8-458a-9514-7f419de82a04/degraded: trimming teacher scores (148 → 133 tokens).  This is expected to be rare (<1% of steps).
[36m(TaskRunner pid=1148945)[0m WARNING:2026-07-08 06:14:48,845:d408f604-b3c8-458a-9514-7f419de82a04/full: padding teacher scores (148 → 2048 tokens).  Positions beyond teacher length get zero quality weight.
[36m(TaskRunner pid=1148945)[0m WARNING:2026-07-08 06:14:48,846:d408f604-b3c8-458a-9514-7f419de82a04/degraded: padding teacher scores (148 → 2048 tokens).  Positions beyond teacher length get zero quality weight.
[36m(TaskRunner pid=1148945)[0m WARNING:2026-07-08 06:14:48,847:d408f604-b3c8-458a-9514-7f419de82a04/full: padding teacher scores (148 → 298 tokens).  Positions beyond teacher length get zero quality weight.
[36m(TaskRunner pid=1148945)[0m WARNING:2026-07-08 06:14:48,847:d408f604-b3c8-458a-9514-7f419de82a04/degraded: padding teacher scores (148 → 298 tokens).  Positions beyond teacher length get zero quality weight.
[36m(TaskRunner pid=1148945)[0m WARNING:2026-07-08 06:14:48,855:69536708-6296-4175-b202-b52c61f4396a/full: trimming teacher scores (2048 → 850 tokens).  This is expected to be rare (<1% of steps).
[36m(TaskRunner pid=1148945)[0m WARNING:2026-07-08 06:14:48,855:69536708-6296-4175-b202-b52c61f4396a/degraded: trimming teacher scores (2048 → 850 tokens).  This is expected to be rare (<1% of steps).
[36m(TaskRunner pid=1148945)[0m WARNING:2026-07-08 06:14:48,857:69536708-6296-4175-b202-b52c61f4396a/full: trimming teacher scores (2048 → 447 tokens).  This is expected to be rare (<1% of steps).
[36m(TaskRunner pid=1148945)[0m WARNING:2026-07-08 06:14:48,858:69536708-6296-4175-b202-b52c61f4396a/degraded: trimming teacher scores (2048 → 447 tokens).  This is expected to be rare (<1% of steps).
[36m(TaskRunner pid=1148945)[0m WARNING:2026-07-08 06:14:48,859:69536708-6296-4175-b202-b52c61f4396a/full: trimming teacher scores (2048 → 546 tokens).  This is expected to be rare (<1% of steps).
[36m(TaskRunner pid=1148945)[0m WARNING:2026-07-08 06:14:48,859:69536708-6296-4175-b202-b52c61f4396a/degraded: trimming teacher scores (2048 → 546 tokens).  This is expected to be rare (<1% of steps).
[36m(TaskRunner pid=1148945)[0m WARNING:2026-07-08 06:14:48,860:69536708-6296-4175-b202-b52c61f4396a/full: trimming teacher scores (2048 → 290 tokens).  This is expected to be rare (<1% of steps).
[36m(TaskRunner pid=1148945)[0m WARNING:2026-07-08 06:14:48,860:69536708-6296-4175-b202-b52c61f4396a/degraded: trimming teacher scores (2048 → 290 tokens).  This is expected to be rare (<1% of steps).
[36m(TaskRunner pid=1148945)[0m WARNING:2026-07-08 06:14:48,973:========================================================================
[36m(TaskRunner pid=1148945)[0m WARNING:2026-07-08 06:14:48,973:  VA-OPD Pipeline Verification (arXiv 2605.21924 §3.2-3.3)
[36m(TaskRunner pid=1148945)[0m WARNING:2026-07-08 06:14:48,974:========================================================================
[36m(TaskRunner pid=1148945)[0m WARNING:2026-07-08 06:14:48,974:  C          = 2  conditions: ['full', 'degraded']
[36m(TaskRunner pid=1148945)[0m WARNING:2026-07-08 06:14:48,974:  loss_mode  = va_opd
[36m(TaskRunner pid=1148945)[0m WARNING:2026-07-08 06:14:48,974:  batch      = [B=48, T=2048]
[36m(TaskRunner pid=1148945)[0m WARNING:2026-07-08 06:14:48,974:  top_k      = 32
[36m(TaskRunner pid=1148945)[0m WARNING:2026-07-08 06:14:48,974:  exact_lp   = torch.Size([48, 2, 2048])  (None=tail-fallback)
[36m(TaskRunner pid=1148945)[0m WARNING:2026-07-08 06:14:48,974:  Student    = raw image + canonical question  (choices allowed, no XML)
[36m(TaskRunner pid=1148945)[0m WARNING:2026-07-08 06:14:48,974:  Teacher    = raw image + same canonical question  (no format bias)
[36m(TaskRunner pid=1148945)[0m WARNING:2026-07-08 06:14:48,974:  KL         = reverse (mode-seeking) KL(P_S || P_T)
[36m(TaskRunner pid=1148945)[0m WARNING:2026-07-08 06:14:48,974:  Formula §3.2: w^(k) = softmax(z_score(ā^(k)) / τ), sums to 1 per prompt
[36m(TaskRunner pid=1148945)[0m WARNING:2026-07-08 06:14:48,974:  Formula §3.3: L_group = 0.5·mean(KL_rev,HighVA) + 0.5·mean(KL_rev,LowVA)
[36m(TaskRunner pid=1148945)[0m WARNING:2026-07-08 06:14:48,974:  Total (formula 7): L = Σ_k w^(k)·L_group^(k)   (pure distillation, no GRPO)
[36m(TaskRunner pid=1148945)[0m WARNING:2026-07-08 06:14:48,974:========================================================================
[36m(TaskRunner pid=1148945)[0m ========================================================================
[36m(TaskRunner pid=1148945)[0m   VA-OPD Pipeline Verification (arXiv 2605.21924 §3.2-3.3)
[36m(TaskRunner pid=1148945)[0m ========================================================================
[36m(TaskRunner pid=1148945)[0m   C          = 2  conditions: ['full', 'degraded']
[36m(TaskRunner pid=1148945)[0m   loss_mode  = va_opd
[36m(TaskRunner pid=1148945)[0m   batch      = [B=48, T=2048]
[36m(TaskRunner pid=1148945)[0m   top_k      = 32
[36m(TaskRunner pid=1148945)[0m   exact_lp   = torch.Size([48, 2, 2048])  (None=tail-fallback)
[36m(TaskRunner pid=1148945)[0m   Student    = raw image + canonical question  (choices allowed, no XML)
[36m(TaskRunner pid=1148945)[0m   Teacher    = raw image + same canonical question  (no format bias)
[36m(TaskRunner pid=1148945)[0m   KL         = reverse (mode-seeking) KL(P_S || P_T)
[36m(TaskRunner pid=1148945)[0m   Formula §3.2: w^(k) = softmax(z_score(ā^(k)) / τ), sums to 1 per prompt
[36m(TaskRunner pid=1148945)[0m   Formula §3.3: L_group = 0.5·mean(KL_rev,HighVA) + 0.5·mean(KL_rev,LowVA)
[36m(TaskRunner pid=1148945)[0m   Total (formula 7): L = Σ_k w^(k)·L_group^(k)   (pure distillation, no GRPO)
[36m(TaskRunner pid=1148945)[0m ========================================================================
[36m(WorkerDict pid=1246292)[0m INFO:2026-07-08 06:15:31,742:update_weights done, time cost: 1.00s
[36m(TaskRunner pid=1148945)[0m Training Progress:   1%|          | 10/1751 [11:25<33:07:50, 68.51s/it]
[36m(TaskRunner pid=1148945)[0m WARNING:2026-07-08 06:16:00,773:44e62dc4-cac2-43cd-bf35-05e3c57ac840/full: trimming teacher scores (2048 → 1142 tokens).  This is expected to be rare (<1% of steps).
[36m(TaskRunner pid=1148945)[0m WARNING:2026-07-08 06:16:00,773:44e62dc4-cac2-43cd-bf35-05e3c57ac840/degraded: trimming teacher scores (2048 → 1142 tokens).  This is expected to be rare (<1% of steps).
[36m(TaskRunner pid=1148945)[0m WARNING:2026-07-08 06:16:00,775:44e62dc4-cac2-43cd-bf35-05e3c57ac840/full: trimming teacher scores (2048 → 1827 tokens).  This is expected to be rare (<1% of steps).
[36m(TaskRunner pid=1148945)[0m WARNING:2026-07-08 06:16:00,776:44e62dc4-cac2-43cd-bf35-05e3c57ac840/degraded: trimming teacher scores (2048 → 1827 tokens).  This is expected to be rare (<1% of steps).
[36m(TaskRunner pid=1148945)[0m WARNING:2026-07-08 06:16:00,776:44e62dc4-cac2-43cd-bf35-05e3c57ac840/full: trimming teacher scores (2048 → 302 tokens).  This is expected to be rare (<1% of steps).
[36m(TaskRunner pid=1148945)[0m WARNING:2026-07-08 06:16:00,776:44e62dc4-cac2-43cd-bf35-05e3c57ac840/degraded: trimming teacher scores (2048 → 302 tokens).  This is expected to be rare (<1% of steps).
[36m(TaskRunner pid=1148945)[0m WARNING:2026-07-08 06:16:00,779:79cd255a-9003-4708-8b6b-21fc67bc25d9/full: padding teacher scores (119 → 167 tokens).  Positions beyond teacher length get zero quality weight.
[36m(TaskRunner pid=1148945)[0m WARNING:2026-07-08 06:16:00,779:79cd255a-9003-4708-8b6b-21fc67bc25d9/degraded: padding teacher scores (119 → 167 tokens).  Positions beyond teacher length get zero quality weight.
[36m(TaskRunner pid=1148945)[0m WARNING:2026-07-08 06:16:00,780:79cd255a-9003-4708-8b6b-21fc67bc25d9/full: padding teacher scores (119 → 221 tokens).  Positions beyond teacher length get zero quality weight.
[36m(TaskRunner pid=1148945)[0m WARNING:2026-07-08 06:16:00,780:79cd255a-9003-4708-8b6b-21fc67bc25d9/degraded: padding teacher scores (119 → 221 tokens).  Positions beyond teacher length get zero quality weight.
[36m(TaskRunner pid=1148945)[0m WARNING:2026-07-08 06:16:00,780:79cd255a-9003-4708-8b6b-21fc67bc25d9/full: padding teacher scores (119 → 162 tokens).  Positions beyond teacher length get zero quality weight.
[36m(TaskRunner pid=1148945)[0m WARNING:2026-07-08 06:16:00,780:79cd255a-9003-4708-8b6b-21fc67bc25d9/degraded: padding teacher scores (119 → 162 tokens).  Positions beyond teacher length get zero quality weight.
[36m(TaskRunner pid=1148945)[0m WARNING:2026-07-08 06:16:00,781:79cd255a-9003-4708-8b6b-21fc67bc25d9/full: padding teacher scores (119 → 149 tokens).  Positions beyond teacher length get zero quality weight.
[36m(TaskRunner pid=1148945)[0m WARNING:2026-07-08 06:16:00,781:79cd255a-9003-4708-8b6b-21fc67bc25d9/degraded: padding teacher scores (119 → 149 tokens).  Positions beyond teacher length get zero quality weight.
[36m(TaskRunner pid=1148945)[0m WARNING:2026-07-08 06:16:00,781:79cd255a-9003-4708-8b6b-21fc67bc25d9/full: padding teacher scores (119 → 525 tokens).  Positions beyond teacher length get zero quality weight.
[36m(TaskRunner pid=1148945)[0m WARNING:2026-07-08 06:16:00,782:79cd255a-9003-4708-8b6b-21fc67bc25d9/degraded: padding teacher scores (119 → 525 tokens).  Positions beyond teacher length get zero quality weight.
[36m(TaskRunner pid=1148945)[0m WARNING:2026-07-08 06:16:00,782:79cd255a-9003-4708-8b6b-21fc67bc25d9/full: padding teacher scores (119 → 261 tokens).  Positions beyond teacher length get zero quality weight.
[36m(TaskRunner pid=1148945)[0m WARNING:2026-07-08 06:16:00,782:79cd255a-9003-4708-8b6b-21fc67bc25d9/degraded: padding teacher scores (119 → 261 tokens).  Positions beyond teacher length get zero quality weight.
[36m(TaskRunner pid=1148945)[0m WARNING:2026-07-08 06:16:00,783:79cd255a-9003-4708-8b6b-21fc67bc25d9/full: padding teacher scores (119 → 153 tokens).  Positions beyond teacher length get zero quality weight.
[36m(TaskRunner pid=1148945)[0m WARNING:2026-07-08 06:16:00,783:79cd255a-9003-4708-8b6b-21fc67bc25d9/degraded: padding teacher scores (119 → 153 tokens).  Positions beyond teacher length get zero quality weight.
[36m(TaskRunner pid=1148945)[0m WARNING:2026-07-08 06:16:00,784:3d30f31f-bc67-4988-b10c-2b2bcf21ab8a/full: padding teacher scores (509 → 630 tokens).  Positions beyond teacher length get zero quality weight.
[36m(TaskRunner pid=1148945)[0m WARNING:2026-07-08 06:16:00,784:3d30f31f-bc67-4988-b10c-2b2bcf21ab8a/degraded: padding teacher scores (509 → 630 tokens).  Positions beyond teacher length get zero quality weight.
[36m(TaskRunner pid=1148945)[0m WARNING:2026-07-08 06:16:00,785:3d30f31f-bc67-4988-b10c-2b2bcf21ab8a/full: trimming teacher scores (509 → 216 tokens).  This is expected to be rare (<1% of steps).
[36m(TaskRunner pid=1148945)[0m WARNING:2026-07-08 06:16:00,785:3d30f31f-bc67-4988-b10c-2b2bcf21ab8a/degraded: trimming teacher scores (509 → 216 tokens).  This is expected to be rare (<1% of steps).
[36m(TaskRunner pid=1148945)[0m WARNING:2026-07-08 06:16:00,785:3d30f31f-bc67-4988-b10c-2b2bcf21ab8a/full: padding teacher scores (509 → 1368 tokens).  Positions beyond teacher length get zero quality weight.
[36m(TaskRunner pid=1148945)[0m WARNING:2026-07-08 06:16:00,786:3d30f31f-bc67-4988-b10c-2b2bcf21ab8a/degraded: padding teacher scores (509 → 1368 tokens).  Positions beyond teacher length get zero quality weight.
[36m(TaskRunner pid=1148945)[0m WARNING:2026-07-08 06:16:00,787:3d30f31f-bc67-4988-b10c-2b2bcf21ab8a/full: padding teacher scores (509 → 888 tokens).  Positions beyond teacher length get zero quality weight.
[36m(TaskRunner pid=1148945)[0m WARNING:2026-07-08 06:16:00,787:3d30f31f-bc67-4988-b10c-2b2bcf21ab8a/degraded: padding teacher scores (509 → 888 tokens).  Positions beyond teacher length get zero quality weight.
[36m(TaskRunner pid=1148945)[0m WARNING:2026-07-08 06:16:00,788:3d30f31f-bc67-4988-b10c-2b2bcf21ab8a/full: padding teacher scores (509 → 582 tokens).  Positions beyond teacher length get zero quality weight.
[36m(TaskRunner pid=1148945)[0m WARNING:2026-07-08 06:16:00,788:3d30f31f-bc67-4988-b10c-2b2bcf21ab8a/degraded: padding teacher scores (509 → 582 tokens).  Positions beyond teacher length get zero quality weight.
[36m(TaskRunner pid=1148945)[0m WARNING:2026-07-08 06:16:00,788:3d30f31f-bc67-4988-b10c-2b2bcf21ab8a/full: trimming teacher scores (509 → 429 tokens).  This is expected to be rare (<1% of steps).
[36m(TaskRunner pid=1148945)[0m WARNING:2026-07-08 06:16:00,789:3d30f31f-bc67-4988-b10c-2b2bcf21ab8a/degraded: trimming teacher scores (509 → 429 tokens).  This is expected to be rare (<1% of steps).
[36m(TaskRunner pid=1148945)[0m WARNING:2026-07-08 06:16:00,789:3d30f31f-bc67-4988-b10c-2b2bcf21ab8a/full: padding teacher scores (509 → 614 tokens).  Positions beyond teacher length get zero quality weight.
[36m(TaskRunner pid=1148945)[0m WARNING:2026-07-08 06:16:00,789:3d30f31f-bc67-4988-b10c-2b2bcf21ab8a/degraded: padding teacher scores (509 → 614 tokens).  Positions beyond teacher length get zero quality weight.
[36m(TaskRunner pid=1148945)[0m WARNING:2026-07-08 06:16:00,790:21b3d4dc-7e51-4d2e-b4df-7ce07dc07959/full: trimming teacher scores (609 → 483 tokens).  This is expected to be rare (<1% of steps).
[36m(TaskRunner pid=1148945)[0m WARNING:2026-07-08 06:16:00,790:21b3d4dc-7e51-4d2e-b4df-7ce07dc07959/degraded: trimming teacher scores (609 → 483 tokens).  This is expected to be rare (<1% of steps).
[36m(TaskRunner pid=1148945)[0m WARNING:2026-07-08 06:16:00,791:21b3d4dc-7e51-4d2e-b4df-7ce07dc07959/full: trimming teacher scores (609 → 591 tokens).  This is expected to be rare (<1% of steps).
[36m(TaskRunner pid=1148945)[0m WARNING:2026-07-08 06:16:00,791:21b3d4dc-7e51-4d2e-b4df-7ce07dc07959/degraded: trimming teacher scores (609 → 591 tokens).  This is expected to be rare (<1% of steps).
[36m(TaskRunner pid=1148945)[0m WARNING:2026-07-08 06:16:00,791:21b3d4dc-7e51-4d2e-b4df-7ce07dc07959/full: trimming teacher scores (609 → 453 tokens).  This is expected to be rare (<1% of steps).
[36m(TaskRunner pid=1148945)[0m WARNING:2026-07-08 06:16:00,791:21b3d4dc-7e51-4d2e-b4df-7ce07dc07959/degraded: trimming teacher scores (609 → 453 tokens).  This is expected to be rare (<1% of steps).
[36m(TaskRunner pid=1148945)[0m WARNING:2026-07-08 06:16:00,792:21b3d4dc-7e51-4d2e-b4df-7ce07dc07959/full: trimming teacher scores (609 → 378 tokens).  This is expected to be rare (<1% of steps).
[36m(TaskRunner pid=1148945)[0m WARNING:2026-07-08 06:16:00,792:21b3d4dc-7e51-4d2e-b4df-7ce07dc07959/degraded: trimming teacher scores (609 → 378 tokens).  This is expected to be rare (<1% of steps).
[36m(TaskRunner pid=1148945)[0m WARNING:2026-07-08 06:16:00,793:21b3d4dc-7e51-4d2e-b4df-7ce07dc07959/full: trimming teacher scores (609 → 455 tokens).  This is expected to be rare (<1% of steps).
[36m(TaskRunner pid=1148945)[0m WARNING:2026-07-08 06:16:00,793:21b3d4dc-7e51-4d2e-b4df-7ce07dc07959/degraded: trimming teacher scores (609 → 455 tokens).  This is expected to be rare (<1% of steps).
[36m(TaskRunner pid=1148945)[0m WARNING:2026-07-08 06:16:00,793:21b3d4dc-7e51-4d2e-b4df-7ce07dc07959/full: padding teacher scores (609 → 660 tokens).  Positions beyond teacher length get zero quality weight.
[36m(TaskRunner pid=1148945)[0m WARNING:2026-07-08 06:16:00,793:21b3d4dc-7e51-4d2e-b4df-7ce07dc07959/degraded: padding teacher scores (609 → 660 tokens).  Positions beyond teacher length get zero quality weight.
[36m(TaskRunner pid=1148945)[0m WARNING:2026-07-08 06:16:00,794:21b3d4dc-7e51-4d2e-b4df-7ce07dc07959/full: trimming teacher scores (609 → 397 tokens).  This is expected to be rare (<1% of steps).
[36m(TaskRunner pid=1148945)[0m WARNING:2026-07-08 06:16:00,794:21b3d4dc-7e51-4d2e-b4df-7ce07dc07959/degraded: trimming teacher scores (609 → 397 tokens).  This is expected to be rare (<1% of steps).
[36m(TaskRunner pid=1148945)[0m WARNING:2026-07-08 06:16:00,802:c8adc74b-58fc-45e8-a6c0-3762b181c011/full: trimming teacher scores (2048 → 755 tokens).  This is expected to be rare (<1% of steps).
[36m(TaskRunner pid=1148945)[0m WARNING:2026-07-08 06:16:00,803:c8adc74b-58fc-45e8-a6c0-3762b181c011/degraded: trimming teacher scores (2048 → 755 tokens).  This is expected to be rare (<1% of steps).
[36m(TaskRunner pid=1148945)[0m WARNING:2026-07-08 06:16:00,805:c8adc74b-58fc-45e8-a6c0-3762b181c011/full: trimming teacher scores (2048 → 1065 tokens).  This is expected to be rare (<1% of steps).
[36m(TaskRunner pid=1148945)[0m WARNING:2026-07-08 06:16:00,805:c8adc74b-58fc-45e8-a6c0-3762b181c011/degraded: trimming teacher scores (2048 → 1065 tokens).  This is expected to be rare (<1% of steps).
[36m(TaskRunner pid=1148945)[0m WARNING:2026-07-08 06:16:00,806:c8adc74b-58fc-45e8-a6c0-3762b181c011/full: trimming teacher scores (2048 → 667 tokens).  This is expected to be rare (<1% of steps).
[36m(TaskRunner pid=1148945)[0m WARNING:2026-07-08 06:16:00,806:c8adc74b-58fc-45e8-a6c0-3762b181c011/degraded: trimming teacher scores (2048 → 667 tokens).  This is expected to be rare (<1% of steps).
[36m(TaskRunner pid=1148945)[0m WARNING:2026-07-08 06:16:00,919:========================================================================
[36m(TaskRunner pid=1148945)[0m WARNING:2026-07-08 06:16:00,919:  VA-OPD Pipeline Verification (arXiv 2605.21924 §3.2-3.3)
[36m(TaskRunner pid=1148945)[0m WARNING:2026-07-08 06:16:00,919:========================================================================
[36m(TaskRunner pid=1148945)[0m WARNING:2026-07-08 06:16:00,919:  C          = 2  conditions: ['full', 'degraded']
[36m(TaskRunner pid=1148945)[0m WARNING:2026-07-08 06:16:00,919:  loss_mode  = va_opd
[36m(TaskRunner pid=1148945)[0m WARNING:2026-07-08 06:16:00,919:  batch      = [B=48, T=2048]
[36m(TaskRunner pid=1148945)[0m WARNING:2026-07-08 06:16:00,919:  top_k      = 32
[36m(TaskRunner pid=1148945)[0m WARNING:2026-07-08 06:16:00,919:  exact_lp   = torch.Size([48, 2, 2048])  (None=tail-fallback)
[36m(TaskRunner pid=1148945)[0m WARNING:2026-07-08 06:16:00,919:  Student    = raw image + canonical question  (choices allowed, no XML)
[36m(TaskRunner pid=1148945)[0m WARNING:2026-07-08 06:16:00,919:  Teacher    = raw image + same canonical question  (no format bias)
[36m(TaskRunner pid=1148945)[0m WARNING:2026-07-08 06:16:00,919:  KL         = reverse (mode-seeking) KL(P_S || P_T)
[36m(TaskRunner pid=1148945)[0m WARNING:2026-07-08 06:16:00,919:  Formula §3.2: w^(k) = softmax(z_score(ā^(k)) / τ), sums to 1 per prompt
[36m(TaskRunner pid=1148945)[0m WARNING:2026-07-08 06:16:00,920:  Formula §3.3: L_group = 0.5·mean(KL_rev,HighVA) + 0.5·mean(KL_rev,LowVA)
[36m(TaskRunner pid=1148945)[0m WARNING:2026-07-08 06:16:00,920:  Total (formula 7): L = Σ_k w^(k)·L_group^(k)   (pure distillation, no GRPO)
[36m(TaskRunner pid=1148945)[0m WARNING:2026-07-08 06:16:00,920:========================================================================
[36m(TaskRunner pid=1148945)[0m ========================================================================
[36m(TaskRunner pid=1148945)[0m   VA-OPD Pipeline Verification (arXiv 2605.21924 §3.2-3.3)
[36m(TaskRunner pid=1148945)[0m ========================================================================
[36m(TaskRunner pid=1148945)[0m   C          = 2  conditions: ['full', 'degraded']
[36m(TaskRunner pid=1148945)[0m   loss_mode  = va_opd
[36m(TaskRunner pid=1148945)[0m   batch      = [B=48, T=2048]
[36m(TaskRunner pid=1148945)[0m   top_k      = 32
[36m(TaskRunner pid=1148945)[0m   exact_lp   = torch.Size([48, 2, 2048])  (None=tail-fallback)
[36m(TaskRunner pid=1148945)[0m   Student    = raw image + canonical question  (choices allowed, no XML)
[36m(TaskRunner pid=1148945)[0m   Teacher    = raw image + same canonical question  (no format bias)
[36m(TaskRunner pid=1148945)[0m   KL         = reverse (mode-seeking) KL(P_S || P_T)
[36m(TaskRunner pid=1148945)[0m   Formula §3.2: w^(k) = softmax(z_score(ā^(k)) / τ), sums to 1 per prompt
[36m(TaskRunner pid=1148945)[0m   Formula §3.3: L_group = 0.5·mean(KL_rev,HighVA) + 0.5·mean(KL_rev,LowVA)
[36m(TaskRunner pid=1148945)[0m   Total (formula 7): L = Σ_k w^(k)·L_group^(k)   (pure distillation, no GRPO)
[36m(TaskRunner pid=1148945)[0m ========================================================================
[36m(WorkerDict pid=1246292)[0m INFO:2026-07-08 06:16:40,303:update_weights done, time cost: 0.85s

[36m(TaskRunner pid=1148945)[0m Dumped generations to /inspire/hdd/global_user/mengweicheng-240108120092/lzy/projects/Dual-Track-OPD/outputs/fc_opd_overnight_noreshard_noreshard_20260708_055809/rollouts/9.jsonl
[36m(TaskRunner pid=1148945)[0m step:9 - fc_opd/hook_loss:0.0 - fc_opd/hook_num_samples:48.0 - fc_opd/hook_active_weight:93874.0 - fc_opd/online/loss:0.0 - fc_opd/online/num_samples:48.0 - global_seqlen/min:2641 - global_seqlen/max:14308 - global_seqlen/minmax_diff:11667 - global_seqlen/balanced_min:8983 - global_seqlen/balanced_max:9088 - global_seqlen/mean:9014.833333333334 - actor/entropy:0.6506351232528687 - perf/mfu/actor_infer:0 - actor/pg_loss:-0.00950546640281876 - actor/kl_loss:0.0 - actor/fc_opd_loss:9.447217464447021 - actor/pg_clipfrac:0.0 - actor/ppo_kl:0.0 - actor/pg_clipfrac_lower:0.0 - actor/fc_opd_denominator:1.0 - actor/fc_opd_va_opd/loss:11.65373690923055 - actor/fc_opd_va_opd/token_mean_loss:9.066190719604492 - actor/fc_opd_va_opd/rollout_weight_sum:1.00000003973643 - actor/fc_opd_va/mean:0.07670394082864125 - actor/fc_opd_va/sparsity:0.8061528106530508 - actor/grad_norm:4.529291152954102 - perf/mfu/actor:0.009645451007621991 - perf/max_memory_allocated_gb:89.1311206817627 - perf/max_memory_reserved_gb:104.646484375 - perf/cpu_memory_used_gb:200.32958602905273 - actor/lr:2e-06 - training/global_step:9 - training/epoch:0 - critic/score/mean:0.1875 - critic/score/max:1.0 - critic/score/min:0.0 - critic/rewards/mean:0.1875 - critic/rewards/max:1.0 - critic/rewards/min:0.0 - critic/advantages/mean:0.07576930522918701 - critic/advantages/max:2.4748666286468506 - critic/advantages/min:-0.35355237126350403 - critic/returns/mean:0.07576930522918701 - critic/returns/max:2.4748666286468506 - critic/returns/min:-0.35355237126350403 - response_length/mean:977.8541870117188 - response_length/max:2048.0 - response_length/min:113.0 - response_length/clip_ratio:0.2291666716337204 - response_length_non_aborted/mean:977.8541870117188 - response_length_non_aborted/max:2048.0 - response_length_non_aborted/min:113.0 - response_length_non_aborted/clip_ratio:0.2291666716337204 - response/aborted_ratio:0.0 - prompt_length/mean:149.0 - prompt_length/max:183.0 - prompt_length/min:120.0 - prompt_length/clip_ratio:0.0 - num_turns/min:2 - num_turns/max:2 - num_turns/mean:2.0 - timing_s/start_profile:6.84419646859169e-05 - timing_s/agent_loop/num_preempted/min:-1 - timing_s/agent_loop/num_preempted/max:-1 - timing_s/agent_loop/num_preempted/mean:-1.0 - timing_s/agent_loop/generate_sequences/min:0.705743039958179 - timing_s/agent_loop/generate_sequences/max:10.16504065785557 - timing_s/agent_loop/generate_sequences/mean:4.855481987974296 - timing_s/agent_loop/tool_calls/min:0.0 - timing_s/agent_loop/tool_calls/max:0.0 - timing_s/agent_loop/tool_calls/mean:0.0 - timing_s/agent_loop/slowest/generate_sequences:10.16504065785557 - timing_s/agent_loop/slowest/tool_calls:0.0 - timing_s/agent_loop/slowest/prompt_length:133 - timing_s/agent_loop/slowest/response_length:2048 - timing_s/agent_loop/slowest/num_preempted:-1 - timing_s/gen:11.329605562146753 - timing_s/fc_opd:14.191996935755014 - timing_s/reward:1.8946360796689987e-05 - timing_s/old_log_prob:6.185607685241848 - timing_s/adv:0.0015764553099870682 - timing_s/update_actor:24.804110111203045 - timing_s/update_weights:5.840502323117107 - timing_s/dump_rollout_generations:0.0567711959592998 - timing_s/step:62.4637062959373 - timing_s/stop_profile:4.0431972593069077e-05 - timing_per_token_ms/update_actor:0.45857956536824573 - timing_per_token_ms/gen:0.24137898805093536 - timing_per_token_ms/adv:2.914558061689194e-05 - perf/total_num_tokens:54089 - perf/time_per_step:62.4637062959373 - perf/throughput:144.32114051355398
[36m(TaskRunner pid=1148945)[0m Dumped generations to /inspire/hdd/global_user/mengweicheng-240108120092/lzy/projects/Dual-Track-OPD/outputs/fc_opd_overnight_noreshard_noreshard_20260708_055809/rollouts/10.jsonl
[36m(TaskRunner pid=1148945)[0m step:10 - fc_opd/hook_loss:0.0 - fc_opd/hook_num_samples:48.0 - fc_opd/hook_active_weight:122198.0 - fc_opd/online/loss:0.0 - fc_opd/online/num_samples:48.0 - global_seqlen/min:3969 - global_seqlen/max:18376 - global_seqlen/minmax_diff:14407 - global_seqlen/balanced_min:11341 - global_seqlen/balanced_max:11835 - global_seqlen/mean:11681.833333333334 - actor/entropy:0.811547040939331 - perf/mfu/actor_infer:0 - actor/pg_loss:0.011299148085527122 - actor/kl_loss:0.0 - actor/fc_opd_loss:11.274843712647757 - actor/pg_clipfrac:0.0 - actor/ppo_kl:0.0 - actor/pg_clipfrac_lower:0.0 - actor/fc_opd_denominator:1.0 - actor/fc_opd_va_opd/loss:6.06668018301328 - actor/fc_opd_va_opd/token_mean_loss:10.670790354410807 - actor/fc_opd_va_opd/rollout_weight_sum:0.5000000149011612 - actor/fc_opd_va/mean:0.11416973173618317 - actor/fc_opd_va/sparsity:0.7400421996911367 - actor/grad_norm:4.230095386505127 - perf/mfu/actor:0.010264933699010258 - perf/max_memory_allocated_gb:89.1311206817627 - perf/max_memory_reserved_gb:104.646484375 - perf/cpu_memory_used_gb:200.1343231201172 - actor/lr:2e-06 - training/global_step:10 - training/epoch:0 - critic/score/mean:0.3958333432674408 - critic/score/max:1.0 - critic/score/min:0.0 - critic/rewards/mean:0.3958333432674408 - critic/rewards/max:1.0 - critic/rewards/min:0.0 - critic/advantages/mean:-0.11124905198812485 - critic/advantages/max:0.7245674133300781 - critic/advantages/min:-1.6201815605163574 - critic/returns/mean:-0.11124905198812485 - critic/returns/max:0.7245674133300781 - critic/returns/min:-1.6201815605163574 - response_length/mean:1272.8958740234375 - response_length/max:2048.0 - response_length/min:93.0 - response_length/clip_ratio:0.5 - response_length_non_aborted/mean:1272.8958740234375 - response_length_non_aborted/max:2048.0 - response_length_non_aborted/min:93.0 - response_length_non_aborted/clip_ratio:0.5 - response/aborted_ratio:0.0 - prompt_length/mean:187.3333282470703 - prompt_length/max:273.0 - prompt_length/min:128.0 - prompt_length/clip_ratio:0.0 - num_turns/min:2 - num_turns/max:2 - num_turns/mean:2.0 - timing_s/start_profile:3.242259845137596e-05 - timing_s/agent_loop/num_preempted/min:-1 - timing_s/agent_loop/num_preempted/max:-1 - timing_s/agent_loop/num_preempted/mean:-1.0 - timing_s/agent_loop/generate_sequences/min:0.6027347827330232 - timing_s/agent_loop/generate_sequences/max:10.487096295692027 - timing_s/agent_loop/generate_sequences/mean:6.410590889533826 - timing_s/agent_loop/tool_calls/min:0.0 - timing_s/agent_loop/tool_calls/max:0.0 - timing_s/agent_loop/tool_calls/mean:0.0 - timing_s/agent_loop/slowest/generate_sequences:10.487096295692027 - timing_s/agent_loop/slowest/tool_calls:0.0 - timing_s/agent_loop/slowest/prompt_length:147 - timing_s/agent_loop/slowest/response_length:2048 - timing_s/agent_loop/slowest/num_preempted:-1 - timing_s/gen:11.775847132317722 - timing_s/fc_opd:17.899826480075717 - timing_s/reward:2.568121999502182e-05 - timing_s/old_log_prob:7.69535526400432 - timing_s/adv:0.0016194013878703117 - timing_s/update_actor:30.564219113904983 - timing_s/update_weights:5.019604494329542 - timing_s/dump_rollout_generations:0.056645268108695745 - timing_s/step:73.08898191200569 - timing_s/stop_profile:4.882458597421646e-05 - timing_per_token_ms/update_actor:0.43606481736464003 - timing_per_token_ms/gen:0.19273387669712633 - timing_per_token_ms/adv:2.3104269990017432e-05 - perf/total_num_tokens:70091 - perf/time_per_step:73.08898191200569 - perf/throughput:159.83029216903705
[36m(TaskRunner pid=1148945)[0m Dumped generations to /inspire/hdd/global_user/mengweicheng-240108120092/lzy/projects/Dual-Track-OPD/outputs/fc_opd_overnight_noreshard_noreshard_20260708_055809/rollouts/11.jsonl
[36m(TaskRunner pid=1148945)[0m step:11 - fc_opd/hook_loss:0.0 - fc_opd/hook_num_samples:48.0 - fc_opd/hook_active_weight:107282.0 - fc_opd/online/loss:0.0 - fc_opd/online/num_samples:48.0 - global_seqlen/min:2837 - global_seqlen/max:18816 - global_seqlen/minmax_diff:15979 - global_seqlen/balanced_min:10846 - global_seqlen/balanced_max:11198 - global_seqlen/mean:10966.833333333334 - actor/entropy:0.8454434275627136 - perf/mfu/actor_infer:0 - actor/pg_loss:0.0005382227924807618 - actor/kl_loss:0.0 - actor/fc_opd_loss:9.046765426794687 - actor/pg_clipfrac:0.0 - actor/ppo_kl:0.0 - actor/pg_clipfrac_lower:0.0 - actor/fc_opd_denominator:1.0 - actor/fc_opd_va_opd/loss:5.1921588480472565 - actor/fc_opd_va_opd/token_mean_loss:10.609876871109009 - actor/fc_opd_va_opd/rollout_weight_sum:0.5000000161429247 - actor/fc_opd_va/mean:0.11728892909983794 - actor/fc_opd_va/sparsity:0.6500052114327749 - actor/grad_norm:5.378381729125977 - perf/mfu/actor:0.010795615601735115 - perf/max_memory_allocated_gb:89.1311206817627 - perf/max_memory_reserved_gb:104.646484375 - perf/cpu_memory_used_gb:200.2634162902832 - actor/lr:2e-06 - training/global_step:11 - training/epoch:0 - critic/score/mean:0.4583333432674408 - critic/score/max:1.0 - critic/score/min:0.0 - critic/rewards/mean:0.4583333432674408 - critic/rewards/max:1.0 - critic/rewards/min:0.0 - critic/advantages/mean:0.005173997953534126 - critic/advantages/max:0.35355237126350403 - critic/advantages/min:-2.4748666286468506 - critic/returns/mean:0.005173997953534126 - critic/returns/max:0.35355237126350403 - critic/returns/min:-2.4748666286468506 - response_length/mean:1117.5208740234375 - response_length/max:2048.0 - response_length/min:119.0 - response_length/clip_ratio:0.375 - response_length_non_aborted/mean:1117.5208740234375 - response_length_non_aborted/max:2048.0 - response_length_non_aborted/min:119.0 - response_length_non_aborted/clip_ratio:0.375 - response/aborted_ratio:0.0 - prompt_length/mean:253.3333282470703 - prompt_length/max:398.0 - prompt_length/min:135.0 - prompt_length/clip_ratio:0.0 - num_turns/min:2 - num_turns/max:2 - num_turns/mean:2.0 - timing_s/start_profile:4.6904198825359344e-05 - timing_s/agent_loop/num_preempted/min:-1 - timing_s/agent_loop/num_preempted/max:-1 - timing_s/agent_loop/num_preempted/mean:-1.0 - timing_s/agent_loop/generate_sequences/min:0.7367177149280906 - timing_s/agent_loop/generate_sequences/max:10.298943181987852 - timing_s/agent_loop/generate_sequences/mean:5.610004999606947 - timing_s/agent_loop/tool_calls/min:0.0 - timing_s/agent_loop/tool_calls/max:0.0 - timing_s/agent_loop/tool_calls/mean:0.0 - timing_s/agent_loop/slowest/generate_sequences:10.298943181987852 - timing_s/agent_loop/slowest/tool_calls:0.0 - timing_s/agent_loop/slowest/prompt_length:155 - timing_s/agent_loop/slowest/response_length:2048 - timing_s/agent_loop/slowest/num_preempted:-1 - timing_s/gen:11.57047198805958 - timing_s/fc_opd:16.95266885869205 - timing_s/reward:3.681378439068794e-05 - timing_s/old_log_prob:7.105358939152211 - timing_s/adv:0.001763264648616314 - timing_s/update_actor:28.13962945342064 - timing_s/update_weights:4.651993364095688 - timing_s/dump_rollout_generations:0.05878070928156376 - timing_s/step:68.55380623368546 - timing_s/stop_profile:5.669984966516495e-05 - timing_per_token_ms/update_actor:0.42764744385982945 - timing_per_token_ms/gen:0.2157020187554218 - timing_per_token_ms/adv:2.6796927837210894e-05 - perf/total_num_tokens:65801 - perf/time_per_step:68.55380623368546 - perf/throughput:159.97409824262292[36m(TaskRunner pid=1148945)[0m Training Progress:   1%|          | 11/1751 [12:33<33:07:16, 68.53s/it]
[36m(TaskRunner pid=1148945)[0m WARNING:2026-07-08 06:17:09,589:a1605dca-9070-47b8-8af6-cfb9812f5e23/full: trimming teacher scores (1196 → 1058 tokens).  This is expected to be rare (<1% of steps).
[36m(TaskRunner pid=1148945)[0m WARNING:2026-07-08 06:17:09,589:a1605dca-9070-47b8-8af6-cfb9812f5e23/degraded: trimming teacher scores (1196 → 1058 tokens).  This is expected to be rare (<1% of steps).
[36m(TaskRunner pid=1148945)[0m WARNING:2026-07-08 06:17:09,590:a1605dca-9070-47b8-8af6-cfb9812f5e23/full: trimming teacher scores (1196 → 321 tokens).  This is expected to be rare (<1% of steps).
[36m(TaskRunner pid=1148945)[0m WARNING:2026-07-08 06:17:09,590:a1605dca-9070-47b8-8af6-cfb9812f5e23/degraded: trimming teacher scores (1196 → 321 tokens).  This is expected to be rare (<1% of steps).
[36m(TaskRunner pid=1148945)[0m WARNING:2026-07-08 06:17:09,591:a1605dca-9070-47b8-8af6-cfb9812f5e23/full: trimming teacher scores (1196 → 717 tokens).  This is expected to be rare (<1% of steps).
[36m(TaskRunner pid=1148945)[0m WARNING:2026-07-08 06:17:09,591:a1605dca-9070-47b8-8af6-cfb9812f5e23/degraded: trimming teacher scores (1196 → 717 tokens).  This is expected to be rare (<1% of steps).
[36m(TaskRunner pid=1148945)[0m WARNING:2026-07-08 06:17:09,592:a1605dca-9070-47b8-8af6-cfb9812f5e23/full: trimming teacher scores (1196 → 1046 tokens).  This is expected to be rare (<1% of steps).
[36m(TaskRunner pid=1148945)[0m WARNING:2026-07-08 06:17:09,592:a1605dca-9070-47b8-8af6-cfb9812f5e23/degraded: trimming teacher scores (1196 → 1046 tokens).  This is expected to be rare (<1% of steps).
[36m(TaskRunner pid=1148945)[0m WARNING:2026-07-08 06:17:09,593:a1605dca-9070-47b8-8af6-cfb9812f5e23/full: trimming teacher scores (1196 → 999 tokens).  This is expected to be rare (<1% of steps).
[36m(TaskRunner pid=1148945)[0m WARNING:2026-07-08 06:17:09,593:a1605dca-9070-47b8-8af6-cfb9812f5e23/degraded: trimming teacher scores (1196 → 999 tokens).  This is expected to be rare (<1% of steps).
[36m(TaskRunner pid=1148945)[0m WARNING:2026-07-08 06:17:09,593:a1605dca-9070-47b8-8af6-cfb9812f5e23/full: trimming teacher scores (1196 → 873 tokens).  This is expected to be rare (<1% of steps).
[36m(TaskRunner pid=1148945)[0m WARNING:2026-07-08 06:17:09,594:a1605dca-9070-47b8-8af6-cfb9812f5e23/degraded: trimming teacher scores (1196 → 873 tokens).  This is expected to be rare (<1% of steps).
[36m(TaskRunner pid=1148945)[0m WARNING:2026-07-08 06:17:09,594:a1605dca-9070-47b8-8af6-cfb9812f5e23/full: trimming teacher scores (1196 → 842 tokens).  This is expected to be rare (<1% of steps).
[36m(TaskRunner pid=1148945)[0m WARNING:2026-07-08 06:17:09,595:a1605dca-9070-47b8-8af6-cfb9812f5e23/degraded: trimming teacher scores (1196 → 842 tokens).  This is expected to be rare (<1% of steps).
[36m(TaskRunner pid=1148945)[0m WARNING:2026-07-08 06:17:09,600:98d739aa-ae67-49bc-bc60-21a051570812/full: trimming teacher scores (2048 → 494 tokens).  This is expected to be rare (<1% of steps).
[36m(TaskRunner pid=1148945)[0m WARNING:2026-07-08 06:17:09,601:98d739aa-ae67-49bc-bc60-21a051570812/degraded: trimming teacher scores (2048 → 494 tokens).  This is expected to be rare (<1% of steps).
[36m(TaskRunner pid=1148945)[0m WARNING:2026-07-08 06:17:09,604:98d739aa-ae67-49bc-bc60-21a051570812/full: trimming teacher scores (2048 → 539 tokens).  This is expected to be rare (<1% of steps).
[36m(TaskRunner pid=1148945)[0m WARNING:2026-07-08 06:17:09,605:98d739aa-ae67-49bc-bc60-21a051570812/degraded: trimming teacher scores (2048 → 539 tokens).  This is expected to be rare (<1% of steps).
[36m(TaskRunner pid=1148945)[0m WARNING:2026-07-08 06:17:09,605:20ed7d20-c5ef-4f7f-8f01-8d62ab7dab09/full: padding teacher scores (89 → 110 tokens).  Positions beyond teacher length get zero quality weight.
[36m(TaskRunner pid=1148945)[0m WARNING:2026-07-08 06:17:09,606:20ed7d20-c5ef-4f7f-8f01-8d62ab7dab09/degraded: padding teacher scores (89 → 110 tokens).  Positions beyond teacher length get zero quality weight.
[36m(TaskRunner pid=1148945)[0m WARNING:2026-07-08 06:17:09,606:20ed7d20-c5ef-4f7f-8f01-8d62ab7dab09/full: padding teacher scores (89 → 90 tokens).  Positions beyond teacher length get zero quality weight.
[36m(TaskRunner pid=1148945)[0m WARNING:2026-07-08 06:17:09,606:20ed7d20-c5ef-4f7f-8f01-8d62ab7dab09/degraded: padding teacher scores (89 → 90 tokens).  Positions beyond teacher length get zero quality weight.
[36m(TaskRunner pid=1148945)[0m WARNING:2026-07-08 06:17:09,607:20ed7d20-c5ef-4f7f-8f01-8d62ab7dab09/full: trimming teacher scores (89 → 76 tokens).  This is expected to be rare (<1% of steps).
[36m(TaskRunner pid=1148945)[0m WARNING:2026-07-08 06:17:09,607:20ed7d20-c5ef-4f7f-8f01-8d62ab7dab09/degraded: trimming teacher scores (89 → 76 tokens).  This is expected to be rare (<1% of steps).
[36m(TaskRunner pid=1148945)[0m WARNING:2026-07-08 06:17:09,607:20ed7d20-c5ef-4f7f-8f01-8d62ab7dab09/full: padding teacher scores (89 → 100 tokens).  Positions beyond teacher length get zero quality weight.
[36m(TaskRunner pid=1148945)[0m WARNING:2026-07-08 06:17:09,607:20ed7d20-c5ef-4f7f-8f01-8d62ab7dab09/degraded: padding teacher scores (89 → 100 tokens).  Positions beyond teacher length get zero quality weight.
[36m(TaskRunner pid=1148945)[0m WARNING:2026-07-08 06:17:09,608:20ed7d20-c5ef-4f7f-8f01-8d62ab7dab09/full: padding teacher scores (89 → 103 tokens).  Positions beyond teacher length get zero quality weight.
[36m(TaskRunner pid=1148945)[0m WARNING:2026-07-08 06:17:09,608:20ed7d20-c5ef-4f7f-8f01-8d62ab7dab09/degraded: padding teacher scores (89 → 103 tokens).  Positions beyond teacher length get zero quality weight.
[36m(TaskRunner pid=1148945)[0m WARNING:2026-07-08 06:17:09,608:20ed7d20-c5ef-4f7f-8f01-8d62ab7dab09/full: padding teacher scores (89 → 99 tokens).  Positions beyond teacher length get zero quality weight.
[36m(TaskRunner pid=1148945)[0m WARNING:2026-07-08 06:17:09,609:20ed7d20-c5ef-4f7f-8f01-8d62ab7dab09/degraded: padding teacher scores (89 → 99 tokens).  Positions beyond teacher length get zero quality weight.
[36m(TaskRunner pid=1148945)[0m WARNING:2026-07-08 06:17:09,609:20ed7d20-c5ef-4f7f-8f01-8d62ab7dab09/full: padding teacher scores (89 → 117 tokens).  Positions beyond teacher length get zero quality weight.
[36m(TaskRunner pid=1148945)[0m WARNING:2026-07-08 06:17:09,609:20ed7d20-c5ef-4f7f-8f01-8d62ab7dab09/degraded: padding teacher scores (89 → 117 tokens).  Positions beyond teacher length get zero quality weight.
[36m(TaskRunner pid=1148945)[0m WARNING:2026-07-08 06:17:09,610:639bd757-7cd0-4f66-a703-0d834cf442b9/full: padding teacher scores (94 → 2048 tokens).  Positions beyond teacher length get zero quality weight.
[36m(TaskRunner pid=1148945)[0m WARNING:2026-07-08 06:17:09,612:639bd757-7cd0-4f66-a703-0d834cf442b9/degraded: padding teacher scores (94 → 2048 tokens).  Positions beyond teacher length get zero quality weight.
[36m(TaskRunner pid=1148945)[0m WARNING:2026-07-08 06:17:09,613:639bd757-7cd0-4f66-a703-0d834cf442b9/full: padding teacher scores (94 → 2048 tokens).  Positions beyond teacher length get zero quality weight.
[36m(TaskRunner pid=1148945)[0m WARNING:2026-07-08 06:17:09,615:639bd757-7cd0-4f66-a703-0d834cf442b9/degraded: padding teacher scores (94 → 2048 tokens).  Positions beyond teacher length get zero quality weight.
[36m(TaskRunner pid=1148945)[0m WARNING:2026-07-08 06:17:09,616:639bd757-7cd0-4f66-a703-0d834cf442b9/full: padding teacher scores (94 → 212 tokens).  Positions beyond teacher length get zero quality weight.
[36m(TaskRunner pid=1148945)[0m WARNING:2026-07-08 06:17:09,617:639bd757-7cd0-4f66-a703-0d834cf442b9/degraded: padding teacher scores (94 → 212 tokens).  Positions beyond teacher length get zero quality weight.
[36m(TaskRunner pid=1148945)[0m WARNING:2026-07-08 06:17:09,617:639bd757-7cd0-4f66-a703-0d834cf442b9/full: padding teacher scores (94 → 524 tokens).  Positions beyond teacher length get zero quality weight.
[36m(TaskRunner pid=1148945)[0m WARNING:2026-07-08 06:17:09,618:639bd757-7cd0-4f66-a703-0d834cf442b9/degraded: padding teacher scores (94 → 524 tokens).  Positions beyond teacher length get zero quality weight.
[36m(TaskRunner pid=1148945)[0m WARNING:2026-07-08 06:17:09,618:639bd757-7cd0-4f66-a703-0d834cf442b9/full: padding teacher scores (94 → 130 tokens).  Positions beyond teacher length get zero quality weight.
[36m(TaskRunner pid=1148945)[0m WARNING:2026-07-08 06:17:09,619:639bd757-7cd0-4f66-a703-0d834cf442b9/degraded: padding teacher scores (94 → 130 tokens).  Positions beyond teacher length get zero quality weight.
[36m(TaskRunner pid=1148945)[0m WARNING:2026-07-08 06:17:09,619:639bd757-7cd0-4f66-a703-0d834cf442b9/full: trimming teacher scores (94 → 80 tokens).  This is expected to be rare (<1% of steps).
[36m(TaskRunner pid=1148945)[0m WARNING:2026-07-08 06:17:09,619:639bd757-7cd0-4f66-a703-0d834cf442b9/degraded: trimming teacher scores (94 → 80 tokens).  This is expected to be rare (<1% of steps).
[36m(TaskRunner pid=1148945)[0m WARNING:2026-07-08 06:17:09,619:639bd757-7cd0-4f66-a703-0d834cf442b9/full: padding teacher scores (94 → 185 tokens).  Positions beyond teacher length get zero quality weight.
[36m(TaskRunner pid=1148945)[0m WARNING:2026-07-08 06:17:09,620:639bd757-7cd0-4f66-a703-0d834cf442b9/degraded: padding teacher scores (94 → 185 tokens).  Positions beyond teacher length get zero quality weight.
[36m(TaskRunner pid=1148945)[0m WARNING:2026-07-08 06:17:09,622:6750532d-4783-4d40-ae84-0ffcf812a2f6/full: padding teacher scores (1533 → 2048 tokens).  Positions beyond teacher length get zero quality weight.
[36m(TaskRunner pid=1148945)[0m WARNING:2026-07-08 06:17:09,623:6750532d-4783-4d40-ae84-0ffcf812a2f6/degraded: padding teacher scores (1533 → 2048 tokens).  Positions beyond teacher length get zero quality weight.
[36m(TaskRunner pid=1148945)[0m WARNING:2026-07-08 06:17:09,624:6750532d-4783-4d40-ae84-0ffcf812a2f6/full: trimming teacher scores (1533 → 32 tokens).  This is expected to be rare (<1% of steps).
[36m(TaskRunner pid=1148945)[0m WARNING:2026-07-08 06:17:09,625:6750532d-4783-4d40-ae84-0ffcf812a2f6/degraded: trimming teacher scores (1533 → 32 tokens).  This is expected to be rare (<1% of steps).
[36m(TaskRunner pid=1148945)[0m WARNING:2026-07-08 06:17:09,625:6750532d-4783-4d40-ae84-0ffcf812a2f6/full: padding teacher scores (1533 → 2048 tokens).  Positions beyond teacher length get zero quality weight.
[36m(TaskRunner pid=1148945)[0m WARNING:2026-07-08 06:17:09,627:6750532d-4783-4d40-ae84-0ffcf812a2f6/degraded: padding teacher scores (1533 → 2048 tokens).  Positions beyond teacher length get zero quality weight.
[36m(TaskRunner pid=1148945)[0m WARNING:2026-07-08 06:17:09,628:6750532d-4783-4d40-ae84-0ffcf812a2f6/full: padding teacher scores (1533 → 2048 tokens).  Positions beyond teacher length get zero quality weight.
[36m(TaskRunner pid=1148945)[0m WARNING:2026-07-08 06:17:09,630:6750532d-4783-4d40-ae84-0ffcf812a2f6/degraded: padding teacher scores (1533 → 2048 tokens).  Positions beyond teacher length get zero quality weight.
[36m(TaskRunner pid=1148945)[0m WARNING:2026-07-08 06:17:09,631:6750532d-4783-4d40-ae84-0ffcf812a2f6/full: padding teacher scores (1533 → 1553 tokens).  Positions beyond teacher length get zero quality weight.
[36m(TaskRunner pid=1148945)[0m WARNING:2026-07-08 06:17:09,632:6750532d-4783-4d40-ae84-0ffcf812a2f6/degraded: padding teacher scores (1533 → 1553 tokens).  Positions beyond teacher length get zero quality weight.
[36m(TaskRunner pid=1148945)[0m WARNING:2026-07-08 06:17:09,635:6750532d-4783-4d40-ae84-0ffcf812a2f6/full: padding teacher scores (1533 → 2048 tokens).  Positions beyond teacher length get zero quality weight.
[36m(TaskRunner pid=1148945)[0m WARNING:2026-07-08 06:17:09,636:6750532d-4783-4d40-ae84-0ffcf812a2f6/degraded: padding teacher scores (1533 → 2048 tokens).  Positions beyond teacher length get zero quality weight.
[36m(TaskRunner pid=1148945)[0m WARNING:2026-07-08 06:17:09,638:6750532d-4783-4d40-ae84-0ffcf812a2f6/full: padding teacher scores (1533 → 1881 tokens).  Positions beyond teacher length get zero quality weight.
[36m(TaskRunner pid=1148945)[0m WARNING:2026-07-08 06:17:09,639:6750532d-4783-4d40-ae84-0ffcf812a2f6/degraded: padding teacher scores (1533 → 1881 tokens).  Positions beyond teacher length get zero quality weight.
[36m(TaskRunner pid=1148945)[0m WARNING:2026-07-08 06:17:09,641:bc7a8fe2-686a-4740-9f34-243f1c4afd9a/full: padding teacher scores (944 → 2048 tokens).  Positions beyond teacher length get zero quality weight.
[36m(TaskRunner pid=1148945)[0m WARNING:2026-07-08 06:17:09,643:bc7a8fe2-686a-4740-9f34-243f1c4afd9a/degraded: padding teacher scores (944 → 2048 tokens).  Positions beyond teacher length get zero quality weight.
[36m(TaskRunner pid=1148945)[0m WARNING:2026-07-08 06:17:09,645:bc7a8fe2-686a-4740-9f34-243f1c4afd9a/full: padding teacher scores (944 → 2048 tokens).  Positions beyond teacher length get zero quality weight.
[36m(TaskRunner pid=1148945)[0m WARNING:2026-07-08 06:17:09,646:bc7a8fe2-686a-4740-9f34-243f1c4afd9a/degraded: padding teacher scores (944 → 2048 tokens).  Positions beyond teacher length get zero quality weight.
[36m(TaskRunner pid=1148945)[0m WARNING:2026-07-08 06:17:09,647:bc7a8fe2-686a-4740-9f34-243f1c4afd9a/full: padding teacher scores (944 → 2048 tokens).  Positions beyond teacher length get zero quality weight.
[36m(TaskRunner pid=1148945)[0m WARNING:2026-07-08 06:17:09,649:bc7a8fe2-686a-4740-9f34-243f1c4afd9a/degraded: padding teacher scores (944 → 2048 tokens).  Positions beyond teacher length get zero quality weight.
[36m(TaskRunner pid=1148945)[0m WARNING:2026-07-08 06:17:09,650:bc7a8fe2-686a-4740-9f34-243f1c4afd9a/full: padding teacher scores (944 → 2048 tokens).  Positions beyond teacher length get zero quality weight.
[36m(TaskRunner pid=1148945)[0m WARNING:2026-07-08 06:17:09,652:bc7a8fe2-686a-4740-9f34-243f1c4afd9a/degraded: padding teacher scores (944 → 2048 tokens).  Positions beyond teacher length get zero quality weight.
[36m(TaskRunner pid=1148945)[0m WARNING:2026-07-08 06:17:09,653:bc7a8fe2-686a-4740-9f34-243f1c4afd9a/full: padding teacher scores (944 → 2048 tokens).  Positions beyond teacher length get zero quality weight.
[36m(TaskRunner pid=1148945)[0m WARNING:2026-07-08 06:17:09,655:bc7a8fe2-686a-4740-9f34-243f1c4afd9a/degraded: padding teacher scores (944 → 2048 tokens).  Positions beyond teacher length get zero quality weight.
[36m(TaskRunner pid=1148945)[0m WARNING:2026-07-08 06:17:09,657:bc7a8fe2-686a-4740-9f34-243f1c4afd9a/full: padding teacher scores (944 → 2048 tokens).  Positions beyond teacher length get zero quality weight.
[36m(TaskRunner pid=1148945)[0m WARNING:2026-07-08 06:17:09,658:bc7a8fe2-686a-4740-9f34-243f1c4afd9a/degraded: padding teacher scores (944 → 2048 tokens).  Positions beyond teacher length get zero quality weight.
[36m(TaskRunner pid=1148945)[0m WARNING:2026-07-08 06:17:09,660:bc7a8fe2-686a-4740-9f34-243f1c4afd9a/full: padding teacher scores (944 → 2048 tokens).  Positions beyond teacher length get zero quality weight.
[36m(TaskRunner pid=1148945)[0m WARNING:2026-07-08 06:17:09,661:bc7a8fe2-686a-4740-9f34-243f1c4afd9a/degraded: padding teacher scores (944 → 2048 tokens).  Positions beyond teacher length get zero quality weight.
[36m(TaskRunner pid=1148945)[0m WARNING:2026-07-08 06:17:09,827:========================================================================
[36m(TaskRunner pid=1148945)[0m WARNING:2026-07-08 06:17:09,827:  VA-OPD Pipeline Verification (arXiv 2605.21924 §3.2-3.3)
[36m(TaskRunner pid=1148945)[0m WARNING:2026-07-08 06:17:09,827:========================================================================
[36m(TaskRunner pid=1148945)[0m WARNING:2026-07-08 06:17:09,827:  C          = 2  conditions: ['full', 'degraded']
[36m(TaskRunner pid=1148945)[0m WARNING:2026-07-08 06:17:09,827:  loss_mode  = va_opd
[36m(TaskRunner pid=1148945)[0m WARNING:2026-07-08 06:17:09,827:  batch      = [B=48, T=2048]
[36m(TaskRunner pid=1148945)[0m WARNING:2026-07-08 06:17:09,827:  top_k      = 32
[36m(TaskRunner pid=1148945)[0m WARNING:2026-07-08 06:17:09,827:  exact_lp   = torch.Size([48, 2, 2048])  (None=tail-fallback)
[36m(TaskRunner pid=1148945)[0m WARNING:2026-07-08 06:17:09,827:  Student    = raw image + canonical question  (choices allowed, no XML)
[36m(TaskRunner pid=1148945)[0m WARNING:2026-07-08 06:17:09,827:  Teacher    = raw image + same canonical question  (no format bias)
[36m(TaskRunner pid=1148945)[0m WARNING:2026-07-08 06:17:09,827:  KL         = reverse (mode-seeking) KL(P_S || P_T)
[36m(TaskRunner pid=1148945)[0m WARNING:2026-07-08 06:17:09,827:  Formula §3.2: w^(k) = softmax(z_score(ā^(k)) / τ), sums to 1 per prompt
[36m(TaskRunner pid=1148945)[0m WARNING:2026-07-08 06:17:09,828:  Formula §3.3: L_group = 0.5·mean(KL_rev,HighVA) + 0.5·mean(KL_rev,LowVA)
[36m(TaskRunner pid=1148945)[0m WARNING:2026-07-08 06:17:09,828:  Total (formula 7): L = Σ_k w^(k)·L_group^(k)   (pure distillation, no GRPO)
[36m(TaskRunner pid=1148945)[0m WARNING:2026-07-08 06:17:09,828:========================================================================
[36m(TaskRunner pid=1148945)[0m ========================================================================
[36m(TaskRunner pid=1148945)[0m   VA-OPD Pipeline Verification (arXiv 2605.21924 §3.2-3.3)
[36m(TaskRunner pid=1148945)[0m ========================================================================
[36m(TaskRunner pid=1148945)[0m   C          = 2  conditions: ['full', 'degraded']
[36m(TaskRunner pid=1148945)[0m   loss_mode  = va_opd
[36m(TaskRunner pid=1148945)[0m   batch      = [B=48, T=2048]
[36m(TaskRunner pid=1148945)[0m   top_k      = 32
[36m(TaskRunner pid=1148945)[0m   exact_lp   = torch.Size([48, 2, 2048])  (None=tail-fallback)
[36m(TaskRunner pid=1148945)[0m   Student    = raw image + canonical question  (choices allowed, no XML)
[36m(TaskRunner pid=1148945)[0m   Teacher    = raw image + same canonical question  (no format bias)
[36m(TaskRunner pid=1148945)[0m   KL         = reverse (mode-seeking) KL(P_S || P_T)
[36m(TaskRunner pid=1148945)[0m   Formula §3.2: w^(k) = softmax(z_score(ā^(k)) / τ), sums to 1 per prompt
[36m(TaskRunner pid=1148945)[0m   Formula §3.3: L_group = 0.5·mean(KL_rev,HighVA) + 0.5·mean(KL_rev,LowVA)
[36m(TaskRunner pid=1148945)[0m   Total (formula 7): L = Σ_k w^(k)·L_group^(k)   (pure distillation, no GRPO)
[36m(TaskRunner pid=1148945)[0m ========================================================================
[36m(WorkerDict pid=1246292)[0m INFO:2026-07-08 06:17:48,888:update_weights done, time cost: 0.83s
[36m(TaskRunner pid=1148945)[0m Training Progress:   1%|          | 12/1751 [13:42<33:06:40, 68.55s/it]
[36m(TaskRunner pid=1148945)[0m WARNING:2026-07-08 06:18:16,270:1e93909b-c1dc-4a1d-b1aa-0257b3101cb8/full: padding teacher scores (154 → 1355 tokens).  Positions beyond teacher length get zero quality weight.
[36m(TaskRunner pid=1148945)[0m WARNING:2026-07-08 06:18:16,271:1e93909b-c1dc-4a1d-b1aa-0257b3101cb8/degraded: padding teacher scores (154 → 1355 tokens).  Positions beyond teacher length get zero quality weight.
[36m(TaskRunner pid=1148945)[0m WARNING:2026-07-08 06:18:16,271:1e93909b-c1dc-4a1d-b1aa-0257b3101cb8/full: padding teacher scores (154 → 528 tokens).  Positions beyond teacher length get zero quality weight.
[36m(TaskRunner pid=1148945)[0m WARNING:2026-07-08 06:18:16,272:1e93909b-c1dc-4a1d-b1aa-0257b3101cb8/degraded: padding teacher scores (154 → 528 tokens).  Positions beyond teacher length get zero quality weight.
[36m(TaskRunner pid=1148945)[0m WARNING:2026-07-08 06:18:16,272:1e93909b-c1dc-4a1d-b1aa-0257b3101cb8/full: padding teacher scores (154 → 1134 tokens).  Positions beyond teacher length get zero quality weight.
[36m(TaskRunner pid=1148945)[0m WARNING:2026-07-08 06:18:16,273:1e93909b-c1dc-4a1d-b1aa-0257b3101cb8/degraded: padding teacher scores (154 → 1134 tokens).  Positions beyond teacher length get zero quality weight.
[36m(TaskRunner pid=1148945)[0m WARNING:2026-07-08 06:18:16,273:1e93909b-c1dc-4a1d-b1aa-0257b3101cb8/full: padding teacher scores (154 → 678 tokens).  Positions beyond teacher length get zero quality weight.
[36m(TaskRunner pid=1148945)[0m WARNING:2026-07-08 06:18:16,274:1e93909b-c1dc-4a1d-b1aa-0257b3101cb8/degraded: padding teacher scores (154 → 678 tokens).  Positions beyond teacher length get zero quality weight.
[36m(TaskRunner pid=1148945)[0m WARNING:2026-07-08 06:18:16,275:1e93909b-c1dc-4a1d-b1aa-0257b3101cb8/full: padding teacher scores (154 → 1914 tokens).  Positions beyond teacher length get zero quality weight.
[36m(TaskRunner pid=1148945)[0m WARNING:2026-07-08 06:18:16,275:1e93909b-c1dc-4a1d-b1aa-0257b3101cb8/degraded: padding teacher scores (154 → 1914 tokens).  Positions beyond teacher length get zero quality weight.
[36m(TaskRunner pid=1148945)[0m WARNING:2026-07-08 06:18:16,276:1e93909b-c1dc-4a1d-b1aa-0257b3101cb8/full: padding teacher scores (154 → 1101 tokens).  Positions beyond teacher length get zero quality weight.
[36m(TaskRunner pid=1148945)[0m WARNING:2026-07-08 06:18:16,277:1e93909b-c1dc-4a1d-b1aa-0257b3101cb8/degraded: padding teacher scores (154 → 1101 tokens).  Positions beyond teacher length get zero quality weight.
[36m(TaskRunner pid=1148945)[0m WARNING:2026-07-08 06:18:16,277:1e93909b-c1dc-4a1d-b1aa-0257b3101cb8/full: padding teacher scores (154 → 374 tokens).  Positions beyond teacher length get zero quality weight.
[36m(TaskRunner pid=1148945)[0m WARNING:2026-07-08 06:18:16,278:1e93909b-c1dc-4a1d-b1aa-0257b3101cb8/degraded: padding teacher scores (154 → 374 tokens).  Positions beyond teacher length get zero quality weight.
[36m(TaskRunner pid=1148945)[0m WARNING:2026-07-08 06:18:16,279:f6bdae14-3d36-43b8-9ab0-5755180c2fc5/full: trimming teacher scores (1814 → 1242 tokens).  This is expected to be rare (<1% of steps).
[36m(TaskRunner pid=1148945)[0m WARNING:2026-07-08 06:18:16,279:f6bdae14-3d36-43b8-9ab0-5755180c2fc5/degraded: trimming teacher scores (1814 → 1242 tokens).  This is expected to be rare (<1% of steps).
[36m(TaskRunner pid=1148945)[0m WARNING:2026-07-08 06:18:16,280:f6bdae14-3d36-43b8-9ab0-5755180c2fc5/full: trimming teacher scores (1814 → 354 tokens).  This is expected to be rare (<1% of steps).
[36m(TaskRunner pid=1148945)[0m WARNING:2026-07-08 06:18:16,280:f6bdae14-3d36-43b8-9ab0-5755180c2fc5/degraded: trimming teacher scores (1814 → 354 tokens).  This is expected to be rare (<1% of steps).
[36m(TaskRunner pid=1148945)[0m WARNING:2026-07-08 06:18:16,281:f6bdae14-3d36-43b8-9ab0-5755180c2fc5/full: padding teacher scores (1814 → 2048 tokens).  Positions beyond teacher length get zero quality weight.
[36m(TaskRunner pid=1148945)[0m WARNING:2026-07-08 06:18:16,281:f6bdae14-3d36-43b8-9ab0-5755180c2fc5/degraded: padding teacher scores (1814 → 2048 tokens).  Positions beyond teacher length get zero quality weight.
[36m(TaskRunner pid=1148945)[0m WARNING:2026-07-08 06:18:16,282:f6bdae14-3d36-43b8-9ab0-5755180c2fc5/full: padding teacher scores (1814 → 2048 tokens).  Positions beyond teacher length get zero quality weight.
[36m(TaskRunner pid=1148945)[0m WARNING:2026-07-08 06:18:16,283:f6bdae14-3d36-43b8-9ab0-5755180c2fc5/degraded: padding teacher scores (1814 → 2048 tokens).  Positions beyond teacher length get zero quality weight.
[36m(TaskRunner pid=1148945)[0m WARNING:2026-07-08 06:18:16,284:f6bdae14-3d36-43b8-9ab0-5755180c2fc5/full: padding teacher scores (1814 → 2048 tokens).  Positions beyond teacher length get zero quality weight.
[36m(TaskRunner pid=1148945)[0m WARNING:2026-07-08 06:18:16,285:f6bdae14-3d36-43b8-9ab0-5755180c2fc5/degraded: padding teacher scores (1814 → 2048 tokens).  Positions beyond teacher length get zero quality weight.
[36m(TaskRunner pid=1148945)[0m WARNING:2026-07-08 06:18:16,287:f6bdae14-3d36-43b8-9ab0-5755180c2fc5/full: padding teacher scores (1814 → 2048 tokens).  Positions beyond teacher length get zero quality weight.
[36m(TaskRunner pid=1148945)[0m WARNING:2026-07-08 06:18:16,288:f6bdae14-3d36-43b8-9ab0-5755180c2fc5/degraded: padding teacher scores (1814 → 2048 tokens).  Positions beyond teacher length get zero quality weight.
[36m(TaskRunner pid=1148945)[0m WARNING:2026-07-08 06:18:16,289:f6bdae14-3d36-43b8-9ab0-5755180c2fc5/full: padding teacher scores (1814 → 2048 tokens).  Positions beyond teacher length get zero quality weight.
[36m(TaskRunner pid=1148945)[0m WARNING:2026-07-08 06:18:16,290:f6bdae14-3d36-43b8-9ab0-5755180c2fc5/degraded: padding teacher scores (1814 → 2048 tokens).  Positions beyond teacher length get zero quality weight.
[36m(TaskRunner pid=1148945)[0m WARNING:2026-07-08 06:18:16,291:d83b3077-4661-4d40-b90f-7d06e2286036/full: padding teacher scores (667 → 1028 tokens).  Positions beyond teacher length get zero quality weight.
[36m(TaskRunner pid=1148945)[0m WARNING:2026-07-08 06:18:16,291:d83b3077-4661-4d40-b90f-7d06e2286036/degraded: padding teacher scores (667 → 1028 tokens).  Positions beyond teacher length get zero quality weight.
[36m(TaskRunner pid=1148945)[0m WARNING:2026-07-08 06:18:16,292:d83b3077-4661-4d40-b90f-7d06e2286036/full: trimming teacher scores (667 → 393 tokens).  This is expected to be rare (<1% of steps).
[36m(TaskRunner pid=1148945)[0m WARNING:2026-07-08 06:18:16,292:d83b3077-4661-4d40-b90f-7d06e2286036/degraded: trimming teacher scores (667 → 393 tokens).  This is expected to be rare (<1% of steps).
[36m(TaskRunner pid=1148945)[0m WARNING:2026-07-08 06:18:16,293:d83b3077-4661-4d40-b90f-7d06e2286036/full: trimming teacher scores (667 → 563 tokens).  This is expected to be rare (<1% of steps).
[36m(TaskRunner pid=1148945)[0m WARNING:2026-07-08 06:18:16,293:d83b3077-4661-4d40-b90f-7d06e2286036/degraded: trimming teacher scores (667 → 563 tokens).  This is expected to be rare (<1% of steps).
[36m(TaskRunner pid=1148945)[0m WARNING:2026-07-08 06:18:16,293:d83b3077-4661-4d40-b90f-7d06e2286036/full: trimming teacher scores (667 → 226 tokens).  This is expected to be rare (<1% of steps).
[36m(TaskRunner pid=1148945)[0m WARNING:2026-07-08 06:18:16,293:d83b3077-4661-4d40-b90f-7d06e2286036/degraded: trimming teacher scores (667 → 226 tokens).  This is expected to be rare (<1% of steps).
[36m(TaskRunner pid=1148945)[0m WARNING:2026-07-08 06:18:16,294:d83b3077-4661-4d40-b90f-7d06e2286036/full: padding teacher scores (667 → 1452 tokens).  Positions beyond teacher length get zero quality weight.
[36m(TaskRunner pid=1148945)[0m WARNING:2026-07-08 06:18:16,295:d83b3077-4661-4d40-b90f-7d06e2286036/degraded: padding teacher scores (667 → 1452 tokens).  Positions beyond teacher length get zero quality weight.
[36m(TaskRunner pid=1148945)[0m WARNING:2026-07-08 06:18:16,295:d83b3077-4661-4d40-b90f-7d06e2286036/full: padding teacher scores (667 → 1021 tokens).  Positions beyond teacher length get zero quality weight.
[36m(TaskRunner pid=1148945)[0m WARNING:2026-07-08 06:18:16,296:d83b3077-4661-4d40-b90f-7d06e2286036/degraded: padding teacher scores (667 → 1021 tokens).  Positions beyond teacher length get zero quality weight.
[36m(TaskRunner pid=1148945)[0m WARNING:2026-07-08 06:18:16,296:d83b3077-4661-4d40-b90f-7d06e2286036/full: padding teacher scores (667 → 1539 tokens).  Positions beyond teacher length get zero quality weight.
[36m(TaskRunner pid=1148945)[0m WARNING:2026-07-08 06:18:16,297:d83b3077-4661-4d40-b90f-7d06e2286036/degraded: padding teacher scores (667 → 1539 tokens).  Positions beyond teacher length get zero quality weight.
[36m(TaskRunner pid=1148945)[0m WARNING:2026-07-08 06:18:16,299:d4c6a78d-65a4-4766-8c57-8b821f3d23b7/full: trimming teacher scores (1681 → 383 tokens).  This is expected to be rare (<1% of steps).
[36m(TaskRunner pid=1148945)[0m WARNING:2026-07-08 06:18:16,299:d4c6a78d-65a4-4766-8c57-8b821f3d23b7/degraded: trimming teacher scores (1681 → 383 tokens).  This is expected to be rare (<1% of steps).
[36m(TaskRunner pid=1148945)[0m WARNING:2026-07-08 06:18:16,300:d4c6a78d-65a4-4766-8c57-8b821f3d23b7/full: trimming teacher scores (1681 → 1045 tokens).  This is expected to be rare (<1% of steps).
[36m(TaskRunner pid=1148945)[0m WARNING:2026-07-08 06:18:16,300:d4c6a78d-65a4-4766-8c57-8b821f3d23b7/degraded: trimming teacher scores (1681 → 1045 tokens).  This is expected to be rare (<1% of steps).
[36m(TaskRunner pid=1148945)[0m WARNING:2026-07-08 06:18:16,301:d4c6a78d-65a4-4766-8c57-8b821f3d23b7/full: trimming teacher scores (1681 → 623 tokens).  This is expected to be rare (<1% of steps).
[36m(TaskRunner pid=1148945)[0m WARNING:2026-07-08 06:18:16,301:d4c6a78d-65a4-4766-8c57-8b821f3d23b7/degraded: trimming teacher scores (1681 → 623 tokens).  This is expected to be rare (<1% of steps).
[36m(TaskRunner pid=1148945)[0m WARNING:2026-07-08 06:18:16,302:d4c6a78d-65a4-4766-8c57-8b821f3d23b7/full: trimming teacher scores (1681 → 1488 tokens).  This is expected to be rare (<1% of steps).
[36m(TaskRunner pid=1148945)[0m WARNING:2026-07-08 06:18:16,302:d4c6a78d-65a4-4766-8c57-8b821f3d23b7/degraded: trimming teacher scores (1681 → 1488 tokens).  This is expected to be rare (<1% of steps).
[36m(TaskRunner pid=1148945)[0m WARNING:2026-07-08 06:18:16,302:d4c6a78d-65a4-4766-8c57-8b821f3d23b7/full: padding teacher scores (1681 → 2048 tokens).  Positions beyond teacher length get zero quality weight.
[36m(TaskRunner pid=1148945)[0m WARNING:2026-07-08 06:18:16,303:d4c6a78d-65a4-4766-8c57-8b821f3d23b7/degraded: padding teacher scores (1681 → 2048 tokens).  Positions beyond teacher length get zero quality weight.
[36m(TaskRunner pid=1148945)[0m WARNING:2026-07-08 06:18:16,305:d4c6a78d-65a4-4766-8c57-8b821f3d23b7/full: trimming teacher scores (1681 → 333 tokens).  This is expected to be rare (<1% of steps).
[36m(TaskRunner pid=1148945)[0m WARNING:2026-07-08 06:18:16,305:d4c6a78d-65a4-4766-8c57-8b821f3d23b7/degraded: trimming teacher scores (1681 → 333 tokens).  This is expected to be rare (<1% of steps).
[36m(TaskRunner pid=1148945)[0m WARNING:2026-07-08 06:18:16,305:d4c6a78d-65a4-4766-8c57-8b821f3d23b7/full: trimming teacher scores (1681 → 678 tokens).  This is expected to be rare (<1% of steps).
[36m(TaskRunner pid=1148945)[0m WARNING:2026-07-08 06:18:16,306:d4c6a78d-65a4-4766-8c57-8b821f3d23b7/degraded: trimming teacher scores (1681 → 678 tokens).  This is expected to be rare (<1% of steps).
[36m(TaskRunner pid=1148945)[0m WARNING:2026-07-08 06:18:16,307:aaff81a5-5216-477d-95cc-840760cb8c69/full: trimming teacher scores (2048 → 1911 tokens).  This is expected to be rare (<1% of steps).
[36m(TaskRunner pid=1148945)[0m WARNING:2026-07-08 06:18:16,308:aaff81a5-5216-477d-95cc-840760cb8c69/degraded: trimming teacher scores (2048 → 1911 tokens).  This is expected to be rare (<1% of steps).
[36m(TaskRunner pid=1148945)[0m WARNING:2026-07-08 06:18:16,308:aaff81a5-5216-477d-95cc-840760cb8c69/full: trimming teacher scores (2048 → 1827 tokens).  This is expected to be rare (<1% of steps).
[36m(TaskRunner pid=1148945)[0m WARNING:2026-07-08 06:18:16,309:aaff81a5-5216-477d-95cc-840760cb8c69/degraded: trimming teacher scores (2048 → 1827 tokens).  This is expected to be rare (<1% of steps).
[36m(TaskRunner pid=1148945)[0m WARNING:2026-07-08 06:18:16,310:aaff81a5-5216-477d-95cc-840760cb8c69/full: trimming teacher scores (2048 → 1305 tokens).  This is expected to be rare (<1% of steps).
[36m(TaskRunner pid=1148945)[0m WARNING:2026-07-08 06:18:16,311:aaff81a5-5216-477d-95cc-840760cb8c69/degraded: trimming teacher scores (2048 → 1305 tokens).  This is expected to be rare (<1% of steps).
[36m(TaskRunner pid=1148945)[0m WARNING:2026-07-08 06:18:16,311:aaff81a5-5216-477d-95cc-840760cb8c69/full: trimming teacher scores (2048 → 518 tokens).  This is expected to be rare (<1% of steps).
[36m(TaskRunner pid=1148945)[0m WARNING:2026-07-08 06:18:16,311:aaff81a5-5216-477d-95cc-840760cb8c69/degraded: trimming teacher scores (2048 → 518 tokens).  This is expected to be rare (<1% of steps).
[36m(TaskRunner pid=1148945)[0m WARNING:2026-07-08 06:18:16,312:aaff81a5-5216-477d-95cc-840760cb8c69/full: trimming teacher scores (2048 → 1104 tokens).  This is expected to be rare (<1% of steps).
[36m(TaskRunner pid=1148945)[0m WARNING:2026-07-08 06:18:16,312:aaff81a5-5216-477d-95cc-840760cb8c69/degraded: trimming teacher scores (2048 → 1104 tokens).  This is expected to be rare (<1% of steps).
[36m(TaskRunner pid=1148945)[0m WARNING:2026-07-08 06:18:16,314:1a5cc52c-f7e8-4a05-a96c-6b5da99ba9c9/full: padding teacher scores (241 → 293 tokens).  Positions beyond teacher length get zero quality weight.
[36m(TaskRunner pid=1148945)[0m WARNING:2026-07-08 06:18:16,314:1a5cc52c-f7e8-4a05-a96c-6b5da99ba9c9/degraded: padding teacher scores (241 → 293 tokens).  Positions beyond teacher length get zero quality weight.
[36m(TaskRunner pid=1148945)[0m WARNING:2026-07-08 06:18:16,314:1a5cc52c-f7e8-4a05-a96c-6b5da99ba9c9/full: padding teacher scores (241 → 262 tokens).  Positions beyond teacher length get zero quality weight.
[36m(TaskRunner pid=1148945)[0m WARNING:2026-07-08 06:18:16,315:1a5cc52c-f7e8-4a05-a96c-6b5da99ba9c9/degraded: padding teacher scores (241 → 262 tokens).  Positions beyond teacher length get zero quality weight.
[36m(TaskRunner pid=1148945)[0m WARNING:2026-07-08 06:18:16,315:1a5cc52c-f7e8-4a05-a96c-6b5da99ba9c9/full: trimming teacher scores (241 → 104 tokens).  This is expected to be rare (<1% of steps).
[36m(TaskRunner pid=1148945)[0m WARNING:2026-07-08 06:18:16,315:1a5cc52c-f7e8-4a05-a96c-6b5da99ba9c9/degraded: trimming teacher scores (241 → 104 tokens).  This is expected to be rare (<1% of steps).
[36m(TaskRunner pid=1148945)[0m WARNING:2026-07-08 06:18:16,315:1a5cc52c-f7e8-4a05-a96c-6b5da99ba9c9/full: padding teacher scores (241 → 265 tokens).  Positions beyond teacher length get zero quality weight.
[36m(TaskRunner pid=1148945)[0m WARNING:2026-07-08 06:18:16,315:1a5cc52c-f7e8-4a05-a96c-6b5da99ba9c9/degraded: padding teacher scores (241 → 265 tokens).  Positions beyond teacher length get zero quality weight.
[36m(TaskRunner pid=1148945)[0m WARNING:2026-07-08 06:18:16,316:1a5cc52c-f7e8-4a05-a96c-6b5da99ba9c9/full: trimming teacher scores (241 → 199 tokens).  This is expected to be rare (<1% of steps).
[36m(TaskRunner pid=1148945)[0m WARNING:2026-07-08 06:18:16,316:1a5cc52c-f7e8-4a05-a96c-6b5da99ba9c9/degraded: trimming teacher scores (241 → 199 tokens).  This is expected to be rare (<1% of steps).
[36m(TaskRunner pid=1148945)[0m WARNING:2026-07-08 06:18:16,316:1a5cc52c-f7e8-4a05-a96c-6b5da99ba9c9/full: trimming teacher scores (241 → 130 tokens).  This is expected to be rare (<1% of steps).
[36m(TaskRunner pid=1148945)[0m WARNING:2026-07-08 06:18:16,316:1a5cc52c-f7e8-4a05-a96c-6b5da99ba9c9/degraded: trimming teacher scores (241 → 130 tokens).  This is expected to be rare (<1% of steps).
[36m(TaskRunner pid=1148945)[0m WARNING:2026-07-08 06:18:16,316:1a5cc52c-f7e8-4a05-a96c-6b5da99ba9c9/full: trimming teacher scores (241 → 143 tokens).  This is expected to be rare (<1% of steps).
[36m(TaskRunner pid=1148945)[0m WARNING:2026-07-08 06:18:16,317:1a5cc52c-f7e8-4a05-a96c-6b5da99ba9c9/degraded: trimming teacher scores (241 → 143 tokens).  This is expected to be rare (<1% of steps).
[36m(TaskRunner pid=1148945)[0m WARNING:2026-07-08 06:18:16,519:========================================================================
[36m(TaskRunner pid=1148945)[0m WARNING:2026-07-08 06:18:16,519:  VA-OPD Pipeline Verification (arXiv 2605.21924 §3.2-3.3)
[36m(TaskRunner pid=1148945)[0m WARNING:2026-07-08 06:18:16,519:========================================================================
[36m(TaskRunner pid=1148945)[0m WARNING:2026-07-08 06:18:16,519:  C          = 2  conditions: ['full', 'degraded']
[36m(TaskRunner pid=1148945)[0m WARNING:2026-07-08 06:18:16,519:  loss_mode  = va_opd
[36m(TaskRunner pid=1148945)[0m WARNING:2026-07-08 06:18:16,519:  batch      = [B=48, T=2048]
[36m(TaskRunner pid=1148945)[0m WARNING:2026-07-08 06:18:16,519:  top_k      = 32
[36m(TaskRunner pid=1148945)[0m WARNING:2026-07-08 06:18:16,519:  exact_lp   = torch.Size([48, 2, 2048])  (None=tail-fallback)
[36m(TaskRunner pid=1148945)[0m WARNING:2026-07-08 06:18:16,519:  Student    = raw image + canonical question  (choices allowed, no XML)
[36m(TaskRunner pid=1148945)[0m WARNING:2026-07-08 06:18:16,519:  Teacher    = raw image + same canonical question  (no format bias)
[36m(TaskRunner pid=1148945)[0m WARNING:2026-07-08 06:18:16,519:  KL         = reverse (mode-seeking) KL(P_S || P_T)
[36m(TaskRunner pid=1148945)[0m WARNING:2026-07-08 06:18:16,519:  Formula §3.2: w^(k) = softmax(z_score(ā^(k)) / τ), sums to 1 per prompt
[36m(TaskRunner pid=1148945)[0m WARNING:2026-07-08 06:18:16,519:  Formula §3.3: L_group = 0.5·mean(KL_rev,HighVA) + 0.5·mean(KL_rev,LowVA)
[36m(TaskRunner pid=1148945)[0m WARNING:2026-07-08 06:18:16,519:  Total (formula 7): L = Σ_k w^(k)·L_group^(k)   (pure distillation, no GRPO)
[36m(TaskRunner pid=1148945)[0m WARNING:2026-07-08 06:18:16,519:========================================================================
[36m(TaskRunner pid=1148945)[0m ========================================================================
[36m(TaskRunner pid=1148945)[0m   VA-OPD Pipeline Verification (arXiv 2605.21924 §3.2-3.3)
[36m(TaskRunner pid=1148945)[0m ========================================================================
[36m(TaskRunner pid=1148945)[0m   C          = 2  conditions: ['full', 'degraded']
[36m(TaskRunner pid=1148945)[0m   loss_mode  = va_opd
[36m(TaskRunner pid=1148945)[0m   batch      = [B=48, T=2048]
[36m(TaskRunner pid=1148945)[0m   top_k      = 32
[36m(TaskRunner pid=1148945)[0m   exact_lp   = torch.Size([48, 2, 2048])  (None=tail-fallback)
[36m(TaskRunner pid=1148945)[0m   Student    = raw image + canonical question  (choices allowed, no XML)
[36m(TaskRunner pid=1148945)[0m   Teacher    = raw image + same canonical question  (no format bias)
[36m(TaskRunner pid=1148945)[0m   KL         = reverse (mode-seeking) KL(P_S || P_T)
[36m(TaskRunner pid=1148945)[0m   Formula §3.2: w^(k) = softmax(z_score(ā^(k)) / τ), sums to 1 per prompt
[36m(TaskRunner pid=1148945)[0m   Formula §3.3: L_group = 0.5·mean(KL_rev,HighVA) + 0.5·mean(KL_rev,LowVA)
[36m(TaskRunner pid=1148945)[0m   Total (formula 7): L = Σ_k w^(k)·L_group^(k)   (pure distillation, no GRPO)
[36m(TaskRunner pid=1148945)[0m ========================================================================
[36m(WorkerDict pid=1246292)[0m INFO:2026-07-08 06:18:59,183:update_weights done, time cost: 0.97s
[36m(TaskRunner pid=1148945)[0m Training Progress:   1%|          | 13/1751 [14:52<33:20:20, 69.06s/it]
[36m(TaskRunner pid=1148945)[0m WARNING:2026-07-08 06:19:20,104:5acfbec9-18ce-4153-b56b-cb1729c3cce5/full: padding teacher scores (72 → 120 tokens).  Positions beyond teacher length get zero quality weight.
[36m(TaskRunner pid=1148945)[0m WARNING:2026-07-08 06:19:20,105:5acfbec9-18ce-4153-b56b-cb1729c3cce5/degraded: padding teacher scores (72 → 120 tokens).  Positions beyond teacher length get zero quality weight.
[36m(TaskRunner pid=1148945)[0m WARNING:2026-07-08 06:19:20,105:5acfbec9-18ce-4153-b56b-cb1729c3cce5/full: padding teacher scores (72 → 102 tokens).  Positions beyond teacher length get zero quality weight.
[36m(TaskRunner pid=1148945)[0m WARNING:2026-07-08 06:19:20,105:5acfbec9-18ce-4153-b56b-cb1729c3cce5/degraded: padding teacher scores (72 → 102 tokens).  Positions beyond teacher length get zero quality weight.
[36m(TaskRunner pid=1148945)[0m WARNING:2026-07-08 06:19:20,105:5acfbec9-18ce-4153-b56b-cb1729c3cce5/full: trimming teacher scores (72 → 44 tokens).  This is expected to be rare (<1% of steps).
[36m(TaskRunner pid=1148945)[0m WARNING:2026-07-08 06:19:20,106:5acfbec9-18ce-4153-b56b-cb1729c3cce5/degraded: trimming teacher scores (72 → 44 tokens).  This is expected to be rare (<1% of steps).
[36m(TaskRunner pid=1148945)[0m WARNING:2026-07-08 06:19:20,106:5acfbec9-18ce-4153-b56b-cb1729c3cce5/full: padding teacher scores (72 → 136 tokens).  Positions beyond teacher length get zero quality weight.
[36m(TaskRunner pid=1148945)[0m WARNING:2026-07-08 06:19:20,106:5acfbec9-18ce-4153-b56b-cb1729c3cce5/degraded: padding teacher scores (72 → 136 tokens).  Positions beyond teacher length get zero quality weight.
[36m(TaskRunner pid=1148945)[0m WARNING:2026-07-08 06:19:20,106:5acfbec9-18ce-4153-b56b-cb1729c3cce5/full: padding teacher scores (72 → 93 tokens).  Positions beyond teacher length get zero quality weight.
[36m(TaskRunner pid=1148945)[0m WARNING:2026-07-08 06:19:20,107:5acfbec9-18ce-4153-b56b-cb1729c3cce5/degraded: padding teacher scores (72 → 93 tokens).  Positions beyond teacher length get zero quality weight.
[36m(TaskRunner pid=1148945)[0m WARNING:2026-07-08 06:19:20,107:5acfbec9-18ce-4153-b56b-cb1729c3cce5/full: padding teacher scores (72 → 105 tokens).  Positions beyond teacher length get zero quality weight.
[36m(TaskRunner pid=1148945)[0m WARNING:2026-07-08 06:19:20,107:5acfbec9-18ce-4153-b56b-cb1729c3cce5/degraded: padding teacher scores (72 → 105 tokens).  Positions beyond teacher length get zero quality weight.
[36m(TaskRunner pid=1148945)[0m WARNING:2026-07-08 06:19:20,107:5acfbec9-18ce-4153-b56b-cb1729c3cce5/full: padding teacher scores (72 → 99 tokens).  Positions beyond teacher length get zero quality weight.
[36m(TaskRunner pid=1148945)[0m WARNING:2026-07-08 06:19:20,107:5acfbec9-18ce-4153-b56b-cb1729c3cce5/degraded: padding teacher scores (72 → 99 tokens).  Positions beyond teacher length get zero quality weight.
[36m(TaskRunner pid=1148945)[0m WARNING:2026-07-08 06:19:20,108:543ff2e5-a3ae-4a0d-97e8-52d7f56e6caa/full: trimming teacher scores (170 → 103 tokens).  This is expected to be rare (<1% of steps).
[36m(TaskRunner pid=1148945)[0m WARNING:2026-07-08 06:19:20,108:543ff2e5-a3ae-4a0d-97e8-52d7f56e6caa/degraded: trimming teacher scores (170 → 103 tokens).  This is expected to be rare (<1% of steps).
[36m(TaskRunner pid=1148945)[0m WARNING:2026-07-08 06:19:20,108:543ff2e5-a3ae-4a0d-97e8-52d7f56e6caa/full: trimming teacher scores (170 → 163 tokens).  This is expected to be rare (<1% of steps).
[36m(TaskRunner pid=1148945)[0m WARNING:2026-07-08 06:19:20,108:543ff2e5-a3ae-4a0d-97e8-52d7f56e6caa/degraded: trimming teacher scores (170 → 163 tokens).  This is expected to be rare (<1% of steps).
[36m(TaskRunner pid=1148945)[0m WARNING:2026-07-08 06:19:20,109:543ff2e5-a3ae-4a0d-97e8-52d7f56e6caa/full: trimming teacher scores (170 → 121 tokens).  This is expected to be rare (<1% of steps).
[36m(TaskRunner pid=1148945)[0m WARNING:2026-07-08 06:19:20,109:543ff2e5-a3ae-4a0d-97e8-52d7f56e6caa/degraded: trimming teacher scores (170 → 121 tokens).  This is expected to be rare (<1% of steps).
[36m(TaskRunner pid=1148945)[0m WARNING:2026-07-08 06:19:20,109:543ff2e5-a3ae-4a0d-97e8-52d7f56e6caa/full: trimming teacher scores (170 → 122 tokens).  This is expected to be rare (<1% of steps).
[36m(TaskRunner pid=1148945)[0m WARNING:2026-07-08 06:19:20,109:543ff2e5-a3ae-4a0d-97e8-52d7f56e6caa/degraded: trimming teacher scores (170 → 122 tokens).  This is expected to be rare (<1% of steps).
[36m(TaskRunner pid=1148945)[0m WARNING:2026-07-08 06:19:20,109:543ff2e5-a3ae-4a0d-97e8-52d7f56e6caa/full: trimming teacher scores (170 → 120 tokens).  This is expected to be rare (<1% of steps).
[36m(TaskRunner pid=1148945)[0m WARNING:2026-07-08 06:19:20,110:543ff2e5-a3ae-4a0d-97e8-52d7f56e6caa/degraded: trimming teacher scores (170 → 120 tokens).  This is expected to be rare (<1% of steps).
[36m(TaskRunner pid=1148945)[0m WARNING:2026-07-08 06:19:20,110:543ff2e5-a3ae-4a0d-97e8-52d7f56e6caa/full: padding teacher scores (170 → 188 tokens).  Positions beyond teacher length get zero quality weight.
[36m(TaskRunner pid=1148945)[0m WARNING:2026-07-08 06:19:20,110:543ff2e5-a3ae-4a0d-97e8-52d7f56e6caa/degraded: padding teacher scores (170 → 188 tokens).  Positions beyond teacher length get zero quality weight.
[36m(TaskRunner pid=1148945)[0m WARNING:2026-07-08 06:19:20,110:543ff2e5-a3ae-4a0d-97e8-52d7f56e6caa/full: trimming teacher scores (170 → 116 tokens).  This is expected to be rare (<1% of steps).
[36m(TaskRunner pid=1148945)[0m WARNING:2026-07-08 06:19:20,110:543ff2e5-a3ae-4a0d-97e8-52d7f56e6caa/degraded: trimming teacher scores (170 → 116 tokens).  This is expected to be rare (<1% of steps).
[36m(TaskRunner pid=1148945)[0m WARNING:2026-07-08 06:19:20,111:a579f379-9db8-43d5-b816-842e628d9856/full: padding teacher scores (202 → 260 tokens).  Positions beyond teacher length get zero quality weight.
[36m(TaskRunner pid=1148945)[0m WARNING:2026-07-08 06:19:20,111:a579f379-9db8-43d5-b816-842e628d9856/degraded: padding teacher scores (202 → 260 tokens).  Positions beyond teacher length get zero quality weight.
[36m(TaskRunner pid=1148945)[0m WARNING:2026-07-08 06:19:20,111:a579f379-9db8-43d5-b816-842e628d9856/full: trimming teacher scores (202 → 131 tokens).  This is expected to be rare (<1% of steps).
[36m(TaskRunner pid=1148945)[0m WARNING:2026-07-08 06:19:20,112:a579f379-9db8-43d5-b816-842e628d9856/degraded: trimming teacher scores (202 → 131 tokens).  This is expected to be rare (<1% of steps).
[36m(TaskRunner pid=1148945)[0m WARNING:2026-07-08 06:19:20,112:a579f379-9db8-43d5-b816-842e628d9856/full: trimming teacher scores (202 → 181 tokens).  This is expected to be rare (<1% of steps).
[36m(TaskRunner pid=1148945)[0m WARNING:2026-07-08 06:19:20,112:a579f379-9db8-43d5-b816-842e628d9856/degraded: trimming teacher scores (202 → 181 tokens).  This is expected to be rare (<1% of steps).
[36m(TaskRunner pid=1148945)[0m WARNING:2026-07-08 06:19:20,112:a579f379-9db8-43d5-b816-842e628d9856/full: trimming teacher scores (202 → 179 tokens).  This is expected to be rare (<1% of steps).
[36m(TaskRunner pid=1148945)[0m WARNING:2026-07-08 06:19:20,112:a579f379-9db8-43d5-b816-842e628d9856/degraded: trimming teacher scores (202 → 179 tokens).  This is expected to be rare (<1% of steps).
[36m(TaskRunner pid=1148945)[0m WARNING:2026-07-08 06:19:20,113:a579f379-9db8-43d5-b816-842e628d9856/full: trimming teacher scores (202 → 149 tokens).  This is expected to be rare (<1% of steps).
[36m(TaskRunner pid=1148945)[0m WARNING:2026-07-08 06:19:20,113:a579f379-9db8-43d5-b816-842e628d9856/degraded: trimming teacher scores (202 → 149 tokens).  This is expected to be rare (<1% of steps).
[36m(TaskRunner pid=1148945)[0m WARNING:2026-07-08 06:19:20,113:a579f379-9db8-43d5-b816-842e628d9856/full: trimming teacher scores (202 → 89 tokens).  This is expected to be rare (<1% of steps).
[36m(TaskRunner pid=1148945)[0m WARNING:2026-07-08 06:19:20,113:a579f379-9db8-43d5-b816-842e628d9856/degraded: trimming teacher scores (202 → 89 tokens).  This is expected to be rare (<1% of steps).
[36m(TaskRunner pid=1148945)[0m WARNING:2026-07-08 06:19:20,113:a579f379-9db8-43d5-b816-842e628d9856/full: trimming teacher scores (202 → 120 tokens).  This is expected to be rare (<1% of steps).
[36m(TaskRunner pid=1148945)[0m WARNING:2026-07-08 06:19:20,113:a579f379-9db8-43d5-b816-842e628d9856/degraded: trimming teacher scores (202 → 120 tokens).  This is expected to be rare (<1% of steps).
[36m(TaskRunner pid=1148945)[0m WARNING:2026-07-08 06:19:20,114:852712aa-e054-4647-9f74-756d45837359/full: padding teacher scores (146 → 188 tokens).  Positions beyond teacher length get zero quality weight.
[36m(TaskRunner pid=1148945)[0m WARNING:2026-07-08 06:19:20,114:852712aa-e054-4647-9f74-756d45837359/degraded: padding teacher scores (146 → 188 tokens).  Positions beyond teacher length get zero quality weight.
[36m(TaskRunner pid=1148945)[0m WARNING:2026-07-08 06:19:20,114:852712aa-e054-4647-9f74-756d45837359/full: trimming teacher scores (146 → 142 tokens).  This is expected to be rare (<1% of steps).
[36m(TaskRunner pid=1148945)[0m WARNING:2026-07-08 06:19:20,115:852712aa-e054-4647-9f74-756d45837359/degraded: trimming teacher scores (146 → 142 tokens).  This is expected to be rare (<1% of steps).
[36m(TaskRunner pid=1148945)[0m WARNING:2026-07-08 06:19:20,115:852712aa-e054-4647-9f74-756d45837359/full: padding teacher scores (146 → 191 tokens).  Positions beyond teacher length get zero quality weight.
[36m(TaskRunner pid=1148945)[0m WARNING:2026-07-08 06:19:20,115:852712aa-e054-4647-9f74-756d45837359/degraded: padding teacher scores (146 → 191 tokens).  Positions beyond teacher length get zero quality weight.
[36m(TaskRunner pid=1148945)[0m WARNING:2026-07-08 06:19:20,115:852712aa-e054-4647-9f74-756d45837359/full: padding teacher scores (146 → 162 tokens).  Positions beyond teacher length get zero quality weight.
[36m(TaskRunner pid=1148945)[0m WARNING:2026-07-08 06:19:20,116:852712aa-e054-4647-9f74-756d45837359/degraded: padding teacher scores (146 → 162 tokens).  Positions beyond teacher length get zero quality weight.
[36m(TaskRunner pid=1148945)[0m WARNING:2026-07-08 06:19:20,116:852712aa-e054-4647-9f74-756d45837359/full: padding teacher scores (146 → 216 tokens).  Positions beyond teacher length get zero quality weight.
[36m(TaskRunner pid=1148945)[0m WARNING:2026-07-08 06:19:20,116:852712aa-e054-4647-9f74-756d45837359/degraded: padding teacher scores (146 → 216 tokens).  Positions beyond teacher length get zero quality weight.
[36m(TaskRunner pid=1148945)[0m WARNING:2026-07-08 06:19:20,116:852712aa-e054-4647-9f74-756d45837359/full: padding teacher scores (146 → 232 tokens).  Positions beyond teacher length get zero quality weight.
[36m(TaskRunner pid=1148945)[0m WARNING:2026-07-08 06:19:20,116:852712aa-e054-4647-9f74-756d45837359/degraded: padding teacher scores (146 → 232 tokens).  Positions beyond teacher length get zero quality weight.
[36m(TaskRunner pid=1148945)[0m WARNING:2026-07-08 06:19:20,117:852712aa-e054-4647-9f74-756d45837359/full: trimming teacher scores (146 → 115 tokens).  This is expected to be rare (<1% of steps).
[36m(TaskRunner pid=1148945)[0m WARNING:2026-07-08 06:19:20,117:852712aa-e054-4647-9f74-756d45837359/degraded: trimming teacher scores (146 → 115 tokens).  This is expected to be rare (<1% of steps).
[36m(TaskRunner pid=1148945)[0m WARNING:2026-07-08 06:19:20,118:23e906ea-0387-4fb3-9505-c7d1a5e9cf84/full: trimming teacher scores (2048 → 1856 tokens).  This is expected to be rare (<1% of steps).
[36m(TaskRunner pid=1148945)[0m WARNING:2026-07-08 06:19:20,119:23e906ea-0387-4fb3-9505-c7d1a5e9cf84/degraded: trimming teacher scores (2048 → 1856 tokens).  This is expected to be rare (<1% of steps).
[36m(TaskRunner pid=1148945)[0m WARNING:2026-07-08 06:19:20,119:23e906ea-0387-4fb3-9505-c7d1a5e9cf84/full: trimming teacher scores (2048 → 91 tokens).  This is expected to be rare (<1% of steps).
[36m(TaskRunner pid=1148945)[0m WARNING:2026-07-08 06:19:20,119:23e906ea-0387-4fb3-9505-c7d1a5e9cf84/degraded: trimming teacher scores (2048 → 91 tokens).  This is expected to be rare (<1% of steps).
[36m(TaskRunner pid=1148945)[0m WARNING:2026-07-08 06:19:20,121:23e906ea-0387-4fb3-9505-c7d1a5e9cf84/full: trimming teacher scores (2048 → 1672 tokens).  This is expected to be rare (<1% of steps).
[36m(TaskRunner pid=1148945)[0m WARNING:2026-07-08 06:19:20,122:23e906ea-0387-4fb3-9505-c7d1a5e9cf84/degraded: trimming teacher scores (2048 → 1672 tokens).  This is expected to be rare (<1% of steps).
[36m(TaskRunner pid=1148945)[0m WARNING:2026-07-08 06:19:20,124:625216fb-94b3-461a-94d4-efb48263a846/full: padding teacher scores (89 → 549 tokens).  Positions beyond teacher length get zero quality weight.
[36m(TaskRunner pid=1148945)[0m WARNING:2026-07-08 06:19:20,124:625216fb-94b3-461a-94d4-efb48263a846/degraded: padding teacher scores (89 → 549 tokens).  Positions beyond teacher length get zero quality weight.
[36m(TaskRunner pid=1148945)[0m WARNING:2026-07-08 06:19:20,124:625216fb-94b3-461a-94d4-efb48263a846/full: padding teacher scores (89 → 129 tokens).  Positions beyond teacher length get zero quality weight.
[36m(TaskRunner pid=1148945)[0m WARNING:2026-07-08 06:19:20,125:625216fb-94b3-461a-94d4-efb48263a846/degraded: padding teacher scores (89 → 129 tokens).  Positions beyond teacher length get zero quality weight.
[36m(TaskRunner pid=1148945)[0m WARNING:2026-07-08 06:19:20,125:625216fb-94b3-461a-94d4-efb48263a846/full: padding teacher scores (89 → 178 tokens).  Positions beyond teacher length get zero quality weight.
[36m(TaskRunner pid=1148945)[0m WARNING:2026-07-08 06:19:20,125:625216fb-94b3-461a-94d4-efb48263a846/degraded: padding teacher scores (89 → 178 tokens).  Positions beyond teacher length get zero quality weight.
[36m(TaskRunner pid=1148945)[0m WARNING:2026-07-08 06:19:20,125:625216fb-94b3-461a-94d4-efb48263a846/full: padding teacher scores (89 → 141 tokens).  Positions beyond teacher length get zero quality weight.
[36m(TaskRunner pid=1148945)[0m WARNING:2026-07-08 06:19:20,125:625216fb-94b3-461a-94d4-efb48263a846/degraded: padding teacher scores (89 → 141 tokens).  Positions beyond teacher length get zero quality weight.
[36m(TaskRunner pid=1148945)[0m WARNING:2026-07-08 06:19:20,126:625216fb-94b3-461a-94d4-efb48263a846/full: padding teacher scores (89 → 100 tokens).  Positions beyond teacher length get zero quality weight.
[36m(TaskRunner pid=1148945)[0m WARNING:2026-07-08 06:19:20,126:625216fb-94b3-461a-94d4-efb48263a846/degraded: padding teacher scores (89 → 100 tokens).  Positions beyond teacher length get zero quality weight.
[36m(TaskRunner pid=1148945)[0m WARNING:2026-07-08 06:19:20,126:625216fb-94b3-461a-94d4-efb48263a846/full: padding teacher scores (89 → 888 tokens).  Positions beyond teacher length get zero quality weight.
[36m(TaskRunner pid=1148945)[0m WARNING:2026-07-08 06:19:20,126:625216fb-94b3-461a-94d4-efb48263a846/degraded: padding teacher scores (89 → 888 tokens).  Positions beyond teacher length get zero quality weight.
[36m(TaskRunner pid=1148945)[0m WARNING:2026-07-08 06:19:20,127:625216fb-94b3-461a-94d4-efb48263a846/full: padding teacher scores (89 → 123 tokens).  Positions beyond teacher length get zero quality weight.
[36m(TaskRunner pid=1148945)[0m WARNING:2026-07-08 06:19:20,127:625216fb-94b3-461a-94d4-efb48263a846/degraded: padding teacher scores (89 → 123 tokens).  Positions beyond teacher length get zero quality weight.
[36m(TaskRunner pid=1148945)[0m WARNING:2026-07-08 06:19:20,193:========================================================================
[36m(TaskRunner pid=1148945)[0m WARNING:2026-07-08 06:19:20,193:  VA-OPD Pipeline Verification (arXiv 2605.21924 §3.2-3.3)
[36m(TaskRunner pid=1148945)[0m WARNING:2026-07-08 06:19:20,193:========================================================================
[36m(TaskRunner pid=1148945)[0m WARNING:2026-07-08 06:19:20,193:  C          = 2  conditions: ['full', 'degraded']
[36m(TaskRunner pid=1148945)[0m WARNING:2026-07-08 06:19:20,194:  loss_mode  = va_opd
[36m(TaskRunner pid=1148945)[0m WARNING:2026-07-08 06:19:20,194:  batch      = [B=48, T=2048]
[36m(TaskRunner pid=1148945)[0m WARNING:2026-07-08 06:19:20,194:  top_k      = 32
[36m(TaskRunner pid=1148945)[0m WARNING:2026-07-08 06:19:20,194:  exact_lp   = torch.Size([48, 2, 2048])  (None=tail-fallback)
[36m(TaskRunner pid=1148945)[0m WARNING:2026-07-08 06:19:20,194:  Student    = raw image + canonical question  (choices allowed, no XML)
[36m(TaskRunner pid=1148945)[0m WARNING:2026-07-08 06:19:20,194:  Teacher    = raw image + same canonical question  (no format bias)
[36m(TaskRunner pid=1148945)[0m WARNING:2026-07-08 06:19:20,194:  KL         = reverse (mode-seeking) KL(P_S || P_T)
[36m(TaskRunner pid=1148945)[0m WARNING:2026-07-08 06:19:20,194:  Formula §3.2: w^(k) = softmax(z_score(ā^(k)) / τ), sums to 1 per prompt
[36m(TaskRunner pid=1148945)[0m WARNING:2026-07-08 06:19:20,194:  Formula §3.3: L_group = 0.5·mean(KL_rev,HighVA) + 0.5·mean(KL_rev,LowVA)
[36m(TaskRunner pid=1148945)[0m WARNING:2026-07-08 06:19:20,194:  Total (formula 7): L = Σ_k w^(k)·L_group^(k)   (pure distillation, no GRPO)
[36m(TaskRunner pid=1148945)[0m WARNING:2026-07-08 06:19:20,194:========================================================================
[36m(TaskRunner pid=1148945)[0m ========================================================================
[36m(TaskRunner pid=1148945)[0m   VA-OPD Pipeline Verification (arXiv 2605.21924 §3.2-3.3)
[36m(TaskRunner pid=1148945)[0m ========================================================================
[36m(TaskRunner pid=1148945)[0m   C          = 2  conditions: ['full', 'degraded']
[36m(TaskRunner pid=1148945)[0m   loss_mode  = va_opd
[36m(TaskRunner pid=1148945)[0m   batch      = [B=48, T=2048]
[36m(TaskRunner pid=1148945)[0m   top_k      = 32
[36m(TaskRunner pid=1148945)[0m   exact_lp   = torch.Size([48, 2, 2048])  (None=tail-fallback)
[36m(TaskRunner pid=1148945)[0m   Student    = raw image + canonical question  (choices allowed, no XML)
[36m(TaskRunner pid=1148945)[0m   Teacher    = raw image + same canonical question  (no format bias)
[36m(TaskRunner pid=1148945)[0m   KL         = reverse (mode-seeking) KL(P_S || P_T)
[36m(TaskRunner pid=1148945)[0m   Formula §3.2: w^(k) = softmax(z_score(ā^(k)) / τ), sums to 1 per prompt
[36m(TaskRunner pid=1148945)[0m   Formula §3.3: L_group = 0.5·mean(KL_rev,HighVA) + 0.5·mean(KL_rev,LowVA)
[36m(TaskRunner pid=1148945)[0m   Total (formula 7): L = Σ_k w^(k)·L_group^(k)   (pure distillation, no GRPO)
[36m(TaskRunner pid=1148945)[0m ========================================================================
[36m(WorkerDict pid=1246292)[0m INFO:2026-07-08 06:19:56,332:update_weights done, time cost: 0.91s

[36m(TaskRunner pid=1148945)[0m Dumped generations to /inspire/hdd/global_user/mengweicheng-240108120092/lzy/projects/Dual-Track-OPD/outputs/fc_opd_overnight_noreshard_noreshard_20260708_055809/rollouts/12.jsonl
[36m(TaskRunner pid=1148945)[0m step:12 - fc_opd/hook_loss:0.0 - fc_opd/hook_num_samples:48.0 - fc_opd/hook_active_weight:109898.0 - fc_opd/online/loss:0.0 - fc_opd/online/num_samples:48.0 - global_seqlen/min:1816 - global_seqlen/max:18784 - global_seqlen/minmax_diff:16968 - global_seqlen/balanced_min:11013 - global_seqlen/balanced_max:11106 - global_seqlen/mean:11059.5 - actor/entropy:1.0272854566574097 - perf/mfu/actor_infer:0 - actor/pg_loss:0.002053339912284476 - actor/kl_loss:0.0 - actor/fc_opd_loss:8.689164479573568 - actor/pg_clipfrac:0.0 - actor/ppo_kl:0.0 - actor/pg_clipfrac_lower:0.0 - actor/fc_opd_denominator:1.0 - actor/fc_opd_va_opd/loss:5.353051155805588 - actor/fc_opd_va_opd/token_mean_loss:8.243845899899801 - actor/fc_opd_va_opd/rollout_weight_sum:0.4999999975164731 - actor/fc_opd_va/mean:0.09344101573030154 - actor/fc_opd_va/sparsity:0.6927032123009363 - actor/grad_norm:4.736313343048096 - perf/mfu/actor:0.010888867512439506 - perf/max_memory_allocated_gb:89.1311206817627 - perf/max_memory_reserved_gb:104.646484375 - perf/cpu_memory_used_gb:200.35107803344727 - actor/lr:2e-06 - training/global_step:12 - training/epoch:0 - critic/score/mean:0.1666666716337204 - critic/score/max:1.0 - critic/score/min:0.0 - critic/rewards/mean:0.1666666716337204 - critic/rewards/max:1.0 - critic/rewards/min:0.0 - critic/advantages/mean:-0.01331233885139227 - critic/advantages/max:2.4748666286468506 - critic/advantages/min:-2.4748666286468506 - critic/returns/mean:-0.01331233885139227 - critic/returns/max:2.4748666286468506 - critic/returns/min:-2.4748666286468506 - response_length/mean:1144.7708740234375 - response_length/max:2048.0 - response_length/min:32.0 - response_length/clip_ratio:0.3958333432674408 - response_length_non_aborted/mean:1144.7708740234375 - response_length_non_aborted/max:2048.0 - response_length_non_aborted/min:32.0 - response_length_non_aborted/clip_ratio:0.3958333432674408 - response/aborted_ratio:0.0 - prompt_length/mean:237.6666717529297 - prompt_length/max:438.0 - prompt_length/min:129.0 - prompt_length/clip_ratio:0.0 - num_turns/min:2 - num_turns/max:2 - num_turns/mean:2.0 - timing_s/start_profile:3.1847041100263596e-05 - timing_s/agent_loop/num_preempted/min:-1 - timing_s/agent_loop/num_preempted/max:-1 - timing_s/agent_loop/num_preempted/mean:-1.0 - timing_s/agent_loop/generate_sequences/min:0.32450947677716613 - timing_s/agent_loop/generate_sequences/max:10.187796908896416 - timing_s/agent_loop/generate_sequences/mean:5.722321539389668 - timing_s/agent_loop/tool_calls/min:0.0 - timing_s/agent_loop/tool_calls/max:0.0 - timing_s/agent_loop/tool_calls/mean:0.0 - timing_s/agent_loop/slowest/generate_sequences:10.187796908896416 - timing_s/agent_loop/slowest/tool_calls:0.0 - timing_s/agent_loop/slowest/prompt_length:438 - timing_s/agent_loop/slowest/response_length:2048 - timing_s/agent_loop/slowest/num_preempted:-1 - timing_s/gen:11.671842113602906 - timing_s/fc_opd:17.20109969424084 - timing_s/reward:3.236997872591019e-05 - timing_s/old_log_prob:6.924629088956863 - timing_s/adv:0.0017138998955488205 - timing_s/update_actor:27.98871047887951 - timing_s/update_weights:4.659840917214751 - timing_s/dump_rollout_generations:0.060631999745965004 - timing_s/step:68.58255068119615 - timing_s/stop_profile:4.782527685165405e-05 - timing_per_token_ms/update_actor:0.42178987113461297 - timing_per_token_ms/gen:0.2124122752662088 - timing_per_token_ms/adv:2.582847168420544e-05 - perf/total_num_tokens:66357 - perf/time_per_step:68.58255068119615 - perf/throughput:161.25821933059535
[36m(TaskRunner pid=1148945)[0m Dumped generations to /inspire/hdd/global_user/mengweicheng-240108120092/lzy/projects/Dual-Track-OPD/outputs/fc_opd_overnight_noreshard_noreshard_20260708_055809/rollouts/13.jsonl
[36m(TaskRunner pid=1148945)[0m step:13 - fc_opd/hook_loss:0.0 - fc_opd/hook_num_samples:48.0 - fc_opd/hook_active_weight:101004.0 - fc_opd/online/loss:0.0 - fc_opd/online/num_samples:48.0 - global_seqlen/min:2773 - global_seqlen/max:16674 - global_seqlen/minmax_diff:13901 - global_seqlen/balanced_min:10314 - global_seqlen/balanced_max:10355 - global_seqlen/mean:10335.666666666666 - actor/entropy:0.9153359532356262 - perf/mfu/actor_infer:0 - actor/pg_loss:0.017213556411055226 - actor/kl_loss:0.0 - actor/fc_opd_loss:9.009517600138983 - actor/pg_clipfrac:0.0 - actor/ppo_kl:0.0 - actor/pg_clipfrac_lower:0.0 - actor/fc_opd_denominator:1.0 - actor/fc_opd_va_opd/loss:5.243090972304344 - actor/fc_opd_va_opd/token_mean_loss:9.275010665257772 - actor/fc_opd_va_opd/rollout_weight_sum:0.500000017384688 - actor/fc_opd_va/mean:0.1350512591501077 - actor/fc_opd_va/sparsity:0.6137976671258608 - actor/grad_norm:3.732367992401123 - perf/mfu/actor:0.009171243703134773 - perf/max_memory_allocated_gb:89.1311206817627 - perf/max_memory_reserved_gb:104.646484375 - perf/cpu_memory_used_gb:200.45973205566406 - actor/lr:2e-06 - training/global_step:13 - training/epoch:0 - critic/score/mean:0.25 - critic/score/max:1.0 - critic/score/min:0.0 - critic/rewards/mean:0.25 - critic/rewards/max:1.0 - critic/rewards/min:0.0 - critic/advantages/mean:-0.10982193052768707 - critic/advantages/max:2.4748666286468506 - critic/advantages/min:-2.4748666286468506 - critic/returns/mean:-0.10982193052768707 - critic/returns/max:2.4748666286468506 - critic/returns/min:-2.4748666286468506 - response_length/mean:1052.125 - response_length/max:2048.0 - response_length/min:104.0 - response_length/clip_ratio:0.1875 - response_length_non_aborted/mean:1052.125 - response_length_non_aborted/max:2048.0 - response_length_non_aborted/min:104.0 - response_length_non_aborted/clip_ratio:0.1875 - response/aborted_ratio:0.0 - prompt_length/mean:239.8333282470703 - prompt_length/max:406.0 - prompt_length/min:133.0 - prompt_length/clip_ratio:0.0 - num_turns/min:2 - num_turns/max:2 - num_turns/mean:2.0 - timing_s/start_profile:5.860906094312668e-05 - timing_s/agent_loop/num_preempted/min:-1 - timing_s/agent_loop/num_preempted/max:-1 - timing_s/agent_loop/num_preempted/mean:-1.0 - timing_s/agent_loop/generate_sequences/min:0.688002719078213 - timing_s/agent_loop/generate_sequences/max:10.222105314023793 - timing_s/agent_loop/generate_sequences/mean:5.239169335031572 - timing_s/agent_loop/tool_calls/min:0.0 - timing_s/agent_loop/tool_calls/max:0.0 - timing_s/agent_loop/tool_calls/mean:0.0 - timing_s/agent_loop/slowest/generate_sequences:10.222105314023793 - timing_s/agent_loop/slowest/tool_calls:0.0 - timing_s/agent_loop/slowest/prompt_length:133 - timing_s/agent_loop/slowest/response_length:2048 - timing_s/agent_loop/slowest/num_preempted:-1 - timing_s/gen:11.917326380033046 - timing_s/fc_opd:15.045518499799073 - timing_s/reward:3.528222441673279e-05 - timing_s/old_log_prob:7.554234496783465 - timing_s/adv:0.0016355072148144245 - timing_s/update_actor:30.78912697220221 - timing_s/update_weights:4.748438715934753 - timing_s/dump_rollout_generations:0.05477342288941145 - timing_s/step:70.21585796028376 - timing_s/stop_profile:4.911376163363457e-05 - timing_per_token_ms/update_actor:0.4964867122295322 - timing_per_token_ms/gen:0.23597731535450173 - timing_per_token_ms/adv:2.6373193388822273e-05 - perf/total_num_tokens:62014 - perf/time_per_step:70.21585796028376 - perf/throughput:147.1984672253501
[36m(TaskRunner pid=1148945)[0m Dumped generations to /inspire/hdd/global_user/mengweicheng-240108120092/lzy/projects/Dual-Track-OPD/outputs/fc_opd_overnight_noreshard_noreshard_20260708_055809/rollouts/14.jsonl
[36m(TaskRunner pid=1148945)[0m step:14 - fc_opd/hook_loss:0.0 - fc_opd/hook_num_samples:48.0 - fc_opd/hook_active_weight:41266.0 - fc_opd/online/loss:0.0 - fc_opd/online/num_samples:48.0 - global_seqlen/min:2167 - global_seqlen/max:14963 - global_seqlen/minmax_diff:12796 - global_seqlen/balanced_min:4413 - global_seqlen/balanced_max:5543 - global_seqlen/mean:4750.833333333333 - actor/entropy:1.0100536346435547 - perf/mfu/actor_infer:0 - actor/pg_loss:0.0036455215886235237 - actor/kl_loss:0.0 - actor/fc_opd_loss:9.667144616444906 - actor/pg_clipfrac:0.0 - actor/ppo_kl:0.0 - actor/pg_clipfrac_lower:0.0 - actor/fc_opd_denominator:1.0 - actor/fc_opd_va_opd/loss:10.88758103052775 - actor/fc_opd_va_opd/token_mean_loss:8.952644189198812 - actor/fc_opd_va_opd/rollout_weight_sum:0.999999980131785 - actor/fc_opd_va/mean:0.1819148783882459 - actor/fc_opd_va/sparsity:0.5837898751099905 - actor/grad_norm:4.570785045623779 - perf/mfu/actor:0.005184657388399477 - perf/max_memory_allocated_gb:89.1311206817627 - perf/max_memory_reserved_gb:104.646484375 - perf/cpu_memory_used_gb:200.46090698242188 - actor/lr:2e-06 - training/global_step:14 - training/epoch:0 - critic/score/mean:0.8333333134651184 - critic/score/max:1.0 - critic/score/min:0.0 - critic/rewards/mean:0.8333333134651184 - critic/rewards/max:1.0 - critic/rewards/min:0.0 - critic/advantages/mean:0.018591785803437233 - critic/advantages/max:2.4748666286468506 - critic/advantages/min:-2.4748666286468506 - critic/returns/mean:0.018591785803437233 - critic/returns/max:2.4748666286468506 - critic/returns/min:-2.4748666286468506 - response_length/mean:429.8541564941406 - response_length/max:2048.0 - response_length/min:44.0 - response_length/clip_ratio:0.1041666641831398 - response_length_non_aborted/mean:429.8541564941406 - response_length_non_aborted/max:2048.0 - response_length_non_aborted/min:44.0 - response_length_non_aborted/clip_ratio:0.1041666641831398 - response/aborted_ratio:0.0 - prompt_length/mean:164.0 - prompt_length/max:240.0 - prompt_length/min:133.0 - prompt_length/clip_ratio:0.0 - num_turns/min:2 - num_turns/max:2 - num_turns/mean:2.0 - timing_s/start_profile:3.048870712518692e-05 - timing_s/agent_loop/num_preempted/min:-1 - timing_s/agent_loop/num_preempted/max:-1 - timing_s/agent_loop/num_preempted/mean:-1.0 - timing_s/agent_loop/generate_sequences/min:0.32781915785744786 - timing_s/agent_loop/generate_sequences/max:9.55848279595375 - timing_s/agent_loop/generate_sequences/mean:2.1329635498987045 - timing_s/agent_loop/tool_calls/min:0.0 - timing_s/agent_loop/tool_calls/max:0.0 - timing_s/agent_loop/tool_calls/mean:0.0 - timing_s/agent_loop/slowest/generate_sequences:9.55848279595375 - timing_s/agent_loop/slowest/tool_calls:0.0 - timing_s/agent_loop/slowest/prompt_length:138 - timing_s/agent_loop/slowest/response_length:2048 - timing_s/agent_loop/slowest/num_preempted:-1 - timing_s/gen:10.832722750026733 - timing_s/fc_opd:9.574334232136607 - timing_s/reward:1.8878839910030365e-05 - timing_s/old_log_prob:6.274976462125778 - timing_s/adv:0.0016009802930057049 - timing_s/update_actor:25.07167698116973 - timing_s/update_weights:5.389261166099459 - timing_s/dump_rollout_generations:0.04913756903260946 - timing_s/step:57.21931469719857 - timing_s/stop_profile:4.110066220164299e-05 - timing_per_token_ms/update_actor:0.8795536565925182 - timing_per_token_ms/gen:0.5250192773724971 - timing_per_token_ms/adv:5.6164893632896156e-05 - perf/total_num_tokens:28505 - perf/time_per_step:57.21931469719857 - perf/throughput:83.02849061500437[36m(TaskRunner pid=1148945)[0m Training Progress:   1%|          | 14/1751 [15:49<31:35:43, 65.48s/it]
[36m(TaskRunner pid=1148945)[0m WARNING:2026-07-08 06:20:23,627:9df7f4b3-02a1-4c44-90b1-c1148915852e/full: padding teacher scores (1900 → 2048 tokens).  Positions beyond teacher length get zero quality weight.
[36m(TaskRunner pid=1148945)[0m WARNING:2026-07-08 06:20:23,628:9df7f4b3-02a1-4c44-90b1-c1148915852e/degraded: padding teacher scores (1900 → 2048 tokens).  Positions beyond teacher length get zero quality weight.
[36m(TaskRunner pid=1148945)[0m WARNING:2026-07-08 06:20:23,629:9df7f4b3-02a1-4c44-90b1-c1148915852e/full: trimming teacher scores (1900 → 144 tokens).  This is expected to be rare (<1% of steps).
[36m(TaskRunner pid=1148945)[0m WARNING:2026-07-08 06:20:23,629:9df7f4b3-02a1-4c44-90b1-c1148915852e/degraded: trimming teacher scores (1900 → 144 tokens).  This is expected to be rare (<1% of steps).
[36m(TaskRunner pid=1148945)[0m WARNING:2026-07-08 06:20:23,630:9df7f4b3-02a1-4c44-90b1-c1148915852e/full: padding teacher scores (1900 → 2048 tokens).  Positions beyond teacher length get zero quality weight.
[36m(TaskRunner pid=1148945)[0m WARNING:2026-07-08 06:20:23,631:9df7f4b3-02a1-4c44-90b1-c1148915852e/degraded: padding teacher scores (1900 → 2048 tokens).  Positions beyond teacher length get zero quality weight.
[36m(TaskRunner pid=1148945)[0m WARNING:2026-07-08 06:20:23,632:9df7f4b3-02a1-4c44-90b1-c1148915852e/full: trimming teacher scores (1900 → 848 tokens).  This is expected to be rare (<1% of steps).
[36m(TaskRunner pid=1148945)[0m WARNING:2026-07-08 06:20:23,632:9df7f4b3-02a1-4c44-90b1-c1148915852e/degraded: trimming teacher scores (1900 → 848 tokens).  This is expected to be rare (<1% of steps).
[36m(TaskRunner pid=1148945)[0m WARNING:2026-07-08 06:20:23,633:9df7f4b3-02a1-4c44-90b1-c1148915852e/full: padding teacher scores (1900 → 2048 tokens).  Positions beyond teacher length get zero quality weight.
[36m(TaskRunner pid=1148945)[0m WARNING:2026-07-08 06:20:23,634:9df7f4b3-02a1-4c44-90b1-c1148915852e/degraded: padding teacher scores (1900 → 2048 tokens).  Positions beyond teacher length get zero quality weight.
[36m(TaskRunner pid=1148945)[0m WARNING:2026-07-08 06:20:23,635:9df7f4b3-02a1-4c44-90b1-c1148915852e/full: padding teacher scores (1900 → 2048 tokens).  Positions beyond teacher length get zero quality weight.
[36m(TaskRunner pid=1148945)[0m WARNING:2026-07-08 06:20:23,635:9df7f4b3-02a1-4c44-90b1-c1148915852e/degraded: padding teacher scores (1900 → 2048 tokens).  Positions beyond teacher length get zero quality weight.
[36m(TaskRunner pid=1148945)[0m WARNING:2026-07-08 06:20:23,636:9df7f4b3-02a1-4c44-90b1-c1148915852e/full: trimming teacher scores (1900 → 85 tokens).  This is expected to be rare (<1% of steps).
[36m(TaskRunner pid=1148945)[0m WARNING:2026-07-08 06:20:23,637:9df7f4b3-02a1-4c44-90b1-c1148915852e/degraded: trimming teacher scores (1900 → 85 tokens).  This is expected to be rare (<1% of steps).
[36m(TaskRunner pid=1148945)[0m WARNING:2026-07-08 06:20:23,638:e0d50fca-e2f4-4d4e-b643-9fa02b8da66d/full: trimming teacher scores (2048 → 16 tokens).  This is expected to be rare (<1% of steps).
[36m(TaskRunner pid=1148945)[0m WARNING:2026-07-08 06:20:23,638:e0d50fca-e2f4-4d4e-b643-9fa02b8da66d/degraded: trimming teacher scores (2048 → 16 tokens).  This is expected to be rare (<1% of steps).
[36m(TaskRunner pid=1148945)[0m WARNING:2026-07-08 06:20:23,639:e0d50fca-e2f4-4d4e-b643-9fa02b8da66d/full: trimming teacher scores (2048 → 332 tokens).  This is expected to be rare (<1% of steps).
[36m(TaskRunner pid=1148945)[0m WARNING:2026-07-08 06:20:23,639:e0d50fca-e2f4-4d4e-b643-9fa02b8da66d/degraded: trimming teacher scores (2048 → 332 tokens).  This is expected to be rare (<1% of steps).
[36m(TaskRunner pid=1148945)[0m WARNING:2026-07-08 06:20:23,640:e0d50fca-e2f4-4d4e-b643-9fa02b8da66d/full: trimming teacher scores (2048 → 214 tokens).  This is expected to be rare (<1% of steps).
[36m(TaskRunner pid=1148945)[0m WARNING:2026-07-08 06:20:23,640:e0d50fca-e2f4-4d4e-b643-9fa02b8da66d/degraded: trimming teacher scores (2048 → 214 tokens).  This is expected to be rare (<1% of steps).
[36m(TaskRunner pid=1148945)[0m WARNING:2026-07-08 06:20:23,641:e0d50fca-e2f4-4d4e-b643-9fa02b8da66d/full: trimming teacher scores (2048 → 431 tokens).  This is expected to be rare (<1% of steps).
[36m(TaskRunner pid=1148945)[0m WARNING:2026-07-08 06:20:23,641:e0d50fca-e2f4-4d4e-b643-9fa02b8da66d/degraded: trimming teacher scores (2048 → 431 tokens).  This is expected to be rare (<1% of steps).
[36m(TaskRunner pid=1148945)[0m WARNING:2026-07-08 06:20:23,642:e0d50fca-e2f4-4d4e-b643-9fa02b8da66d/full: trimming teacher scores (2048 → 569 tokens).  This is expected to be rare (<1% of steps).
[36m(TaskRunner pid=1148945)[0m WARNING:2026-07-08 06:20:23,643:e0d50fca-e2f4-4d4e-b643-9fa02b8da66d/degraded: trimming teacher scores (2048 → 569 tokens).  This is expected to be rare (<1% of steps).
[36m(TaskRunner pid=1148945)[0m WARNING:2026-07-08 06:20:23,643:e0d50fca-e2f4-4d4e-b643-9fa02b8da66d/full: trimming teacher scores (2048 → 1727 tokens).  This is expected to be rare (<1% of steps).
[36m(TaskRunner pid=1148945)[0m WARNING:2026-07-08 06:20:23,644:e0d50fca-e2f4-4d4e-b643-9fa02b8da66d/degraded: trimming teacher scores (2048 → 1727 tokens).  This is expected to be rare (<1% of steps).
[36m(TaskRunner pid=1148945)[0m WARNING:2026-07-08 06:20:23,647:259e4f65-6aae-4314-b364-83a0fd3fb8d0/full: trimming teacher scores (2048 → 986 tokens).  This is expected to be rare (<1% of steps).
[36m(TaskRunner pid=1148945)[0m WARNING:2026-07-08 06:20:23,648:259e4f65-6aae-4314-b364-83a0fd3fb8d0/degraded: trimming teacher scores (2048 → 986 tokens).  This is expected to be rare (<1% of steps).
[36m(TaskRunner pid=1148945)[0m WARNING:2026-07-08 06:20:23,648:259e4f65-6aae-4314-b364-83a0fd3fb8d0/full: trimming teacher scores (2048 → 1571 tokens).  This is expected to be rare (<1% of steps).
[36m(TaskRunner pid=1148945)[0m WARNING:2026-07-08 06:20:23,649:259e4f65-6aae-4314-b364-83a0fd3fb8d0/degraded: trimming teacher scores (2048 → 1571 tokens).  This is expected to be rare (<1% of steps).
[36m(TaskRunner pid=1148945)[0m WARNING:2026-07-08 06:20:23,649:259e4f65-6aae-4314-b364-83a0fd3fb8d0/full: trimming teacher scores (2048 → 1783 tokens).  This is expected to be rare (<1% of steps).
[36m(TaskRunner pid=1148945)[0m WARNING:2026-07-08 06:20:23,650:259e4f65-6aae-4314-b364-83a0fd3fb8d0/degraded: trimming teacher scores (2048 → 1783 tokens).  This is expected to be rare (<1% of steps).
[36m(TaskRunner pid=1148945)[0m WARNING:2026-07-08 06:20:23,650:259e4f65-6aae-4314-b364-83a0fd3fb8d0/full: trimming teacher scores (2048 → 551 tokens).  This is expected to be rare (<1% of steps).
[36m(TaskRunner pid=1148945)[0m WARNING:2026-07-08 06:20:23,650:259e4f65-6aae-4314-b364-83a0fd3fb8d0/degraded: trimming teacher scores (2048 → 551 tokens).  This is expected to be rare (<1% of steps).
[36m(TaskRunner pid=1148945)[0m WARNING:2026-07-08 06:20:23,651:897b1b40-4174-415f-85af-3ab3f3adf6e0/full: trimming teacher scores (208 → 196 tokens).  This is expected to be rare (<1% of steps).
[36m(TaskRunner pid=1148945)[0m WARNING:2026-07-08 06:20:23,651:897b1b40-4174-415f-85af-3ab3f3adf6e0/degraded: trimming teacher scores (208 → 196 tokens).  This is expected to be rare (<1% of steps).
[36m(TaskRunner pid=1148945)[0m WARNING:2026-07-08 06:20:23,652:897b1b40-4174-415f-85af-3ab3f3adf6e0/full: padding teacher scores (208 → 1764 tokens).  Positions beyond teacher length get zero quality weight.
[36m(TaskRunner pid=1148945)[0m WARNING:2026-07-08 06:20:23,652:897b1b40-4174-415f-85af-3ab3f3adf6e0/degraded: padding teacher scores (208 → 1764 tokens).  Positions beyond teacher length get zero quality weight.
[36m(TaskRunner pid=1148945)[0m WARNING:2026-07-08 06:20:23,653:897b1b40-4174-415f-85af-3ab3f3adf6e0/full: padding teacher scores (208 → 2048 tokens).  Positions beyond teacher length get zero quality weight.
[36m(TaskRunner pid=1148945)[0m WARNING:2026-07-08 06:20:23,654:897b1b40-4174-415f-85af-3ab3f3adf6e0/degraded: padding teacher scores (208 → 2048 tokens).  Positions beyond teacher length get zero quality weight.
[36m(TaskRunner pid=1148945)[0m WARNING:2026-07-08 06:20:23,655:897b1b40-4174-415f-85af-3ab3f3adf6e0/full: trimming teacher scores (208 → 169 tokens).  This is expected to be rare (<1% of steps).
[36m(TaskRunner pid=1148945)[0m WARNING:2026-07-08 06:20:23,655:897b1b40-4174-415f-85af-3ab3f3adf6e0/degraded: trimming teacher scores (208 → 169 tokens).  This is expected to be rare (<1% of steps).
[36m(TaskRunner pid=1148945)[0m WARNING:2026-07-08 06:20:23,656:897b1b40-4174-415f-85af-3ab3f3adf6e0/full: padding teacher scores (208 → 1502 tokens).  Positions beyond teacher length get zero quality weight.
[36m(TaskRunner pid=1148945)[0m WARNING:2026-07-08 06:20:23,656:897b1b40-4174-415f-85af-3ab3f3adf6e0/degraded: padding teacher scores (208 → 1502 tokens).  Positions beyond teacher length get zero quality weight.
[36m(TaskRunner pid=1148945)[0m WARNING:2026-07-08 06:20:23,657:897b1b40-4174-415f-85af-3ab3f3adf6e0/full: padding teacher scores (208 → 1054 tokens).  Positions beyond teacher length get zero quality weight.
[36m(TaskRunner pid=1148945)[0m WARNING:2026-07-08 06:20:23,657:897b1b40-4174-415f-85af-3ab3f3adf6e0/degraded: padding teacher scores (208 → 1054 tokens).  Positions beyond teacher length get zero quality weight.
[36m(TaskRunner pid=1148945)[0m WARNING:2026-07-08 06:20:23,658:897b1b40-4174-415f-85af-3ab3f3adf6e0/full: padding teacher scores (208 → 218 tokens).  Positions beyond teacher length get zero quality weight.
[36m(TaskRunner pid=1148945)[0m WARNING:2026-07-08 06:20:23,658:897b1b40-4174-415f-85af-3ab3f3adf6e0/degraded: padding teacher scores (208 → 218 tokens).  Positions beyond teacher length get zero quality weight.
[36m(TaskRunner pid=1148945)[0m WARNING:2026-07-08 06:20:23,660:e392582d-fff4-4502-98fa-ece64e24847c/full: trimming teacher scores (1660 → 517 tokens).  This is expected to be rare (<1% of steps).
[36m(TaskRunner pid=1148945)[0m WARNING:2026-07-08 06:20:23,660:e392582d-fff4-4502-98fa-ece64e24847c/degraded: trimming teacher scores (1660 → 517 tokens).  This is expected to be rare (<1% of steps).
[36m(TaskRunner pid=1148945)[0m WARNING:2026-07-08 06:20:23,661:e392582d-fff4-4502-98fa-ece64e24847c/full: padding teacher scores (1660 → 2048 tokens).  Positions beyond teacher length get zero quality weight.
[36m(TaskRunner pid=1148945)[0m WARNING:2026-07-08 06:20:23,662:e392582d-fff4-4502-98fa-ece64e24847c/degraded: padding teacher scores (1660 → 2048 tokens).  Positions beyond teacher length get zero quality weight.
[36m(TaskRunner pid=1148945)[0m WARNING:2026-07-08 06:20:23,663:e392582d-fff4-4502-98fa-ece64e24847c/full: trimming teacher scores (1660 → 458 tokens).  This is expected to be rare (<1% of steps).
[36m(TaskRunner pid=1148945)[0m WARNING:2026-07-08 06:20:23,663:e392582d-fff4-4502-98fa-ece64e24847c/degraded: trimming teacher scores (1660 → 458 tokens).  This is expected to be rare (<1% of steps).
[36m(TaskRunner pid=1148945)[0m WARNING:2026-07-08 06:20:23,664:e392582d-fff4-4502-98fa-ece64e24847c/full: trimming teacher scores (1660 → 877 tokens).  This is expected to be rare (<1% of steps).
[36m(TaskRunner pid=1148945)[0m WARNING:2026-07-08 06:20:23,664:e392582d-fff4-4502-98fa-ece64e24847c/degraded: trimming teacher scores (1660 → 877 tokens).  This is expected to be rare (<1% of steps).
[36m(TaskRunner pid=1148945)[0m WARNING:2026-07-08 06:20:23,664:e392582d-fff4-4502-98fa-ece64e24847c/full: padding teacher scores (1660 → 2048 tokens).  Positions beyond teacher length get zero quality weight.
[36m(TaskRunner pid=1148945)[0m WARNING:2026-07-08 06:20:23,665:e392582d-fff4-4502-98fa-ece64e24847c/degraded: padding teacher scores (1660 → 2048 tokens).  Positions beyond teacher length get zero quality weight.
[36m(TaskRunner pid=1148945)[0m WARNING:2026-07-08 06:20:23,666:e392582d-fff4-4502-98fa-ece64e24847c/full: trimming teacher scores (1660 → 302 tokens).  This is expected to be rare (<1% of steps).
[36m(TaskRunner pid=1148945)[0m WARNING:2026-07-08 06:20:23,666:e392582d-fff4-4502-98fa-ece64e24847c/degraded: trimming teacher scores (1660 → 302 tokens).  This is expected to be rare (<1% of steps).
[36m(TaskRunner pid=1148945)[0m WARNING:2026-07-08 06:20:23,667:e392582d-fff4-4502-98fa-ece64e24847c/full: trimming teacher scores (1660 → 1609 tokens).  This is expected to be rare (<1% of steps).
[36m(TaskRunner pid=1148945)[0m WARNING:2026-07-08 06:20:23,667:e392582d-fff4-4502-98fa-ece64e24847c/degraded: trimming teacher scores (1660 → 1609 tokens).  This is expected to be rare (<1% of steps).
[36m(TaskRunner pid=1148945)[0m WARNING:2026-07-08 06:20:23,668:24bff74c-79d7-4c84-9f84-9cb655661820/full: padding teacher scores (58 → 75 tokens).  Positions beyond teacher length get zero quality weight.
[36m(TaskRunner pid=1148945)[0m WARNING:2026-07-08 06:20:23,668:24bff74c-79d7-4c84-9f84-9cb655661820/degraded: padding teacher scores (58 → 75 tokens).  Positions beyond teacher length get zero quality weight.
[36m(TaskRunner pid=1148945)[0m WARNING:2026-07-08 06:20:23,668:24bff74c-79d7-4c84-9f84-9cb655661820/full: padding teacher scores (58 → 170 tokens).  Positions beyond teacher length get zero quality weight.
[36m(TaskRunner pid=1148945)[0m WARNING:2026-07-08 06:20:23,668:24bff74c-79d7-4c84-9f84-9cb655661820/degraded: padding teacher scores (58 → 170 tokens).  Positions beyond teacher length get zero quality weight.
[36m(TaskRunner pid=1148945)[0m WARNING:2026-07-08 06:20:23,669:24bff74c-79d7-4c84-9f84-9cb655661820/full: padding teacher scores (58 → 98 tokens).  Positions beyond teacher length get zero quality weight.
[36m(TaskRunner pid=1148945)[0m WARNING:2026-07-08 06:20:23,669:24bff74c-79d7-4c84-9f84-9cb655661820/degraded: padding teacher scores (58 → 98 tokens).  Positions beyond teacher length get zero quality weight.
[36m(TaskRunner pid=1148945)[0m WARNING:2026-07-08 06:20:23,669:24bff74c-79d7-4c84-9f84-9cb655661820/full: padding teacher scores (58 → 77 tokens).  Positions beyond teacher length get zero quality weight.
[36m(TaskRunner pid=1148945)[0m WARNING:2026-07-08 06:20:23,669:24bff74c-79d7-4c84-9f84-9cb655661820/degraded: padding teacher scores (58 → 77 tokens).  Positions beyond teacher length get zero quality weight.
[36m(TaskRunner pid=1148945)[0m WARNING:2026-07-08 06:20:23,669:24bff74c-79d7-4c84-9f84-9cb655661820/full: padding teacher scores (58 → 82 tokens).  Positions beyond teacher length get zero quality weight.
[36m(TaskRunner pid=1148945)[0m WARNING:2026-07-08 06:20:23,669:24bff74c-79d7-4c84-9f84-9cb655661820/degraded: padding teacher scores (58 → 82 tokens).  Positions beyond teacher length get zero quality weight.
[36m(TaskRunner pid=1148945)[0m WARNING:2026-07-08 06:20:23,670:24bff74c-79d7-4c84-9f84-9cb655661820/full: padding teacher scores (58 → 97 tokens).  Positions beyond teacher length get zero quality weight.
[36m(TaskRunner pid=1148945)[0m WARNING:2026-07-08 06:20:23,670:24bff74c-79d7-4c84-9f84-9cb655661820/degraded: padding teacher scores (58 → 97 tokens).  Positions beyond teacher length get zero quality weight.
[36m(TaskRunner pid=1148945)[0m WARNING:2026-07-08 06:20:23,670:24bff74c-79d7-4c84-9f84-9cb655661820/full: padding teacher scores (58 → 79 tokens).  Positions beyond teacher length get zero quality weight.
[36m(TaskRunner pid=1148945)[0m WARNING:2026-07-08 06:20:23,670:24bff74c-79d7-4c84-9f84-9cb655661820/degraded: padding teacher scores (58 → 79 tokens).  Positions beyond teacher length get zero quality weight.
[36m(TaskRunner pid=1148945)[0m WARNING:2026-07-08 06:20:23,781:========================================================================
[36m(TaskRunner pid=1148945)[0m WARNING:2026-07-08 06:20:23,781:  VA-OPD Pipeline Verification (arXiv 2605.21924 §3.2-3.3)
[36m(TaskRunner pid=1148945)[0m WARNING:2026-07-08 06:20:23,782:========================================================================
[36m(TaskRunner pid=1148945)[0m WARNING:2026-07-08 06:20:23,782:  C          = 2  conditions: ['full', 'degraded']
[36m(TaskRunner pid=1148945)[0m WARNING:2026-07-08 06:20:23,782:  loss_mode  = va_opd
[36m(TaskRunner pid=1148945)[0m WARNING:2026-07-08 06:20:23,782:  batch      = [B=48, T=2048]
[36m(TaskRunner pid=1148945)[0m WARNING:2026-07-08 06:20:23,782:  top_k      = 32
[36m(TaskRunner pid=1148945)[0m WARNING:2026-07-08 06:20:23,782:  exact_lp   = torch.Size([48, 2, 2048])  (None=tail-fallback)
[36m(TaskRunner pid=1148945)[0m WARNING:2026-07-08 06:20:23,782:  Student    = raw image + canonical question  (choices allowed, no XML)
[36m(TaskRunner pid=1148945)[0m WARNING:2026-07-08 06:20:23,782:  Teacher    = raw image + same canonical question  (no format bias)
[36m(TaskRunner pid=1148945)[0m WARNING:2026-07-08 06:20:23,782:  KL         = reverse (mode-seeking) KL(P_S || P_T)
[36m(TaskRunner pid=1148945)[0m WARNING:2026-07-08 06:20:23,782:  Formula §3.2: w^(k) = softmax(z_score(ā^(k)) / τ), sums to 1 per prompt
[36m(TaskRunner pid=1148945)[0m WARNING:2026-07-08 06:20:23,782:  Formula §3.3: L_group = 0.5·mean(KL_rev,HighVA) + 0.5·mean(KL_rev,LowVA)
[36m(TaskRunner pid=1148945)[0m WARNING:2026-07-08 06:20:23,782:  Total (formula 7): L = Σ_k w^(k)·L_group^(k)   (pure distillation, no GRPO)
[36m(TaskRunner pid=1148945)[0m WARNING:2026-07-08 06:20:23,782:========================================================================
[36m(TaskRunner pid=1148945)[0m ========================================================================
[36m(TaskRunner pid=1148945)[0m   VA-OPD Pipeline Verification (arXiv 2605.21924 §3.2-3.3)
[36m(TaskRunner pid=1148945)[0m ========================================================================
[36m(TaskRunner pid=1148945)[0m   C          = 2  conditions: ['full', 'degraded']
[36m(TaskRunner pid=1148945)[0m   loss_mode  = va_opd
[36m(TaskRunner pid=1148945)[0m   batch      = [B=48, T=2048]
[36m(TaskRunner pid=1148945)[0m   top_k      = 32
[36m(TaskRunner pid=1148945)[0m   exact_lp   = torch.Size([48, 2, 2048])  (None=tail-fallback)
[36m(TaskRunner pid=1148945)[0m   Student    = raw image + canonical question  (choices allowed, no XML)
[36m(TaskRunner pid=1148945)[0m   Teacher    = raw image + same canonical question  (no format bias)
[36m(TaskRunner pid=1148945)[0m   KL         = reverse (mode-seeking) KL(P_S || P_T)
[36m(TaskRunner pid=1148945)[0m   Formula §3.2: w^(k) = softmax(z_score(ā^(k)) / τ), sums to 1 per prompt
[36m(TaskRunner pid=1148945)[0m   Formula §3.3: L_group = 0.5·mean(KL_rev,HighVA) + 0.5·mean(KL_rev,LowVA)
[36m(TaskRunner pid=1148945)[0m   Total (formula 7): L = Σ_k w^(k)·L_group^(k)   (pure distillation, no GRPO)
[36m(TaskRunner pid=1148945)[0m ========================================================================
[36m(WorkerDict pid=1246292)[0m INFO:2026-07-08 06:21:00,548:update_weights done, time cost: 1.07s
[36m(TaskRunner pid=1148945)[0m Training Progress:   1%|          | 15/1751 [16:54<31:23:27, 65.10s/it]
[36m(TaskRunner pid=1148945)[0m WARNING:2026-07-08 06:21:23,560:14e176c2-a690-47f4-8cca-2ea3db2b59a4/full: trimming teacher scores (2048 → 93 tokens).  This is expected to be rare (<1% of steps).
[36m(TaskRunner pid=1148945)[0m WARNING:2026-07-08 06:21:23,561:14e176c2-a690-47f4-8cca-2ea3db2b59a4/degraded: trimming teacher scores (2048 → 93 tokens).  This is expected to be rare (<1% of steps).
[36m(TaskRunner pid=1148945)[0m WARNING:2026-07-08 06:21:23,563:14e176c2-a690-47f4-8cca-2ea3db2b59a4/full: trimming teacher scores (2048 → 1501 tokens).  This is expected to be rare (<1% of steps).
[36m(TaskRunner pid=1148945)[0m WARNING:2026-07-08 06:21:23,563:14e176c2-a690-47f4-8cca-2ea3db2b59a4/degraded: trimming teacher scores (2048 → 1501 tokens).  This is expected to be rare (<1% of steps).
[36m(TaskRunner pid=1148945)[0m WARNING:2026-07-08 06:21:23,564:14e176c2-a690-47f4-8cca-2ea3db2b59a4/full: trimming teacher scores (2048 → 91 tokens).  This is expected to be rare (<1% of steps).
[36m(TaskRunner pid=1148945)[0m WARNING:2026-07-08 06:21:23,564:14e176c2-a690-47f4-8cca-2ea3db2b59a4/degraded: trimming teacher scores (2048 → 91 tokens).  This is expected to be rare (<1% of steps).
[36m(TaskRunner pid=1148945)[0m WARNING:2026-07-08 06:21:23,567:8c16b5f7-7cc3-48e0-a612-b7b1ed22d880/full: trimming teacher scores (468 → 38 tokens).  This is expected to be rare (<1% of steps).
[36m(TaskRunner pid=1148945)[0m WARNING:2026-07-08 06:21:23,567:8c16b5f7-7cc3-48e0-a612-b7b1ed22d880/degraded: trimming teacher scores (468 → 38 tokens).  This is expected to be rare (<1% of steps).
[36m(TaskRunner pid=1148945)[0m WARNING:2026-07-08 06:21:23,567:8c16b5f7-7cc3-48e0-a612-b7b1ed22d880/full: trimming teacher scores (468 → 75 tokens).  This is expected to be rare (<1% of steps).
[36m(TaskRunner pid=1148945)[0m WARNING:2026-07-08 06:21:23,567:8c16b5f7-7cc3-48e0-a612-b7b1ed22d880/degraded: trimming teacher scores (468 → 75 tokens).  This is expected to be rare (<1% of steps).
[36m(TaskRunner pid=1148945)[0m WARNING:2026-07-08 06:21:23,568:8c16b5f7-7cc3-48e0-a612-b7b1ed22d880/full: padding teacher scores (468 → 960 tokens).  Positions beyond teacher length get zero quality weight.
[36m(TaskRunner pid=1148945)[0m WARNING:2026-07-08 06:21:23,568:8c16b5f7-7cc3-48e0-a612-b7b1ed22d880/degraded: padding teacher scores (468 → 960 tokens).  Positions beyond teacher length get zero quality weight.
[36m(TaskRunner pid=1148945)[0m WARNING:2026-07-08 06:21:23,569:8c16b5f7-7cc3-48e0-a612-b7b1ed22d880/full: padding teacher scores (468 → 663 tokens).  Positions beyond teacher length get zero quality weight.
[36m(TaskRunner pid=1148945)[0m WARNING:2026-07-08 06:21:23,569:8c16b5f7-7cc3-48e0-a612-b7b1ed22d880/degraded: padding teacher scores (468 → 663 tokens).  Positions beyond teacher length get zero quality weight.
[36m(TaskRunner pid=1148945)[0m WARNING:2026-07-08 06:21:23,569:8c16b5f7-7cc3-48e0-a612-b7b1ed22d880/full: trimming teacher scores (468 → 293 tokens).  This is expected to be rare (<1% of steps).
[36m(TaskRunner pid=1148945)[0m WARNING:2026-07-08 06:21:23,569:8c16b5f7-7cc3-48e0-a612-b7b1ed22d880/degraded: trimming teacher scores (468 → 293 tokens).  This is expected to be rare (<1% of steps).
[36m(TaskRunner pid=1148945)[0m WARNING:2026-07-08 06:21:23,570:8c16b5f7-7cc3-48e0-a612-b7b1ed22d880/full: padding teacher scores (468 → 845 tokens).  Positions beyond teacher length get zero quality weight.
[36m(TaskRunner pid=1148945)[0m WARNING:2026-07-08 06:21:23,570:8c16b5f7-7cc3-48e0-a612-b7b1ed22d880/degraded: padding teacher scores (468 → 845 tokens).  Positions beyond teacher length get zero quality weight.
[36m(TaskRunner pid=1148945)[0m WARNING:2026-07-08 06:21:23,571:8c16b5f7-7cc3-48e0-a612-b7b1ed22d880/full: padding teacher scores (468 → 2048 tokens).  Positions beyond teacher length get zero quality weight.
[36m(TaskRunner pid=1148945)[0m WARNING:2026-07-08 06:21:23,572:8c16b5f7-7cc3-48e0-a612-b7b1ed22d880/degraded: padding teacher scores (468 → 2048 tokens).  Positions beyond teacher length get zero quality weight.
[36m(TaskRunner pid=1148945)[0m WARNING:2026-07-08 06:21:23,573:535fbe43-07d7-42f6-b68f-4e02a8672e08/full: trimming teacher scores (106 → 47 tokens).  This is expected to be rare (<1% of steps).
[36m(TaskRunner pid=1148945)[0m WARNING:2026-07-08 06:21:23,573:535fbe43-07d7-42f6-b68f-4e02a8672e08/degraded: trimming teacher scores (106 → 47 tokens).  This is expected to be rare (<1% of steps).
[36m(TaskRunner pid=1148945)[0m WARNING:2026-07-08 06:21:23,573:535fbe43-07d7-42f6-b68f-4e02a8672e08/full: trimming teacher scores (106 → 70 tokens).  This is expected to be rare (<1% of steps).
[36m(TaskRunner pid=1148945)[0m WARNING:2026-07-08 06:21:23,573:535fbe43-07d7-42f6-b68f-4e02a8672e08/degraded: trimming teacher scores (106 → 70 tokens).  This is expected to be rare (<1% of steps).
[36m(TaskRunner pid=1148945)[0m WARNING:2026-07-08 06:21:23,573:535fbe43-07d7-42f6-b68f-4e02a8672e08/full: padding teacher scores (106 → 154 tokens).  Positions beyond teacher length get zero quality weight.
[36m(TaskRunner pid=1148945)[0m WARNING:2026-07-08 06:21:23,574:535fbe43-07d7-42f6-b68f-4e02a8672e08/degraded: padding teacher scores (106 → 154 tokens).  Positions beyond teacher length get zero quality weight.
[36m(TaskRunner pid=1148945)[0m WARNING:2026-07-08 06:21:23,574:535fbe43-07d7-42f6-b68f-4e02a8672e08/full: trimming teacher scores (106 → 101 tokens).  This is expected to be rare (<1% of steps).
[36m(TaskRunner pid=1148945)[0m WARNING:2026-07-08 06:21:23,574:535fbe43-07d7-42f6-b68f-4e02a8672e08/degraded: trimming teacher scores (106 → 101 tokens).  This is expected to be rare (<1% of steps).
[36m(TaskRunner pid=1148945)[0m WARNING:2026-07-08 06:21:23,574:535fbe43-07d7-42f6-b68f-4e02a8672e08/full: trimming teacher scores (106 → 43 tokens).  This is expected to be rare (<1% of steps).
[36m(TaskRunner pid=1148945)[0m WARNING:2026-07-08 06:21:23,574:535fbe43-07d7-42f6-b68f-4e02a8672e08/degraded: trimming teacher scores (106 → 43 tokens).  This is expected to be rare (<1% of steps).
[36m(TaskRunner pid=1148945)[0m WARNING:2026-07-08 06:21:23,575:535fbe43-07d7-42f6-b68f-4e02a8672e08/full: padding teacher scores (106 → 444 tokens).  Positions beyond teacher length get zero quality weight.
[36m(TaskRunner pid=1148945)[0m WARNING:2026-07-08 06:21:23,575:535fbe43-07d7-42f6-b68f-4e02a8672e08/degraded: padding teacher scores (106 → 444 tokens).  Positions beyond teacher length get zero quality weight.
[36m(TaskRunner pid=1148945)[0m WARNING:2026-07-08 06:21:23,575:535fbe43-07d7-42f6-b68f-4e02a8672e08/full: padding teacher scores (106 → 121 tokens).  Positions beyond teacher length get zero quality weight.
[36m(TaskRunner pid=1148945)[0m WARNING:2026-07-08 06:21:23,575:535fbe43-07d7-42f6-b68f-4e02a8672e08/degraded: padding teacher scores (106 → 121 tokens).  Positions beyond teacher length get zero quality weight.
[36m(TaskRunner pid=1148945)[0m WARNING:2026-07-08 06:21:23,576:34ca22e7-1413-4a3f-add5-74700fa960ab/full: padding teacher scores (27 → 80 tokens).  Positions beyond teacher length get zero quality weight.
[36m(TaskRunner pid=1148945)[0m WARNING:2026-07-08 06:21:23,576:34ca22e7-1413-4a3f-add5-74700fa960ab/degraded: padding teacher scores (27 → 80 tokens).  Positions beyond teacher length get zero quality weight.
[36m(TaskRunner pid=1148945)[0m WARNING:2026-07-08 06:21:23,576:34ca22e7-1413-4a3f-add5-74700fa960ab/full: padding teacher scores (27 → 157 tokens).  Positions beyond teacher length get zero quality weight.
[36m(TaskRunner pid=1148945)[0m WARNING:2026-07-08 06:21:23,576:34ca22e7-1413-4a3f-add5-74700fa960ab/degraded: padding teacher scores (27 → 157 tokens).  Positions beyond teacher length get zero quality weight.
[36m(TaskRunner pid=1148945)[0m WARNING:2026-07-08 06:21:23,577:34ca22e7-1413-4a3f-add5-74700fa960ab/full: padding teacher scores (27 → 2048 tokens).  Positions beyond teacher length get zero quality weight.
[36m(TaskRunner pid=1148945)[0m WARNING:2026-07-08 06:21:23,578:34ca22e7-1413-4a3f-add5-74700fa960ab/degraded: padding teacher scores (27 → 2048 tokens).  Positions beyond teacher length get zero quality weight.
[36m(TaskRunner pid=1148945)[0m WARNING:2026-07-08 06:21:23,578:34ca22e7-1413-4a3f-add5-74700fa960ab/full: padding teacher scores (27 → 1956 tokens).  Positions beyond teacher length get zero quality weight.
[36m(TaskRunner pid=1148945)[0m WARNING:2026-07-08 06:21:23,579:34ca22e7-1413-4a3f-add5-74700fa960ab/degraded: padding teacher scores (27 → 1956 tokens).  Positions beyond teacher length get zero quality weight.
[36m(TaskRunner pid=1148945)[0m WARNING:2026-07-08 06:21:23,580:34ca22e7-1413-4a3f-add5-74700fa960ab/full: padding teacher scores (27 → 111 tokens).  Positions beyond teacher length get zero quality weight.
[36m(TaskRunner pid=1148945)[0m WARNING:2026-07-08 06:21:23,580:34ca22e7-1413-4a3f-add5-74700fa960ab/degraded: padding teacher scores (27 → 111 tokens).  Positions beyond teacher length get zero quality weight.
[36m(TaskRunner pid=1148945)[0m WARNING:2026-07-08 06:21:23,580:34ca22e7-1413-4a3f-add5-74700fa960ab/full: padding teacher scores (27 → 122 tokens).  Positions beyond teacher length get zero quality weight.
[36m(TaskRunner pid=1148945)[0m WARNING:2026-07-08 06:21:23,580:34ca22e7-1413-4a3f-add5-74700fa960ab/degraded: padding teacher scores (27 → 122 tokens).  Positions beyond teacher length get zero quality weight.
[36m(TaskRunner pid=1148945)[0m WARNING:2026-07-08 06:21:23,581:34ca22e7-1413-4a3f-add5-74700fa960ab/full: padding teacher scores (27 → 2048 tokens).  Positions beyond teacher length get zero quality weight.
[36m(TaskRunner pid=1148945)[0m WARNING:2026-07-08 06:21:23,581:34ca22e7-1413-4a3f-add5-74700fa960ab/degraded: padding teacher scores (27 → 2048 tokens).  Positions beyond teacher length get zero quality weight.
[36m(TaskRunner pid=1148945)[0m WARNING:2026-07-08 06:21:23,582:7092f294-ae1c-4f04-af0d-2b29791c3a4b/full: padding teacher scores (82 → 1228 tokens).  Positions beyond teacher length get zero quality weight.
[36m(TaskRunner pid=1148945)[0m WARNING:2026-07-08 06:21:23,583:7092f294-ae1c-4f04-af0d-2b29791c3a4b/degraded: padding teacher scores (82 → 1228 tokens).  Positions beyond teacher length get zero quality weight.
[36m(TaskRunner pid=1148945)[0m WARNING:2026-07-08 06:21:23,583:7092f294-ae1c-4f04-af0d-2b29791c3a4b/full: trimming teacher scores (82 → 73 tokens).  This is expected to be rare (<1% of steps).
[36m(TaskRunner pid=1148945)[0m WARNING:2026-07-08 06:21:23,583:7092f294-ae1c-4f04-af0d-2b29791c3a4b/degraded: trimming teacher scores (82 → 73 tokens).  This is expected to be rare (<1% of steps).
[36m(TaskRunner pid=1148945)[0m WARNING:2026-07-08 06:21:23,584:7092f294-ae1c-4f04-af0d-2b29791c3a4b/full: padding teacher scores (82 → 214 tokens).  Positions beyond teacher length get zero quality weight.
[36m(TaskRunner pid=1148945)[0m WARNING:2026-07-08 06:21:23,584:7092f294-ae1c-4f04-af0d-2b29791c3a4b/degraded: padding teacher scores (82 → 214 tokens).  Positions beyond teacher length get zero quality weight.
[36m(TaskRunner pid=1148945)[0m WARNING:2026-07-08 06:21:23,584:7092f294-ae1c-4f04-af0d-2b29791c3a4b/full: trimming teacher scores (82 → 73 tokens).  This is expected to be rare (<1% of steps).
[36m(TaskRunner pid=1148945)[0m WARNING:2026-07-08 06:21:23,584:7092f294-ae1c-4f04-af0d-2b29791c3a4b/degraded: trimming teacher scores (82 → 73 tokens).  This is expected to be rare (<1% of steps).
[36m(TaskRunner pid=1148945)[0m WARNING:2026-07-08 06:21:23,584:7092f294-ae1c-4f04-af0d-2b29791c3a4b/full: trimming teacher scores (82 → 63 tokens).  This is expected to be rare (<1% of steps).
[36m(TaskRunner pid=1148945)[0m WARNING:2026-07-08 06:21:23,585:7092f294-ae1c-4f04-af0d-2b29791c3a4b/degraded: trimming teacher scores (82 → 63 tokens).  This is expected to be rare (<1% of steps).
[36m(TaskRunner pid=1148945)[0m WARNING:2026-07-08 06:21:23,585:7092f294-ae1c-4f04-af0d-2b29791c3a4b/full: padding teacher scores (82 → 89 tokens).  Positions beyond teacher length get zero quality weight.
[36m(TaskRunner pid=1148945)[0m WARNING:2026-07-08 06:21:23,585:7092f294-ae1c-4f04-af0d-2b29791c3a4b/degraded: padding teacher scores (82 → 89 tokens).  Positions beyond teacher length get zero quality weight.
[36m(TaskRunner pid=1148945)[0m WARNING:2026-07-08 06:21:23,585:7092f294-ae1c-4f04-af0d-2b29791c3a4b/full: padding teacher scores (82 → 324 tokens).  Positions beyond teacher length get zero quality weight.
[36m(TaskRunner pid=1148945)[0m WARNING:2026-07-08 06:21:23,585:7092f294-ae1c-4f04-af0d-2b29791c3a4b/degraded: padding teacher scores (82 → 324 tokens).  Positions beyond teacher length get zero quality weight.
[36m(TaskRunner pid=1148945)[0m WARNING:2026-07-08 06:21:23,586:ccd406d6-b723-4215-a52f-f739a9fe3b93/full: trimming teacher scores (245 → 70 tokens).  This is expected to be rare (<1% of steps).
[36m(TaskRunner pid=1148945)[0m WARNING:2026-07-08 06:21:23,586:ccd406d6-b723-4215-a52f-f739a9fe3b93/degraded: trimming teacher scores (245 → 70 tokens).  This is expected to be rare (<1% of steps).
[36m(TaskRunner pid=1148945)[0m WARNING:2026-07-08 06:21:23,587:ccd406d6-b723-4215-a52f-f739a9fe3b93/full: trimming teacher scores (245 → 205 tokens).  This is expected to be rare (<1% of steps).
[36m(TaskRunner pid=1148945)[0m WARNING:2026-07-08 06:21:23,587:ccd406d6-b723-4215-a52f-f739a9fe3b93/degraded: trimming teacher scores (245 → 205 tokens).  This is expected to be rare (<1% of steps).
[36m(TaskRunner pid=1148945)[0m WARNING:2026-07-08 06:21:23,587:ccd406d6-b723-4215-a52f-f739a9fe3b93/full: trimming teacher scores (245 → 11 tokens).  This is expected to be rare (<1% of steps).
[36m(TaskRunner pid=1148945)[0m WARNING:2026-07-08 06:21:23,587:ccd406d6-b723-4215-a52f-f739a9fe3b93/degraded: trimming teacher scores (245 → 11 tokens).  This is expected to be rare (<1% of steps).
[36m(TaskRunner pid=1148945)[0m WARNING:2026-07-08 06:21:23,587:ccd406d6-b723-4215-a52f-f739a9fe3b93/full: trimming teacher scores (245 → 87 tokens).  This is expected to be rare (<1% of steps).
[36m(TaskRunner pid=1148945)[0m WARNING:2026-07-08 06:21:23,587:ccd406d6-b723-4215-a52f-f739a9fe3b93/degraded: trimming teacher scores (245 → 87 tokens).  This is expected to be rare (<1% of steps).
[36m(TaskRunner pid=1148945)[0m WARNING:2026-07-08 06:21:23,588:ccd406d6-b723-4215-a52f-f739a9fe3b93/full: trimming teacher scores (245 → 37 tokens).  This is expected to be rare (<1% of steps).
[36m(TaskRunner pid=1148945)[0m WARNING:2026-07-08 06:21:23,588:ccd406d6-b723-4215-a52f-f739a9fe3b93/degraded: trimming teacher scores (245 → 37 tokens).  This is expected to be rare (<1% of steps).
[36m(TaskRunner pid=1148945)[0m WARNING:2026-07-08 06:21:23,588:ccd406d6-b723-4215-a52f-f739a9fe3b93/full: trimming teacher scores (245 → 132 tokens).  This is expected to be rare (<1% of steps).
[36m(TaskRunner pid=1148945)[0m WARNING:2026-07-08 06:21:23,588:ccd406d6-b723-4215-a52f-f739a9fe3b93/degraded: trimming teacher scores (245 → 132 tokens).  This is expected to be rare (<1% of steps).
[36m(TaskRunner pid=1148945)[0m WARNING:2026-07-08 06:21:23,588:ccd406d6-b723-4215-a52f-f739a9fe3b93/full: trimming teacher scores (245 → 69 tokens).  This is expected to be rare (<1% of steps).
[36m(TaskRunner pid=1148945)[0m WARNING:2026-07-08 06:21:23,589:ccd406d6-b723-4215-a52f-f739a9fe3b93/degraded: trimming teacher scores (245 → 69 tokens).  This is expected to be rare (<1% of steps).
[36m(TaskRunner pid=1148945)[0m WARNING:2026-07-08 06:21:23,694:========================================================================
[36m(TaskRunner pid=1148945)[0m WARNING:2026-07-08 06:21:23,694:  VA-OPD Pipeline Verification (arXiv 2605.21924 §3.2-3.3)
[36m(TaskRunner pid=1148945)[0m WARNING:2026-07-08 06:21:23,694:========================================================================
[36m(TaskRunner pid=1148945)[0m WARNING:2026-07-08 06:21:23,694:  C          = 2  conditions: ['full', 'degraded']
[36m(TaskRunner pid=1148945)[0m WARNING:2026-07-08 06:21:23,694:  loss_mode  = va_opd
[36m(TaskRunner pid=1148945)[0m WARNING:2026-07-08 06:21:23,694:  batch      = [B=48, T=2048]
[36m(TaskRunner pid=1148945)[0m WARNING:2026-07-08 06:21:23,694:  top_k      = 32
[36m(TaskRunner pid=1148945)[0m WARNING:2026-07-08 06:21:23,694:  exact_lp   = torch.Size([48, 2, 2048])  (None=tail-fallback)
[36m(TaskRunner pid=1148945)[0m WARNING:2026-07-08 06:21:23,694:  Student    = raw image + canonical question  (choices allowed, no XML)
[36m(TaskRunner pid=1148945)[0m WARNING:2026-07-08 06:21:23,694:  Teacher    = raw image + same canonical question  (no format bias)
[36m(TaskRunner pid=1148945)[0m WARNING:2026-07-08 06:21:23,694:  KL         = reverse (mode-seeking) KL(P_S || P_T)
[36m(TaskRunner pid=1148945)[0m WARNING:2026-07-08 06:21:23,694:  Formula §3.2: w^(k) = softmax(z_score(ā^(k)) / τ), sums to 1 per prompt
[36m(TaskRunner pid=1148945)[0m WARNING:2026-07-08 06:21:23,694:  Formula §3.3: L_group = 0.5·mean(KL_rev,HighVA) + 0.5·mean(KL_rev,LowVA)
[36m(TaskRunner pid=1148945)[0m WARNING:2026-07-08 06:21:23,694:  Total (formula 7): L = Σ_k w^(k)·L_group^(k)   (pure distillation, no GRPO)
[36m(TaskRunner pid=1148945)[0m WARNING:2026-07-08 06:21:23,694:========================================================================
[36m(TaskRunner pid=1148945)[0m ========================================================================
[36m(TaskRunner pid=1148945)[0m   VA-OPD Pipeline Verification (arXiv 2605.21924 §3.2-3.3)
[36m(TaskRunner pid=1148945)[0m ========================================================================
[36m(TaskRunner pid=1148945)[0m   C          = 2  conditions: ['full', 'degraded']
[36m(TaskRunner pid=1148945)[0m   loss_mode  = va_opd
[36m(TaskRunner pid=1148945)[0m   batch      = [B=48, T=2048]
[36m(TaskRunner pid=1148945)[0m   top_k      = 32
[36m(TaskRunner pid=1148945)[0m   exact_lp   = torch.Size([48, 2, 2048])  (None=tail-fallback)
[36m(TaskRunner pid=1148945)[0m   Student    = raw image + canonical question  (choices allowed, no XML)
[36m(TaskRunner pid=1148945)[0m   Teacher    = raw image + same canonical question  (no format bias)
[36m(TaskRunner pid=1148945)[0m   KL         = reverse (mode-seeking) KL(P_S || P_T)
[36m(TaskRunner pid=1148945)[0m   Formula §3.2: w^(k) = softmax(z_score(ā^(k)) / τ), sums to 1 per prompt
[36m(TaskRunner pid=1148945)[0m   Formula §3.3: L_group = 0.5·mean(KL_rev,HighVA) + 0.5·mean(KL_rev,LowVA)
[36m(TaskRunner pid=1148945)[0m   Total (formula 7): L = Σ_k w^(k)·L_group^(k)   (pure distillation, no GRPO)
[36m(TaskRunner pid=1148945)[0m ========================================================================
[36m(WorkerDict pid=1246292)[0m INFO:2026-07-08 06:22:00,878:update_weights done, time cost: 0.85s
[36m(TaskRunner pid=1148945)[0m Training Progress:   1%|          | 16/1751 [17:54<30:40:46, 63.66s/it]
[36m(TaskRunner pid=1148945)[0m WARNING:2026-07-08 06:22:17,975:92c2a465-0468-489d-9cb6-84fd10252654/full: trimming teacher scores (43 → 40 tokens).  This is expected to be rare (<1% of steps).
[36m(TaskRunner pid=1148945)[0m WARNING:2026-07-08 06:22:17,975:92c2a465-0468-489d-9cb6-84fd10252654/degraded: trimming teacher scores (43 → 40 tokens).  This is expected to be rare (<1% of steps).
[36m(TaskRunner pid=1148945)[0m WARNING:2026-07-08 06:22:17,975:92c2a465-0468-489d-9cb6-84fd10252654/full: padding teacher scores (43 → 55 tokens).  Positions beyond teacher length get zero quality weight.
[36m(TaskRunner pid=1148945)[0m WARNING:2026-07-08 06:22:17,975:92c2a465-0468-489d-9cb6-84fd10252654/degraded: padding teacher scores (43 → 55 tokens).  Positions beyond teacher length get zero quality weight.
[36m(TaskRunner pid=1148945)[0m WARNING:2026-07-08 06:22:17,976:92c2a465-0468-489d-9cb6-84fd10252654/full: trimming teacher scores (43 → 27 tokens).  This is expected to be rare (<1% of steps).
[36m(TaskRunner pid=1148945)[0m WARNING:2026-07-08 06:22:17,976:92c2a465-0468-489d-9cb6-84fd10252654/degraded: trimming teacher scores (43 → 27 tokens).  This is expected to be rare (<1% of steps).
[36m(TaskRunner pid=1148945)[0m WARNING:2026-07-08 06:22:17,976:92c2a465-0468-489d-9cb6-84fd10252654/full: trimming teacher scores (43 → 13 tokens).  This is expected to be rare (<1% of steps).
[36m(TaskRunner pid=1148945)[0m WARNING:2026-07-08 06:22:17,976:92c2a465-0468-489d-9cb6-84fd10252654/degraded: trimming teacher scores (43 → 13 tokens).  This is expected to be rare (<1% of steps).
[36m(TaskRunner pid=1148945)[0m WARNING:2026-07-08 06:22:17,976:92c2a465-0468-489d-9cb6-84fd10252654/full: padding teacher scores (43 → 48 tokens).  Positions beyond teacher length get zero quality weight.
[36m(TaskRunner pid=1148945)[0m WARNING:2026-07-08 06:22:17,977:92c2a465-0468-489d-9cb6-84fd10252654/degraded: padding teacher scores (43 → 48 tokens).  Positions beyond teacher length get zero quality weight.
[36m(TaskRunner pid=1148945)[0m WARNING:2026-07-08 06:22:17,977:92c2a465-0468-489d-9cb6-84fd10252654/full: padding teacher scores (43 → 54 tokens).  Positions beyond teacher length get zero quality weight.
[36m(TaskRunner pid=1148945)[0m WARNING:2026-07-08 06:22:17,977:92c2a465-0468-489d-9cb6-84fd10252654/degraded: padding teacher scores (43 → 54 tokens).  Positions beyond teacher length get zero quality weight.
[36m(TaskRunner pid=1148945)[0m WARNING:2026-07-08 06:22:17,977:92c2a465-0468-489d-9cb6-84fd10252654/full: trimming teacher scores (43 → 19 tokens).  This is expected to be rare (<1% of steps).
[36m(TaskRunner pid=1148945)[0m WARNING:2026-07-08 06:22:17,977:92c2a465-0468-489d-9cb6-84fd10252654/degraded: trimming teacher scores (43 → 19 tokens).  This is expected to be rare (<1% of steps).
[36m(TaskRunner pid=1148945)[0m WARNING:2026-07-08 06:22:17,978:9ae58cf6-ea1b-4827-b550-cae5f6ffd623/full: trimming teacher scores (205 → 174 tokens).  This is expected to be rare (<1% of steps).
[36m(TaskRunner pid=1148945)[0m WARNING:2026-07-08 06:22:17,978:9ae58cf6-ea1b-4827-b550-cae5f6ffd623/degraded: trimming teacher scores (205 → 174 tokens).  This is expected to be rare (<1% of steps).
[36m(TaskRunner pid=1148945)[0m WARNING:2026-07-08 06:22:17,978:9ae58cf6-ea1b-4827-b550-cae5f6ffd623/full: trimming teacher scores (205 → 196 tokens).  This is expected to be rare (<1% of steps).
[36m(TaskRunner pid=1148945)[0m WARNING:2026-07-08 06:22:17,978:9ae58cf6-ea1b-4827-b550-cae5f6ffd623/degraded: trimming teacher scores (205 → 196 tokens).  This is expected to be rare (<1% of steps).
[36m(TaskRunner pid=1148945)[0m WARNING:2026-07-08 06:22:17,979:9ae58cf6-ea1b-4827-b550-cae5f6ffd623/full: padding teacher scores (205 → 233 tokens).  Positions beyond teacher length get zero quality weight.
[36m(TaskRunner pid=1148945)[0m WARNING:2026-07-08 06:22:17,979:9ae58cf6-ea1b-4827-b550-cae5f6ffd623/degraded: padding teacher scores (205 → 233 tokens).  Positions beyond teacher length get zero quality weight.
[36m(TaskRunner pid=1148945)[0m WARNING:2026-07-08 06:22:17,979:9ae58cf6-ea1b-4827-b550-cae5f6ffd623/full: trimming teacher scores (205 → 104 tokens).  This is expected to be rare (<1% of steps).
[36m(TaskRunner pid=1148945)[0m WARNING:2026-07-08 06:22:17,979:9ae58cf6-ea1b-4827-b550-cae5f6ffd623/degraded: trimming teacher scores (205 → 104 tokens).  This is expected to be rare (<1% of steps).
[36m(TaskRunner pid=1148945)[0m WARNING:2026-07-08 06:22:17,980:9ae58cf6-ea1b-4827-b550-cae5f6ffd623/full: trimming teacher scores (205 → 163 tokens).  This is expected to be rare (<1% of steps).
[36m(TaskRunner pid=1148945)[0m WARNING:2026-07-08 06:22:17,980:9ae58cf6-ea1b-4827-b550-cae5f6ffd623/degraded: trimming teacher scores (205 → 163 tokens).  This is expected to be rare (<1% of steps).
[36m(TaskRunner pid=1148945)[0m WARNING:2026-07-08 06:22:17,980:9ae58cf6-ea1b-4827-b550-cae5f6ffd623/full: padding teacher scores (205 → 483 tokens).  Positions beyond teacher length get zero quality weight.
[36m(TaskRunner pid=1148945)[0m WARNING:2026-07-08 06:22:17,980:9ae58cf6-ea1b-4827-b550-cae5f6ffd623/degraded: padding teacher scores (205 → 483 tokens).  Positions beyond teacher length get zero quality weight.
[36m(TaskRunner pid=1148945)[0m WARNING:2026-07-08 06:22:17,980:9ae58cf6-ea1b-4827-b550-cae5f6ffd623/full: trimming teacher scores (205 → 131 tokens).  This is expected to be rare (<1% of steps).
[36m(TaskRunner pid=1148945)[0m WARNING:2026-07-08 06:22:17,981:9ae58cf6-ea1b-4827-b550-cae5f6ffd623/degraded: trimming teacher scores (205 → 131 tokens).  This is expected to be rare (<1% of steps).
[36m(TaskRunner pid=1148945)[0m WARNING:2026-07-08 06:22:17,981:ac46a713-5ad7-422d-b08b-e5a835cd0285/full: padding teacher scores (46 → 52 tokens).  Positions beyond teacher length get zero quality weight.
[36m(TaskRunner pid=1148945)[0m WARNING:2026-07-08 06:22:17,981:ac46a713-5ad7-422d-b08b-e5a835cd0285/degraded: padding teacher scores (46 → 52 tokens).  Positions beyond teacher length get zero quality weight.
[36m(TaskRunner pid=1148945)[0m WARNING:2026-07-08 06:22:17,981:ac46a713-5ad7-422d-b08b-e5a835cd0285/full: padding teacher scores (46 → 47 tokens).  Positions beyond teacher length get zero quality weight.
[36m(TaskRunner pid=1148945)[0m WARNING:2026-07-08 06:22:17,982:ac46a713-5ad7-422d-b08b-e5a835cd0285/degraded: padding teacher scores (46 → 47 tokens).  Positions beyond teacher length get zero quality weight.
[36m(TaskRunner pid=1148945)[0m WARNING:2026-07-08 06:22:17,982:ac46a713-5ad7-422d-b08b-e5a835cd0285/full: padding teacher scores (46 → 67 tokens).  Positions beyond teacher length get zero quality weight.
[36m(TaskRunner pid=1148945)[0m WARNING:2026-07-08 06:22:17,982:ac46a713-5ad7-422d-b08b-e5a835cd0285/degraded: padding teacher scores (46 → 67 tokens).  Positions beyond teacher length get zero quality weight.
[36m(TaskRunner pid=1148945)[0m WARNING:2026-07-08 06:22:17,982:ac46a713-5ad7-422d-b08b-e5a835cd0285/full: padding teacher scores (46 → 50 tokens).  Positions beyond teacher length get zero quality weight.
[36m(TaskRunner pid=1148945)[0m WARNING:2026-07-08 06:22:17,982:ac46a713-5ad7-422d-b08b-e5a835cd0285/degraded: padding teacher scores (46 → 50 tokens).  Positions beyond teacher length get zero quality weight.
[36m(TaskRunner pid=1148945)[0m WARNING:2026-07-08 06:22:17,983:ac46a713-5ad7-422d-b08b-e5a835cd0285/full: padding teacher scores (46 → 98 tokens).  Positions beyond teacher length get zero quality weight.
[36m(TaskRunner pid=1148945)[0m WARNING:2026-07-08 06:22:17,983:ac46a713-5ad7-422d-b08b-e5a835cd0285/degraded: padding teacher scores (46 → 98 tokens).  Positions beyond teacher length get zero quality weight.
[36m(TaskRunner pid=1148945)[0m WARNING:2026-07-08 06:22:17,983:ac46a713-5ad7-422d-b08b-e5a835cd0285/full: padding teacher scores (46 → 551 tokens).  Positions beyond teacher length get zero quality weight.
[36m(TaskRunner pid=1148945)[0m WARNING:2026-07-08 06:22:17,983:ac46a713-5ad7-422d-b08b-e5a835cd0285/degraded: padding teacher scores (46 → 551 tokens).  Positions beyond teacher length get zero quality weight.
[36m(TaskRunner pid=1148945)[0m WARNING:2026-07-08 06:22:17,984:fc85c501-fa54-495d-8881-1ab2632df9bf/full: trimming teacher scores (131 → 11 tokens).  This is expected to be rare (<1% of steps).
[36m(TaskRunner pid=1148945)[0m WARNING:2026-07-08 06:22:17,984:fc85c501-fa54-495d-8881-1ab2632df9bf/degraded: trimming teacher scores (131 → 11 tokens).  This is expected to be rare (<1% of steps).
[36m(TaskRunner pid=1148945)[0m WARNING:2026-07-08 06:22:17,984:fc85c501-fa54-495d-8881-1ab2632df9bf/full: padding teacher scores (131 → 526 tokens).  Positions beyond teacher length get zero quality weight.
[36m(TaskRunner pid=1148945)[0m WARNING:2026-07-08 06:22:17,985:fc85c501-fa54-495d-8881-1ab2632df9bf/degraded: padding teacher scores (131 → 526 tokens).  Positions beyond teacher length get zero quality weight.
[36m(TaskRunner pid=1148945)[0m WARNING:2026-07-08 06:22:17,985:fc85c501-fa54-495d-8881-1ab2632df9bf/full: trimming teacher scores (131 → 63 tokens).  This is expected to be rare (<1% of steps).
[36m(TaskRunner pid=1148945)[0m WARNING:2026-07-08 06:22:17,985:fc85c501-fa54-495d-8881-1ab2632df9bf/degraded: trimming teacher scores (131 → 63 tokens).  This is expected to be rare (<1% of steps).
[36m(TaskRunner pid=1148945)[0m WARNING:2026-07-08 06:22:17,986:fc85c501-fa54-495d-8881-1ab2632df9bf/full: padding teacher scores (131 → 391 tokens).  Positions beyond teacher length get zero quality weight.
[36m(TaskRunner pid=1148945)[0m WARNING:2026-07-08 06:22:17,986:fc85c501-fa54-495d-8881-1ab2632df9bf/degraded: padding teacher scores (131 → 391 tokens).  Positions beyond teacher length get zero quality weight.
[36m(TaskRunner pid=1148945)[0m WARNING:2026-07-08 06:22:17,986:fc85c501-fa54-495d-8881-1ab2632df9bf/full: padding teacher scores (131 → 395 tokens).  Positions beyond teacher length get zero quality weight.
[36m(TaskRunner pid=1148945)[0m WARNING:2026-07-08 06:22:17,986:fc85c501-fa54-495d-8881-1ab2632df9bf/degraded: padding teacher scores (131 → 395 tokens).  Positions beyond teacher length get zero quality weight.
[36m(TaskRunner pid=1148945)[0m WARNING:2026-07-08 06:22:17,987:fc85c501-fa54-495d-8881-1ab2632df9bf/full: padding teacher scores (131 → 2048 tokens).  Positions beyond teacher length get zero quality weight.
[36m(TaskRunner pid=1148945)[0m WARNING:2026-07-08 06:22:17,987:fc85c501-fa54-495d-8881-1ab2632df9bf/degraded: padding teacher scores (131 → 2048 tokens).  Positions beyond teacher length get zero quality weight.
[36m(TaskRunner pid=1148945)[0m WARNING:2026-07-08 06:22:17,988:fc85c501-fa54-495d-8881-1ab2632df9bf/full: trimming teacher scores (131 → 14 tokens).  This is expected to be rare (<1% of steps).
[36m(TaskRunner pid=1148945)[0m WARNING:2026-07-08 06:22:17,988:fc85c501-fa54-495d-8881-1ab2632df9bf/degraded: trimming teacher scores (131 → 14 tokens).  This is expected to be rare (<1% of steps).
[36m(TaskRunner pid=1148945)[0m WARNING:2026-07-08 06:22:17,988:5c3419a1-4072-41fe-ac3b-6e1fe12116ec/full: padding teacher scores (61 → 106 tokens).  Positions beyond teacher length get zero quality weight.
[36m(TaskRunner pid=1148945)[0m WARNING:2026-07-08 06:22:17,988:5c3419a1-4072-41fe-ac3b-6e1fe12116ec/degraded: padding teacher scores (61 → 106 tokens).  Positions beyond teacher length get zero quality weight.
[36m(TaskRunner pid=1148945)[0m WARNING:2026-07-08 06:22:17,989:5c3419a1-4072-41fe-ac3b-6e1fe12116ec/full: padding teacher scores (61 → 104 tokens).  Positions beyond teacher length get zero quality weight.
[36m(TaskRunner pid=1148945)[0m WARNING:2026-07-08 06:22:17,989:5c3419a1-4072-41fe-ac3b-6e1fe12116ec/degraded: padding teacher scores (61 → 104 tokens).  Positions beyond teacher length get zero quality weight.
[36m(TaskRunner pid=1148945)[0m WARNING:2026-07-08 06:22:17,989:5c3419a1-4072-41fe-ac3b-6e1fe12116ec/full: trimming teacher scores (61 → 11 tokens).  This is expected to be rare (<1% of steps).
[36m(TaskRunner pid=1148945)[0m WARNING:2026-07-08 06:22:17,989:5c3419a1-4072-41fe-ac3b-6e1fe12116ec/degraded: trimming teacher scores (61 → 11 tokens).  This is expected to be rare (<1% of steps).
[36m(TaskRunner pid=1148945)[0m WARNING:2026-07-08 06:22:17,989:5c3419a1-4072-41fe-ac3b-6e1fe12116ec/full: trimming teacher scores (61 → 36 tokens).  This is expected to be rare (<1% of steps).
[36m(TaskRunner pid=1148945)[0m WARNING:2026-07-08 06:22:17,989:5c3419a1-4072-41fe-ac3b-6e1fe12116ec/degraded: trimming teacher scores (61 → 36 tokens).  This is expected to be rare (<1% of steps).
[36m(TaskRunner pid=1148945)[0m WARNING:2026-07-08 06:22:17,990:5c3419a1-4072-41fe-ac3b-6e1fe12116ec/full: padding teacher scores (61 → 2048 tokens).  Positions beyond teacher length get zero quality weight.
[36m(TaskRunner pid=1148945)[0m WARNING:2026-07-08 06:22:17,990:5c3419a1-4072-41fe-ac3b-6e1fe12116ec/degraded: padding teacher scores (61 → 2048 tokens).  Positions beyond teacher length get zero quality weight.
[36m(TaskRunner pid=1148945)[0m WARNING:2026-07-08 06:22:17,991:5c3419a1-4072-41fe-ac3b-6e1fe12116ec/full: trimming teacher scores (61 → 58 tokens).  This is expected to be rare (<1% of steps).
[36m(TaskRunner pid=1148945)[0m WARNING:2026-07-08 06:22:17,991:5c3419a1-4072-41fe-ac3b-6e1fe12116ec/degraded: trimming teacher scores (61 → 58 tokens).  This is expected to be rare (<1% of steps).
[36m(TaskRunner pid=1148945)[0m WARNING:2026-07-08 06:22:17,991:5c3419a1-4072-41fe-ac3b-6e1fe12116ec/full: trimming teacher scores (61 → 36 tokens).  This is expected to be rare (<1% of steps).
[36m(TaskRunner pid=1148945)[0m WARNING:2026-07-08 06:22:17,991:5c3419a1-4072-41fe-ac3b-6e1fe12116ec/degraded: trimming teacher scores (61 → 36 tokens).  This is expected to be rare (<1% of steps).
[36m(TaskRunner pid=1148945)[0m WARNING:2026-07-08 06:22:17,992:db77148d-859e-4ba7-bbd5-ed631b1dbb91/full: trimming teacher scores (126 → 105 tokens).  This is expected to be rare (<1% of steps).
[36m(TaskRunner pid=1148945)[0m WARNING:2026-07-08 06:22:17,992:db77148d-859e-4ba7-bbd5-ed631b1dbb91/degraded: trimming teacher scores (126 → 105 tokens).  This is expected to be rare (<1% of steps).
[36m(TaskRunner pid=1148945)[0m WARNING:2026-07-08 06:22:17,992:db77148d-859e-4ba7-bbd5-ed631b1dbb91/full: trimming teacher scores (126 → 83 tokens).  This is expected to be rare (<1% of steps).
[36m(TaskRunner pid=1148945)[0m WARNING:2026-07-08 06:22:17,992:db77148d-859e-4ba7-bbd5-ed631b1dbb91/degraded: trimming teacher scores (126 → 83 tokens).  This is expected to be rare (<1% of steps).
[36m(TaskRunner pid=1148945)[0m WARNING:2026-07-08 06:22:17,992:db77148d-859e-4ba7-bbd5-ed631b1dbb91/full: trimming teacher scores (126 → 95 tokens).  This is expected to be rare (<1% of steps).
[36m(TaskRunner pid=1148945)[0m WARNING:2026-07-08 06:22:17,993:db77148d-859e-4ba7-bbd5-ed631b1dbb91/degraded: trimming teacher scores (126 → 95 tokens).  This is expected to be rare (<1% of steps).
[36m(TaskRunner pid=1148945)[0m WARNING:2026-07-08 06:22:17,993:db77148d-859e-4ba7-bbd5-ed631b1dbb91/full: trimming teacher scores (126 → 77 tokens).  This is expected to be rare (<1% of steps).
[36m(TaskRunner pid=1148945)[0m WARNING:2026-07-08 06:22:17,993:db77148d-859e-4ba7-bbd5-ed631b1dbb91/degraded: trimming teacher scores (126 → 77 tokens).  This is expected to be rare (<1% of steps).
[36m(TaskRunner pid=1148945)[0m WARNING:2026-07-08 06:22:17,993:db77148d-859e-4ba7-bbd5-ed631b1dbb91/full: trimming teacher scores (126 → 54 tokens).  This is expected to be rare (<1% of steps).
[36m(TaskRunner pid=1148945)[0m WARNING:2026-07-08 06:22:17,993:db77148d-859e-4ba7-bbd5-ed631b1dbb91/degraded: trimming teacher scores (126 → 54 tokens).  This is expected to be rare (<1% of steps).
[36m(TaskRunner pid=1148945)[0m WARNING:2026-07-08 06:22:17,993:db77148d-859e-4ba7-bbd5-ed631b1dbb91/full: trimming teacher scores (126 → 87 tokens).  This is expected to be rare (<1% of steps).
[36m(TaskRunner pid=1148945)[0m WARNING:2026-07-08 06:22:17,994:db77148d-859e-4ba7-bbd5-ed631b1dbb91/degraded: trimming teacher scores (126 → 87 tokens).  This is expected to be rare (<1% of steps).
[36m(TaskRunner pid=1148945)[0m WARNING:2026-07-08 06:22:17,994:db77148d-859e-4ba7-bbd5-ed631b1dbb91/full: trimming teacher scores (126 → 116 tokens).  This is expected to be rare (<1% of steps).
[36m(TaskRunner pid=1148945)[0m WARNING:2026-07-08 06:22:17,994:db77148d-859e-4ba7-bbd5-ed631b1dbb91/degraded: trimming teacher scores (126 → 116 tokens).  This is expected to be rare (<1% of steps).
[36m(TaskRunner pid=1148945)[0m WARNING:2026-07-08 06:22:18,098:========================================================================
[36m(TaskRunner pid=1148945)[0m WARNING:2026-07-08 06:22:18,098:  VA-OPD Pipeline Verification (arXiv 2605.21924 §3.2-3.3)
[36m(TaskRunner pid=1148945)[0m WARNING:2026-07-08 06:22:18,098:========================================================================
[36m(TaskRunner pid=1148945)[0m WARNING:2026-07-08 06:22:18,098:  C          = 2  conditions: ['full', 'degraded']
[36m(TaskRunner pid=1148945)[0m WARNING:2026-07-08 06:22:18,098:  loss_mode  = va_opd
[36m(TaskRunner pid=1148945)[0m WARNING:2026-07-08 06:22:18,098:  batch      = [B=48, T=2048]
[36m(TaskRunner pid=1148945)[0m WARNING:2026-07-08 06:22:18,098:  top_k      = 32
[36m(TaskRunner pid=1148945)[0m WARNING:2026-07-08 06:22:18,098:  exact_lp   = torch.Size([48, 2, 2048])  (None=tail-fallback)
[36m(TaskRunner pid=1148945)[0m WARNING:2026-07-08 06:22:18,098:  Student    = raw image + canonical question  (choices allowed, no XML)
[36m(TaskRunner pid=1148945)[0m WARNING:2026-07-08 06:22:18,098:  Teacher    = raw image + same canonical question  (no format bias)
[36m(TaskRunner pid=1148945)[0m WARNING:2026-07-08 06:22:18,098:  KL         = reverse (mode-seeking) KL(P_S || P_T)
[36m(TaskRunner pid=1148945)[0m WARNING:2026-07-08 06:22:18,098:  Formula §3.2: w^(k) = softmax(z_score(ā^(k)) / τ), sums to 1 per prompt
[36m(TaskRunner pid=1148945)[0m WARNING:2026-07-08 06:22:18,098:  Formula §3.3: L_group = 0.5·mean(KL_rev,HighVA) + 0.5·mean(KL_rev,LowVA)
[36m(TaskRunner pid=1148945)[0m WARNING:2026-07-08 06:22:18,098:  Total (formula 7): L = Σ_k w^(k)·L_group^(k)   (pure distillation, no GRPO)
[36m(TaskRunner pid=1148945)[0m WARNING:2026-07-08 06:22:18,098:========================================================================
[36m(TaskRunner pid=1148945)[0m ========================================================================
[36m(TaskRunner pid=1148945)[0m   VA-OPD Pipeline Verification (arXiv 2605.21924 §3.2-3.3)
[36m(TaskRunner pid=1148945)[0m ========================================================================
[36m(TaskRunner pid=1148945)[0m   C          = 2  conditions: ['full', 'degraded']
[36m(TaskRunner pid=1148945)[0m   loss_mode  = va_opd
[36m(TaskRunner pid=1148945)[0m   batch      = [B=48, T=2048]
[36m(TaskRunner pid=1148945)[0m   top_k      = 32
[36m(TaskRunner pid=1148945)[0m   exact_lp   = torch.Size([48, 2, 2048])  (None=tail-fallback)
[36m(TaskRunner pid=1148945)[0m   Student    = raw image + canonical question  (choices allowed, no XML)
[36m(TaskRunner pid=1148945)[0m   Teacher    = raw image + same canonical question  (no format bias)
[36m(TaskRunner pid=1148945)[0m   KL         = reverse (mode-seeking) KL(P_S || P_T)
[36m(TaskRunner pid=1148945)[0m   Formula §3.2: w^(k) = softmax(z_score(ā^(k)) / τ), sums to 1 per prompt
[36m(TaskRunner pid=1148945)[0m   Formula §3.3: L_group = 0.5·mean(KL_rev,HighVA) + 0.5·mean(KL_rev,LowVA)
[36m(TaskRunner pid=1148945)[0m   Total (formula 7): L = Σ_k w^(k)·L_group^(k)   (pure distillation, no GRPO)
[36m(TaskRunner pid=1148945)[0m ========================================================================
[36m(WorkerDict pid=1246292)[0m INFO:2026-07-08 06:22:54,407:update_weights done, time cost: 0.92s

[36m(TaskRunner pid=1148945)[0m Dumped generations to /inspire/hdd/global_user/mengweicheng-240108120092/lzy/projects/Dual-Track-OPD/outputs/fc_opd_overnight_noreshard_noreshard_20260708_055809/rollouts/15.jsonl
[36m(TaskRunner pid=1148945)[0m step:15 - fc_opd/hook_loss:0.0 - fc_opd/hook_num_samples:48.0 - fc_opd/hook_active_weight:98102.0 - fc_opd/online/loss:0.0 - fc_opd/online/num_samples:48.0 - global_seqlen/min:2760 - global_seqlen/max:14275 - global_seqlen/minmax_diff:11515 - global_seqlen/balanced_min:9451 - global_seqlen/balanced_max:9556 - global_seqlen/mean:9511.166666666666 - actor/entropy:1.143926978111267 - perf/mfu/actor_infer:0 - actor/pg_loss:0.009789329022169113 - actor/kl_loss:0.0 - actor/fc_opd_loss:7.462536811828613 - actor/pg_clipfrac:0.0 - actor/ppo_kl:0.0 - actor/pg_clipfrac_lower:0.0 - actor/fc_opd_denominator:1.0 - actor/fc_opd_va_opd/loss:8.244175752003988 - actor/fc_opd_va_opd/token_mean_loss:7.611226797103882 - actor/fc_opd_va_opd/rollout_weight_sum:0.999999980131785 - actor/fc_opd_va/mean:0.13529002790649733 - actor/fc_opd_va/sparsity:0.5776404837767283 - actor/grad_norm:4.713406562805176 - perf/mfu/actor:0.010073812147305952 - perf/max_memory_allocated_gb:89.1311206817627 - perf/max_memory_reserved_gb:104.646484375 - perf/cpu_memory_used_gb:200.52053833007812 - actor/lr:2e-06 - training/global_step:15 - training/epoch:0 - critic/score/mean:0.3125 - critic/score/max:1.0 - critic/score/min:0.0 - critic/rewards/mean:0.3125 - critic/rewards/max:1.0 - critic/rewards/min:0.0 - critic/advantages/mean:-0.07897334545850754 - critic/advantages/max:2.4748666286468506 - critic/advantages/min:-2.4748666286468506 - critic/returns/mean:-0.07897334545850754 - critic/returns/max:2.4748666286468506 - critic/returns/min:-2.4748666286468506 - response_length/mean:1021.8958129882812 - response_length/max:2048.0 - response_length/min:16.0 - response_length/clip_ratio:0.2708333432674408 - response_length_non_aborted/mean:1021.8958129882812 - response_length_non_aborted/max:2048.0 - response_length_non_aborted/min:16.0 - response_length_non_aborted/clip_ratio:0.2708333432674408 - response/aborted_ratio:0.0 - prompt_length/mean:167.0 - prompt_length/max:253.0 - prompt_length/min:137.0 - prompt_length/clip_ratio:0.0 - num_turns/min:2 - num_turns/max:2 - num_turns/mean:2.0 - timing_s/start_profile:3.181304782629013e-05 - timing_s/agent_loop/num_preempted/min:-1 - timing_s/agent_loop/num_preempted/max:-1 - timing_s/agent_loop/num_preempted/mean:-1.0 - timing_s/agent_loop/generate_sequences/min:0.22638994920998812 - timing_s/agent_loop/generate_sequences/max:10.099435188807547 - timing_s/agent_loop/generate_sequences/mean:5.036128574691247 - timing_s/agent_loop/tool_calls/min:0.0 - timing_s/agent_loop/tool_calls/max:0.0 - timing_s/agent_loop/tool_calls/mean:0.0 - timing_s/agent_loop/slowest/generate_sequences:10.099435188807547 - timing_s/agent_loop/slowest/tool_calls:0.0 - timing_s/agent_loop/slowest/prompt_length:149 - timing_s/agent_loop/slowest/response_length:2048 - timing_s/agent_loop/slowest/num_preempted:-1 - timing_s/gen:11.41044883383438 - timing_s/fc_opd:15.370081898756325 - timing_s/reward:3.590760752558708e-05 - timing_s/old_log_prob:6.360339774750173 - timing_s/adv:0.001631265040487051 - timing_s/update_actor:25.28922113077715 - timing_s/update_weights:5.631187168881297 - timing_s/dump_rollout_generations:0.05478757806122303 - timing_s/step:64.19586254004389 - timing_s/stop_profile:4.914961755275726e-05 - timing_per_token_ms/update_actor:0.44314965095023656 - timing_per_token_ms/gen:0.23262418368299076 - timing_per_token_ms/adv:2.8585084908739746e-05 - perf/total_num_tokens:57067 - perf/time_per_step:64.19586254004389 - perf/throughput:148.1585617879006
[36m(TaskRunner pid=1148945)[0m Dumped generations to /inspire/hdd/global_user/mengweicheng-240108120092/lzy/projects/Dual-Track-OPD/outputs/fc_opd_overnight_noreshard_noreshard_20260708_055809/rollouts/16.jsonl
[36m(TaskRunner pid=1148945)[0m step:16 - fc_opd/hook_loss:0.0 - fc_opd/hook_num_samples:48.0 - fc_opd/hook_active_weight:55904.0 - fc_opd/online/loss:0.0 - fc_opd/online/num_samples:48.0 - global_seqlen/min:1864 - global_seqlen/max:13493 - global_seqlen/minmax_diff:11629 - global_seqlen/balanced_min:6385 - global_seqlen/balanced_max:6448 - global_seqlen/mean:6413.333333333333 - actor/entropy:1.2938748598098755 - perf/mfu/actor_infer:0 - actor/pg_loss:-0.014028981056374809 - actor/kl_loss:0.0 - actor/fc_opd_loss:8.459955056508383 - actor/pg_clipfrac:0.0 - actor/ppo_kl:0.0 - actor/pg_clipfrac_lower:0.0 - actor/fc_opd_denominator:1.0 - actor/fc_opd_va_opd/loss:9.144914865493774 - actor/fc_opd_va_opd/token_mean_loss:7.581029971440633 - actor/fc_opd_va_opd/rollout_weight_sum:0.9999999403953552 - actor/fc_opd_va/mean:0.11571083714564641 - actor/fc_opd_va/sparsity:0.7011424650748571 - actor/grad_norm:6.901736736297607 - perf/mfu/actor:0.007087725552419701 - perf/max_memory_allocated_gb:89.34428596496582 - perf/max_memory_reserved_gb:104.646484375 - perf/cpu_memory_used_gb:200.7067413330078 - actor/lr:2e-06 - training/global_step:16 - training/epoch:0 - critic/score/mean:0.3333333432674408 - critic/score/max:1.0 - critic/score/min:0.0 - critic/rewards/mean:0.3333333432674408 - critic/rewards/max:1.0 - critic/rewards/min:0.0 - critic/advantages/mean:0.10661273449659348 - critic/advantages/max:2.4748666286468506 - critic/advantages/min:-1.6201815605163574 - critic/returns/mean:0.10661273449659348 - critic/returns/max:2.4748666286468506 - critic/returns/min:-1.6201815605163574 - response_length/mean:582.3333129882812 - response_length/max:2048.0 - response_length/min:11.0 - response_length/clip_ratio:0.1666666716337204 - response_length_non_aborted/mean:582.3333129882812 - response_length_non_aborted/max:2048.0 - response_length_non_aborted/min:11.0 - response_length_non_aborted/clip_ratio:0.1666666716337204 - response/aborted_ratio:0.0 - prompt_length/mean:219.3333282470703 - prompt_length/max:458.0 - prompt_length/min:126.0 - prompt_length/clip_ratio:0.0 - num_turns/min:2 - num_turns/max:2 - num_turns/mean:2.0 - timing_s/start_profile:5.086977034807205e-05 - timing_s/agent_loop/num_preempted/min:-1 - timing_s/agent_loop/num_preempted/max:-1 - timing_s/agent_loop/num_preempted/mean:-1.0 - timing_s/agent_loop/generate_sequences/min:0.23641329305246472 - timing_s/agent_loop/generate_sequences/max:9.88637892715633 - timing_s/agent_loop/generate_sequences/mean:2.8913896911544725 - timing_s/agent_loop/tool_calls/min:0.0 - timing_s/agent_loop/tool_calls/max:0.0 - timing_s/agent_loop/tool_calls/mean:0.0 - timing_s/agent_loop/slowest/generate_sequences:9.88637892715633 - timing_s/agent_loop/slowest/tool_calls:0.0 - timing_s/agent_loop/slowest/prompt_length:196 - timing_s/agent_loop/slowest/response_length:2048 - timing_s/agent_loop/slowest/num_preempted:-1 - timing_s/gen:11.210279245860875 - timing_s/fc_opd:11.264193946029991 - timing_s/reward:3.434484824538231e-05 - timing_s/old_log_prob:6.5109543590806425 - timing_s/adv:0.0016618459485471249 - timing_s/update_actor:25.40399886574596 - timing_s/update_weights:5.803691369947046 - timing_s/dump_rollout_generations:0.05077290255576372 - timing_s/step:60.30079290922731 - timing_s/stop_profile:5.063693970441818e-05 - timing_per_token_ms/update_actor:0.6601870807106539 - timing_per_token_ms/gen:0.4010546381604492 - timing_per_token_ms/adv:4.318726477513318e-05 - perf/total_num_tokens:38480 - perf/time_per_step:60.30079290922731 - perf/throughput:106.35570485760488
[36m(TaskRunner pid=1148945)[0m Dumped generations to /inspire/hdd/global_user/mengweicheng-240108120092/lzy/projects/Dual-Track-OPD/outputs/fc_opd_overnight_noreshard_noreshard_20260708_055809/rollouts/17.jsonl
[36m(TaskRunner pid=1148945)[0m step:17 - fc_opd/hook_loss:0.0 - fc_opd/hook_num_samples:48.0 - fc_opd/hook_active_weight:19454.0 - fc_opd/online/loss:0.0 - fc_opd/online/num_samples:48.0 - global_seqlen/min:1847 - global_seqlen/max:4771 - global_seqlen/minmax_diff:2924 - global_seqlen/balanced_min:2494 - global_seqlen/balanced_max:3882 - global_seqlen/mean:2957.1666666666665 - actor/entropy:1.0479283332824707 - perf/mfu/actor_infer:0 - actor/pg_loss:0.005520834121853113 - actor/kl_loss:0.0 - actor/fc_opd_loss:10.53634270032247 - actor/pg_clipfrac:0.0 - actor/ppo_kl:0.0 - actor/pg_clipfrac_lower:0.0 - actor/fc_opd_denominator:1.0 - actor/fc_opd_va_opd/loss:11.822802941004435 - actor/fc_opd_va_opd/token_mean_loss:8.988874197006226 - actor/fc_opd_va_opd/rollout_weight_sum:0.999999980131785 - actor/fc_opd_va/mean:0.1487557217478752 - actor/fc_opd_va/sparsity:0.7900669872760773 - actor/grad_norm:7.647470951080322 - perf/mfu/actor:0.003312134768559193 - perf/max_memory_allocated_gb:89.34428596496582 - perf/max_memory_reserved_gb:104.646484375 - perf/cpu_memory_used_gb:200.71110661824545 - actor/lr:2e-06 - training/global_step:17 - training/epoch:0 - critic/score/mean:0.4166666567325592 - critic/score/max:1.0 - critic/score/min:0.0 - critic/rewards/mean:0.4166666567325592 - critic/rewards/max:1.0 - critic/rewards/min:0.0 - critic/advantages/mean:-0.1301010251045227 - critic/advantages/max:2.4748666286468506 - critic/advantages/min:-2.4748666286468506 - critic/returns/mean:-0.1301010251045227 - critic/returns/max:2.4748666286468506 - critic/returns/min:-2.4748666286468506 - response_length/mean:202.6458282470703 - response_length/max:2048.0 - response_length/min:11.0 - response_length/clip_ratio:0.0416666679084301 - response_length_non_aborted/mean:202.6458282470703 - response_length_non_aborted/max:2048.0 - response_length_non_aborted/min:11.0 - response_length_non_aborted/clip_ratio:0.0416666679084301 - response/aborted_ratio:0.0 - prompt_length/mean:167.0 - prompt_length/max:232.0 - prompt_length/min:138.0 - prompt_length/clip_ratio:0.0 - num_turns/min:2 - num_turns/max:2 - num_turns/mean:2.0 - timing_s/start_profile:5.810614675283432e-05 - timing_s/agent_loop/num_preempted/min:-1 - timing_s/agent_loop/num_preempted/max:-1 - timing_s/agent_loop/num_preempted/mean:-1.0 - timing_s/agent_loop/generate_sequences/min:0.14851163793355227 - timing_s/agent_loop/generate_sequences/max:9.489886934868991 - timing_s/agent_loop/generate_sequences/mean:1.0679427653279465 - timing_s/agent_loop/tool_calls/min:0.0 - timing_s/agent_loop/tool_calls/max:0.0 - timing_s/agent_loop/tool_calls/mean:0.0 - timing_s/agent_loop/slowest/generate_sequences:9.489886934868991 - timing_s/agent_loop/slowest/tool_calls:0.0 - timing_s/agent_loop/slowest/prompt_length:140 - timing_s/agent_loop/slowest/response_length:2048 - timing_s/agent_loop/slowest/num_preempted:-1 - timing_s/gen:10.789418576285243 - timing_s/fc_opd:5.7487850221805274 - timing_s/reward:1.7542392015457153e-05 - timing_s/old_log_prob:6.178338204044849 - timing_s/adv:0.0015711579471826553 - timing_s/update_actor:24.954748603049666 - timing_s/update_weights:5.710912741255015 - timing_s/dump_rollout_generations:0.047565469052642584 - timing_s/step:53.48345173103735 - timing_s/stop_profile:4.3359119445085526e-05 - timing_per_token_ms/update_actor:1.406455988448947 - timing_per_token_ms/gen:1.1092236636460617 - timing_per_token_ms/adv:8.855086215311139e-05 - perf/total_num_tokens:17743 - perf/time_per_step:53.48345173103735 - perf/throughput:55.29124562748767[36m(TaskRunner pid=1148945)[0m Training Progress:   1%|          | 17/1751 [18:47<29:11:35, 60.61s/it]
[36m(TaskRunner pid=1148945)[0m WARNING:2026-07-08 06:23:11,922:4f7e9069-428a-478c-8413-47595cef61b6/full: padding teacher scores (13 → 636 tokens).  Positions beyond teacher length get zero quality weight.
[36m(TaskRunner pid=1148945)[0m WARNING:2026-07-08 06:23:11,922:4f7e9069-428a-478c-8413-47595cef61b6/degraded: padding teacher scores (13 → 636 tokens).  Positions beyond teacher length get zero quality weight.
[36m(TaskRunner pid=1148945)[0m WARNING:2026-07-08 06:23:11,923:4f7e9069-428a-478c-8413-47595cef61b6/full: padding teacher scores (13 → 20 tokens).  Positions beyond teacher length get zero quality weight.
[36m(TaskRunner pid=1148945)[0m WARNING:2026-07-08 06:23:11,923:4f7e9069-428a-478c-8413-47595cef61b6/degraded: padding teacher scores (13 → 20 tokens).  Positions beyond teacher length get zero quality weight.
[36m(TaskRunner pid=1148945)[0m WARNING:2026-07-08 06:23:11,923:4f7e9069-428a-478c-8413-47595cef61b6/full: padding teacher scores (13 → 103 tokens).  Positions beyond teacher length get zero quality weight.
[36m(TaskRunner pid=1148945)[0m WARNING:2026-07-08 06:23:11,924:4f7e9069-428a-478c-8413-47595cef61b6/degraded: padding teacher scores (13 → 103 tokens).  Positions beyond teacher length get zero quality weight.
[36m(TaskRunner pid=1148945)[0m WARNING:2026-07-08 06:23:11,924:4f7e9069-428a-478c-8413-47595cef61b6/full: padding teacher scores (13 → 51 tokens).  Positions beyond teacher length get zero quality weight.
[36m(TaskRunner pid=1148945)[0m WARNING:2026-07-08 06:23:11,924:4f7e9069-428a-478c-8413-47595cef61b6/degraded: padding teacher scores (13 → 51 tokens).  Positions beyond teacher length get zero quality weight.
[36m(TaskRunner pid=1148945)[0m WARNING:2026-07-08 06:23:11,924:4f7e9069-428a-478c-8413-47595cef61b6/full: padding teacher scores (13 → 109 tokens).  Positions beyond teacher length get zero quality weight.
[36m(TaskRunner pid=1148945)[0m WARNING:2026-07-08 06:23:11,924:4f7e9069-428a-478c-8413-47595cef61b6/degraded: padding teacher scores (13 → 109 tokens).  Positions beyond teacher length get zero quality weight.
[36m(TaskRunner pid=1148945)[0m WARNING:2026-07-08 06:23:11,925:4f7e9069-428a-478c-8413-47595cef61b6/full: trimming teacher scores (13 → 10 tokens).  This is expected to be rare (<1% of steps).
[36m(TaskRunner pid=1148945)[0m WARNING:2026-07-08 06:23:11,925:4f7e9069-428a-478c-8413-47595cef61b6/degraded: trimming teacher scores (13 → 10 tokens).  This is expected to be rare (<1% of steps).
[36m(TaskRunner pid=1148945)[0m WARNING:2026-07-08 06:23:11,925:4f7e9069-428a-478c-8413-47595cef61b6/full: padding teacher scores (13 → 173 tokens).  Positions beyond teacher length get zero quality weight.
[36m(TaskRunner pid=1148945)[0m WARNING:2026-07-08 06:23:11,925:4f7e9069-428a-478c-8413-47595cef61b6/degraded: padding teacher scores (13 → 173 tokens).  Positions beyond teacher length get zero quality weight.
[36m(TaskRunner pid=1148945)[0m WARNING:2026-07-08 06:23:11,927:f924e85a-7b74-4677-85e4-9e2469699019/full: trimming teacher scores (2048 → 11 tokens).  This is expected to be rare (<1% of steps).
[36m(TaskRunner pid=1148945)[0m WARNING:2026-07-08 06:23:11,927:f924e85a-7b74-4677-85e4-9e2469699019/degraded: trimming teacher scores (2048 → 11 tokens).  This is expected to be rare (<1% of steps).
[36m(TaskRunner pid=1148945)[0m WARNING:2026-07-08 06:23:11,928:f924e85a-7b74-4677-85e4-9e2469699019/full: trimming teacher scores (2048 → 60 tokens).  This is expected to be rare (<1% of steps).
[36m(TaskRunner pid=1148945)[0m WARNING:2026-07-08 06:23:11,928:f924e85a-7b74-4677-85e4-9e2469699019/degraded: trimming teacher scores (2048 → 60 tokens).  This is expected to be rare (<1% of steps).
[36m(TaskRunner pid=1148945)[0m WARNING:2026-07-08 06:23:11,929:f924e85a-7b74-4677-85e4-9e2469699019/full: trimming teacher scores (2048 → 38 tokens).  This is expected to be rare (<1% of steps).
[36m(TaskRunner pid=1148945)[0m WARNING:2026-07-08 06:23:11,929:f924e85a-7b74-4677-85e4-9e2469699019/degraded: trimming teacher scores (2048 → 38 tokens).  This is expected to be rare (<1% of steps).
[36m(TaskRunner pid=1148945)[0m WARNING:2026-07-08 06:23:11,929:f924e85a-7b74-4677-85e4-9e2469699019/full: trimming teacher scores (2048 → 34 tokens).  This is expected to be rare (<1% of steps).
[36m(TaskRunner pid=1148945)[0m WARNING:2026-07-08 06:23:11,930:f924e85a-7b74-4677-85e4-9e2469699019/degraded: trimming teacher scores (2048 → 34 tokens).  This is expected to be rare (<1% of steps).
[36m(TaskRunner pid=1148945)[0m WARNING:2026-07-08 06:23:11,930:f924e85a-7b74-4677-85e4-9e2469699019/full: trimming teacher scores (2048 → 56 tokens).  This is expected to be rare (<1% of steps).
[36m(TaskRunner pid=1148945)[0m WARNING:2026-07-08 06:23:11,931:f924e85a-7b74-4677-85e4-9e2469699019/degraded: trimming teacher scores (2048 → 56 tokens).  This is expected to be rare (<1% of steps).
[36m(TaskRunner pid=1148945)[0m WARNING:2026-07-08 06:23:11,931:f924e85a-7b74-4677-85e4-9e2469699019/full: trimming teacher scores (2048 → 57 tokens).  This is expected to be rare (<1% of steps).
[36m(TaskRunner pid=1148945)[0m WARNING:2026-07-08 06:23:11,931:f924e85a-7b74-4677-85e4-9e2469699019/degraded: trimming teacher scores (2048 → 57 tokens).  This is expected to be rare (<1% of steps).
[36m(TaskRunner pid=1148945)[0m WARNING:2026-07-08 06:23:11,932:f924e85a-7b74-4677-85e4-9e2469699019/full: trimming teacher scores (2048 → 65 tokens).  This is expected to be rare (<1% of steps).
[36m(TaskRunner pid=1148945)[0m WARNING:2026-07-08 06:23:11,932:f924e85a-7b74-4677-85e4-9e2469699019/degraded: trimming teacher scores (2048 → 65 tokens).  This is expected to be rare (<1% of steps).
[36m(TaskRunner pid=1148945)[0m WARNING:2026-07-08 06:23:11,933:d3442bfa-537d-4872-a708-4ab66f2ffc52/full: padding teacher scores (10 → 66 tokens).  Positions beyond teacher length get zero quality weight.
[36m(TaskRunner pid=1148945)[0m WARNING:2026-07-08 06:23:11,933:d3442bfa-537d-4872-a708-4ab66f2ffc52/degraded: padding teacher scores (10 → 66 tokens).  Positions beyond teacher length get zero quality weight.
[36m(TaskRunner pid=1148945)[0m WARNING:2026-07-08 06:23:11,933:d3442bfa-537d-4872-a708-4ab66f2ffc52/full: padding teacher scores (10 → 35 tokens).  Positions beyond teacher length get zero quality weight.
[36m(TaskRunner pid=1148945)[0m WARNING:2026-07-08 06:23:11,934:d3442bfa-537d-4872-a708-4ab66f2ffc52/degraded: padding teacher scores (10 → 35 tokens).  Positions beyond teacher length get zero quality weight.
[36m(TaskRunner pid=1148945)[0m WARNING:2026-07-08 06:23:11,934:d3442bfa-537d-4872-a708-4ab66f2ffc52/full: padding teacher scores (10 → 95 tokens).  Positions beyond teacher length get zero quality weight.
[36m(TaskRunner pid=1148945)[0m WARNING:2026-07-08 06:23:11,934:d3442bfa-537d-4872-a708-4ab66f2ffc52/degraded: padding teacher scores (10 → 95 tokens).  Positions beyond teacher length get zero quality weight.
[36m(TaskRunner pid=1148945)[0m WARNING:2026-07-08 06:23:11,934:d3442bfa-537d-4872-a708-4ab66f2ffc52/full: padding teacher scores (10 → 2048 tokens).  Positions beyond teacher length get zero quality weight.
[36m(TaskRunner pid=1148945)[0m WARNING:2026-07-08 06:23:11,935:d3442bfa-537d-4872-a708-4ab66f2ffc52/degraded: padding teacher scores (10 → 2048 tokens).  Positions beyond teacher length get zero quality weight.
[36m(TaskRunner pid=1148945)[0m WARNING:2026-07-08 06:23:11,935:d3442bfa-537d-4872-a708-4ab66f2ffc52/full: padding teacher scores (10 → 245 tokens).  Positions beyond teacher length get zero quality weight.
[36m(TaskRunner pid=1148945)[0m WARNING:2026-07-08 06:23:11,935:d3442bfa-537d-4872-a708-4ab66f2ffc52/degraded: padding teacher scores (10 → 245 tokens).  Positions beyond teacher length get zero quality weight.
[36m(TaskRunner pid=1148945)[0m WARNING:2026-07-08 06:23:11,936:d3442bfa-537d-4872-a708-4ab66f2ffc52/full: padding teacher scores (10 → 58 tokens).  Positions beyond teacher length get zero quality weight.
[36m(TaskRunner pid=1148945)[0m WARNING:2026-07-08 06:23:11,936:d3442bfa-537d-4872-a708-4ab66f2ffc52/degraded: padding teacher scores (10 → 58 tokens).  Positions beyond teacher length get zero quality weight.
[36m(TaskRunner pid=1148945)[0m WARNING:2026-07-08 06:23:11,936:d3442bfa-537d-4872-a708-4ab66f2ffc52/full: padding teacher scores (10 → 73 tokens).  Positions beyond teacher length get zero quality weight.
[36m(TaskRunner pid=1148945)[0m WARNING:2026-07-08 06:23:11,936:d3442bfa-537d-4872-a708-4ab66f2ffc52/degraded: padding teacher scores (10 → 73 tokens).  Positions beyond teacher length get zero quality weight.
[36m(TaskRunner pid=1148945)[0m WARNING:2026-07-08 06:23:11,937:bd117654-31a7-4e6c-8a93-b8163c796bf1/full: padding teacher scores (29 → 152 tokens).  Positions beyond teacher length get zero quality weight.
[36m(TaskRunner pid=1148945)[0m WARNING:2026-07-08 06:23:11,937:bd117654-31a7-4e6c-8a93-b8163c796bf1/degraded: padding teacher scores (29 → 152 tokens).  Positions beyond teacher length get zero quality weight.
[36m(TaskRunner pid=1148945)[0m WARNING:2026-07-08 06:23:11,937:bd117654-31a7-4e6c-8a93-b8163c796bf1/full: padding teacher scores (29 → 101 tokens).  Positions beyond teacher length get zero quality weight.
[36m(TaskRunner pid=1148945)[0m WARNING:2026-07-08 06:23:11,937:bd117654-31a7-4e6c-8a93-b8163c796bf1/degraded: padding teacher scores (29 → 101 tokens).  Positions beyond teacher length get zero quality weight.
[36m(TaskRunner pid=1148945)[0m WARNING:2026-07-08 06:23:11,938:bd117654-31a7-4e6c-8a93-b8163c796bf1/full: padding teacher scores (29 → 67 tokens).  Positions beyond teacher length get zero quality weight.
[36m(TaskRunner pid=1148945)[0m WARNING:2026-07-08 06:23:11,938:bd117654-31a7-4e6c-8a93-b8163c796bf1/degraded: padding teacher scores (29 → 67 tokens).  Positions beyond teacher length get zero quality weight.
[36m(TaskRunner pid=1148945)[0m WARNING:2026-07-08 06:23:11,938:bd117654-31a7-4e6c-8a93-b8163c796bf1/full: padding teacher scores (29 → 345 tokens).  Positions beyond teacher length get zero quality weight.
[36m(TaskRunner pid=1148945)[0m WARNING:2026-07-08 06:23:11,938:bd117654-31a7-4e6c-8a93-b8163c796bf1/degraded: padding teacher scores (29 → 345 tokens).  Positions beyond teacher length get zero quality weight.
[36m(TaskRunner pid=1148945)[0m WARNING:2026-07-08 06:23:11,939:bd117654-31a7-4e6c-8a93-b8163c796bf1/full: padding teacher scores (29 → 96 tokens).  Positions beyond teacher length get zero quality weight.
[36m(TaskRunner pid=1148945)[0m WARNING:2026-07-08 06:23:11,939:bd117654-31a7-4e6c-8a93-b8163c796bf1/degraded: padding teacher scores (29 → 96 tokens).  Positions beyond teacher length get zero quality weight.
[36m(TaskRunner pid=1148945)[0m WARNING:2026-07-08 06:23:11,939:bd117654-31a7-4e6c-8a93-b8163c796bf1/full: padding teacher scores (29 → 71 tokens).  Positions beyond teacher length get zero quality weight.
[36m(TaskRunner pid=1148945)[0m WARNING:2026-07-08 06:23:11,939:bd117654-31a7-4e6c-8a93-b8163c796bf1/degraded: padding teacher scores (29 → 71 tokens).  Positions beyond teacher length get zero quality weight.
[36m(TaskRunner pid=1148945)[0m WARNING:2026-07-08 06:23:11,940:bd117654-31a7-4e6c-8a93-b8163c796bf1/full: trimming teacher scores (29 → 11 tokens).  This is expected to be rare (<1% of steps).
[36m(TaskRunner pid=1148945)[0m WARNING:2026-07-08 06:23:11,940:bd117654-31a7-4e6c-8a93-b8163c796bf1/degraded: trimming teacher scores (29 → 11 tokens).  This is expected to be rare (<1% of steps).
[36m(TaskRunner pid=1148945)[0m WARNING:2026-07-08 06:23:11,940:f12141c0-db9d-4a4e-90fb-b88853849c2c/full: padding teacher scores (26 → 264 tokens).  Positions beyond teacher length get zero quality weight.
[36m(TaskRunner pid=1148945)[0m WARNING:2026-07-08 06:23:11,940:f12141c0-db9d-4a4e-90fb-b88853849c2c/degraded: padding teacher scores (26 → 264 tokens).  Positions beyond teacher length get zero quality weight.
[36m(TaskRunner pid=1148945)[0m WARNING:2026-07-08 06:23:11,941:f12141c0-db9d-4a4e-90fb-b88853849c2c/full: padding teacher scores (26 → 81 tokens).  Positions beyond teacher length get zero quality weight.
[36m(TaskRunner pid=1148945)[0m WARNING:2026-07-08 06:23:11,941:f12141c0-db9d-4a4e-90fb-b88853849c2c/degraded: padding teacher scores (26 → 81 tokens).  Positions beyond teacher length get zero quality weight.
[36m(TaskRunner pid=1148945)[0m WARNING:2026-07-08 06:23:11,941:f12141c0-db9d-4a4e-90fb-b88853849c2c/full: padding teacher scores (26 → 61 tokens).  Positions beyond teacher length get zero quality weight.
[36m(TaskRunner pid=1148945)[0m WARNING:2026-07-08 06:23:11,941:f12141c0-db9d-4a4e-90fb-b88853849c2c/degraded: padding teacher scores (26 → 61 tokens).  Positions beyond teacher length get zero quality weight.
[36m(TaskRunner pid=1148945)[0m WARNING:2026-07-08 06:23:11,942:f12141c0-db9d-4a4e-90fb-b88853849c2c/full: padding teacher scores (26 → 248 tokens).  Positions beyond teacher length get zero quality weight.
[36m(TaskRunner pid=1148945)[0m WARNING:2026-07-08 06:23:11,942:f12141c0-db9d-4a4e-90fb-b88853849c2c/degraded: padding teacher scores (26 → 248 tokens).  Positions beyond teacher length get zero quality weight.
[36m(TaskRunner pid=1148945)[0m WARNING:2026-07-08 06:23:11,942:f12141c0-db9d-4a4e-90fb-b88853849c2c/full: trimming teacher scores (26 → 19 tokens).  This is expected to be rare (<1% of steps).
[36m(TaskRunner pid=1148945)[0m WARNING:2026-07-08 06:23:11,942:f12141c0-db9d-4a4e-90fb-b88853849c2c/degraded: trimming teacher scores (26 → 19 tokens).  This is expected to be rare (<1% of steps).
[36m(TaskRunner pid=1148945)[0m WARNING:2026-07-08 06:23:11,942:f12141c0-db9d-4a4e-90fb-b88853849c2c/full: trimming teacher scores (26 → 25 tokens).  This is expected to be rare (<1% of steps).
[36m(TaskRunner pid=1148945)[0m WARNING:2026-07-08 06:23:11,943:f12141c0-db9d-4a4e-90fb-b88853849c2c/degraded: trimming teacher scores (26 → 25 tokens).  This is expected to be rare (<1% of steps).
[36m(TaskRunner pid=1148945)[0m WARNING:2026-07-08 06:23:11,943:f12141c0-db9d-4a4e-90fb-b88853849c2c/full: padding teacher scores (26 → 52 tokens).  Positions beyond teacher length get zero quality weight.
[36m(TaskRunner pid=1148945)[0m WARNING:2026-07-08 06:23:11,943:f12141c0-db9d-4a4e-90fb-b88853849c2c/degraded: padding teacher scores (26 → 52 tokens).  Positions beyond teacher length get zero quality weight.
[36m(TaskRunner pid=1148945)[0m WARNING:2026-07-08 06:23:11,944:70468322-0b11-4800-bf90-c11cdf2fc861/full: trimming teacher scores (2048 → 13 tokens).  This is expected to be rare (<1% of steps).
[36m(TaskRunner pid=1148945)[0m WARNING:2026-07-08 06:23:11,945:70468322-0b11-4800-bf90-c11cdf2fc861/degraded: trimming teacher scores (2048 → 13 tokens).  This is expected to be rare (<1% of steps).
[36m(TaskRunner pid=1148945)[0m WARNING:2026-07-08 06:23:11,945:70468322-0b11-4800-bf90-c11cdf2fc861/full: trimming teacher scores (2048 → 70 tokens).  This is expected to be rare (<1% of steps).
[36m(TaskRunner pid=1148945)[0m WARNING:2026-07-08 06:23:11,946:70468322-0b11-4800-bf90-c11cdf2fc861/degraded: trimming teacher scores (2048 → 70 tokens).  This is expected to be rare (<1% of steps).
[36m(TaskRunner pid=1148945)[0m WARNING:2026-07-08 06:23:11,946:70468322-0b11-4800-bf90-c11cdf2fc861/full: trimming teacher scores (2048 → 76 tokens).  This is expected to be rare (<1% of steps).
[36m(TaskRunner pid=1148945)[0m WARNING:2026-07-08 06:23:11,947:70468322-0b11-4800-bf90-c11cdf2fc861/degraded: trimming teacher scores (2048 → 76 tokens).  This is expected to be rare (<1% of steps).
[36m(TaskRunner pid=1148945)[0m WARNING:2026-07-08 06:23:11,947:70468322-0b11-4800-bf90-c11cdf2fc861/full: trimming teacher scores (2048 → 58 tokens).  This is expected to be rare (<1% of steps).
[36m(TaskRunner pid=1148945)[0m WARNING:2026-07-08 06:23:11,947:70468322-0b11-4800-bf90-c11cdf2fc861/degraded: trimming teacher scores (2048 → 58 tokens).  This is expected to be rare (<1% of steps).
[36m(TaskRunner pid=1148945)[0m WARNING:2026-07-08 06:23:11,948:70468322-0b11-4800-bf90-c11cdf2fc861/full: trimming teacher scores (2048 → 10 tokens).  This is expected to be rare (<1% of steps).
[36m(TaskRunner pid=1148945)[0m WARNING:2026-07-08 06:23:11,948:70468322-0b11-4800-bf90-c11cdf2fc861/degraded: trimming teacher scores (2048 → 10 tokens).  This is expected to be rare (<1% of steps).
[36m(TaskRunner pid=1148945)[0m WARNING:2026-07-08 06:23:11,949:70468322-0b11-4800-bf90-c11cdf2fc861/full: trimming teacher scores (2048 → 11 tokens).  This is expected to be rare (<1% of steps).
[36m(TaskRunner pid=1148945)[0m WARNING:2026-07-08 06:23:11,949:70468322-0b11-4800-bf90-c11cdf2fc861/degraded: trimming teacher scores (2048 → 11 tokens).  This is expected to be rare (<1% of steps).
[36m(TaskRunner pid=1148945)[0m WARNING:2026-07-08 06:23:11,950:70468322-0b11-4800-bf90-c11cdf2fc861/full: trimming teacher scores (2048 → 16 tokens).  This is expected to be rare (<1% of steps).
[36m(TaskRunner pid=1148945)[0m WARNING:2026-07-08 06:23:11,950:70468322-0b11-4800-bf90-c11cdf2fc861/degraded: trimming teacher scores (2048 → 16 tokens).  This is expected to be rare (<1% of steps).
[36m(TaskRunner pid=1148945)[0m WARNING:2026-07-08 06:23:12,009:========================================================================
[36m(TaskRunner pid=1148945)[0m WARNING:2026-07-08 06:23:12,009:  VA-OPD Pipeline Verification (arXiv 2605.21924 §3.2-3.3)
[36m(TaskRunner pid=1148945)[0m WARNING:2026-07-08 06:23:12,009:========================================================================
[36m(TaskRunner pid=1148945)[0m WARNING:2026-07-08 06:23:12,009:  C          = 2  conditions: ['full', 'degraded']
[36m(TaskRunner pid=1148945)[0m WARNING:2026-07-08 06:23:12,009:  loss_mode  = va_opd
[36m(TaskRunner pid=1148945)[0m WARNING:2026-07-08 06:23:12,009:  batch      = [B=48, T=2048]
[36m(TaskRunner pid=1148945)[0m WARNING:2026-07-08 06:23:12,009:  top_k      = 32
[36m(TaskRunner pid=1148945)[0m WARNING:2026-07-08 06:23:12,009:  exact_lp   = torch.Size([48, 2, 2048])  (None=tail-fallback)
[36m(TaskRunner pid=1148945)[0m WARNING:2026-07-08 06:23:12,009:  Student    = raw image + canonical question  (choices allowed, no XML)
[36m(TaskRunner pid=1148945)[0m WARNING:2026-07-08 06:23:12,009:  Teacher    = raw image + same canonical question  (no format bias)
[36m(TaskRunner pid=1148945)[0m WARNING:2026-07-08 06:23:12,009:  KL         = reverse (mode-seeking) KL(P_S || P_T)
[36m(TaskRunner pid=1148945)[0m WARNING:2026-07-08 06:23:12,009:  Formula §3.2: w^(k) = softmax(z_score(ā^(k)) / τ), sums to 1 per prompt
[36m(TaskRunner pid=1148945)[0m WARNING:2026-07-08 06:23:12,009:  Formula §3.3: L_group = 0.5·mean(KL_rev,HighVA) + 0.5·mean(KL_rev,LowVA)
[36m(TaskRunner pid=1148945)[0m WARNING:2026-07-08 06:23:12,009:  Total (formula 7): L = Σ_k w^(k)·L_group^(k)   (pure distillation, no GRPO)
[36m(TaskRunner pid=1148945)[0m WARNING:2026-07-08 06:23:12,009:========================================================================
[36m(TaskRunner pid=1148945)[0m ========================================================================
[36m(TaskRunner pid=1148945)[0m   VA-OPD Pipeline Verification (arXiv 2605.21924 §3.2-3.3)
[36m(TaskRunner pid=1148945)[0m ========================================================================
[36m(TaskRunner pid=1148945)[0m   C          = 2  conditions: ['full', 'degraded']
[36m(TaskRunner pid=1148945)[0m   loss_mode  = va_opd
[36m(TaskRunner pid=1148945)[0m   batch      = [B=48, T=2048]
[36m(TaskRunner pid=1148945)[0m   top_k      = 32
[36m(TaskRunner pid=1148945)[0m   exact_lp   = torch.Size([48, 2, 2048])  (None=tail-fallback)
[36m(TaskRunner pid=1148945)[0m   Student    = raw image + canonical question  (choices allowed, no XML)
[36m(TaskRunner pid=1148945)[0m   Teacher    = raw image + same canonical question  (no format bias)
[36m(TaskRunner pid=1148945)[0m   KL         = reverse (mode-seeking) KL(P_S || P_T)
[36m(TaskRunner pid=1148945)[0m   Formula §3.2: w^(k) = softmax(z_score(ā^(k)) / τ), sums to 1 per prompt
[36m(TaskRunner pid=1148945)[0m   Formula §3.3: L_group = 0.5·mean(KL_rev,HighVA) + 0.5·mean(KL_rev,LowVA)
[36m(TaskRunner pid=1148945)[0m   Total (formula 7): L = Σ_k w^(k)·L_group^(k)   (pure distillation, no GRPO)
[36m(TaskRunner pid=1148945)[0m ========================================================================
[36m(WorkerDict pid=1246292)[0m INFO:2026-07-08 06:23:47,844:update_weights done, time cost: 1.01s
[36m(TaskRunner pid=1148945)[0m Training Progress:   1%|          | 18/1751 [19:41<28:08:18, 58.45s/it]
[36m(TaskRunner pid=1148945)[0m WARNING:2026-07-08 06:24:06,186:de0a332f-dd5c-4af9-8eca-ab4a97504716/full: padding teacher scores (421 → 2048 tokens).  Positions beyond teacher length get zero quality weight.
[36m(TaskRunner pid=1148945)[0m WARNING:2026-07-08 06:24:06,187:de0a332f-dd5c-4af9-8eca-ab4a97504716/degraded: padding teacher scores (421 → 2048 tokens).  Positions beyond teacher length get zero quality weight.
[36m(TaskRunner pid=1148945)[0m WARNING:2026-07-08 06:24:06,188:de0a332f-dd5c-4af9-8eca-ab4a97504716/full: trimming teacher scores (421 → 126 tokens).  This is expected to be rare (<1% of steps).
[36m(TaskRunner pid=1148945)[0m WARNING:2026-07-08 06:24:06,188:de0a332f-dd5c-4af9-8eca-ab4a97504716/degraded: trimming teacher scores (421 → 126 tokens).  This is expected to be rare (<1% of steps).
[36m(TaskRunner pid=1148945)[0m WARNING:2026-07-08 06:24:06,188:de0a332f-dd5c-4af9-8eca-ab4a97504716/full: trimming teacher scores (421 → 196 tokens).  This is expected to be rare (<1% of steps).
[36m(TaskRunner pid=1148945)[0m WARNING:2026-07-08 06:24:06,189:de0a332f-dd5c-4af9-8eca-ab4a97504716/degraded: trimming teacher scores (421 → 196 tokens).  This is expected to be rare (<1% of steps).
[36m(TaskRunner pid=1148945)[0m WARNING:2026-07-08 06:24:06,189:de0a332f-dd5c-4af9-8eca-ab4a97504716/full: trimming teacher scores (421 → 317 tokens).  This is expected to be rare (<1% of steps).
[36m(TaskRunner pid=1148945)[0m WARNING:2026-07-08 06:24:06,189:de0a332f-dd5c-4af9-8eca-ab4a97504716/degraded: trimming teacher scores (421 → 317 tokens).  This is expected to be rare (<1% of steps).
[36m(TaskRunner pid=1148945)[0m WARNING:2026-07-08 06:24:06,189:de0a332f-dd5c-4af9-8eca-ab4a97504716/full: padding teacher scores (421 → 2048 tokens).  Positions beyond teacher length get zero quality weight.
[36m(TaskRunner pid=1148945)[0m WARNING:2026-07-08 06:24:06,190:de0a332f-dd5c-4af9-8eca-ab4a97504716/degraded: padding teacher scores (421 → 2048 tokens).  Positions beyond teacher length get zero quality weight.
[36m(TaskRunner pid=1148945)[0m WARNING:2026-07-08 06:24:06,191:de0a332f-dd5c-4af9-8eca-ab4a97504716/full: trimming teacher scores (421 → 129 tokens).  This is expected to be rare (<1% of steps).
[36m(TaskRunner pid=1148945)[0m WARNING:2026-07-08 06:24:06,191:de0a332f-dd5c-4af9-8eca-ab4a97504716/degraded: trimming teacher scores (421 → 129 tokens).  This is expected to be rare (<1% of steps).
[36m(TaskRunner pid=1148945)[0m WARNING:2026-07-08 06:24:06,191:de0a332f-dd5c-4af9-8eca-ab4a97504716/full: trimming teacher scores (421 → 53 tokens).  This is expected to be rare (<1% of steps).
[36m(TaskRunner pid=1148945)[0m WARNING:2026-07-08 06:24:06,191:de0a332f-dd5c-4af9-8eca-ab4a97504716/degraded: trimming teacher scores (421 → 53 tokens).  This is expected to be rare (<1% of steps).
[36m(TaskRunner pid=1148945)[0m WARNING:2026-07-08 06:24:06,192:d0f40f70-7348-4b2e-8c36-365455f2a862/full: padding teacher scores (13 → 35 tokens).  Positions beyond teacher length get zero quality weight.
[36m(TaskRunner pid=1148945)[0m WARNING:2026-07-08 06:24:06,192:d0f40f70-7348-4b2e-8c36-365455f2a862/degraded: padding teacher scores (13 → 35 tokens).  Positions beyond teacher length get zero quality weight.
[36m(TaskRunner pid=1148945)[0m WARNING:2026-07-08 06:24:06,192:d0f40f70-7348-4b2e-8c36-365455f2a862/full: padding teacher scores (13 → 234 tokens).  Positions beyond teacher length get zero quality weight.
[36m(TaskRunner pid=1148945)[0m WARNING:2026-07-08 06:24:06,193:d0f40f70-7348-4b2e-8c36-365455f2a862/degraded: padding teacher scores (13 → 234 tokens).  Positions beyond teacher length get zero quality weight.
[36m(TaskRunner pid=1148945)[0m WARNING:2026-07-08 06:24:06,193:d0f40f70-7348-4b2e-8c36-365455f2a862/full: padding teacher scores (13 → 2048 tokens).  Positions beyond teacher length get zero quality weight.
[36m(TaskRunner pid=1148945)[0m WARNING:2026-07-08 06:24:06,194:d0f40f70-7348-4b2e-8c36-365455f2a862/degraded: padding teacher scores (13 → 2048 tokens).  Positions beyond teacher length get zero quality weight.
[36m(TaskRunner pid=1148945)[0m WARNING:2026-07-08 06:24:06,194:d0f40f70-7348-4b2e-8c36-365455f2a862/full: padding teacher scores (13 → 152 tokens).  Positions beyond teacher length get zero quality weight.
[36m(TaskRunner pid=1148945)[0m WARNING:2026-07-08 06:24:06,195:d0f40f70-7348-4b2e-8c36-365455f2a862/degraded: padding teacher scores (13 → 152 tokens).  Positions beyond teacher length get zero quality weight.
[36m(TaskRunner pid=1148945)[0m WARNING:2026-07-08 06:24:06,195:d0f40f70-7348-4b2e-8c36-365455f2a862/full: trimming teacher scores (13 → 11 tokens).  This is expected to be rare (<1% of steps).
[36m(TaskRunner pid=1148945)[0m WARNING:2026-07-08 06:24:06,195:d0f40f70-7348-4b2e-8c36-365455f2a862/degraded: trimming teacher scores (13 → 11 tokens).  This is expected to be rare (<1% of steps).
[36m(TaskRunner pid=1148945)[0m WARNING:2026-07-08 06:24:06,195:d0f40f70-7348-4b2e-8c36-365455f2a862/full: trimming teacher scores (13 → 11 tokens).  This is expected to be rare (<1% of steps).
[36m(TaskRunner pid=1148945)[0m WARNING:2026-07-08 06:24:06,195:d0f40f70-7348-4b2e-8c36-365455f2a862/degraded: trimming teacher scores (13 → 11 tokens).  This is expected to be rare (<1% of steps).
[36m(TaskRunner pid=1148945)[0m WARNING:2026-07-08 06:24:06,196:d0f40f70-7348-4b2e-8c36-365455f2a862/full: padding teacher scores (13 → 44 tokens).  Positions beyond teacher length get zero quality weight.
[36m(TaskRunner pid=1148945)[0m WARNING:2026-07-08 06:24:06,196:d0f40f70-7348-4b2e-8c36-365455f2a862/degraded: padding teacher scores (13 → 44 tokens).  Positions beyond teacher length get zero quality weight.
[36m(TaskRunner pid=1148945)[0m WARNING:2026-07-08 06:24:06,196:58656356-8db4-4ea2-917a-276de5464ca4/full: trimming teacher scores (75 → 24 tokens).  This is expected to be rare (<1% of steps).
[36m(TaskRunner pid=1148945)[0m WARNING:2026-07-08 06:24:06,196:58656356-8db4-4ea2-917a-276de5464ca4/degraded: trimming teacher scores (75 → 24 tokens).  This is expected to be rare (<1% of steps).
[36m(TaskRunner pid=1148945)[0m WARNING:2026-07-08 06:24:06,197:58656356-8db4-4ea2-917a-276de5464ca4/full: trimming teacher scores (75 → 61 tokens).  This is expected to be rare (<1% of steps).
[36m(TaskRunner pid=1148945)[0m WARNING:2026-07-08 06:24:06,197:58656356-8db4-4ea2-917a-276de5464ca4/degraded: trimming teacher scores (75 → 61 tokens).  This is expected to be rare (<1% of steps).
[36m(TaskRunner pid=1148945)[0m WARNING:2026-07-08 06:24:06,197:58656356-8db4-4ea2-917a-276de5464ca4/full: trimming teacher scores (75 → 29 tokens).  This is expected to be rare (<1% of steps).
[36m(TaskRunner pid=1148945)[0m WARNING:2026-07-08 06:24:06,197:58656356-8db4-4ea2-917a-276de5464ca4/degraded: trimming teacher scores (75 → 29 tokens).  This is expected to be rare (<1% of steps).
[36m(TaskRunner pid=1148945)[0m WARNING:2026-07-08 06:24:06,197:58656356-8db4-4ea2-917a-276de5464ca4/full: trimming teacher scores (75 → 15 tokens).  This is expected to be rare (<1% of steps).
[36m(TaskRunner pid=1148945)[0m WARNING:2026-07-08 06:24:06,197:58656356-8db4-4ea2-917a-276de5464ca4/degraded: trimming teacher scores (75 → 15 tokens).  This is expected to be rare (<1% of steps).
[36m(TaskRunner pid=1148945)[0m WARNING:2026-07-08 06:24:06,198:58656356-8db4-4ea2-917a-276de5464ca4/full: padding teacher scores (75 → 242 tokens).  Positions beyond teacher length get zero quality weight.
[36m(TaskRunner pid=1148945)[0m WARNING:2026-07-08 06:24:06,198:58656356-8db4-4ea2-917a-276de5464ca4/degraded: padding teacher scores (75 → 242 tokens).  Positions beyond teacher length get zero quality weight.
[36m(TaskRunner pid=1148945)[0m WARNING:2026-07-08 06:24:06,198:58656356-8db4-4ea2-917a-276de5464ca4/full: trimming teacher scores (75 → 9 tokens).  This is expected to be rare (<1% of steps).
[36m(TaskRunner pid=1148945)[0m WARNING:2026-07-08 06:24:06,198:58656356-8db4-4ea2-917a-276de5464ca4/degraded: trimming teacher scores (75 → 9 tokens).  This is expected to be rare (<1% of steps).
[36m(TaskRunner pid=1148945)[0m WARNING:2026-07-08 06:24:06,199:58656356-8db4-4ea2-917a-276de5464ca4/full: padding teacher scores (75 → 82 tokens).  Positions beyond teacher length get zero quality weight.
[36m(TaskRunner pid=1148945)[0m WARNING:2026-07-08 06:24:06,199:58656356-8db4-4ea2-917a-276de5464ca4/degraded: padding teacher scores (75 → 82 tokens).  Positions beyond teacher length get zero quality weight.
[36m(TaskRunner pid=1148945)[0m WARNING:2026-07-08 06:24:06,200:0e8d99f5-927e-460f-b169-0af4d3d88197/full: trimming teacher scores (2048 → 58 tokens).  This is expected to be rare (<1% of steps).
[36m(TaskRunner pid=1148945)[0m WARNING:2026-07-08 06:24:06,201:0e8d99f5-927e-460f-b169-0af4d3d88197/degraded: trimming teacher scores (2048 → 58 tokens).  This is expected to be rare (<1% of steps).
[36m(TaskRunner pid=1148945)[0m WARNING:2026-07-08 06:24:06,201:0e8d99f5-927e-460f-b169-0af4d3d88197/full: trimming teacher scores (2048 → 11 tokens).  This is expected to be rare (<1% of steps).
[36m(TaskRunner pid=1148945)[0m WARNING:2026-07-08 06:24:06,201:0e8d99f5-927e-460f-b169-0af4d3d88197/degraded: trimming teacher scores (2048 → 11 tokens).  This is expected to be rare (<1% of steps).
[36m(TaskRunner pid=1148945)[0m WARNING:2026-07-08 06:24:06,202:0e8d99f5-927e-460f-b169-0af4d3d88197/full: trimming teacher scores (2048 → 157 tokens).  This is expected to be rare (<1% of steps).
[36m(TaskRunner pid=1148945)[0m WARNING:2026-07-08 06:24:06,202:0e8d99f5-927e-460f-b169-0af4d3d88197/degraded: trimming teacher scores (2048 → 157 tokens).  This is expected to be rare (<1% of steps).
[36m(TaskRunner pid=1148945)[0m WARNING:2026-07-08 06:24:06,204:0e8d99f5-927e-460f-b169-0af4d3d88197/full: trimming teacher scores (2048 → 115 tokens).  This is expected to be rare (<1% of steps).
[36m(TaskRunner pid=1148945)[0m WARNING:2026-07-08 06:24:06,204:0e8d99f5-927e-460f-b169-0af4d3d88197/degraded: trimming teacher scores (2048 → 115 tokens).  This is expected to be rare (<1% of steps).
[36m(TaskRunner pid=1148945)[0m WARNING:2026-07-08 06:24:06,205:0e8d99f5-927e-460f-b169-0af4d3d88197/full: trimming teacher scores (2048 → 30 tokens).  This is expected to be rare (<1% of steps).
[36m(TaskRunner pid=1148945)[0m WARNING:2026-07-08 06:24:06,205:0e8d99f5-927e-460f-b169-0af4d3d88197/degraded: trimming teacher scores (2048 → 30 tokens).  This is expected to be rare (<1% of steps).
[36m(TaskRunner pid=1148945)[0m WARNING:2026-07-08 06:24:06,205:0e8d99f5-927e-460f-b169-0af4d3d88197/full: trimming teacher scores (2048 → 63 tokens).  This is expected to be rare (<1% of steps).
[36m(TaskRunner pid=1148945)[0m WARNING:2026-07-08 06:24:06,206:0e8d99f5-927e-460f-b169-0af4d3d88197/degraded: trimming teacher scores (2048 → 63 tokens).  This is expected to be rare (<1% of steps).
[36m(TaskRunner pid=1148945)[0m WARNING:2026-07-08 06:24:06,206:7cd80b78-d458-4997-9e76-6ca0cc1ce15f/full: trimming teacher scores (77 → 75 tokens).  This is expected to be rare (<1% of steps).
[36m(TaskRunner pid=1148945)[0m WARNING:2026-07-08 06:24:06,206:7cd80b78-d458-4997-9e76-6ca0cc1ce15f/degraded: trimming teacher scores (77 → 75 tokens).  This is expected to be rare (<1% of steps).
[36m(TaskRunner pid=1148945)[0m WARNING:2026-07-08 06:24:06,207:7cd80b78-d458-4997-9e76-6ca0cc1ce15f/full: trimming teacher scores (77 → 62 tokens).  This is expected to be rare (<1% of steps).
[36m(TaskRunner pid=1148945)[0m WARNING:2026-07-08 06:24:06,207:7cd80b78-d458-4997-9e76-6ca0cc1ce15f/degraded: trimming teacher scores (77 → 62 tokens).  This is expected to be rare (<1% of steps).
[36m(TaskRunner pid=1148945)[0m WARNING:2026-07-08 06:24:06,207:7cd80b78-d458-4997-9e76-6ca0cc1ce15f/full: trimming teacher scores (77 → 64 tokens).  This is expected to be rare (<1% of steps).
[36m(TaskRunner pid=1148945)[0m WARNING:2026-07-08 06:24:06,207:7cd80b78-d458-4997-9e76-6ca0cc1ce15f/degraded: trimming teacher scores (77 → 64 tokens).  This is expected to be rare (<1% of steps).
[36m(TaskRunner pid=1148945)[0m WARNING:2026-07-08 06:24:06,207:7cd80b78-d458-4997-9e76-6ca0cc1ce15f/full: trimming teacher scores (77 → 67 tokens).  This is expected to be rare (<1% of steps).
[36m(TaskRunner pid=1148945)[0m WARNING:2026-07-08 06:24:06,207:7cd80b78-d458-4997-9e76-6ca0cc1ce15f/degraded: trimming teacher scores (77 → 67 tokens).  This is expected to be rare (<1% of steps).
[36m(TaskRunner pid=1148945)[0m WARNING:2026-07-08 06:24:06,208:7cd80b78-d458-4997-9e76-6ca0cc1ce15f/full: trimming teacher scores (77 → 22 tokens).  This is expected to be rare (<1% of steps).
[36m(TaskRunner pid=1148945)[0m WARNING:2026-07-08 06:24:06,208:7cd80b78-d458-4997-9e76-6ca0cc1ce15f/degraded: trimming teacher scores (77 → 22 tokens).  This is expected to be rare (<1% of steps).
[36m(TaskRunner pid=1148945)[0m WARNING:2026-07-08 06:24:06,208:7cd80b78-d458-4997-9e76-6ca0cc1ce15f/full: trimming teacher scores (77 → 57 tokens).  This is expected to be rare (<1% of steps).
[36m(TaskRunner pid=1148945)[0m WARNING:2026-07-08 06:24:06,208:7cd80b78-d458-4997-9e76-6ca0cc1ce15f/degraded: trimming teacher scores (77 → 57 tokens).  This is expected to be rare (<1% of steps).
[36m(TaskRunner pid=1148945)[0m WARNING:2026-07-08 06:24:06,208:7cd80b78-d458-4997-9e76-6ca0cc1ce15f/full: padding teacher scores (77 → 83 tokens).  Positions beyond teacher length get zero quality weight.
[36m(TaskRunner pid=1148945)[0m WARNING:2026-07-08 06:24:06,208:7cd80b78-d458-4997-9e76-6ca0cc1ce15f/degraded: padding teacher scores (77 → 83 tokens).  Positions beyond teacher length get zero quality weight.
[36m(TaskRunner pid=1148945)[0m WARNING:2026-07-08 06:24:06,209:9b2ea28b-55f2-4836-9998-ad9259d840bb/full: padding teacher scores (109 → 139 tokens).  Positions beyond teacher length get zero quality weight.
[36m(TaskRunner pid=1148945)[0m WARNING:2026-07-08 06:24:06,209:9b2ea28b-55f2-4836-9998-ad9259d840bb/degraded: padding teacher scores (109 → 139 tokens).  Positions beyond teacher length get zero quality weight.
[36m(TaskRunner pid=1148945)[0m WARNING:2026-07-08 06:24:06,209:9b2ea28b-55f2-4836-9998-ad9259d840bb/full: trimming teacher scores (109 → 49 tokens).  This is expected to be rare (<1% of steps).
[36m(TaskRunner pid=1148945)[0m WARNING:2026-07-08 06:24:06,210:9b2ea28b-55f2-4836-9998-ad9259d840bb/degraded: trimming teacher scores (109 → 49 tokens).  This is expected to be rare (<1% of steps).
[36m(TaskRunner pid=1148945)[0m WARNING:2026-07-08 06:24:06,210:9b2ea28b-55f2-4836-9998-ad9259d840bb/full: trimming teacher scores (109 → 43 tokens).  This is expected to be rare (<1% of steps).
[36m(TaskRunner pid=1148945)[0m WARNING:2026-07-08 06:24:06,210:9b2ea28b-55f2-4836-9998-ad9259d840bb/degraded: trimming teacher scores (109 → 43 tokens).  This is expected to be rare (<1% of steps).
[36m(TaskRunner pid=1148945)[0m WARNING:2026-07-08 06:24:06,210:9b2ea28b-55f2-4836-9998-ad9259d840bb/full: trimming teacher scores (109 → 88 tokens).  This is expected to be rare (<1% of steps).
[36m(TaskRunner pid=1148945)[0m WARNING:2026-07-08 06:24:06,210:9b2ea28b-55f2-4836-9998-ad9259d840bb/degraded: trimming teacher scores (109 → 88 tokens).  This is expected to be rare (<1% of steps).
[36m(TaskRunner pid=1148945)[0m WARNING:2026-07-08 06:24:06,210:9b2ea28b-55f2-4836-9998-ad9259d840bb/full: padding teacher scores (109 → 181 tokens).  Positions beyond teacher length get zero quality weight.
[36m(TaskRunner pid=1148945)[0m WARNING:2026-07-08 06:24:06,211:9b2ea28b-55f2-4836-9998-ad9259d840bb/degraded: padding teacher scores (109 → 181 tokens).  Positions beyond teacher length get zero quality weight.
[36m(TaskRunner pid=1148945)[0m WARNING:2026-07-08 06:24:06,211:9b2ea28b-55f2-4836-9998-ad9259d840bb/full: trimming teacher scores (109 → 20 tokens).  This is expected to be rare (<1% of steps).
[36m(TaskRunner pid=1148945)[0m WARNING:2026-07-08 06:24:06,211:9b2ea28b-55f2-4836-9998-ad9259d840bb/degraded: trimming teacher scores (109 → 20 tokens).  This is expected to be rare (<1% of steps).
[36m(TaskRunner pid=1148945)[0m WARNING:2026-07-08 06:24:06,211:9b2ea28b-55f2-4836-9998-ad9259d840bb/full: trimming teacher scores (109 → 11 tokens).  This is expected to be rare (<1% of steps).
[36m(TaskRunner pid=1148945)[0m WARNING:2026-07-08 06:24:06,211:9b2ea28b-55f2-4836-9998-ad9259d840bb/degraded: trimming teacher scores (109 → 11 tokens).  This is expected to be rare (<1% of steps).
[36m(TaskRunner pid=1148945)[0m WARNING:2026-07-08 06:24:06,316:========================================================================
[36m(TaskRunner pid=1148945)[0m WARNING:2026-07-08 06:24:06,316:  VA-OPD Pipeline Verification (arXiv 2605.21924 §3.2-3.3)
[36m(TaskRunner pid=1148945)[0m WARNING:2026-07-08 06:24:06,316:========================================================================
[36m(TaskRunner pid=1148945)[0m WARNING:2026-07-08 06:24:06,317:  C          = 2  conditions: ['full', 'degraded']
[36m(TaskRunner pid=1148945)[0m WARNING:2026-07-08 06:24:06,317:  loss_mode  = va_opd
[36m(TaskRunner pid=1148945)[0m WARNING:2026-07-08 06:24:06,317:  batch      = [B=48, T=2048]
[36m(TaskRunner pid=1148945)[0m WARNING:2026-07-08 06:24:06,317:  top_k      = 32
[36m(TaskRunner pid=1148945)[0m WARNING:2026-07-08 06:24:06,317:  exact_lp   = torch.Size([48, 2, 2048])  (None=tail-fallback)
[36m(TaskRunner pid=1148945)[0m WARNING:2026-07-08 06:24:06,317:  Student    = raw image + canonical question  (choices allowed, no XML)
[36m(TaskRunner pid=1148945)[0m WARNING:2026-07-08 06:24:06,317:  Teacher    = raw image + same canonical question  (no format bias)
[36m(TaskRunner pid=1148945)[0m WARNING:2026-07-08 06:24:06,317:  KL         = reverse (mode-seeking) KL(P_S || P_T)
[36m(TaskRunner pid=1148945)[0m WARNING:2026-07-08 06:24:06,317:  Formula §3.2: w^(k) = softmax(z_score(ā^(k)) / τ), sums to 1 per prompt
[36m(TaskRunner pid=1148945)[0m WARNING:2026-07-08 06:24:06,317:  Formula §3.3: L_group = 0.5·mean(KL_rev,HighVA) + 0.5·mean(KL_rev,LowVA)
[36m(TaskRunner pid=1148945)[0m WARNING:2026-07-08 06:24:06,317:  Total (formula 7): L = Σ_k w^(k)·L_group^(k)   (pure distillation, no GRPO)
[36m(TaskRunner pid=1148945)[0m WARNING:2026-07-08 06:24:06,317:========================================================================
[36m(TaskRunner pid=1148945)[0m ========================================================================
[36m(TaskRunner pid=1148945)[0m   VA-OPD Pipeline Verification (arXiv 2605.21924 §3.2-3.3)
[36m(TaskRunner pid=1148945)[0m ========================================================================
[36m(TaskRunner pid=1148945)[0m   C          = 2  conditions: ['full', 'degraded']
[36m(TaskRunner pid=1148945)[0m   loss_mode  = va_opd
[36m(TaskRunner pid=1148945)[0m   batch      = [B=48, T=2048]
[36m(TaskRunner pid=1148945)[0m   top_k      = 32
[36m(TaskRunner pid=1148945)[0m   exact_lp   = torch.Size([48, 2, 2048])  (None=tail-fallback)
[36m(TaskRunner pid=1148945)[0m   Student    = raw image + canonical question  (choices allowed, no XML)
[36m(TaskRunner pid=1148945)[0m   Teacher    = raw image + same canonical question  (no format bias)
[36m(TaskRunner pid=1148945)[0m   KL         = reverse (mode-seeking) KL(P_S || P_T)
[36m(TaskRunner pid=1148945)[0m   Formula §3.2: w^(k) = softmax(z_score(ā^(k)) / τ), sums to 1 per prompt
[36m(TaskRunner pid=1148945)[0m   Formula §3.3: L_group = 0.5·mean(KL_rev,HighVA) + 0.5·mean(KL_rev,LowVA)
[36m(TaskRunner pid=1148945)[0m   Total (formula 7): L = Σ_k w^(k)·L_group^(k)   (pure distillation, no GRPO)
[36m(TaskRunner pid=1148945)[0m ========================================================================
[36m(WorkerDict pid=1246292)[0m INFO:2026-07-08 06:24:41,892:update_weights done, time cost: 0.79s
[36m(TaskRunner pid=1148945)[0m Training Progress:   1%|          | 19/1751 [20:35<27:29:00, 57.13s/it]
[36m(TaskRunner pid=1148945)[0m WARNING:2026-07-08 06:24:59,860:cd8577f7-82bc-4b8d-b987-7a1ed47b41de/full: padding teacher scores (22 → 32 tokens).  Positions beyond teacher length get zero quality weight.
[36m(TaskRunner pid=1148945)[0m WARNING:2026-07-08 06:24:59,860:cd8577f7-82bc-4b8d-b987-7a1ed47b41de/degraded: padding teacher scores (22 → 32 tokens).  Positions beyond teacher length get zero quality weight.
[36m(TaskRunner pid=1148945)[0m WARNING:2026-07-08 06:24:59,861:cd8577f7-82bc-4b8d-b987-7a1ed47b41de/full: padding teacher scores (22 → 2048 tokens).  Positions beyond teacher length get zero quality weight.
[36m(TaskRunner pid=1148945)[0m WARNING:2026-07-08 06:24:59,861:cd8577f7-82bc-4b8d-b987-7a1ed47b41de/degraded: padding teacher scores (22 → 2048 tokens).  Positions beyond teacher length get zero quality weight.
[36m(TaskRunner pid=1148945)[0m WARNING:2026-07-08 06:24:59,862:cd8577f7-82bc-4b8d-b987-7a1ed47b41de/full: padding teacher scores (22 → 44 tokens).  Positions beyond teacher length get zero quality weight.
[36m(TaskRunner pid=1148945)[0m WARNING:2026-07-08 06:24:59,862:cd8577f7-82bc-4b8d-b987-7a1ed47b41de/degraded: padding teacher scores (22 → 44 tokens).  Positions beyond teacher length get zero quality weight.
[36m(TaskRunner pid=1148945)[0m WARNING:2026-07-08 06:24:59,862:cd8577f7-82bc-4b8d-b987-7a1ed47b41de/full: trimming teacher scores (22 → 18 tokens).  This is expected to be rare (<1% of steps).
[36m(TaskRunner pid=1148945)[0m WARNING:2026-07-08 06:24:59,862:cd8577f7-82bc-4b8d-b987-7a1ed47b41de/degraded: trimming teacher scores (22 → 18 tokens).  This is expected to be rare (<1% of steps).
[36m(TaskRunner pid=1148945)[0m WARNING:2026-07-08 06:24:59,862:cd8577f7-82bc-4b8d-b987-7a1ed47b41de/full: padding teacher scores (22 → 57 tokens).  Positions beyond teacher length get zero quality weight.
[36m(TaskRunner pid=1148945)[0m WARNING:2026-07-08 06:24:59,863:cd8577f7-82bc-4b8d-b987-7a1ed47b41de/degraded: padding teacher scores (22 → 57 tokens).  Positions beyond teacher length get zero quality weight.
[36m(TaskRunner pid=1148945)[0m WARNING:2026-07-08 06:24:59,863:cd8577f7-82bc-4b8d-b987-7a1ed47b41de/full: padding teacher scores (22 → 66 tokens).  Positions beyond teacher length get zero quality weight.
[36m(TaskRunner pid=1148945)[0m WARNING:2026-07-08 06:24:59,863:cd8577f7-82bc-4b8d-b987-7a1ed47b41de/degraded: padding teacher scores (22 → 66 tokens).  Positions beyond teacher length get zero quality weight.
[36m(TaskRunner pid=1148945)[0m WARNING:2026-07-08 06:24:59,863:cd8577f7-82bc-4b8d-b987-7a1ed47b41de/full: padding teacher scores (22 → 26 tokens).  Positions beyond teacher length get zero quality weight.
[36m(TaskRunner pid=1148945)[0m WARNING:2026-07-08 06:24:59,863:cd8577f7-82bc-4b8d-b987-7a1ed47b41de/degraded: padding teacher scores (22 → 26 tokens).  Positions beyond teacher length get zero quality weight.
[36m(TaskRunner pid=1148945)[0m WARNING:2026-07-08 06:24:59,864:057a2451-dafe-4947-aafd-78496dfb79a2/full: padding teacher scores (20 → 45 tokens).  Positions beyond teacher length get zero quality weight.
[36m(TaskRunner pid=1148945)[0m WARNING:2026-07-08 06:24:59,864:057a2451-dafe-4947-aafd-78496dfb79a2/degraded: padding teacher scores (20 → 45 tokens).  Positions beyond teacher length get zero quality weight.
[36m(TaskRunner pid=1148945)[0m WARNING:2026-07-08 06:24:59,864:057a2451-dafe-4947-aafd-78496dfb79a2/full: padding teacher scores (20 → 71 tokens).  Positions beyond teacher length get zero quality weight.
[36m(TaskRunner pid=1148945)[0m WARNING:2026-07-08 06:24:59,864:057a2451-dafe-4947-aafd-78496dfb79a2/degraded: padding teacher scores (20 → 71 tokens).  Positions beyond teacher length get zero quality weight.
[36m(TaskRunner pid=1148945)[0m WARNING:2026-07-08 06:24:59,865:057a2451-dafe-4947-aafd-78496dfb79a2/full: padding teacher scores (20 → 2048 tokens).  Positions beyond teacher length get zero quality weight.
[36m(TaskRunner pid=1148945)[0m WARNING:2026-07-08 06:24:59,865:057a2451-dafe-4947-aafd-78496dfb79a2/degraded: padding teacher scores (20 → 2048 tokens).  Positions beyond teacher length get zero quality weight.
[36m(TaskRunner pid=1148945)[0m WARNING:2026-07-08 06:24:59,866:057a2451-dafe-4947-aafd-78496dfb79a2/full: padding teacher scores (20 → 32 tokens).  Positions beyond teacher length get zero quality weight.
[36m(TaskRunner pid=1148945)[0m WARNING:2026-07-08 06:24:59,866:057a2451-dafe-4947-aafd-78496dfb79a2/degraded: padding teacher scores (20 → 32 tokens).  Positions beyond teacher length get zero quality weight.
[36m(TaskRunner pid=1148945)[0m WARNING:2026-07-08 06:24:59,866:057a2451-dafe-4947-aafd-78496dfb79a2/full: padding teacher scores (20 → 21 tokens).  Positions beyond teacher length get zero quality weight.
[36m(TaskRunner pid=1148945)[0m WARNING:2026-07-08 06:24:59,866:057a2451-dafe-4947-aafd-78496dfb79a2/degraded: padding teacher scores (20 → 21 tokens).  Positions beyond teacher length get zero quality weight.
[36m(TaskRunner pid=1148945)[0m WARNING:2026-07-08 06:24:59,866:057a2451-dafe-4947-aafd-78496dfb79a2/full: padding teacher scores (20 → 2048 tokens).  Positions beyond teacher length get zero quality weight.
[36m(TaskRunner pid=1148945)[0m WARNING:2026-07-08 06:24:59,867:057a2451-dafe-4947-aafd-78496dfb79a2/degraded: padding teacher scores (20 → 2048 tokens).  Positions beyond teacher length get zero quality weight.
[36m(TaskRunner pid=1148945)[0m WARNING:2026-07-08 06:24:59,867:057a2451-dafe-4947-aafd-78496dfb79a2/full: padding teacher scores (20 → 94 tokens).  Positions beyond teacher length get zero quality weight.
[36m(TaskRunner pid=1148945)[0m WARNING:2026-07-08 06:24:59,867:057a2451-dafe-4947-aafd-78496dfb79a2/degraded: padding teacher scores (20 → 94 tokens).  Positions beyond teacher length get zero quality weight.
[36m(TaskRunner pid=1148945)[0m WARNING:2026-07-08 06:24:59,868:ef4699ce-bc31-4adc-9bf5-3789164ef3d9/full: padding teacher scores (22 → 40 tokens).  Positions beyond teacher length get zero quality weight.
[36m(TaskRunner pid=1148945)[0m WARNING:2026-07-08 06:24:59,868:ef4699ce-bc31-4adc-9bf5-3789164ef3d9/degraded: padding teacher scores (22 → 40 tokens).  Positions beyond teacher length get zero quality weight.
[36m(TaskRunner pid=1148945)[0m WARNING:2026-07-08 06:24:59,868:ef4699ce-bc31-4adc-9bf5-3789164ef3d9/full: trimming teacher scores (22 → 13 tokens).  This is expected to be rare (<1% of steps).
[36m(TaskRunner pid=1148945)[0m WARNING:2026-07-08 06:24:59,868:ef4699ce-bc31-4adc-9bf5-3789164ef3d9/degraded: trimming teacher scores (22 → 13 tokens).  This is expected to be rare (<1% of steps).
[36m(TaskRunner pid=1148945)[0m WARNING:2026-07-08 06:24:59,869:ef4699ce-bc31-4adc-9bf5-3789164ef3d9/full: trimming teacher scores (22 → 17 tokens).  This is expected to be rare (<1% of steps).
[36m(TaskRunner pid=1148945)[0m WARNING:2026-07-08 06:24:59,869:ef4699ce-bc31-4adc-9bf5-3789164ef3d9/degraded: trimming teacher scores (22 → 17 tokens).  This is expected to be rare (<1% of steps).
[36m(TaskRunner pid=1148945)[0m WARNING:2026-07-08 06:24:59,869:ef4699ce-bc31-4adc-9bf5-3789164ef3d9/full: trimming teacher scores (22 → 19 tokens).  This is expected to be rare (<1% of steps).
[36m(TaskRunner pid=1148945)[0m WARNING:2026-07-08 06:24:59,869:ef4699ce-bc31-4adc-9bf5-3789164ef3d9/degraded: trimming teacher scores (22 → 19 tokens).  This is expected to be rare (<1% of steps).
[36m(TaskRunner pid=1148945)[0m WARNING:2026-07-08 06:24:59,869:ef4699ce-bc31-4adc-9bf5-3789164ef3d9/full: padding teacher scores (22 → 564 tokens).  Positions beyond teacher length get zero quality weight.
[36m(TaskRunner pid=1148945)[0m WARNING:2026-07-08 06:24:59,870:ef4699ce-bc31-4adc-9bf5-3789164ef3d9/degraded: padding teacher scores (22 → 564 tokens).  Positions beyond teacher length get zero quality weight.
[36m(TaskRunner pid=1148945)[0m WARNING:2026-07-08 06:24:59,870:ef4699ce-bc31-4adc-9bf5-3789164ef3d9/full: padding teacher scores (22 → 57 tokens).  Positions beyond teacher length get zero quality weight.
[36m(TaskRunner pid=1148945)[0m WARNING:2026-07-08 06:24:59,870:ef4699ce-bc31-4adc-9bf5-3789164ef3d9/degraded: padding teacher scores (22 → 57 tokens).  Positions beyond teacher length get zero quality weight.
[36m(TaskRunner pid=1148945)[0m WARNING:2026-07-08 06:24:59,870:ef4699ce-bc31-4adc-9bf5-3789164ef3d9/full: padding teacher scores (22 → 74 tokens).  Positions beyond teacher length get zero quality weight.
[36m(TaskRunner pid=1148945)[0m WARNING:2026-07-08 06:24:59,870:ef4699ce-bc31-4adc-9bf5-3789164ef3d9/degraded: padding teacher scores (22 → 74 tokens).  Positions beyond teacher length get zero quality weight.
[36m(TaskRunner pid=1148945)[0m WARNING:2026-07-08 06:24:59,872:86b1d663-ecf8-47ef-b28a-c19a313cf8a4/full: trimming teacher scores (2048 → 8 tokens).  This is expected to be rare (<1% of steps).
[36m(TaskRunner pid=1148945)[0m WARNING:2026-07-08 06:24:59,872:86b1d663-ecf8-47ef-b28a-c19a313cf8a4/degraded: trimming teacher scores (2048 → 8 tokens).  This is expected to be rare (<1% of steps).
[36m(TaskRunner pid=1148945)[0m WARNING:2026-07-08 06:24:59,873:86b1d663-ecf8-47ef-b28a-c19a313cf8a4/full: trimming teacher scores (2048 → 91 tokens).  This is expected to be rare (<1% of steps).
[36m(TaskRunner pid=1148945)[0m WARNING:2026-07-08 06:24:59,873:86b1d663-ecf8-47ef-b28a-c19a313cf8a4/degraded: trimming teacher scores (2048 → 91 tokens).  This is expected to be rare (<1% of steps).
[36m(TaskRunner pid=1148945)[0m WARNING:2026-07-08 06:24:59,873:86b1d663-ecf8-47ef-b28a-c19a313cf8a4/full: trimming teacher scores (2048 → 47 tokens).  This is expected to be rare (<1% of steps).
[36m(TaskRunner pid=1148945)[0m WARNING:2026-07-08 06:24:59,874:86b1d663-ecf8-47ef-b28a-c19a313cf8a4/degraded: trimming teacher scores (2048 → 47 tokens).  This is expected to be rare (<1% of steps).
[36m(TaskRunner pid=1148945)[0m WARNING:2026-07-08 06:24:59,874:86b1d663-ecf8-47ef-b28a-c19a313cf8a4/full: trimming teacher scores (2048 → 20 tokens).  This is expected to be rare (<1% of steps).
[36m(TaskRunner pid=1148945)[0m WARNING:2026-07-08 06:24:59,875:86b1d663-ecf8-47ef-b28a-c19a313cf8a4/degraded: trimming teacher scores (2048 → 20 tokens).  This is expected to be rare (<1% of steps).
[36m(TaskRunner pid=1148945)[0m WARNING:2026-07-08 06:24:59,875:86b1d663-ecf8-47ef-b28a-c19a313cf8a4/full: trimming teacher scores (2048 → 29 tokens).  This is expected to be rare (<1% of steps).
[36m(TaskRunner pid=1148945)[0m WARNING:2026-07-08 06:24:59,875:86b1d663-ecf8-47ef-b28a-c19a313cf8a4/degraded: trimming teacher scores (2048 → 29 tokens).  This is expected to be rare (<1% of steps).
[36m(TaskRunner pid=1148945)[0m WARNING:2026-07-08 06:24:59,876:86b1d663-ecf8-47ef-b28a-c19a313cf8a4/full: trimming teacher scores (2048 → 33 tokens).  This is expected to be rare (<1% of steps).
[36m(TaskRunner pid=1148945)[0m WARNING:2026-07-08 06:24:59,876:86b1d663-ecf8-47ef-b28a-c19a313cf8a4/degraded: trimming teacher scores (2048 → 33 tokens).  This is expected to be rare (<1% of steps).
[36m(TaskRunner pid=1148945)[0m WARNING:2026-07-08 06:24:59,877:949bb56e-3565-408e-81a4-cbf0029567ec/full: trimming teacher scores (54 → 41 tokens).  This is expected to be rare (<1% of steps).
[36m(TaskRunner pid=1148945)[0m WARNING:2026-07-08 06:24:59,878:949bb56e-3565-408e-81a4-cbf0029567ec/degraded: trimming teacher scores (54 → 41 tokens).  This is expected to be rare (<1% of steps).
[36m(TaskRunner pid=1148945)[0m WARNING:2026-07-08 06:24:59,878:949bb56e-3565-408e-81a4-cbf0029567ec/full: trimming teacher scores (54 → 38 tokens).  This is expected to be rare (<1% of steps).
[36m(TaskRunner pid=1148945)[0m WARNING:2026-07-08 06:24:59,878:949bb56e-3565-408e-81a4-cbf0029567ec/degraded: trimming teacher scores (54 → 38 tokens).  This is expected to be rare (<1% of steps).
[36m(TaskRunner pid=1148945)[0m WARNING:2026-07-08 06:24:59,878:949bb56e-3565-408e-81a4-cbf0029567ec/full: trimming teacher scores (54 → 28 tokens).  This is expected to be rare (<1% of steps).
[36m(TaskRunner pid=1148945)[0m WARNING:2026-07-08 06:24:59,878:949bb56e-3565-408e-81a4-cbf0029567ec/degraded: trimming teacher scores (54 → 28 tokens).  This is expected to be rare (<1% of steps).
[36m(TaskRunner pid=1148945)[0m WARNING:2026-07-08 06:24:59,879:949bb56e-3565-408e-81a4-cbf0029567ec/full: padding teacher scores (54 → 2048 tokens).  Positions beyond teacher length get zero quality weight.
[36m(TaskRunner pid=1148945)[0m WARNING:2026-07-08 06:24:59,879:949bb56e-3565-408e-81a4-cbf0029567ec/degraded: padding teacher scores (54 → 2048 tokens).  Positions beyond teacher length get zero quality weight.
[36m(TaskRunner pid=1148945)[0m WARNING:2026-07-08 06:24:59,879:949bb56e-3565-408e-81a4-cbf0029567ec/full: padding teacher scores (54 → 68 tokens).  Positions beyond teacher length get zero quality weight.
[36m(TaskRunner pid=1148945)[0m WARNING:2026-07-08 06:24:59,880:949bb56e-3565-408e-81a4-cbf0029567ec/degraded: padding teacher scores (54 → 68 tokens).  Positions beyond teacher length get zero quality weight.
[36m(TaskRunner pid=1148945)[0m WARNING:2026-07-08 06:24:59,880:949bb56e-3565-408e-81a4-cbf0029567ec/full: trimming teacher scores (54 → 31 tokens).  This is expected to be rare (<1% of steps).
[36m(TaskRunner pid=1148945)[0m WARNING:2026-07-08 06:24:59,880:949bb56e-3565-408e-81a4-cbf0029567ec/degraded: trimming teacher scores (54 → 31 tokens).  This is expected to be rare (<1% of steps).
[36m(TaskRunner pid=1148945)[0m WARNING:2026-07-08 06:24:59,880:949bb56e-3565-408e-81a4-cbf0029567ec/full: trimming teacher scores (54 → 39 tokens).  This is expected to be rare (<1% of steps).
[36m(TaskRunner pid=1148945)[0m WARNING:2026-07-08 06:24:59,880:949bb56e-3565-408e-81a4-cbf0029567ec/degraded: trimming teacher scores (54 → 39 tokens).  This is expected to be rare (<1% of steps).
[36m(TaskRunner pid=1148945)[0m WARNING:2026-07-08 06:24:59,881:d865fe55-48d8-4ca8-88ca-4ee6c8bc963a/full: padding teacher scores (14 → 90 tokens).  Positions beyond teacher length get zero quality weight.
[36m(TaskRunner pid=1148945)[0m WARNING:2026-07-08 06:24:59,881:d865fe55-48d8-4ca8-88ca-4ee6c8bc963a/degraded: padding teacher scores (14 → 90 tokens).  Positions beyond teacher length get zero quality weight.
[36m(TaskRunner pid=1148945)[0m WARNING:2026-07-08 06:24:59,881:d865fe55-48d8-4ca8-88ca-4ee6c8bc963a/full: padding teacher scores (14 → 48 tokens).  Positions beyond teacher length get zero quality weight.
[36m(TaskRunner pid=1148945)[0m WARNING:2026-07-08 06:24:59,881:d865fe55-48d8-4ca8-88ca-4ee6c8bc963a/degraded: padding teacher scores (14 → 48 tokens).  Positions beyond teacher length get zero quality weight.
[36m(TaskRunner pid=1148945)[0m WARNING:2026-07-08 06:24:59,881:d865fe55-48d8-4ca8-88ca-4ee6c8bc963a/full: padding teacher scores (14 → 33 tokens).  Positions beyond teacher length get zero quality weight.
[36m(TaskRunner pid=1148945)[0m WARNING:2026-07-08 06:24:59,882:d865fe55-48d8-4ca8-88ca-4ee6c8bc963a/degraded: padding teacher scores (14 → 33 tokens).  Positions beyond teacher length get zero quality weight.
[36m(TaskRunner pid=1148945)[0m WARNING:2026-07-08 06:24:59,882:d865fe55-48d8-4ca8-88ca-4ee6c8bc963a/full: padding teacher scores (14 → 172 tokens).  Positions beyond teacher length get zero quality weight.
[36m(TaskRunner pid=1148945)[0m WARNING:2026-07-08 06:24:59,882:d865fe55-48d8-4ca8-88ca-4ee6c8bc963a/degraded: padding teacher scores (14 → 172 tokens).  Positions beyond teacher length get zero quality weight.
[36m(TaskRunner pid=1148945)[0m WARNING:2026-07-08 06:24:59,882:d865fe55-48d8-4ca8-88ca-4ee6c8bc963a/full: padding teacher scores (14 → 49 tokens).  Positions beyond teacher length get zero quality weight.
[36m(TaskRunner pid=1148945)[0m WARNING:2026-07-08 06:24:59,882:d865fe55-48d8-4ca8-88ca-4ee6c8bc963a/degraded: padding teacher scores (14 → 49 tokens).  Positions beyond teacher length get zero quality weight.
[36m(TaskRunner pid=1148945)[0m WARNING:2026-07-08 06:24:59,883:d865fe55-48d8-4ca8-88ca-4ee6c8bc963a/full: padding teacher scores (14 → 321 tokens).  Positions beyond teacher length get zero quality weight.
[36m(TaskRunner pid=1148945)[0m WARNING:2026-07-08 06:24:59,883:d865fe55-48d8-4ca8-88ca-4ee6c8bc963a/degraded: padding teacher scores (14 → 321 tokens).  Positions beyond teacher length get zero quality weight.
[36m(TaskRunner pid=1148945)[0m WARNING:2026-07-08 06:24:59,883:d865fe55-48d8-4ca8-88ca-4ee6c8bc963a/full: padding teacher scores (14 → 24 tokens).  Positions beyond teacher length get zero quality weight.
[36m(TaskRunner pid=1148945)[0m WARNING:2026-07-08 06:24:59,883:d865fe55-48d8-4ca8-88ca-4ee6c8bc963a/degraded: padding teacher scores (14 → 24 tokens).  Positions beyond teacher length get zero quality weight.
[36m(TaskRunner pid=1148945)[0m WARNING:2026-07-08 06:24:59,931:========================================================================
[36m(TaskRunner pid=1148945)[0m WARNING:2026-07-08 06:24:59,931:  VA-OPD Pipeline Verification (arXiv 2605.21924 §3.2-3.3)
[36m(TaskRunner pid=1148945)[0m WARNING:2026-07-08 06:24:59,931:========================================================================
[36m(TaskRunner pid=1148945)[0m WARNING:2026-07-08 06:24:59,931:  C          = 2  conditions: ['full', 'degraded']
[36m(TaskRunner pid=1148945)[0m WARNING:2026-07-08 06:24:59,931:  loss_mode  = va_opd
[36m(TaskRunner pid=1148945)[0m WARNING:2026-07-08 06:24:59,931:  batch      = [B=48, T=2048]
[36m(TaskRunner pid=1148945)[0m WARNING:2026-07-08 06:24:59,931:  top_k      = 32
[36m(TaskRunner pid=1148945)[0m WARNING:2026-07-08 06:24:59,931:  exact_lp   = torch.Size([48, 2, 2048])  (None=tail-fallback)
[36m(TaskRunner pid=1148945)[0m WARNING:2026-07-08 06:24:59,931:  Student    = raw image + canonical question  (choices allowed, no XML)
[36m(TaskRunner pid=1148945)[0m WARNING:2026-07-08 06:24:59,931:  Teacher    = raw image + same canonical question  (no format bias)
[36m(TaskRunner pid=1148945)[0m WARNING:2026-07-08 06:24:59,931:  KL         = reverse (mode-seeking) KL(P_S || P_T)
[36m(TaskRunner pid=1148945)[0m WARNING:2026-07-08 06:24:59,931:  Formula §3.2: w^(k) = softmax(z_score(ā^(k)) / τ), sums to 1 per prompt
[36m(TaskRunner pid=1148945)[0m WARNING:2026-07-08 06:24:59,931:  Formula §3.3: L_group = 0.5·mean(KL_rev,HighVA) + 0.5·mean(KL_rev,LowVA)
[36m(TaskRunner pid=1148945)[0m WARNING:2026-07-08 06:24:59,931:  Total (formula 7): L = Σ_k w^(k)·L_group^(k)   (pure distillation, no GRPO)
[36m(TaskRunner pid=1148945)[0m WARNING:2026-07-08 06:24:59,931:========================================================================
[36m(TaskRunner pid=1148945)[0m ========================================================================
[36m(TaskRunner pid=1148945)[0m   VA-OPD Pipeline Verification (arXiv 2605.21924 §3.2-3.3)
[36m(TaskRunner pid=1148945)[0m ========================================================================
[36m(TaskRunner pid=1148945)[0m   C          = 2  conditions: ['full', 'degraded']
[36m(TaskRunner pid=1148945)[0m   loss_mode  = va_opd
[36m(TaskRunner pid=1148945)[0m   batch      = [B=48, T=2048]
[36m(TaskRunner pid=1148945)[0m   top_k      = 32
[36m(TaskRunner pid=1148945)[0m   exact_lp   = torch.Size([48, 2, 2048])  (None=tail-fallback)
[36m(TaskRunner pid=1148945)[0m   Student    = raw image + canonical question  (choices allowed, no XML)
[36m(TaskRunner pid=1148945)[0m   Teacher    = raw image + same canonical question  (no format bias)
[36m(TaskRunner pid=1148945)[0m   KL         = reverse (mode-seeking) KL(P_S || P_T)
[36m(TaskRunner pid=1148945)[0m   Formula §3.2: w^(k) = softmax(z_score(ā^(k)) / τ), sums to 1 per prompt
[36m(TaskRunner pid=1148945)[0m   Formula §3.3: L_group = 0.5·mean(KL_rev,HighVA) + 0.5·mean(KL_rev,LowVA)
[36m(TaskRunner pid=1148945)[0m   Total (formula 7): L = Σ_k w^(k)·L_group^(k)   (pure distillation, no GRPO)
[36m(TaskRunner pid=1148945)[0m ========================================================================
[36m(WorkerDict pid=1246292)[0m INFO:2026-07-08 06:25:36,023:update_weights done, time cost: 0.98s

[36m(TaskRunner pid=1148945)[0m Dumped generations to /inspire/hdd/global_user/mengweicheng-240108120092/lzy/projects/Dual-Track-OPD/outputs/fc_opd_overnight_noreshard_noreshard_20260708_055809/rollouts/18.jsonl
[36m(TaskRunner pid=1148945)[0m step:18 - fc_opd/hook_loss:0.0 - fc_opd/hook_num_samples:48.0 - fc_opd/hook_active_weight:20128.0 - fc_opd/online/loss:0.0 - fc_opd/online/num_samples:48.0 - global_seqlen/min:1960 - global_seqlen/max:5286 - global_seqlen/minmax_diff:3326 - global_seqlen/balanced_min:2252 - global_seqlen/balanced_max:3909 - global_seqlen/mean:3072.0 - actor/entropy:1.143651008605957 - perf/mfu/actor_infer:0 - actor/pg_loss:0.039115151540803104 - actor/kl_loss:0.0 - actor/fc_opd_loss:5.323198159535726 - actor/pg_clipfrac:0.0 - actor/ppo_kl:0.0 - actor/pg_clipfrac_lower:0.0 - actor/fc_opd_denominator:1.0 - actor/fc_opd_va_opd/loss:6.2225832144419355 - actor/fc_opd_va_opd/token_mean_loss:3.754673699537913 - actor/fc_opd_va_opd/rollout_weight_sum:1.0000000099341075 - actor/fc_opd_va/mean:0.13532810968657336 - actor/fc_opd_va/sparsity:0.7370515018701553 - actor/grad_norm:20.141172409057617 - perf/mfu/actor:0.003560961473878676 - perf/max_memory_allocated_gb:89.34428596496582 - perf/max_memory_reserved_gb:104.646484375 - perf/cpu_memory_used_gb:200.77122942606607 - actor/lr:2e-06 - training/global_step:18 - training/epoch:0 - critic/score/mean:0.1458333283662796 - critic/score/max:1.0 - critic/score/min:0.0 - critic/rewards/mean:0.1458333283662796 - critic/rewards/max:1.0 - critic/rewards/min:0.0 - critic/advantages/mean:-0.49235260486602783 - critic/advantages/max:0.35355237126350403 - critic/advantages/min:-2.4748666286468506 - critic/returns/mean:-0.49235260486602783 - critic/returns/max:0.35355237126350403 - critic/returns/min:-2.4748666286468506 - response_length/mean:209.6666717529297 - response_length/max:2048.0 - response_length/min:10.0 - response_length/clip_ratio:0.0625 - response_length_non_aborted/mean:209.6666717529297 - response_length_non_aborted/max:2048.0 - response_length_non_aborted/min:10.0 - response_length_non_aborted/clip_ratio:0.0625 - response/aborted_ratio:0.0 - prompt_length/mean:174.3333282470703 - prompt_length/max:332.0 - prompt_length/min:136.0 - prompt_length/clip_ratio:0.0 - num_turns/min:2 - num_turns/max:2 - num_turns/mean:2.0 - timing_s/start_profile:3.42419371008873e-05 - timing_s/agent_loop/num_preempted/min:-1 - timing_s/agent_loop/num_preempted/max:-1 - timing_s/agent_loop/num_preempted/mean:-1.0 - timing_s/agent_loop/generate_sequences/min:0.15892863599583507 - timing_s/agent_loop/generate_sequences/max:9.538814786821604 - timing_s/agent_loop/generate_sequences/mean:1.1128219858607433 - timing_s/agent_loop/tool_calls/min:0.0 - timing_s/agent_loop/tool_calls/max:0.0 - timing_s/agent_loop/tool_calls/mean:0.0 - timing_s/agent_loop/slowest/generate_sequences:9.538814786821604 - timing_s/agent_loop/slowest/tool_calls:0.0 - timing_s/agent_loop/slowest/prompt_length:145 - timing_s/agent_loop/slowest/response_length:2048 - timing_s/agent_loop/slowest/num_preempted:-1 - timing_s/gen:10.898601321969181 - timing_s/fc_opd:6.063891826197505 - timing_s/reward:2.9350165277719498e-05 - timing_s/old_log_prob:6.113501985091716 - timing_s/adv:0.001610368024557829 - timing_s/update_actor:24.696636216249317 - timing_s/update_weights:5.561984192114323 - timing_s/dump_rollout_generations:0.04809188097715378 - timing_s/step:53.42726080305874 - timing_s/stop_profile:4.673795774579048e-05 - timing_per_token_ms/update_actor:1.3398782669406097 - timing_per_token_ms/gen:1.0829293841384322 - timing_per_token_ms/adv:8.736805688790305e-05 - perf/total_num_tokens:18432 - perf/time_per_step:53.42726080305874 - perf/throughput:57.49873667160054
[36m(TaskRunner pid=1148945)[0m Dumped generations to /inspire/hdd/global_user/mengweicheng-240108120092/lzy/projects/Dual-Track-OPD/outputs/fc_opd_overnight_noreshard_noreshard_20260708_055809/rollouts/19.jsonl
[36m(TaskRunner pid=1148945)[0m step:19 - fc_opd/hook_loss:0.0 - fc_opd/hook_num_samples:48.0 - fc_opd/hook_active_weight:28200.0 - fc_opd/online/loss:0.0 - fc_opd/online/num_samples:48.0 - global_seqlen/min:1625 - global_seqlen/max:7674 - global_seqlen/minmax_diff:6049 - global_seqlen/balanced_min:2855 - global_seqlen/balanced_max:4130 - global_seqlen/mean:3910.0 - actor/entropy:1.0207005739212036 - perf/mfu/actor_infer:0 - actor/pg_loss:0.009455406160365479 - actor/kl_loss:0.0 - actor/fc_opd_loss:8.027599334716797 - actor/pg_clipfrac:0.0 - actor/ppo_kl:0.0 - actor/pg_clipfrac_lower:0.0 - actor/fc_opd_denominator:1.0 - actor/fc_opd_va_opd/loss:8.593019326527914 - actor/fc_opd_va_opd/token_mean_loss:6.016605178515117 - actor/fc_opd_va_opd/rollout_weight_sum:1.0000000496705372 - actor/fc_opd_va/mean:0.09981889401872952 - actor/fc_opd_va/sparsity:0.6044900665680567 - actor/grad_norm:10.047111511230469 - perf/mfu/actor:0.004423524663083828 - perf/max_memory_allocated_gb:89.34428596496582 - perf/max_memory_reserved_gb:104.646484375 - perf/cpu_memory_used_gb:200.82203674316406 - actor/lr:2e-06 - training/global_step:19 - training/epoch:0 - critic/score/mean:0.1875 - critic/score/max:1.0 - critic/score/min:0.0 - critic/rewards/mean:0.1875 - critic/rewards/max:1.0 - critic/rewards/min:0.0 - critic/advantages/mean:-0.09027048200368881 - critic/advantages/max:1.6201815605163574 - critic/advantages/min:-2.4748666286468506 - critic/returns/mean:-0.09027048200368881 - critic/returns/max:1.6201815605163574 - critic/returns/min:-2.4748666286468506 - response_length/mean:293.75 - response_length/max:2048.0 - response_length/min:9.0 - response_length/clip_ratio:0.1041666641831398 - response_length_non_aborted/mean:293.75 - response_length_non_aborted/max:2048.0 - response_length_non_aborted/min:9.0 - response_length_non_aborted/clip_ratio:0.1041666641831398 - response/aborted_ratio:0.0 - prompt_length/mean:195.0 - prompt_length/max:292.0 - prompt_length/min:136.0 - prompt_length/clip_ratio:0.0 - num_turns/min:2 - num_turns/max:2 - num_turns/mean:2.0 - timing_s/start_profile:5.727214738726616e-05 - timing_s/agent_loop/num_preempted/min:-1 - timing_s/agent_loop/num_preempted/max:-1 - timing_s/agent_loop/num_preempted/mean:-1.0 - timing_s/agent_loop/generate_sequences/min:0.1595238158479333 - timing_s/agent_loop/generate_sequences/max:9.950331585016102 - timing_s/agent_loop/generate_sequences/mean:1.518399312257922 - timing_s/agent_loop/tool_calls/min:0.0 - timing_s/agent_loop/tool_calls/max:0.0 - timing_s/agent_loop/tool_calls/mean:0.0 - timing_s/agent_loop/slowest/generate_sequences:9.950331585016102 - timing_s/agent_loop/slowest/tool_calls:0.0 - timing_s/agent_loop/slowest/prompt_length:223 - timing_s/agent_loop/slowest/response_length:2048 - timing_s/agent_loop/slowest/num_preempted:-1 - timing_s/gen:11.188479223754257 - timing_s/fc_opd:6.644144808873534 - timing_s/reward:2.017524093389511e-05 - timing_s/old_log_prob:6.1571139567531645 - timing_s/adv:0.0015700031071901321 - timing_s/update_actor:24.829914087895304 - timing_s/update_weights:5.0917339669540524 - timing_s/dump_rollout_generations:0.04995816992595792 - timing_s/step:54.02176863932982 - timing_s/stop_profile:4.2516738176345825e-05 - timing_per_token_ms/update_actor:1.0583936098847102 - timing_per_token_ms/gen:0.7935091648052665 - timing_per_token_ms/adv:6.692255358866718e-05 - perf/total_num_tokens:23460 - perf/time_per_step:54.02176863932982 - perf/throughput:72.37823008174111
[36m(TaskRunner pid=1148945)[0m Dumped generations to /inspire/hdd/global_user/mengweicheng-240108120092/lzy/projects/Dual-Track-OPD/outputs/fc_opd_overnight_noreshard_noreshard_20260708_055809/rollouts/20.jsonl
[36m(TaskRunner pid=1148945)[0m step:20 - fc_opd/hook_loss:0.0 - fc_opd/hook_num_samples:48.0 - fc_opd/hook_active_weight:29840.0 - fc_opd/online/loss:0.0 - fc_opd/online/num_samples:48.0 - global_seqlen/min:2103 - global_seqlen/max:5627 - global_seqlen/minmax_diff:3524 - global_seqlen/balanced_min:4092 - global_seqlen/balanced_max:4152 - global_seqlen/mean:4110.666666666667 - actor/entropy:0.8137301206588745 - perf/mfu/actor_infer:0 - actor/pg_loss:0.011136013577925041 - actor/kl_loss:0.0 - actor/fc_opd_loss:4.750681281089783 - actor/pg_clipfrac:0.0 - actor/ppo_kl:0.0 - actor/pg_clipfrac_lower:0.0 - actor/fc_opd_denominator:1.0 - actor/fc_opd_va_opd/loss:5.628233710924785 - actor/fc_opd_va_opd/token_mean_loss:3.6164366006851196 - actor/fc_opd_va_opd/rollout_weight_sum:1.0000000099341075 - actor/fc_opd_va/mean:0.12477870999524991 - actor/fc_opd_va/sparsity:0.7594635784626007 - actor/grad_norm:12.708647727966309 - perf/mfu/actor:0.0047028029563525595 - perf/max_memory_allocated_gb:89.34428596496582 - perf/max_memory_reserved_gb:104.646484375 - perf/cpu_memory_used_gb:200.95720100402832 - actor/lr:2e-06 - training/global_step:20 - training/epoch:0 - critic/score/mean:0.3125 - critic/score/max:1.0 - critic/score/min:0.0 - critic/rewards/mean:0.3125 - critic/rewards/max:1.0 - critic/rewards/min:0.0 - critic/advantages/mean:-0.08191569894552231 - critic/advantages/max:2.4748666286468506 - critic/advantages/min:-0.935412585735321 - critic/returns/mean:-0.08191569894552231 - critic/returns/max:2.4748666286468506 - critic/returns/min:-0.935412585735321 - response_length/mean:310.8333435058594 - response_length/max:2048.0 - response_length/min:8.0 - response_length/clip_ratio:0.125 - response_length_non_aborted/mean:310.8333435058594 - response_length_non_aborted/max:2048.0 - response_length_non_aborted/min:8.0 - response_length_non_aborted/clip_ratio:0.125 - response/aborted_ratio:0.0 - prompt_length/mean:203.0 - prompt_length/max:378.0 - prompt_length/min:140.0 - prompt_length/clip_ratio:0.0 - num_turns/min:2 - num_turns/max:2 - num_turns/mean:2.0 - timing_s/start_profile:3.21660190820694e-05 - timing_s/agent_loop/num_preempted/min:-1 - timing_s/agent_loop/num_preempted/max:-1 - timing_s/agent_loop/num_preempted/mean:-1.0 - timing_s/agent_loop/generate_sequences/min:0.18112007156014442 - timing_s/agent_loop/generate_sequences/max:9.660237081814557 - timing_s/agent_loop/generate_sequences/mean:1.5778006949888852 - timing_s/agent_loop/tool_calls/min:0.0 - timing_s/agent_loop/tool_calls/max:0.0 - timing_s/agent_loop/tool_calls/mean:0.0 - timing_s/agent_loop/slowest/generate_sequences:9.660237081814557 - timing_s/agent_loop/slowest/tool_calls:0.0 - timing_s/agent_loop/slowest/prompt_length:140 - timing_s/agent_loop/slowest/response_length:2048 - timing_s/agent_loop/slowest/num_preempted:-1 - timing_s/gen:10.911234302911907 - timing_s/fc_opd:6.513607776258141 - timing_s/reward:3.4475233405828476e-05 - timing_s/old_log_prob:6.147419426124543 - timing_s/adv:0.0017846152186393738 - timing_s/update_actor:24.92840296495706 - timing_s/update_weights:5.497097238898277 - timing_s/dump_rollout_generations:0.04751717485487461 - timing_s/step:54.10424425499514 - timing_s/stop_profile:4.855496808886528e-05 - timing_per_token_ms/update_actor:1.0107201980602116 - timing_per_token_ms/gen:0.731315972045034 - timing_per_token_ms/adv:7.235708800840796e-05 - perf/total_num_tokens:24664 - perf/time_per_step:54.10424425499514 - perf/throughput:75.97678746408424[36m(TaskRunner pid=1148945)[0m Training Progress:   1%|          | 20/1751 [21:29<27:01:56, 56.22s/it]
[36m(TaskRunner pid=1148945)[0m WARNING:2026-07-08 06:25:58,312:afc2147f-9abf-481b-9352-ba581c6c2cdb/full: padding teacher scores (40 → 2048 tokens).  Positions beyond teacher length get zero quality weight.
[36m(TaskRunner pid=1148945)[0m WARNING:2026-07-08 06:25:58,313:afc2147f-9abf-481b-9352-ba581c6c2cdb/degraded: padding teacher scores (40 → 2048 tokens).  Positions beyond teacher length get zero quality weight.
[36m(TaskRunner pid=1148945)[0m WARNING:2026-07-08 06:25:58,314:afc2147f-9abf-481b-9352-ba581c6c2cdb/full: padding teacher scores (40 → 95 tokens).  Positions beyond teacher length get zero quality weight.
[36m(TaskRunner pid=1148945)[0m WARNING:2026-07-08 06:25:58,314:afc2147f-9abf-481b-9352-ba581c6c2cdb/degraded: padding teacher scores (40 → 95 tokens).  Positions beyond teacher length get zero quality weight.
[36m(TaskRunner pid=1148945)[0m WARNING:2026-07-08 06:25:58,315:afc2147f-9abf-481b-9352-ba581c6c2cdb/full: trimming teacher scores (40 → 16 tokens).  This is expected to be rare (<1% of steps).
[36m(TaskRunner pid=1148945)[0m WARNING:2026-07-08 06:25:58,315:afc2147f-9abf-481b-9352-ba581c6c2cdb/degraded: trimming teacher scores (40 → 16 tokens).  This is expected to be rare (<1% of steps).
[36m(TaskRunner pid=1148945)[0m WARNING:2026-07-08 06:25:58,315:afc2147f-9abf-481b-9352-ba581c6c2cdb/full: padding teacher scores (40 → 46 tokens).  Positions beyond teacher length get zero quality weight.
[36m(TaskRunner pid=1148945)[0m WARNING:2026-07-08 06:25:58,315:afc2147f-9abf-481b-9352-ba581c6c2cdb/degraded: padding teacher scores (40 → 46 tokens).  Positions beyond teacher length get zero quality weight.
[36m(TaskRunner pid=1148945)[0m WARNING:2026-07-08 06:25:58,316:afc2147f-9abf-481b-9352-ba581c6c2cdb/full: padding teacher scores (40 → 2048 tokens).  Positions beyond teacher length get zero quality weight.
[36m(TaskRunner pid=1148945)[0m WARNING:2026-07-08 06:25:58,316:afc2147f-9abf-481b-9352-ba581c6c2cdb/degraded: padding teacher scores (40 → 2048 tokens).  Positions beyond teacher length get zero quality weight.
[36m(TaskRunner pid=1148945)[0m WARNING:2026-07-08 06:25:58,317:afc2147f-9abf-481b-9352-ba581c6c2cdb/full: padding teacher scores (40 → 70 tokens).  Positions beyond teacher length get zero quality weight.
[36m(TaskRunner pid=1148945)[0m WARNING:2026-07-08 06:25:58,317:afc2147f-9abf-481b-9352-ba581c6c2cdb/degraded: padding teacher scores (40 → 70 tokens).  Positions beyond teacher length get zero quality weight.
[36m(TaskRunner pid=1148945)[0m WARNING:2026-07-08 06:25:58,319:c18d2158-e327-449c-bd18-c79ae5cd63d1/full: trimming teacher scores (2048 → 35 tokens).  This is expected to be rare (<1% of steps).
[36m(TaskRunner pid=1148945)[0m WARNING:2026-07-08 06:25:58,320:c18d2158-e327-449c-bd18-c79ae5cd63d1/degraded: trimming teacher scores (2048 → 35 tokens).  This is expected to be rare (<1% of steps).
[36m(TaskRunner pid=1148945)[0m WARNING:2026-07-08 06:25:58,320:c18d2158-e327-449c-bd18-c79ae5cd63d1/full: trimming teacher scores (2048 → 25 tokens).  This is expected to be rare (<1% of steps).
[36m(TaskRunner pid=1148945)[0m WARNING:2026-07-08 06:25:58,321:c18d2158-e327-449c-bd18-c79ae5cd63d1/degraded: trimming teacher scores (2048 → 25 tokens).  This is expected to be rare (<1% of steps).
[36m(TaskRunner pid=1148945)[0m WARNING:2026-07-08 06:25:58,321:c18d2158-e327-449c-bd18-c79ae5cd63d1/full: trimming teacher scores (2048 → 1151 tokens).  This is expected to be rare (<1% of steps).
[36m(TaskRunner pid=1148945)[0m WARNING:2026-07-08 06:25:58,322:c18d2158-e327-449c-bd18-c79ae5cd63d1/degraded: trimming teacher scores (2048 → 1151 tokens).  This is expected to be rare (<1% of steps).
[36m(TaskRunner pid=1148945)[0m WARNING:2026-07-08 06:25:58,322:c18d2158-e327-449c-bd18-c79ae5cd63d1/full: trimming teacher scores (2048 → 122 tokens).  This is expected to be rare (<1% of steps).
[36m(TaskRunner pid=1148945)[0m WARNING:2026-07-08 06:25:58,322:c18d2158-e327-449c-bd18-c79ae5cd63d1/degraded: trimming teacher scores (2048 → 122 tokens).  This is expected to be rare (<1% of steps).
[36m(TaskRunner pid=1148945)[0m WARNING:2026-07-08 06:25:58,324:c18d2158-e327-449c-bd18-c79ae5cd63d1/full: trimming teacher scores (2048 → 52 tokens).  This is expected to be rare (<1% of steps).
[36m(TaskRunner pid=1148945)[0m WARNING:2026-07-08 06:25:58,324:c18d2158-e327-449c-bd18-c79ae5cd63d1/degraded: trimming teacher scores (2048 → 52 tokens).  This is expected to be rare (<1% of steps).
[36m(TaskRunner pid=1148945)[0m WARNING:2026-07-08 06:25:58,325:0c006a78-7399-4089-a6f3-6e18548a607d/full: padding teacher scores (66 → 121 tokens).  Positions beyond teacher length get zero quality weight.
[36m(TaskRunner pid=1148945)[0m WARNING:2026-07-08 06:25:58,325:0c006a78-7399-4089-a6f3-6e18548a607d/degraded: padding teacher scores (66 → 121 tokens).  Positions beyond teacher length get zero quality weight.
[36m(TaskRunner pid=1148945)[0m WARNING:2026-07-08 06:25:58,325:0c006a78-7399-4089-a6f3-6e18548a607d/full: trimming teacher scores (66 → 44 tokens).  This is expected to be rare (<1% of steps).
[36m(TaskRunner pid=1148945)[0m WARNING:2026-07-08 06:25:58,325:0c006a78-7399-4089-a6f3-6e18548a607d/degraded: trimming teacher scores (66 → 44 tokens).  This is expected to be rare (<1% of steps).
[36m(TaskRunner pid=1148945)[0m WARNING:2026-07-08 06:25:58,325:0c006a78-7399-4089-a6f3-6e18548a607d/full: trimming teacher scores (66 → 12 tokens).  This is expected to be rare (<1% of steps).
[36m(TaskRunner pid=1148945)[0m WARNING:2026-07-08 06:25:58,326:0c006a78-7399-4089-a6f3-6e18548a607d/degraded: trimming teacher scores (66 → 12 tokens).  This is expected to be rare (<1% of steps).
[36m(TaskRunner pid=1148945)[0m WARNING:2026-07-08 06:25:58,326:0c006a78-7399-4089-a6f3-6e18548a607d/full: trimming teacher scores (66 → 16 tokens).  This is expected to be rare (<1% of steps).
[36m(TaskRunner pid=1148945)[0m WARNING:2026-07-08 06:25:58,326:0c006a78-7399-4089-a6f3-6e18548a607d/degraded: trimming teacher scores (66 → 16 tokens).  This is expected to be rare (<1% of steps).
[36m(TaskRunner pid=1148945)[0m WARNING:2026-07-08 06:25:58,326:0c006a78-7399-4089-a6f3-6e18548a607d/full: trimming teacher scores (66 → 36 tokens).  This is expected to be rare (<1% of steps).
[36m(TaskRunner pid=1148945)[0m WARNING:2026-07-08 06:25:58,326:0c006a78-7399-4089-a6f3-6e18548a607d/degraded: trimming teacher scores (66 → 36 tokens).  This is expected to be rare (<1% of steps).
[36m(TaskRunner pid=1148945)[0m WARNING:2026-07-08 06:25:58,327:0c006a78-7399-4089-a6f3-6e18548a607d/full: trimming teacher scores (66 → 64 tokens).  This is expected to be rare (<1% of steps).
[36m(TaskRunner pid=1148945)[0m WARNING:2026-07-08 06:25:58,327:0c006a78-7399-4089-a6f3-6e18548a607d/degraded: trimming teacher scores (66 → 64 tokens).  This is expected to be rare (<1% of steps).
[36m(TaskRunner pid=1148945)[0m WARNING:2026-07-08 06:25:58,327:0c006a78-7399-4089-a6f3-6e18548a607d/full: trimming teacher scores (66 → 12 tokens).  This is expected to be rare (<1% of steps).
[36m(TaskRunner pid=1148945)[0m WARNING:2026-07-08 06:25:58,327:0c006a78-7399-4089-a6f3-6e18548a607d/degraded: trimming teacher scores (66 → 12 tokens).  This is expected to be rare (<1% of steps).
[36m(TaskRunner pid=1148945)[0m WARNING:2026-07-08 06:25:58,328:10c8081d-0db4-4735-9b1e-7156100d6218/full: trimming teacher scores (2048 → 90 tokens).  This is expected to be rare (<1% of steps).
[36m(TaskRunner pid=1148945)[0m WARNING:2026-07-08 06:25:58,329:10c8081d-0db4-4735-9b1e-7156100d6218/degraded: trimming teacher scores (2048 → 90 tokens).  This is expected to be rare (<1% of steps).
[36m(TaskRunner pid=1148945)[0m WARNING:2026-07-08 06:25:58,330:10c8081d-0db4-4735-9b1e-7156100d6218/full: trimming teacher scores (2048 → 106 tokens).  This is expected to be rare (<1% of steps).
[36m(TaskRunner pid=1148945)[0m WARNING:2026-07-08 06:25:58,330:10c8081d-0db4-4735-9b1e-7156100d6218/degraded: trimming teacher scores (2048 → 106 tokens).  This is expected to be rare (<1% of steps).
[36m(TaskRunner pid=1148945)[0m WARNING:2026-07-08 06:25:58,331:10c8081d-0db4-4735-9b1e-7156100d6218/full: trimming teacher scores (2048 → 35 tokens).  This is expected to be rare (<1% of steps).
[36m(TaskRunner pid=1148945)[0m WARNING:2026-07-08 06:25:58,331:10c8081d-0db4-4735-9b1e-7156100d6218/degraded: trimming teacher scores (2048 → 35 tokens).  This is expected to be rare (<1% of steps).
[36m(TaskRunner pid=1148945)[0m WARNING:2026-07-08 06:25:58,332:10c8081d-0db4-4735-9b1e-7156100d6218/full: trimming teacher scores (2048 → 14 tokens).  This is expected to be rare (<1% of steps).
[36m(TaskRunner pid=1148945)[0m WARNING:2026-07-08 06:25:58,333:10c8081d-0db4-4735-9b1e-7156100d6218/degraded: trimming teacher scores (2048 → 14 tokens).  This is expected to be rare (<1% of steps).
[36m(TaskRunner pid=1148945)[0m WARNING:2026-07-08 06:25:58,333:10c8081d-0db4-4735-9b1e-7156100d6218/full: trimming teacher scores (2048 → 11 tokens).  This is expected to be rare (<1% of steps).
[36m(TaskRunner pid=1148945)[0m WARNING:2026-07-08 06:25:58,334:10c8081d-0db4-4735-9b1e-7156100d6218/degraded: trimming teacher scores (2048 → 11 tokens).  This is expected to be rare (<1% of steps).
[36m(TaskRunner pid=1148945)[0m WARNING:2026-07-08 06:25:58,334:601fa938-f74b-4ef5-b915-5c38098a94d1/full: padding teacher scores (16 → 2048 tokens).  Positions beyond teacher length get zero quality weight.
[36m(TaskRunner pid=1148945)[0m WARNING:2026-07-08 06:25:58,335:601fa938-f74b-4ef5-b915-5c38098a94d1/degraded: padding teacher scores (16 → 2048 tokens).  Positions beyond teacher length get zero quality weight.
[36m(TaskRunner pid=1148945)[0m WARNING:2026-07-08 06:25:58,335:601fa938-f74b-4ef5-b915-5c38098a94d1/full: padding teacher scores (16 → 24 tokens).  Positions beyond teacher length get zero quality weight.
[36m(TaskRunner pid=1148945)[0m WARNING:2026-07-08 06:25:58,335:601fa938-f74b-4ef5-b915-5c38098a94d1/degraded: padding teacher scores (16 → 24 tokens).  Positions beyond teacher length get zero quality weight.
[36m(TaskRunner pid=1148945)[0m WARNING:2026-07-08 06:25:58,336:601fa938-f74b-4ef5-b915-5c38098a94d1/full: padding teacher scores (16 → 2048 tokens).  Positions beyond teacher length get zero quality weight.
[36m(TaskRunner pid=1148945)[0m WARNING:2026-07-08 06:25:58,336:601fa938-f74b-4ef5-b915-5c38098a94d1/degraded: padding teacher scores (16 → 2048 tokens).  Positions beyond teacher length get zero quality weight.
[36m(TaskRunner pid=1148945)[0m WARNING:2026-07-08 06:25:58,337:601fa938-f74b-4ef5-b915-5c38098a94d1/full: padding teacher scores (16 → 2048 tokens).  Positions beyond teacher length get zero quality weight.
[36m(TaskRunner pid=1148945)[0m WARNING:2026-07-08 06:25:58,338:601fa938-f74b-4ef5-b915-5c38098a94d1/degraded: padding teacher scores (16 → 2048 tokens).  Positions beyond teacher length get zero quality weight.
[36m(TaskRunner pid=1148945)[0m WARNING:2026-07-08 06:25:58,338:601fa938-f74b-4ef5-b915-5c38098a94d1/full: padding teacher scores (16 → 124 tokens).  Positions beyond teacher length get zero quality weight.
[36m(TaskRunner pid=1148945)[0m WARNING:2026-07-08 06:25:58,338:601fa938-f74b-4ef5-b915-5c38098a94d1/degraded: padding teacher scores (16 → 124 tokens).  Positions beyond teacher length get zero quality weight.
[36m(TaskRunner pid=1148945)[0m WARNING:2026-07-08 06:25:58,339:601fa938-f74b-4ef5-b915-5c38098a94d1/full: trimming teacher scores (16 → 11 tokens).  This is expected to be rare (<1% of steps).
[36m(TaskRunner pid=1148945)[0m WARNING:2026-07-08 06:25:58,339:601fa938-f74b-4ef5-b915-5c38098a94d1/degraded: trimming teacher scores (16 → 11 tokens).  This is expected to be rare (<1% of steps).
[36m(TaskRunner pid=1148945)[0m WARNING:2026-07-08 06:25:58,339:601fa938-f74b-4ef5-b915-5c38098a94d1/full: padding teacher scores (16 → 123 tokens).  Positions beyond teacher length get zero quality weight.
[36m(TaskRunner pid=1148945)[0m WARNING:2026-07-08 06:25:58,339:601fa938-f74b-4ef5-b915-5c38098a94d1/degraded: padding teacher scores (16 → 123 tokens).  Positions beyond teacher length get zero quality weight.
[36m(TaskRunner pid=1148945)[0m WARNING:2026-07-08 06:25:58,340:cb4ec7bf-a705-436a-9009-3242e7a5441a/full: trimming teacher scores (149 → 30 tokens).  This is expected to be rare (<1% of steps).
[36m(TaskRunner pid=1148945)[0m WARNING:2026-07-08 06:25:58,340:cb4ec7bf-a705-436a-9009-3242e7a5441a/degraded: trimming teacher scores (149 → 30 tokens).  This is expected to be rare (<1% of steps).
[36m(TaskRunner pid=1148945)[0m WARNING:2026-07-08 06:25:58,340:cb4ec7bf-a705-436a-9009-3242e7a5441a/full: trimming teacher scores (149 → 26 tokens).  This is expected to be rare (<1% of steps).
[36m(TaskRunner pid=1148945)[0m WARNING:2026-07-08 06:25:58,340:cb4ec7bf-a705-436a-9009-3242e7a5441a/degraded: trimming teacher scores (149 → 26 tokens).  This is expected to be rare (<1% of steps).
[36m(TaskRunner pid=1148945)[0m WARNING:2026-07-08 06:25:58,341:cb4ec7bf-a705-436a-9009-3242e7a5441a/full: trimming teacher scores (149 → 12 tokens).  This is expected to be rare (<1% of steps).
[36m(TaskRunner pid=1148945)[0m WARNING:2026-07-08 06:25:58,341:cb4ec7bf-a705-436a-9009-3242e7a5441a/degraded: trimming teacher scores (149 → 12 tokens).  This is expected to be rare (<1% of steps).
[36m(TaskRunner pid=1148945)[0m WARNING:2026-07-08 06:25:58,341:cb4ec7bf-a705-436a-9009-3242e7a5441a/full: padding teacher scores (149 → 2048 tokens).  Positions beyond teacher length get zero quality weight.
[36m(TaskRunner pid=1148945)[0m WARNING:2026-07-08 06:25:58,342:cb4ec7bf-a705-436a-9009-3242e7a5441a/degraded: padding teacher scores (149 → 2048 tokens).  Positions beyond teacher length get zero quality weight.
[36m(TaskRunner pid=1148945)[0m WARNING:2026-07-08 06:25:58,342:cb4ec7bf-a705-436a-9009-3242e7a5441a/full: trimming teacher scores (149 → 15 tokens).  This is expected to be rare (<1% of steps).
[36m(TaskRunner pid=1148945)[0m WARNING:2026-07-08 06:25:58,342:cb4ec7bf-a705-436a-9009-3242e7a5441a/degraded: trimming teacher scores (149 → 15 tokens).  This is expected to be rare (<1% of steps).
[36m(TaskRunner pid=1148945)[0m WARNING:2026-07-08 06:25:58,343:cb4ec7bf-a705-436a-9009-3242e7a5441a/full: padding teacher scores (149 → 2048 tokens).  Positions beyond teacher length get zero quality weight.
[36m(TaskRunner pid=1148945)[0m WARNING:2026-07-08 06:25:58,343:cb4ec7bf-a705-436a-9009-3242e7a5441a/degraded: padding teacher scores (149 → 2048 tokens).  Positions beyond teacher length get zero quality weight.
[36m(TaskRunner pid=1148945)[0m WARNING:2026-07-08 06:25:58,344:cb4ec7bf-a705-436a-9009-3242e7a5441a/full: trimming teacher scores (149 → 83 tokens).  This is expected to be rare (<1% of steps).
[36m(TaskRunner pid=1148945)[0m WARNING:2026-07-08 06:25:58,344:cb4ec7bf-a705-436a-9009-3242e7a5441a/degraded: trimming teacher scores (149 → 83 tokens).  This is expected to be rare (<1% of steps).
[36m(TaskRunner pid=1148945)[0m WARNING:2026-07-08 06:25:58,441:========================================================================
[36m(TaskRunner pid=1148945)[0m WARNING:2026-07-08 06:25:58,441:  VA-OPD Pipeline Verification (arXiv 2605.21924 §3.2-3.3)
[36m(TaskRunner pid=1148945)[0m WARNING:2026-07-08 06:25:58,441:========================================================================
[36m(TaskRunner pid=1148945)[0m WARNING:2026-07-08 06:25:58,441:  C          = 2  conditions: ['full', 'degraded']
[36m(TaskRunner pid=1148945)[0m WARNING:2026-07-08 06:25:58,441:  loss_mode  = va_opd
[36m(TaskRunner pid=1148945)[0m WARNING:2026-07-08 06:25:58,441:  batch      = [B=48, T=2048]
[36m(TaskRunner pid=1148945)[0m WARNING:2026-07-08 06:25:58,441:  top_k      = 32
[36m(TaskRunner pid=1148945)[0m WARNING:2026-07-08 06:25:58,441:  exact_lp   = torch.Size([48, 2, 2048])  (None=tail-fallback)
[36m(TaskRunner pid=1148945)[0m WARNING:2026-07-08 06:25:58,441:  Student    = raw image + canonical question  (choices allowed, no XML)
[36m(TaskRunner pid=1148945)[0m WARNING:2026-07-08 06:25:58,441:  Teacher    = raw image + same canonical question  (no format bias)
[36m(TaskRunner pid=1148945)[0m WARNING:2026-07-08 06:25:58,441:  KL         = reverse (mode-seeking) KL(P_S || P_T)
[36m(TaskRunner pid=1148945)[0m WARNING:2026-07-08 06:25:58,441:  Formula §3.2: w^(k) = softmax(z_score(ā^(k)) / τ), sums to 1 per prompt
[36m(TaskRunner pid=1148945)[0m WARNING:2026-07-08 06:25:58,441:  Formula §3.3: L_group = 0.5·mean(KL_rev,HighVA) + 0.5·mean(KL_rev,LowVA)
[36m(TaskRunner pid=1148945)[0m WARNING:2026-07-08 06:25:58,441:  Total (formula 7): L = Σ_k w^(k)·L_group^(k)   (pure distillation, no GRPO)
[36m(TaskRunner pid=1148945)[0m WARNING:2026-07-08 06:25:58,441:========================================================================
[36m(TaskRunner pid=1148945)[0m ========================================================================
[36m(TaskRunner pid=1148945)[0m   VA-OPD Pipeline Verification (arXiv 2605.21924 §3.2-3.3)
[36m(TaskRunner pid=1148945)[0m ========================================================================
[36m(TaskRunner pid=1148945)[0m   C          = 2  conditions: ['full', 'degraded']
[36m(TaskRunner pid=1148945)[0m   loss_mode  = va_opd
[36m(TaskRunner pid=1148945)[0m   batch      = [B=48, T=2048]
[36m(TaskRunner pid=1148945)[0m   top_k      = 32
[36m(TaskRunner pid=1148945)[0m   exact_lp   = torch.Size([48, 2, 2048])  (None=tail-fallback)
[36m(TaskRunner pid=1148945)[0m   Student    = raw image + canonical question  (choices allowed, no XML)
[36m(TaskRunner pid=1148945)[0m   Teacher    = raw image + same canonical question  (no format bias)
[36m(TaskRunner pid=1148945)[0m   KL         = reverse (mode-seeking) KL(P_S || P_T)
[36m(TaskRunner pid=1148945)[0m   Formula §3.2: w^(k) = softmax(z_score(ā^(k)) / τ), sums to 1 per prompt
[36m(TaskRunner pid=1148945)[0m   Formula §3.3: L_group = 0.5·mean(KL_rev,HighVA) + 0.5·mean(KL_rev,LowVA)
[36m(TaskRunner pid=1148945)[0m   Total (formula 7): L = Σ_k w^(k)·L_group^(k)   (pure distillation, no GRPO)
[36m(TaskRunner pid=1148945)[0m ========================================================================
[36m(WorkerDict pid=1246292)[0m INFO:2026-07-08 06:26:34,320:update_weights done, time cost: 0.87s
[36m(TaskRunner pid=1148945)[0m Training Progress:   1%|          | 21/1751 [22:27<27:19:20, 56.86s/it]
[36m(TaskRunner pid=1148945)[0m WARNING:2026-07-08 06:27:01,026:1332ceee-f4db-43c0-9c50-b2f13665b881/full: trimming teacher scores (2048 → 61 tokens).  This is expected to be rare (<1% of steps).
[36m(TaskRunner pid=1148945)[0m WARNING:2026-07-08 06:27:01,026:1332ceee-f4db-43c0-9c50-b2f13665b881/degraded: trimming teacher scores (2048 → 61 tokens).  This is expected to be rare (<1% of steps).
[36m(TaskRunner pid=1148945)[0m WARNING:2026-07-08 06:27:01,028:1332ceee-f4db-43c0-9c50-b2f13665b881/full: trimming teacher scores (2048 → 155 tokens).  This is expected to be rare (<1% of steps).
[36m(TaskRunner pid=1148945)[0m WARNING:2026-07-08 06:27:01,028:1332ceee-f4db-43c0-9c50-b2f13665b881/degraded: trimming teacher scores (2048 → 155 tokens).  This is expected to be rare (<1% of steps).
[36m(TaskRunner pid=1148945)[0m WARNING:2026-07-08 06:27:01,029:1332ceee-f4db-43c0-9c50-b2f13665b881/full: trimming teacher scores (2048 → 74 tokens).  This is expected to be rare (<1% of steps).
[36m(TaskRunner pid=1148945)[0m WARNING:2026-07-08 06:27:01,030:1332ceee-f4db-43c0-9c50-b2f13665b881/degraded: trimming teacher scores (2048 → 74 tokens).  This is expected to be rare (<1% of steps).
[36m(TaskRunner pid=1148945)[0m WARNING:2026-07-08 06:27:01,030:1332ceee-f4db-43c0-9c50-b2f13665b881/full: trimming teacher scores (2048 → 12 tokens).  This is expected to be rare (<1% of steps).
[36m(TaskRunner pid=1148945)[0m WARNING:2026-07-08 06:27:01,030:1332ceee-f4db-43c0-9c50-b2f13665b881/degraded: trimming teacher scores (2048 → 12 tokens).  This is expected to be rare (<1% of steps).
[36m(TaskRunner pid=1148945)[0m WARNING:2026-07-08 06:27:01,031:1332ceee-f4db-43c0-9c50-b2f13665b881/full: trimming teacher scores (2048 → 126 tokens).  This is expected to be rare (<1% of steps).
[36m(TaskRunner pid=1148945)[0m WARNING:2026-07-08 06:27:01,031:1332ceee-f4db-43c0-9c50-b2f13665b881/degraded: trimming teacher scores (2048 → 126 tokens).  This is expected to be rare (<1% of steps).
[36m(TaskRunner pid=1148945)[0m WARNING:2026-07-08 06:27:01,032:c9713afd-5f3b-439d-900c-d5703110ed43/full: padding teacher scores (9 → 2048 tokens).  Positions beyond teacher length get zero quality weight.
[36m(TaskRunner pid=1148945)[0m WARNING:2026-07-08 06:27:01,033:c9713afd-5f3b-439d-900c-d5703110ed43/degraded: padding teacher scores (9 → 2048 tokens).  Positions beyond teacher length get zero quality weight.
[36m(TaskRunner pid=1148945)[0m WARNING:2026-07-08 06:27:01,033:c9713afd-5f3b-439d-900c-d5703110ed43/full: padding teacher scores (9 → 1445 tokens).  Positions beyond teacher length get zero quality weight.
[36m(TaskRunner pid=1148945)[0m WARNING:2026-07-08 06:27:01,034:c9713afd-5f3b-439d-900c-d5703110ed43/degraded: padding teacher scores (9 → 1445 tokens).  Positions beyond teacher length get zero quality weight.
[36m(TaskRunner pid=1148945)[0m WARNING:2026-07-08 06:27:01,035:c9713afd-5f3b-439d-900c-d5703110ed43/full: padding teacher scores (9 → 2048 tokens).  Positions beyond teacher length get zero quality weight.
[36m(TaskRunner pid=1148945)[0m WARNING:2026-07-08 06:27:01,035:c9713afd-5f3b-439d-900c-d5703110ed43/degraded: padding teacher scores (9 → 2048 tokens).  Positions beyond teacher length get zero quality weight.
[36m(TaskRunner pid=1148945)[0m WARNING:2026-07-08 06:27:01,036:c9713afd-5f3b-439d-900c-d5703110ed43/full: padding teacher scores (9 → 2048 tokens).  Positions beyond teacher length get zero quality weight.
[36m(TaskRunner pid=1148945)[0m WARNING:2026-07-08 06:27:01,037:c9713afd-5f3b-439d-900c-d5703110ed43/degraded: padding teacher scores (9 → 2048 tokens).  Positions beyond teacher length get zero quality weight.
[36m(TaskRunner pid=1148945)[0m WARNING:2026-07-08 06:27:01,037:c9713afd-5f3b-439d-900c-d5703110ed43/full: padding teacher scores (9 → 2048 tokens).  Positions beyond teacher length get zero quality weight.
[36m(TaskRunner pid=1148945)[0m WARNING:2026-07-08 06:27:01,038:c9713afd-5f3b-439d-900c-d5703110ed43/degraded: padding teacher scores (9 → 2048 tokens).  Positions beyond teacher length get zero quality weight.
[36m(TaskRunner pid=1148945)[0m WARNING:2026-07-08 06:27:01,039:c9713afd-5f3b-439d-900c-d5703110ed43/full: padding teacher scores (9 → 2048 tokens).  Positions beyond teacher length get zero quality weight.
[36m(TaskRunner pid=1148945)[0m WARNING:2026-07-08 06:27:01,039:c9713afd-5f3b-439d-900c-d5703110ed43/degraded: padding teacher scores (9 → 2048 tokens).  Positions beyond teacher length get zero quality weight.
[36m(TaskRunner pid=1148945)[0m WARNING:2026-07-08 06:27:01,040:c9713afd-5f3b-439d-900c-d5703110ed43/full: padding teacher scores (9 → 11 tokens).  Positions beyond teacher length get zero quality weight.
[36m(TaskRunner pid=1148945)[0m WARNING:2026-07-08 06:27:01,040:c9713afd-5f3b-439d-900c-d5703110ed43/degraded: padding teacher scores (9 → 11 tokens).  Positions beyond teacher length get zero quality weight.
[36m(TaskRunner pid=1148945)[0m WARNING:2026-07-08 06:27:01,041:f7b65531-6c8c-4e5d-b814-6683ade5cd12/full: padding teacher scores (51 → 2048 tokens).  Positions beyond teacher length get zero quality weight.
[36m(TaskRunner pid=1148945)[0m WARNING:2026-07-08 06:27:01,041:f7b65531-6c8c-4e5d-b814-6683ade5cd12/degraded: padding teacher scores (51 → 2048 tokens).  Positions beyond teacher length get zero quality weight.
[36m(TaskRunner pid=1148945)[0m WARNING:2026-07-08 06:27:01,042:f7b65531-6c8c-4e5d-b814-6683ade5cd12/full: padding teacher scores (51 → 2048 tokens).  Positions beyond teacher length get zero quality weight.
[36m(TaskRunner pid=1148945)[0m WARNING:2026-07-08 06:27:01,042:f7b65531-6c8c-4e5d-b814-6683ade5cd12/degraded: padding teacher scores (51 → 2048 tokens).  Positions beyond teacher length get zero quality weight.
[36m(TaskRunner pid=1148945)[0m WARNING:2026-07-08 06:27:01,043:f7b65531-6c8c-4e5d-b814-6683ade5cd12/full: trimming teacher scores (51 → 12 tokens).  This is expected to be rare (<1% of steps).
[36m(TaskRunner pid=1148945)[0m WARNING:2026-07-08 06:27:01,043:f7b65531-6c8c-4e5d-b814-6683ade5cd12/degraded: trimming teacher scores (51 → 12 tokens).  This is expected to be rare (<1% of steps).
[36m(TaskRunner pid=1148945)[0m WARNING:2026-07-08 06:27:01,044:f7b65531-6c8c-4e5d-b814-6683ade5cd12/full: trimming teacher scores (51 → 46 tokens).  This is expected to be rare (<1% of steps).
[36m(TaskRunner pid=1148945)[0m WARNING:2026-07-08 06:27:01,044:f7b65531-6c8c-4e5d-b814-6683ade5cd12/degraded: trimming teacher scores (51 → 46 tokens).  This is expected to be rare (<1% of steps).
[36m(TaskRunner pid=1148945)[0m WARNING:2026-07-08 06:27:01,044:f7b65531-6c8c-4e5d-b814-6683ade5cd12/full: padding teacher scores (51 → 2048 tokens).  Positions beyond teacher length get zero quality weight.
[36m(TaskRunner pid=1148945)[0m WARNING:2026-07-08 06:27:01,044:f7b65531-6c8c-4e5d-b814-6683ade5cd12/degraded: padding teacher scores (51 → 2048 tokens).  Positions beyond teacher length get zero quality weight.
[36m(TaskRunner pid=1148945)[0m WARNING:2026-07-08 06:27:01,045:f7b65531-6c8c-4e5d-b814-6683ade5cd12/full: padding teacher scores (51 → 2048 tokens).  Positions beyond teacher length get zero quality weight.
[36m(TaskRunner pid=1148945)[0m WARNING:2026-07-08 06:27:01,046:f7b65531-6c8c-4e5d-b814-6683ade5cd12/degraded: padding teacher scores (51 → 2048 tokens).  Positions beyond teacher length get zero quality weight.
[36m(TaskRunner pid=1148945)[0m WARNING:2026-07-08 06:27:01,047:f7b65531-6c8c-4e5d-b814-6683ade5cd12/full: padding teacher scores (51 → 2048 tokens).  Positions beyond teacher length get zero quality weight.
[36m(TaskRunner pid=1148945)[0m WARNING:2026-07-08 06:27:01,047:f7b65531-6c8c-4e5d-b814-6683ade5cd12/degraded: padding teacher scores (51 → 2048 tokens).  Positions beyond teacher length get zero quality weight.
[36m(TaskRunner pid=1148945)[0m WARNING:2026-07-08 06:27:01,048:3c91788d-24a9-410d-a703-cf6662ec7959/full: padding teacher scores (37 → 283 tokens).  Positions beyond teacher length get zero quality weight.
[36m(TaskRunner pid=1148945)[0m WARNING:2026-07-08 06:27:01,048:3c91788d-24a9-410d-a703-cf6662ec7959/degraded: padding teacher scores (37 → 283 tokens).  Positions beyond teacher length get zero quality weight.
[36m(TaskRunner pid=1148945)[0m WARNING:2026-07-08 06:27:01,049:3c91788d-24a9-410d-a703-cf6662ec7959/full: padding teacher scores (37 → 2048 tokens).  Positions beyond teacher length get zero quality weight.
[36m(TaskRunner pid=1148945)[0m WARNING:2026-07-08 06:27:01,049:3c91788d-24a9-410d-a703-cf6662ec7959/degraded: padding teacher scores (37 → 2048 tokens).  Positions beyond teacher length get zero quality weight.
[36m(TaskRunner pid=1148945)[0m WARNING:2026-07-08 06:27:01,050:3c91788d-24a9-410d-a703-cf6662ec7959/full: padding teacher scores (37 → 38 tokens).  Positions beyond teacher length get zero quality weight.
[36m(TaskRunner pid=1148945)[0m WARNING:2026-07-08 06:27:01,050:3c91788d-24a9-410d-a703-cf6662ec7959/degraded: padding teacher scores (37 → 38 tokens).  Positions beyond teacher length get zero quality weight.
[36m(TaskRunner pid=1148945)[0m WARNING:2026-07-08 06:27:01,050:3c91788d-24a9-410d-a703-cf6662ec7959/full: trimming teacher scores (37 → 27 tokens).  This is expected to be rare (<1% of steps).
[36m(TaskRunner pid=1148945)[0m WARNING:2026-07-08 06:27:01,051:3c91788d-24a9-410d-a703-cf6662ec7959/degraded: trimming teacher scores (37 → 27 tokens).  This is expected to be rare (<1% of steps).
[36m(TaskRunner pid=1148945)[0m WARNING:2026-07-08 06:27:01,051:3c91788d-24a9-410d-a703-cf6662ec7959/full: trimming teacher scores (37 → 35 tokens).  This is expected to be rare (<1% of steps).
[36m(TaskRunner pid=1148945)[0m WARNING:2026-07-08 06:27:01,051:3c91788d-24a9-410d-a703-cf6662ec7959/degraded: trimming teacher scores (37 → 35 tokens).  This is expected to be rare (<1% of steps).
[36m(TaskRunner pid=1148945)[0m WARNING:2026-07-08 06:27:01,051:3c91788d-24a9-410d-a703-cf6662ec7959/full: padding teacher scores (37 → 50 tokens).  Positions beyond teacher length get zero quality weight.
[36m(TaskRunner pid=1148945)[0m WARNING:2026-07-08 06:27:01,051:3c91788d-24a9-410d-a703-cf6662ec7959/degraded: padding teacher scores (37 → 50 tokens).  Positions beyond teacher length get zero quality weight.
[36m(TaskRunner pid=1148945)[0m WARNING:2026-07-08 06:27:01,052:3c91788d-24a9-410d-a703-cf6662ec7959/full: padding teacher scores (37 → 2048 tokens).  Positions beyond teacher length get zero quality weight.
[36m(TaskRunner pid=1148945)[0m WARNING:2026-07-08 06:27:01,052:3c91788d-24a9-410d-a703-cf6662ec7959/degraded: padding teacher scores (37 → 2048 tokens).  Positions beyond teacher length get zero quality weight.
[36m(TaskRunner pid=1148945)[0m WARNING:2026-07-08 06:27:01,054:08c156e1-8752-44b1-af86-f4242cbae12c/full: trimming teacher scores (2048 → 12 tokens).  This is expected to be rare (<1% of steps).
[36m(TaskRunner pid=1148945)[0m WARNING:2026-07-08 06:27:01,054:08c156e1-8752-44b1-af86-f4242cbae12c/degraded: trimming teacher scores (2048 → 12 tokens).  This is expected to be rare (<1% of steps).
[36m(TaskRunner pid=1148945)[0m WARNING:2026-07-08 06:27:01,055:08c156e1-8752-44b1-af86-f4242cbae12c/full: trimming teacher scores (2048 → 72 tokens).  This is expected to be rare (<1% of steps).
[36m(TaskRunner pid=1148945)[0m WARNING:2026-07-08 06:27:01,055:08c156e1-8752-44b1-af86-f4242cbae12c/degraded: trimming teacher scores (2048 → 72 tokens).  This is expected to be rare (<1% of steps).
[36m(TaskRunner pid=1148945)[0m WARNING:2026-07-08 06:27:01,056:08c156e1-8752-44b1-af86-f4242cbae12c/full: trimming teacher scores (2048 → 37 tokens).  This is expected to be rare (<1% of steps).
[36m(TaskRunner pid=1148945)[0m WARNING:2026-07-08 06:27:01,057:08c156e1-8752-44b1-af86-f4242cbae12c/degraded: trimming teacher scores (2048 → 37 tokens).  This is expected to be rare (<1% of steps).
[36m(TaskRunner pid=1148945)[0m WARNING:2026-07-08 06:27:01,057:08c156e1-8752-44b1-af86-f4242cbae12c/full: trimming teacher scores (2048 → 41 tokens).  This is expected to be rare (<1% of steps).
[36m(TaskRunner pid=1148945)[0m WARNING:2026-07-08 06:27:01,058:08c156e1-8752-44b1-af86-f4242cbae12c/degraded: trimming teacher scores (2048 → 41 tokens).  This is expected to be rare (<1% of steps).
[36m(TaskRunner pid=1148945)[0m WARNING:2026-07-08 06:27:01,059:08c156e1-8752-44b1-af86-f4242cbae12c/full: trimming teacher scores (2048 → 36 tokens).  This is expected to be rare (<1% of steps).
[36m(TaskRunner pid=1148945)[0m WARNING:2026-07-08 06:27:01,059:08c156e1-8752-44b1-af86-f4242cbae12c/degraded: trimming teacher scores (2048 → 36 tokens).  This is expected to be rare (<1% of steps).
[36m(TaskRunner pid=1148945)[0m WARNING:2026-07-08 06:27:01,060:c4efa7b1-c884-48d0-8422-68c1a92a9eef/full: trimming teacher scores (84 → 50 tokens).  This is expected to be rare (<1% of steps).
[36m(TaskRunner pid=1148945)[0m WARNING:2026-07-08 06:27:01,060:c4efa7b1-c884-48d0-8422-68c1a92a9eef/degraded: trimming teacher scores (84 → 50 tokens).  This is expected to be rare (<1% of steps).
[36m(TaskRunner pid=1148945)[0m WARNING:2026-07-08 06:27:01,060:c4efa7b1-c884-48d0-8422-68c1a92a9eef/full: trimming teacher scores (84 → 16 tokens).  This is expected to be rare (<1% of steps).
[36m(TaskRunner pid=1148945)[0m WARNING:2026-07-08 06:27:01,060:c4efa7b1-c884-48d0-8422-68c1a92a9eef/degraded: trimming teacher scores (84 → 16 tokens).  This is expected to be rare (<1% of steps).
[36m(TaskRunner pid=1148945)[0m WARNING:2026-07-08 06:27:01,060:c4efa7b1-c884-48d0-8422-68c1a92a9eef/full: padding teacher scores (84 → 2048 tokens).  Positions beyond teacher length get zero quality weight.
[36m(TaskRunner pid=1148945)[0m WARNING:2026-07-08 06:27:01,061:c4efa7b1-c884-48d0-8422-68c1a92a9eef/degraded: padding teacher scores (84 → 2048 tokens).  Positions beyond teacher length get zero quality weight.
[36m(TaskRunner pid=1148945)[0m WARNING:2026-07-08 06:27:01,062:c4efa7b1-c884-48d0-8422-68c1a92a9eef/full: padding teacher scores (84 → 2048 tokens).  Positions beyond teacher length get zero quality weight.
[36m(TaskRunner pid=1148945)[0m WARNING:2026-07-08 06:27:01,062:c4efa7b1-c884-48d0-8422-68c1a92a9eef/degraded: padding teacher scores (84 → 2048 tokens).  Positions beyond teacher length get zero quality weight.
[36m(TaskRunner pid=1148945)[0m WARNING:2026-07-08 06:27:01,063:c4efa7b1-c884-48d0-8422-68c1a92a9eef/full: trimming teacher scores (84 → 66 tokens).  This is expected to be rare (<1% of steps).
[36m(TaskRunner pid=1148945)[0m WARNING:2026-07-08 06:27:01,063:c4efa7b1-c884-48d0-8422-68c1a92a9eef/degraded: trimming teacher scores (84 → 66 tokens).  This is expected to be rare (<1% of steps).
[36m(TaskRunner pid=1148945)[0m WARNING:2026-07-08 06:27:01,063:c4efa7b1-c884-48d0-8422-68c1a92a9eef/full: trimming teacher scores (84 → 38 tokens).  This is expected to be rare (<1% of steps).
[36m(TaskRunner pid=1148945)[0m WARNING:2026-07-08 06:27:01,064:c4efa7b1-c884-48d0-8422-68c1a92a9eef/degraded: trimming teacher scores (84 → 38 tokens).  This is expected to be rare (<1% of steps).
[36m(TaskRunner pid=1148945)[0m WARNING:2026-07-08 06:27:01,064:c4efa7b1-c884-48d0-8422-68c1a92a9eef/full: trimming teacher scores (84 → 49 tokens).  This is expected to be rare (<1% of steps).
[36m(TaskRunner pid=1148945)[0m WARNING:2026-07-08 06:27:01,064:c4efa7b1-c884-48d0-8422-68c1a92a9eef/degraded: trimming teacher scores (84 → 49 tokens).  This is expected to be rare (<1% of steps).
[36m(TaskRunner pid=1148945)[0m WARNING:2026-07-08 06:27:01,170:========================================================================
[36m(TaskRunner pid=1148945)[0m WARNING:2026-07-08 06:27:01,170:  VA-OPD Pipeline Verification (arXiv 2605.21924 §3.2-3.3)
[36m(TaskRunner pid=1148945)[0m WARNING:2026-07-08 06:27:01,170:========================================================================
[36m(TaskRunner pid=1148945)[0m WARNING:2026-07-08 06:27:01,170:  C          = 2  conditions: ['full', 'degraded']
[36m(TaskRunner pid=1148945)[0m WARNING:2026-07-08 06:27:01,170:  loss_mode  = va_opd
[36m(TaskRunner pid=1148945)[0m WARNING:2026-07-08 06:27:01,170:  batch      = [B=48, T=2048]
[36m(TaskRunner pid=1148945)[0m WARNING:2026-07-08 06:27:01,170:  top_k      = 32
[36m(TaskRunner pid=1148945)[0m WARNING:2026-07-08 06:27:01,170:  exact_lp   = torch.Size([48, 2, 2048])  (None=tail-fallback)
[36m(TaskRunner pid=1148945)[0m WARNING:2026-07-08 06:27:01,170:  Student    = raw image + canonical question  (choices allowed, no XML)
[36m(TaskRunner pid=1148945)[0m WARNING:2026-07-08 06:27:01,170:  Teacher    = raw image + same canonical question  (no format bias)
[36m(TaskRunner pid=1148945)[0m WARNING:2026-07-08 06:27:01,170:  KL         = reverse (mode-seeking) KL(P_S || P_T)
[36m(TaskRunner pid=1148945)[0m WARNING:2026-07-08 06:27:01,170:  Formula §3.2: w^(k) = softmax(z_score(ā^(k)) / τ), sums to 1 per prompt
[36m(TaskRunner pid=1148945)[0m WARNING:2026-07-08 06:27:01,170:  Formula §3.3: L_group = 0.5·mean(KL_rev,HighVA) + 0.5·mean(KL_rev,LowVA)
[36m(TaskRunner pid=1148945)[0m WARNING:2026-07-08 06:27:01,170:  Total (formula 7): L = Σ_k w^(k)·L_group^(k)   (pure distillation, no GRPO)
[36m(TaskRunner pid=1148945)[0m WARNING:2026-07-08 06:27:01,170:========================================================================
[36m(TaskRunner pid=1148945)[0m ========================================================================
[36m(TaskRunner pid=1148945)[0m   VA-OPD Pipeline Verification (arXiv 2605.21924 §3.2-3.3)
[36m(TaskRunner pid=1148945)[0m ========================================================================
[36m(TaskRunner pid=1148945)[0m   C          = 2  conditions: ['full', 'degraded']
[36m(TaskRunner pid=1148945)[0m   loss_mode  = va_opd
[36m(TaskRunner pid=1148945)[0m   batch      = [B=48, T=2048]
[36m(TaskRunner pid=1148945)[0m   top_k      = 32
[36m(TaskRunner pid=1148945)[0m   exact_lp   = torch.Size([48, 2, 2048])  (None=tail-fallback)
[36m(TaskRunner pid=1148945)[0m   Student    = raw image + canonical question  (choices allowed, no XML)
[36m(TaskRunner pid=1148945)[0m   Teacher    = raw image + same canonical question  (no format bias)
[36m(TaskRunner pid=1148945)[0m   KL         = reverse (mode-seeking) KL(P_S || P_T)
[36m(TaskRunner pid=1148945)[0m   Formula §3.2: w^(k) = softmax(z_score(ā^(k)) / τ), sums to 1 per prompt
[36m(TaskRunner pid=1148945)[0m   Formula §3.3: L_group = 0.5·mean(KL_rev,HighVA) + 0.5·mean(KL_rev,LowVA)
[36m(TaskRunner pid=1148945)[0m   Total (formula 7): L = Σ_k w^(k)·L_group^(k)   (pure distillation, no GRPO)
[36m(TaskRunner pid=1148945)[0m ========================================================================
[36m(WorkerDict pid=1246292)[0m INFO:2026-07-08 06:27:37,095:update_weights done, time cost: 0.87s
[36m(TaskRunner pid=1148945)[0m Training Progress:   1%|▏         | 22/1751 [23:30<28:09:29, 58.63s/it]
[36m(TaskRunner pid=1148945)[0m WARNING:2026-07-08 06:28:09,791:266f389c-f4d0-4d96-8aaa-f8cd094e8a7a/full: trimming teacher scores (2048 → 24 tokens).  This is expected to be rare (<1% of steps).
[36m(TaskRunner pid=1148945)[0m WARNING:2026-07-08 06:28:09,791:266f389c-f4d0-4d96-8aaa-f8cd094e8a7a/degraded: trimming teacher scores (2048 → 24 tokens).  This is expected to be rare (<1% of steps).
[36m(TaskRunner pid=1148945)[0m WARNING:2026-07-08 06:28:09,795:266f389c-f4d0-4d96-8aaa-f8cd094e8a7a/full: trimming teacher scores (2048 → 68 tokens).  This is expected to be rare (<1% of steps).
[36m(TaskRunner pid=1148945)[0m WARNING:2026-07-08 06:28:09,796:266f389c-f4d0-4d96-8aaa-f8cd094e8a7a/degraded: trimming teacher scores (2048 → 68 tokens).  This is expected to be rare (<1% of steps).
[36m(TaskRunner pid=1148945)[0m WARNING:2026-07-08 06:28:09,799:aea8c70a-4603-47fa-93d4-023364f8ea2f/full: trimming teacher scores (2048 → 38 tokens).  This is expected to be rare (<1% of steps).
[36m(TaskRunner pid=1148945)[0m WARNING:2026-07-08 06:28:09,799:aea8c70a-4603-47fa-93d4-023364f8ea2f/degraded: trimming teacher scores (2048 → 38 tokens).  This is expected to be rare (<1% of steps).
[36m(TaskRunner pid=1148945)[0m WARNING:2026-07-08 06:28:09,808:764e028b-bd5a-448e-8fee-56803cf201e0/full: trimming teacher scores (2048 → 13 tokens).  This is expected to be rare (<1% of steps).
[36m(TaskRunner pid=1148945)[0m WARNING:2026-07-08 06:28:09,809:764e028b-bd5a-448e-8fee-56803cf201e0/degraded: trimming teacher scores (2048 → 13 tokens).  This is expected to be rare (<1% of steps).
[36m(TaskRunner pid=1148945)[0m WARNING:2026-07-08 06:28:09,813:18759482-a59b-4cb2-8dbe-ffcf4cdf7b2a/full: trimming teacher scores (2048 → 921 tokens).  This is expected to be rare (<1% of steps).
[36m(TaskRunner pid=1148945)[0m WARNING:2026-07-08 06:28:09,814:18759482-a59b-4cb2-8dbe-ffcf4cdf7b2a/degraded: trimming teacher scores (2048 → 921 tokens).  This is expected to be rare (<1% of steps).
[36m(TaskRunner pid=1148945)[0m WARNING:2026-07-08 06:28:09,815:18759482-a59b-4cb2-8dbe-ffcf4cdf7b2a/full: trimming teacher scores (2048 → 4 tokens).  This is expected to be rare (<1% of steps).
[36m(TaskRunner pid=1148945)[0m WARNING:2026-07-08 06:28:09,815:18759482-a59b-4cb2-8dbe-ffcf4cdf7b2a/degraded: trimming teacher scores (2048 → 4 tokens).  This is expected to be rare (<1% of steps).
[36m(TaskRunner pid=1148945)[0m WARNING:2026-07-08 06:28:09,816:18759482-a59b-4cb2-8dbe-ffcf4cdf7b2a/full: trimming teacher scores (2048 → 45 tokens).  This is expected to be rare (<1% of steps).
[36m(TaskRunner pid=1148945)[0m WARNING:2026-07-08 06:28:09,816:18759482-a59b-4cb2-8dbe-ffcf4cdf7b2a/degraded: trimming teacher scores (2048 → 45 tokens).  This is expected to be rare (<1% of steps).
[36m(TaskRunner pid=1148945)[0m WARNING:2026-07-08 06:28:09,818:740b297e-b79c-4edd-8dba-2b2ec514a088/full: trimming teacher scores (2048 → 308 tokens).  This is expected to be rare (<1% of steps).
[36m(TaskRunner pid=1148945)[0m WARNING:2026-07-08 06:28:09,818:740b297e-b79c-4edd-8dba-2b2ec514a088/degraded: trimming teacher scores (2048 → 308 tokens).  This is expected to be rare (<1% of steps).
[36m(TaskRunner pid=1148945)[0m WARNING:2026-07-08 06:28:09,822:740b297e-b79c-4edd-8dba-2b2ec514a088/full: trimming teacher scores (2048 → 124 tokens).  This is expected to be rare (<1% of steps).
[36m(TaskRunner pid=1148945)[0m WARNING:2026-07-08 06:28:09,822:740b297e-b79c-4edd-8dba-2b2ec514a088/degraded: trimming teacher scores (2048 → 124 tokens).  This is expected to be rare (<1% of steps).
[36m(TaskRunner pid=1148945)[0m WARNING:2026-07-08 06:28:09,825:5ca4a8bc-98f0-4b7c-b98b-dfd6b8c3d99b/full: trimming teacher scores (2048 → 36 tokens).  This is expected to be rare (<1% of steps).
[36m(TaskRunner pid=1148945)[0m WARNING:2026-07-08 06:28:09,826:5ca4a8bc-98f0-4b7c-b98b-dfd6b8c3d99b/degraded: trimming teacher scores (2048 → 36 tokens).  This is expected to be rare (<1% of steps).
[36m(TaskRunner pid=1148945)[0m WARNING:2026-07-08 06:28:09,828:5ca4a8bc-98f0-4b7c-b98b-dfd6b8c3d99b/full: trimming teacher scores (2048 → 42 tokens).  This is expected to be rare (<1% of steps).
[36m(TaskRunner pid=1148945)[0m WARNING:2026-07-08 06:28:09,828:5ca4a8bc-98f0-4b7c-b98b-dfd6b8c3d99b/degraded: trimming teacher scores (2048 → 42 tokens).  This is expected to be rare (<1% of steps).
[36m(TaskRunner pid=1148945)[0m WARNING:2026-07-08 06:28:09,829:5ca4a8bc-98f0-4b7c-b98b-dfd6b8c3d99b/full: trimming teacher scores (2048 → 49 tokens).  This is expected to be rare (<1% of steps).
[36m(TaskRunner pid=1148945)[0m WARNING:2026-07-08 06:28:09,829:5ca4a8bc-98f0-4b7c-b98b-dfd6b8c3d99b/degraded: trimming teacher scores (2048 → 49 tokens).  This is expected to be rare (<1% of steps).
[36m(TaskRunner pid=1148945)[0m WARNING:2026-07-08 06:28:09,829:5ca4a8bc-98f0-4b7c-b98b-dfd6b8c3d99b/full: trimming teacher scores (2048 → 12 tokens).  This is expected to be rare (<1% of steps).
[36m(TaskRunner pid=1148945)[0m WARNING:2026-07-08 06:28:09,830:5ca4a8bc-98f0-4b7c-b98b-dfd6b8c3d99b/degraded: trimming teacher scores (2048 → 12 tokens).  This is expected to be rare (<1% of steps).
[36m(TaskRunner pid=1148945)[0m WARNING:2026-07-08 06:28:09,970:========================================================================
[36m(TaskRunner pid=1148945)[0m WARNING:2026-07-08 06:28:09,970:  VA-OPD Pipeline Verification (arXiv 2605.21924 §3.2-3.3)
[36m(TaskRunner pid=1148945)[0m WARNING:2026-07-08 06:28:09,970:========================================================================
[36m(TaskRunner pid=1148945)[0m WARNING:2026-07-08 06:28:09,970:  C          = 2  conditions: ['full', 'degraded']
[36m(TaskRunner pid=1148945)[0m WARNING:2026-07-08 06:28:09,970:  loss_mode  = va_opd
[36m(TaskRunner pid=1148945)[0m WARNING:2026-07-08 06:28:09,970:  batch      = [B=48, T=2048]
[36m(TaskRunner pid=1148945)[0m WARNING:2026-07-08 06:28:09,970:  top_k      = 32
[36m(TaskRunner pid=1148945)[0m WARNING:2026-07-08 06:28:09,970:  exact_lp   = torch.Size([48, 2, 2048])  (None=tail-fallback)
[36m(TaskRunner pid=1148945)[0m WARNING:2026-07-08 06:28:09,970:  Student    = raw image + canonical question  (choices allowed, no XML)
[36m(TaskRunner pid=1148945)[0m WARNING:2026-07-08 06:28:09,970:  Teacher    = raw image + same canonical question  (no format bias)
[36m(TaskRunner pid=1148945)[0m WARNING:2026-07-08 06:28:09,970:  KL         = reverse (mode-seeking) KL(P_S || P_T)
[36m(TaskRunner pid=1148945)[0m WARNING:2026-07-08 06:28:09,970:  Formula §3.2: w^(k) = softmax(z_score(ā^(k)) / τ), sums to 1 per prompt
[36m(TaskRunner pid=1148945)[0m WARNING:2026-07-08 06:28:09,970:  Formula §3.3: L_group = 0.5·mean(KL_rev,HighVA) + 0.5·mean(KL_rev,LowVA)
[36m(TaskRunner pid=1148945)[0m WARNING:2026-07-08 06:28:09,970:  Total (formula 7): L = Σ_k w^(k)·L_group^(k)   (pure distillation, no GRPO)
[36m(TaskRunner pid=1148945)[0m WARNING:2026-07-08 06:28:09,970:========================================================================
[36m(TaskRunner pid=1148945)[0m ========================================================================
[36m(TaskRunner pid=1148945)[0m   VA-OPD Pipeline Verification (arXiv 2605.21924 §3.2-3.3)
[36m(TaskRunner pid=1148945)[0m ========================================================================
[36m(TaskRunner pid=1148945)[0m   C          = 2  conditions: ['full', 'degraded']
[36m(TaskRunner pid=1148945)[0m   loss_mode  = va_opd
[36m(TaskRunner pid=1148945)[0m   batch      = [B=48, T=2048]
[36m(TaskRunner pid=1148945)[0m   top_k      = 32
[36m(TaskRunner pid=1148945)[0m   exact_lp   = torch.Size([48, 2, 2048])  (None=tail-fallback)
[36m(TaskRunner pid=1148945)[0m   Student    = raw image + canonical question  (choices allowed, no XML)
[36m(TaskRunner pid=1148945)[0m   Teacher    = raw image + same canonical question  (no format bias)
[36m(TaskRunner pid=1148945)[0m   KL         = reverse (mode-seeking) KL(P_S || P_T)
[36m(TaskRunner pid=1148945)[0m   Formula §3.2: w^(k) = softmax(z_score(ā^(k)) / τ), sums to 1 per prompt
[36m(TaskRunner pid=1148945)[0m   Formula §3.3: L_group = 0.5·mean(KL_rev,HighVA) + 0.5·mean(KL_rev,LowVA)
[36m(TaskRunner pid=1148945)[0m   Total (formula 7): L = Σ_k w^(k)·L_group^(k)   (pure distillation, no GRPO)
[36m(TaskRunner pid=1148945)[0m ========================================================================
[36m(WorkerDict pid=1246292)[0m INFO:2026-07-08 06:28:48,254:update_weights done, time cost: 0.85s

[36m(TaskRunner pid=1148945)[0m Dumped generations to /inspire/hdd/global_user/mengweicheng-240108120092/lzy/projects/Dual-Track-OPD/outputs/fc_opd_overnight_noreshard_noreshard_20260708_055809/rollouts/21.jsonl
[36m(TaskRunner pid=1148945)[0m step:21 - fc_opd/hook_loss:0.0 - fc_opd/hook_num_samples:48.0 - fc_opd/hook_active_weight:59112.0 - fc_opd/online/loss:0.0 - fc_opd/online/num_samples:48.0 - global_seqlen/min:1499 - global_seqlen/max:9201 - global_seqlen/minmax_diff:7702 - global_seqlen/balanced_min:6048 - global_seqlen/balanced_max:7652 - global_seqlen/mean:6458.0 - actor/entropy:0.6449661254882812 - perf/mfu/actor_infer:0 - actor/pg_loss:0.019939935766160488 - actor/kl_loss:0.0 - actor/fc_opd_loss:6.654513756434123 - actor/pg_clipfrac:0.0 - actor/ppo_kl:0.0 - actor/pg_clipfrac_lower:0.0 - actor/fc_opd_denominator:1.0 - actor/fc_opd_va_opd/loss:7.3382194836934405 - actor/fc_opd_va_opd/token_mean_loss:4.877423127492269 - actor/fc_opd_va_opd/rollout_weight_sum:1.0 - actor/fc_opd_va/mean:0.06774219994743665 - actor/fc_opd_va/sparsity:0.8106156090895335 - actor/grad_norm:13.432991027832031 - perf/mfu/actor:0.00723554498739289 - perf/max_memory_allocated_gb:89.34428596496582 - perf/max_memory_reserved_gb:104.646484375 - perf/cpu_memory_used_gb:201.01483154296875 - actor/lr:2e-06 - training/global_step:21 - training/epoch:0 - critic/score/mean:0.0625 - critic/score/max:1.0 - critic/score/min:0.0 - critic/rewards/mean:0.0625 - critic/rewards/max:1.0 - critic/rewards/min:0.0 - critic/advantages/mean:-0.14798247814178467 - critic/advantages/max:2.4748666286468506 - critic/advantages/min:-0.5400605201721191 - critic/returns/mean:-0.14798247814178467 - critic/returns/max:2.4748666286468506 - critic/returns/min:-0.5400605201721191 - response_length/mean:615.75 - response_length/max:2048.0 - response_length/min:11.0 - response_length/clip_ratio:0.2708333432674408 - response_length_non_aborted/mean:615.75 - response_length_non_aborted/max:2048.0 - response_length_non_aborted/min:11.0 - response_length_non_aborted/clip_ratio:0.2708333432674408 - response/aborted_ratio:0.0 - prompt_length/mean:191.5 - prompt_length/max:316.0 - prompt_length/min:135.0 - prompt_length/clip_ratio:0.0 - num_turns/min:2 - num_turns/max:2 - num_turns/mean:2.0 - timing_s/start_profile:5.564093589782715e-05 - timing_s/agent_loop/num_preempted/min:-1 - timing_s/agent_loop/num_preempted/max:-1 - timing_s/agent_loop/num_preempted/mean:-1.0 - timing_s/agent_loop/generate_sequences/min:0.14111173478886485 - timing_s/agent_loop/generate_sequences/max:10.185349981766194 - timing_s/agent_loop/generate_sequences/mean:3.051164887835815 - timing_s/agent_loop/tool_calls/min:0.0 - timing_s/agent_loop/tool_calls/max:0.0 - timing_s/agent_loop/tool_calls/mean:0.0 - timing_s/agent_loop/slowest/generate_sequences:10.185349981766194 - timing_s/agent_loop/slowest/tool_calls:0.0 - timing_s/agent_loop/slowest/prompt_length:135 - timing_s/agent_loop/slowest/response_length:2048 - timing_s/agent_loop/slowest/num_preempted:-1 - timing_s/gen:11.510218673851341 - timing_s/fc_opd:10.301563105080277 - timing_s/reward:1.9807368516921997e-05 - timing_s/old_log_prob:6.249891004990786 - timing_s/adv:0.0017085950821638107 - timing_s/update_actor:24.66875151079148 - timing_s/update_weights:5.481422978918999 - timing_s/dump_rollout_generations:0.04828978423029184 - timing_s/step:58.322814284823835 - timing_s/stop_profile:4.3147243559360504e-05 - timing_per_token_ms/update_actor:0.636645801352108 - timing_per_token_ms/gen:0.3894376327598911 - timing_per_token_ms/adv:4.409505218756609e-05 - perf/total_num_tokens:38748 - perf/time_per_step:58.322814284823835 - perf/throughput:110.72853872348945
[36m(TaskRunner pid=1148945)[0m Dumped generations to /inspire/hdd/global_user/mengweicheng-240108120092/lzy/projects/Dual-Track-OPD/outputs/fc_opd_overnight_noreshard_noreshard_20260708_055809/rollouts/22.jsonl
[36m(TaskRunner pid=1148945)[0m step:22 - fc_opd/hook_loss:0.0 - fc_opd/hook_num_samples:48.0 - fc_opd/hook_active_weight:87866.0 - fc_opd/online/loss:0.0 - fc_opd/online/num_samples:48.0 - global_seqlen/min:5511 - global_seqlen/max:12745 - global_seqlen/minmax_diff:7234 - global_seqlen/balanced_min:8060 - global_seqlen/balanced_max:9535 - global_seqlen/mean:8706.166666666666 - actor/entropy:0.8451177477836609 - perf/mfu/actor_infer:0 - actor/pg_loss:0.028923790077290807 - actor/kl_loss:0.0 - actor/fc_opd_loss:7.704755703608195 - actor/pg_clipfrac:0.0 - actor/ppo_kl:0.0 - actor/pg_clipfrac_lower:0.0 - actor/fc_opd_denominator:1.0 - actor/fc_opd_va_opd/loss:8.190068324406942 - actor/fc_opd_va_opd/token_mean_loss:3.5509654780228934 - actor/fc_opd_va_opd/rollout_weight_sum:1.0000000794728596 - actor/fc_opd_va/mean:0.06545520309979717 - actor/fc_opd_va/sparsity:0.8219882547855377 - actor/grad_norm:22.504873275756836 - perf/mfu/actor:0.00946341397354265 - perf/max_memory_allocated_gb:89.34428596496582 - perf/max_memory_reserved_gb:104.646484375 - perf/cpu_memory_used_gb:200.98898696899414 - actor/lr:2e-06 - training/global_step:22 - training/epoch:0 - critic/score/mean:0.1875 - critic/score/max:1.0 - critic/score/min:0.0 - critic/rewards/mean:0.1875 - critic/rewards/max:1.0 - critic/rewards/min:0.0 - critic/advantages/mean:-0.2346855252981186 - critic/advantages/max:0.935412585735321 - critic/advantages/min:-1.20761239528656 - critic/returns/mean:-0.2346855252981186 - critic/returns/max:0.935412585735321 - critic/returns/min:-1.20761239528656 - response_length/mean:915.2708129882812 - response_length/max:2048.0 - response_length/min:9.0 - response_length/clip_ratio:0.4166666567325592 - response_length_non_aborted/mean:915.2708129882812 - response_length_non_aborted/max:2048.0 - response_length_non_aborted/min:9.0 - response_length_non_aborted/clip_ratio:0.4166666567325592 - response/aborted_ratio:0.0 - prompt_length/mean:173.0 - prompt_length/max:275.0 - prompt_length/min:130.0 - prompt_length/clip_ratio:0.0 - num_turns/min:2 - num_turns/max:2 - num_turns/mean:2.0 - timing_s/start_profile:3.0171126127243042e-05 - timing_s/agent_loop/num_preempted/min:-1 - timing_s/agent_loop/num_preempted/max:-1 - timing_s/agent_loop/num_preempted/mean:-1.0 - timing_s/agent_loop/generate_sequences/min:0.12126342672854662 - timing_s/agent_loop/generate_sequences/max:10.28272951906547 - timing_s/agent_loop/generate_sequences/mean:4.537387448440616 - timing_s/agent_loop/tool_calls/min:0.0 - timing_s/agent_loop/tool_calls/max:0.0 - timing_s/agent_loop/tool_calls/mean:0.0 - timing_s/agent_loop/slowest/generate_sequences:10.28272951906547 - timing_s/agent_loop/slowest/tool_calls:0.0 - timing_s/agent_loop/slowest/prompt_length:173 - timing_s/agent_loop/slowest/response_length:2048 - timing_s/agent_loop/slowest/num_preempted:-1 - timing_s/gen:11.451981088146567 - timing_s/fc_opd:14.769570029806346 - timing_s/reward:3.686128184199333e-05 - timing_s/old_log_prob:6.135544921737164 - timing_s/adv:0.0016605202108621597 - timing_s/update_actor:24.741920531727374 - timing_s/update_weights:5.536698858253658 - timing_s/dump_rollout_generations:0.05550571717321873 - timing_s/step:62.758199711330235 - timing_s/stop_profile:4.440685734152794e-05 - timing_per_token_ms/update_actor:0.4736474248468973 - timing_per_token_ms/gen:0.26066922559685357 - timing_per_token_ms/adv:3.178820014285199e-05 - perf/total_num_tokens:52237 - perf/time_per_step:62.758199711330235 - perf/throughput:138.72556425634488
[36m(TaskRunner pid=1148945)[0m Dumped generations to /inspire/hdd/global_user/mengweicheng-240108120092/lzy/projects/Dual-Track-OPD/outputs/fc_opd_overnight_noreshard_noreshard_20260708_055809/rollouts/23.jsonl
[36m(TaskRunner pid=1148945)[0m step:23 - fc_opd/hook_loss:0.0 - fc_opd/hook_num_samples:48.0 - fc_opd/hook_active_weight:146728.0 - fc_opd/online/loss:0.0 - fc_opd/online/num_samples:48.0 - global_seqlen/min:9547 - global_seqlen/max:16909 - global_seqlen/minmax_diff:7362 - global_seqlen/balanced_min:13193 - global_seqlen/balanced_max:13979 - global_seqlen/mean:13838.0 - actor/entropy:0.4766297936439514 - perf/mfu/actor_infer:0 - actor/pg_loss:0.022521595552764968 - actor/kl_loss:0.0 - actor/fc_opd_loss:7.575607548157374 - actor/pg_clipfrac:0.0 - actor/ppo_kl:0.0 - actor/pg_clipfrac_lower:0.0 - actor/fc_opd_denominator:1.0 - actor/fc_opd_va_opd/loss:4.793641219536464 - actor/fc_opd_va_opd/token_mean_loss:8.016541798909506 - actor/fc_opd_va_opd/rollout_weight_sum:0.4999999900658925 - actor/fc_opd_va/mean:0.2528122141957283 - actor/fc_opd_va/sparsity:0.44047465920448303 - actor/grad_norm:24.733957290649414 - perf/mfu/actor:0.013407331436897915 - perf/max_memory_allocated_gb:89.34428596496582 - perf/max_memory_reserved_gb:104.646484375 - perf/cpu_memory_used_gb:200.80974833170572 - actor/lr:2e-06 - training/global_step:23 - training/epoch:0 - critic/score/mean:0.0833333358168602 - critic/score/max:1.0 - critic/score/min:0.0 - critic/rewards/mean:0.0833333358168602 - critic/rewards/max:1.0 - critic/rewards/min:0.0 - critic/advantages/mean:-0.17891809344291687 - critic/advantages/max:2.4748666286468506 - critic/advantages/min:-0.5400605201721191 - critic/returns/mean:-0.17891809344291687 - critic/returns/max:2.4748666286468506 - critic/returns/min:-0.5400605201721191 - response_length/mean:1528.4166259765625 - response_length/max:2048.0 - response_length/min:4.0 - response_length/clip_ratio:0.7291666865348816 - response_length_non_aborted/mean:1528.4166259765625 - response_length_non_aborted/max:2048.0 - response_length_non_aborted/min:4.0 - response_length_non_aborted/clip_ratio:0.7291666865348816 - response/aborted_ratio:0.0 - prompt_length/mean:201.3333282470703 - prompt_length/max:320.0 - prompt_length/min:130.0 - prompt_length/clip_ratio:0.0 - num_turns/min:2 - num_turns/max:2 - num_turns/mean:2.0 - timing_s/start_profile:3.278814256191254e-05 - timing_s/agent_loop/num_preempted/min:-1 - timing_s/agent_loop/num_preempted/max:-1 - timing_s/agent_loop/num_preempted/mean:-1.0 - timing_s/agent_loop/generate_sequences/min:0.15351460920646787 - timing_s/agent_loop/generate_sequences/max:10.669989001005888 - timing_s/agent_loop/generate_sequences/mean:7.8609603366542915 - timing_s/agent_loop/tool_calls/min:0.0 - timing_s/agent_loop/tool_calls/max:0.0 - timing_s/agent_loop/tool_calls/mean:0.0 - timing_s/agent_loop/slowest/generate_sequences:10.669989001005888 - timing_s/agent_loop/slowest/tool_calls:0.0 - timing_s/agent_loop/slowest/prompt_length:130 - timing_s/agent_loop/slowest/response_length:2048 - timing_s/agent_loop/slowest/num_preempted:-1 - timing_s/gen:11.999930107034743 - timing_s/fc_opd:20.255780478939414 - timing_s/reward:3.044726327061653e-05 - timing_s/old_log_prob:6.823641358874738 - timing_s/adv:0.0017561069689691067 - timing_s/update_actor:27.84574457630515 - timing_s/update_weights:4.123606995213777 - timing_s/dump_rollout_generations:0.05459034023806453 - timing_s/step:71.1713997060433 - timing_s/stop_profile:5.004368722438812e-05 - timing_per_token_ms/update_actor:0.33537775902472844 - timing_per_token_ms/gen:0.16356700980092065 - timing_per_token_ms/adv:2.1150780085863885e-05 - perf/total_num_tokens:83028 - perf/time_per_step:71.1713997060433 - perf/throughput:194.43203389499993[36m(TaskRunner pid=1148945)[0m Training Progress:   1%|▏         | 23/1751 [24:41<29:56:57, 62.39s/it]
[36m(TaskRunner pid=1148945)[0m WARNING:2026-07-08 06:29:19,987:f5f73e48-948f-4777-a03d-745282cd587e/full: padding teacher scores (18 → 2048 tokens).  Positions beyond teacher length get zero quality weight.
[36m(TaskRunner pid=1148945)[0m WARNING:2026-07-08 06:29:19,989:f5f73e48-948f-4777-a03d-745282cd587e/degraded: padding teacher scores (18 → 2048 tokens).  Positions beyond teacher length get zero quality weight.
[36m(TaskRunner pid=1148945)[0m WARNING:2026-07-08 06:29:19,989:f5f73e48-948f-4777-a03d-745282cd587e/full: padding teacher scores (18 → 2048 tokens).  Positions beyond teacher length get zero quality weight.
[36m(TaskRunner pid=1148945)[0m WARNING:2026-07-08 06:29:19,990:f5f73e48-948f-4777-a03d-745282cd587e/degraded: padding teacher scores (18 → 2048 tokens).  Positions beyond teacher length get zero quality weight.
[36m(TaskRunner pid=1148945)[0m WARNING:2026-07-08 06:29:19,991:f5f73e48-948f-4777-a03d-745282cd587e/full: padding teacher scores (18 → 2048 tokens).  Positions beyond teacher length get zero quality weight.
[36m(TaskRunner pid=1148945)[0m WARNING:2026-07-08 06:29:19,991:f5f73e48-948f-4777-a03d-745282cd587e/degraded: padding teacher scores (18 → 2048 tokens).  Positions beyond teacher length get zero quality weight.
[36m(TaskRunner pid=1148945)[0m WARNING:2026-07-08 06:29:19,992:f5f73e48-948f-4777-a03d-745282cd587e/full: padding teacher scores (18 → 2048 tokens).  Positions beyond teacher length get zero quality weight.
[36m(TaskRunner pid=1148945)[0m WARNING:2026-07-08 06:29:19,993:f5f73e48-948f-4777-a03d-745282cd587e/degraded: padding teacher scores (18 → 2048 tokens).  Positions beyond teacher length get zero quality weight.
[36m(TaskRunner pid=1148945)[0m WARNING:2026-07-08 06:29:19,994:f5f73e48-948f-4777-a03d-745282cd587e/full: padding teacher scores (18 → 2048 tokens).  Positions beyond teacher length get zero quality weight.
[36m(TaskRunner pid=1148945)[0m WARNING:2026-07-08 06:29:19,994:f5f73e48-948f-4777-a03d-745282cd587e/degraded: padding teacher scores (18 → 2048 tokens).  Positions beyond teacher length get zero quality weight.
[36m(TaskRunner pid=1148945)[0m WARNING:2026-07-08 06:29:19,995:f5f73e48-948f-4777-a03d-745282cd587e/full: padding teacher scores (18 → 2048 tokens).  Positions beyond teacher length get zero quality weight.
[36m(TaskRunner pid=1148945)[0m WARNING:2026-07-08 06:29:19,995:f5f73e48-948f-4777-a03d-745282cd587e/degraded: padding teacher scores (18 → 2048 tokens).  Positions beyond teacher length get zero quality weight.
[36m(TaskRunner pid=1148945)[0m WARNING:2026-07-08 06:29:19,996:f5f73e48-948f-4777-a03d-745282cd587e/full: padding teacher scores (18 → 1144 tokens).  Positions beyond teacher length get zero quality weight.
[36m(TaskRunner pid=1148945)[0m WARNING:2026-07-08 06:29:19,996:f5f73e48-948f-4777-a03d-745282cd587e/degraded: padding teacher scores (18 → 1144 tokens).  Positions beyond teacher length get zero quality weight.
[36m(TaskRunner pid=1148945)[0m WARNING:2026-07-08 06:29:20,005:55469062-b931-46ff-a26a-2d72003f0fb9/full: trimming teacher scores (2048 → 225 tokens).  This is expected to be rare (<1% of steps).
[36m(TaskRunner pid=1148945)[0m WARNING:2026-07-08 06:29:20,005:55469062-b931-46ff-a26a-2d72003f0fb9/degraded: trimming teacher scores (2048 → 225 tokens).  This is expected to be rare (<1% of steps).
[36m(TaskRunner pid=1148945)[0m WARNING:2026-07-08 06:29:20,007:55469062-b931-46ff-a26a-2d72003f0fb9/full: trimming teacher scores (2048 → 538 tokens).  This is expected to be rare (<1% of steps).
[36m(TaskRunner pid=1148945)[0m WARNING:2026-07-08 06:29:20,007:55469062-b931-46ff-a26a-2d72003f0fb9/degraded: trimming teacher scores (2048 → 538 tokens).  This is expected to be rare (<1% of steps).
[36m(TaskRunner pid=1148945)[0m WARNING:2026-07-08 06:29:20,007:55469062-b931-46ff-a26a-2d72003f0fb9/full: trimming teacher scores (2048 → 12 tokens).  This is expected to be rare (<1% of steps).
[36m(TaskRunner pid=1148945)[0m WARNING:2026-07-08 06:29:20,008:55469062-b931-46ff-a26a-2d72003f0fb9/degraded: trimming teacher scores (2048 → 12 tokens).  This is expected to be rare (<1% of steps).
[36m(TaskRunner pid=1148945)[0m WARNING:2026-07-08 06:29:20,013:cf06f9a5-eb47-4418-b5b6-b5cb12ae7a0e/full: trimming teacher scores (2048 → 22 tokens).  This is expected to be rare (<1% of steps).
[36m(TaskRunner pid=1148945)[0m WARNING:2026-07-08 06:29:20,013:cf06f9a5-eb47-4418-b5b6-b5cb12ae7a0e/degraded: trimming teacher scores (2048 → 22 tokens).  This is expected to be rare (<1% of steps).
[36m(TaskRunner pid=1148945)[0m WARNING:2026-07-08 06:29:20,015:cf06f9a5-eb47-4418-b5b6-b5cb12ae7a0e/full: trimming teacher scores (2048 → 53 tokens).  This is expected to be rare (<1% of steps).
[36m(TaskRunner pid=1148945)[0m WARNING:2026-07-08 06:29:20,015:cf06f9a5-eb47-4418-b5b6-b5cb12ae7a0e/degraded: trimming teacher scores (2048 → 53 tokens).  This is expected to be rare (<1% of steps).
[36m(TaskRunner pid=1148945)[0m WARNING:2026-07-08 06:29:20,016:cf06f9a5-eb47-4418-b5b6-b5cb12ae7a0e/full: trimming teacher scores (2048 → 1260 tokens).  This is expected to be rare (<1% of steps).
[36m(TaskRunner pid=1148945)[0m WARNING:2026-07-08 06:29:20,016:cf06f9a5-eb47-4418-b5b6-b5cb12ae7a0e/degraded: trimming teacher scores (2048 → 1260 tokens).  This is expected to be rare (<1% of steps).
[36m(TaskRunner pid=1148945)[0m WARNING:2026-07-08 06:29:20,017:34dd659f-b12a-411c-a507-0f4607b44ba8/full: padding teacher scores (69 → 2048 tokens).  Positions beyond teacher length get zero quality weight.
[36m(TaskRunner pid=1148945)[0m WARNING:2026-07-08 06:29:20,017:34dd659f-b12a-411c-a507-0f4607b44ba8/degraded: padding teacher scores (69 → 2048 tokens).  Positions beyond teacher length get zero quality weight.
[36m(TaskRunner pid=1148945)[0m WARNING:2026-07-08 06:29:20,018:34dd659f-b12a-411c-a507-0f4607b44ba8/full: trimming teacher scores (69 → 48 tokens).  This is expected to be rare (<1% of steps).
[36m(TaskRunner pid=1148945)[0m WARNING:2026-07-08 06:29:20,018:34dd659f-b12a-411c-a507-0f4607b44ba8/degraded: trimming teacher scores (69 → 48 tokens).  This is expected to be rare (<1% of steps).
[36m(TaskRunner pid=1148945)[0m WARNING:2026-07-08 06:29:20,019:34dd659f-b12a-411c-a507-0f4607b44ba8/full: padding teacher scores (69 → 2048 tokens).  Positions beyond teacher length get zero quality weight.
[36m(TaskRunner pid=1148945)[0m WARNING:2026-07-08 06:29:20,019:34dd659f-b12a-411c-a507-0f4607b44ba8/degraded: padding teacher scores (69 → 2048 tokens).  Positions beyond teacher length get zero quality weight.
[36m(TaskRunner pid=1148945)[0m WARNING:2026-07-08 06:29:20,020:34dd659f-b12a-411c-a507-0f4607b44ba8/full: padding teacher scores (69 → 2048 tokens).  Positions beyond teacher length get zero quality weight.
[36m(TaskRunner pid=1148945)[0m WARNING:2026-07-08 06:29:20,020:34dd659f-b12a-411c-a507-0f4607b44ba8/degraded: padding teacher scores (69 → 2048 tokens).  Positions beyond teacher length get zero quality weight.
[36m(TaskRunner pid=1148945)[0m WARNING:2026-07-08 06:29:20,021:34dd659f-b12a-411c-a507-0f4607b44ba8/full: padding teacher scores (69 → 2048 tokens).  Positions beyond teacher length get zero quality weight.
[36m(TaskRunner pid=1148945)[0m WARNING:2026-07-08 06:29:20,022:34dd659f-b12a-411c-a507-0f4607b44ba8/degraded: padding teacher scores (69 → 2048 tokens).  Positions beyond teacher length get zero quality weight.
[36m(TaskRunner pid=1148945)[0m WARNING:2026-07-08 06:29:20,022:34dd659f-b12a-411c-a507-0f4607b44ba8/full: padding teacher scores (69 → 259 tokens).  Positions beyond teacher length get zero quality weight.
[36m(TaskRunner pid=1148945)[0m WARNING:2026-07-08 06:29:20,023:34dd659f-b12a-411c-a507-0f4607b44ba8/degraded: padding teacher scores (69 → 259 tokens).  Positions beyond teacher length get zero quality weight.
[36m(TaskRunner pid=1148945)[0m WARNING:2026-07-08 06:29:20,023:34dd659f-b12a-411c-a507-0f4607b44ba8/full: trimming teacher scores (69 → 11 tokens).  This is expected to be rare (<1% of steps).
[36m(TaskRunner pid=1148945)[0m WARNING:2026-07-08 06:29:20,023:34dd659f-b12a-411c-a507-0f4607b44ba8/degraded: trimming teacher scores (69 → 11 tokens).  This is expected to be rare (<1% of steps).
[36m(TaskRunner pid=1148945)[0m WARNING:2026-07-08 06:29:20,024:f3d229ff-fb03-4863-a7ea-f3f7ea208d06/full: padding teacher scores (56 → 2048 tokens).  Positions beyond teacher length get zero quality weight.
[36m(TaskRunner pid=1148945)[0m WARNING:2026-07-08 06:29:20,024:f3d229ff-fb03-4863-a7ea-f3f7ea208d06/degraded: padding teacher scores (56 → 2048 tokens).  Positions beyond teacher length get zero quality weight.
[36m(TaskRunner pid=1148945)[0m WARNING:2026-07-08 06:29:20,025:f3d229ff-fb03-4863-a7ea-f3f7ea208d06/full: padding teacher scores (56 → 2048 tokens).  Positions beyond teacher length get zero quality weight.
[36m(TaskRunner pid=1148945)[0m WARNING:2026-07-08 06:29:20,025:f3d229ff-fb03-4863-a7ea-f3f7ea208d06/degraded: padding teacher scores (56 → 2048 tokens).  Positions beyond teacher length get zero quality weight.
[36m(TaskRunner pid=1148945)[0m WARNING:2026-07-08 06:29:20,026:f3d229ff-fb03-4863-a7ea-f3f7ea208d06/full: padding teacher scores (56 → 2048 tokens).  Positions beyond teacher length get zero quality weight.
[36m(TaskRunner pid=1148945)[0m WARNING:2026-07-08 06:29:20,027:f3d229ff-fb03-4863-a7ea-f3f7ea208d06/degraded: padding teacher scores (56 → 2048 tokens).  Positions beyond teacher length get zero quality weight.
[36m(TaskRunner pid=1148945)[0m WARNING:2026-07-08 06:29:20,027:f3d229ff-fb03-4863-a7ea-f3f7ea208d06/full: padding teacher scores (56 → 2048 tokens).  Positions beyond teacher length get zero quality weight.
[36m(TaskRunner pid=1148945)[0m WARNING:2026-07-08 06:29:20,028:f3d229ff-fb03-4863-a7ea-f3f7ea208d06/degraded: padding teacher scores (56 → 2048 tokens).  Positions beyond teacher length get zero quality weight.
[36m(TaskRunner pid=1148945)[0m WARNING:2026-07-08 06:29:20,028:f3d229ff-fb03-4863-a7ea-f3f7ea208d06/full: trimming teacher scores (56 → 16 tokens).  This is expected to be rare (<1% of steps).
[36m(TaskRunner pid=1148945)[0m WARNING:2026-07-08 06:29:20,029:f3d229ff-fb03-4863-a7ea-f3f7ea208d06/degraded: trimming teacher scores (56 → 16 tokens).  This is expected to be rare (<1% of steps).
[36m(TaskRunner pid=1148945)[0m WARNING:2026-07-08 06:29:20,029:f3d229ff-fb03-4863-a7ea-f3f7ea208d06/full: padding teacher scores (56 → 2048 tokens).  Positions beyond teacher length get zero quality weight.
[36m(TaskRunner pid=1148945)[0m WARNING:2026-07-08 06:29:20,029:f3d229ff-fb03-4863-a7ea-f3f7ea208d06/degraded: padding teacher scores (56 → 2048 tokens).  Positions beyond teacher length get zero quality weight.
[36m(TaskRunner pid=1148945)[0m WARNING:2026-07-08 06:29:20,030:f3d229ff-fb03-4863-a7ea-f3f7ea208d06/full: padding teacher scores (56 → 2048 tokens).  Positions beyond teacher length get zero quality weight.
[36m(TaskRunner pid=1148945)[0m WARNING:2026-07-08 06:29:20,031:f3d229ff-fb03-4863-a7ea-f3f7ea208d06/degraded: padding teacher scores (56 → 2048 tokens).  Positions beyond teacher length get zero quality weight.
[36m(TaskRunner pid=1148945)[0m WARNING:2026-07-08 06:29:20,146:========================================================================
[36m(TaskRunner pid=1148945)[0m WARNING:2026-07-08 06:29:20,146:  VA-OPD Pipeline Verification (arXiv 2605.21924 §3.2-3.3)
[36m(TaskRunner pid=1148945)[0m WARNING:2026-07-08 06:29:20,146:========================================================================
[36m(TaskRunner pid=1148945)[0m WARNING:2026-07-08 06:29:20,146:  C          = 2  conditions: ['full', 'degraded']
[36m(TaskRunner pid=1148945)[0m WARNING:2026-07-08 06:29:20,146:  loss_mode  = va_opd
[36m(TaskRunner pid=1148945)[0m WARNING:2026-07-08 06:29:20,146:  batch      = [B=48, T=2048]
[36m(TaskRunner pid=1148945)[0m WARNING:2026-07-08 06:29:20,146:  top_k      = 32
[36m(TaskRunner pid=1148945)[0m WARNING:2026-07-08 06:29:20,146:  exact_lp   = torch.Size([48, 2, 2048])  (None=tail-fallback)
[36m(TaskRunner pid=1148945)[0m WARNING:2026-07-08 06:29:20,146:  Student    = raw image + canonical question  (choices allowed, no XML)
[36m(TaskRunner pid=1148945)[0m WARNING:2026-07-08 06:29:20,146:  Teacher    = raw image + same canonical question  (no format bias)
[36m(TaskRunner pid=1148945)[0m WARNING:2026-07-08 06:29:20,146:  KL         = reverse (mode-seeking) KL(P_S || P_T)
[36m(TaskRunner pid=1148945)[0m WARNING:2026-07-08 06:29:20,146:  Formula §3.2: w^(k) = softmax(z_score(ā^(k)) / τ), sums to 1 per prompt
[36m(TaskRunner pid=1148945)[0m WARNING:2026-07-08 06:29:20,146:  Formula §3.3: L_group = 0.5·mean(KL_rev,HighVA) + 0.5·mean(KL_rev,LowVA)
[36m(TaskRunner pid=1148945)[0m WARNING:2026-07-08 06:29:20,146:  Total (formula 7): L = Σ_k w^(k)·L_group^(k)   (pure distillation, no GRPO)
[36m(TaskRunner pid=1148945)[0m WARNING:2026-07-08 06:29:20,146:========================================================================
[36m(TaskRunner pid=1148945)[0m ========================================================================
[36m(TaskRunner pid=1148945)[0m   VA-OPD Pipeline Verification (arXiv 2605.21924 §3.2-3.3)
[36m(TaskRunner pid=1148945)[0m ========================================================================
[36m(TaskRunner pid=1148945)[0m   C          = 2  conditions: ['full', 'degraded']
[36m(TaskRunner pid=1148945)[0m   loss_mode  = va_opd
[36m(TaskRunner pid=1148945)[0m   batch      = [B=48, T=2048]
[36m(TaskRunner pid=1148945)[0m   top_k      = 32
[36m(TaskRunner pid=1148945)[0m   exact_lp   = torch.Size([48, 2, 2048])  (None=tail-fallback)
[36m(TaskRunner pid=1148945)[0m   Student    = raw image + canonical question  (choices allowed, no XML)
[36m(TaskRunner pid=1148945)[0m   Teacher    = raw image + same canonical question  (no format bias)
[36m(TaskRunner pid=1148945)[0m   KL         = reverse (mode-seeking) KL(P_S || P_T)
[36m(TaskRunner pid=1148945)[0m   Formula §3.2: w^(k) = softmax(z_score(ā^(k)) / τ), sums to 1 per prompt
[36m(TaskRunner pid=1148945)[0m   Formula §3.3: L_group = 0.5·mean(KL_rev,HighVA) + 0.5·mean(KL_rev,LowVA)
[36m(TaskRunner pid=1148945)[0m   Total (formula 7): L = Σ_k w^(k)·L_group^(k)   (pure distillation, no GRPO)
[36m(TaskRunner pid=1148945)[0m ========================================================================
[36m(WorkerDict pid=1246292)[0m INFO:2026-07-08 06:29:58,630:update_weights done, time cost: 0.90s
[36m(TaskRunner pid=1148945)[0m Training Progress:   1%|▏         | 24/1751 [25:52<31:04:46, 64.79s/it]
[36m(TaskRunner pid=1148945)[0m WARNING:2026-07-08 06:30:35,637:40b42504-82cf-4a40-9a51-34ee7cb2c600/full: trimming teacher scores (2048 → 68 tokens).  This is expected to be rare (<1% of steps).
[36m(TaskRunner pid=1148945)[0m WARNING:2026-07-08 06:30:35,638:40b42504-82cf-4a40-9a51-34ee7cb2c600/degraded: trimming teacher scores (2048 → 68 tokens).  This is expected to be rare (<1% of steps).
[36m(TaskRunner pid=1148945)[0m WARNING:2026-07-08 06:30:35,638:40b42504-82cf-4a40-9a51-34ee7cb2c600/full: trimming teacher scores (2048 → 1414 tokens).  This is expected to be rare (<1% of steps).
[36m(TaskRunner pid=1148945)[0m WARNING:2026-07-08 06:30:35,639:40b42504-82cf-4a40-9a51-34ee7cb2c600/degraded: trimming teacher scores (2048 → 1414 tokens).  This is expected to be rare (<1% of steps).
[36m(TaskRunner pid=1148945)[0m WARNING:2026-07-08 06:30:35,650:b5ae30f0-df81-47bb-a770-f1a598517500/full: trimming teacher scores (2048 → 18 tokens).  This is expected to be rare (<1% of steps).
[36m(TaskRunner pid=1148945)[0m WARNING:2026-07-08 06:30:35,650:b5ae30f0-df81-47bb-a770-f1a598517500/degraded: trimming teacher scores (2048 → 18 tokens).  This is expected to be rare (<1% of steps).
[36m(TaskRunner pid=1148945)[0m WARNING:2026-07-08 06:30:35,655:3c78175c-c9b2-493d-9413-76b4eed29561/full: padding teacher scores (14 → 2048 tokens).  Positions beyond teacher length get zero quality weight.
[36m(TaskRunner pid=1148945)[0m WARNING:2026-07-08 06:30:35,655:3c78175c-c9b2-493d-9413-76b4eed29561/degraded: padding teacher scores (14 → 2048 tokens).  Positions beyond teacher length get zero quality weight.
[36m(TaskRunner pid=1148945)[0m WARNING:2026-07-08 06:30:35,656:3c78175c-c9b2-493d-9413-76b4eed29561/full: padding teacher scores (14 → 2048 tokens).  Positions beyond teacher length get zero quality weight.
[36m(TaskRunner pid=1148945)[0m WARNING:2026-07-08 06:30:35,657:3c78175c-c9b2-493d-9413-76b4eed29561/degraded: padding teacher scores (14 → 2048 tokens).  Positions beyond teacher length get zero quality weight.
[36m(TaskRunner pid=1148945)[0m WARNING:2026-07-08 06:30:35,658:3c78175c-c9b2-493d-9413-76b4eed29561/full: padding teacher scores (14 → 2048 tokens).  Positions beyond teacher length get zero quality weight.
[36m(TaskRunner pid=1148945)[0m WARNING:2026-07-08 06:30:35,658:3c78175c-c9b2-493d-9413-76b4eed29561/degraded: padding teacher scores (14 → 2048 tokens).  Positions beyond teacher length get zero quality weight.
[36m(TaskRunner pid=1148945)[0m WARNING:2026-07-08 06:30:35,659:3c78175c-c9b2-493d-9413-76b4eed29561/full: padding teacher scores (14 → 2048 tokens).  Positions beyond teacher length get zero quality weight.
[36m(TaskRunner pid=1148945)[0m WARNING:2026-07-08 06:30:35,659:3c78175c-c9b2-493d-9413-76b4eed29561/degraded: padding teacher scores (14 → 2048 tokens).  Positions beyond teacher length get zero quality weight.
[36m(TaskRunner pid=1148945)[0m WARNING:2026-07-08 06:30:35,660:3c78175c-c9b2-493d-9413-76b4eed29561/full: padding teacher scores (14 → 2048 tokens).  Positions beyond teacher length get zero quality weight.
[36m(TaskRunner pid=1148945)[0m WARNING:2026-07-08 06:30:35,661:3c78175c-c9b2-493d-9413-76b4eed29561/degraded: padding teacher scores (14 → 2048 tokens).  Positions beyond teacher length get zero quality weight.
[36m(TaskRunner pid=1148945)[0m WARNING:2026-07-08 06:30:35,661:3c78175c-c9b2-493d-9413-76b4eed29561/full: padding teacher scores (14 → 2048 tokens).  Positions beyond teacher length get zero quality weight.
[36m(TaskRunner pid=1148945)[0m WARNING:2026-07-08 06:30:35,662:3c78175c-c9b2-493d-9413-76b4eed29561/degraded: padding teacher scores (14 → 2048 tokens).  Positions beyond teacher length get zero quality weight.
[36m(TaskRunner pid=1148945)[0m WARNING:2026-07-08 06:30:35,663:3c78175c-c9b2-493d-9413-76b4eed29561/full: padding teacher scores (14 → 2048 tokens).  Positions beyond teacher length get zero quality weight.
[36m(TaskRunner pid=1148945)[0m WARNING:2026-07-08 06:30:35,663:3c78175c-c9b2-493d-9413-76b4eed29561/degraded: padding teacher scores (14 → 2048 tokens).  Positions beyond teacher length get zero quality weight.
[36m(TaskRunner pid=1148945)[0m WARNING:2026-07-08 06:30:35,779:========================================================================
[36m(TaskRunner pid=1148945)[0m WARNING:2026-07-08 06:30:35,779:  VA-OPD Pipeline Verification (arXiv 2605.21924 §3.2-3.3)
[36m(TaskRunner pid=1148945)[0m WARNING:2026-07-08 06:30:35,779:========================================================================
[36m(TaskRunner pid=1148945)[0m WARNING:2026-07-08 06:30:35,779:  C          = 2  conditions: ['full', 'degraded']
[36m(TaskRunner pid=1148945)[0m WARNING:2026-07-08 06:30:35,779:  loss_mode  = va_opd
[36m(TaskRunner pid=1148945)[0m WARNING:2026-07-08 06:30:35,779:  batch      = [B=48, T=2048]
[36m(TaskRunner pid=1148945)[0m WARNING:2026-07-08 06:30:35,779:  top_k      = 32
[36m(TaskRunner pid=1148945)[0m WARNING:2026-07-08 06:30:35,779:  exact_lp   = torch.Size([48, 2, 2048])  (None=tail-fallback)
[36m(TaskRunner pid=1148945)[0m WARNING:2026-07-08 06:30:35,779:  Student    = raw image + canonical question  (choices allowed, no XML)
[36m(TaskRunner pid=1148945)[0m WARNING:2026-07-08 06:30:35,779:  Teacher    = raw image + same canonical question  (no format bias)
[36m(TaskRunner pid=1148945)[0m WARNING:2026-07-08 06:30:35,779:  KL         = reverse (mode-seeking) KL(P_S || P_T)
[36m(TaskRunner pid=1148945)[0m WARNING:2026-07-08 06:30:35,779:  Formula §3.2: w^(k) = softmax(z_score(ā^(k)) / τ), sums to 1 per prompt
[36m(TaskRunner pid=1148945)[0m WARNING:2026-07-08 06:30:35,779:  Formula §3.3: L_group = 0.5·mean(KL_rev,HighVA) + 0.5·mean(KL_rev,LowVA)
[36m(TaskRunner pid=1148945)[0m WARNING:2026-07-08 06:30:35,779:  Total (formula 7): L = Σ_k w^(k)·L_group^(k)   (pure distillation, no GRPO)
[36m(TaskRunner pid=1148945)[0m WARNING:2026-07-08 06:30:35,779:========================================================================
[36m(TaskRunner pid=1148945)[0m ========================================================================
[36m(TaskRunner pid=1148945)[0m   VA-OPD Pipeline Verification (arXiv 2605.21924 §3.2-3.3)
[36m(TaskRunner pid=1148945)[0m ========================================================================
[36m(TaskRunner pid=1148945)[0m   C          = 2  conditions: ['full', 'degraded']
[36m(TaskRunner pid=1148945)[0m   loss_mode  = va_opd
[36m(TaskRunner pid=1148945)[0m   batch      = [B=48, T=2048]
[36m(TaskRunner pid=1148945)[0m   top_k      = 32
[36m(TaskRunner pid=1148945)[0m   exact_lp   = torch.Size([48, 2, 2048])  (None=tail-fallback)
[36m(TaskRunner pid=1148945)[0m   Student    = raw image + canonical question  (choices allowed, no XML)
[36m(TaskRunner pid=1148945)[0m   Teacher    = raw image + same canonical question  (no format bias)
[36m(TaskRunner pid=1148945)[0m   KL         = reverse (mode-seeking) KL(P_S || P_T)
[36m(TaskRunner pid=1148945)[0m   Formula §3.2: w^(k) = softmax(z_score(ā^(k)) / τ), sums to 1 per prompt
[36m(TaskRunner pid=1148945)[0m   Formula §3.3: L_group = 0.5·mean(KL_rev,HighVA) + 0.5·mean(KL_rev,LowVA)
[36m(TaskRunner pid=1148945)[0m   Total (formula 7): L = Σ_k w^(k)·L_group^(k)   (pure distillation, no GRPO)
[36m(TaskRunner pid=1148945)[0m ========================================================================
[36m(WorkerDict pid=1246292)[0m INFO:2026-07-08 06:31:10,678:update_weights done, time cost: 0.83s
[36m(TaskRunner pid=1148945)[0m Training Progress:   1%|▏         | 25/1751 [27:04<32:06:29, 66.97s/it]
[36m(TaskRunner pid=1148945)[0m WARNING:2026-07-08 06:31:46,469:d186650c-a961-4c65-8d91-b36a22ea864d/full: trimming teacher scores (2048 → 4 tokens).  This is expected to be rare (<1% of steps).
[36m(TaskRunner pid=1148945)[0m WARNING:2026-07-08 06:31:46,470:d186650c-a961-4c65-8d91-b36a22ea864d/degraded: trimming teacher scores (2048 → 4 tokens).  This is expected to be rare (<1% of steps).
[36m(TaskRunner pid=1148945)[0m WARNING:2026-07-08 06:31:46,479:9d261746-79e6-4629-b2df-b761ee806ba3/full: trimming teacher scores (2048 → 46 tokens).  This is expected to be rare (<1% of steps).
[36m(TaskRunner pid=1148945)[0m WARNING:2026-07-08 06:31:46,480:9d261746-79e6-4629-b2df-b761ee806ba3/degraded: trimming teacher scores (2048 → 46 tokens).  This is expected to be rare (<1% of steps).
[36m(TaskRunner pid=1148945)[0m WARNING:2026-07-08 06:31:46,482:9d261746-79e6-4629-b2df-b761ee806ba3/full: trimming teacher scores (2048 → 244 tokens).  This is expected to be rare (<1% of steps).
[36m(TaskRunner pid=1148945)[0m WARNING:2026-07-08 06:31:46,482:9d261746-79e6-4629-b2df-b761ee806ba3/degraded: trimming teacher scores (2048 → 244 tokens).  This is expected to be rare (<1% of steps).
[36m(TaskRunner pid=1148945)[0m WARNING:2026-07-08 06:31:46,487:bac5dab1-4c61-4e57-a13d-b7ee0c5b074c/full: trimming teacher scores (2048 → 37 tokens).  This is expected to be rare (<1% of steps).
[36m(TaskRunner pid=1148945)[0m WARNING:2026-07-08 06:31:46,487:bac5dab1-4c61-4e57-a13d-b7ee0c5b074c/degraded: trimming teacher scores (2048 → 37 tokens).  This is expected to be rare (<1% of steps).
[36m(TaskRunner pid=1148945)[0m WARNING:2026-07-08 06:31:46,491:c5c00c3f-f10e-450d-aaed-f4f8b4fe3b1b/full: padding teacher scores (6 → 2048 tokens).  Positions beyond teacher length get zero quality weight.
[36m(TaskRunner pid=1148945)[0m WARNING:2026-07-08 06:31:46,491:c5c00c3f-f10e-450d-aaed-f4f8b4fe3b1b/degraded: padding teacher scores (6 → 2048 tokens).  Positions beyond teacher length get zero quality weight.
[36m(TaskRunner pid=1148945)[0m WARNING:2026-07-08 06:31:46,492:c5c00c3f-f10e-450d-aaed-f4f8b4fe3b1b/full: padding teacher scores (6 → 2048 tokens).  Positions beyond teacher length get zero quality weight.
[36m(TaskRunner pid=1148945)[0m WARNING:2026-07-08 06:31:46,493:c5c00c3f-f10e-450d-aaed-f4f8b4fe3b1b/degraded: padding teacher scores (6 → 2048 tokens).  Positions beyond teacher length get zero quality weight.
[36m(TaskRunner pid=1148945)[0m WARNING:2026-07-08 06:31:46,494:c5c00c3f-f10e-450d-aaed-f4f8b4fe3b1b/full: padding teacher scores (6 → 2048 tokens).  Positions beyond teacher length get zero quality weight.
[36m(TaskRunner pid=1148945)[0m WARNING:2026-07-08 06:31:46,494:c5c00c3f-f10e-450d-aaed-f4f8b4fe3b1b/degraded: padding teacher scores (6 → 2048 tokens).  Positions beyond teacher length get zero quality weight.
[36m(TaskRunner pid=1148945)[0m WARNING:2026-07-08 06:31:46,495:c5c00c3f-f10e-450d-aaed-f4f8b4fe3b1b/full: padding teacher scores (6 → 2048 tokens).  Positions beyond teacher length get zero quality weight.
[36m(TaskRunner pid=1148945)[0m WARNING:2026-07-08 06:31:46,496:c5c00c3f-f10e-450d-aaed-f4f8b4fe3b1b/degraded: padding teacher scores (6 → 2048 tokens).  Positions beyond teacher length get zero quality weight.
[36m(TaskRunner pid=1148945)[0m WARNING:2026-07-08 06:31:46,497:c5c00c3f-f10e-450d-aaed-f4f8b4fe3b1b/full: padding teacher scores (6 → 2048 tokens).  Positions beyond teacher length get zero quality weight.
[36m(TaskRunner pid=1148945)[0m WARNING:2026-07-08 06:31:46,498:c5c00c3f-f10e-450d-aaed-f4f8b4fe3b1b/degraded: padding teacher scores (6 → 2048 tokens).  Positions beyond teacher length get zero quality weight.
[36m(TaskRunner pid=1148945)[0m WARNING:2026-07-08 06:31:46,499:c5c00c3f-f10e-450d-aaed-f4f8b4fe3b1b/full: padding teacher scores (6 → 2048 tokens).  Positions beyond teacher length get zero quality weight.
[36m(TaskRunner pid=1148945)[0m WARNING:2026-07-08 06:31:46,499:c5c00c3f-f10e-450d-aaed-f4f8b4fe3b1b/degraded: padding teacher scores (6 → 2048 tokens).  Positions beyond teacher length get zero quality weight.
[36m(TaskRunner pid=1148945)[0m WARNING:2026-07-08 06:31:46,500:c5c00c3f-f10e-450d-aaed-f4f8b4fe3b1b/full: padding teacher scores (6 → 2048 tokens).  Positions beyond teacher length get zero quality weight.
[36m(TaskRunner pid=1148945)[0m WARNING:2026-07-08 06:31:46,500:c5c00c3f-f10e-450d-aaed-f4f8b4fe3b1b/degraded: padding teacher scores (6 → 2048 tokens).  Positions beyond teacher length get zero quality weight.
[36m(TaskRunner pid=1148945)[0m WARNING:2026-07-08 06:31:46,501:3aeb94a8-c658-41ec-ae34-86855af92d5a/full: padding teacher scores (11 → 2048 tokens).  Positions beyond teacher length get zero quality weight.
[36m(TaskRunner pid=1148945)[0m WARNING:2026-07-08 06:31:46,502:3aeb94a8-c658-41ec-ae34-86855af92d5a/degraded: padding teacher scores (11 → 2048 tokens).  Positions beyond teacher length get zero quality weight.
[36m(TaskRunner pid=1148945)[0m WARNING:2026-07-08 06:31:46,503:3aeb94a8-c658-41ec-ae34-86855af92d5a/full: padding teacher scores (11 → 2048 tokens).  Positions beyond teacher length get zero quality weight.
[36m(TaskRunner pid=1148945)[0m WARNING:2026-07-08 06:31:46,503:3aeb94a8-c658-41ec-ae34-86855af92d5a/degraded: padding teacher scores (11 → 2048 tokens).  Positions beyond teacher length get zero quality weight.
[36m(TaskRunner pid=1148945)[0m WARNING:2026-07-08 06:31:46,504:3aeb94a8-c658-41ec-ae34-86855af92d5a/full: padding teacher scores (11 → 2048 tokens).  Positions beyond teacher length get zero quality weight.
[36m(TaskRunner pid=1148945)[0m WARNING:2026-07-08 06:31:46,504:3aeb94a8-c658-41ec-ae34-86855af92d5a/degraded: padding teacher scores (11 → 2048 tokens).  Positions beyond teacher length get zero quality weight.
[36m(TaskRunner pid=1148945)[0m WARNING:2026-07-08 06:31:46,505:3aeb94a8-c658-41ec-ae34-86855af92d5a/full: padding teacher scores (11 → 2048 tokens).  Positions beyond teacher length get zero quality weight.
[36m(TaskRunner pid=1148945)[0m WARNING:2026-07-08 06:31:46,506:3aeb94a8-c658-41ec-ae34-86855af92d5a/degraded: padding teacher scores (11 → 2048 tokens).  Positions beyond teacher length get zero quality weight.
[36m(TaskRunner pid=1148945)[0m WARNING:2026-07-08 06:31:46,507:3aeb94a8-c658-41ec-ae34-86855af92d5a/full: padding teacher scores (11 → 2048 tokens).  Positions beyond teacher length get zero quality weight.
[36m(TaskRunner pid=1148945)[0m WARNING:2026-07-08 06:31:46,507:3aeb94a8-c658-41ec-ae34-86855af92d5a/degraded: padding teacher scores (11 → 2048 tokens).  Positions beyond teacher length get zero quality weight.
[36m(TaskRunner pid=1148945)[0m WARNING:2026-07-08 06:31:46,508:3aeb94a8-c658-41ec-ae34-86855af92d5a/full: padding teacher scores (11 → 2048 tokens).  Positions beyond teacher length get zero quality weight.
[36m(TaskRunner pid=1148945)[0m WARNING:2026-07-08 06:31:46,509:3aeb94a8-c658-41ec-ae34-86855af92d5a/degraded: padding teacher scores (11 → 2048 tokens).  Positions beyond teacher length get zero quality weight.
[36m(TaskRunner pid=1148945)[0m WARNING:2026-07-08 06:31:46,509:3aeb94a8-c658-41ec-ae34-86855af92d5a/full: padding teacher scores (11 → 2048 tokens).  Positions beyond teacher length get zero quality weight.
[36m(TaskRunner pid=1148945)[0m WARNING:2026-07-08 06:31:46,510:3aeb94a8-c658-41ec-ae34-86855af92d5a/degraded: padding teacher scores (11 → 2048 tokens).  Positions beyond teacher length get zero quality weight.
[36m(TaskRunner pid=1148945)[0m WARNING:2026-07-08 06:31:46,613:========================================================================
[36m(TaskRunner pid=1148945)[0m WARNING:2026-07-08 06:31:46,613:  VA-OPD Pipeline Verification (arXiv 2605.21924 §3.2-3.3)
[36m(TaskRunner pid=1148945)[0m WARNING:2026-07-08 06:31:46,613:========================================================================
[36m(TaskRunner pid=1148945)[0m WARNING:2026-07-08 06:31:46,613:  C          = 2  conditions: ['full', 'degraded']
[36m(TaskRunner pid=1148945)[0m WARNING:2026-07-08 06:31:46,613:  loss_mode  = va_opd
[36m(TaskRunner pid=1148945)[0m WARNING:2026-07-08 06:31:46,613:  batch      = [B=48, T=2048]
[36m(TaskRunner pid=1148945)[0m WARNING:2026-07-08 06:31:46,613:  top_k      = 32
[36m(TaskRunner pid=1148945)[0m WARNING:2026-07-08 06:31:46,613:  exact_lp   = torch.Size([48, 2, 2048])  (None=tail-fallback)
[36m(TaskRunner pid=1148945)[0m WARNING:2026-07-08 06:31:46,613:  Student    = raw image + canonical question  (choices allowed, no XML)
[36m(TaskRunner pid=1148945)[0m WARNING:2026-07-08 06:31:46,613:  Teacher    = raw image + same canonical question  (no format bias)
[36m(TaskRunner pid=1148945)[0m WARNING:2026-07-08 06:31:46,613:  KL         = reverse (mode-seeking) KL(P_S || P_T)
[36m(TaskRunner pid=1148945)[0m WARNING:2026-07-08 06:31:46,613:  Formula §3.2: w^(k) = softmax(z_score(ā^(k)) / τ), sums to 1 per prompt
[36m(TaskRunner pid=1148945)[0m WARNING:2026-07-08 06:31:46,613:  Formula §3.3: L_group = 0.5·mean(KL_rev,HighVA) + 0.5·mean(KL_rev,LowVA)
[36m(TaskRunner pid=1148945)[0m WARNING:2026-07-08 06:31:46,613:  Total (formula 7): L = Σ_k w^(k)·L_group^(k)   (pure distillation, no GRPO)
[36m(TaskRunner pid=1148945)[0m WARNING:2026-07-08 06:31:46,613:========================================================================
[36m(TaskRunner pid=1148945)[0m ========================================================================
[36m(TaskRunner pid=1148945)[0m   VA-OPD Pipeline Verification (arXiv 2605.21924 §3.2-3.3)
[36m(TaskRunner pid=1148945)[0m ========================================================================
[36m(TaskRunner pid=1148945)[0m   C          = 2  conditions: ['full', 'degraded']
[36m(TaskRunner pid=1148945)[0m   loss_mode  = va_opd
[36m(TaskRunner pid=1148945)[0m   batch      = [B=48, T=2048]
[36m(TaskRunner pid=1148945)[0m   top_k      = 32
[36m(TaskRunner pid=1148945)[0m   exact_lp   = torch.Size([48, 2, 2048])  (None=tail-fallback)
[36m(TaskRunner pid=1148945)[0m   Student    = raw image + canonical question  (choices allowed, no XML)
[36m(TaskRunner pid=1148945)[0m   Teacher    = raw image + same canonical question  (no format bias)
[36m(TaskRunner pid=1148945)[0m   KL         = reverse (mode-seeking) KL(P_S || P_T)
[36m(TaskRunner pid=1148945)[0m   Formula §3.2: w^(k) = softmax(z_score(ā^(k)) / τ), sums to 1 per prompt
[36m(TaskRunner pid=1148945)[0m   Formula §3.3: L_group = 0.5·mean(KL_rev,HighVA) + 0.5·mean(KL_rev,LowVA)
[36m(TaskRunner pid=1148945)[0m   Total (formula 7): L = Σ_k w^(k)·L_group^(k)   (pure distillation, no GRPO)
[36m(TaskRunner pid=1148945)[0m ========================================================================
[36m(WorkerDict pid=1246292)[0m INFO:2026-07-08 06:32:21,657:update_weights done, time cost: 0.96s

[36m(TaskRunner pid=1148945)[0m Dumped generations to /inspire/hdd/global_user/mengweicheng-240108120092/lzy/projects/Dual-Track-OPD/outputs/fc_opd_overnight_noreshard_noreshard_20260708_055809/rollouts/24.jsonl
[36m(TaskRunner pid=1148945)[0m step:24 - fc_opd/hook_loss:0.0 - fc_opd/hook_num_samples:48.0 - fc_opd/hook_active_weight:146726.0 - fc_opd/online/loss:0.0 - fc_opd/online/num_samples:48.0 - global_seqlen/min:9907 - global_seqlen/max:18056 - global_seqlen/minmax_diff:8149 - global_seqlen/balanced_min:13182 - global_seqlen/balanced_max:13747 - global_seqlen/mean:13541.833333333334 - actor/entropy:0.5306007266044617 - perf/mfu/actor_infer:0 - actor/pg_loss:0.004403950083845605 - actor/kl_loss:0.0 - actor/fc_opd_loss:5.630910796423753 - actor/pg_clipfrac:0.0 - actor/ppo_kl:0.0 - actor/pg_clipfrac_lower:0.0 - actor/fc_opd_denominator:1.0 - actor/fc_opd_va_opd/loss:3.141282847772042 - actor/fc_opd_va_opd/token_mean_loss:5.428927576790254 - actor/fc_opd_va_opd/rollout_weight_sum:0.5000000012417635 - actor/fc_opd_va/mean:0.07931352600765725 - actor/fc_opd_va/sparsity:0.7324434320131937 - actor/grad_norm:9.409931182861328 - perf/mfu/actor:0.012988277999437548 - perf/max_memory_allocated_gb:89.34428596496582 - perf/max_memory_reserved_gb:104.646484375 - perf/cpu_memory_used_gb:200.9216079711914 - actor/lr:2e-06 - training/global_step:24 - training/epoch:0 - critic/score/mean:0.125 - critic/score/max:1.0 - critic/score/min:0.0 - critic/rewards/mean:0.125 - critic/rewards/max:1.0 - critic/rewards/min:0.0 - critic/advantages/mean:-0.05018233880400658 - critic/advantages/max:1.20761239528656 - critic/advantages/min:-0.7245674133300781 - critic/returns/mean:-0.05018233880400658 - critic/returns/max:1.20761239528656 - critic/returns/min:-0.7245674133300781 - response_length/mean:1528.3958740234375 - response_length/max:2048.0 - response_length/min:11.0 - response_length/clip_ratio:0.7083333134651184 - response_length_non_aborted/mean:1528.3958740234375 - response_length_non_aborted/max:2048.0 - response_length_non_aborted/min:11.0 - response_length_non_aborted/clip_ratio:0.7083333134651184 - response/aborted_ratio:0.0 - prompt_length/mean:164.3333282470703 - prompt_length/max:209.0 - prompt_length/min:134.0 - prompt_length/clip_ratio:0.0 - num_turns/min:2 - num_turns/max:2 - num_turns/mean:2.0 - timing_s/start_profile:4.3466221541166306e-05 - timing_s/agent_loop/num_preempted/min:-1 - timing_s/agent_loop/num_preempted/max:-1 - timing_s/agent_loop/num_preempted/mean:-1.0 - timing_s/agent_loop/generate_sequences/min:0.15629498520866036 - timing_s/agent_loop/generate_sequences/max:10.61056338204071 - timing_s/agent_loop/generate_sequences/mean:7.781672181687706 - timing_s/agent_loop/tool_calls/min:0.0 - timing_s/agent_loop/tool_calls/max:0.0 - timing_s/agent_loop/tool_calls/mean:0.0 - timing_s/agent_loop/slowest/generate_sequences:10.61056338204071 - timing_s/agent_loop/slowest/tool_calls:0.0 - timing_s/agent_loop/slowest/prompt_length:134 - timing_s/agent_loop/slowest/response_length:2048 - timing_s/agent_loop/slowest/num_preempted:-1 - timing_s/gen:11.798146422021091 - timing_s/fc_opd:19.44683171575889 - timing_s/reward:3.579212352633476e-05 - timing_s/old_log_prob:6.67922881199047 - timing_s/adv:0.0016391761600971222 - timing_s/update_actor:27.74386906204745 - timing_s/update_weights:4.552321644965559 - timing_s/dump_rollout_generations:0.05586682120338082 - timing_s/step:70.35599801177159 - timing_s/stop_profile:6.792508065700531e-05 - timing_per_token_ms/update_actor:0.3414588012707222 - timing_per_token_ms/gen:0.16081875634885556 - timing_per_token_ms/adv:2.0174227518395122e-05 - perf/total_num_tokens:81251 - perf/time_per_step:70.35599801177159 - perf/throughput:192.47588998833598
[36m(TaskRunner pid=1148945)[0m Dumped generations to /inspire/hdd/global_user/mengweicheng-240108120092/lzy/projects/Dual-Track-OPD/outputs/fc_opd_overnight_noreshard_noreshard_20260708_055809/rollouts/25.jsonl
[36m(TaskRunner pid=1148945)[0m step:25 - fc_opd/hook_loss:0.0 - fc_opd/hook_num_samples:48.0 - fc_opd/hook_active_weight:183252.0 - fc_opd/online/loss:0.0 - fc_opd/online/num_samples:48.0 - global_seqlen/min:15162 - global_seqlen/max:18392 - global_seqlen/minmax_diff:3230 - global_seqlen/balanced_min:15878 - global_seqlen/balanced_max:17830 - global_seqlen/mean:16791.0 - actor/entropy:0.4807317852973938 - perf/mfu/actor_infer:0 - actor/pg_loss:0.006909191918869813 - actor/kl_loss:0.0 - actor/fc_opd_loss:5.702970623970032 - actor/pg_clipfrac:0.0 - actor/ppo_kl:0.0 - actor/pg_clipfrac_lower:0.0 - actor/fc_opd_denominator:1.0 - actor/fc_opd_va_opd/loss:3.1075226068496704 - actor/fc_opd_va_opd/token_mean_loss:6.030479947725932 - actor/fc_opd_va_opd/rollout_weight_sum:0.4999999900658925 - actor/fc_opd_va/mean:0.17436682432889938 - actor/fc_opd_va/sparsity:0.6775645961364111 - actor/grad_norm:10.20999813079834 - perf/mfu/actor:0.018033352166599004 - perf/max_memory_allocated_gb:89.34428596496582 - perf/max_memory_reserved_gb:104.646484375 - perf/cpu_memory_used_gb:201.0045509338379 - actor/lr:2e-06 - training/global_step:25 - training/epoch:0 - critic/score/mean:0.02083333395421505 - critic/score/max:1.0 - critic/score/min:0.0 - critic/rewards/mean:0.02083333395421505 - critic/rewards/max:1.0 - critic/rewards/min:0.0 - critic/advantages/mean:-0.05103445425629616 - critic/advantages/max:2.4748666286468506 - critic/advantages/min:-0.35355237126350403 - critic/returns/mean:-0.05103445425629616 - critic/returns/max:2.4748666286468506 - critic/returns/min:-0.35355237126350403 - response_length/mean:1908.875 - response_length/max:2048.0 - response_length/min:14.0 - response_length/clip_ratio:0.9166666865348816 - response_length_non_aborted/mean:1908.875 - response_length_non_aborted/max:2048.0 - response_length_non_aborted/min:14.0 - response_length_non_aborted/clip_ratio:0.9166666865348816 - response/aborted_ratio:0.0 - prompt_length/mean:190.0 - prompt_length/max:251.0 - prompt_length/min:132.0 - prompt_length/clip_ratio:0.0 - num_turns/min:2 - num_turns/max:2 - num_turns/mean:2.0 - timing_s/start_profile:5.1167793571949005e-05 - timing_s/agent_loop/num_preempted/min:-1 - timing_s/agent_loop/num_preempted/max:-1 - timing_s/agent_loop/num_preempted/mean:-1.0 - timing_s/agent_loop/generate_sequences/min:0.2165644932538271 - timing_s/agent_loop/generate_sequences/max:10.76836891612038 - timing_s/agent_loop/generate_sequences/mean:9.906393201323226 - timing_s/agent_loop/tool_calls/min:0.0 - timing_s/agent_loop/tool_calls/max:0.0 - timing_s/agent_loop/tool_calls/mean:0.0 - timing_s/agent_loop/slowest/generate_sequences:10.76836891612038 - timing_s/agent_loop/slowest/tool_calls:0.0 - timing_s/agent_loop/slowest/prompt_length:132 - timing_s/agent_loop/slowest/response_length:2048 - timing_s/agent_loop/slowest/num_preempted:-1 - timing_s/gen:12.037145070265979 - timing_s/fc_opd:24.44896221673116 - timing_s/reward:1.7000362277030945e-05 - timing_s/old_log_prob:6.0958647462539375 - timing_s/adv:0.003254589159041643 - timing_s/update_actor:24.99070991901681 - timing_s/update_weights:4.339176036883146 - timing_s/dump_rollout_generations:0.05258985422551632 - timing_s/step:72.02817889209837 - timing_s/stop_profile:4.1901133954524994e-05 - timing_per_token_ms/update_actor:0.24805659697672175 - timing_per_token_ms/gen:0.1313725915162288 - timing_per_token_ms/adv:3.230489705836106e-05 - perf/total_num_tokens:100746 - perf/time_per_step:72.02817889209837 - perf/throughput:233.1170974786648
[36m(TaskRunner pid=1148945)[0m Dumped generations to /inspire/hdd/global_user/mengweicheng-240108120092/lzy/projects/Dual-Track-OPD/outputs/fc_opd_overnight_noreshard_noreshard_20260708_055809/rollouts/26.jsonl
[36m(TaskRunner pid=1148945)[0m step:26 - fc_opd/hook_loss:0.0 - fc_opd/hook_num_samples:48.0 - fc_opd/hook_active_weight:172728.0 - fc_opd/online/loss:0.0 - fc_opd/online/num_samples:48.0 - global_seqlen/min:15380 - global_seqlen/max:19120 - global_seqlen/minmax_diff:3740 - global_seqlen/balanced_min:15997 - global_seqlen/balanced_max:16399 - global_seqlen/mean:16147.333333333334 - actor/entropy:0.4642890393733978 - perf/mfu/actor_infer:0 - actor/pg_loss:0.0 - actor/kl_loss:0.0 - actor/fc_opd_loss:5.819885154565175 - actor/pg_clipfrac:0.0 - actor/ppo_kl:0.0 - actor/pg_clipfrac_lower:0.0 - actor/fc_opd_denominator:1.0 - actor/fc_opd_va_opd/loss:3.35119421283404 - actor/fc_opd_va_opd/token_mean_loss:6.098549326260884 - actor/fc_opd_va_opd/rollout_weight_sum:0.5 - actor/fc_opd_va/mean:0.11410524758199851 - actor/fc_opd_va/sparsity:0.6119595021009445 - actor/grad_norm:23.350086212158203 - perf/mfu/actor:0.017491442304036972 - perf/max_memory_allocated_gb:89.34428596496582 - perf/max_memory_reserved_gb:104.646484375 - perf/cpu_memory_used_gb:201.25032424926758 - actor/lr:2e-06 - training/global_step:26 - training/epoch:0 - critic/score/mean:0.0 - critic/score/max:0.0 - critic/score/min:0.0 - critic/rewards/mean:0.0 - critic/rewards/max:0.0 - critic/rewards/min:0.0 - critic/advantages/mean:0.0 - critic/advantages/max:0.0 - critic/advantages/min:0.0 - critic/returns/mean:0.0 - critic/returns/max:0.0 - critic/returns/min:0.0 - response_length/mean:1799.25 - response_length/max:2048.0 - response_length/min:4.0 - response_length/clip_ratio:0.875 - response_length_non_aborted/mean:1799.25 - response_length_non_aborted/max:2048.0 - response_length_non_aborted/min:4.0 - response_length_non_aborted/clip_ratio:0.875 - response/aborted_ratio:0.0 - prompt_length/mean:219.1666717529297 - prompt_length/max:374.0 - prompt_length/min:130.0 - prompt_length/clip_ratio:0.0 - num_turns/min:2 - num_turns/max:2 - num_turns/mean:2.0 - timing_s/start_profile:3.370828926563263e-05 - timing_s/agent_loop/num_preempted/min:-1 - timing_s/agent_loop/num_preempted/max:-1 - timing_s/agent_loop/num_preempted/mean:-1.0 - timing_s/agent_loop/generate_sequences/min:0.09258594876155257 - timing_s/agent_loop/generate_sequences/max:10.780158011708409 - timing_s/agent_loop/generate_sequences/mean:9.350354855589103 - timing_s/agent_loop/tool_calls/min:0.0 - timing_s/agent_loop/tool_calls/max:0.0 - timing_s/agent_loop/tool_calls/mean:0.0 - timing_s/agent_loop/slowest/generate_sequences:10.780158011708409 - timing_s/agent_loop/slowest/tool_calls:0.0 - timing_s/agent_loop/slowest/prompt_length:204 - timing_s/agent_loop/slowest/response_length:2048 - timing_s/agent_loop/slowest/num_preempted:-1 - timing_s/gen:12.244954037014395 - timing_s/fc_opd:23.04230491630733 - timing_s/reward:3.380514681339264e-05 - timing_s/old_log_prob:6.150851588696241 - timing_s/adv:0.0016396990977227688 - timing_s/update_actor:24.983934657182544 - timing_s/update_weights:4.426178432069719 - timing_s/dump_rollout_generations:0.05200402718037367 - timing_s/step:70.96100877318531 - timing_s/stop_profile:5.115428939461708e-05 - timing_per_token_ms/update_actor:0.257874722938592 - timing_per_token_ms/gen:0.14178308134192946 - timing_per_token_ms/adv:1.6924353842974783e-05 - perf/total_num_tokens:96884 - perf/time_per_step:70.96100877318531 - perf/throughput:227.55219538867485[36m(TaskRunner pid=1148945)[0m Training Progress:   1%|▏         | 26/1751 [28:15<32:39:50, 68.17s/it]
[36m(TaskRunner pid=1148945)[0m WARNING:2026-07-08 06:33:01,554:========================================================================
[36m(TaskRunner pid=1148945)[0m WARNING:2026-07-08 06:33:01,554:  VA-OPD Pipeline Verification (arXiv 2605.21924 §3.2-3.3)
[36m(TaskRunner pid=1148945)[0m WARNING:2026-07-08 06:33:01,554:========================================================================
[36m(TaskRunner pid=1148945)[0m WARNING:2026-07-08 06:33:01,555:  C          = 2  conditions: ['full', 'degraded']
[36m(TaskRunner pid=1148945)[0m WARNING:2026-07-08 06:33:01,555:  loss_mode  = va_opd
[36m(TaskRunner pid=1148945)[0m WARNING:2026-07-08 06:33:01,555:  batch      = [B=48, T=2048]
[36m(TaskRunner pid=1148945)[0m WARNING:2026-07-08 06:33:01,555:  top_k      = 32
[36m(TaskRunner pid=1148945)[0m WARNING:2026-07-08 06:33:01,555:  exact_lp   = torch.Size([48, 2, 2048])  (None=tail-fallback)
[36m(TaskRunner pid=1148945)[0m WARNING:2026-07-08 06:33:01,555:  Student    = raw image + canonical question  (choices allowed, no XML)
[36m(TaskRunner pid=1148945)[0m WARNING:2026-07-08 06:33:01,555:  Teacher    = raw image + same canonical question  (no format bias)
[36m(TaskRunner pid=1148945)[0m WARNING:2026-07-08 06:33:01,555:  KL         = reverse (mode-seeking) KL(P_S || P_T)
[36m(TaskRunner pid=1148945)[0m WARNING:2026-07-08 06:33:01,555:  Formula §3.2: w^(k) = softmax(z_score(ā^(k)) / τ), sums to 1 per prompt
[36m(TaskRunner pid=1148945)[0m WARNING:2026-07-08 06:33:01,555:  Formula §3.3: L_group = 0.5·mean(KL_rev,HighVA) + 0.5·mean(KL_rev,LowVA)
[36m(TaskRunner pid=1148945)[0m WARNING:2026-07-08 06:33:01,555:  Total (formula 7): L = Σ_k w^(k)·L_group^(k)   (pure distillation, no GRPO)
[36m(TaskRunner pid=1148945)[0m WARNING:2026-07-08 06:33:01,555:========================================================================
[36m(TaskRunner pid=1148945)[0m ========================================================================
[36m(TaskRunner pid=1148945)[0m   VA-OPD Pipeline Verification (arXiv 2605.21924 §3.2-3.3)
[36m(TaskRunner pid=1148945)[0m ========================================================================
[36m(TaskRunner pid=1148945)[0m   C          = 2  conditions: ['full', 'degraded']
[36m(TaskRunner pid=1148945)[0m   loss_mode  = va_opd
[36m(TaskRunner pid=1148945)[0m   batch      = [B=48, T=2048]
[36m(TaskRunner pid=1148945)[0m   top_k      = 32
[36m(TaskRunner pid=1148945)[0m   exact_lp   = torch.Size([48, 2, 2048])  (None=tail-fallback)
[36m(TaskRunner pid=1148945)[0m   Student    = raw image + canonical question  (choices allowed, no XML)
[36m(TaskRunner pid=1148945)[0m   Teacher    = raw image + same canonical question  (no format bias)
[36m(TaskRunner pid=1148945)[0m   KL         = reverse (mode-seeking) KL(P_S || P_T)
[36m(TaskRunner pid=1148945)[0m   Formula §3.2: w^(k) = softmax(z_score(ā^(k)) / τ), sums to 1 per prompt
[36m(TaskRunner pid=1148945)[0m   Formula §3.3: L_group = 0.5·mean(KL_rev,HighVA) + 0.5·mean(KL_rev,LowVA)
[36m(TaskRunner pid=1148945)[0m   Total (formula 7): L = Σ_k w^(k)·L_group^(k)   (pure distillation, no GRPO)
[36m(TaskRunner pid=1148945)[0m ========================================================================
[36m(WorkerDict pid=1246292)[0m INFO:2026-07-08 06:33:36,767:update_weights done, time cost: 0.92s
[36m(TaskRunner pid=1148945)[0m Training Progress:   2%|▏         | 27/1751 [29:30<33:39:03, 70.27s/it]
[36m(TaskRunner pid=1148945)[0m WARNING:2026-07-08 06:34:14,659:d072e1c9-f93e-4618-bc33-3e6c42329850/full: trimming teacher scores (2048 → 42 tokens).  This is expected to be rare (<1% of steps).
[36m(TaskRunner pid=1148945)[0m WARNING:2026-07-08 06:34:14,659:d072e1c9-f93e-4618-bc33-3e6c42329850/degraded: trimming teacher scores (2048 → 42 tokens).  This is expected to be rare (<1% of steps).
[36m(TaskRunner pid=1148945)[0m WARNING:2026-07-08 06:34:14,661:d072e1c9-f93e-4618-bc33-3e6c42329850/full: trimming teacher scores (2048 → 17 tokens).  This is expected to be rare (<1% of steps).
[36m(TaskRunner pid=1148945)[0m WARNING:2026-07-08 06:34:14,662:d072e1c9-f93e-4618-bc33-3e6c42329850/degraded: trimming teacher scores (2048 → 17 tokens).  This is expected to be rare (<1% of steps).
[36m(TaskRunner pid=1148945)[0m WARNING:2026-07-08 06:34:14,764:========================================================================
[36m(TaskRunner pid=1148945)[0m WARNING:2026-07-08 06:34:14,764:  VA-OPD Pipeline Verification (arXiv 2605.21924 §3.2-3.3)
[36m(TaskRunner pid=1148945)[0m WARNING:2026-07-08 06:34:14,764:========================================================================
[36m(TaskRunner pid=1148945)[0m WARNING:2026-07-08 06:34:14,764:  C          = 2  conditions: ['full', 'degraded']
[36m(TaskRunner pid=1148945)[0m WARNING:2026-07-08 06:34:14,764:  loss_mode  = va_opd
[36m(TaskRunner pid=1148945)[0m WARNING:2026-07-08 06:34:14,764:  batch      = [B=48, T=2048]
[36m(TaskRunner pid=1148945)[0m WARNING:2026-07-08 06:34:14,764:  top_k      = 32
[36m(TaskRunner pid=1148945)[0m WARNING:2026-07-08 06:34:14,764:  exact_lp   = torch.Size([48, 2, 2048])  (None=tail-fallback)
[36m(TaskRunner pid=1148945)[0m WARNING:2026-07-08 06:34:14,764:  Student    = raw image + canonical question  (choices allowed, no XML)
[36m(TaskRunner pid=1148945)[0m WARNING:2026-07-08 06:34:14,764:  Teacher    = raw image + same canonical question  (no format bias)
[36m(TaskRunner pid=1148945)[0m WARNING:2026-07-08 06:34:14,764:  KL         = reverse (mode-seeking) KL(P_S || P_T)
[36m(TaskRunner pid=1148945)[0m WARNING:2026-07-08 06:34:14,764:  Formula §3.2: w^(k) = softmax(z_score(ā^(k)) / τ), sums to 1 per prompt
[36m(TaskRunner pid=1148945)[0m WARNING:2026-07-08 06:34:14,764:  Formula §3.3: L_group = 0.5·mean(KL_rev,HighVA) + 0.5·mean(KL_rev,LowVA)
[36m(TaskRunner pid=1148945)[0m WARNING:2026-07-08 06:34:14,764:  Total (formula 7): L = Σ_k w^(k)·L_group^(k)   (pure distillation, no GRPO)
[36m(TaskRunner pid=1148945)[0m WARNING:2026-07-08 06:34:14,764:========================================================================
[36m(TaskRunner pid=1148945)[0m ========================================================================
[36m(TaskRunner pid=1148945)[0m   VA-OPD Pipeline Verification (arXiv 2605.21924 §3.2-3.3)
[36m(TaskRunner pid=1148945)[0m ========================================================================
[36m(TaskRunner pid=1148945)[0m   C          = 2  conditions: ['full', 'degraded']
[36m(TaskRunner pid=1148945)[0m   loss_mode  = va_opd
[36m(TaskRunner pid=1148945)[0m   batch      = [B=48, T=2048]
[36m(TaskRunner pid=1148945)[0m   top_k      = 32
[36m(TaskRunner pid=1148945)[0m   exact_lp   = torch.Size([48, 2, 2048])  (None=tail-fallback)
[36m(TaskRunner pid=1148945)[0m   Student    = raw image + canonical question  (choices allowed, no XML)
[36m(TaskRunner pid=1148945)[0m   Teacher    = raw image + same canonical question  (no format bias)
[36m(TaskRunner pid=1148945)[0m   KL         = reverse (mode-seeking) KL(P_S || P_T)
[36m(TaskRunner pid=1148945)[0m   Formula §3.2: w^(k) = softmax(z_score(ā^(k)) / τ), sums to 1 per prompt
[36m(TaskRunner pid=1148945)[0m   Formula §3.3: L_group = 0.5·mean(KL_rev,HighVA) + 0.5·mean(KL_rev,LowVA)
[36m(TaskRunner pid=1148945)[0m   Total (formula 7): L = Σ_k w^(k)·L_group^(k)   (pure distillation, no GRPO)
[36m(TaskRunner pid=1148945)[0m ========================================================================
[36m(WorkerDict pid=1246292)[0m INFO:2026-07-08 06:34:50,090:update_weights done, time cost: 1.03s
[36m(TaskRunner pid=1148945)[0m Training Progress:   2%|▏         | 28/1751 [30:43<34:03:44, 71.17s/it]
[36m(TaskRunner pid=1148945)[0m WARNING:2026-07-08 06:35:27,628:d92a4a34-6468-49dc-b24a-ebb215ed0c24/full: trimming teacher scores (2048 → 12 tokens).  This is expected to be rare (<1% of steps).
[36m(TaskRunner pid=1148945)[0m WARNING:2026-07-08 06:35:27,628:d92a4a34-6468-49dc-b24a-ebb215ed0c24/degraded: trimming teacher scores (2048 → 12 tokens).  This is expected to be rare (<1% of steps).
[36m(TaskRunner pid=1148945)[0m WARNING:2026-07-08 06:35:27,736:========================================================================
[36m(TaskRunner pid=1148945)[0m WARNING:2026-07-08 06:35:27,736:  VA-OPD Pipeline Verification (arXiv 2605.21924 §3.2-3.3)
[36m(TaskRunner pid=1148945)[0m WARNING:2026-07-08 06:35:27,737:========================================================================
[36m(TaskRunner pid=1148945)[0m WARNING:2026-07-08 06:35:27,737:  C          = 2  conditions: ['full', 'degraded']
[36m(TaskRunner pid=1148945)[0m WARNING:2026-07-08 06:35:27,737:  loss_mode  = va_opd
[36m(TaskRunner pid=1148945)[0m WARNING:2026-07-08 06:35:27,737:  batch      = [B=48, T=2048]
[36m(TaskRunner pid=1148945)[0m WARNING:2026-07-08 06:35:27,737:  top_k      = 32
[36m(TaskRunner pid=1148945)[0m WARNING:2026-07-08 06:35:27,737:  exact_lp   = torch.Size([48, 2, 2048])  (None=tail-fallback)
[36m(TaskRunner pid=1148945)[0m WARNING:2026-07-08 06:35:27,737:  Student    = raw image + canonical question  (choices allowed, no XML)
[36m(TaskRunner pid=1148945)[0m WARNING:2026-07-08 06:35:27,737:  Teacher    = raw image + same canonical question  (no format bias)
[36m(TaskRunner pid=1148945)[0m WARNING:2026-07-08 06:35:27,737:  KL         = reverse (mode-seeking) KL(P_S || P_T)
[36m(TaskRunner pid=1148945)[0m WARNING:2026-07-08 06:35:27,737:  Formula §3.2: w^(k) = softmax(z_score(ā^(k)) / τ), sums to 1 per prompt
[36m(TaskRunner pid=1148945)[0m WARNING:2026-07-08 06:35:27,737:  Formula §3.3: L_group = 0.5·mean(KL_rev,HighVA) + 0.5·mean(KL_rev,LowVA)
[36m(TaskRunner pid=1148945)[0m WARNING:2026-07-08 06:35:27,737:  Total (formula 7): L = Σ_k w^(k)·L_group^(k)   (pure distillation, no GRPO)
[36m(TaskRunner pid=1148945)[0m WARNING:2026-07-08 06:35:27,737:========================================================================
[36m(TaskRunner pid=1148945)[0m ========================================================================
[36m(TaskRunner pid=1148945)[0m   VA-OPD Pipeline Verification (arXiv 2605.21924 §3.2-3.3)
[36m(TaskRunner pid=1148945)[0m ========================================================================
[36m(TaskRunner pid=1148945)[0m   C          = 2  conditions: ['full', 'degraded']
[36m(TaskRunner pid=1148945)[0m   loss_mode  = va_opd
[36m(TaskRunner pid=1148945)[0m   batch      = [B=48, T=2048]
[36m(TaskRunner pid=1148945)[0m   top_k      = 32
[36m(TaskRunner pid=1148945)[0m   exact_lp   = torch.Size([48, 2, 2048])  (None=tail-fallback)
[36m(TaskRunner pid=1148945)[0m   Student    = raw image + canonical question  (choices allowed, no XML)
[36m(TaskRunner pid=1148945)[0m   Teacher    = raw image + same canonical question  (no format bias)
[36m(TaskRunner pid=1148945)[0m   KL         = reverse (mode-seeking) KL(P_S || P_T)
[36m(TaskRunner pid=1148945)[0m   Formula §3.2: w^(k) = softmax(z_score(ā^(k)) / τ), sums to 1 per prompt
[36m(TaskRunner pid=1148945)[0m   Formula §3.3: L_group = 0.5·mean(KL_rev,HighVA) + 0.5·mean(KL_rev,LowVA)
[36m(TaskRunner pid=1148945)[0m   Total (formula 7): L = Σ_k w^(k)·L_group^(k)   (pure distillation, no GRPO)
[36m(TaskRunner pid=1148945)[0m ========================================================================
[36m(WorkerDict pid=1246292)[0m INFO:2026-07-08 06:36:02,769:update_weights done, time cost: 0.84s

[36m(TaskRunner pid=1148945)[0m Dumped generations to /inspire/hdd/global_user/mengweicheng-240108120092/lzy/projects/Dual-Track-OPD/outputs/fc_opd_overnight_noreshard_noreshard_20260708_055809/rollouts/27.jsonl
[36m(TaskRunner pid=1148945)[0m step:27 - fc_opd/hook_loss:0.0 - fc_opd/hook_num_samples:48.0 - fc_opd/hook_active_weight:196608.0 - fc_opd/online/loss:0.0 - fc_opd/online/num_samples:48.0 - global_seqlen/min:17408 - global_seqlen/max:19008 - global_seqlen/minmax_diff:1600 - global_seqlen/balanced_min:18200 - global_seqlen/balanced_max:18202 - global_seqlen/mean:18201.333333333332 - actor/entropy:0.5399985909461975 - perf/mfu/actor_infer:0 - actor/pg_loss:-7.761021455128987e-11 - actor/kl_loss:0.0 - actor/fc_opd_loss:6.246521274248759 - actor/pg_clipfrac:0.0 - actor/ppo_kl:0.0 - actor/pg_clipfrac_lower:0.0 - actor/fc_opd_denominator:1.0 - actor/fc_opd_va_opd/loss:3.1232606371243796 - actor/fc_opd_va_opd/token_mean_loss:5.512006640434265 - actor/fc_opd_va_opd/rollout_weight_sum:0.5 - actor/fc_opd_va/mean:0.6616185307502747 - actor/fc_opd_va/sparsity:0.5030924479166666 - actor/grad_norm:32.35676956176758 - perf/mfu/actor:0.019574904376782835 - perf/max_memory_allocated_gb:89.34428596496582 - perf/max_memory_reserved_gb:104.646484375 - perf/cpu_memory_used_gb:201.24113082885742 - actor/lr:2e-06 - training/global_step:27 - training/epoch:0 - critic/score/mean:0.02083333395421505 - critic/score/max:1.0 - critic/score/min:0.0 - critic/rewards/mean:0.02083333395421505 - critic/rewards/max:1.0 - critic/rewards/min:0.0 - critic/advantages/mean:-1.2417634698280722e-09 - critic/advantages/max:2.4748666286468506 - critic/advantages/min:-0.35355237126350403 - critic/returns/mean:-1.2417634698280722e-09 - critic/returns/max:2.4748666286468506 - critic/returns/min:-0.35355237126350403 - response_length/mean:2048.0 - response_length/max:2048.0 - response_length/min:2048.0 - response_length/clip_ratio:1.0 - response_length_non_aborted/mean:2048.0 - response_length_non_aborted/max:2048.0 - response_length_non_aborted/min:2048.0 - response_length_non_aborted/clip_ratio:1.0 - response/aborted_ratio:0.0 - prompt_length/mean:227.1666717529297 - prompt_length/max:328.0 - prompt_length/min:128.0 - prompt_length/clip_ratio:0.0 - num_turns/min:2 - num_turns/max:2 - num_turns/mean:2.0 - timing_s/start_profile:5.010189488530159e-05 - timing_s/agent_loop/num_preempted/min:-1 - timing_s/agent_loop/num_preempted/max:-1 - timing_s/agent_loop/num_preempted/mean:-1.0 - timing_s/agent_loop/generate_sequences/min:10.568296360783279 - timing_s/agent_loop/generate_sequences/max:10.860468511004001 - timing_s/agent_loop/generate_sequences/mean:10.714296960203987 - timing_s/agent_loop/tool_calls/min:0.0 - timing_s/agent_loop/tool_calls/max:0.0 - timing_s/agent_loop/tool_calls/mean:0.0 - timing_s/agent_loop/slowest/generate_sequences:10.860468511004001 - timing_s/agent_loop/slowest/tool_calls:0.0 - timing_s/agent_loop/slowest/prompt_length:149 - timing_s/agent_loop/slowest/response_length:2048 - timing_s/agent_loop/slowest/num_preempted:-1 - timing_s/gen:12.262584920972586 - timing_s/fc_opd:26.98532100720331 - timing_s/reward:3.144610673189163e-05 - timing_s/old_log_prob:6.143584394827485 - timing_s/adv:0.0016251243650913239 - timing_s/update_actor:25.155629680957645 - timing_s/update_weights:4.481425043195486 - timing_s/dump_rollout_generations:0.05279046017676592 - timing_s/step:75.14667268283665 - timing_s/stop_profile:4.8527028411626816e-05 - timing_per_token_ms/update_actor:0.23034603399895287 - timing_per_token_ms/gen:0.12474146444674261 - timing_per_token_ms/adv:1.4881001072186323e-05 - perf/total_num_tokens:109208 - perf/time_per_step:75.14667268283665 - perf/throughput:242.21076840159924
[36m(TaskRunner pid=1148945)[0m Dumped generations to /inspire/hdd/global_user/mengweicheng-240108120092/lzy/projects/Dual-Track-OPD/outputs/fc_opd_overnight_noreshard_noreshard_20260708_055809/rollouts/28.jsonl
[36m(TaskRunner pid=1148945)[0m step:28 - fc_opd/hook_loss:0.0 - fc_opd/hook_num_samples:48.0 - fc_opd/hook_active_weight:188534.0 - fc_opd/online/loss:0.0 - fc_opd/online/num_samples:48.0 - global_seqlen/min:15643 - global_seqlen/max:18592 - global_seqlen/minmax_diff:2949 - global_seqlen/balanced_min:16341 - global_seqlen/balanced_max:17982 - global_seqlen/mean:17433.833333333332 - actor/entropy:0.6209665536880493 - perf/mfu/actor_infer:0 - actor/pg_loss:0.0009196988927821318 - actor/kl_loss:0.0 - actor/fc_opd_loss:6.419601957003276 - actor/pg_clipfrac:0.0 - actor/ppo_kl:0.0 - actor/pg_clipfrac_lower:0.0 - actor/fc_opd_denominator:1.0 - actor/fc_opd_va_opd/loss:3.281447430451711 - actor/fc_opd_va_opd/token_mean_loss:6.075494289398193 - actor/fc_opd_va_opd/rollout_weight_sum:0.5000000099341074 - actor/fc_opd_va/mean:0.36218806604544324 - actor/fc_opd_va/sparsity:0.5256975193818411 - actor/grad_norm:7.208374977111816 - perf/mfu/actor:0.01861826456940895 - perf/max_memory_allocated_gb:89.34428596496582 - perf/max_memory_reserved_gb:104.646484375 - perf/cpu_memory_used_gb:201.2927360534668 - actor/lr:2e-06 - training/global_step:28 - training/epoch:0 - critic/score/mean:0.0416666679084301 - critic/score/max:1.0 - critic/score/min:0.0 - critic/rewards/mean:0.0416666679084301 - critic/rewards/max:1.0 - critic/rewards/min:0.0 - critic/advantages/mean:1.553930673026116e-08 - critic/advantages/max:1.6201815605163574 - critic/advantages/min:-0.5400605201721191 - critic/returns/mean:1.553930673026116e-08 - critic/returns/max:1.6201815605163574 - critic/returns/min:-0.5400605201721191 - response_length/mean:1963.8958740234375 - response_length/max:2048.0 - response_length/min:17.0 - response_length/clip_ratio:0.9583333134651184 - response_length_non_aborted/mean:1963.8958740234375 - response_length_non_aborted/max:2048.0 - response_length_non_aborted/min:17.0 - response_length_non_aborted/clip_ratio:0.9583333134651184 - response/aborted_ratio:0.0 - prompt_length/mean:215.3333282470703 - prompt_length/max:412.0 - prompt_length/min:140.0 - prompt_length/clip_ratio:0.0 - num_turns/min:2 - num_turns/max:2 - num_turns/mean:2.0 - timing_s/start_profile:2.827681601047516e-05 - timing_s/agent_loop/num_preempted/min:-1 - timing_s/agent_loop/num_preempted/max:-1 - timing_s/agent_loop/num_preempted/mean:-1.0 - timing_s/agent_loop/generate_sequences/min:0.16901327483356 - timing_s/agent_loop/generate_sequences/max:10.809581279754639 - timing_s/agent_loop/generate_sequences/mean:10.238958371822568 - timing_s/agent_loop/tool_calls/min:0.0 - timing_s/agent_loop/tool_calls/max:0.0 - timing_s/agent_loop/tool_calls/mean:0.0 - timing_s/agent_loop/slowest/generate_sequences:10.809581279754639 - timing_s/agent_loop/slowest/tool_calls:0.0 - timing_s/agent_loop/slowest/prompt_length:148 - timing_s/agent_loop/slowest/response_length:2048 - timing_s/agent_loop/slowest/num_preempted:-1 - timing_s/gen:12.265205021947622 - timing_s/fc_opd:25.037406514864415 - timing_s/reward:3.246171399950981e-05 - timing_s/old_log_prob:6.178273900877684 - timing_s/adv:0.0020575132220983505 - timing_s/update_actor:25.24258002033457 - timing_s/update_weights:4.42869202978909 - timing_s/dump_rollout_generations:0.053081690799444914 - timing_s/step:73.2651419211179 - timing_s/stop_profile:4.654936492443085e-05 - timing_per_token_ms/update_actor:0.24131793562645978 - timing_per_token_ms/gen:0.1301113329367395 - timing_per_token_ms/adv:1.9669734348903478e-05 - perf/total_num_tokens:104603 - perf/time_per_step:73.2651419211179 - perf/throughput:237.9553615292761
[36m(TaskRunner pid=1148945)[0m Dumped generations to /inspire/hdd/global_user/mengweicheng-240108120092/lzy/projects/Dual-Track-OPD/outputs/fc_opd_overnight_noreshard_noreshard_20260708_055809/rollouts/29.jsonl
[36m(TaskRunner pid=1148945)[0m step:29 - fc_opd/hook_loss:0.0 - fc_opd/hook_num_samples:48.0 - fc_opd/hook_active_weight:192536.0 - fc_opd/online/loss:0.0 - fc_opd/online/num_samples:48.0 - global_seqlen/min:15468 - global_seqlen/max:18152 - global_seqlen/minmax_diff:2684 - global_seqlen/balanced_min:15662 - global_seqlen/balanced_max:17632 - global_seqlen/mean:17296.666666666668 - actor/entropy:0.6503192782402039 - perf/mfu/actor_infer:0 - actor/pg_loss:-0.0006240603203574816 - actor/kl_loss:0.0 - actor/fc_opd_loss:5.884986559549968 - actor/pg_clipfrac:0.0 - actor/ppo_kl:0.0 - actor/pg_clipfrac_lower:0.0 - actor/fc_opd_denominator:1.0 - actor/fc_opd_va_opd/loss:2.990126113096873 - actor/fc_opd_va_opd/token_mean_loss:5.699640432993571 - actor/fc_opd_va_opd/rollout_weight_sum:0.4999999925494194 - actor/fc_opd_va/mean:0.5046898971001307 - actor/fc_opd_va/sparsity:0.5810200323661169 - actor/grad_norm:5.27955961227417 - perf/mfu/actor:0.01821637342747202 - perf/max_memory_allocated_gb:89.34428596496582 - perf/max_memory_reserved_gb:104.646484375 - perf/cpu_memory_used_gb:201.2264518737793 - actor/lr:2e-06 - training/global_step:29 - training/epoch:0 - critic/score/mean:0.1041666641831398 - critic/score/max:1.0 - critic/score/min:0.0 - critic/rewards/mean:0.1041666641831398 - critic/rewards/max:1.0 - critic/rewards/min:0.0 - critic/advantages/mean:-3.0115614446657446e-09 - critic/advantages/max:0.7245674133300781 - critic/advantages/min:-1.20761239528656 - critic/returns/mean:-3.0115614446657446e-09 - critic/returns/max:0.7245674133300781 - critic/returns/min:-1.20761239528656 - response_length/mean:2005.5833740234375 - response_length/max:2048.0 - response_length/min:12.0 - response_length/clip_ratio:0.9791666865348816 - response_length_non_aborted/mean:2005.5833740234375 - response_length_non_aborted/max:2048.0 - response_length_non_aborted/min:12.0 - response_length_non_aborted/clip_ratio:0.9791666865348816 - response/aborted_ratio:0.0 - prompt_length/mean:156.5 - prompt_length/max:221.0 - prompt_length/min:126.0 - prompt_length/clip_ratio:0.0 - num_turns/min:2 - num_turns/max:2 - num_turns/mean:2.0 - timing_s/start_profile:4.8832036554813385e-05 - timing_s/agent_loop/num_preempted/min:-1 - timing_s/agent_loop/num_preempted/max:-1 - timing_s/agent_loop/num_preempted/mean:-1.0 - timing_s/agent_loop/generate_sequences/min:0.17848292365670204 - timing_s/agent_loop/generate_sequences/max:10.75981043977663 - timing_s/agent_loop/generate_sequences/mean:10.407561868526196 - timing_s/agent_loop/tool_calls/min:0.0 - timing_s/agent_loop/tool_calls/max:0.0 - timing_s/agent_loop/tool_calls/mean:0.0 - timing_s/agent_loop/slowest/generate_sequences:10.75981043977663 - timing_s/agent_loop/slowest/tool_calls:0.0 - timing_s/agent_loop/slowest/prompt_length:182 - timing_s/agent_loop/slowest/response_length:2048 - timing_s/agent_loop/slowest/num_preempted:-1 - timing_s/gen:12.120455435011536 - timing_s/fc_opd:24.87297429703176 - timing_s/reward:1.7101876437664032e-05 - timing_s/old_log_prob:5.993588468059897 - timing_s/adv:0.0015783300623297691 - timing_s/update_actor:25.207441113889217 - timing_s/update_weights:4.368547881022096 - timing_s/dump_rollout_generations:0.0558186718262732 - timing_s/step:72.6782710510306 - timing_s/stop_profile:4.5188236981630325e-05 - timing_per_token_ms/update_actor:0.2428930537087032 - timing_per_token_ms/gen:0.12590326416889866 - timing_per_token_ms/adv:1.520842226180159e-05 - perf/total_num_tokens:103780 - perf/time_per_step:72.6782710510306 - perf/throughput:237.98951758940328[36m(TaskRunner pid=1148945)[0m Training Progress:   2%|▏         | 29/1751 [31:56<34:15:39, 71.63s/it]
[36m(TaskRunner pid=1148945)[0m WARNING:2026-07-08 06:36:38,789:e6659ddb-5272-4ecc-8004-69fd9b00ab9a/full: padding teacher scores (34 → 2048 tokens).  Positions beyond teacher length get zero quality weight.
[36m(TaskRunner pid=1148945)[0m WARNING:2026-07-08 06:36:38,790:e6659ddb-5272-4ecc-8004-69fd9b00ab9a/degraded: padding teacher scores (34 → 2048 tokens).  Positions beyond teacher length get zero quality weight.
[36m(TaskRunner pid=1148945)[0m WARNING:2026-07-08 06:36:38,791:e6659ddb-5272-4ecc-8004-69fd9b00ab9a/full: padding teacher scores (34 → 2048 tokens).  Positions beyond teacher length get zero quality weight.
[36m(TaskRunner pid=1148945)[0m WARNING:2026-07-08 06:36:38,792:e6659ddb-5272-4ecc-8004-69fd9b00ab9a/degraded: padding teacher scores (34 → 2048 tokens).  Positions beyond teacher length get zero quality weight.
[36m(TaskRunner pid=1148945)[0m WARNING:2026-07-08 06:36:38,793:e6659ddb-5272-4ecc-8004-69fd9b00ab9a/full: padding teacher scores (34 → 2048 tokens).  Positions beyond teacher length get zero quality weight.
[36m(TaskRunner pid=1148945)[0m WARNING:2026-07-08 06:36:38,794:e6659ddb-5272-4ecc-8004-69fd9b00ab9a/degraded: padding teacher scores (34 → 2048 tokens).  Positions beyond teacher length get zero quality weight.
[36m(TaskRunner pid=1148945)[0m WARNING:2026-07-08 06:36:38,795:e6659ddb-5272-4ecc-8004-69fd9b00ab9a/full: padding teacher scores (34 → 2048 tokens).  Positions beyond teacher length get zero quality weight.
[36m(TaskRunner pid=1148945)[0m WARNING:2026-07-08 06:36:38,795:e6659ddb-5272-4ecc-8004-69fd9b00ab9a/degraded: padding teacher scores (34 → 2048 tokens).  Positions beyond teacher length get zero quality weight.
[36m(TaskRunner pid=1148945)[0m WARNING:2026-07-08 06:36:38,796:e6659ddb-5272-4ecc-8004-69fd9b00ab9a/full: padding teacher scores (34 → 2048 tokens).  Positions beyond teacher length get zero quality weight.
[36m(TaskRunner pid=1148945)[0m WARNING:2026-07-08 06:36:38,797:e6659ddb-5272-4ecc-8004-69fd9b00ab9a/degraded: padding teacher scores (34 → 2048 tokens).  Positions beyond teacher length get zero quality weight.
[36m(TaskRunner pid=1148945)[0m WARNING:2026-07-08 06:36:38,798:e6659ddb-5272-4ecc-8004-69fd9b00ab9a/full: padding teacher scores (34 → 2048 tokens).  Positions beyond teacher length get zero quality weight.
[36m(TaskRunner pid=1148945)[0m WARNING:2026-07-08 06:36:38,798:e6659ddb-5272-4ecc-8004-69fd9b00ab9a/degraded: padding teacher scores (34 → 2048 tokens).  Positions beyond teacher length get zero quality weight.
[36m(TaskRunner pid=1148945)[0m WARNING:2026-07-08 06:36:38,799:e6659ddb-5272-4ecc-8004-69fd9b00ab9a/full: padding teacher scores (34 → 2048 tokens).  Positions beyond teacher length get zero quality weight.
[36m(TaskRunner pid=1148945)[0m WARNING:2026-07-08 06:36:38,800:e6659ddb-5272-4ecc-8004-69fd9b00ab9a/degraded: padding teacher scores (34 → 2048 tokens).  Positions beyond teacher length get zero quality weight.
[36m(TaskRunner pid=1148945)[0m WARNING:2026-07-08 06:36:38,812:1a7ff77a-29ea-410c-a655-d8b91933b2eb/full: trimming teacher scores (2048 → 11 tokens).  This is expected to be rare (<1% of steps).
[36m(TaskRunner pid=1148945)[0m WARNING:2026-07-08 06:36:38,812:1a7ff77a-29ea-410c-a655-d8b91933b2eb/degraded: trimming teacher scores (2048 → 11 tokens).  This is expected to be rare (<1% of steps).
[36m(TaskRunner pid=1148945)[0m WARNING:2026-07-08 06:36:38,813:1a7ff77a-29ea-410c-a655-d8b91933b2eb/full: trimming teacher scores (2048 → 28 tokens).  This is expected to be rare (<1% of steps).
[36m(TaskRunner pid=1148945)[0m WARNING:2026-07-08 06:36:38,813:1a7ff77a-29ea-410c-a655-d8b91933b2eb/degraded: trimming teacher scores (2048 → 28 tokens).  This is expected to be rare (<1% of steps).
[36m(TaskRunner pid=1148945)[0m WARNING:2026-07-08 06:36:38,815:b452ba58-6a31-43f9-adc1-180b11a735cd/full: trimming teacher scores (2048 → 42 tokens).  This is expected to be rare (<1% of steps).
[36m(TaskRunner pid=1148945)[0m WARNING:2026-07-08 06:36:38,815:b452ba58-6a31-43f9-adc1-180b11a735cd/degraded: trimming teacher scores (2048 → 42 tokens).  This is expected to be rare (<1% of steps).
[36m(TaskRunner pid=1148945)[0m WARNING:2026-07-08 06:36:38,827:7026adab-38c4-4be2-9535-8aa3a3a5f0b2/full: padding teacher scores (35 → 2048 tokens).  Positions beyond teacher length get zero quality weight.
[36m(TaskRunner pid=1148945)[0m WARNING:2026-07-08 06:36:38,827:7026adab-38c4-4be2-9535-8aa3a3a5f0b2/degraded: padding teacher scores (35 → 2048 tokens).  Positions beyond teacher length get zero quality weight.
[36m(TaskRunner pid=1148945)[0m WARNING:2026-07-08 06:36:38,828:7026adab-38c4-4be2-9535-8aa3a3a5f0b2/full: padding teacher scores (35 → 2048 tokens).  Positions beyond teacher length get zero quality weight.
[36m(TaskRunner pid=1148945)[0m WARNING:2026-07-08 06:36:38,829:7026adab-38c4-4be2-9535-8aa3a3a5f0b2/degraded: padding teacher scores (35 → 2048 tokens).  Positions beyond teacher length get zero quality weight.
[36m(TaskRunner pid=1148945)[0m WARNING:2026-07-08 06:36:38,830:7026adab-38c4-4be2-9535-8aa3a3a5f0b2/full: padding teacher scores (35 → 2048 tokens).  Positions beyond teacher length get zero quality weight.
[36m(TaskRunner pid=1148945)[0m WARNING:2026-07-08 06:36:38,830:7026adab-38c4-4be2-9535-8aa3a3a5f0b2/degraded: padding teacher scores (35 → 2048 tokens).  Positions beyond teacher length get zero quality weight.
[36m(TaskRunner pid=1148945)[0m WARNING:2026-07-08 06:36:38,831:7026adab-38c4-4be2-9535-8aa3a3a5f0b2/full: padding teacher scores (35 → 2048 tokens).  Positions beyond teacher length get zero quality weight.
[36m(TaskRunner pid=1148945)[0m WARNING:2026-07-08 06:36:38,832:7026adab-38c4-4be2-9535-8aa3a3a5f0b2/degraded: padding teacher scores (35 → 2048 tokens).  Positions beyond teacher length get zero quality weight.
[36m(TaskRunner pid=1148945)[0m WARNING:2026-07-08 06:36:38,832:7026adab-38c4-4be2-9535-8aa3a3a5f0b2/full: padding teacher scores (35 → 440 tokens).  Positions beyond teacher length get zero quality weight.
[36m(TaskRunner pid=1148945)[0m WARNING:2026-07-08 06:36:38,833:7026adab-38c4-4be2-9535-8aa3a3a5f0b2/degraded: padding teacher scores (35 → 440 tokens).  Positions beyond teacher length get zero quality weight.
[36m(TaskRunner pid=1148945)[0m WARNING:2026-07-08 06:36:38,833:7026adab-38c4-4be2-9535-8aa3a3a5f0b2/full: padding teacher scores (35 → 2048 tokens).  Positions beyond teacher length get zero quality weight.
[36m(TaskRunner pid=1148945)[0m WARNING:2026-07-08 06:36:38,834:7026adab-38c4-4be2-9535-8aa3a3a5f0b2/degraded: padding teacher scores (35 → 2048 tokens).  Positions beyond teacher length get zero quality weight.
[36m(TaskRunner pid=1148945)[0m WARNING:2026-07-08 06:36:38,834:7026adab-38c4-4be2-9535-8aa3a3a5f0b2/full: padding teacher scores (35 → 2048 tokens).  Positions beyond teacher length get zero quality weight.
[36m(TaskRunner pid=1148945)[0m WARNING:2026-07-08 06:36:38,835:7026adab-38c4-4be2-9535-8aa3a3a5f0b2/degraded: padding teacher scores (35 → 2048 tokens).  Positions beyond teacher length get zero quality weight.
[36m(TaskRunner pid=1148945)[0m WARNING:2026-07-08 06:36:38,943:========================================================================
[36m(TaskRunner pid=1148945)[0m WARNING:2026-07-08 06:36:38,943:  VA-OPD Pipeline Verification (arXiv 2605.21924 §3.2-3.3)
[36m(TaskRunner pid=1148945)[0m WARNING:2026-07-08 06:36:38,943:========================================================================
[36m(TaskRunner pid=1148945)[0m WARNING:2026-07-08 06:36:38,943:  C          = 2  conditions: ['full', 'degraded']
[36m(TaskRunner pid=1148945)[0m WARNING:2026-07-08 06:36:38,943:  loss_mode  = va_opd
[36m(TaskRunner pid=1148945)[0m WARNING:2026-07-08 06:36:38,943:  batch      = [B=48, T=2048]
[36m(TaskRunner pid=1148945)[0m WARNING:2026-07-08 06:36:38,943:  top_k      = 32
[36m(TaskRunner pid=1148945)[0m WARNING:2026-07-08 06:36:38,943:  exact_lp   = torch.Size([48, 2, 2048])  (None=tail-fallback)
[36m(TaskRunner pid=1148945)[0m WARNING:2026-07-08 06:36:38,943:  Student    = raw image + canonical question  (choices allowed, no XML)
[36m(TaskRunner pid=1148945)[0m WARNING:2026-07-08 06:36:38,943:  Teacher    = raw image + same canonical question  (no format bias)
[36m(TaskRunner pid=1148945)[0m WARNING:2026-07-08 06:36:38,943:  KL         = reverse (mode-seeking) KL(P_S || P_T)
[36m(TaskRunner pid=1148945)[0m WARNING:2026-07-08 06:36:38,943:  Formula §3.2: w^(k) = softmax(z_score(ā^(k)) / τ), sums to 1 per prompt
[36m(TaskRunner pid=1148945)[0m WARNING:2026-07-08 06:36:38,943:  Formula §3.3: L_group = 0.5·mean(KL_rev,HighVA) + 0.5·mean(KL_rev,LowVA)
[36m(TaskRunner pid=1148945)[0m WARNING:2026-07-08 06:36:38,943:  Total (formula 7): L = Σ_k w^(k)·L_group^(k)   (pure distillation, no GRPO)
[36m(TaskRunner pid=1148945)[0m WARNING:2026-07-08 06:36:38,943:========================================================================
[36m(TaskRunner pid=1148945)[0m ========================================================================
[36m(TaskRunner pid=1148945)[0m   VA-OPD Pipeline Verification (arXiv 2605.21924 §3.2-3.3)
[36m(TaskRunner pid=1148945)[0m ========================================================================
[36m(TaskRunner pid=1148945)[0m   C          = 2  conditions: ['full', 'degraded']
[36m(TaskRunner pid=1148945)[0m   loss_mode  = va_opd
[36m(TaskRunner pid=1148945)[0m   batch      = [B=48, T=2048]
[36m(TaskRunner pid=1148945)[0m   top_k      = 32
[36m(TaskRunner pid=1148945)[0m   exact_lp   = torch.Size([48, 2, 2048])  (None=tail-fallback)
[36m(TaskRunner pid=1148945)[0m   Student    = raw image + canonical question  (choices allowed, no XML)
[36m(TaskRunner pid=1148945)[0m   Teacher    = raw image + same canonical question  (no format bias)
[36m(TaskRunner pid=1148945)[0m   KL         = reverse (mode-seeking) KL(P_S || P_T)
[36m(TaskRunner pid=1148945)[0m   Formula §3.2: w^(k) = softmax(z_score(ā^(k)) / τ), sums to 1 per prompt
[36m(TaskRunner pid=1148945)[0m   Formula §3.3: L_group = 0.5·mean(KL_rev,HighVA) + 0.5·mean(KL_rev,LowVA)
[36m(TaskRunner pid=1148945)[0m   Total (formula 7): L = Σ_k w^(k)·L_group^(k)   (pure distillation, no GRPO)
[36m(TaskRunner pid=1148945)[0m ========================================================================
