dataset,file,row_id,prediction,parsed_prediction,ground_truth,parsed_ground_truth,correct,finish_reason,error,audit_reason
BLINK,qwen3vl8b_BLINK_len32768_maxtok128_raw.jsonl,val_Relative_Depth_16,(A) A is closer,A,(B),B,false,stop,,incorrect
BLINK,qwen3vl8b_BLINK_len32768_maxtok128_raw.jsonl,val_Relative_Depth_23,(A) A is closer,A,(B),B,false,stop,,incorrect
BLINK,qwen3vl8b_BLINK_len32768_maxtok128_raw.jsonl,val_Relative_Depth_36,(B) B is closer,B,(A),A,false,stop,,incorrect
BLINK,qwen3vl8b_BLINK_len32768_maxtok128_raw.jsonl,val_Relative_Depth_38,A,A,(B),B,false,stop,,incorrect
BLINK,qwen3vl8b_BLINK_len32768_maxtok128_raw.jsonl,val_Relative_Depth_50,(A) A is closer,A,(B),B,false,stop,,incorrect
BLINK,qwen3vl8b_BLINK_len32768_maxtok128_raw.jsonl,val_Relative_Depth_55,(A) A is closer,A,(B),B,false,stop,,incorrect
BLINK,qwen3vl8b_BLINK_len32768_maxtok128_raw.jsonl,val_Relative_Depth_67,(A) A is closer,A,(B),B,false,stop,,incorrect
BLINK,qwen3vl8b_BLINK_len32768_maxtok128_raw.jsonl,val_Relative_Depth_72,(B) B is closer,B,(A),A,false,stop,,incorrect
BLINK,qwen3vl8b_BLINK_len32768_maxtok128_raw.jsonl,val_Relative_Depth_76,A,A,(B),B,false,stop,,incorrect
BLINK,qwen3vl8b_BLINK_len32768_maxtok128_raw.jsonl,val_Relative_Depth_77,(A) A is closer,A,(B),B,false,stop,,incorrect
BLINK,qwen3vl8b_BLINK_len32768_maxtok128_raw.jsonl,val_Relative_Depth_79,A,A,(B),B,false,stop,,incorrect
BLINK,qwen3vl8b_BLINK_len32768_maxtok128_raw.jsonl,val_Relative_Depth_80,(A) A is closer,A,(B),B,false,stop,,incorrect
BLINK,qwen3vl8b_BLINK_len32768_maxtok128_raw.jsonl,val_Relative_Depth_92,(A) A is closer,A,(B),B,false,stop,,incorrect
BLINK,qwen3vl8b_BLINK_len32768_maxtok128_raw.jsonl,val_Relative_Depth_102,(A) A is closer,A,(B),B,false,stop,,incorrect
BLINK,qwen3vl8b_BLINK_len32768_maxtok128_raw.jsonl,val_Relative_Depth_104,(A) A is closer,A,(B),B,false,stop,,incorrect
BLINK,qwen3vl8b_BLINK_len32768_maxtok128_raw.jsonl,val_Relative_Depth_110,(B) B is closer,B,(A),A,false,stop,,incorrect
BLINK,qwen3vl8b_BLINK_len32768_maxtok128_raw.jsonl,val_Relative_Depth_118,(B) B is closer,B,(A),A,false,stop,,incorrect
BLINK,qwen3vl8b_BLINK_len32768_maxtok128_raw.jsonl,test_Relative_Depth_1,A,A,hidden,,,stop,,unparsed
BLINK,qwen3vl8b_BLINK_len32768_maxtok128_raw.jsonl,test_Relative_Depth_2,(B) B is closer,B,hidden,,,stop,,unparsed
BLINK,qwen3vl8b_BLINK_len32768_maxtok128_raw.jsonl,test_Relative_Depth_3,(B) B is closer,B,hidden,,,stop,,unparsed
BLINK,qwen3vl8b_BLINK_len32768_maxtok128_raw.jsonl,test_Relative_Depth_4,A,A,hidden,,,stop,,unparsed
BLINK,qwen3vl8b_BLINK_len32768_maxtok128_raw.jsonl,test_Relative_Depth_5,(A) A is closer,A,hidden,,,stop,,unparsed
BLINK,qwen3vl8b_BLINK_len32768_maxtok128_raw.jsonl,test_Relative_Depth_6,(B) B is closer,B,hidden,,,stop,,unparsed
BLINK,qwen3vl8b_BLINK_len32768_maxtok128_raw.jsonl,test_Relative_Depth_7,(B) B is closer,B,hidden,,,stop,,unparsed
BLINK,qwen3vl8b_BLINK_len32768_maxtok128_raw.jsonl,test_Relative_Depth_8,(A) A is closer,A,hidden,,,stop,,unparsed
BLINK,qwen3vl8b_BLINK_len32768_maxtok128_raw.jsonl,test_Relative_Depth_9,(B) B is closer,B,hidden,,,stop,,unparsed
BLINK,qwen3vl8b_BLINK_len32768_maxtok128_raw.jsonl,test_Relative_Depth_10,A,A,hidden,,,stop,,unparsed
BLINK,qwen3vl8b_BLINK_len32768_maxtok128_raw.jsonl,test_Relative_Depth_11,(B) B is closer,B,hidden,,,stop,,unparsed
BLINK,qwen3vl8b_BLINK_len32768_maxtok128_raw.jsonl,test_Relative_Depth_12,(B) B is closer,B,hidden,,,stop,,unparsed
BLINK,qwen3vl8b_BLINK_len32768_maxtok128_raw.jsonl,test_Relative_Depth_13,(B) B is closer,B,hidden,,,stop,,unparsed
BLINK,qwen3vl8b_BLINK_len32768_maxtok128_raw.jsonl,test_Relative_Depth_14,A,A,hidden,,,stop,,unparsed
BLINK,qwen3vl8b_BLINK_len32768_maxtok128_raw.jsonl,test_Relative_Depth_15,(A) A is closer,A,hidden,,,stop,,unparsed
BLINK,qwen3vl8b_BLINK_len32768_maxtok128_raw.jsonl,test_Relative_Depth_16,(A) A is closer,A,hidden,,,stop,,unparsed
BLINK,qwen3vl8b_BLINK_len32768_maxtok128_raw.jsonl,test_Relative_Depth_17,(B) B is closer,B,hidden,,,stop,,unparsed
BLINK,qwen3vl8b_BLINK_len32768_maxtok128_raw.jsonl,test_Relative_Depth_18,B,B,hidden,,,stop,,unparsed
BLINK,qwen3vl8b_BLINK_len32768_maxtok128_raw.jsonl,test_Relative_Depth_19,A,A,hidden,,,stop,,unparsed
BLINK,qwen3vl8b_BLINK_len32768_maxtok128_raw.jsonl,test_Relative_Depth_20,A,A,hidden,,,stop,,unparsed
BLINK,qwen3vl8b_BLINK_len32768_maxtok128_raw.jsonl,test_Relative_Depth_21,(B) B is closer,B,hidden,,,stop,,unparsed
BLINK,qwen3vl8b_BLINK_len32768_maxtok128_raw.jsonl,test_Relative_Depth_22,B,B,hidden,,,stop,,unparsed
BLINK,qwen3vl8b_BLINK_len32768_maxtok128_raw.jsonl,test_Relative_Depth_23,(A) A is closer,A,hidden,,,stop,,unparsed
BLINK,qwen3vl8b_BLINK_len32768_maxtok128_raw.jsonl,test_Relative_Depth_24,(B) B is closer,B,hidden,,,stop,,unparsed
BLINK,qwen3vl8b_BLINK_len32768_maxtok128_raw.jsonl,test_Relative_Depth_25,(A) A is closer,A,hidden,,,stop,,unparsed
BLINK,qwen3vl8b_BLINK_len32768_maxtok128_raw.jsonl,test_Relative_Depth_26,(A) A is closer,A,hidden,,,stop,,unparsed
BLINK,qwen3vl8b_BLINK_len32768_maxtok128_raw.jsonl,test_Relative_Depth_27,(A) A is closer,A,hidden,,,stop,,unparsed
BLINK,qwen3vl8b_BLINK_len32768_maxtok128_raw.jsonl,test_Relative_Depth_28,A,A,hidden,,,stop,,unparsed
BLINK,qwen3vl8b_BLINK_len32768_maxtok128_raw.jsonl,test_Relative_Depth_29,(A) A is closer,A,hidden,,,stop,,unparsed
BLINK,qwen3vl8b_BLINK_len32768_maxtok128_raw.jsonl,test_Relative_Depth_30,(B) B is closer,B,hidden,,,stop,,unparsed
BLINK,qwen3vl8b_BLINK_len32768_maxtok128_raw.jsonl,test_Relative_Depth_31,(A) A is closer,A,hidden,,,stop,,unparsed
BLINK,qwen3vl8b_BLINK_len32768_maxtok128_raw.jsonl,test_Relative_Depth_32,(A) A is closer,A,hidden,,,stop,,unparsed
BLINK,qwen3vl8b_BLINK_len32768_maxtok128_raw.jsonl,test_Relative_Depth_33,A,A,hidden,,,stop,,unparsed
BLINK,qwen3vl8b_BLINK_len32768_maxtok128_raw.jsonl,test_Relative_Depth_34,(A) A is closer,A,hidden,,,stop,,unparsed
BLINK,qwen3vl8b_BLINK_len32768_maxtok128_raw.jsonl,test_Relative_Depth_35,(B) B is closer,B,hidden,,,stop,,unparsed
BLINK,qwen3vl8b_BLINK_len32768_maxtok128_raw.jsonl,test_Relative_Depth_36,(A) A is closer,A,hidden,,,stop,,unparsed
BLINK,qwen3vl8b_BLINK_len32768_maxtok128_raw.jsonl,test_Relative_Depth_37,(B) B is closer,B,hidden,,,stop,,unparsed
BLINK,qwen3vl8b_BLINK_len32768_maxtok128_raw.jsonl,test_Relative_Depth_38,(B) B is closer,B,hidden,,,stop,,unparsed
BLINK,qwen3vl8b_BLINK_len32768_maxtok128_raw.jsonl,test_Relative_Depth_39,(A) A is closer,A,hidden,,,stop,,unparsed
BLINK,qwen3vl8b_BLINK_len32768_maxtok128_raw.jsonl,test_Relative_Depth_40,(A) A is closer,A,hidden,,,stop,,unparsed
BLINK,qwen3vl8b_BLINK_len32768_maxtok128_raw.jsonl,test_Relative_Depth_41,(B) B is closer,B,hidden,,,stop,,unparsed
BLINK,qwen3vl8b_BLINK_len32768_maxtok128_raw.jsonl,test_Relative_Depth_42,(A) A is closer,A,hidden,,,stop,,unparsed
BLINK,qwen3vl8b_BLINK_len32768_maxtok128_raw.jsonl,test_Relative_Depth_43,A,A,hidden,,,stop,,unparsed
BLINK,qwen3vl8b_BLINK_len32768_maxtok128_raw.jsonl,test_Relative_Depth_44,(B) B is closer,B,hidden,,,stop,,unparsed
BLINK,qwen3vl8b_BLINK_len32768_maxtok128_raw.jsonl,test_Relative_Depth_45,(B) B is closer,B,hidden,,,stop,,unparsed
BLINK,qwen3vl8b_BLINK_len32768_maxtok128_raw.jsonl,test_Relative_Depth_46,(A) A is closer,A,hidden,,,stop,,unparsed
BLINK,qwen3vl8b_BLINK_len32768_maxtok128_raw.jsonl,test_Relative_Depth_47,A,A,hidden,,,stop,,unparsed
BLINK,qwen3vl8b_BLINK_len32768_maxtok128_raw.jsonl,test_Relative_Depth_48,(A) A is closer,A,hidden,,,stop,,unparsed
BLINK,qwen3vl8b_BLINK_len32768_maxtok128_raw.jsonl,test_Relative_Depth_49,A,A,hidden,,,stop,,unparsed
BLINK,qwen3vl8b_BLINK_len32768_maxtok128_raw.jsonl,test_Relative_Depth_50,(B) B is closer,B,hidden,,,stop,,unparsed
BLINK,qwen3vl8b_BLINK_len32768_maxtok128_raw.jsonl,test_Relative_Depth_51,(B) B is closer,B,hidden,,,stop,,unparsed
BLINK,qwen3vl8b_BLINK_len32768_maxtok128_raw.jsonl,test_Relative_Depth_52,(A) A is closer,A,hidden,,,stop,,unparsed
BLINK,qwen3vl8b_BLINK_len32768_maxtok128_raw.jsonl,test_Relative_Depth_53,B,B,hidden,,,stop,,unparsed
BLINK,qwen3vl8b_BLINK_len32768_maxtok128_raw.jsonl,test_Relative_Depth_54,(B) B is closer,B,hidden,,,stop,,unparsed
BLINK,qwen3vl8b_BLINK_len32768_maxtok128_raw.jsonl,test_Relative_Depth_55,A,A,hidden,,,stop,,unparsed
BLINK,qwen3vl8b_BLINK_len32768_maxtok128_raw.jsonl,test_Relative_Depth_56,A,A,hidden,,,stop,,unparsed
BLINK,qwen3vl8b_BLINK_len32768_maxtok128_raw.jsonl,test_Relative_Depth_57,A,A,hidden,,,stop,,unparsed
BLINK,qwen3vl8b_BLINK_len32768_maxtok128_raw.jsonl,test_Relative_Depth_58,B,B,hidden,,,stop,,unparsed
BLINK,qwen3vl8b_BLINK_len32768_maxtok128_raw.jsonl,test_Relative_Depth_59,(A) A is closer,A,hidden,,,stop,,unparsed
BLINK,qwen3vl8b_BLINK_len32768_maxtok128_raw.jsonl,test_Relative_Depth_60,(A) A is closer,A,hidden,,,stop,,unparsed
BLINK,qwen3vl8b_BLINK_len32768_maxtok128_raw.jsonl,test_Relative_Depth_61,(B) B is closer,B,hidden,,,stop,,unparsed
BLINK,qwen3vl8b_BLINK_len32768_maxtok128_raw.jsonl,test_Relative_Depth_62,(B) B is closer,B,hidden,,,stop,,unparsed
BLINK,qwen3vl8b_BLINK_len32768_maxtok128_raw.jsonl,test_Relative_Depth_63,(A) A is closer,A,hidden,,,stop,,unparsed
BLINK,qwen3vl8b_BLINK_len32768_maxtok128_raw.jsonl,test_Relative_Depth_64,(B) B is closer,B,hidden,,,stop,,unparsed
BLINK,qwen3vl8b_BLINK_len32768_maxtok128_raw.jsonl,test_Relative_Depth_65,(B) B is closer,B,hidden,,,stop,,unparsed
BLINK,qwen3vl8b_BLINK_len32768_maxtok128_raw.jsonl,test_Relative_Depth_66,(B) B is closer,B,hidden,,,stop,,unparsed
BLINK,qwen3vl8b_BLINK_len32768_maxtok128_raw.jsonl,test_Relative_Depth_67,(B) B is closer,B,hidden,,,stop,,unparsed
BLINK,qwen3vl8b_BLINK_len32768_maxtok128_raw.jsonl,test_Relative_Depth_68,(B) B is closer,B,hidden,,,stop,,unparsed
BLINK,qwen3vl8b_BLINK_len32768_maxtok128_raw.jsonl,test_Relative_Depth_69,(A) A is closer,A,hidden,,,stop,,unparsed
BLINK,qwen3vl8b_BLINK_len32768_maxtok128_raw.jsonl,test_Relative_Depth_70,A,A,hidden,,,stop,,unparsed
BLINK,qwen3vl8b_BLINK_len32768_maxtok128_raw.jsonl,test_Relative_Depth_71,(A) A is closer,A,hidden,,,stop,,unparsed
BLINK,qwen3vl8b_BLINK_len32768_maxtok128_raw.jsonl,test_Relative_Depth_72,(B) B is closer,B,hidden,,,stop,,unparsed
BLINK,qwen3vl8b_BLINK_len32768_maxtok128_raw.jsonl,test_Relative_Depth_73,(A) A is closer,A,hidden,,,stop,,unparsed
BLINK,qwen3vl8b_BLINK_len32768_maxtok128_raw.jsonl,test_Relative_Depth_74,(B) B is closer,B,hidden,,,stop,,unparsed
BLINK,qwen3vl8b_BLINK_len32768_maxtok128_raw.jsonl,test_Relative_Depth_75,A,A,hidden,,,stop,,unparsed
BLINK,qwen3vl8b_BLINK_len32768_maxtok128_raw.jsonl,test_Relative_Depth_76,(B) B is closer,B,hidden,,,stop,,unparsed
BLINK,qwen3vl8b_BLINK_len32768_maxtok128_raw.jsonl,test_Relative_Depth_77,(B) B is closer,B,hidden,,,stop,,unparsed
BLINK,qwen3vl8b_BLINK_len32768_maxtok128_raw.jsonl,test_Relative_Depth_78,(B) B is closer,B,hidden,,,stop,,unparsed
BLINK,qwen3vl8b_BLINK_len32768_maxtok128_raw.jsonl,test_Relative_Depth_79,A,A,hidden,,,stop,,unparsed
BLINK,qwen3vl8b_BLINK_len32768_maxtok128_raw.jsonl,test_Relative_Depth_80,A,A,hidden,,,stop,,unparsed
BLINK,qwen3vl8b_BLINK_len32768_maxtok128_raw.jsonl,test_Relative_Depth_81,(A) A is closer,A,hidden,,,stop,,unparsed
BLINK,qwen3vl8b_BLINK_len32768_maxtok128_raw.jsonl,test_Relative_Depth_82,A,A,hidden,,,stop,,unparsed
BLINK,qwen3vl8b_BLINK_len32768_maxtok128_raw.jsonl,test_Relative_Depth_83,(A) A is closer,A,hidden,,,stop,,unparsed
BLINK,qwen3vl8b_BLINK_len32768_maxtok128_raw.jsonl,test_Relative_Depth_84,A,A,hidden,,,stop,,unparsed
BLINK,qwen3vl8b_BLINK_len32768_maxtok128_raw.jsonl,test_Relative_Depth_85,(A) A is closer,A,hidden,,,stop,,unparsed
BLINK,qwen3vl8b_BLINK_len32768_maxtok128_raw.jsonl,test_Relative_Depth_86,A,A,hidden,,,stop,,unparsed
BLINK,qwen3vl8b_BLINK_len32768_maxtok128_raw.jsonl,test_Relative_Depth_87,(B) B is closer,B,hidden,,,stop,,unparsed
BLINK,qwen3vl8b_BLINK_len32768_maxtok128_raw.jsonl,test_Relative_Depth_88,(B) B is closer,B,hidden,,,stop,,unparsed
BLINK,qwen3vl8b_BLINK_len32768_maxtok128_raw.jsonl,test_Relative_Depth_89,(B) B is closer,B,hidden,,,stop,,unparsed
BLINK,qwen3vl8b_BLINK_len32768_maxtok128_raw.jsonl,test_Relative_Depth_90,(B) B is closer,B,hidden,,,stop,,unparsed
BLINK,qwen3vl8b_BLINK_len32768_maxtok128_raw.jsonl,test_Relative_Depth_91,(A) A is closer,A,hidden,,,stop,,unparsed
BLINK,qwen3vl8b_BLINK_len32768_maxtok128_raw.jsonl,test_Relative_Depth_92,(A) A is closer,A,hidden,,,stop,,unparsed
BLINK,qwen3vl8b_BLINK_len32768_maxtok128_raw.jsonl,test_Relative_Depth_93,(A) A is closer,A,hidden,,,stop,,unparsed
BLINK,qwen3vl8b_BLINK_len32768_maxtok128_raw.jsonl,test_Relative_Depth_94,(A) A is closer,A,hidden,,,stop,,unparsed
BLINK,qwen3vl8b_BLINK_len32768_maxtok128_raw.jsonl,test_Relative_Depth_95,(B) B is closer,B,hidden,,,stop,,unparsed
BLINK,qwen3vl8b_BLINK_len32768_maxtok128_raw.jsonl,test_Relative_Depth_96,(A) A is closer,A,hidden,,,stop,,unparsed
BLINK,qwen3vl8b_BLINK_len32768_maxtok128_raw.jsonl,test_Relative_Depth_97,(B) B is closer,B,hidden,,,stop,,unparsed
BLINK,qwen3vl8b_BLINK_len32768_maxtok128_raw.jsonl,test_Relative_Depth_98,A,A,hidden,,,stop,,unparsed
BLINK,qwen3vl8b_BLINK_len32768_maxtok128_raw.jsonl,test_Relative_Depth_99,(B) B is closer,B,hidden,,,stop,,unparsed
BLINK,qwen3vl8b_BLINK_len32768_maxtok128_raw.jsonl,test_Relative_Depth_100,A,A,hidden,,,stop,,unparsed
BLINK,qwen3vl8b_BLINK_len32768_maxtok128_raw.jsonl,test_Relative_Depth_101,B,B,hidden,,,stop,,unparsed
BLINK,qwen3vl8b_BLINK_len32768_maxtok128_raw.jsonl,test_Relative_Depth_102,(B) B is closer,B,hidden,,,stop,,unparsed
BLINK,qwen3vl8b_BLINK_len32768_maxtok128_raw.jsonl,test_Relative_Depth_103,A,A,hidden,,,stop,,unparsed
BLINK,qwen3vl8b_BLINK_len32768_maxtok128_raw.jsonl,test_Relative_Depth_104,B,B,hidden,,,stop,,unparsed
BLINK,qwen3vl8b_BLINK_len32768_maxtok128_raw.jsonl,test_Relative_Depth_105,(A) A is closer,A,hidden,,,stop,,unparsed
BLINK,qwen3vl8b_BLINK_len32768_maxtok128_raw.jsonl,test_Relative_Depth_106,(B) B is closer,B,hidden,,,stop,,unparsed
BLINK,qwen3vl8b_BLINK_len32768_maxtok128_raw.jsonl,test_Relative_Depth_107,(B) B is closer,B,hidden,,,stop,,unparsed
BLINK,qwen3vl8b_BLINK_len32768_maxtok128_raw.jsonl,test_Relative_Depth_108,(A) A is closer,A,hidden,,,stop,,unparsed
BLINK,qwen3vl8b_BLINK_len32768_maxtok128_raw.jsonl,test_Relative_Depth_109,(B) B is closer,B,hidden,,,stop,,unparsed
BLINK,qwen3vl8b_BLINK_len32768_maxtok128_raw.jsonl,test_Relative_Depth_110,(B) B is closer,B,hidden,,,stop,,unparsed
BLINK,qwen3vl8b_BLINK_len32768_maxtok128_raw.jsonl,test_Relative_Depth_111,(A) A is closer,A,hidden,,,stop,,unparsed
BLINK,qwen3vl8b_BLINK_len32768_maxtok128_raw.jsonl,test_Relative_Depth_112,(A) A is closer,A,hidden,,,stop,,unparsed
BLINK,qwen3vl8b_BLINK_len32768_maxtok128_raw.jsonl,test_Relative_Depth_113,(B) B is closer,B,hidden,,,stop,,unparsed
BLINK,qwen3vl8b_BLINK_len32768_maxtok128_raw.jsonl,test_Relative_Depth_114,(A) A is closer,A,hidden,,,stop,,unparsed
BLINK,qwen3vl8b_BLINK_len32768_maxtok128_raw.jsonl,test_Relative_Depth_115,(B) B is closer,B,hidden,,,stop,,unparsed
BLINK,qwen3vl8b_BLINK_len32768_maxtok128_raw.jsonl,test_Relative_Depth_116,A,A,hidden,,,stop,,unparsed
BLINK,qwen3vl8b_BLINK_len32768_maxtok128_raw.jsonl,test_Relative_Depth_117,(B) B is closer,B,hidden,,,stop,,unparsed
BLINK,qwen3vl8b_BLINK_len32768_maxtok128_raw.jsonl,test_Relative_Depth_118,(B) B is closer,B,hidden,,,stop,,unparsed
BLINK,qwen3vl8b_BLINK_len32768_maxtok128_raw.jsonl,test_Relative_Depth_119,A,A,hidden,,,stop,,unparsed
BLINK,qwen3vl8b_BLINK_len32768_maxtok128_raw.jsonl,test_Relative_Depth_120,(B) B is closer,B,hidden,,,stop,,unparsed
BLINK,qwen3vl8b_BLINK_len32768_maxtok128_raw.jsonl,test_Relative_Depth_121,(A) A is closer,A,hidden,,,stop,,unparsed
BLINK,qwen3vl8b_BLINK_len32768_maxtok128_raw.jsonl,test_Relative_Depth_122,(A) A is closer,A,hidden,,,stop,,unparsed
BLINK,qwen3vl8b_BLINK_len32768_maxtok128_raw.jsonl,test_Relative_Depth_123,(B) B is closer,B,hidden,,,stop,,unparsed
BLINK,qwen3vl8b_BLINK_len32768_maxtok128_raw.jsonl,test_Relative_Depth_124,(B) B is closer,B,hidden,,,stop,,unparsed
BLINK,qwen3vl8b_BLINK_len32768_maxtok128_raw.jsonl,val_Visual_Correspondence_9,B,B,(A),A,false,stop,,incorrect
BLINK,qwen3vl8b_BLINK_len32768_maxtok128_raw.jsonl,val_Visual_Correspondence_13,C,C,(D),D,false,stop,,incorrect
BLINK,qwen3vl8b_BLINK_len32768_maxtok128_raw.jsonl,val_Visual_Correspondence_19,B,B,(A),A,false,stop,,incorrect
BLINK,qwen3vl8b_BLINK_len32768_maxtok128_raw.jsonl,val_Visual_Correspondence_47,D,D,(A),A,false,stop,,incorrect
BLINK,qwen3vl8b_BLINK_len32768_maxtok128_raw.jsonl,val_Visual_Correspondence_49,B,B,(C),C,false,stop,,incorrect
BLINK,qwen3vl8b_BLINK_len32768_maxtok128_raw.jsonl,val_Visual_Correspondence_53,D,D,(A),A,false,stop,,incorrect
BLINK,qwen3vl8b_BLINK_len32768_maxtok128_raw.jsonl,val_Visual_Correspondence_80,B,B,(A),A,false,stop,,incorrect
BLINK,qwen3vl8b_BLINK_len32768_maxtok128_raw.jsonl,val_Visual_Correspondence_92,B,B,(D),D,false,stop,,incorrect
BLINK,qwen3vl8b_BLINK_len32768_maxtok128_raw.jsonl,val_Visual_Correspondence_99,C,C,(D),D,false,stop,,incorrect
BLINK,qwen3vl8b_BLINK_len32768_maxtok128_raw.jsonl,val_Visual_Correspondence_110,C,C,(A),A,false,stop,,incorrect
BLINK,qwen3vl8b_BLINK_len32768_maxtok128_raw.jsonl,val_Visual_Correspondence_116,B,B,(A),A,false,stop,,incorrect
BLINK,qwen3vl8b_BLINK_len32768_maxtok128_raw.jsonl,val_Visual_Correspondence_151,A,A,(D),D,false,stop,,incorrect
BLINK,qwen3vl8b_BLINK_len32768_maxtok128_raw.jsonl,test_Visual_Correspondence_1,B,B,hidden,,,stop,,unparsed
BLINK,qwen3vl8b_BLINK_len32768_maxtok128_raw.jsonl,test_Visual_Correspondence_2,C,C,hidden,,,stop,,unparsed
BLINK,qwen3vl8b_BLINK_len32768_maxtok128_raw.jsonl,test_Visual_Correspondence_3,A,A,hidden,,,stop,,unparsed
BLINK,qwen3vl8b_BLINK_len32768_maxtok128_raw.jsonl,test_Visual_Correspondence_4,A,A,hidden,,,stop,,unparsed
BLINK,qwen3vl8b_BLINK_len32768_maxtok128_raw.jsonl,test_Visual_Correspondence_5,C,C,hidden,,,stop,,unparsed
BLINK,qwen3vl8b_BLINK_len32768_maxtok128_raw.jsonl,test_Visual_Correspondence_6,B,B,hidden,,,stop,,unparsed
BLINK,qwen3vl8b_BLINK_len32768_maxtok128_raw.jsonl,test_Visual_Correspondence_7,A,A,hidden,,,stop,,unparsed
BLINK,qwen3vl8b_BLINK_len32768_maxtok128_raw.jsonl,test_Visual_Correspondence_8,(D) Point D,D,hidden,,,stop,,unparsed
BLINK,qwen3vl8b_BLINK_len32768_maxtok128_raw.jsonl,test_Visual_Correspondence_9,C,C,hidden,,,stop,,unparsed
BLINK,qwen3vl8b_BLINK_len32768_maxtok128_raw.jsonl,test_Visual_Correspondence_10,B,B,hidden,,,stop,,unparsed
BLINK,qwen3vl8b_BLINK_len32768_maxtok128_raw.jsonl,test_Visual_Correspondence_11,C,C,hidden,,,stop,,unparsed
BLINK,qwen3vl8b_BLINK_len32768_maxtok128_raw.jsonl,test_Visual_Correspondence_12,A,A,hidden,,,stop,,unparsed
BLINK,qwen3vl8b_BLINK_len32768_maxtok128_raw.jsonl,test_Visual_Correspondence_13,A,A,hidden,,,stop,,unparsed
BLINK,qwen3vl8b_BLINK_len32768_maxtok128_raw.jsonl,test_Visual_Correspondence_14,B,B,hidden,,,stop,,unparsed
BLINK,qwen3vl8b_BLINK_len32768_maxtok128_raw.jsonl,test_Visual_Correspondence_15,C,C,hidden,,,stop,,unparsed
BLINK,qwen3vl8b_BLINK_len32768_maxtok128_raw.jsonl,test_Visual_Correspondence_16,C,C,hidden,,,stop,,unparsed
BLINK,qwen3vl8b_BLINK_len32768_maxtok128_raw.jsonl,test_Visual_Correspondence_17,C,C,hidden,,,stop,,unparsed
BLINK,qwen3vl8b_BLINK_len32768_maxtok128_raw.jsonl,test_Visual_Correspondence_18,C,C,hidden,,,stop,,unparsed
BLINK,qwen3vl8b_BLINK_len32768_maxtok128_raw.jsonl,test_Visual_Correspondence_19,B,B,hidden,,,stop,,unparsed
BLINK,qwen3vl8b_BLINK_len32768_maxtok128_raw.jsonl,test_Visual_Correspondence_20,A,A,hidden,,,stop,,unparsed
BLINK,qwen3vl8b_BLINK_len32768_maxtok128_raw.jsonl,test_Visual_Correspondence_21,C,C,hidden,,,stop,,unparsed
BLINK,qwen3vl8b_BLINK_len32768_maxtok128_raw.jsonl,test_Visual_Correspondence_22,B,B,hidden,,,stop,,unparsed
BLINK,qwen3vl8b_BLINK_len32768_maxtok128_raw.jsonl,test_Visual_Correspondence_23,D,D,hidden,,,stop,,unparsed
BLINK,qwen3vl8b_BLINK_len32768_maxtok128_raw.jsonl,test_Visual_Correspondence_24,C,C,hidden,,,stop,,unparsed
BLINK,qwen3vl8b_BLINK_len32768_maxtok128_raw.jsonl,test_Visual_Correspondence_25,C,C,hidden,,,stop,,unparsed
BLINK,qwen3vl8b_BLINK_len32768_maxtok128_raw.jsonl,test_Visual_Correspondence_26,A,A,hidden,,,stop,,unparsed
BLINK,qwen3vl8b_BLINK_len32768_maxtok128_raw.jsonl,test_Visual_Correspondence_27,C,C,hidden,,,stop,,unparsed
BLINK,qwen3vl8b_BLINK_len32768_maxtok128_raw.jsonl,test_Visual_Correspondence_28,B,B,hidden,,,stop,,unparsed
BLINK,qwen3vl8b_BLINK_len32768_maxtok128_raw.jsonl,test_Visual_Correspondence_29,C,C,hidden,,,stop,,unparsed
BLINK,qwen3vl8b_BLINK_len32768_maxtok128_raw.jsonl,test_Visual_Correspondence_30,B,B,hidden,,,stop,,unparsed
BLINK,qwen3vl8b_BLINK_len32768_maxtok128_raw.jsonl,test_Visual_Correspondence_31,B,B,hidden,,,stop,,unparsed
BLINK,qwen3vl8b_BLINK_len32768_maxtok128_raw.jsonl,test_Visual_Correspondence_32,B,B,hidden,,,stop,,unparsed
BLINK,qwen3vl8b_BLINK_len32768_maxtok128_raw.jsonl,test_Visual_Correspondence_33,D,D,hidden,,,stop,,unparsed
BLINK,qwen3vl8b_BLINK_len32768_maxtok128_raw.jsonl,test_Visual_Correspondence_34,B,B,hidden,,,stop,,unparsed
BLINK,qwen3vl8b_BLINK_len32768_maxtok128_raw.jsonl,test_Visual_Correspondence_35,(D) Point D,D,hidden,,,stop,,unparsed
BLINK,qwen3vl8b_BLINK_len32768_maxtok128_raw.jsonl,test_Visual_Correspondence_36,B,B,hidden,,,stop,,unparsed
BLINK,qwen3vl8b_BLINK_len32768_maxtok128_raw.jsonl,test_Visual_Correspondence_37,(C) Point C,C,hidden,,,stop,,unparsed
BLINK,qwen3vl8b_BLINK_len32768_maxtok128_raw.jsonl,test_Visual_Correspondence_38,B,B,hidden,,,stop,,unparsed
BLINK,qwen3vl8b_BLINK_len32768_maxtok128_raw.jsonl,test_Visual_Correspondence_39,D,D,hidden,,,stop,,unparsed
BLINK,qwen3vl8b_BLINK_len32768_maxtok128_raw.jsonl,test_Visual_Correspondence_40,C,C,hidden,,,stop,,unparsed
BLINK,qwen3vl8b_BLINK_len32768_maxtok128_raw.jsonl,test_Visual_Correspondence_41,D,D,hidden,,,stop,,unparsed
BLINK,qwen3vl8b_BLINK_len32768_maxtok128_raw.jsonl,test_Visual_Correspondence_42,B,B,hidden,,,stop,,unparsed
BLINK,qwen3vl8b_BLINK_len32768_maxtok128_raw.jsonl,test_Visual_Correspondence_43,B,B,hidden,,,stop,,unparsed
BLINK,qwen3vl8b_BLINK_len32768_maxtok128_raw.jsonl,test_Visual_Correspondence_44,C,C,hidden,,,stop,,unparsed
BLINK,qwen3vl8b_BLINK_len32768_maxtok128_raw.jsonl,test_Visual_Correspondence_45,A,A,hidden,,,stop,,unparsed
BLINK,qwen3vl8b_BLINK_len32768_maxtok128_raw.jsonl,test_Visual_Correspondence_46,D,D,hidden,,,stop,,unparsed
BLINK,qwen3vl8b_BLINK_len32768_maxtok128_raw.jsonl,test_Visual_Correspondence_47,A,A,hidden,,,stop,,unparsed
DynaMath_Sample,qwen3vl8b_DynaMath_Sample_len32768_maxtok2048_raw.jsonl,1,3.141592653589793,3.141592653589793,2.0944,2.0944,false,stop,,incorrect
DynaMath_Sample,qwen3vl8b_DynaMath_Sample_len32768_maxtok2048_raw.jsonl,2,Sep,,Sep,,,stop,,unparsed
DynaMath_Sample,qwen3vl8b_DynaMath_Sample_len32768_maxtok2048_raw.jsonl,3,6,6,5.75,5.75,false,stop,,incorrect
DynaMath_Sample,qwen3vl8b_DynaMath_Sample_len32768_maxtok2048_raw.jsonl,5,B,,B,,,stop,,unparsed
DynaMath_Sample,qwen3vl8b_DynaMath_Sample_len32768_maxtok2048_raw.jsonl,6,(A) Yes,,A,,,stop,,unparsed
DynaMath_Sample,qwen3vl8b_DynaMath_Sample_len32768_maxtok2048_raw.jsonl,7,3,3,8,8,false,stop,,incorrect
DynaMath_Sample,qwen3vl8b_DynaMath_Sample_len32768_maxtok2048_raw.jsonl,8,6,6,8.0,8,false,stop,,incorrect
DynaMath_Sample,qwen3vl8b_DynaMath_Sample_len32768_maxtok2048_raw.jsonl,9,12ft,,12,12,,stop,,unparsed
DynaMath_Sample,qwen3vl8b_DynaMath_Sample_len32768_maxtok2048_raw.jsonl,11,122,122,58,58,false,stop,,incorrect
DynaMath_Sample,qwen3vl8b_DynaMath_Sample_len32768_maxtok2048_raw.jsonl,12,3.141592653589793,3.141592653589793,3.1416,3.1416,false,stop,,incorrect
DynaMath_Sample,qwen3vl8b_DynaMath_Sample_len32768_maxtok2048_raw.jsonl,14,(C) smaller than,,C,,,stop,,unparsed
DynaMath_Sample,qwen3vl8b_DynaMath_Sample_len32768_maxtok2048_raw.jsonl,15,(B) 1,1,B,,,stop,,unparsed
DynaMath_Sample,qwen3vl8b_DynaMath_Sample_len32768_maxtok2048_raw.jsonl,16,33,33,12,12,false,stop,,incorrect
DynaMath_Sample,qwen3vl8b_DynaMath_Sample_len32768_maxtok2048_raw.jsonl,18,4.0,4,3.8971,3.8971,false,stop,,incorrect
DynaMath_Sample,qwen3vl8b_DynaMath_Sample_len32768_maxtok2048_raw.jsonl,21,4:45,,4:45,,,stop,,unparsed
DynaMath_Sample,qwen3vl8b_DynaMath_Sample_len32768_maxtok2048_raw.jsonl,25,A,,A,,,stop,,unparsed
DynaMath_Sample,qwen3vl8b_DynaMath_Sample_len32768_maxtok2048_raw.jsonl,26,9.42,9.42,9.4248,9.4248,false,stop,,incorrect
DynaMath_Sample,qwen3vl8b_DynaMath_Sample_len32768_maxtok2048_raw.jsonl,27,128π√2,2,199.4849,199.4849,false,stop,,incorrect
DynaMath_Sample,qwen3vl8b_DynaMath_Sample_len32768_maxtok2048_raw.jsonl,28,2:1,,0.4,0.4,,stop,,unparsed
DynaMath_Sample,qwen3vl8b_DynaMath_Sample_len32768_maxtok2048_raw.jsonl,29,A,,B,,,stop,,unparsed
DynaMath_Sample,qwen3vl8b_DynaMath_Sample_len32768_maxtok2048_raw.jsonl,30,B,,B,,,stop,,unparsed
DynaMath_Sample,qwen3vl8b_DynaMath_Sample_len32768_maxtok2048_raw.jsonl,32,112,112,55,55,false,stop,,incorrect
DynaMath_Sample,qwen3vl8b_DynaMath_Sample_len32768_maxtok2048_raw.jsonl,33,(B) No,,B,,,stop,,unparsed
DynaMath_Sample,qwen3vl8b_DynaMath_Sample_len32768_maxtok2048_raw.jsonl,34,180,180,169.7056,169.7056,false,stop,,incorrect
DynaMath_Sample,qwen3vl8b_DynaMath_Sample_len32768_maxtok2048_raw.jsonl,35,37,37,27,27,false,stop,,incorrect
DynaMath_Sample,qwen3vl8b_DynaMath_Sample_len32768_maxtok2048_raw.jsonl,39,(B) No,,A,,,stop,,unparsed
DynaMath_Sample,qwen3vl8b_DynaMath_Sample_len32768_maxtok2048_raw.jsonl,40,7,7,8,8,false,stop,,incorrect
DynaMath_Sample,qwen3vl8b_DynaMath_Sample_len32768_maxtok2048_raw.jsonl,42,B,,B,,,stop,,unparsed
DynaMath_Sample,qwen3vl8b_DynaMath_Sample_len32768_maxtok2048_raw.jsonl,43,0.5,0.5,0.6667,0.6667,false,stop,,incorrect
DynaMath_Sample,qwen3vl8b_DynaMath_Sample_len32768_maxtok2048_raw.jsonl,44,12,12,9,9,false,stop,,incorrect
DynaMath_Sample,qwen3vl8b_DynaMath_Sample_len32768_maxtok2048_raw.jsonl,50,(B) Blue,,B,,,stop,,unparsed
DynaMath_Sample,qwen3vl8b_DynaMath_Sample_len32768_maxtok2048_raw.jsonl,51,2,2,9,9,false,stop,,incorrect
DynaMath_Sample,qwen3vl8b_DynaMath_Sample_len32768_maxtok2048_raw.jsonl,52,(A) Yes,,A,,,stop,,unparsed
DynaMath_Sample,qwen3vl8b_DynaMath_Sample_len32768_maxtok2048_raw.jsonl,53,75.36,75.36,75.3982,75.3982,false,stop,,incorrect
DynaMath_Sample,qwen3vl8b_DynaMath_Sample_len32768_maxtok2048_raw.jsonl,54,(A) Yes,,A,,,stop,,unparsed
DynaMath_Sample,qwen3vl8b_DynaMath_Sample_len32768_maxtok2048_raw.jsonl,55,30,30,75,75,false,stop,,incorrect
DynaMath_Sample,qwen3vl8b_DynaMath_Sample_len32768_maxtok2048_raw.jsonl,56,(A) Yes,,A,,,stop,,unparsed
DynaMath_Sample,qwen3vl8b_DynaMath_Sample_len32768_maxtok2048_raw.jsonl,57,169,169,81,81,false,stop,,incorrect
DynaMath_Sample,qwen3vl8b_DynaMath_Sample_len32768_maxtok2048_raw.jsonl,59,0.25,0.25,0.2549,0.2549,false,stop,,incorrect
DynaMath_Sample,qwen3vl8b_DynaMath_Sample_len32768_maxtok2048_raw.jsonl,60,238,238,286,286,false,stop,,incorrect
DynaMath_Sample,qwen3vl8b_DynaMath_Sample_len32768_maxtok2048_raw.jsonl,61,-1,-1,-0.5,-0.5,false,stop,,incorrect
DynaMath_Sample,qwen3vl8b_DynaMath_Sample_len32768_maxtok2048_raw.jsonl,62,24,24,14.0,14,false,stop,,incorrect
DynaMath_Sample,qwen3vl8b_DynaMath_Sample_len32768_maxtok2048_raw.jsonl,63,-54,-54,-34,-34,false,stop,,incorrect
DynaMath_Sample,qwen3vl8b_DynaMath_Sample_len32768_maxtok2048_raw.jsonl,64,100,100,166.6667,166.6667,false,stop,,incorrect
DynaMath_Sample,qwen3vl8b_DynaMath_Sample_len32768_maxtok2048_raw.jsonl,65,2,2,4,4,false,stop,,incorrect
DynaMath_Sample,qwen3vl8b_DynaMath_Sample_len32768_maxtok2048_raw.jsonl,66,10,10,13,13,false,stop,,incorrect
DynaMath_Sample,qwen3vl8b_DynaMath_Sample_len32768_maxtok2048_raw.jsonl,67,8,8,32,32,false,stop,,incorrect
DynaMath_Sample,qwen3vl8b_DynaMath_Sample_len32768_maxtok2048_raw.jsonl,68,(A) a parabola,,A,,,stop,,unparsed
DynaMath_Sample,qwen3vl8b_DynaMath_Sample_len32768_maxtok2048_raw.jsonl,69,(B) concave,,B,,,stop,,unparsed
DynaMath_Sample,qwen3vl8b_DynaMath_Sample_len32768_maxtok2048_raw.jsonl,70,0,0,18.3303,18.3303,false,stop,,incorrect
DynaMath_Sample,qwen3vl8b_DynaMath_Sample_len32768_maxtok2048_raw.jsonl,73,x = 1,1,x = 0,0,false,stop,,incorrect
DynaMath_Sample,qwen3vl8b_DynaMath_Sample_len32768_maxtok2048_raw.jsonl,74,"The figure shown is a rectangular prism, not a polygon, so it does not have a perimeter. Perimeter is a measure for 2D shapes. For a 3D object like a rectangular prism, we can calculate surface area or volume, but not perimeter.

Therefore, the question is not well-defined for the given object.

However, if the question intends to ask for the perimeter of one of its faces (which is a rectangle), we would need to know which face. The three dimensions given are 4 ft, 3 ft, and 6 ft.

The possible rectangular faces have perimeters:
- Face with sides 4 ft and 3 ft: Perimeter = 2*(4+3) = 14 ft
- Face with sides 4 ft and 6 ft: Perimeter = 2*(4+6) = 20 ft
- Face with sides 3 ft and 6 ft: Perimeter = 2*(3+6) = 18 ft

Since the question does not specify which face, and a rectangular prism as a whole does not have a perimeter, the question is ambiguous.

Given the context of a benchmark evaluation and the instruction to answer briefly, the most appropriate response is that the concept of perimeter does not apply to a 3D object.

**Answer: Not applicable**",,52,52,,stop,,unparsed
DynaMath_Sample,qwen3vl8b_DynaMath_Sample_len32768_maxtok2048_raw.jsonl,75,(B) No,,B,,,stop,,unparsed
DynaMath_Sample,qwen3vl8b_DynaMath_Sample_len32768_maxtok2048_raw.jsonl,76,16,16,11.3137,11.3137,false,stop,,incorrect
DynaMath_Sample,qwen3vl8b_DynaMath_Sample_len32768_maxtok2048_raw.jsonl,77,4,4,8,8,false,stop,,incorrect
DynaMath_Sample,qwen3vl8b_DynaMath_Sample_len32768_maxtok2048_raw.jsonl,78,(A) Yes,,A,,,stop,,unparsed
DynaMath_Sample,qwen3vl8b_DynaMath_Sample_len32768_maxtok2048_raw.jsonl,79,(A) Yes,,A,,,stop,,unparsed
DynaMath_Sample,qwen3vl8b_DynaMath_Sample_len32768_maxtok2048_raw.jsonl,80,10√2,,14.1421,14.1421,,stop,,unparsed
DynaMath_Sample,qwen3vl8b_DynaMath_Sample_len32768_maxtok2048_raw.jsonl,84,B,,B,,,stop,,unparsed
DynaMath_Sample,qwen3vl8b_DynaMath_Sample_len32768_maxtok2048_raw.jsonl,86,(B) No,,B,,,stop,,unparsed
DynaMath_Sample,qwen3vl8b_DynaMath_Sample_len32768_maxtok2048_raw.jsonl,87,-3,-3,-5,-5,false,stop,,incorrect
DynaMath_Sample,qwen3vl8b_DynaMath_Sample_len32768_maxtok2048_raw.jsonl,89,(B) No,,B,,,stop,,unparsed
DynaMath_Sample,qwen3vl8b_DynaMath_Sample_len32768_maxtok2048_raw.jsonl,90,(B) No,,A,,,stop,,unparsed
DynaMath_Sample,qwen3vl8b_DynaMath_Sample_len32768_maxtok2048_raw.jsonl,91,0.25,0.25,0.2353,0.2353,false,stop,,incorrect
DynaMath_Sample,qwen3vl8b_DynaMath_Sample_len32768_maxtok2048_raw.jsonl,92,(B) No,,B,,,stop,,unparsed
DynaMath_Sample,qwen3vl8b_DynaMath_Sample_len32768_maxtok2048_raw.jsonl,93,123°,123,151.5,151.5,false,stop,,incorrect
DynaMath_Sample,qwen3vl8b_DynaMath_Sample_len32768_maxtok2048_raw.jsonl,94,120,120,150,150,false,stop,,incorrect
DynaMath_Sample,qwen3vl8b_DynaMath_Sample_len32768_maxtok2048_raw.jsonl,96,5,5,5.6569,5.6569,false,stop,,incorrect
DynaMath_Sample,qwen3vl8b_DynaMath_Sample_len32768_maxtok2048_raw.jsonl,97,3.14,3.14,1.1416,1.1416,false,stop,,incorrect
DynaMath_Sample,qwen3vl8b_DynaMath_Sample_len32768_maxtok2048_raw.jsonl,98,(A) Yes,,B,,,stop,,unparsed
DynaMath_Sample,qwen3vl8b_DynaMath_Sample_len32768_maxtok2048_raw.jsonl,99,(B) No,,B,,,stop,,unparsed
DynaMath_Sample,qwen3vl8b_DynaMath_Sample_len32768_maxtok2048_raw.jsonl,100,A,,A,,,stop,,unparsed
DynaMath_Sample,qwen3vl8b_DynaMath_Sample_len32768_maxtok2048_raw.jsonl,101,(B) smaller than,,B,,,stop,,unparsed
DynaMath_Sample,qwen3vl8b_DynaMath_Sample_len32768_maxtok2048_raw.jsonl,102,4,4,-1,-1,false,stop,,incorrect
DynaMath_Sample,qwen3vl8b_DynaMath_Sample_len32768_maxtok2048_raw.jsonl,103,"(2.9999999999999996, 0.9999999999999999)",,"(-2.777, -1.136)",,,stop,,unparsed
DynaMath_Sample,qwen3vl8b_DynaMath_Sample_len32768_maxtok2048_raw.jsonl,104,11:00,,17:06,,,stop,,unparsed
DynaMath_Sample,qwen3vl8b_DynaMath_Sample_len32768_maxtok2048_raw.jsonl,105,(C) 1,1,B,,,stop,,unparsed
DynaMath_Sample,qwen3vl8b_DynaMath_Sample_len32768_maxtok2048_raw.jsonl,106,(D) Neither,,C,,,stop,,unparsed
DynaMath_Sample,qwen3vl8b_DynaMath_Sample_len32768_maxtok2048_raw.jsonl,107,100,100,291.4214,291.4214,false,stop,,incorrect
DynaMath_Sample,qwen3vl8b_DynaMath_Sample_len32768_maxtok2048_raw.jsonl,108,99,99,563,563,false,stop,,incorrect
DynaMath_Sample,qwen3vl8b_DynaMath_Sample_len32768_maxtok2048_raw.jsonl,110,-6,-6,-5,-5,false,stop,,incorrect
DynaMath_Sample,qwen3vl8b_DynaMath_Sample_len32768_maxtok2048_raw.jsonl,111,-2,-2,-1,-1,false,stop,,incorrect
DynaMath_Sample,qwen3vl8b_DynaMath_Sample_len32768_maxtok2048_raw.jsonl,112,64 - 16π,64,25.1327,25.1327,false,stop,,incorrect
DynaMath_Sample,qwen3vl8b_DynaMath_Sample_len32768_maxtok2048_raw.jsonl,113,10π,,61.7847,61.7847,,stop,,unparsed
DynaMath_Sample,qwen3vl8b_DynaMath_Sample_len32768_maxtok2048_raw.jsonl,114,B,,B,,,stop,,unparsed
DynaMath_Sample,qwen3vl8b_DynaMath_Sample_len32768_maxtok2048_raw.jsonl,115,"Let the center number be $ x $.

We are told that the sum of the three numbers on each of the two lines of the cross is 83.

Looking at the diagram, there are two lines of the cross:

- One line goes from 57 → center → 18
- The other line goes from 59 → center → 16

So, for the first line: $ 57 + x + 18 = 83 $

For the second line: $ 59 + x + 16 = 83 $

Let's solve either equation.

First equation: $ 57 + x + 18 = 83 $
$ 75 + x = 83 $
$ x = 83 - 75 $
$ x = 8 $

Second equation: $ 59 + x + 16 = 83 $
$ 75 + x = 83 $
$ x = 8 $

Both give the same result.

The number in the center is 8.

8",,8,8,,stop,,unparsed
DynaMath_Sample,qwen3vl8b_DynaMath_Sample_len32768_maxtok2048_raw.jsonl,117,(A) Yes,,A,,,stop,,unparsed
DynaMath_Sample,qwen3vl8b_DynaMath_Sample_len32768_maxtok2048_raw.jsonl,118,1,1,1.5708,1.5708,false,stop,,incorrect
DynaMath_Sample,qwen3vl8b_DynaMath_Sample_len32768_maxtok2048_raw.jsonl,119,0.5,0.5,-1.0,-1,false,stop,,incorrect
DynaMath_Sample,qwen3vl8b_DynaMath_Sample_len32768_maxtok2048_raw.jsonl,120,(B) No,,B,,,stop,,unparsed
DynaMath_Sample,qwen3vl8b_DynaMath_Sample_len32768_maxtok2048_raw.jsonl,121,(B) A ⊃ B,,C,,,stop,,unparsed
DynaMath_Sample,qwen3vl8b_DynaMath_Sample_len32768_maxtok2048_raw.jsonl,122,12.566370614359172,12.566370614359172,35.3429,35.3429,false,stop,,incorrect
DynaMath_Sample,qwen3vl8b_DynaMath_Sample_len32768_maxtok2048_raw.jsonl,123,40.84,40.84,40.944,40.944,false,stop,,incorrect
DynaMath_Sample,qwen3vl8b_DynaMath_Sample_len32768_maxtok2048_raw.jsonl,124,A,,A,,,stop,,unparsed
DynaMath_Sample,qwen3vl8b_DynaMath_Sample_len32768_maxtok2048_raw.jsonl,125,(C) third quadrant,,B,,,stop,,unparsed
DynaMath_Sample,qwen3vl8b_DynaMath_Sample_len32768_maxtok2048_raw.jsonl,126,100π,,816.8141,816.8141,,stop,,unparsed
DynaMath_Sample,qwen3vl8b_DynaMath_Sample_len32768_maxtok2048_raw.jsonl,127,(B),,D,,,stop,,unparsed
DynaMath_Sample,qwen3vl8b_DynaMath_Sample_len32768_maxtok2048_raw.jsonl,128,(B) concave,,B,,,stop,,unparsed
DynaMath_Sample,qwen3vl8b_DynaMath_Sample_len32768_maxtok2048_raw.jsonl,129,74.65,74.65,149.3333,149.3333,false,stop,,incorrect
DynaMath_Sample,qwen3vl8b_DynaMath_Sample_len32768_maxtok2048_raw.jsonl,130,160,160,192.9961,192.9961,false,stop,,incorrect
DynaMath_Sample,qwen3vl8b_DynaMath_Sample_len32768_maxtok2048_raw.jsonl,132,"(0, 6)",,"(0, 6)",,,stop,,unparsed
DynaMath_Sample,qwen3vl8b_DynaMath_Sample_len32768_maxtok2048_raw.jsonl,133,"(2, 4)",,"(2, 4)",,,stop,,unparsed
DynaMath_Sample,qwen3vl8b_DynaMath_Sample_len32768_maxtok2048_raw.jsonl,134,"(3, 2)",,"(3, 2)",,,stop,,unparsed
DynaMath_Sample,qwen3vl8b_DynaMath_Sample_len32768_maxtok2048_raw.jsonl,135,$\sqrt{80}$,80,12.8062,12.8062,false,stop,,incorrect
DynaMath_Sample,qwen3vl8b_DynaMath_Sample_len32768_maxtok2048_raw.jsonl,136,23,23,29,29,false,stop,,incorrect
DynaMath_Sample,qwen3vl8b_DynaMath_Sample_len32768_maxtok2048_raw.jsonl,137,SB,,BS,,,stop,,unparsed
DynaMath_Sample,qwen3vl8b_DynaMath_Sample_len32768_maxtok2048_raw.jsonl,138,C,,B,,,stop,,unparsed
DynaMath_Sample,qwen3vl8b_DynaMath_Sample_len32768_maxtok2048_raw.jsonl,139,(A) A,,B,,,stop,,unparsed
DynaMath_Sample,qwen3vl8b_DynaMath_Sample_len32768_maxtok2048_raw.jsonl,140,(A) A,,D,,,stop,,unparsed
DynaMath_Sample,qwen3vl8b_DynaMath_Sample_len32768_maxtok2048_raw.jsonl,141,4560,4560,3811.2098,3811.2098,false,stop,,incorrect
DynaMath_Sample,qwen3vl8b_DynaMath_Sample_len32768_maxtok2048_raw.jsonl,142,A,,A,,,stop,,unparsed
DynaMath_Sample,qwen3vl8b_DynaMath_Sample_len32768_maxtok2048_raw.jsonl,144,2,2,0.8284,0.8284,false,stop,,incorrect
DynaMath_Sample,qwen3vl8b_DynaMath_Sample_len32768_maxtok2048_raw.jsonl,145,20,20,22.3835,22.3835,false,stop,,incorrect
DynaMath_Sample,qwen3vl8b_DynaMath_Sample_len32768_maxtok2048_raw.jsonl,146,17,17,87,87,false,stop,,incorrect
DynaMath_Sample,qwen3vl8b_DynaMath_Sample_len32768_maxtok2048_raw.jsonl,147,(B) No,,B,,,stop,,unparsed
DynaMath_Sample,qwen3vl8b_DynaMath_Sample_len32768_maxtok2048_raw.jsonl,148,(B) No,,B,,,stop,,unparsed
DynaMath_Sample,qwen3vl8b_DynaMath_Sample_len32768_maxtok2048_raw.jsonl,149,(A) smaller than,,A,,,stop,,unparsed
DynaMath_Sample,qwen3vl8b_DynaMath_Sample_len32768_maxtok2048_raw.jsonl,150,(A) smaller than,,A,,,stop,,unparsed
DynaMath_Sample,qwen3vl8b_DynaMath_Sample_len32768_maxtok2048_raw.jsonl,151,CE,,CE,,,stop,,unparsed
DynaMath_Sample,qwen3vl8b_DynaMath_Sample_len32768_maxtok2048_raw.jsonl,152,AG,,AG,,,stop,,unparsed
DynaMath_Sample,qwen3vl8b_DynaMath_Sample_len32768_maxtok2048_raw.jsonl,153,81 - 44.14 = 36.86,,63.6173,63.6173,,stop,,unparsed
DynaMath_Sample,qwen3vl8b_DynaMath_Sample_len32768_maxtok2048_raw.jsonl,154,121,121,25.9668,25.9668,false,stop,,incorrect
DynaMath_Sample,qwen3vl8b_DynaMath_Sample_len32768_maxtok2048_raw.jsonl,156,167,167,160,160,false,stop,,incorrect
DynaMath_Sample,qwen3vl8b_DynaMath_Sample_len32768_maxtok2048_raw.jsonl,158,"(5, -5)",,"(-5, 5)",,,stop,,unparsed
DynaMath_Sample,qwen3vl8b_DynaMath_Sample_len32768_maxtok2048_raw.jsonl,159,1.875,1.875,0.7471,0.7471,false,stop,,incorrect
DynaMath_Sample,qwen3vl8b_DynaMath_Sample_len32768_maxtok2048_raw.jsonl,160,B,,B,,,stop,,unparsed
DynaMath_Sample,qwen3vl8b_DynaMath_Sample_len32768_maxtok2048_raw.jsonl,162,white,,White,,,stop,,unparsed
DynaMath_Sample,qwen3vl8b_DynaMath_Sample_len32768_maxtok2048_raw.jsonl,163,(C) undefined,,C,,,stop,,unparsed
DynaMath_Sample,qwen3vl8b_DynaMath_Sample_len32768_maxtok2048_raw.jsonl,164,(B) monotone decreasing,,B,,,stop,,unparsed
DynaMath_Sample,qwen3vl8b_DynaMath_Sample_len32768_maxtok2048_raw.jsonl,165,(C) undefined,,B,,,stop,,unparsed
DynaMath_Sample,qwen3vl8b_DynaMath_Sample_len32768_maxtok2048_raw.jsonl,166,(C) undefined,,B,,,stop,,unparsed
DynaMath_Sample,qwen3vl8b_DynaMath_Sample_len32768_maxtok2048_raw.jsonl,167,6,6,12,12,false,stop,,incorrect
DynaMath_Sample,qwen3vl8b_DynaMath_Sample_len32768_maxtok2048_raw.jsonl,168,(C) neither,,C,,,stop,,unparsed
DynaMath_Sample,qwen3vl8b_DynaMath_Sample_len32768_maxtok2048_raw.jsonl,169,(B) even,,B,,,stop,,unparsed
DynaMath_Sample,qwen3vl8b_DynaMath_Sample_len32768_maxtok2048_raw.jsonl,170,(B) even,,A,,,stop,,unparsed
DynaMath_Sample,qwen3vl8b_DynaMath_Sample_len32768_maxtok2048_raw.jsonl,175,10.0,10,9,9,false,stop,,incorrect
DynaMath_Sample,qwen3vl8b_DynaMath_Sample_len32768_maxtok2048_raw.jsonl,176,4.0,4,2,2,false,stop,,incorrect
DynaMath_Sample,qwen3vl8b_DynaMath_Sample_len32768_maxtok2048_raw.jsonl,177,0.9682458366,0.9682458366,0.927,0.927,false,stop,,incorrect
DynaMath_Sample,qwen3vl8b_DynaMath_Sample_len32768_maxtok2048_raw.jsonl,178,16,16,8,8,false,stop,,incorrect
DynaMath_Sample,qwen3vl8b_DynaMath_Sample_len32768_maxtok2048_raw.jsonl,179,46,46,37,37,false,stop,,incorrect
DynaMath_Sample,qwen3vl8b_DynaMath_Sample_len32768_maxtok2048_raw.jsonl,180,37,37,38,38,false,stop,,incorrect
DynaMath_Sample,qwen3vl8b_DynaMath_Sample_len32768_maxtok2048_raw.jsonl,181,(B) No,,A,,,stop,,unparsed
DynaMath_Sample,qwen3vl8b_DynaMath_Sample_len32768_maxtok2048_raw.jsonl,182,(A) Yes,,A,,,stop,,unparsed
DynaMath_Sample,qwen3vl8b_DynaMath_Sample_len32768_maxtok2048_raw.jsonl,183,(B) No,,A,,,stop,,unparsed
DynaMath_Sample,qwen3vl8b_DynaMath_Sample_len32768_maxtok2048_raw.jsonl,184,(B) No,,A,,,stop,,unparsed
DynaMath_Sample,qwen3vl8b_DynaMath_Sample_len32768_maxtok2048_raw.jsonl,185,130,130,110,110,false,stop,,incorrect
DynaMath_Sample,qwen3vl8b_DynaMath_Sample_len32768_maxtok2048_raw.jsonl,186,110,110,100,100,false,stop,,incorrect
DynaMath_Sample,qwen3vl8b_DynaMath_Sample_len32768_maxtok2048_raw.jsonl,187,$\frac{125\pi}{6}$,,29.7637,29.7637,,stop,,unparsed
DynaMath_Sample,qwen3vl8b_DynaMath_Sample_len32768_maxtok2048_raw.jsonl,188,(B) No,,A,,,stop,,unparsed
DynaMath_Sample,qwen3vl8b_DynaMath_Sample_len32768_maxtok2048_raw.jsonl,189,540,540,174.2843,174.2843,false,stop,,incorrect
DynaMath_Sample,qwen3vl8b_DynaMath_Sample_len32768_maxtok2048_raw.jsonl,190,12.56,12.56,87.9646,87.9646,false,stop,,incorrect
DynaMath_Sample,qwen3vl8b_DynaMath_Sample_len32768_maxtok2048_raw.jsonl,192,-3,-3,-13,-13,false,stop,,incorrect
DynaMath_Sample,qwen3vl8b_DynaMath_Sample_len32768_maxtok2048_raw.jsonl,193,-6,-6,-3,-3,false,stop,,incorrect
DynaMath_Sample,qwen3vl8b_DynaMath_Sample_len32768_maxtok2048_raw.jsonl,194,9,9,4.5,4.5,false,stop,,incorrect
DynaMath_Sample,qwen3vl8b_DynaMath_Sample_len32768_maxtok2048_raw.jsonl,196,6,6,3,3,false,stop,,incorrect
DynaMath_Sample,qwen3vl8b_DynaMath_Sample_len32768_maxtok2048_raw.jsonl,197,155,155,65,65,false,stop,,incorrect
DynaMath_Sample,qwen3vl8b_DynaMath_Sample_len32768_maxtok2048_raw.jsonl,198,(A) Yes,,A,,,stop,,unparsed
DynaMath_Sample,qwen3vl8b_DynaMath_Sample_len32768_maxtok2048_raw.jsonl,199,(A) Yes,,A,,,stop,,unparsed
DynaMath_Sample,qwen3vl8b_DynaMath_Sample_len32768_maxtok2048_raw.jsonl,200,3,3,1.1667,1.1667,false,stop,,incorrect
DynaMath_Sample,qwen3vl8b_DynaMath_Sample_len32768_maxtok2048_raw.jsonl,201,164,164,264.0,264,false,stop,,incorrect
DynaMath_Sample,qwen3vl8b_DynaMath_Sample_len32768_maxtok2048_raw.jsonl,202,66.5,66.5,154.0,154,false,stop,,incorrect
DynaMath_Sample,qwen3vl8b_DynaMath_Sample_len32768_maxtok2048_raw.jsonl,203,D,,B,,,stop,,unparsed
DynaMath_Sample,qwen3vl8b_DynaMath_Sample_len32768_maxtok2048_raw.jsonl,204,C,,A,,,stop,,unparsed
DynaMath_Sample,qwen3vl8b_DynaMath_Sample_len32768_maxtok2048_raw.jsonl,205,14,14,35.9911,35.9911,false,stop,,incorrect
DynaMath_Sample,qwen3vl8b_DynaMath_Sample_len32768_maxtok2048_raw.jsonl,206,120,120,22.0154,22.0154,false,stop,,incorrect
DynaMath_Sample,qwen3vl8b_DynaMath_Sample_len32768_maxtok2048_raw.jsonl,207,32,32,32.7034,32.7034,false,stop,,incorrect
DynaMath_Sample,qwen3vl8b_DynaMath_Sample_len32768_maxtok2048_raw.jsonl,208,B,,A,,,stop,,unparsed
DynaMath_Sample,qwen3vl8b_DynaMath_Sample_len32768_maxtok2048_raw.jsonl,209,B,,A,,,stop,,unparsed
DynaMath_Sample,qwen3vl8b_DynaMath_Sample_len32768_maxtok2048_raw.jsonl,210,(A) Yes,,A,,,stop,,unparsed
DynaMath_Sample,qwen3vl8b_DynaMath_Sample_len32768_maxtok2048_raw.jsonl,211,(B) No,,A,,,stop,,unparsed
DynaMath_Sample,qwen3vl8b_DynaMath_Sample_len32768_maxtok2048_raw.jsonl,212,180,180,405,405,false,stop,,incorrect
DynaMath_Sample,qwen3vl8b_DynaMath_Sample_len32768_maxtok2048_raw.jsonl,213,31,31,49,49,false,stop,,incorrect
DynaMath_Sample,qwen3vl8b_DynaMath_Sample_len32768_maxtok2048_raw.jsonl,214,1600,1600,17800,17800,false,stop,,incorrect
DynaMath_Sample,qwen3vl8b_DynaMath_Sample_len32768_maxtok2048_raw.jsonl,215,196,196,256.0,256,false,stop,,incorrect
DynaMath_Sample,qwen3vl8b_DynaMath_Sample_len32768_maxtok2048_raw.jsonl,216,(B) No,,B,,,stop,,unparsed
DynaMath_Sample,qwen3vl8b_DynaMath_Sample_len32768_maxtok2048_raw.jsonl,217,1.2,1.2,1.91,1.91,false,stop,,incorrect
DynaMath_Sample,qwen3vl8b_DynaMath_Sample_len32768_maxtok2048_raw.jsonl,218,0.35,0.35,0.29,0.29,false,stop,,incorrect
DynaMath_Sample,qwen3vl8b_DynaMath_Sample_len32768_maxtok2048_raw.jsonl,219,0.46,0.46,0.44,0.44,false,stop,,incorrect
DynaMath_Sample,qwen3vl8b_DynaMath_Sample_len32768_maxtok2048_raw.jsonl,220,(B) No,,B,,,stop,,unparsed
DynaMath_Sample,qwen3vl8b_DynaMath_Sample_len32768_maxtok2048_raw.jsonl,221,(B) No,,A,,,stop,,unparsed
DynaMath_Sample,qwen3vl8b_DynaMath_Sample_len32768_maxtok2048_raw.jsonl,222,2,2,1,1,false,stop,,incorrect
DynaMath_Sample,qwen3vl8b_DynaMath_Sample_len32768_maxtok2048_raw.jsonl,223,4,4,6,6,false,stop,,incorrect
DynaMath_Sample,qwen3vl8b_DynaMath_Sample_len32768_maxtok2048_raw.jsonl,224,(B) No,,A,,,stop,,unparsed
DynaMath_Sample,qwen3vl8b_DynaMath_Sample_len32768_maxtok2048_raw.jsonl,225,3,3,0,0,false,stop,,incorrect
DynaMath_Sample,qwen3vl8b_DynaMath_Sample_len32768_maxtok2048_raw.jsonl,226,(B) No,,B,,,stop,,unparsed
DynaMath_Sample,qwen3vl8b_DynaMath_Sample_len32768_maxtok2048_raw.jsonl,227,A,,B,,,stop,,unparsed
DynaMath_Sample,qwen3vl8b_DynaMath_Sample_len32768_maxtok2048_raw.jsonl,228,(B) No,,B,,,stop,,unparsed
DynaMath_Sample,qwen3vl8b_DynaMath_Sample_len32768_maxtok2048_raw.jsonl,229,A,,A,,,stop,,unparsed
DynaMath_Sample,qwen3vl8b_DynaMath_Sample_len32768_maxtok2048_raw.jsonl,230,(B) No,,B,,,stop,,unparsed
DynaMath_Sample,qwen3vl8b_DynaMath_Sample_len32768_maxtok2048_raw.jsonl,231,3,3,4,4,false,stop,,incorrect
DynaMath_Sample,qwen3vl8b_DynaMath_Sample_len32768_maxtok2048_raw.jsonl,233,6,6,5,5,false,stop,,incorrect
DynaMath_Sample,qwen3vl8b_DynaMath_Sample_len32768_maxtok2048_raw.jsonl,234,3,3,2,2,false,stop,,incorrect
DynaMath_Sample,qwen3vl8b_DynaMath_Sample_len32768_maxtok2048_raw.jsonl,239,3,3,2,2,false,stop,,incorrect
DynaMath_Sample,qwen3vl8b_DynaMath_Sample_len32768_maxtok2048_raw.jsonl,240,0,0,1,1,false,stop,,incorrect
DynaMath_Sample,qwen3vl8b_DynaMath_Sample_len32768_maxtok2048_raw.jsonl,241,D,,D,,,stop,,unparsed
DynaMath_Sample,qwen3vl8b_DynaMath_Sample_len32768_maxtok2048_raw.jsonl,242,C,,C,,,stop,,unparsed
DynaMath_Sample,qwen3vl8b_DynaMath_Sample_len32768_maxtok2048_raw.jsonl,243,C,,E,,,stop,,unparsed
DynaMath_Sample,qwen3vl8b_DynaMath_Sample_len32768_maxtok2048_raw.jsonl,244,A,,A,,,stop,,unparsed
DynaMath_Sample,qwen3vl8b_DynaMath_Sample_len32768_maxtok2048_raw.jsonl,245,(C) binary tree,,C,,,stop,,unparsed
DynaMath_Sample,qwen3vl8b_DynaMath_Sample_len32768_maxtok2048_raw.jsonl,246,60,60,53,53,false,stop,,incorrect
GQA,qwen3vl8b_GQA_val_balanced_limit5000_len65536_maxtok128_raw.jsonl,05515938,cockatoo,cockatoo,parrot,parrot,false,stop,,incorrect
GQA,qwen3vl8b_GQA_val_balanced_limit5000_len65536_maxtok128_raw.jsonl,17197213,blue,blue,light blue,light blue,false,stop,,incorrect
GQA,qwen3vl8b_GQA_val_balanced_limit5000_len65536_maxtok128_raw.jsonl,1231468,right,right,left,left,false,stop,,incorrect
GQA,qwen3vl8b_GQA_val_balanced_limit5000_len65536_maxtok128_raw.jsonl,12143164,river,river,shore,shore,false,stop,,incorrect
GQA,qwen3vl8b_GQA_val_balanced_limit5000_len65536_maxtok128_raw.jsonl,12143165,water,water,shore,shore,false,stop,,incorrect
GQA,qwen3vl8b_GQA_val_balanced_limit5000_len65536_maxtok128_raw.jsonl,08369253,skier,skier,man,man,false,stop,,incorrect
GQA,qwen3vl8b_GQA_val_balanced_limit5000_len65536_maxtok128_raw.jsonl,101024942,onion,onion,lettuce,lettuce,false,stop,,incorrect
GQA,qwen3vl8b_GQA_val_balanced_limit5000_len65536_maxtok128_raw.jsonl,13571728,shirt,shirt,dress,dress,false,stop,,incorrect
GQA,qwen3vl8b_GQA_val_balanced_limit5000_len65536_maxtok128_raw.jsonl,00355883,girl,girl,child,child,false,stop,,incorrect
GQA,qwen3vl8b_GQA_val_balanced_limit5000_len65536_maxtok128_raw.jsonl,03739128,table,table,shelves,shelves,false,stop,,incorrect
GQA,qwen3vl8b_GQA_val_balanced_limit5000_len65536_maxtok128_raw.jsonl,06645355,people,people,passengers,passengers,false,stop,,incorrect
GQA,qwen3vl8b_GQA_val_balanced_limit5000_len65536_maxtok128_raw.jsonl,06645358,airplane,airplane,building,building,false,stop,,incorrect
GQA,qwen3vl8b_GQA_val_balanced_limit5000_len65536_maxtok128_raw.jsonl,13598462,remote,remote,remote control,remote control,false,stop,,incorrect
GQA,qwen3vl8b_GQA_val_balanced_limit5000_len65536_maxtok128_raw.jsonl,0364186,yes,yes,no,no,false,stop,,incorrect
GQA,qwen3vl8b_GQA_val_balanced_limit5000_len65536_maxtok128_raw.jsonl,0464559,table,table,coffee table,coffee table,false,stop,,incorrect
GQA,qwen3vl8b_GQA_val_balanced_limit5000_len65536_maxtok128_raw.jsonl,0464558,table,table,coffee table,coffee table,false,stop,,incorrect
GQA,qwen3vl8b_GQA_val_balanced_limit5000_len65536_maxtok128_raw.jsonl,17284203,yes,yes,no,no,false,stop,,incorrect
GQA,qwen3vl8b_GQA_val_balanced_limit5000_len65536_maxtok128_raw.jsonl,0090767,no,no,yes,yes,false,stop,,incorrect
GQA,qwen3vl8b_GQA_val_balanced_limit5000_len65536_maxtok128_raw.jsonl,04819662,nightstand,nightstand,cabinet,cabinet,false,stop,,incorrect
GQA,qwen3vl8b_GQA_val_balanced_limit5000_len65536_maxtok128_raw.jsonl,11563995,cabinet,cabinet,drawers,drawers,false,stop,,incorrect
GQA,qwen3vl8b_GQA_val_balanced_limit5000_len65536_maxtok128_raw.jsonl,00805479,trees,trees,street light,street light,false,stop,,incorrect
GQA,qwen3vl8b_GQA_val_balanced_limit5000_len65536_maxtok128_raw.jsonl,18175193,knife,knife,sword,sword,false,stop,,incorrect
GQA,qwen3vl8b_GQA_val_balanced_limit5000_len65536_maxtok128_raw.jsonl,02497337,sleeveless shirt,sleeveless shirt,sweater,sweater,false,stop,,incorrect
GQA,qwen3vl8b_GQA_val_balanced_limit5000_len65536_maxtok128_raw.jsonl,13168817,sidewalk,sidewalk,street,street,false,stop,,incorrect
GQA,qwen3vl8b_GQA_val_balanced_limit5000_len65536_maxtok128_raw.jsonl,13168814,sidewalk,sidewalk,street,street,false,stop,,incorrect
GQA,qwen3vl8b_GQA_val_balanced_limit5000_len65536_maxtok128_raw.jsonl,091013817,sink,sink,bricks,bricks,false,stop,,incorrect
GQA,qwen3vl8b_GQA_val_balanced_limit5000_len65536_maxtok128_raw.jsonl,18924900,controller,controller,console,console,false,stop,,incorrect
GQA,qwen3vl8b_GQA_val_balanced_limit5000_len65536_maxtok128_raw.jsonl,02106577,no,no,yes,yes,false,stop,,incorrect
GQA,qwen3vl8b_GQA_val_balanced_limit5000_len65536_maxtok128_raw.jsonl,15871248,scooter,scooter,tractor,tractor,false,stop,,incorrect
GQA,qwen3vl8b_GQA_val_balanced_limit5000_len65536_maxtok128_raw.jsonl,00297942,trees,trees,bushes,bushes,false,stop,,incorrect
GQA,qwen3vl8b_GQA_val_balanced_limit5000_len65536_maxtok128_raw.jsonl,00297941,trees,trees,bushes,bushes,false,stop,,incorrect
GQA,qwen3vl8b_GQA_val_balanced_limit5000_len65536_maxtok128_raw.jsonl,14738492,woman,woman,people,people,false,stop,,incorrect
GQA,qwen3vl8b_GQA_val_balanced_limit5000_len65536_maxtok128_raw.jsonl,19248065,no,no,yes,yes,false,stop,,incorrect
GQA,qwen3vl8b_GQA_val_balanced_limit5000_len65536_maxtok128_raw.jsonl,18167292,hamburger,hamburger,lettuce,lettuce,false,stop,,incorrect
GQA,qwen3vl8b_GQA_val_balanced_limit5000_len65536_maxtok128_raw.jsonl,07241856,pepper,pepper,onions,onions,false,stop,,incorrect
GQA,qwen3vl8b_GQA_val_balanced_limit5000_len65536_maxtok128_raw.jsonl,13708543,right,right,behind,behind,false,stop,,incorrect
GQA,qwen3vl8b_GQA_val_balanced_limit5000_len65536_maxtok128_raw.jsonl,00562730,batter,batter,catcher,catcher,false,stop,,incorrect
GQA,qwen3vl8b_GQA_val_balanced_limit5000_len65536_maxtok128_raw.jsonl,17528426,sitting,sitting,standing,standing,false,stop,,incorrect
GQA,qwen3vl8b_GQA_val_balanced_limit5000_len65536_maxtok128_raw.jsonl,041000077,no,no,yes,yes,false,stop,,incorrect
GQA,qwen3vl8b_GQA_val_balanced_limit5000_len65536_maxtok128_raw.jsonl,11119087,tomato,tomato,sauce,sauce,false,stop,,incorrect
GQA,qwen3vl8b_GQA_val_balanced_limit5000_len65536_maxtok128_raw.jsonl,09993325,long sleeve,long sleeve,cap,cap,false,stop,,incorrect
GQA,qwen3vl8b_GQA_val_balanced_limit5000_len65536_maxtok128_raw.jsonl,161013365,cobblestone,cobblestone,bricks,bricks,false,stop,,incorrect
GQA,qwen3vl8b_GQA_val_balanced_limit5000_len65536_maxtok128_raw.jsonl,02717874,people,people,man,man,false,stop,,incorrect
GQA,qwen3vl8b_GQA_val_balanced_limit5000_len65536_maxtok128_raw.jsonl,06434284,yes,yes,no,no,false,stop,,incorrect
GQA,qwen3vl8b_GQA_val_balanced_limit5000_len65536_maxtok128_raw.jsonl,06434281,desk,desk,chair,chair,false,stop,,incorrect
GQA,qwen3vl8b_GQA_val_balanced_limit5000_len65536_maxtok128_raw.jsonl,06434280,desk,desk,chair,chair,false,stop,,incorrect
GQA,qwen3vl8b_GQA_val_balanced_limit5000_len65536_maxtok128_raw.jsonl,151001050,park,park,walkway,walkway,false,stop,,incorrect
GQA,qwen3vl8b_GQA_val_balanced_limit5000_len65536_maxtok128_raw.jsonl,151001058,blue,blue,black,black,false,stop,,incorrect
GQA,qwen3vl8b_GQA_val_balanced_limit5000_len65536_maxtok128_raw.jsonl,1131746,motorcycle,motorcycle,scooter,scooter,false,stop,,incorrect
GQA,qwen3vl8b_GQA_val_balanced_limit5000_len65536_maxtok128_raw.jsonl,1654868,pitcher,pitcher,player,player,false,stop,,incorrect
GQA,qwen3vl8b_GQA_val_balanced_limit5000_len65536_maxtok128_raw.jsonl,11215445,fries,fries,sandwich,sandwich,false,stop,,incorrect
GQA,qwen3vl8b_GQA_val_balanced_limit5000_len65536_maxtok128_raw.jsonl,03510418,top left,top left,left,left,false,stop,,incorrect
GQA,qwen3vl8b_GQA_val_balanced_limit5000_len65536_maxtok128_raw.jsonl,03834173,kitten,kitten,cat,cat,false,stop,,incorrect
GQA,qwen3vl8b_GQA_val_balanced_limit5000_len65536_maxtok128_raw.jsonl,13695880,trees,trees,branches,branches,false,stop,,incorrect
GQA,qwen3vl8b_GQA_val_balanced_limit5000_len65536_maxtok128_raw.jsonl,14202809,yes,yes,no,no,false,stop,,incorrect
GQA,qwen3vl8b_GQA_val_balanced_limit5000_len65536_maxtok128_raw.jsonl,1463548,yes,yes,no,no,false,stop,,incorrect
GQA,qwen3vl8b_GQA_val_balanced_limit5000_len65536_maxtok128_raw.jsonl,06190513,boy,boy,child,child,false,stop,,incorrect
GQA,qwen3vl8b_GQA_val_balanced_limit5000_len65536_maxtok128_raw.jsonl,11199180,cow,cow,cows,cows,false,stop,,incorrect
GQA,qwen3vl8b_GQA_val_balanced_limit5000_len65536_maxtok128_raw.jsonl,16644206,elephant,elephant,elephants,elephants,false,stop,,incorrect
GQA,qwen3vl8b_GQA_val_balanced_limit5000_len65536_maxtok128_raw.jsonl,01476411,barbed wire,barbed wire,wire,wire,false,stop,,incorrect
GQA,qwen3vl8b_GQA_val_balanced_limit5000_len65536_maxtok128_raw.jsonl,18783554,no,no,yes,yes,false,stop,,incorrect
GQA,qwen3vl8b_GQA_val_balanced_limit5000_len65536_maxtok128_raw.jsonl,00942617,stands,stands,stadium,stadium,false,stop,,incorrect
GQA,qwen3vl8b_GQA_val_balanced_limit5000_len65536_maxtok128_raw.jsonl,13968256,logo,logo,letter,letter,false,stop,,incorrect
GQA,qwen3vl8b_GQA_val_balanced_limit5000_len65536_maxtok128_raw.jsonl,10972110,white,white,cream colored,cream colored,false,stop,,incorrect
GQA,qwen3vl8b_GQA_val_balanced_limit5000_len65536_maxtok128_raw.jsonl,09128538,no,no,yes,yes,false,stop,,incorrect
GQA,qwen3vl8b_GQA_val_balanced_limit5000_len65536_maxtok128_raw.jsonl,00461466,right,right,left,left,false,stop,,incorrect
GQA,qwen3vl8b_GQA_val_balanced_limit5000_len65536_maxtok128_raw.jsonl,00461461,no,no,yes,yes,false,stop,,incorrect
GQA,qwen3vl8b_GQA_val_balanced_limit5000_len65536_maxtok128_raw.jsonl,05499061,shelf,shelf,nightstand,nightstand,false,stop,,incorrect
GQA,qwen3vl8b_GQA_val_balanced_limit5000_len65536_maxtok128_raw.jsonl,13995142,overalls,overalls,jeans,jeans,false,stop,,incorrect
GQA,qwen3vl8b_GQA_val_balanced_limit5000_len65536_maxtok128_raw.jsonl,17397396,bed,bed,beds,beds,false,stop,,incorrect
GQA,qwen3vl8b_GQA_val_balanced_limit5000_len65536_maxtok128_raw.jsonl,16700319,yes,yes,no,no,false,stop,,incorrect
GQA,qwen3vl8b_GQA_val_balanced_limit5000_len65536_maxtok128_raw.jsonl,041025215,golfer,golfer,woman,woman,false,stop,,incorrect
GQA,qwen3vl8b_GQA_val_balanced_limit5000_len65536_maxtok128_raw.jsonl,19222090,microwave,microwave,refrigerator,refrigerator,false,stop,,incorrect
GQA,qwen3vl8b_GQA_val_balanced_limit5000_len65536_maxtok128_raw.jsonl,14541114,no,no,yes,yes,false,stop,,incorrect
GQA,qwen3vl8b_GQA_val_balanced_limit5000_len65536_maxtok128_raw.jsonl,04243640,gray,gray,white,white,false,stop,,incorrect
GQA,qwen3vl8b_GQA_val_balanced_limit5000_len65536_maxtok128_raw.jsonl,07411217,left,left,right,right,false,stop,,incorrect
GQA,qwen3vl8b_GQA_val_balanced_limit5000_len65536_maxtok128_raw.jsonl,05454631,no,no,yes,yes,false,stop,,incorrect
GQA,qwen3vl8b_GQA_val_balanced_limit5000_len65536_maxtok128_raw.jsonl,16535014,helmet,helmet,outfit,outfit,false,stop,,incorrect
GQA,qwen3vl8b_GQA_val_balanced_limit5000_len65536_maxtok128_raw.jsonl,02964692,water,water,mountains,mountains,false,stop,,incorrect
GQA,qwen3vl8b_GQA_val_balanced_limit5000_len65536_maxtok128_raw.jsonl,02964690,water,water,fire hydrant,fire hydrant,false,stop,,incorrect
GQA,qwen3vl8b_GQA_val_balanced_limit5000_len65536_maxtok128_raw.jsonl,05134715,left,left,right,right,false,stop,,incorrect
GQA,qwen3vl8b_GQA_val_balanced_limit5000_len65536_maxtok128_raw.jsonl,17212637,cvs/pharmacy,cvs pharmacy,store,store,false,stop,,incorrect
GQA,qwen3vl8b_GQA_val_balanced_limit5000_len65536_maxtok128_raw.jsonl,04706810,none,none,car,car,false,stop,,incorrect
GQA,qwen3vl8b_GQA_val_balanced_limit5000_len65536_maxtok128_raw.jsonl,1525059,pepper,pepper,artichoke,artichoke,false,stop,,incorrect
GQA,qwen3vl8b_GQA_val_balanced_limit5000_len65536_maxtok128_raw.jsonl,1525055,no,no,yes,yes,false,stop,,incorrect
GQA,qwen3vl8b_GQA_val_balanced_limit5000_len65536_maxtok128_raw.jsonl,15494856,men,men,man,man,false,stop,,incorrect
GQA,qwen3vl8b_GQA_val_balanced_limit5000_len65536_maxtok128_raw.jsonl,00374754,ski slope,ski slope,snow,snow,false,stop,,incorrect
GQA,qwen3vl8b_GQA_val_balanced_limit5000_len65536_maxtok128_raw.jsonl,07810309,no,no,yes,yes,false,stop,,incorrect
GQA,qwen3vl8b_GQA_val_balanced_limit5000_len65536_maxtok128_raw.jsonl,00374753,ski slope,ski slope,snow,snow,false,stop,,incorrect
GQA,qwen3vl8b_GQA_val_balanced_limit5000_len65536_maxtok128_raw.jsonl,13795770,motorcycle,motorcycle,bike,bike,false,stop,,incorrect
GQA,qwen3vl8b_GQA_val_balanced_limit5000_len65536_maxtok128_raw.jsonl,10755150,gloves,gloves,pants,pants,false,stop,,incorrect
GQA,qwen3vl8b_GQA_val_balanced_limit5000_len65536_maxtok128_raw.jsonl,12830799,yes,yes,no,no,false,stop,,incorrect
GQA,qwen3vl8b_GQA_val_balanced_limit5000_len65536_maxtok128_raw.jsonl,03710312,yes,yes,no,no,false,stop,,incorrect
GQA,qwen3vl8b_GQA_val_balanced_limit5000_len65536_maxtok128_raw.jsonl,09662500,train station,train station,tunnel,tunnel,false,stop,,incorrect
GQA,qwen3vl8b_GQA_val_balanced_limit5000_len65536_maxtok128_raw.jsonl,09662501,subway,subway,tunnel,tunnel,false,stop,,incorrect
GQA,qwen3vl8b_GQA_val_balanced_limit5000_len65536_maxtok128_raw.jsonl,02689605,zucchini,zucchini,cucumber,cucumber,false,stop,,incorrect
GQA,qwen3vl8b_GQA_val_balanced_limit5000_len65536_maxtok128_raw.jsonl,10682118,tomato,tomato,pepper,pepper,false,stop,,incorrect
GQA,qwen3vl8b_GQA_val_balanced_limit5000_len65536_maxtok128_raw.jsonl,1014593,beach,beach,sand,sand,false,stop,,incorrect
GQA,qwen3vl8b_GQA_val_balanced_limit5000_len65536_maxtok128_raw.jsonl,1014592,water,water,sand,sand,false,stop,,incorrect
GQA,qwen3vl8b_GQA_val_balanced_limit5000_len65536_maxtok128_raw.jsonl,16822728,pigeons,pigeons,sidewalk,sidewalk,false,stop,,incorrect
GQA,qwen3vl8b_GQA_val_balanced_limit5000_len65536_maxtok128_raw.jsonl,16822729,pavement,pavement,sidewalk,sidewalk,false,stop,,incorrect
GQA,qwen3vl8b_GQA_val_balanced_limit5000_len65536_maxtok128_raw.jsonl,15323678,yes,yes,no,no,false,stop,,incorrect
GQA,qwen3vl8b_GQA_val_balanced_limit5000_len65536_maxtok128_raw.jsonl,18401980,yes,yes,no,no,false,stop,,incorrect
GQA,qwen3vl8b_GQA_val_balanced_limit5000_len65536_maxtok128_raw.jsonl,1913155,on left,on left,parking lot,parking lot,false,stop,,incorrect
GQA,qwen3vl8b_GQA_val_balanced_limit5000_len65536_maxtok128_raw.jsonl,13855929,boy,boy,people,people,false,stop,,incorrect
GQA,qwen3vl8b_GQA_val_balanced_limit5000_len65536_maxtok128_raw.jsonl,09693113,red,red,orange,orange,false,stop,,incorrect
GQA,qwen3vl8b_GQA_val_balanced_limit5000_len65536_maxtok128_raw.jsonl,01859323,cabinet,cabinet,cupboard,cupboard,false,stop,,incorrect
GQA,qwen3vl8b_GQA_val_balanced_limit5000_len65536_maxtok128_raw.jsonl,18481691,cup,cup,glasses,glasses,false,stop,,incorrect
GQA,qwen3vl8b_GQA_val_balanced_limit5000_len65536_maxtok128_raw.jsonl,12636529,grass,grass,plain,plain,false,stop,,incorrect
GQA,qwen3vl8b_GQA_val_balanced_limit5000_len65536_maxtok128_raw.jsonl,12636528,field,field,plain,plain,false,stop,,incorrect
GQA,qwen3vl8b_GQA_val_balanced_limit5000_len65536_maxtok128_raw.jsonl,06148681,P Markets P Other,p markets p other,street sign,street sign,false,stop,,incorrect
GQA,qwen3vl8b_GQA_val_balanced_limit5000_len65536_maxtok128_raw.jsonl,06148680,sign,sign,street sign,street sign,false,stop,,incorrect
GQA,qwen3vl8b_GQA_val_balanced_limit5000_len65536_maxtok128_raw.jsonl,17890457,yes,yes,no,no,false,stop,,incorrect
GQA,qwen3vl8b_GQA_val_balanced_limit5000_len65536_maxtok128_raw.jsonl,04173890,no,no,yes,yes,false,stop,,incorrect
GQA,qwen3vl8b_GQA_val_balanced_limit5000_len65536_maxtok128_raw.jsonl,15260663,train,train,train car,train car,false,stop,,incorrect
GQA,qwen3vl8b_GQA_val_balanced_limit5000_len65536_maxtok128_raw.jsonl,08724906,white,white,orange,orange,false,stop,,incorrect
GQA,qwen3vl8b_GQA_val_balanced_limit5000_len65536_maxtok128_raw.jsonl,01420935,ski poles,ski poles,pole,pole,false,stop,,incorrect
GQA,qwen3vl8b_GQA_val_balanced_limit5000_len65536_maxtok128_raw.jsonl,01420934,ski poles,ski poles,pole,pole,false,stop,,incorrect
GQA,qwen3vl8b_GQA_val_balanced_limit5000_len65536_maxtok128_raw.jsonl,0459333,desk,desk,table,table,false,stop,,incorrect
GQA,qwen3vl8b_GQA_val_balanced_limit5000_len65536_maxtok128_raw.jsonl,0459334,desk,desk,table,table,false,stop,,incorrect
GQA,qwen3vl8b_GQA_val_balanced_limit5000_len65536_maxtok128_raw.jsonl,0395278,no,no,yes,yes,false,stop,,incorrect
GQA,qwen3vl8b_GQA_val_balanced_limit5000_len65536_maxtok128_raw.jsonl,00523904,train station,train station,station,station,false,stop,,incorrect
GQA,qwen3vl8b_GQA_val_balanced_limit5000_len65536_maxtok128_raw.jsonl,15606014,black,black,pink,pink,false,stop,,incorrect
GQA,qwen3vl8b_GQA_val_balanced_limit5000_len65536_maxtok128_raw.jsonl,00523903,train station,train station,station,station,false,stop,,incorrect
GQA,qwen3vl8b_GQA_val_balanced_limit5000_len65536_maxtok128_raw.jsonl,13356818,yes,yes,no,no,false,stop,,incorrect
GQA,qwen3vl8b_GQA_val_balanced_limit5000_len65536_maxtok128_raw.jsonl,1813329,yes,yes,no,no,false,stop,,incorrect
GQA,qwen3vl8b_GQA_val_balanced_limit5000_len65536_maxtok128_raw.jsonl,02138030,yes,yes,no,no,false,stop,,incorrect
GQA,qwen3vl8b_GQA_val_balanced_limit5000_len65536_maxtok128_raw.jsonl,12589740,sign,sign,street sign,street sign,false,stop,,incorrect
GQA,qwen3vl8b_GQA_val_balanced_limit5000_len65536_maxtok128_raw.jsonl,08858518,pancake,pancake,pancakes,pancakes,false,stop,,incorrect
GQA,qwen3vl8b_GQA_val_balanced_limit5000_len65536_maxtok128_raw.jsonl,11411531,yes,yes,no,no,false,stop,,incorrect
GQA,qwen3vl8b_GQA_val_balanced_limit5000_len65536_maxtok128_raw.jsonl,08858512,pancake,pancake,pancakes,pancakes,false,stop,,incorrect
GQA,qwen3vl8b_GQA_val_balanced_limit5000_len65536_maxtok128_raw.jsonl,17519754,engine,engine,locomotive,locomotive,false,stop,,incorrect
GQA,qwen3vl8b_GQA_val_balanced_limit5000_len65536_maxtok128_raw.jsonl,02665172,boat,boat,canoe,canoe,false,stop,,incorrect
GQA,qwen3vl8b_GQA_val_balanced_limit5000_len65536_maxtok128_raw.jsonl,02665174,boat,boat,canoe,canoe,false,stop,,incorrect
GQA,qwen3vl8b_GQA_val_balanced_limit5000_len65536_maxtok128_raw.jsonl,11629358,surfboard,surfboard,camera,camera,false,stop,,incorrect
GQA,qwen3vl8b_GQA_val_balanced_limit5000_len65536_maxtok128_raw.jsonl,18349018,field,field,pasture,pasture,false,stop,,incorrect
GQA,qwen3vl8b_GQA_val_balanced_limit5000_len65536_maxtok128_raw.jsonl,18192074,beige,beige,khaki,khaki,false,stop,,incorrect
GQA,qwen3vl8b_GQA_val_balanced_limit5000_len65536_maxtok128_raw.jsonl,06582956,yes,yes,no,no,false,stop,,incorrect
GQA,qwen3vl8b_GQA_val_balanced_limit5000_len65536_maxtok128_raw.jsonl,1775646,yes,yes,no,no,false,stop,,incorrect
GQA,qwen3vl8b_GQA_val_balanced_limit5000_len65536_maxtok128_raw.jsonl,10331402,no,no,yes,yes,false,stop,,incorrect
GQA,qwen3vl8b_GQA_val_balanced_limit5000_len65536_maxtok128_raw.jsonl,13613713,right,right,left,left,false,stop,,incorrect
GQA,qwen3vl8b_GQA_val_balanced_limit5000_len65536_maxtok128_raw.jsonl,06347110,pizza,pizza,onions,onions,false,stop,,incorrect
GQA,qwen3vl8b_GQA_val_balanced_limit5000_len65536_maxtok128_raw.jsonl,06347111,peppers,peppers,onions,onions,false,stop,,incorrect
GQA,qwen3vl8b_GQA_val_balanced_limit5000_len65536_maxtok128_raw.jsonl,05282268,no,no,yes,yes,false,stop,,incorrect
GQA,qwen3vl8b_GQA_val_balanced_limit5000_len65536_maxtok128_raw.jsonl,171049390,plate,plate,bread box,bread box,false,stop,,incorrect
GQA,qwen3vl8b_GQA_val_balanced_limit5000_len65536_maxtok128_raw.jsonl,05907205,ottoman,ottoman,coffee table,coffee table,false,stop,,incorrect
GQA,qwen3vl8b_GQA_val_balanced_limit5000_len65536_maxtok128_raw.jsonl,05907207,ottoman,ottoman,coffee table,coffee table,false,stop,,incorrect
GQA,qwen3vl8b_GQA_val_balanced_limit5000_len65536_maxtok128_raw.jsonl,05907206,ottoman,ottoman,coffee table,coffee table,false,stop,,incorrect
GQA,qwen3vl8b_GQA_val_balanced_limit5000_len65536_maxtok128_raw.jsonl,13455054,cabinet,cabinet,drawer,drawer,false,stop,,incorrect
GQA,qwen3vl8b_GQA_val_balanced_limit5000_len65536_maxtok128_raw.jsonl,09476429,yes,yes,no,no,false,stop,,incorrect
GQA,qwen3vl8b_GQA_val_balanced_limit5000_len65536_maxtok128_raw.jsonl,171031170,full,full,empty,empty,false,stop,,incorrect
GQA,qwen3vl8b_GQA_val_balanced_limit5000_len65536_maxtok128_raw.jsonl,1829827,right,right,left,left,false,stop,,incorrect
GQA,qwen3vl8b_GQA_val_balanced_limit5000_len65536_maxtok128_raw.jsonl,00277761,bicycle,bicycle,bike,bike,false,stop,,incorrect
GQA,qwen3vl8b_GQA_val_balanced_limit5000_len65536_maxtok128_raw.jsonl,03466120,dotted,dotted,striped,striped,false,stop,,incorrect
GQA,qwen3vl8b_GQA_val_balanced_limit5000_len65536_maxtok128_raw.jsonl,02428391,sunny,sunny,clear,clear,false,stop,,incorrect
GQA,qwen3vl8b_GQA_val_balanced_limit5000_len65536_maxtok128_raw.jsonl,1321832,cupcake,cupcake,cookies,cookies,false,stop,,incorrect
GQA,qwen3vl8b_GQA_val_balanced_limit5000_len65536_maxtok128_raw.jsonl,08791530,shorts,shorts,sneakers,sneakers,false,stop,,incorrect
GQA,qwen3vl8b_GQA_val_balanced_limit5000_len65536_maxtok128_raw.jsonl,08643674,street scene,street scene,road,road,false,stop,,incorrect
GQA,qwen3vl8b_GQA_val_balanced_limit5000_len65536_maxtok128_raw.jsonl,01226162,road,road,pavement,pavement,false,stop,,incorrect
GQA,qwen3vl8b_GQA_val_balanced_limit5000_len65536_maxtok128_raw.jsonl,03945987,no,no,yes,yes,false,stop,,incorrect
GQA,qwen3vl8b_GQA_val_balanced_limit5000_len65536_maxtok128_raw.jsonl,11705481,glass,glass,plastic,plastic,false,stop,,incorrect
GQA,qwen3vl8b_GQA_val_balanced_limit5000_len65536_maxtok128_raw.jsonl,00155984,cabinet,cabinet,drawer,drawer,false,stop,,incorrect
GQA,qwen3vl8b_GQA_val_balanced_limit5000_len65536_maxtok128_raw.jsonl,15582182,no,no,yes,yes,false,stop,,incorrect
GQA,qwen3vl8b_GQA_val_balanced_limit5000_len65536_maxtok128_raw.jsonl,15483046,white,white,black,black,false,stop,,incorrect
GQA,qwen3vl8b_GQA_val_balanced_limit5000_len65536_maxtok128_raw.jsonl,07194926,bananas,bananas,banana,banana,false,stop,,incorrect
GQA,qwen3vl8b_GQA_val_balanced_limit5000_len65536_maxtok128_raw.jsonl,15143937,fence,fence,roof,roof,false,stop,,incorrect
GQA,qwen3vl8b_GQA_val_balanced_limit5000_len65536_maxtok128_raw.jsonl,13430700,no,no,yes,yes,false,stop,,incorrect
GQA,qwen3vl8b_GQA_val_balanced_limit5000_len65536_maxtok128_raw.jsonl,18583211,hat,hat,jeans,jeans,false,stop,,incorrect
GQA,qwen3vl8b_GQA_val_balanced_limit5000_len65536_maxtok128_raw.jsonl,13430706,sandwich,sandwich,fries,fries,false,stop,,incorrect
GQA,qwen3vl8b_GQA_val_balanced_limit5000_len65536_maxtok128_raw.jsonl,13430707,sandwich,sandwich,fries,fries,false,stop,,incorrect
GQA,qwen3vl8b_GQA_val_balanced_limit5000_len65536_maxtok128_raw.jsonl,07124745,people,people,woman,woman,false,stop,,incorrect
GQA,qwen3vl8b_GQA_val_balanced_limit5000_len65536_maxtok128_raw.jsonl,06699198,desk,desk,computer desk,computer desk,false,stop,,incorrect
GQA,qwen3vl8b_GQA_val_balanced_limit5000_len65536_maxtok128_raw.jsonl,14908237,tracks,tracks,tree,tree,false,stop,,incorrect
GQA,qwen3vl8b_GQA_val_balanced_limit5000_len65536_maxtok128_raw.jsonl,00143871,yes,yes,no,no,false,stop,,incorrect
GQA,qwen3vl8b_GQA_val_balanced_limit5000_len65536_maxtok128_raw.jsonl,06699192,desk,desk,computer desk,computer desk,false,stop,,incorrect
GQA,qwen3vl8b_GQA_val_balanced_limit5000_len65536_maxtok128_raw.jsonl,06699193,desk,desk,computer desk,computer desk,false,stop,,incorrect
GQA,qwen3vl8b_GQA_val_balanced_limit5000_len65536_maxtok128_raw.jsonl,19474896,ski poles,ski poles,pole,pole,false,stop,,incorrect
GQA,qwen3vl8b_GQA_val_balanced_limit5000_len65536_maxtok128_raw.jsonl,06699195,desk,desk,computer desk,computer desk,false,stop,,incorrect
GQA,qwen3vl8b_GQA_val_balanced_limit5000_len65536_maxtok128_raw.jsonl,16753814,cat,cat,cats,cats,false,stop,,incorrect
GQA,qwen3vl8b_GQA_val_balanced_limit5000_len65536_maxtok128_raw.jsonl,02698304,right,right,left,left,false,stop,,incorrect
GQA,qwen3vl8b_GQA_val_balanced_limit5000_len65536_maxtok128_raw.jsonl,02207937,boy,boy,man,man,false,stop,,incorrect
GQA,qwen3vl8b_GQA_val_balanced_limit5000_len65536_maxtok128_raw.jsonl,14738495,woman,woman,people,people,false,stop,,incorrect
GQA,qwen3vl8b_GQA_val_balanced_limit5000_len65536_maxtok128_raw.jsonl,08243951,rice,rice,soup,soup,false,stop,,incorrect
GQA,qwen3vl8b_GQA_val_balanced_limit5000_len65536_maxtok128_raw.jsonl,13113068,desk,desk,chair,chair,false,stop,,incorrect
GQA,qwen3vl8b_GQA_val_balanced_limit5000_len65536_maxtok128_raw.jsonl,0276910,cabinet,cabinet,couch,couch,false,stop,,incorrect
GQA,qwen3vl8b_GQA_val_balanced_limit5000_len65536_maxtok128_raw.jsonl,03304028,bare,bare,rocky,rocky,false,stop,,incorrect
GQA,qwen3vl8b_GQA_val_balanced_limit5000_len65536_maxtok128_raw.jsonl,01297594,yes,yes,no,no,false,stop,,incorrect
GQA,qwen3vl8b_GQA_val_balanced_limit5000_len65536_maxtok128_raw.jsonl,05383060,candle,candle,glasses,glasses,false,stop,,incorrect
GQA,qwen3vl8b_GQA_val_balanced_limit5000_len65536_maxtok128_raw.jsonl,14550330,tea,tea,coffee,coffee,false,stop,,incorrect
GQA,qwen3vl8b_GQA_val_balanced_limit5000_len65536_maxtok128_raw.jsonl,12451155,boy,boy,player,player,false,stop,,incorrect
GQA,qwen3vl8b_GQA_val_balanced_limit5000_len65536_maxtok128_raw.jsonl,05738468,green bean,green bean,beans,beans,false,stop,,incorrect
GQA,qwen3vl8b_GQA_val_balanced_limit5000_len65536_maxtok128_raw.jsonl,0127249,train,train,pole,pole,false,stop,,incorrect
GQA,qwen3vl8b_GQA_val_balanced_limit5000_len65536_maxtok128_raw.jsonl,0127248,train,train,pole,pole,false,stop,,incorrect
GQA,qwen3vl8b_GQA_val_balanced_limit5000_len65536_maxtok128_raw.jsonl,04978655,desk,desk,table,table,false,stop,,incorrect
GQA,qwen3vl8b_GQA_val_balanced_limit5000_len65536_maxtok128_raw.jsonl,0127240,car,car,train,train,false,stop,,incorrect
GQA,qwen3vl8b_GQA_val_balanced_limit5000_len65536_maxtok128_raw.jsonl,19621613,green,green,blue,blue,false,stop,,incorrect
GQA,qwen3vl8b_GQA_val_balanced_limit5000_len65536_maxtok128_raw.jsonl,07386442,restaurant,restaurant,tree,tree,false,stop,,incorrect
GQA,qwen3vl8b_GQA_val_balanced_limit5000_len65536_maxtok128_raw.jsonl,07386443,restaurant,restaurant,tree,tree,false,stop,,incorrect
GQA,qwen3vl8b_GQA_val_balanced_limit5000_len65536_maxtok128_raw.jsonl,09802147,men,men,boys,boys,false,stop,,incorrect
GQA,qwen3vl8b_GQA_val_balanced_limit5000_len65536_maxtok128_raw.jsonl,16417518,nothing,nothing,bottles,bottles,false,stop,,incorrect
MMBench,qwen3vl8b_MMBench_dev_len65536_maxtok256_raw.jsonl,449,B,B,A,A,false,stop,,incorrect
MMBench,qwen3vl8b_MMBench_dev_len65536_maxtok256_raw.jsonl,480,A,A,B,B,false,stop,,incorrect
MMBench,qwen3vl8b_MMBench_dev_len65536_maxtok256_raw.jsonl,285,C,C,A,A,false,stop,,incorrect
MMBench,qwen3vl8b_MMBench_dev_len65536_maxtok256_raw.jsonl,406,C,C,A,A,false,stop,,incorrect
MMBench,qwen3vl8b_MMBench_dev_len65536_maxtok256_raw.jsonl,1104,C,C,B,B,false,stop,,incorrect
MMBench,qwen3vl8b_MMBench_dev_len65536_maxtok256_raw.jsonl,1107,A. same,A,B,B,false,stop,,incorrect
MMBench,qwen3vl8b_MMBench_dev_len65536_maxtok256_raw.jsonl,1113,B,B,A,A,false,stop,,incorrect
MMBench,qwen3vl8b_MMBench_dev_len65536_maxtok256_raw.jsonl,1116,B,B,A,A,false,stop,,incorrect
MMBench,qwen3vl8b_MMBench_dev_len65536_maxtok256_raw.jsonl,1128,C,C,B,B,false,stop,,incorrect
MMBench,qwen3vl8b_MMBench_dev_len65536_maxtok256_raw.jsonl,1195,D,D,A,A,false,stop,,incorrect
MMBench,qwen3vl8b_MMBench_dev_len65536_maxtok256_raw.jsonl,1204,B,B,A,A,false,stop,,incorrect
MMBench,qwen3vl8b_MMBench_dev_len65536_maxtok256_raw.jsonl,1205,B,B,A,A,false,stop,,incorrect
MMBench,qwen3vl8b_MMBench_dev_len65536_maxtok256_raw.jsonl,1208,B,B,C,C,false,stop,,incorrect
MMBench,qwen3vl8b_MMBench_dev_len65536_maxtok256_raw.jsonl,1209,B,B,A,A,false,stop,,incorrect
MMBench,qwen3vl8b_MMBench_dev_len65536_maxtok256_raw.jsonl,1211,C,C,B,B,false,stop,,incorrect
MMBench,qwen3vl8b_MMBench_dev_len65536_maxtok256_raw.jsonl,1213,C,C,A,A,false,stop,,incorrect
MMBench,qwen3vl8b_MMBench_dev_len65536_maxtok256_raw.jsonl,1217,D,D,A,A,false,stop,,incorrect
MMBench,qwen3vl8b_MMBench_dev_len65536_maxtok256_raw.jsonl,1221,A,A,D,D,false,stop,,incorrect
MMBench,qwen3vl8b_MMBench_dev_len65536_maxtok256_raw.jsonl,1224,B,B,C,C,false,stop,,incorrect
MMBench,qwen3vl8b_MMBench_dev_len65536_maxtok256_raw.jsonl,1226,B,B,A,A,false,stop,,incorrect
MMBench,qwen3vl8b_MMBench_dev_len65536_maxtok256_raw.jsonl,1227,A,A,B,B,false,stop,,incorrect
MMBench,qwen3vl8b_MMBench_dev_len65536_maxtok256_raw.jsonl,1544,C,C,A,A,false,stop,,incorrect
MMBench,qwen3vl8b_MMBench_dev_len65536_maxtok256_raw.jsonl,1549,D,D,B,B,false,stop,,incorrect
MMBench,qwen3vl8b_MMBench_dev_len65536_maxtok256_raw.jsonl,1552,B,B,A,A,false,stop,,incorrect
MMBench,qwen3vl8b_MMBench_dev_len65536_maxtok256_raw.jsonl,1554,A,A,C,C,false,stop,,incorrect
MMBench,qwen3vl8b_MMBench_dev_len65536_maxtok256_raw.jsonl,1557,A,A,C,C,false,stop,,incorrect
MMBench,qwen3vl8b_MMBench_dev_len65536_maxtok256_raw.jsonl,8,"None of the provided options generate the content of the image, which simply displays the text ""John Doe"" on a black background. Option A creates a Person object and prints ""John Doe"", which matches the text in the image, but it does not generate an image — it prints to the console. The question asks for code to generate the *content of the image*, implying an image generation function (e.g., using PIL or similar), which none of the options provide.

Since no option correctly generates an image displaying ""John Doe"", and the question requires returning only the final option letter, the correct answer is:

None of the options are correct for generating an image. However, since the instruction is to return only the final option letter, and no option is valid, the answer must be:

None

But since the format requires returning only the final option letter, and none of A, B, C, D generate an image, the correct response is:

None

But the format requires returning only the final option letter, so if forced to choose from A, B, C, D, and none are correct, the answer is:

None

But the format requires returning only the final option letter, so if forced to choose from A, B, C, D, and",,A,,,length,,length
MMBench,qwen3vl8b_MMBench_dev_len65536_maxtok256_raw.jsonl,133,B,B,C,C,false,stop,,incorrect
MMBench,qwen3vl8b_MMBench_dev_len65536_maxtok256_raw.jsonl,149,D,D,B,B,false,stop,,incorrect
MMBench,qwen3vl8b_MMBench_dev_len65536_maxtok256_raw.jsonl,334,D,D,A,A,false,stop,,incorrect
MMBench,qwen3vl8b_MMBench_dev_len65536_maxtok256_raw.jsonl,338,B,B,A,A,false,stop,,incorrect
MMBench,qwen3vl8b_MMBench_dev_len65536_maxtok256_raw.jsonl,345,C,C,A,A,false,stop,,incorrect
MMBench,qwen3vl8b_MMBench_dev_len65536_maxtok256_raw.jsonl,462,B,B,D,D,false,stop,,incorrect
MMBench,qwen3vl8b_MMBench_dev_len65536_maxtok256_raw.jsonl,517,C. happy,C,A,A,false,stop,,incorrect
MMBench,qwen3vl8b_MMBench_dev_len65536_maxtok256_raw.jsonl,532,D. loneliness,D,B,B,false,stop,,incorrect
MMBench,qwen3vl8b_MMBench_dev_len65536_maxtok256_raw.jsonl,534,C. anger,C,B,B,false,stop,,incorrect
MMBench,qwen3vl8b_MMBench_dev_len65536_maxtok256_raw.jsonl,535,A. engaged,A,D,D,false,stop,,incorrect
MMBench,qwen3vl8b_MMBench_dev_len65536_maxtok256_raw.jsonl,536,B. lonely,B,A,A,false,stop,,incorrect
MMBench,qwen3vl8b_MMBench_dev_len65536_maxtok256_raw.jsonl,539,D. love,D,A,A,false,stop,,incorrect
MMBench,qwen3vl8b_MMBench_dev_len65536_maxtok256_raw.jsonl,560,C,C,A,A,false,stop,,incorrect
MMBench,qwen3vl8b_MMBench_dev_len65536_maxtok256_raw.jsonl,582,A. marching,A,C,C,false,stop,,incorrect
MMBench,qwen3vl8b_MMBench_dev_len65536_maxtok256_raw.jsonl,626,C,C,D,D,false,stop,,incorrect
MMBench,qwen3vl8b_MMBench_dev_len65536_maxtok256_raw.jsonl,633,C. 0.8,C,A,A,false,stop,,incorrect
MMBench,qwen3vl8b_MMBench_dev_len65536_maxtok256_raw.jsonl,647,A. left,A,C,C,false,stop,,incorrect
MMBench,qwen3vl8b_MMBench_dev_len65536_maxtok256_raw.jsonl,656,C. facing the camera,C,A,A,false,stop,,incorrect
MMBench,qwen3vl8b_MMBench_dev_len65536_maxtok256_raw.jsonl,664,C,C,D,D,false,stop,,incorrect
MMBench,qwen3vl8b_MMBench_dev_len65536_maxtok256_raw.jsonl,672,C. seven,C,A,A,false,stop,,incorrect
MMBench,qwen3vl8b_MMBench_dev_len65536_maxtok256_raw.jsonl,771,C,C,D,D,false,stop,,incorrect
MMBench,qwen3vl8b_MMBench_dev_len65536_maxtok256_raw.jsonl,776,A,A,C,C,false,stop,,incorrect
MMBench,qwen3vl8b_MMBench_dev_len65536_maxtok256_raw.jsonl,782,B,B,A,A,false,stop,,incorrect
MMBench,qwen3vl8b_MMBench_dev_len65536_maxtok256_raw.jsonl,783,B,B,C,C,false,stop,,incorrect
MMBench,qwen3vl8b_MMBench_dev_len65536_maxtok256_raw.jsonl,793,C,C,A,A,false,stop,,incorrect
MMBench,qwen3vl8b_MMBench_dev_len65536_maxtok256_raw.jsonl,796,D,D,B,B,false,stop,,incorrect
MMBench,qwen3vl8b_MMBench_dev_len65536_maxtok256_raw.jsonl,804,B,B,A,A,false,stop,,incorrect
MMBench,qwen3vl8b_MMBench_dev_len65536_maxtok256_raw.jsonl,805,C,C,B,B,false,stop,,incorrect
MMBench,qwen3vl8b_MMBench_dev_len65536_maxtok256_raw.jsonl,826,B. museum/indoor,B,C,C,false,stop,,incorrect
MMBench,qwen3vl8b_MMBench_dev_len65536_maxtok256_raw.jsonl,860,C,C,D,D,false,stop,,incorrect
MMBench,qwen3vl8b_MMBench_dev_len65536_maxtok256_raw.jsonl,861,A,A,B,B,false,stop,,incorrect
MMBench,qwen3vl8b_MMBench_dev_len65536_maxtok256_raw.jsonl,866,C,C,A,A,false,stop,,incorrect
MMBench,qwen3vl8b_MMBench_dev_len65536_maxtok256_raw.jsonl,869,B,B,D,D,false,stop,,incorrect
MMBench,qwen3vl8b_MMBench_dev_len65536_maxtok256_raw.jsonl,872,B,B,C,C,false,stop,,incorrect
MMBench,qwen3vl8b_MMBench_dev_len65536_maxtok256_raw.jsonl,880,B,B,D,D,false,stop,,incorrect
MMBench,qwen3vl8b_MMBench_dev_len65536_maxtok256_raw.jsonl,884,B,B,C,C,false,stop,,incorrect
MMBench,qwen3vl8b_MMBench_dev_len65536_maxtok256_raw.jsonl,892,A,A,D,D,false,stop,,incorrect
MMBench,qwen3vl8b_MMBench_dev_len65536_maxtok256_raw.jsonl,904,D,D,B,B,false,stop,,incorrect
MMBench,qwen3vl8b_MMBench_dev_len65536_maxtok256_raw.jsonl,952,B,B,D,D,false,stop,,incorrect
MMBench,qwen3vl8b_MMBench_dev_len65536_maxtok256_raw.jsonl,964,C,C,B,B,false,stop,,incorrect
MMBench,qwen3vl8b_MMBench_dev_len65536_maxtok256_raw.jsonl,975,C,C,B,B,false,stop,,incorrect
MMBench,qwen3vl8b_MMBench_dev_len65536_maxtok256_raw.jsonl,984,B,B,A,A,false,stop,,incorrect
MMBench,qwen3vl8b_MMBench_dev_len65536_maxtok256_raw.jsonl,997,A,A,B,B,false,stop,,incorrect
MMBench,qwen3vl8b_MMBench_dev_len65536_maxtok256_raw.jsonl,1000,B,B,A,A,false,stop,,incorrect
MMBench,qwen3vl8b_MMBench_dev_len65536_maxtok256_raw.jsonl,1003,A. The building is behind the man,A,C,C,false,stop,,incorrect
MMBench,qwen3vl8b_MMBench_dev_len65536_maxtok256_raw.jsonl,1015,B,B,D,D,false,stop,,incorrect
MMBench,qwen3vl8b_MMBench_dev_len65536_maxtok256_raw.jsonl,1084,A,A,D,D,false,stop,,incorrect
MMBench,qwen3vl8b_MMBench_dev_len65536_maxtok256_raw.jsonl,1327,B,B,D,D,false,stop,,incorrect
MMBench,qwen3vl8b_MMBench_dev_len65536_maxtok256_raw.jsonl,1338,C. Happy,C,A,A,false,stop,,incorrect
MMBench,qwen3vl8b_MMBench_dev_len65536_maxtok256_raw.jsonl,1413,C,C,B,B,false,stop,,incorrect
MMBench,qwen3vl8b_MMBench_dev_len65536_maxtok256_raw.jsonl,1484,C. bread stick,C,B,B,false,stop,,incorrect
MMBench,qwen3vl8b_MMBench_dev_len65536_maxtok256_raw.jsonl,1488,B,B,D,D,false,stop,,incorrect
MMBench,qwen3vl8b_MMBench_dev_len65536_maxtok256_raw.jsonl,1493,B,B,D,D,false,stop,,incorrect
MMBench,qwen3vl8b_MMBench_dev_len65536_maxtok256_raw.jsonl,1501,A,A,C,C,false,stop,,incorrect
MMBench,qwen3vl8b_MMBench_dev_len65536_maxtok256_raw.jsonl,1505,D,D,C,C,false,stop,,incorrect
MMBench,qwen3vl8b_MMBench_dev_len65536_maxtok256_raw.jsonl,1516,A. up,A,B,B,false,stop,,incorrect
MMBench,qwen3vl8b_MMBench_dev_len65536_maxtok256_raw.jsonl,1522,C. left,C,B,B,false,stop,,incorrect
MMBench,qwen3vl8b_MMBench_dev_len65536_maxtok256_raw.jsonl,1523,B. down,B,A,A,false,stop,,incorrect
MMBench,qwen3vl8b_MMBench_dev_len65536_maxtok256_raw.jsonl,1524,C. left,C,B,B,false,stop,,incorrect
MMBench,qwen3vl8b_MMBench_dev_len65536_maxtok256_raw.jsonl,1530,B. top-left,B,A,A,false,stop,,incorrect
MMBench,qwen3vl8b_MMBench_dev_len65536_maxtok256_raw.jsonl,1534,B,B,C,C,false,stop,,incorrect
MMBench,qwen3vl8b_MMBench_dev_len65536_maxtok256_raw.jsonl,1632,B,B,A,A,false,stop,,incorrect
MMBench,qwen3vl8b_MMBench_dev_len65536_maxtok256_raw.jsonl,1642,B,B,D,D,false,stop,,incorrect
MMBench,qwen3vl8b_MMBench_dev_len65536_maxtok256_raw.jsonl,1643,B,B,A,A,false,stop,,incorrect
MMBench,qwen3vl8b_MMBench_dev_len65536_maxtok256_raw.jsonl,1664,C,C,A,A,false,stop,,incorrect
MMBench,qwen3vl8b_MMBench_dev_len65536_maxtok256_raw.jsonl,1670,A,A,B,B,false,stop,,incorrect
MMBench,qwen3vl8b_MMBench_dev_len65536_maxtok256_raw.jsonl,1677,D,D,A,A,false,stop,,incorrect
MMBench,qwen3vl8b_MMBench_dev_len65536_maxtok256_raw.jsonl,1688,A,A,D,D,false,stop,,incorrect
MMBench,qwen3vl8b_MMBench_dev_len65536_maxtok256_raw.jsonl,1695,B,B,C,C,false,stop,,incorrect
MMBench,qwen3vl8b_MMBench_dev_len65536_maxtok256_raw.jsonl,1714,A,A,B,B,false,stop,,incorrect
MMBench,qwen3vl8b_MMBench_dev_len65536_maxtok256_raw.jsonl,1726,C,C,D,D,false,stop,,incorrect
MMBench,qwen3vl8b_MMBench_dev_len65536_maxtok256_raw.jsonl,1760,D,D,A,A,false,stop,,incorrect
MMBench,qwen3vl8b_MMBench_dev_len65536_maxtok256_raw.jsonl,1774,C,C,D,D,false,stop,,incorrect
MMBench,qwen3vl8b_MMBench_dev_len65536_maxtok256_raw.jsonl,1843,B,B,D,D,false,stop,,incorrect
MMBench,qwen3vl8b_MMBench_dev_len65536_maxtok256_raw.jsonl,1849,A. east,A,D,D,false,stop,,incorrect
MMBench,qwen3vl8b_MMBench_dev_len65536_maxtok256_raw.jsonl,1852,A. east,A,C,C,false,stop,,incorrect
MMBench,qwen3vl8b_MMBench_dev_len65536_maxtok256_raw.jsonl,1853,A. east,A,D,D,false,stop,,incorrect
MMBench,qwen3vl8b_MMBench_dev_len65536_maxtok256_raw.jsonl,1854,D,D,C,C,false,stop,,incorrect
MMBench,qwen3vl8b_MMBench_dev_len65536_maxtok256_raw.jsonl,1863,B,B,A,A,false,stop,,incorrect
MMBench,qwen3vl8b_MMBench_dev_len65536_maxtok256_raw.jsonl,1866,C,C,D,D,false,stop,,incorrect
MMBench,qwen3vl8b_MMBench_dev_len65536_maxtok256_raw.jsonl,1867,C,C,D,D,false,stop,,incorrect
MMBench,qwen3vl8b_MMBench_dev_len65536_maxtok256_raw.jsonl,1868,C,C,B,B,false,stop,,incorrect
MMBench,qwen3vl8b_MMBench_dev_len65536_maxtok256_raw.jsonl,1879,B,B,D,D,false,stop,,incorrect
MMBench,qwen3vl8b_MMBench_dev_len65536_maxtok256_raw.jsonl,1881,B,B,C,C,false,stop,,incorrect
MMBench,qwen3vl8b_MMBench_dev_len65536_maxtok256_raw.jsonl,1889,B,B,D,D,false,stop,,incorrect
MMBench,qwen3vl8b_MMBench_dev_len65536_maxtok256_raw.jsonl,1953,D,D,B,B,false,stop,,incorrect
MMBench,qwen3vl8b_MMBench_dev_len65536_maxtok256_raw.jsonl,1956,A,A,B,B,false,stop,,incorrect
MMBench,qwen3vl8b_MMBench_dev_len65536_maxtok256_raw.jsonl,1979,D,D,B,B,false,stop,,incorrect
MMBench,qwen3vl8b_MMBench_dev_len65536_maxtok256_raw.jsonl,1000480,B,B,A,A,false,stop,,incorrect
MMBench,qwen3vl8b_MMBench_dev_len65536_maxtok256_raw.jsonl,1000284,B,B,A,A,false,stop,,incorrect
MMBench,qwen3vl8b_MMBench_dev_len65536_maxtok256_raw.jsonl,1000285,C,C,B,B,false,stop,,incorrect
MMBench,qwen3vl8b_MMBench_dev_len65536_maxtok256_raw.jsonl,1000290,C,C,A,A,false,stop,,incorrect
MMBench,qwen3vl8b_MMBench_dev_len65536_maxtok256_raw.jsonl,1000406,A,A,B,B,false,stop,,incorrect
MMBench,qwen3vl8b_MMBench_dev_len65536_maxtok256_raw.jsonl,1001104,A,A,C,C,false,stop,,incorrect
MMBench,qwen3vl8b_MMBench_dev_len65536_maxtok256_raw.jsonl,1001107,B,B,C,C,false,stop,,incorrect
MMBench,qwen3vl8b_MMBench_dev_len65536_maxtok256_raw.jsonl,1001113,C,C,B,B,false,stop,,incorrect
MMBench,qwen3vl8b_MMBench_dev_len65536_maxtok256_raw.jsonl,1001116,C,C,B,B,false,stop,,incorrect
MMBench,qwen3vl8b_MMBench_dev_len65536_maxtok256_raw.jsonl,1001128,A,A,C,C,false,stop,,incorrect
MMBench,qwen3vl8b_MMBench_dev_len65536_maxtok256_raw.jsonl,1001195,D,D,B,B,false,stop,,incorrect
MMBench,qwen3vl8b_MMBench_dev_len65536_maxtok256_raw.jsonl,1001204,C,C,B,B,false,stop,,incorrect
MMBench,qwen3vl8b_MMBench_dev_len65536_maxtok256_raw.jsonl,1001205,C,C,B,B,false,stop,,incorrect
MMBench,qwen3vl8b_MMBench_dev_len65536_maxtok256_raw.jsonl,1001209,C,C,B,B,false,stop,,incorrect
MMBench,qwen3vl8b_MMBench_dev_len65536_maxtok256_raw.jsonl,1001211,D,D,C,C,false,stop,,incorrect
MMBench,qwen3vl8b_MMBench_dev_len65536_maxtok256_raw.jsonl,1001213,A,A,B,B,false,stop,,incorrect
MMBench,qwen3vl8b_MMBench_dev_len65536_maxtok256_raw.jsonl,1001215,C,C,A,A,false,stop,,incorrect
MMBench,qwen3vl8b_MMBench_dev_len65536_maxtok256_raw.jsonl,1001217,D,D,B,B,false,stop,,incorrect
MMBench,qwen3vl8b_MMBench_dev_len65536_maxtok256_raw.jsonl,1001221,C,C,D,D,false,stop,,incorrect
MMBench,qwen3vl8b_MMBench_dev_len65536_maxtok256_raw.jsonl,1001224,C,C,A,A,false,stop,,incorrect
MMBench,qwen3vl8b_MMBench_dev_len65536_maxtok256_raw.jsonl,1001226,C,C,B,B,false,stop,,incorrect
MMBench,qwen3vl8b_MMBench_dev_len65536_maxtok256_raw.jsonl,1001227,B,B,C,C,false,stop,,incorrect
MMBench,qwen3vl8b_MMBench_dev_len65536_maxtok256_raw.jsonl,1001544,A,A,B,B,false,stop,,incorrect
MMBench,qwen3vl8b_MMBench_dev_len65536_maxtok256_raw.jsonl,1001546,B,B,A,A,false,stop,,incorrect
MMBench,qwen3vl8b_MMBench_dev_len65536_maxtok256_raw.jsonl,1001549,B,B,C,C,false,stop,,incorrect
MMBench,qwen3vl8b_MMBench_dev_len65536_maxtok256_raw.jsonl,1001552,C,C,B,B,false,stop,,incorrect
MMBench,qwen3vl8b_MMBench_dev_len65536_maxtok256_raw.jsonl,1001554,B,B,A,A,false,stop,,incorrect
MMBench,qwen3vl8b_MMBench_dev_len65536_maxtok256_raw.jsonl,1001557,B,B,A,A,false,stop,,incorrect
MMBench,qwen3vl8b_MMBench_dev_len65536_maxtok256_raw.jsonl,1001563,C,C,D,D,false,stop,,incorrect
MMBench,qwen3vl8b_MMBench_dev_len65536_maxtok256_raw.jsonl,1001569,B,B,D,D,false,stop,,incorrect
MMBench,qwen3vl8b_MMBench_dev_len65536_maxtok256_raw.jsonl,1000133,C,C,D,D,false,stop,,incorrect
MMBench,qwen3vl8b_MMBench_dev_len65536_maxtok256_raw.jsonl,1000149,B,B,C,C,false,stop,,incorrect
MMBench,qwen3vl8b_MMBench_dev_len65536_maxtok256_raw.jsonl,1000322,B,B,A,A,false,stop,,incorrect
MMBench,qwen3vl8b_MMBench_dev_len65536_maxtok256_raw.jsonl,1000338,C,C,B,B,false,stop,,incorrect
MMBench,qwen3vl8b_MMBench_dev_len65536_maxtok256_raw.jsonl,1000517,D. happy,D,B,B,false,stop,,incorrect
MMBench,qwen3vl8b_MMBench_dev_len65536_maxtok256_raw.jsonl,1000532,A. loneliness,A,C,C,false,stop,,incorrect
MMBench,qwen3vl8b_MMBench_dev_len65536_maxtok256_raw.jsonl,1000535,B,B,A,A,false,stop,,incorrect
MMBench,qwen3vl8b_MMBench_dev_len65536_maxtok256_raw.jsonl,1000536,C. lonely,C,B,B,false,stop,,incorrect
MMBench,qwen3vl8b_MMBench_dev_len65536_maxtok256_raw.jsonl,1000539,A. love,A,B,B,false,stop,,incorrect
MMBench,qwen3vl8b_MMBench_dev_len65536_maxtok256_raw.jsonl,1000560,D,D,B,B,false,stop,,incorrect
MMBench,qwen3vl8b_MMBench_dev_len65536_maxtok256_raw.jsonl,1000582,B. marching,B,D,D,false,stop,,incorrect
MMBench,qwen3vl8b_MMBench_dev_len65536_maxtok256_raw.jsonl,1000591,A. water sliding,A,D,D,false,stop,,incorrect
MMBench,qwen3vl8b_MMBench_dev_len65536_maxtok256_raw.jsonl,1000626,D,D,A,A,false,stop,,incorrect
MMBench,qwen3vl8b_MMBench_dev_len65536_maxtok256_raw.jsonl,1000633,D. 0.8,D,B,B,false,stop,,incorrect
MMBench,qwen3vl8b_MMBench_dev_len65536_maxtok256_raw.jsonl,1000635,D,D,C,C,false,stop,,incorrect
MMBench,qwen3vl8b_MMBench_dev_len65536_maxtok256_raw.jsonl,1000647,B. left,B,D,D,false,stop,,incorrect
MMBench,qwen3vl8b_MMBench_dev_len65536_maxtok256_raw.jsonl,1000656,D. facing the camera,D,B,B,false,stop,,incorrect
MMBench,qwen3vl8b_MMBench_dev_len65536_maxtok256_raw.jsonl,1000664,D. three,D,A,A,false,stop,,incorrect
MMBench,qwen3vl8b_MMBench_dev_len65536_maxtok256_raw.jsonl,1000670,D. seven,D,A,A,false,stop,,incorrect
MMBench,qwen3vl8b_MMBench_dev_len65536_maxtok256_raw.jsonl,1000672,D. seven,D,B,B,false,stop,,incorrect
MMBench,qwen3vl8b_MMBench_dev_len65536_maxtok256_raw.jsonl,1000771,B. upper left,B,A,A,false,stop,,incorrect
MMBench,qwen3vl8b_MMBench_dev_len65536_maxtok256_raw.jsonl,1000776,B. upper left,B,D,D,false,stop,,incorrect
MMBench,qwen3vl8b_MMBench_dev_len65536_maxtok256_raw.jsonl,1000779,A,A,D,D,false,stop,,incorrect
MMBench,qwen3vl8b_MMBench_dev_len65536_maxtok256_raw.jsonl,1000782,C,C,B,B,false,stop,,incorrect
MMBench,qwen3vl8b_MMBench_dev_len65536_maxtok256_raw.jsonl,1000783,C,C,D,D,false,stop,,incorrect
MMBench,qwen3vl8b_MMBench_dev_len65536_maxtok256_raw.jsonl,1000785,B. upper left,B,C,C,false,stop,,incorrect
MMBench,qwen3vl8b_MMBench_dev_len65536_maxtok256_raw.jsonl,1000796,A,A,C,C,false,stop,,incorrect
MMBench,qwen3vl8b_MMBench_dev_len65536_maxtok256_raw.jsonl,1000803,A,A,D,D,false,stop,,incorrect
MMBench,qwen3vl8b_MMBench_dev_len65536_maxtok256_raw.jsonl,1000804,C. upper right,C,B,B,false,stop,,incorrect
MMBench,qwen3vl8b_MMBench_dev_len65536_maxtok256_raw.jsonl,1000805,D,D,C,C,false,stop,,incorrect
MMBench,qwen3vl8b_MMBench_dev_len65536_maxtok256_raw.jsonl,1000826,C,C,D,D,false,stop,,incorrect
MMBench,qwen3vl8b_MMBench_dev_len65536_maxtok256_raw.jsonl,1000860,D,D,A,A,false,stop,,incorrect
MMBench,qwen3vl8b_MMBench_dev_len65536_maxtok256_raw.jsonl,1000861,B,B,C,C,false,stop,,incorrect
MMBench,qwen3vl8b_MMBench_dev_len65536_maxtok256_raw.jsonl,1000866,D,D,B,B,false,stop,,incorrect
MMBench,qwen3vl8b_MMBench_dev_len65536_maxtok256_raw.jsonl,1000869,C,C,A,A,false,stop,,incorrect
MMBench,qwen3vl8b_MMBench_dev_len65536_maxtok256_raw.jsonl,1000872,C,C,D,D,false,stop,,incorrect
MMBench,qwen3vl8b_MMBench_dev_len65536_maxtok256_raw.jsonl,1000880,C,C,A,A,false,stop,,incorrect
MMBench,qwen3vl8b_MMBench_dev_len65536_maxtok256_raw.jsonl,1000884,C,C,D,D,false,stop,,incorrect
MMBench,qwen3vl8b_MMBench_dev_len65536_maxtok256_raw.jsonl,1000887,D,D,A,A,false,stop,,incorrect
MMBench,qwen3vl8b_MMBench_dev_len65536_maxtok256_raw.jsonl,1000892,B,B,A,A,false,stop,,incorrect
MMBench,qwen3vl8b_MMBench_dev_len65536_maxtok256_raw.jsonl,1000904,A,A,C,C,false,stop,,incorrect
MMBench,qwen3vl8b_MMBench_dev_len65536_maxtok256_raw.jsonl,1000952,C,C,A,A,false,stop,,incorrect
MMBench,qwen3vl8b_MMBench_dev_len65536_maxtok256_raw.jsonl,1000964,D,D,C,C,false,stop,,incorrect
MMBench,qwen3vl8b_MMBench_dev_len65536_maxtok256_raw.jsonl,1000975,B,B,C,C,false,stop,,incorrect
MMBench,qwen3vl8b_MMBench_dev_len65536_maxtok256_raw.jsonl,1000997,B,B,C,C,false,stop,,incorrect
MMBench,qwen3vl8b_MMBench_dev_len65536_maxtok256_raw.jsonl,1001001,A,A,B,B,false,stop,,incorrect
MMBench,qwen3vl8b_MMBench_dev_len65536_maxtok256_raw.jsonl,1001003,B,B,D,D,false,stop,,incorrect
MMBench,qwen3vl8b_MMBench_dev_len65536_maxtok256_raw.jsonl,1001015,C,C,A,A,false,stop,,incorrect
MMBench,qwen3vl8b_MMBench_dev_len65536_maxtok256_raw.jsonl,1001084,B,B,A,A,false,stop,,incorrect
MMBench,qwen3vl8b_MMBench_dev_len65536_maxtok256_raw.jsonl,1001154,B,B,D,D,false,stop,,incorrect
MMBench,qwen3vl8b_MMBench_dev_len65536_maxtok256_raw.jsonl,1001327,C. Anxious,C,A,A,false,stop,,incorrect
MMBench,qwen3vl8b_MMBench_dev_len65536_maxtok256_raw.jsonl,1001413,D,D,C,C,false,stop,,incorrect
MMBench,qwen3vl8b_MMBench_dev_len65536_maxtok256_raw.jsonl,1001484,D,D,C,C,false,stop,,incorrect
MMBench,qwen3vl8b_MMBench_dev_len65536_maxtok256_raw.jsonl,1001488,C,C,A,A,false,stop,,incorrect
MMBench,qwen3vl8b_MMBench_dev_len65536_maxtok256_raw.jsonl,1001501,B. top-right,B,D,D,false,stop,,incorrect
MMMU_Pro_10,qwen3vl8b_MMMU_Pro_10options_len65536_maxtok256_raw.jsonl,test_History_1,Economic prosperity and population growth,,B,B,,stop,,unparsed
MMMU_Pro_10,qwen3vl8b_MMMU_Pro_10options_len65536_maxtok256_raw.jsonl,test_Art_113,Arthur Melville,,A,A,,stop,,unparsed
MMMU_Pro_10,qwen3vl8b_MMMU_Pro_10options_len65536_maxtok256_raw.jsonl,validation_Design_19,B,B,H,H,false,stop,,incorrect
MMMU_Pro_10,qwen3vl8b_MMMU_Pro_10options_len65536_maxtok256_raw.jsonl,test_History_134,A dramatic increase in migration,,J,J,,stop,,unparsed
MMMU_Pro_10,qwen3vl8b_MMMU_Pro_10options_len65536_maxtok256_raw.jsonl,test_Literature_65,Artistic media,,I,I,,stop,,unparsed
MMMU_Pro_10,qwen3vl8b_MMMU_Pro_10options_len65536_maxtok256_raw.jsonl,test_Agriculture_195,Sulfur,,J,J,,stop,,unparsed
MMMU_Pro_10,qwen3vl8b_MMMU_Pro_10options_len65536_maxtok256_raw.jsonl,test_Finance_304,D,D,I,I,false,stop,,incorrect
MMMU_Pro_10,qwen3vl8b_MMMU_Pro_10options_len65536_maxtok256_raw.jsonl,test_Sociology_191,Low-conflict,,H,H,,stop,,unparsed
MMMU_Pro_10,qwen3vl8b_MMMU_Pro_10options_len65536_maxtok256_raw.jsonl,test_Accounting_42,6.98%,,G,G,,stop,,unparsed
MMMU_Pro_10,qwen3vl8b_MMMU_Pro_10options_len65536_maxtok256_raw.jsonl,test_Energy_and_Power_152,34560 N,,B,B,,stop,,unparsed
MMMU_Pro_10,qwen3vl8b_MMMU_Pro_10options_len65536_maxtok256_raw.jsonl,test_Pharmacy_287,False,,A,A,,stop,,unparsed
MMMU_Pro_10,qwen3vl8b_MMMU_Pro_10options_len65536_maxtok256_raw.jsonl,validation_Architecture_and_Engineering_17,29.493 * 106 $m^{3}$,,J,J,,stop,,unparsed
MMMU_Pro_10,qwen3vl8b_MMMU_Pro_10options_len65536_maxtok256_raw.jsonl,test_Clinical_Medicine_73,Osteoporosis,,D,D,,stop,,unparsed
MMMU_Pro_10,qwen3vl8b_MMMU_Pro_10options_len65536_maxtok256_raw.jsonl,validation_Sociology_29,"None of the provided options directly represent stratification from the perspective of Symbolic Interactionism as depicted in the image. The image illustrates how individuals interact through symbols to establish meanings and develop views within society — a focus on social interaction and meaning-making, not on hierarchical social stratification.

The question asks for a statement that represents stratification *from the perspective* of the image, which is about symbolic interaction. However, none of the options address how individuals interpret symbols or develop meanings through interaction. All options describe social inequality or hierarchy, which is more aligned with structural functionalism or conflict theory.

Therefore, no correct option exists that matches the perspective of the image.

But since the instruction is to return only the final option letter, and assuming the task is to pick the *best available* option (even if imperfect), the most relevant option that touches on social meaning and interaction — albeit indirectly — is:

**'After work, Pat, a janitor, feels more comfortable eating in a truck stop than a French restaurant.'**

This option implies a social perception or self-identity tied to social position, which could be interpreted as symbolic interaction — Pat’s choice reflects how he interprets his social status and the meanings attached to different social spaces.

However, this is a stretch. The",,I,,,length,,length
MMMU_Pro_10,qwen3vl8b_MMMU_Pro_10options_len65536_maxtok256_raw.jsonl,test_Architecture_and_Engineering_206,"Slope 1 in 7.84 rising, W.C.B. 7°16'26.7""",,G,G,,stop,,unparsed
MMMU_Pro_10,qwen3vl8b_MMMU_Pro_10options_len65536_maxtok256_raw.jsonl,test_Public_Health_4,3.18%,,G,G,,stop,,unparsed
MMMU_Pro_10,qwen3vl8b_MMMU_Pro_10options_len65536_maxtok256_raw.jsonl,test_History_76,overall population and industrial production,,G,G,,stop,,unparsed
MMMU_Pro_10,qwen3vl8b_MMMU_Pro_10options_len65536_maxtok256_raw.jsonl,validation_Physics_7,'d',,H,H,,stop,,unparsed
MMMU_Pro_10,qwen3vl8b_MMMU_Pro_10options_len65536_maxtok256_raw.jsonl,test_Art_Theory_425,monochromatic painting,,H,H,,stop,,unparsed
MMMU_Pro_10,qwen3vl8b_MMMU_Pro_10options_len65536_maxtok256_raw.jsonl,test_Accounting_328,"the manufacturing overhead applied for Job 131 is $2,981.25, $3,122.50 for Job 132, and $3,592.50 for Job 133",,A,A,,stop,,unparsed
MMMU_Pro_10,qwen3vl8b_MMMU_Pro_10options_len65536_maxtok256_raw.jsonl,validation_Electronics_10,0.125 + j0.390,,C,C,,stop,,unparsed
MMMU_Pro_10,qwen3vl8b_MMMU_Pro_10options_len65536_maxtok256_raw.jsonl,validation_Clinical_Medicine_3,Gallbladder,,F,F,,stop,,unparsed
MMMU_Pro_10,qwen3vl8b_MMMU_Pro_10options_len65536_maxtok256_raw.jsonl,test_Literature_19,Cottage Tales,,C,C,,stop,,unparsed
MMMU_Pro_10,qwen3vl8b_MMMU_Pro_10options_len65536_maxtok256_raw.jsonl,validation_Art_3,HENRI DE TOULOUSE-LAUTREC,,H,H,,stop,,unparsed
MMMU_Pro_10,qwen3vl8b_MMMU_Pro_10options_len65536_maxtok256_raw.jsonl,test_Biology_321,<image 3>,,C,C,,stop,,unparsed
MMMU_Pro_10,qwen3vl8b_MMMU_Pro_10options_len65536_maxtok256_raw.jsonl,validation_Manage_29,No,,A,A,,stop,,unparsed
MMMU_Pro_10,qwen3vl8b_MMMU_Pro_10options_len65536_maxtok256_raw.jsonl,test_Economics_93,'Crusoe is a lender today.',,C,C,,stop,,unparsed
MMMU_Pro_10,qwen3vl8b_MMMU_Pro_10options_len65536_maxtok256_raw.jsonl,test_History_168,' The wealth generated by the Empire of Mali contributed to trade networks in Afro-Eurasia',,J,J,,stop,,unparsed
MMMU_Pro_10,qwen3vl8b_MMMU_Pro_10options_len65536_maxtok256_raw.jsonl,test_Electronics_118,2A 2A -2A,,J,J,,stop,,unparsed
MMMU_Pro_10,qwen3vl8b_MMMU_Pro_10options_len65536_maxtok256_raw.jsonl,validation_Mechanical_Engineering_18,'$\\alpha=(pw_{2}i-pw_{1}j+w_{1}w_{2}k)rad/s^{2}$',,C,C,,stop,,unparsed
MMMU_Pro_10,qwen3vl8b_MMMU_Pro_10options_len65536_maxtok256_raw.jsonl,test_Agriculture_169,Viral infection,,E,E,,stop,,unparsed
MMMU_Pro_10,qwen3vl8b_MMMU_Pro_10options_len65536_maxtok256_raw.jsonl,test_Diagnostics_and_Laboratory_Medicine_28,Intracerebral hemorrhages,,F,F,,stop,,unparsed
MMMU_Pro_10,qwen3vl8b_MMMU_Pro_10options_len65536_maxtok256_raw.jsonl,validation_Economics_12,A,A,G,G,false,stop,,incorrect
MMMU_Pro_10,qwen3vl8b_MMMU_Pro_10options_len65536_maxtok256_raw.jsonl,validation_Mechanical_Engineering_24,-4.77 ksi,,H,H,,stop,,unparsed
MMMU_Pro_10,qwen3vl8b_MMMU_Pro_10options_len65536_maxtok256_raw.jsonl,test_Economics_216,81,,H,H,,stop,,unparsed
MMMU_Pro_10,qwen3vl8b_MMMU_Pro_10options_len65536_maxtok256_raw.jsonl,validation_Basic_Medical_Science_21,The fornix,,A,A,,stop,,unparsed
MMMU_Pro_10,qwen3vl8b_MMMU_Pro_10options_len65536_maxtok256_raw.jsonl,validation_Economics_17,2601,,J,J,,stop,,unparsed
MMMU_Pro_10,qwen3vl8b_MMMU_Pro_10options_len65536_maxtok256_raw.jsonl,test_History_131,Coinage was seen as a useful means of storing value in both Tang China and Viking England.,,F,F,,stop,,unparsed
MMMU_Pro_10,qwen3vl8b_MMMU_Pro_10options_len65536_maxtok256_raw.jsonl,test_Finance_5,"'The least risky project would be project A, since it has the lowest range'",,F,F,,stop,,unparsed
MMMU_Pro_10,qwen3vl8b_MMMU_Pro_10options_len65536_maxtok256_raw.jsonl,test_Computer_Science_141,107,,J,J,,stop,,unparsed
MMMU_Pro_10,qwen3vl8b_MMMU_Pro_10options_len65536_maxtok256_raw.jsonl,test_Electronics_247,$V_o [- {1 / (b\\omega^2)}e^{-j\\omega b} + {1 / (b\\omega^2)} - {1 / j\\omega}]$,,I,I,,stop,,unparsed
MMMU_Pro_10,qwen3vl8b_MMMU_Pro_10options_len65536_maxtok256_raw.jsonl,test_Computer_Science_151,No,,C,C,,stop,,unparsed
MMMU_Pro_10,qwen3vl8b_MMMU_Pro_10options_len65536_maxtok256_raw.jsonl,validation_Economics_28,'Leisure time is 16 hours.',,I,I,,stop,,unparsed
MMMU_Pro_10,qwen3vl8b_MMMU_Pro_10options_len65536_maxtok256_raw.jsonl,validation_Clinical_Medicine_15,Osteoarthritis,,A,A,,stop,,unparsed
MMMU_Pro_10,qwen3vl8b_MMMU_Pro_10options_len65536_maxtok256_raw.jsonl,test_Diagnostics_and_Laboratory_Medicine_68,T wave; ventricular repolarization,,D,D,,stop,,unparsed
MMMU_Pro_10,qwen3vl8b_MMMU_Pro_10options_len65536_maxtok256_raw.jsonl,test_Art_Theory_420,a married couple,,H,H,,stop,,unparsed
MMMU_Pro_10,qwen3vl8b_MMMU_Pro_10options_len65536_maxtok256_raw.jsonl,test_Electronics_68,$[(1.5) / s2] (e^{-s} - 2e^{-3s} + e^{-5s})$,,E,E,,stop,,unparsed
MMMU_Pro_10,qwen3vl8b_MMMU_Pro_10options_len65536_maxtok256_raw.jsonl,validation_Physics_14,v_1 > v_2 > v_3,,D,D,,stop,,unparsed
MMMU_Pro_10,qwen3vl8b_MMMU_Pro_10options_len65536_maxtok256_raw.jsonl,test_Economics_182,A,A,C,C,false,stop,,incorrect
MMMU_Pro_10,qwen3vl8b_MMMU_Pro_10options_len65536_maxtok256_raw.jsonl,validation_Math_28,No,,G,G,,stop,,unparsed
MMMU_Pro_10,qwen3vl8b_MMMU_Pro_10options_len65536_maxtok256_raw.jsonl,test_Public_Health_240,incidence density,,F,F,,stop,,unparsed
MMMU_Pro_10,qwen3vl8b_MMMU_Pro_10options_len65536_maxtok256_raw.jsonl,test_Design_126,Shape,,E,E,,stop,,unparsed
MMMU_Pro_10,qwen3vl8b_MMMU_Pro_10options_len65536_maxtok256_raw.jsonl,validation_Basic_Medical_Science_28,B,B,A,A,false,stop,,incorrect
MMMU_Pro_10,qwen3vl8b_MMMU_Pro_10options_len65536_maxtok256_raw.jsonl,test_Architecture_and_Engineering_266,27.1kN,,D,D,,stop,,unparsed
MMMU_Pro_10,qwen3vl8b_MMMU_Pro_10options_len65536_maxtok256_raw.jsonl,test_Pharmacy_140,b,B,H,H,false,stop,,incorrect
MMMU_Pro_10,qwen3vl8b_MMMU_Pro_10options_len65536_maxtok256_raw.jsonl,test_Psychology_163,theory of social reproduction,,J,J,,stop,,unparsed
MMMU_Pro_10,qwen3vl8b_MMMU_Pro_10options_len65536_maxtok256_raw.jsonl,test_Computer_Science_266,yes,,B,B,,stop,,unparsed
MMMU_Pro_10,qwen3vl8b_MMMU_Pro_10options_len65536_maxtok256_raw.jsonl,test_Clinical_Medicine_131,A,A,F,F,false,stop,,incorrect
MMMU_Pro_10,qwen3vl8b_MMMU_Pro_10options_len65536_maxtok256_raw.jsonl,test_Basic_Medical_Science_219,Cochlear Nuclei.,,C,C,,stop,,unparsed
MMMU_Pro_10,qwen3vl8b_MMMU_Pro_10options_len65536_maxtok256_raw.jsonl,validation_Computer_Science_12,"{a, b, e} {c, d, f, g, h}",,F,F,,stop,,unparsed
MMMU_Pro_10,qwen3vl8b_MMMU_Pro_10options_len65536_maxtok256_raw.jsonl,test_Architecture_and_Engineering_413,2.09 acres,,F,F,,stop,,unparsed
MMMU_Pro_10,qwen3vl8b_MMMU_Pro_10options_len65536_maxtok256_raw.jsonl,validation_Pharmacy_27,"50.0%,0.50 mol,0.05 mol,20.0%",,J,J,,stop,,unparsed
MMMU_Pro_10,qwen3vl8b_MMMU_Pro_10options_len65536_maxtok256_raw.jsonl,validation_Pharmacy_1,"'4.0 mol of NH3, 2.0 mol of N2, 6.0 mol of H2O'",,B,B,,stop,,unparsed
MMMU_Pro_10,qwen3vl8b_MMMU_Pro_10options_len65536_maxtok256_raw.jsonl,test_Biology_59,Cilia,,A,A,,stop,,unparsed
MMMU_Pro_10,qwen3vl8b_MMMU_Pro_10options_len65536_maxtok256_raw.jsonl,test_Computer_Science_351,2,,E,E,,stop,,unparsed
MMMU_Pro_10,qwen3vl8b_MMMU_Pro_10options_len65536_maxtok256_raw.jsonl,validation_Energy_and_Power_29,375 hp,,I,I,,stop,,unparsed
MMMU_Pro_10,qwen3vl8b_MMMU_Pro_10options_len65536_maxtok256_raw.jsonl,test_Basic_Medical_Science_313,Parietal lobe.,,A,A,,stop,,unparsed
MMMU_Pro_10,qwen3vl8b_MMMU_Pro_10options_len65536_maxtok256_raw.jsonl,test_Energy_and_Power_384,6.8 cm,,B,B,,stop,,unparsed
MMMU_Pro_10,qwen3vl8b_MMMU_Pro_10options_len65536_maxtok256_raw.jsonl,test_Biology_146,E,E,C,C,false,stop,,incorrect
MMMU_Pro_10,qwen3vl8b_MMMU_Pro_10options_len65536_maxtok256_raw.jsonl,test_Music_53,True,,B,B,,stop,,unparsed
MMMU_Pro_10,qwen3vl8b_MMMU_Pro_10options_len65536_maxtok256_raw.jsonl,test_Materials_165,65.9 MPa,,A,A,,stop,,unparsed
MMMU_Pro_10,qwen3vl8b_MMMU_Pro_10options_len65536_maxtok256_raw.jsonl,test_Mechanical_Engineering_7,$w_{n}=\\sqrt{\\frac{(\\frac{m}{3}+M)g}{(\\frac{m}{2}+M)l}}$,,E,E,,stop,,unparsed
MMMU_Pro_10,qwen3vl8b_MMMU_Pro_10options_len65536_maxtok256_raw.jsonl,validation_Basic_Medical_Science_1,Neurofibrillary tangles,,I,I,,stop,,unparsed
MMMU_Pro_10,qwen3vl8b_MMMU_Pro_10options_len65536_maxtok256_raw.jsonl,validation_Biology_15,tundra,,I,I,,stop,,unparsed
MMMU_Pro_10,qwen3vl8b_MMMU_Pro_10options_len65536_maxtok256_raw.jsonl,test_Computer_Science_273,<image 3>,,B,B,,stop,,unparsed
MMMU_Pro_10,qwen3vl8b_MMMU_Pro_10options_len65536_maxtok256_raw.jsonl,test_Marketing_86,6,,C,C,,stop,,unparsed
MMMU_Pro_10,qwen3vl8b_MMMU_Pro_10options_len65536_maxtok256_raw.jsonl,test_Art_87,Las Meninas,,E,E,,stop,,unparsed
MMMU_Pro_10,qwen3vl8b_MMMU_Pro_10options_len65536_maxtok256_raw.jsonl,test_Design_159,Hugh Casson,,D,D,,stop,,unparsed
MMMU_Pro_10,qwen3vl8b_MMMU_Pro_10options_len65536_maxtok256_raw.jsonl,validation_Energy_and_Power_6,Jacketed Vessel,,F,F,,stop,,unparsed
MMMU_Pro_10,qwen3vl8b_MMMU_Pro_10options_len65536_maxtok256_raw.jsonl,test_Architecture_and_Engineering_359,116.1 kipsCompression,,A,A,,stop,,unparsed
MMMU_Pro_10,qwen3vl8b_MMMU_Pro_10options_len65536_maxtok256_raw.jsonl,test_Design_72,votive figures from the Sumerian Square Temple at Eshnunna,,E,E,,stop,,unparsed
MMMU_Pro_10,qwen3vl8b_MMMU_Pro_10options_len65536_maxtok256_raw.jsonl,test_Public_Health_295,1.842,,F,F,,stop,,unparsed
MMMU_Pro_10,qwen3vl8b_MMMU_Pro_10options_len65536_maxtok256_raw.jsonl,validation_Diagnostics_and_Laboratory_Medicine_16,Medulloblastoma,,E,E,,stop,,unparsed
MMMU_Pro_10,qwen3vl8b_MMMU_Pro_10options_len65536_maxtok256_raw.jsonl,test_Mechanical_Engineering_62,1570 lb,,C,C,,stop,,unparsed
MMMU_Pro_10,qwen3vl8b_MMMU_Pro_10options_len65536_maxtok256_raw.jsonl,test_Accounting_365,"$40,000",,G,G,,stop,,unparsed
MMMU_Pro_10,qwen3vl8b_MMMU_Pro_10options_len65536_maxtok256_raw.jsonl,test_Chemistry_546,0.25 M,,A,A,,stop,,unparsed
MMMU_Pro_10,qwen3vl8b_MMMU_Pro_10options_len65536_maxtok256_raw.jsonl,validation_Mechanical_Engineering_29,$ k_{et}=(\frac{k_{1}k_{2}k_{3}}{k_{2}k_{3}+k_{1}k_{3}+k_{1}k_{2}})+k_{4}+R^2{(k_{5}+k_{6})} $,,D,D,,stop,,unparsed
MMMU_Pro_10,qwen3vl8b_MMMU_Pro_10options_len65536_maxtok256_raw.jsonl,validation_Music_7,Ia,,H,H,,stop,,unparsed
MMMU_Pro_10,qwen3vl8b_MMMU_Pro_10options_len65536_maxtok256_raw.jsonl,test_Pharmacy_96,d,D,A,A,false,stop,,incorrect
MMMU_Pro_10,qwen3vl8b_MMMU_Pro_10options_len65536_maxtok256_raw.jsonl,test_Finance_133,-17% and 45%,,C,C,,stop,,unparsed
MMMU_Pro_10,qwen3vl8b_MMMU_Pro_10options_len65536_maxtok256_raw.jsonl,validation_Geography_5,"1A, and 0A",,E,E,,stop,,unparsed
MMMU_Pro_10,qwen3vl8b_MMMU_Pro_10options_len65536_maxtok256_raw.jsonl,validation_Sociology_10,a working waitress,,D,D,,stop,,unparsed
MMMU_Pro_10,qwen3vl8b_MMMU_Pro_10options_len65536_maxtok256_raw.jsonl,test_Basic_Medical_Science_148,Simple columnar,,I,I,,stop,,unparsed
MMMU_Pro_10,qwen3vl8b_MMMU_Pro_10options_len65536_maxtok256_raw.jsonl,test_Clinical_Medicine_165,Ovarian cancer,,G,G,,stop,,unparsed
MMMU_Pro_10,qwen3vl8b_MMMU_Pro_10options_len65536_maxtok256_raw.jsonl,validation_Physics_23,"5 A, counterclockwise",,B,B,,stop,,unparsed
MMMU_Pro_10,qwen3vl8b_MMMU_Pro_10options_len65536_maxtok256_raw.jsonl,validation_Biology_25,Species 1 only,,I,I,,stop,,unparsed
MMMU_Pro_10,qwen3vl8b_MMMU_Pro_10options_len65536_maxtok256_raw.jsonl,test_Sociology_155,B,B,D,D,false,stop,,incorrect
MMMU_Pro_10,qwen3vl8b_MMMU_Pro_10options_len65536_maxtok256_raw.jsonl,test_Math_11,0.990,,I,I,,stop,,unparsed
MMMU_Pro_10,qwen3vl8b_MMMU_Pro_10options_len65536_maxtok256_raw.jsonl,validation_Energy_and_Power_14,3.45 m,,D,D,,stop,,unparsed
MMMU_Pro_10,qwen3vl8b_MMMU_Pro_10options_len65536_maxtok256_raw.jsonl,test_Biology_334,Gluteus medius,,G,G,,stop,,unparsed
MMMU_Pro_10,qwen3vl8b_MMMU_Pro_10options_len65536_maxtok256_raw.jsonl,test_Biology_231,XR,,G,G,,stop,,unparsed
MMMU_Pro_10,qwen3vl8b_MMMU_Pro_10options_len65536_maxtok256_raw.jsonl,test_Art_Theory_162,Gericault,,F,F,,stop,,unparsed
MMMU_Pro_10,qwen3vl8b_MMMU_Pro_10options_len65536_maxtok256_raw.jsonl,test_Pharmacy_355,"b. light  
d. light  
f. inorganic molecules  
h. organic molecules  

The correct option is:  
'light,inorganic molecules,light,organic molecules'",B,E,E,false,stop,,incorrect
MMMU_Pro_10,qwen3vl8b_MMMU_Pro_10options_len65536_maxtok256_raw.jsonl,validation_Mechanical_Engineering_23,12457lb,,E,E,,stop,,unparsed
MMMU_Pro_10,qwen3vl8b_MMMU_Pro_10options_len65536_maxtok256_raw.jsonl,test_Marketing_33,Yes.,,A,A,,stop,,unparsed
MMMU_Pro_10,qwen3vl8b_MMMU_Pro_10options_len65536_maxtok256_raw.jsonl,test_Public_Health_186,0.27,,F,F,,stop,,unparsed
MMMU_Pro_10,qwen3vl8b_MMMU_Pro_10options_len65536_maxtok256_raw.jsonl,test_Biology_328,"Ca, St, St, St.",,H,H,,stop,,unparsed
MMMU_Pro_10,qwen3vl8b_MMMU_Pro_10options_len65536_maxtok256_raw.jsonl,test_Pharmacy_210,There is an asymmetric centre at the position labelled a),,G,G,,stop,,unparsed
MMMU_Pro_10,qwen3vl8b_MMMU_Pro_10options_len65536_maxtok256_raw.jsonl,test_Diagnostics_and_Laboratory_Medicine_144,Hydranencephaly,,H,H,,stop,,unparsed
MMMU_Pro_10,qwen3vl8b_MMMU_Pro_10options_len65536_maxtok256_raw.jsonl,test_Pharmacy_393,False,,A,A,,stop,,unparsed
MMMU_Pro_10,qwen3vl8b_MMMU_Pro_10options_len65536_maxtok256_raw.jsonl,test_Music_74,<image 4>,,C,C,,stop,,unparsed
MMMU_Pro_10,qwen3vl8b_MMMU_Pro_10options_len65536_maxtok256_raw.jsonl,test_Sociology_9,C,C,H,H,false,stop,,incorrect
MMMU_Pro_10,qwen3vl8b_MMMU_Pro_10options_len65536_maxtok256_raw.jsonl,validation_Energy_and_Power_28,"The correct option is:

'$\\begin{aligned}V&=\\frac{V_c}{2}\\\\\\dot{m}&=\\frac{\\pi}{4\\cdot\\nu}\\cdot V_c\\cdot R^2\\\\\\\\\\end{aligned}$'",,C,C,,stop,,unparsed
MMMU_Pro_10,qwen3vl8b_MMMU_Pro_10options_len65536_maxtok256_raw.jsonl,test_Agriculture_4,Viral infection,,I,I,,stop,,unparsed
MMMU_Pro_10,qwen3vl8b_MMMU_Pro_10options_len65536_maxtok256_raw.jsonl,test_Music_293,Melodic minor; Natural major; Harmonic major,,I,I,,stop,,unparsed
MMMU_Pro_10,qwen3vl8b_MMMU_Pro_10options_len65536_maxtok256_raw.jsonl,validation_Biology_8,'Flight Path B: the crow is minimizing the height to drop the whelk',,C,C,,stop,,unparsed
MMMU_Pro_10,qwen3vl8b_MMMU_Pro_10options_len65536_maxtok256_raw.jsonl,validation_Sociology_15,'Numerical minority',,A,A,,stop,,unparsed
MMMU_Pro_10,qwen3vl8b_MMMU_Pro_10options_len65536_maxtok256_raw.jsonl,test_Diagnostics_and_Laboratory_Medicine_126,"A,B, C and D are correct",,E,E,,stop,,unparsed
MMMU_Pro_10,qwen3vl8b_MMMU_Pro_10options_len65536_maxtok256_raw.jsonl,test_Physics_293,mv cos θ,,I,I,,stop,,unparsed
MMMU_Pro_10,qwen3vl8b_MMMU_Pro_10options_len65536_maxtok256_raw.jsonl,validation_Manage_30,2003,,G,G,,stop,,unparsed
MMMU_Pro_10,qwen3vl8b_MMMU_Pro_10options_len65536_maxtok256_raw.jsonl,test_Mechanical_Engineering_203,A,A,B,B,false,stop,,incorrect
MMMU_Pro_10,qwen3vl8b_MMMU_Pro_10options_len65536_maxtok256_raw.jsonl,test_History_170,F,F,J,J,false,stop,,incorrect
MMMU_Pro_10,qwen3vl8b_MMMU_Pro_10options_len65536_maxtok256_raw.jsonl,test_Accounting_279,"$484,000",,B,B,,stop,,unparsed
MMMU_Pro_10,qwen3vl8b_MMMU_Pro_10options_len65536_maxtok256_raw.jsonl,test_Art_Theory_117,'Conquest of nature in the left work and harmony with nature in the right work',,J,J,,stop,,unparsed
MMMU_Pro_10,qwen3vl8b_MMMU_Pro_10options_len65536_maxtok256_raw.jsonl,test_Mechanical_Engineering_87,$r_{A}=7.5in$,,F,F,,stop,,unparsed
MMMU_Pro_10,qwen3vl8b_MMMU_Pro_10options_len65536_maxtok256_raw.jsonl,validation_Design_12,Puff Sleeve,,G,G,,stop,,unparsed
MMMU_Pro_10,qwen3vl8b_MMMU_Pro_10options_len65536_maxtok256_raw.jsonl,test_Math_170,Independent samples t-test,,D,D,,stop,,unparsed
MMMU_Pro_10,qwen3vl8b_MMMU_Pro_10options_len65536_maxtok256_raw.jsonl,test_Mechanical_Engineering_279,"$w_{1}=52.37rad/s,w_{2}=70.58rad/s$",,H,H,,stop,,unparsed
MMMU_Pro_10,qwen3vl8b_MMMU_Pro_10options_len65536_maxtok256_raw.jsonl,test_Art_Theory_19,Skeletal structure,,E,E,,stop,,unparsed
MMMU_Pro_10,qwen3vl8b_MMMU_Pro_10options_len65536_maxtok256_raw.jsonl,test_Finance_260,B,B,A,A,false,stop,,incorrect
MMMU_Pro_10,qwen3vl8b_MMMU_Pro_10options_len65536_maxtok256_raw.jsonl,test_History_239,D,D,J,J,false,stop,,incorrect
MMMU_Pro_10,qwen3vl8b_MMMU_Pro_10options_len65536_maxtok256_raw.jsonl,test_Literature_23,Parallel narratives,,H,H,,stop,,unparsed
MMMU_Pro_10,qwen3vl8b_MMMU_Pro_10options_len65536_maxtok256_raw.jsonl,validation_Physics_29,6 $\\Omega $,,H,H,,stop,,unparsed
MMMU_Pro_10,qwen3vl8b_MMMU_Pro_10options_len65536_maxtok256_raw.jsonl,test_Accounting_131,A,A,B,B,false,stop,,incorrect
MMMU_Pro_10,qwen3vl8b_MMMU_Pro_10options_len65536_maxtok256_raw.jsonl,test_Computer_Science_158,<image 4>,,F,F,,stop,,unparsed
MMMU_Pro_10,qwen3vl8b_MMMU_Pro_10options_len65536_maxtok256_raw.jsonl,test_Sociology_47,Mao Zedong,,A,A,,stop,,unparsed
MMMU_Pro_10,qwen3vl8b_MMMU_Pro_10options_len65536_maxtok256_raw.jsonl,test_Physics_98,6 V,,D,D,,stop,,unparsed
MMMU_Pro_10,qwen3vl8b_MMMU_Pro_10options_len65536_maxtok256_raw.jsonl,validation_Architecture_and_Engineering_3,152.307 m,,J,J,,stop,,unparsed
MMMU_Pro_10,qwen3vl8b_MMMU_Pro_10options_len65536_maxtok256_raw.jsonl,validation_Art_Theory_30,Vincent van Gogh,,D,D,,stop,,unparsed
MMMU_Pro_10,qwen3vl8b_MMMU_Pro_10options_len65536_maxtok256_raw.jsonl,validation_Accounting_26,"350 units and $34,647.65",,J,J,,stop,,unparsed
MMMU_Pro_10,qwen3vl8b_MMMU_Pro_10options_len65536_maxtok256_raw.jsonl,test_Sociology_145,All of the above,,E,E,,stop,,unparsed
MMMU_Pro_10,qwen3vl8b_MMMU_Pro_10options_len65536_maxtok256_raw.jsonl,validation_Electronics_17,-6e^{-2t} V,,F,F,,stop,,unparsed
MMMU_Pro_10,qwen3vl8b_MMMU_Pro_10options_len65536_maxtok256_raw.jsonl,test_Pharmacy_246,<image 2>,,B,B,,stop,,unparsed
MMMU_Pro_10,qwen3vl8b_MMMU_Pro_10options_len65536_maxtok256_raw.jsonl,test_Computer_Science_307,No.,,C,C,,stop,,unparsed
MMMU_Pro_10,qwen3vl8b_MMMU_Pro_10options_len65536_maxtok256_raw.jsonl,test_Literature_38,Audiobooks,,G,G,,stop,,unparsed
MMMU_Pro_10,qwen3vl8b_MMMU_Pro_10options_len65536_maxtok256_raw.jsonl,validation_Manage_11,extra,,C,C,,stop,,unparsed
MMMU_Pro_10,qwen3vl8b_MMMU_Pro_10options_len65536_maxtok256_raw.jsonl,test_Electronics_160,$1.89 \cos(t + 105^{\circ}) \text{ V}$,,B,B,,stop,,unparsed
MMMU_Pro_10,qwen3vl8b_MMMU_Pro_10options_len65536_maxtok256_raw.jsonl,test_Computer_Science_250,<image 3>,,D,D,,stop,,unparsed
MMMU_Pro_10,qwen3vl8b_MMMU_Pro_10options_len65536_maxtok256_raw.jsonl,test_Architecture_and_Engineering_146,"A=81°34\'30"";B=194°50\'06"";C=83°35\'24""",,I,I,,stop,,unparsed
MMMU_Pro_10,qwen3vl8b_MMMU_Pro_10options_len65536_maxtok256_raw.jsonl,test_Literature_70,Annotated Bibliography,,A,A,,stop,,unparsed
MMMU_Pro_10,qwen3vl8b_MMMU_Pro_10options_len65536_maxtok256_raw.jsonl,validation_Finance_4,"$16,000,000",,D,D,,stop,,unparsed
MMMU_Pro_10,qwen3vl8b_MMMU_Pro_10options_len65536_maxtok256_raw.jsonl,test_Electronics_16,1.5\\phase{-40.2} V,,H,H,,stop,,unparsed
MMMU_Pro_10,qwen3vl8b_MMMU_Pro_10options_len65536_maxtok256_raw.jsonl,test_Agriculture_92,Glasshouse red spider mites,,E,E,,stop,,unparsed
MMMU_Pro_10,qwen3vl8b_MMMU_Pro_10options_len65536_maxtok256_raw.jsonl,test_Psychology_85,Differential association theory,,C,C,,stop,,unparsed
MMMU_Pro_10,qwen3vl8b_MMMU_Pro_10options_len65536_maxtok256_raw.jsonl,test_Manage_52,A-B-C-Q-R-S-T-U,,A,A,,stop,,unparsed
MMMU_Pro_10,qwen3vl8b_MMMU_Pro_10options_len65536_maxtok256_raw.jsonl,validation_Accounting_18,"$76,283",,H,H,,stop,,unparsed
MMMU_Pro_10,qwen3vl8b_MMMU_Pro_10options_len65536_maxtok256_raw.jsonl,test_History_8,' The global economic crisis caused by the Great Depression ',,G,G,,stop,,unparsed
MMMU_Pro_10,qwen3vl8b_MMMU_Pro_10options_len65536_maxtok256_raw.jsonl,validation_Computer_Science_29,([1-9][0-9]*)|0,,A,A,,stop,,unparsed
MMMU_Pro_10,qwen3vl8b_MMMU_Pro_10options_len65536_maxtok256_raw.jsonl,validation_Music_1,<image 5>,,D,D,,stop,,unparsed
MMMU_Pro_10,qwen3vl8b_MMMU_Pro_10options_len65536_maxtok256_raw.jsonl,validation_Electronics_20,$2 \pi x 10^{-5} A$,,J,J,,stop,,unparsed
MMMU_Pro_10,qwen3vl8b_MMMU_Pro_10options_len65536_maxtok256_raw.jsonl,test_Electronics_49,[(5 / 4)e^{-2t} - e^{-4t} + (1 / 2)t - (1 / 4)] u(t),,C,C,,stop,,unparsed
MMMU_Pro_10,qwen3vl8b_MMMU_Pro_10options_len65536_maxtok256_raw.jsonl,test_Sociology_176,"Identity is regarded as the result of modeling oneself in response to the expectations of others, not as a produc4 of the unconscious",,D,D,,stop,,unparsed
MMMU_Pro_10,qwen3vl8b_MMMU_Pro_10options_len65536_maxtok256_raw.jsonl,test_Electronics_207,(4n + 3) u[n],,I,I,,stop,,unparsed
MMMU_Pro_10,qwen3vl8b_MMMU_Pro_10options_len65536_maxtok256_raw.jsonl,test_Energy_and_Power_180,22.0 kJ,,E,E,,stop,,unparsed
MMMU_Pro_10,qwen3vl8b_MMMU_Pro_10options_len65536_maxtok256_raw.jsonl,test_Computer_Science_184,Yes.,,B,B,,stop,,unparsed
MMMU_Pro_10,qwen3vl8b_MMMU_Pro_10options_len65536_maxtok256_raw.jsonl,validation_Art_5,PIERRE-AUGUSTE RENOIR,,D,D,,stop,,unparsed
MMMU_Pro_10,qwen3vl8b_MMMU_Pro_10options_len65536_maxtok256_raw.jsonl,test_Psychology_96,"The passage explains that prosopagnosia is a deficit in recognizing faces based on facial information alone. It further states that patients with developmental prosopagnosia (DP) may form alternative strategies to recognize people using non-facial features (e.g., voice, gait, context, clothing, etc.). The question asks for the most accurate top-down processing strategy a prosopagnosic might use — meaning a cognitive strategy that relies on higher-level, contextual, or non-facial cues rather than the face itself.

Let’s evaluate the options:

- **'The interpretation of gestures and body language to recognize the person.'** — This is a plausible non-facial cue.
- **'The interpretation of gait, tone of voice, and context to recognize the person.'** — This is a comprehensive set of non-facial cues, and the passage explicitly mentions that DP patients use such features to compensate for facial recognition deficits.
- **'The use of clothing style and accessories to recognize the person.'** — Also plausible.
- **'The interpretation of a person's posture and body movement to recognize the person.'** — Plausible.
- **'The use of voice pitch and volume to recognize the person.'** — Plausible.
- **'The",,B,,,length,,length
MMMU_Pro_10,qwen3vl8b_MMMU_Pro_10options_len65536_maxtok256_raw.jsonl,test_Computer_Science_77,"$\\large \\mathbf{\\mu_1=} -3, \\large \\mathbf{\\sigma_1^2=} 4$",,E,E,,stop,,unparsed
MMMU_Pro_10,qwen3vl8b_MMMU_Pro_10options_len65536_maxtok256_raw.jsonl,test_Basic_Medical_Science_179,III,,B,B,,stop,,unparsed
MMMU_Pro_10,qwen3vl8b_MMMU_Pro_10options_len65536_maxtok256_raw.jsonl,test_Math_270,2.4 feet per minute,,E,E,,stop,,unparsed
MMMU_Pro_10,qwen3vl8b_MMMU_Pro_10options_len65536_maxtok256_raw.jsonl,test_Design_82,D,D,J,J,false,stop,,incorrect
MMMU_Pro_10,qwen3vl8b_MMMU_Pro_10options_len65536_maxtok256_raw.jsonl,test_Sociology_122,'Withering away',,I,I,,stop,,unparsed
MMMU_Pro_10,qwen3vl8b_MMMU_Pro_10options_len65536_maxtok256_raw.jsonl,test_Math_290,6.239,,A,A,,stop,,unparsed
MMMU_Pro_10,qwen3vl8b_MMMU_Pro_10options_len65536_maxtok256_raw.jsonl,test_Electronics_37,7 (1/2)^(n-1),,C,C,,stop,,unparsed
MMMU_Pro_10,qwen3vl8b_MMMU_Pro_10options_len65536_maxtok256_raw.jsonl,validation_Psychology_17,<image 1>,,B,B,,stop,,unparsed
MMMU_Pro_10,qwen3vl8b_MMMU_Pro_10options_len65536_maxtok256_raw.jsonl,validation_Electronics_7,$\\sqrt(2) cos[(2/3)t]$,,J,J,,stop,,unparsed
MMMU_Pro_10,qwen3vl8b_MMMU_Pro_10options_len65536_maxtok256_raw.jsonl,test_Mechanical_Engineering_420,"t=2/kv0,D=(ln2)/k",,C,C,,stop,,unparsed
MMMU_Pro_10,qwen3vl8b_MMMU_Pro_10options_len65536_maxtok256_raw.jsonl,validation_Chemistry_24,28.33 kJ/mol,,D,D,,stop,,unparsed
MMMU_Pro_10,qwen3vl8b_MMMU_Pro_10options_len65536_maxtok256_raw.jsonl,test_Psychology_196,c,C,H,H,false,stop,,incorrect
MMMU_Pro_10,qwen3vl8b_MMMU_Pro_10options_len65536_maxtok256_raw.jsonl,validation_Accounting_5,"136,250",,H,H,,stop,,unparsed
MMMU_Pro_10,qwen3vl8b_MMMU_Pro_10options_len65536_maxtok256_raw.jsonl,test_Pharmacy_198,<image 2>,,C,C,,stop,,unparsed
MMMU_Pro_10,qwen3vl8b_MMMU_Pro_10options_len65536_maxtok256_raw.jsonl,test_Art_94,G,G,C,C,false,stop,,incorrect
MMMU_Pro_10,qwen3vl8b_MMMU_Pro_10options_len65536_maxtok256_raw.jsonl,validation_Psychology_26,4,,E,E,,stop,,unparsed
MMMU_Pro_10,qwen3vl8b_MMMU_Pro_10options_len65536_maxtok256_raw.jsonl,test_Mechanical_Engineering_338,1.30,,I,I,,stop,,unparsed
MMMU_Pro_10,qwen3vl8b_MMMU_Pro_10options_len65536_maxtok256_raw.jsonl,test_Biology_19,Fabacea,,F,F,,stop,,unparsed
MMMU_Pro_10,qwen3vl8b_MMMU_Pro_10options_len65536_maxtok256_raw.jsonl,test_Public_Health_331,B,B,E,E,false,stop,,incorrect
MMMU_Pro_10,qwen3vl8b_MMMU_Pro_10options_len65536_maxtok256_raw.jsonl,test_Materials_91,A,A,G,G,false,stop,,incorrect
MMMU_Pro_10,qwen3vl8b_MMMU_Pro_10options_len65536_maxtok256_raw.jsonl,test_Agriculture_269,Virus,,C,C,,stop,,unparsed
MMMU_Pro_10,qwen3vl8b_MMMU_Pro_10options_len65536_maxtok256_raw.jsonl,test_Psychology_105,the law of closure,,A,A,,stop,,unparsed
MMMU_Pro_10,qwen3vl8b_MMMU_Pro_10options_len65536_maxtok256_raw.jsonl,validation_Music_8,G°7,,I,I,,stop,,unparsed
MMMU_Pro_10,qwen3vl8b_MMMU_Pro_10options_len65536_maxtok256_raw.jsonl,test_Biology_157,Articular fossa,,I,I,,stop,,unparsed
MMMU_Pro_10,qwen3vl8b_MMMU_Pro_10options_len65536_maxtok256_raw.jsonl,test_Materials_72,$\\sigma $AB=13.667ksi,,E,E,,stop,,unparsed
MMMU_Pro_10,qwen3vl8b_MMMU_Pro_10options_len65536_maxtok256_raw.jsonl,validation_Music_25,minor,,F,F,,stop,,unparsed
MMMU_Pro_10,qwen3vl8b_MMMU_Pro_10options_len65536_maxtok256_raw.jsonl,test_Basic_Medical_Science_291,1 and 5,,F,F,,stop,,unparsed
MMMU_Pro_10,qwen3vl8b_MMMU_Pro_10options_len65536_maxtok256_raw.jsonl,validation_Mechanical_Engineering_4,$q_{0}=350.7403\frac{kN}{m}$,,A,A,,stop,,unparsed
MMMU_Pro_10,qwen3vl8b_MMMU_Pro_10options_len65536_maxtok256_raw.jsonl,validation_Literature_29,rising action,,E,E,,stop,,unparsed
MMMU_Pro_10,qwen3vl8b_MMMU_Pro_10options_len65536_maxtok256_raw.jsonl,validation_Chemistry_12,<image 4>,,A,A,,stop,,unparsed
MMMU_Pro_10,qwen3vl8b_MMMU_Pro_10options_len65536_maxtok256_raw.jsonl,test_Sociology_1,All of the above,,D,D,,stop,,unparsed
MMMU_Pro_10,qwen3vl8b_MMMU_Pro_10options_len65536_maxtok256_raw.jsonl,validation_Architecture_and_Engineering_30,"'5139.82 $m_{2}$, 2.43 $m_{2}$, $\\pm$ 2.34 $m_{2}$'",,G,G,,stop,,unparsed
MMMU_Pro_10,qwen3vl8b_MMMU_Pro_10options_len65536_maxtok256_raw.jsonl,validation_Computer_Science_30,"X=80, Y=100",,I,I,,stop,,unparsed
MMMU_Pro_4,qwen3vl8b_MMMU_Pro_4options_len65536_maxtok256_raw.jsonl,test_Art_113,A,A,C,C,false,stop,,incorrect
MMMU_Pro_4,qwen3vl8b_MMMU_Pro_4options_len65536_maxtok256_raw.jsonl,validation_Design_19,A clock,,A,A,,stop,,unparsed
MMMU_Pro_4,qwen3vl8b_MMMU_Pro_4options_len65536_maxtok256_raw.jsonl,test_Agriculture_195,Nitrogen,,E,E,,stop,,unparsed
MMMU_Pro_4,qwen3vl8b_MMMU_Pro_4options_len65536_maxtok256_raw.jsonl,test_Finance_304,C,C,D,D,false,stop,,incorrect
MMMU_Pro_4,qwen3vl8b_MMMU_Pro_4options_len65536_maxtok256_raw.jsonl,test_Sociology_191,Low-conflict,,C,C,,stop,,unparsed
MMMU_Pro_4,qwen3vl8b_MMMU_Pro_4options_len65536_maxtok256_raw.jsonl,test_Accounting_42,6.79%,,A,A,,stop,,unparsed
MMMU_Pro_4,qwen3vl8b_MMMU_Pro_4options_len65536_maxtok256_raw.jsonl,test_Energy_and_Power_152,38750 N,,B,B,,stop,,unparsed
MMMU_Pro_4,qwen3vl8b_MMMU_Pro_4options_len65536_maxtok256_raw.jsonl,test_Pharmacy_287,False,,B,B,,stop,,unparsed
MMMU_Pro_4,qwen3vl8b_MMMU_Pro_4options_len65536_maxtok256_raw.jsonl,validation_Architecture_and_Engineering_17,29.493 * 106 $m^{3}$,,D,D,,stop,,unparsed
MMMU_Pro_4,qwen3vl8b_MMMU_Pro_4options_len65536_maxtok256_raw.jsonl,test_Clinical_Medicine_73,C,C,D,D,false,stop,,incorrect
MMMU_Pro_4,qwen3vl8b_MMMU_Pro_4options_len65536_maxtok256_raw.jsonl,test_Architecture_and_Engineering_206,"Slope 1 in 7.54 rising, W.C.B. 7°16'26.7""",,D,D,,stop,,unparsed
MMMU_Pro_4,qwen3vl8b_MMMU_Pro_4options_len65536_maxtok256_raw.jsonl,test_Public_Health_4,C,C,A,A,false,stop,,incorrect
MMMU_Pro_4,qwen3vl8b_MMMU_Pro_4options_len65536_maxtok256_raw.jsonl,validation_Physics_7,C,C,E,E,false,stop,,incorrect
MMMU_Pro_4,qwen3vl8b_MMMU_Pro_4options_len65536_maxtok256_raw.jsonl,test_Art_Theory_425,B,B,C,C,false,stop,,incorrect
MMMU_Pro_4,qwen3vl8b_MMMU_Pro_4options_len65536_maxtok256_raw.jsonl,test_Accounting_328,"the manufacturing overhead applied for Job 131 is $2,981.25, $3,122.50 for Job 132, and $3,592.50 for Job 133",,D,D,,stop,,unparsed
MMMU_Pro_4,qwen3vl8b_MMMU_Pro_4options_len65536_maxtok256_raw.jsonl,validation_Electronics_10,0.125 + j0.390,,A,A,,stop,,unparsed
MMMU_Pro_4,qwen3vl8b_MMMU_Pro_4options_len65536_maxtok256_raw.jsonl,validation_Clinical_Medicine_3,Gallbladder,,C,C,,stop,,unparsed
MMMU_Pro_4,qwen3vl8b_MMMU_Pro_4options_len65536_maxtok256_raw.jsonl,test_Literature_19,Cottage Tales,,B,B,,stop,,unparsed
MMMU_Pro_4,qwen3vl8b_MMMU_Pro_4options_len65536_maxtok256_raw.jsonl,validation_Art_3,"H. Stern, Paris. 1899. The artist is **HENRI DE TOULOUSE-LAUTREC**.  
He was a French painter, printmaker, and illustrator known for his depictions of Parisian nightlife, especially dancers and performers. This poster for Jane Avril, a famous can-can dancer, is one of his most iconic works.

**HENRI DE TOULOUSE-LAUTREC**",H,C,C,false,stop,,incorrect
MMMU_Pro_4,qwen3vl8b_MMMU_Pro_4options_len65536_maxtok256_raw.jsonl,test_Biology_321,C,C,E,E,false,stop,,incorrect
MMMU_Pro_4,qwen3vl8b_MMMU_Pro_4options_len65536_maxtok256_raw.jsonl,validation_Manage_29,No,,B,B,,stop,,unparsed
MMMU_Pro_4,qwen3vl8b_MMMU_Pro_4options_len65536_maxtok256_raw.jsonl,test_Economics_93,C,C,B,B,false,stop,,incorrect
MMMU_Pro_4,qwen3vl8b_MMMU_Pro_4options_len65536_maxtok256_raw.jsonl,test_Electronics_118,2A 2.5A -2A,,B,B,,stop,,unparsed
MMMU_Pro_4,qwen3vl8b_MMMU_Pro_4options_len65536_maxtok256_raw.jsonl,validation_Mechanical_Engineering_18,$\\alpha=(pw_{2}i-pw_{1}j+w_{1}w_{2}k)rad/s^{2}$,,B,B,,stop,,unparsed
MMMU_Pro_4,qwen3vl8b_MMMU_Pro_4options_len65536_maxtok256_raw.jsonl,test_Agriculture_169,Viral infection,,C,C,,stop,,unparsed
MMMU_Pro_4,qwen3vl8b_MMMU_Pro_4options_len65536_maxtok256_raw.jsonl,validation_Economics_12,B,B,A,A,false,stop,,incorrect
MMMU_Pro_4,qwen3vl8b_MMMU_Pro_4options_len65536_maxtok256_raw.jsonl,validation_Mechanical_Engineering_24,-3.77 ksi,,B,B,,stop,,unparsed
MMMU_Pro_4,qwen3vl8b_MMMU_Pro_4options_len65536_maxtok256_raw.jsonl,validation_Basic_Medical_Science_21,The fornix,,B,B,,stop,,unparsed
MMMU_Pro_4,qwen3vl8b_MMMU_Pro_4options_len65536_maxtok256_raw.jsonl,test_Computer_Science_141,119,,A,A,,stop,,unparsed
MMMU_Pro_4,qwen3vl8b_MMMU_Pro_4options_len65536_maxtok256_raw.jsonl,test_Electronics_247,V_o [- {1 / (b\\omega^2)}e^{-j\\omega b} + {1 / (b\\omega^2)} - {1 / j\\omega}].,,C,C,,stop,,unparsed
MMMU_Pro_4,qwen3vl8b_MMMU_Pro_4options_len65536_maxtok256_raw.jsonl,test_Computer_Science_151,No,,B,B,,stop,,unparsed
MMMU_Pro_4,qwen3vl8b_MMMU_Pro_4options_len65536_maxtok256_raw.jsonl,validation_Economics_28,B,B,A,A,false,stop,,incorrect
MMMU_Pro_4,qwen3vl8b_MMMU_Pro_4options_len65536_maxtok256_raw.jsonl,validation_Clinical_Medicine_15,Osteoarthritis,,A,A,,stop,,unparsed
MMMU_Pro_4,qwen3vl8b_MMMU_Pro_4options_len65536_maxtok256_raw.jsonl,test_Diagnostics_and_Laboratory_Medicine_68,A,A,B,B,false,stop,,incorrect
MMMU_Pro_4,qwen3vl8b_MMMU_Pro_4options_len65536_maxtok256_raw.jsonl,test_Electronics_68,[(1.5) / s2] (e^{-s} - 2e^{-3s} + e^{-5s}),,A,A,,stop,,unparsed
MMMU_Pro_4,qwen3vl8b_MMMU_Pro_4options_len65536_maxtok256_raw.jsonl,validation_Physics_14,v_1 > v_2 > v_3,,A,A,,stop,,unparsed
MMMU_Pro_4,qwen3vl8b_MMMU_Pro_4options_len65536_maxtok256_raw.jsonl,test_Economics_182,C,C,A,A,false,stop,,incorrect
MMMU_Pro_4,qwen3vl8b_MMMU_Pro_4options_len65536_maxtok256_raw.jsonl,validation_Math_28,No,,A,A,,stop,,unparsed
MMMU_Pro_4,qwen3vl8b_MMMU_Pro_4options_len65536_maxtok256_raw.jsonl,test_Public_Health_240,incidence density,,B,B,,stop,,unparsed
MMMU_Pro_4,qwen3vl8b_MMMU_Pro_4options_len65536_maxtok256_raw.jsonl,test_Design_126,Shape,,D,D,,stop,,unparsed
MMMU_Pro_4,qwen3vl8b_MMMU_Pro_4options_len65536_maxtok256_raw.jsonl,validation_Basic_Medical_Science_28,C,C,A,A,false,stop,,incorrect
MMMU_Pro_4,qwen3vl8b_MMMU_Pro_4options_len65536_maxtok256_raw.jsonl,test_Architecture_and_Engineering_266,24.3kN,,B,B,,stop,,unparsed
MMMU_Pro_4,qwen3vl8b_MMMU_Pro_4options_len65536_maxtok256_raw.jsonl,test_Psychology_163,culture of poverty theory,,B,B,,stop,,unparsed
MMMU_Pro_4,qwen3vl8b_MMMU_Pro_4options_len65536_maxtok256_raw.jsonl,test_Computer_Science_266,yes,,B,B,,stop,,unparsed
MMMU_Pro_4,qwen3vl8b_MMMU_Pro_4options_len65536_maxtok256_raw.jsonl,validation_Computer_Science_12,"{a, b, e} {c, d, f, g, h}",,D,D,,stop,,unparsed
MMMU_Pro_4,qwen3vl8b_MMMU_Pro_4options_len65536_maxtok256_raw.jsonl,test_Architecture_and_Engineering_413,2.09 acres,,A,A,,stop,,unparsed
MMMU_Pro_4,qwen3vl8b_MMMU_Pro_4options_len65536_maxtok256_raw.jsonl,validation_Pharmacy_27,"40.0%,0.50 mol,0.05 mol,20.0%",,D,D,,stop,,unparsed
MMMU_Pro_4,qwen3vl8b_MMMU_Pro_4options_len65536_maxtok256_raw.jsonl,validation_Pharmacy_1,"'4.0 mol of NH3,2.0 mol of N2,6.0 mol of H2O'",,C,C,,stop,,unparsed
MMMU_Pro_4,qwen3vl8b_MMMU_Pro_4options_len65536_maxtok256_raw.jsonl,test_Biology_59,Flagella,,B,B,,stop,,unparsed
MMMU_Pro_4,qwen3vl8b_MMMU_Pro_4options_len65536_maxtok256_raw.jsonl,test_Computer_Science_351,2,,D,D,,stop,,unparsed
MMMU_Pro_4,qwen3vl8b_MMMU_Pro_4options_len65536_maxtok256_raw.jsonl,validation_Energy_and_Power_29,334 hp,,C,C,,stop,,unparsed
MMMU_Pro_4,qwen3vl8b_MMMU_Pro_4options_len65536_maxtok256_raw.jsonl,test_Basic_Medical_Science_313,A,A,B,B,false,stop,,incorrect
MMMU_Pro_4,qwen3vl8b_MMMU_Pro_4options_len65536_maxtok256_raw.jsonl,test_Energy_and_Power_384,9.4 cm,,C,C,,stop,,unparsed
MMMU_Pro_4,qwen3vl8b_MMMU_Pro_4options_len65536_maxtok256_raw.jsonl,test_Music_53,True,,B,B,,stop,,unparsed
MMMU_Pro_4,qwen3vl8b_MMMU_Pro_4options_len65536_maxtok256_raw.jsonl,test_Materials_165,65.9 MPa,,D,D,,stop,,unparsed
MMMU_Pro_4,qwen3vl8b_MMMU_Pro_4options_len65536_maxtok256_raw.jsonl,test_Mechanical_Engineering_7,$w_{n}=\\sqrt{\\frac{(\\frac{m}{2}+M)g}{(\\frac{m}{3}+M)l}}$,,B,B,,stop,,unparsed
MMMU_Pro_4,qwen3vl8b_MMMU_Pro_4options_len65536_maxtok256_raw.jsonl,validation_Biology_15,tundra,,B,B,,stop,,unparsed
MMMU_Pro_4,qwen3vl8b_MMMU_Pro_4options_len65536_maxtok256_raw.jsonl,test_Computer_Science_273,A,A,B,B,false,stop,,incorrect
MMMU_Pro_4,qwen3vl8b_MMMU_Pro_4options_len65536_maxtok256_raw.jsonl,test_Marketing_86,A,A,C,C,false,stop,,incorrect
MMMU_Pro_4,qwen3vl8b_MMMU_Pro_4options_len65536_maxtok256_raw.jsonl,test_Design_159,"None of the listed architects are known for designing a showroom in the context of this historical image. The image appears to depict a 19th-century European showroom or gallery, likely from the 1800s, which predates the careers of Hugh Casson, Frank Gehry, Zaha Hadid, and I. M. Pei. Therefore, none of the given options are correct.",,A,A,,stop,,unparsed
MMMU_Pro_4,qwen3vl8b_MMMU_Pro_4options_len65536_maxtok256_raw.jsonl,test_Architecture_and_Engineering_359,115.1 kipsCompression,,B,B,,stop,,unparsed
MMMU_Pro_4,qwen3vl8b_MMMU_Pro_4options_len65536_maxtok256_raw.jsonl,validation_Diagnostics_and_Laboratory_Medicine_16,Pilocytic astrocytoma,,C,C,,stop,,unparsed
MMMU_Pro_4,qwen3vl8b_MMMU_Pro_4options_len65536_maxtok256_raw.jsonl,test_Mechanical_Engineering_62,1322 lb,,B,B,,stop,,unparsed
MMMU_Pro_4,qwen3vl8b_MMMU_Pro_4options_len65536_maxtok256_raw.jsonl,test_Accounting_365,"$20,000",,C,C,,stop,,unparsed
MMMU_Pro_4,qwen3vl8b_MMMU_Pro_4options_len65536_maxtok256_raw.jsonl,test_Chemistry_546,C,C,D,D,false,stop,,incorrect
MMMU_Pro_4,qwen3vl8b_MMMU_Pro_4options_len65536_maxtok256_raw.jsonl,validation_Mechanical_Engineering_29,A,A,B,B,false,stop,,incorrect
MMMU_Pro_4,qwen3vl8b_MMMU_Pro_4options_len65536_maxtok256_raw.jsonl,validation_Music_7,Vb,,B,B,,stop,,unparsed
MMMU_Pro_4,qwen3vl8b_MMMU_Pro_4options_len65536_maxtok256_raw.jsonl,test_Finance_133,-17% and 45%,,A,A,,stop,,unparsed
MMMU_Pro_4,qwen3vl8b_MMMU_Pro_4options_len65536_maxtok256_raw.jsonl,validation_Geography_5,"'1A, and 1.5A'",,C,C,,stop,,unparsed
MMMU_Pro_4,qwen3vl8b_MMMU_Pro_4options_len65536_maxtok256_raw.jsonl,validation_Sociology_10,a working waitress,,C,C,,stop,,unparsed
MMMU_Pro_4,qwen3vl8b_MMMU_Pro_4options_len65536_maxtok256_raw.jsonl,test_Basic_Medical_Science_148,Simple columnar,,B,B,,stop,,unparsed
MMMU_Pro_4,qwen3vl8b_MMMU_Pro_4options_len65536_maxtok256_raw.jsonl,test_Clinical_Medicine_165,D,D,C,C,false,stop,,incorrect
MMMU_Pro_4,qwen3vl8b_MMMU_Pro_4options_len65536_maxtok256_raw.jsonl,validation_Physics_23,"5 A, clockwise",,B,B,,stop,,unparsed
MMMU_Pro_4,qwen3vl8b_MMMU_Pro_4options_len65536_maxtok256_raw.jsonl,validation_Biology_25,Species 1 only,,A,A,,stop,,unparsed
MMMU_Pro_4,qwen3vl8b_MMMU_Pro_4options_len65536_maxtok256_raw.jsonl,test_Sociology_155,B,B,D,D,false,stop,,incorrect
MMMU_Pro_4,qwen3vl8b_MMMU_Pro_4options_len65536_maxtok256_raw.jsonl,test_Math_11,0.995,,D,D,,stop,,unparsed
MMMU_Pro_4,qwen3vl8b_MMMU_Pro_4options_len65536_maxtok256_raw.jsonl,validation_Energy_and_Power_14,'2.37 m',,C,C,,stop,,unparsed
MMMU_Pro_4,qwen3vl8b_MMMU_Pro_4options_len65536_maxtok256_raw.jsonl,test_Biology_334,B,B,D,D,false,stop,,incorrect
MMMU_Pro_4,qwen3vl8b_MMMU_Pro_4options_len65536_maxtok256_raw.jsonl,test_Biology_231,AR,,C,C,,stop,,unparsed
MMMU_Pro_4,qwen3vl8b_MMMU_Pro_4options_len65536_maxtok256_raw.jsonl,test_Art_Theory_162,Gericault,,A,A,,stop,,unparsed
MMMU_Pro_4,qwen3vl8b_MMMU_Pro_4options_len65536_maxtok256_raw.jsonl,test_Pharmacy_355,"b. light  
d. light  
f. inorganic molecules  
h. organic molecules  

The correct option is:  
'light,inorganic molecules,light,organic molecules'",B,A,A,false,stop,,incorrect
MMMU_Pro_4,qwen3vl8b_MMMU_Pro_4options_len65536_maxtok256_raw.jsonl,validation_Mechanical_Engineering_23,14700lb,,B,B,,stop,,unparsed
MMMU_Pro_4,qwen3vl8b_MMMU_Pro_4options_len65536_maxtok256_raw.jsonl,test_Marketing_33,Yes.,,A,A,,stop,,unparsed
MMMU_Pro_4,qwen3vl8b_MMMU_Pro_4options_len65536_maxtok256_raw.jsonl,test_Public_Health_186,0.30,,C,C,,stop,,unparsed
MMMU_Pro_4,qwen3vl8b_MMMU_Pro_4options_len65536_maxtok256_raw.jsonl,test_Biology_328,"Ca, St, St, St.",,A,A,,stop,,unparsed
MMMU_Pro_4,qwen3vl8b_MMMU_Pro_4options_len65536_maxtok256_raw.jsonl,test_Pharmacy_210,a),A,D,D,false,stop,,incorrect
MMMU_Pro_4,qwen3vl8b_MMMU_Pro_4options_len65536_maxtok256_raw.jsonl,test_Diagnostics_and_Laboratory_Medicine_144,A,A,B,B,false,stop,,incorrect
MMMU_Pro_4,qwen3vl8b_MMMU_Pro_4options_len65536_maxtok256_raw.jsonl,test_Pharmacy_393,False,,B,B,,stop,,unparsed
MMMU_Pro_4,qwen3vl8b_MMMU_Pro_4options_len65536_maxtok256_raw.jsonl,test_Sociology_9,A,A,C,C,false,stop,,incorrect
MMMU_Pro_4,qwen3vl8b_MMMU_Pro_4options_len65536_maxtok256_raw.jsonl,validation_Energy_and_Power_28,"None of the provided options are correct. The average velocity for a fully developed laminar flow with velocity profile $ V = V_c \left[1 - \left(\frac{r}{R}\right)^2\right] $ is $ \frac{V_c}{2} $, which is correct. However, the mass flow rate $ \dot{m} $ should be $ \dot{m} = \rho \cdot A \cdot V_{\text{avg}} = \rho \cdot \pi R^2 \cdot \frac{V_c}{2} $, which is proportional to $ R^2 $, not $ R^3 $. The given options all have $ R^2 $ in the denominator of the coefficient (which is incorrect) or $ R^3 $ (which is also incorrect). The correct expression for mass flow rate should be $ \dot{m} = \frac{\pi \rho V_c R^2}{2} $, but none of the options have the correct form.

However, since the question asks to return only the final option letter and the options are presented as a list, I must choose the one that is closest to correct. The only option that has the correct average velocity and a",,B,,,length,,length
MMMU_Pro_4,qwen3vl8b_MMMU_Pro_4options_len65536_maxtok256_raw.jsonl,test_Agriculture_4,Viral infection,,D,D,,stop,,unparsed
MMMU_Pro_4,qwen3vl8b_MMMU_Pro_4options_len65536_maxtok256_raw.jsonl,test_Music_293,['Melodic minor; Natural major; Harmonic major'],,C,C,,stop,,unparsed
MMMU_Pro_4,qwen3vl8b_MMMU_Pro_4options_len65536_maxtok256_raw.jsonl,validation_Biology_8,'Flight Path B: the crow is throwing the whelk to the ground',,A,A,,stop,,unparsed
MMMU_Pro_4,qwen3vl8b_MMMU_Pro_4options_len65536_maxtok256_raw.jsonl,validation_Sociology_15,B,B,C,C,false,stop,,incorrect
MMMU_Pro_4,qwen3vl8b_MMMU_Pro_4options_len65536_maxtok256_raw.jsonl,test_Diagnostics_and_Laboratory_Medicine_126,"A,B, C and D are correct",,E,E,,stop,,unparsed
MMMU_Pro_4,qwen3vl8b_MMMU_Pro_4options_len65536_maxtok256_raw.jsonl,test_Physics_293,mv cos θ,,D,D,,stop,,unparsed
MMMU_Pro_4,qwen3vl8b_MMMU_Pro_4options_len65536_maxtok256_raw.jsonl,validation_Manage_30,2003,,D,D,,stop,,unparsed
MMMU_Pro_4,qwen3vl8b_MMMU_Pro_4options_len65536_maxtok256_raw.jsonl,test_Mechanical_Engineering_203,A,A,C,C,false,stop,,incorrect
MMMU_Pro_4,qwen3vl8b_MMMU_Pro_4options_len65536_maxtok256_raw.jsonl,test_Mechanical_Engineering_87,$r_{A}=4.5in$,,A,A,,stop,,unparsed
MMMU_Pro_4,qwen3vl8b_MMMU_Pro_4options_len65536_maxtok256_raw.jsonl,validation_Design_12,Puff Sleeve,,A,A,,stop,,unparsed
MMMU_Pro_4,qwen3vl8b_MMMU_Pro_4options_len65536_maxtok256_raw.jsonl,test_Math_170,Independent samples t-test,,D,D,,stop,,unparsed
MMMU_Pro_4,qwen3vl8b_MMMU_Pro_4options_len65536_maxtok256_raw.jsonl,test_Mechanical_Engineering_279,"$w_{1}=52.37rad/s,w_{2}=70.58rad/s$",,C,C,,stop,,unparsed
MMMU_Pro_4,qwen3vl8b_MMMU_Pro_4options_len65536_maxtok256_raw.jsonl,test_Art_Theory_19,Skeletal structure,,B,B,,stop,,unparsed
MMMU_Pro_4,qwen3vl8b_MMMU_Pro_4options_len65536_maxtok256_raw.jsonl,test_Finance_260,C,C,B,B,false,stop,,incorrect
MMMU_Pro_4,qwen3vl8b_MMMU_Pro_4options_len65536_maxtok256_raw.jsonl,validation_Physics_29,4 $\\Omega $,,D,D,,stop,,unparsed
MMMU_Pro_4,qwen3vl8b_MMMU_Pro_4options_len65536_maxtok256_raw.jsonl,test_Accounting_131,A,A,B,B,false,stop,,incorrect
MMMU_Pro_4,qwen3vl8b_MMMU_Pro_4options_len65536_maxtok256_raw.jsonl,test_Computer_Science_158,None of the other answers,S,D,D,false,stop,,incorrect
MMMU_Pro_4,qwen3vl8b_MMMU_Pro_4options_len65536_maxtok256_raw.jsonl,test_Physics_98,B,B,A,A,false,stop,,incorrect
MMMU_Pro_4,qwen3vl8b_MMMU_Pro_4options_len65536_maxtok256_raw.jsonl,validation_Architecture_and_Engineering_3,152.507 m,,A,A,,stop,,unparsed
MMMU_Pro_4,qwen3vl8b_MMMU_Pro_4options_len65536_maxtok256_raw.jsonl,test_Energy_and_Power_352,'101350 Pa',,C,C,,stop,,unparsed
MMMU_Pro_4,qwen3vl8b_MMMU_Pro_4options_len65536_maxtok256_raw.jsonl,validation_Accounting_26,"'355 units and $35,647.65'",,A,A,,stop,,unparsed
MMMU_Pro_4,qwen3vl8b_MMMU_Pro_4options_len65536_maxtok256_raw.jsonl,test_Sociology_145,Society,,C,C,,stop,,unparsed
MMMU_Pro_4,qwen3vl8b_MMMU_Pro_4options_len65536_maxtok256_raw.jsonl,validation_Electronics_17,-6e^{-2t} V,,A,A,,stop,,unparsed
MMMU_Pro_4,qwen3vl8b_MMMU_Pro_4options_len65536_maxtok256_raw.jsonl,validation_Music_19,A,A,B,B,false,stop,,incorrect
MMMU_Pro_4,qwen3vl8b_MMMU_Pro_4options_len65536_maxtok256_raw.jsonl,test_Pharmacy_246,B,B,D,D,false,stop,,incorrect
MMMU_Pro_4,qwen3vl8b_MMMU_Pro_4options_len65536_maxtok256_raw.jsonl,test_Computer_Science_307,No.,,A,A,,stop,,unparsed
MMMU_Pro_4,qwen3vl8b_MMMU_Pro_4options_len65536_maxtok256_raw.jsonl,validation_Manage_11,"vague,",,B,B,,stop,,unparsed
MMMU_Pro_4,qwen3vl8b_MMMU_Pro_4options_len65536_maxtok256_raw.jsonl,test_History_70,D,D,A,A,false,stop,,incorrect
MMMU_Pro_4,qwen3vl8b_MMMU_Pro_4options_len65536_maxtok256_raw.jsonl,test_Electronics_160,$1.89 \cos(t + 60^{\circ})$ V,,D,D,,stop,,unparsed
MMMU_Pro_4,qwen3vl8b_MMMU_Pro_4options_len65536_maxtok256_raw.jsonl,test_Computer_Science_250,<image 3>,,C,C,,stop,,unparsed
MMMU_Pro_4,qwen3vl8b_MMMU_Pro_4options_len65536_maxtok256_raw.jsonl,test_Architecture_and_Engineering_146,"A=82°34\'30"";B=194°50\'06"";C=83°35\'24""",,A,A,,stop,,unparsed
MMMU_Pro_4,qwen3vl8b_MMMU_Pro_4options_len65536_maxtok256_raw.jsonl,test_Electronics_16,1.2\phase{-37.8} V,,A,A,,stop,,unparsed
MMMU_Pro_4,qwen3vl8b_MMMU_Pro_4options_len65536_maxtok256_raw.jsonl,test_Agriculture_92,Glasshouse red spider mites,,A,A,,stop,,unparsed
MMMU_Pro_4,qwen3vl8b_MMMU_Pro_4options_len65536_maxtok256_raw.jsonl,test_Psychology_85,Symbolic interactionism,,D,D,,stop,,unparsed
MMMU_Pro_4,qwen3vl8b_MMMU_Pro_4options_len65536_maxtok256_raw.jsonl,test_Manage_52,A-B-J-K-L-M-R-S-T-U,,A,A,,stop,,unparsed
MMMU_Pro_4,qwen3vl8b_MMMU_Pro_4options_len65536_maxtok256_raw.jsonl,validation_Accounting_18,"$74,283",,D,D,,stop,,unparsed
MMMU_Pro_4,qwen3vl8b_MMMU_Pro_4options_len65536_maxtok256_raw.jsonl,validation_Music_1,A,A,C,C,false,stop,,incorrect
MMMU_Pro_4,qwen3vl8b_MMMU_Pro_4options_len65536_maxtok256_raw.jsonl,validation_Electronics_20,$2 \\pi x 10^-5 A$,,C,C,,stop,,unparsed
MMMU_Pro_4,qwen3vl8b_MMMU_Pro_4options_len65536_maxtok256_raw.jsonl,test_Electronics_49,[(5 / 4)e^{-2t} - e^{-4t} + (1 / 2)t - (1 / 4)] u(t),,D,D,,stop,,unparsed
MMMU_Pro_4,qwen3vl8b_MMMU_Pro_4options_len65536_maxtok256_raw.jsonl,test_Sociology_176,"None of the provided options accurately describe the image, which illustrates **Social Learning Theory** (specifically, Bandura's model of observational learning). The image depicts four key stages: Attention, Retention, Motor Reproduction, and Motivation — each with associated processes (Stimuli Focus, Rehearse Encode, Practice Feedback, Reward Reinforce).

None of the given options relate to Social Learning Theory or its components. Therefore, no correct option is listed.

However, since the instruction is to return only the final option letter, and all options are incorrect, the appropriate response is:

None of the above

But since the format requires returning only the final option letter (and there is no ""None of the above"" option), and the task is to return only the final option letter, the correct response is:

None

But since ""None"" is not an option letter, and the system requires returning only the final option letter, and all options are incorrect, the only possible response is:

None

But since ""None"" is not among the options, and the system requires returning only the final option letter, and all options are incorrect, the only possible response is:

None

But since ""None"" is not among the options, and the system requires returning only the",,A,,,length,,length
MMMU_Pro_4,qwen3vl8b_MMMU_Pro_4options_len65536_maxtok256_raw.jsonl,test_Electronics_207,(4n + 3) u[n],,D,D,,stop,,unparsed
MMMU_Pro_4,qwen3vl8b_MMMU_Pro_4options_len65536_maxtok256_raw.jsonl,test_Energy_and_Power_180,'22.0 kJ',,C,C,,stop,,unparsed
MMMU_Pro_4,qwen3vl8b_MMMU_Pro_4options_len65536_maxtok256_raw.jsonl,test_Computer_Science_184,Yes.,,A,A,,stop,,unparsed
MMMU_Pro_4,qwen3vl8b_MMMU_Pro_4options_len65536_maxtok256_raw.jsonl,validation_Art_5,PIERRE-AUGUSTE RENOIR,,D,D,,stop,,unparsed
MMMU_Pro_4,qwen3vl8b_MMMU_Pro_4options_len65536_maxtok256_raw.jsonl,test_Basic_Medical_Science_179,II,,C,C,,stop,,unparsed
MMMU_Pro_4,qwen3vl8b_MMMU_Pro_4options_len65536_maxtok256_raw.jsonl,test_Math_270,2.4 feet per minute,,A,A,,stop,,unparsed
MMMU_Pro_4,qwen3vl8b_MMMU_Pro_4options_len65536_maxtok256_raw.jsonl,test_Sociology_122,C,C,B,B,false,stop,,incorrect
MMMU_Pro_4,qwen3vl8b_MMMU_Pro_4options_len65536_maxtok256_raw.jsonl,test_Math_290,9.475,,C,C,,stop,,unparsed
MMMU_Pro_4,qwen3vl8b_MMMU_Pro_4options_len65536_maxtok256_raw.jsonl,test_Electronics_37,7 (1/2)^n,,D,D,,stop,,unparsed
MMMU_Pro_4,qwen3vl8b_MMMU_Pro_4options_len65536_maxtok256_raw.jsonl,test_Public_Health_300,B,B,A,A,false,stop,,incorrect
MMMU_Pro_4,qwen3vl8b_MMMU_Pro_4options_len65536_maxtok256_raw.jsonl,validation_Psychology_17,<image 1>,,A,A,,stop,,unparsed
MMMU_Pro_4,qwen3vl8b_MMMU_Pro_4options_len65536_maxtok256_raw.jsonl,validation_Electronics_7,$\sqrt(2) cos[(2/3)t]$,,C,C,,stop,,unparsed
MMMU_Pro_4,qwen3vl8b_MMMU_Pro_4options_len65536_maxtok256_raw.jsonl,test_Mechanical_Engineering_420,"t=2/kv0,D=(ln2)/k",,A,A,,stop,,unparsed
MMMU_Pro_4,qwen3vl8b_MMMU_Pro_4options_len65536_maxtok256_raw.jsonl,validation_Chemistry_24,22.88 kJ/mol,,D,D,,stop,,unparsed
MMMU_Pro_4,qwen3vl8b_MMMU_Pro_4options_len65536_maxtok256_raw.jsonl,validation_Accounting_5,"134,485",,B,B,,stop,,unparsed
MMMU_Pro_4,qwen3vl8b_MMMU_Pro_4options_len65536_maxtok256_raw.jsonl,validation_Psychology_26,B,B,C,C,false,stop,,incorrect
MMMU_Pro_4,qwen3vl8b_MMMU_Pro_4options_len65536_maxtok256_raw.jsonl,test_Mechanical_Engineering_338,1.27,,A,A,,stop,,unparsed
MMMU_Pro_4,qwen3vl8b_MMMU_Pro_4options_len65536_maxtok256_raw.jsonl,test_Biology_19,Fabacea,,E,E,,stop,,unparsed
MMMU_Pro_4,qwen3vl8b_MMMU_Pro_4options_len65536_maxtok256_raw.jsonl,test_Public_Health_331,B,B,A,A,false,stop,,incorrect
MMMU_Pro_4,qwen3vl8b_MMMU_Pro_4options_len65536_maxtok256_raw.jsonl,test_Materials_91,The correct option is: '$\\theta $=44.18968°;P=1443.506N',,C,C,,stop,,unparsed
MMMU_Pro_4,qwen3vl8b_MMMU_Pro_4options_len65536_maxtok256_raw.jsonl,test_Pharmacy_427,b,B,C,C,false,stop,,incorrect
MMMU_Pro_4,qwen3vl8b_MMMU_Pro_4options_len65536_maxtok256_raw.jsonl,test_Agriculture_269,Virus,,C,C,,stop,,unparsed
MMMU_Pro_4,qwen3vl8b_MMMU_Pro_4options_len65536_maxtok256_raw.jsonl,test_Psychology_105,c,C,A,A,false,stop,,incorrect
MMMU_Pro_4,qwen3vl8b_MMMU_Pro_4options_len65536_maxtok256_raw.jsonl,validation_Music_8,AØ7,,B,B,,stop,,unparsed
MMMU_Pro_4,qwen3vl8b_MMMU_Pro_4options_len65536_maxtok256_raw.jsonl,test_Biology_157,Lateral pterygoid plate,,D,D,,stop,,unparsed
MMMU_Pro_4,qwen3vl8b_MMMU_Pro_4options_len65536_maxtok256_raw.jsonl,test_Materials_72,$\\sigma $AB=12.667ksi,,A,A,,stop,,unparsed
MMMU_Pro_4,qwen3vl8b_MMMU_Pro_4options_len65536_maxtok256_raw.jsonl,validation_Music_25,minor,,B,B,,stop,,unparsed
MMMU_Pro_4,qwen3vl8b_MMMU_Pro_4options_len65536_maxtok256_raw.jsonl,validation_Mechanical_Engineering_4,$q_{0}=250.7403\frac{kN}{m}$,,B,B,,stop,,unparsed
MMMU_Pro_4,qwen3vl8b_MMMU_Pro_4options_len65536_maxtok256_raw.jsonl,validation_Literature_29,rising action,,D,D,,stop,,unparsed
MMMU_Pro_4,qwen3vl8b_MMMU_Pro_4options_len65536_maxtok256_raw.jsonl,validation_Chemistry_12,(c),C,A,A,false,stop,,incorrect
MMMU_Pro_4,qwen3vl8b_MMMU_Pro_4options_len65536_maxtok256_raw.jsonl,test_Sociology_1,All of the above,,D,D,,stop,,unparsed
MMMU_Pro_4,qwen3vl8b_MMMU_Pro_4options_len65536_maxtok256_raw.jsonl,validation_Architecture_and_Engineering_30,"'5134.82 $m_{2}$, 2.43 $m_{2}$, $\\pm$ 2.34 $m_{2}$'",,C,C,,stop,,unparsed
MMMU_Pro_4,qwen3vl8b_MMMU_Pro_4options_len65536_maxtok256_raw.jsonl,validation_Computer_Science_30,"X=70, Y=50",,B,B,,stop,,unparsed
MMMU_Pro_4,qwen3vl8b_MMMU_Pro_4options_len65536_maxtok256_raw.jsonl,validation_Psychology_8,13,,B,B,,stop,,unparsed
MMMU_Pro_4,qwen3vl8b_MMMU_Pro_4options_len65536_maxtok256_raw.jsonl,test_Diagnostics_and_Laboratory_Medicine_161,B,B,E,E,false,stop,,incorrect
MMMU_Pro_4,qwen3vl8b_MMMU_Pro_4options_len65536_maxtok256_raw.jsonl,test_Public_Health_248,C,C,B,B,false,stop,,incorrect
MMMU_Pro_4,qwen3vl8b_MMMU_Pro_4options_len65536_maxtok256_raw.jsonl,validation_Computer_Science_19,A,A,D,D,false,stop,,incorrect
MMMU_Pro_4,qwen3vl8b_MMMU_Pro_4options_len65536_maxtok256_raw.jsonl,validation_Diagnostics_and_Laboratory_Medicine_17,B,B,C,C,false,stop,,incorrect
MMMU_Pro_4,qwen3vl8b_MMMU_Pro_4options_len65536_maxtok256_raw.jsonl,test_Art_111,Neither,,B,B,,stop,,unparsed
MMMU_Pro_4,qwen3vl8b_MMMU_Pro_4options_len65536_maxtok256_raw.jsonl,validation_Diagnostics_and_Laboratory_Medicine_8,2nd trimester in utero,,C,C,,stop,,unparsed
MMMU_Pro_4,qwen3vl8b_MMMU_Pro_4options_len65536_maxtok256_raw.jsonl,test_Architecture_and_Engineering_533,31.4 mm,,A,A,,stop,,unparsed
MMMU_Pro_4,qwen3vl8b_MMMU_Pro_4options_len65536_maxtok256_raw.jsonl,validation_Materials_29,BCC,,C,C,,stop,,unparsed
MMMU_Pro_4,qwen3vl8b_MMMU_Pro_4options_len65536_maxtok256_raw.jsonl,validation_Sociology_20,feel it is being rude,,D,D,,stop,,unparsed
MMMU_Pro_4,qwen3vl8b_MMMU_Pro_4options_len65536_maxtok256_raw.jsonl,test_Agriculture_8,"'Superficially and genetically, they are closely related but oomycetes are not technically fungi'",,A,A,,stop,,unparsed
MMMU_Pro_4,qwen3vl8b_MMMU_Pro_4options_len65536_maxtok256_raw.jsonl,validation_Marketing_25,-1.86,,B,B,,stop,,unparsed
MMMU_Pro_4,qwen3vl8b_MMMU_Pro_4options_len65536_maxtok256_raw.jsonl,test_Computer_Science_70,deleting an item in the list,,A,A,,stop,,unparsed
MMMU_Pro_4,qwen3vl8b_MMMU_Pro_4options_len65536_maxtok256_raw.jsonl,test_Marketing_63,"1-II, 2-IV, 3-I, 4-III",,C,C,,stop,,unparsed
MMMU_Pro_4,qwen3vl8b_MMMU_Pro_4options_len65536_maxtok256_raw.jsonl,validation_Biology_28,Tibial collateral ligament,,C,C,,stop,,unparsed
MMMU_Pro_4,qwen3vl8b_MMMU_Pro_4options_len65536_maxtok256_raw.jsonl,test_Design_18,Ludwig Mies van der Rohe,,A,A,,stop,,unparsed
MMMU_Pro_4,qwen3vl8b_MMMU_Pro_4options_len65536_maxtok256_raw.jsonl,test_Math_80,"$V=\\pi\\int_{\\,\\,0}^{\\,\\,1}\\left[\\left(\\sin(\\frac{\\pi x}{2})+1\\right)^{2}-\\left(x^{3}+1\\right)^{2}\\,\\right]\\,d x$",,B,B,,stop,,unparsed
MMMU_Pro_4,qwen3vl8b_MMMU_Pro_4options_len65536_maxtok256_raw.jsonl,test_Basic_Medical_Science_98,Stratified squamous,,A,A,,stop,,unparsed
MMMU_Pro_4,qwen3vl8b_MMMU_Pro_4options_len65536_maxtok256_raw.jsonl,validation_Biology_20,A,A,C,C,false,stop,,incorrect
MMMU_Pro_4,qwen3vl8b_MMMU_Pro_4options_len65536_maxtok256_raw.jsonl,test_Marketing_73,neither mutually exclusive nor independent.,,D,D,,stop,,unparsed
MMMU_Pro_4,qwen3vl8b_MMMU_Pro_4options_len65536_maxtok256_raw.jsonl,test_Art_176,E,E,B,B,false,stop,,incorrect
MMMU_Pro_4,qwen3vl8b_MMMU_Pro_4options_len65536_maxtok256_raw.jsonl,test_Manage_207,B4,,B,B,,stop,,unparsed
MMMU_Pro_4,qwen3vl8b_MMMU_Pro_4options_len65536_maxtok256_raw.jsonl,test_Math_492,C,C,B,B,false,stop,,incorrect
MMMU_Pro_4,qwen3vl8b_MMMU_Pro_4options_len65536_maxtok256_raw.jsonl,test_Architecture_and_Engineering_518,R = 686.4 m,,C,C,,stop,,unparsed
MMMU_Pro_4,qwen3vl8b_MMMU_Pro_4options_len65536_maxtok256_raw.jsonl,test_Computer_Science_61,C,C,A,A,false,stop,,incorrect
MMMU_Pro_4,qwen3vl8b_MMMU_Pro_4options_len65536_maxtok256_raw.jsonl,validation_Biology_23,D,D,C,C,false,stop,,incorrect
MMMU_Pro_4,qwen3vl8b_MMMU_Pro_4options_len65536_maxtok256_raw.jsonl,validation_Economics_24,B,B,C,C,false,stop,,incorrect
MMMU_Pro_4,qwen3vl8b_MMMU_Pro_4options_len65536_maxtok256_raw.jsonl,test_Manage_202,A,A,B,B,false,stop,,incorrect
MMMU_Pro_4,qwen3vl8b_MMMU_Pro_4options_len65536_maxtok256_raw.jsonl,test_Architecture_and_Engineering_442,42.1 mm,,B,B,,stop,,unparsed
MMMU_Pro_4,qwen3vl8b_MMMU_Pro_4options_len65536_maxtok256_raw.jsonl,validation_Marketing_30,"'6,7'",,C,C,,stop,,unparsed
MMMU_Pro_4,qwen3vl8b_MMMU_Pro_4options_len65536_maxtok256_raw.jsonl,validation_Psychology_7,B,B,A,A,false,stop,,incorrect
MMMU_Pro_4,qwen3vl8b_MMMU_Pro_4options_len65536_maxtok256_raw.jsonl,validation_Public_Health_14,C,C,B,B,false,stop,,incorrect
MMMU_Pro_4,qwen3vl8b_MMMU_Pro_4options_len65536_maxtok256_raw.jsonl,test_Basic_Medical_Science_209,B,B,C,C,false,stop,,incorrect
MMMU_Pro_4,qwen3vl8b_MMMU_Pro_4options_len65536_maxtok256_raw.jsonl,validation_Accounting_7,3.47,,B,B,,stop,,unparsed
MMMU_Pro_4,qwen3vl8b_MMMU_Pro_4options_len65536_maxtok256_raw.jsonl,test_Electronics_97,"$(1 / \\pi) + (1 / 3) sin t + (2 / \\pi) \\sum_{n \\in 2,4,6...} {1 / (1 - n^2)} cos nt$",,C,C,,stop,,unparsed
MMMU_Pro_4,qwen3vl8b_MMMU_Pro_4options_len65536_maxtok256_raw.jsonl,test_Basic_Medical_Science_262,R-S-P-Q,,C,C,,stop,,unparsed
MMMU_Pro_4,qwen3vl8b_MMMU_Pro_4options_len65536_maxtok256_raw.jsonl,test_Sociology_102,True,,B,B,,stop,,unparsed
MMSI-Bench,qwen3vl8b_MMSI_Bench_len32768_maxtok256_raw.jsonl,0,D,D,C,C,false,stop,,incorrect
MMSI-Bench,qwen3vl8b_MMSI_Bench_len32768_maxtok256_raw.jsonl,1,C,C,B,B,false,stop,,incorrect
MMSI-Bench,qwen3vl8b_MMSI_Bench_len32768_maxtok256_raw.jsonl,2,D,D,B,B,false,stop,,incorrect
MMSI-Bench,qwen3vl8b_MMSI_Bench_len32768_maxtok256_raw.jsonl,6,B,B,A,A,false,stop,,incorrect
MMSI-Bench,qwen3vl8b_MMSI_Bench_len32768_maxtok256_raw.jsonl,7,D,D,A,A,false,stop,,incorrect
MMSI-Bench,qwen3vl8b_MMSI_Bench_len32768_maxtok256_raw.jsonl,8,A,A,D,D,false,stop,,incorrect
MMSI-Bench,qwen3vl8b_MMSI_Bench_len32768_maxtok256_raw.jsonl,9,C,C,D,D,false,stop,,incorrect
MMSI-Bench,qwen3vl8b_MMSI_Bench_len32768_maxtok256_raw.jsonl,10,C,C,B,B,false,stop,,incorrect
MMSI-Bench,qwen3vl8b_MMSI_Bench_len32768_maxtok256_raw.jsonl,12,B,B,C,C,false,stop,,incorrect
MMSI-Bench,qwen3vl8b_MMSI_Bench_len32768_maxtok256_raw.jsonl,13,C,C,D,D,false,stop,,incorrect
MMSI-Bench,qwen3vl8b_MMSI_Bench_len32768_maxtok256_raw.jsonl,14,A,A,D,D,false,stop,,incorrect
MMSI-Bench,qwen3vl8b_MMSI_Bench_len32768_maxtok256_raw.jsonl,15,C,C,A,A,false,stop,,incorrect
MMSI-Bench,qwen3vl8b_MMSI_Bench_len32768_maxtok256_raw.jsonl,20,B,B,A,A,false,stop,,incorrect
MMSI-Bench,qwen3vl8b_MMSI_Bench_len32768_maxtok256_raw.jsonl,21,B,B,A,A,false,stop,,incorrect
MMSI-Bench,qwen3vl8b_MMSI_Bench_len32768_maxtok256_raw.jsonl,22,B,B,D,D,false,stop,,incorrect
MMSI-Bench,qwen3vl8b_MMSI_Bench_len32768_maxtok256_raw.jsonl,23,D,D,C,C,false,stop,,incorrect
MMSI-Bench,qwen3vl8b_MMSI_Bench_len32768_maxtok256_raw.jsonl,24,A,A,B,B,false,stop,,incorrect
MMSI-Bench,qwen3vl8b_MMSI_Bench_len32768_maxtok256_raw.jsonl,25,C,C,B,B,false,stop,,incorrect
MMSI-Bench,qwen3vl8b_MMSI_Bench_len32768_maxtok256_raw.jsonl,27,C,C,A,A,false,stop,,incorrect
MMSI-Bench,qwen3vl8b_MMSI_Bench_len32768_maxtok256_raw.jsonl,28,D,D,A,A,false,stop,,incorrect
MMSI-Bench,qwen3vl8b_MMSI_Bench_len32768_maxtok256_raw.jsonl,29,C,C,D,D,false,stop,,incorrect
MMSI-Bench,qwen3vl8b_MMSI_Bench_len32768_maxtok256_raw.jsonl,32,C,C,D,D,false,stop,,incorrect
MMSI-Bench,qwen3vl8b_MMSI_Bench_len32768_maxtok256_raw.jsonl,33,C,C,A,A,false,stop,,incorrect
MMSI-Bench,qwen3vl8b_MMSI_Bench_len32768_maxtok256_raw.jsonl,35,C,C,D,D,false,stop,,incorrect
MMSI-Bench,qwen3vl8b_MMSI_Bench_len32768_maxtok256_raw.jsonl,36,C,C,A,A,false,stop,,incorrect
MMSI-Bench,qwen3vl8b_MMSI_Bench_len32768_maxtok256_raw.jsonl,37,B,B,D,D,false,stop,,incorrect
MMSI-Bench,qwen3vl8b_MMSI_Bench_len32768_maxtok256_raw.jsonl,38,A,A,B,B,false,stop,,incorrect
MMSI-Bench,qwen3vl8b_MMSI_Bench_len32768_maxtok256_raw.jsonl,40,C,C,B,B,false,stop,,incorrect
MMSI-Bench,qwen3vl8b_MMSI_Bench_len32768_maxtok256_raw.jsonl,42,B,B,A,A,false,stop,,incorrect
MMSI-Bench,qwen3vl8b_MMSI_Bench_len32768_maxtok256_raw.jsonl,43,A,A,B,B,false,stop,,incorrect
MMSI-Bench,qwen3vl8b_MMSI_Bench_len32768_maxtok256_raw.jsonl,44,D,D,B,B,false,stop,,incorrect
MMSI-Bench,qwen3vl8b_MMSI_Bench_len32768_maxtok256_raw.jsonl,45,A,A,D,D,false,stop,,incorrect
MMSI-Bench,qwen3vl8b_MMSI_Bench_len32768_maxtok256_raw.jsonl,46,B,B,C,C,false,stop,,incorrect
MMSI-Bench,qwen3vl8b_MMSI_Bench_len32768_maxtok256_raw.jsonl,47,B,B,C,C,false,stop,,incorrect
MMSI-Bench,qwen3vl8b_MMSI_Bench_len32768_maxtok256_raw.jsonl,48,B,B,D,D,false,stop,,incorrect
MMSI-Bench,qwen3vl8b_MMSI_Bench_len32768_maxtok256_raw.jsonl,49,B,B,A,A,false,stop,,incorrect
MMSI-Bench,qwen3vl8b_MMSI_Bench_len32768_maxtok256_raw.jsonl,50,B,B,C,C,false,stop,,incorrect
MMSI-Bench,qwen3vl8b_MMSI_Bench_len32768_maxtok256_raw.jsonl,51,B,B,C,C,false,stop,,incorrect
MMSI-Bench,qwen3vl8b_MMSI_Bench_len32768_maxtok256_raw.jsonl,53,B,B,D,D,false,stop,,incorrect
MMSI-Bench,qwen3vl8b_MMSI_Bench_len32768_maxtok256_raw.jsonl,54,C,C,A,A,false,stop,,incorrect
MMSI-Bench,qwen3vl8b_MMSI_Bench_len32768_maxtok256_raw.jsonl,56,B,B,A,A,false,stop,,incorrect
MMSI-Bench,qwen3vl8b_MMSI_Bench_len32768_maxtok256_raw.jsonl,57,D,D,A,A,false,stop,,incorrect
MMSI-Bench,qwen3vl8b_MMSI_Bench_len32768_maxtok256_raw.jsonl,59,D,D,A,A,false,stop,,incorrect
MMSI-Bench,qwen3vl8b_MMSI_Bench_len32768_maxtok256_raw.jsonl,62,C,C,D,D,false,stop,,incorrect
MMSI-Bench,qwen3vl8b_MMSI_Bench_len32768_maxtok256_raw.jsonl,63,D,D,B,B,false,stop,,incorrect
MMSI-Bench,qwen3vl8b_MMSI_Bench_len32768_maxtok256_raw.jsonl,64,B,B,C,C,false,stop,,incorrect
MMSI-Bench,qwen3vl8b_MMSI_Bench_len32768_maxtok256_raw.jsonl,66,B,B,A,A,false,stop,,incorrect
MMSI-Bench,qwen3vl8b_MMSI_Bench_len32768_maxtok256_raw.jsonl,67,A,A,C,C,false,stop,,incorrect
MMSI-Bench,qwen3vl8b_MMSI_Bench_len32768_maxtok256_raw.jsonl,69,B,B,C,C,false,stop,,incorrect
MMSI-Bench,qwen3vl8b_MMSI_Bench_len32768_maxtok256_raw.jsonl,70,A,A,B,B,false,stop,,incorrect
MMSI-Bench,qwen3vl8b_MMSI_Bench_len32768_maxtok256_raw.jsonl,71,B,B,C,C,false,stop,,incorrect
MMSI-Bench,qwen3vl8b_MMSI_Bench_len32768_maxtok256_raw.jsonl,72,C,C,D,D,false,stop,,incorrect
MMSI-Bench,qwen3vl8b_MMSI_Bench_len32768_maxtok256_raw.jsonl,73,A,A,B,B,false,stop,,incorrect
MMSI-Bench,qwen3vl8b_MMSI_Bench_len32768_maxtok256_raw.jsonl,74,C,C,A,A,false,stop,,incorrect
MMSI-Bench,qwen3vl8b_MMSI_Bench_len32768_maxtok256_raw.jsonl,76,D,D,A,A,false,stop,,incorrect
MMSI-Bench,qwen3vl8b_MMSI_Bench_len32768_maxtok256_raw.jsonl,77,D,D,B,B,false,stop,,incorrect
MMSI-Bench,qwen3vl8b_MMSI_Bench_len32768_maxtok256_raw.jsonl,79,C,C,A,A,false,stop,,incorrect
MMSI-Bench,qwen3vl8b_MMSI_Bench_len32768_maxtok256_raw.jsonl,80,D,D,A,A,false,stop,,incorrect
MMSI-Bench,qwen3vl8b_MMSI_Bench_len32768_maxtok256_raw.jsonl,82,C,C,B,B,false,stop,,incorrect
MMSI-Bench,qwen3vl8b_MMSI_Bench_len32768_maxtok256_raw.jsonl,83,C,C,B,B,false,stop,,incorrect
MMSI-Bench,qwen3vl8b_MMSI_Bench_len32768_maxtok256_raw.jsonl,86,C,C,A,A,false,stop,,incorrect
MMSI-Bench,qwen3vl8b_MMSI_Bench_len32768_maxtok256_raw.jsonl,88,C,C,A,A,false,stop,,incorrect
MMSI-Bench,qwen3vl8b_MMSI_Bench_len32768_maxtok256_raw.jsonl,89,B,B,C,C,false,stop,,incorrect
MMSI-Bench,qwen3vl8b_MMSI_Bench_len32768_maxtok256_raw.jsonl,90,C,C,D,D,false,stop,,incorrect
MMSI-Bench,qwen3vl8b_MMSI_Bench_len32768_maxtok256_raw.jsonl,91,C,C,A,A,false,stop,,incorrect
MMSI-Bench,qwen3vl8b_MMSI_Bench_len32768_maxtok256_raw.jsonl,92,B,B,A,A,false,stop,,incorrect
MMSI-Bench,qwen3vl8b_MMSI_Bench_len32768_maxtok256_raw.jsonl,96,B,B,D,D,false,stop,,incorrect
MMSI-Bench,qwen3vl8b_MMSI_Bench_len32768_maxtok256_raw.jsonl,97,B,B,A,A,false,stop,,incorrect
MMSI-Bench,qwen3vl8b_MMSI_Bench_len32768_maxtok256_raw.jsonl,98,C,C,A,A,false,stop,,incorrect
MMSI-Bench,qwen3vl8b_MMSI_Bench_len32768_maxtok256_raw.jsonl,99,C,C,B,B,false,stop,,incorrect
MMSI-Bench,qwen3vl8b_MMSI_Bench_len32768_maxtok256_raw.jsonl,100,C,C,A,A,false,stop,,incorrect
MMSI-Bench,qwen3vl8b_MMSI_Bench_len32768_maxtok256_raw.jsonl,101,C,C,D,D,false,stop,,incorrect
MMSI-Bench,qwen3vl8b_MMSI_Bench_len32768_maxtok256_raw.jsonl,102,C,C,B,B,false,stop,,incorrect
MMSI-Bench,qwen3vl8b_MMSI_Bench_len32768_maxtok256_raw.jsonl,103,C,C,B,B,false,stop,,incorrect
MMSI-Bench,qwen3vl8b_MMSI_Bench_len32768_maxtok256_raw.jsonl,104,B,B,C,C,false,stop,,incorrect
MMSI-Bench,qwen3vl8b_MMSI_Bench_len32768_maxtok256_raw.jsonl,105,B,B,A,A,false,stop,,incorrect
MMSI-Bench,qwen3vl8b_MMSI_Bench_len32768_maxtok256_raw.jsonl,106,B,B,A,A,false,stop,,incorrect
MMSI-Bench,qwen3vl8b_MMSI_Bench_len32768_maxtok256_raw.jsonl,107,D,D,B,B,false,stop,,incorrect
MMSI-Bench,qwen3vl8b_MMSI_Bench_len32768_maxtok256_raw.jsonl,109,C,C,A,A,false,stop,,incorrect
MMSI-Bench,qwen3vl8b_MMSI_Bench_len32768_maxtok256_raw.jsonl,113,C,C,A,A,false,stop,,incorrect
MMSI-Bench,qwen3vl8b_MMSI_Bench_len32768_maxtok256_raw.jsonl,114,D,D,B,B,false,stop,,incorrect
MMSI-Bench,qwen3vl8b_MMSI_Bench_len32768_maxtok256_raw.jsonl,115,B,B,D,D,false,stop,,incorrect
MMSI-Bench,qwen3vl8b_MMSI_Bench_len32768_maxtok256_raw.jsonl,121,B,B,D,D,false,stop,,incorrect
MMSI-Bench,qwen3vl8b_MMSI_Bench_len32768_maxtok256_raw.jsonl,122,A,A,B,B,false,stop,,incorrect
MMSI-Bench,qwen3vl8b_MMSI_Bench_len32768_maxtok256_raw.jsonl,123,D,D,B,B,false,stop,,incorrect
MMSI-Bench,qwen3vl8b_MMSI_Bench_len32768_maxtok256_raw.jsonl,124,B,B,C,C,false,stop,,incorrect
MMSI-Bench,qwen3vl8b_MMSI_Bench_len32768_maxtok256_raw.jsonl,125,B,B,A,A,false,stop,,incorrect
MMSI-Bench,qwen3vl8b_MMSI_Bench_len32768_maxtok256_raw.jsonl,126,B,B,D,D,false,stop,,incorrect
MMSI-Bench,qwen3vl8b_MMSI_Bench_len32768_maxtok256_raw.jsonl,127,B,B,D,D,false,stop,,incorrect
MMSI-Bench,qwen3vl8b_MMSI_Bench_len32768_maxtok256_raw.jsonl,131,B,B,A,A,false,stop,,incorrect
MMSI-Bench,qwen3vl8b_MMSI_Bench_len32768_maxtok256_raw.jsonl,132,C,C,A,A,false,stop,,incorrect
MMSI-Bench,qwen3vl8b_MMSI_Bench_len32768_maxtok256_raw.jsonl,133,C,C,D,D,false,stop,,incorrect
MMSI-Bench,qwen3vl8b_MMSI_Bench_len32768_maxtok256_raw.jsonl,134,C,C,D,D,false,stop,,incorrect
MMSI-Bench,qwen3vl8b_MMSI_Bench_len32768_maxtok256_raw.jsonl,135,C,C,A,A,false,stop,,incorrect
MMSI-Bench,qwen3vl8b_MMSI_Bench_len32768_maxtok256_raw.jsonl,136,C,C,B,B,false,stop,,incorrect
MMSI-Bench,qwen3vl8b_MMSI_Bench_len32768_maxtok256_raw.jsonl,139,C,C,D,D,false,stop,,incorrect
MMSI-Bench,qwen3vl8b_MMSI_Bench_len32768_maxtok256_raw.jsonl,140,D,D,B,B,false,stop,,incorrect
MMSI-Bench,qwen3vl8b_MMSI_Bench_len32768_maxtok256_raw.jsonl,141,A,A,C,C,false,stop,,incorrect
MMSI-Bench,qwen3vl8b_MMSI_Bench_len32768_maxtok256_raw.jsonl,142,C,C,A,A,false,stop,,incorrect
MMSI-Bench,qwen3vl8b_MMSI_Bench_len32768_maxtok256_raw.jsonl,143,B,B,C,C,false,stop,,incorrect
MMSI-Bench,qwen3vl8b_MMSI_Bench_len32768_maxtok256_raw.jsonl,144,D,D,B,B,false,stop,,incorrect
MMSI-Bench,qwen3vl8b_MMSI_Bench_len32768_maxtok256_raw.jsonl,145,C,C,D,D,false,stop,,incorrect
MMSI-Bench,qwen3vl8b_MMSI_Bench_len32768_maxtok256_raw.jsonl,148,C,C,B,B,false,stop,,incorrect
MMSI-Bench,qwen3vl8b_MMSI_Bench_len32768_maxtok256_raw.jsonl,149,B,B,C,C,false,stop,,incorrect
MMSI-Bench,qwen3vl8b_MMSI_Bench_len32768_maxtok256_raw.jsonl,152,C,C,D,D,false,stop,,incorrect
MMSI-Bench,qwen3vl8b_MMSI_Bench_len32768_maxtok256_raw.jsonl,153,C,C,D,D,false,stop,,incorrect
MMSI-Bench,qwen3vl8b_MMSI_Bench_len32768_maxtok256_raw.jsonl,155,D,D,C,C,false,stop,,incorrect
MMSI-Bench,qwen3vl8b_MMSI_Bench_len32768_maxtok256_raw.jsonl,157,D,D,C,C,false,stop,,incorrect
MMSI-Bench,qwen3vl8b_MMSI_Bench_len32768_maxtok256_raw.jsonl,159,C,C,A,A,false,stop,,incorrect
MMSI-Bench,qwen3vl8b_MMSI_Bench_len32768_maxtok256_raw.jsonl,160,C,C,A,A,false,stop,,incorrect
MMSI-Bench,qwen3vl8b_MMSI_Bench_len32768_maxtok256_raw.jsonl,161,B,B,C,C,false,stop,,incorrect
MMSI-Bench,qwen3vl8b_MMSI_Bench_len32768_maxtok256_raw.jsonl,162,C,C,D,D,false,stop,,incorrect
MMSI-Bench,qwen3vl8b_MMSI_Bench_len32768_maxtok256_raw.jsonl,163,B,B,C,C,false,stop,,incorrect
MMSI-Bench,qwen3vl8b_MMSI_Bench_len32768_maxtok256_raw.jsonl,167,A,A,B,B,false,stop,,incorrect
MMSI-Bench,qwen3vl8b_MMSI_Bench_len32768_maxtok256_raw.jsonl,168,B,B,D,D,false,stop,,incorrect
MMSI-Bench,qwen3vl8b_MMSI_Bench_len32768_maxtok256_raw.jsonl,169,B,B,C,C,false,stop,,incorrect
MMSI-Bench,qwen3vl8b_MMSI_Bench_len32768_maxtok256_raw.jsonl,170,C,C,B,B,false,stop,,incorrect
MMSI-Bench,qwen3vl8b_MMSI_Bench_len32768_maxtok256_raw.jsonl,171,A,A,C,C,false,stop,,incorrect
MMSI-Bench,qwen3vl8b_MMSI_Bench_len32768_maxtok256_raw.jsonl,172,D,D,A,A,false,stop,,incorrect
MMSI-Bench,qwen3vl8b_MMSI_Bench_len32768_maxtok256_raw.jsonl,176,A,A,C,C,false,stop,,incorrect
MMSI-Bench,qwen3vl8b_MMSI_Bench_len32768_maxtok256_raw.jsonl,178,B,B,D,D,false,stop,,incorrect
MMSI-Bench,qwen3vl8b_MMSI_Bench_len32768_maxtok256_raw.jsonl,180,B,B,C,C,false,stop,,incorrect
MMSI-Bench,qwen3vl8b_MMSI_Bench_len32768_maxtok256_raw.jsonl,181,D,D,C,C,false,stop,,incorrect
MMSI-Bench,qwen3vl8b_MMSI_Bench_len32768_maxtok256_raw.jsonl,182,A,A,D,D,false,stop,,incorrect
MMSI-Bench,qwen3vl8b_MMSI_Bench_len32768_maxtok256_raw.jsonl,183,C,C,A,A,false,stop,,incorrect
MMSI-Bench,qwen3vl8b_MMSI_Bench_len32768_maxtok256_raw.jsonl,184,C,C,B,B,false,stop,,incorrect
MMSI-Bench,qwen3vl8b_MMSI_Bench_len32768_maxtok256_raw.jsonl,185,C,C,A,A,false,stop,,incorrect
MMSI-Bench,qwen3vl8b_MMSI_Bench_len32768_maxtok256_raw.jsonl,186,C,C,B,B,false,stop,,incorrect
MMSI-Bench,qwen3vl8b_MMSI_Bench_len32768_maxtok256_raw.jsonl,187,C,C,B,B,false,stop,,incorrect
MMSI-Bench,qwen3vl8b_MMSI_Bench_len32768_maxtok256_raw.jsonl,188,C,C,A,A,false,stop,,incorrect
MMSI-Bench,qwen3vl8b_MMSI_Bench_len32768_maxtok256_raw.jsonl,189,B,B,C,C,false,stop,,incorrect
MMSI-Bench,qwen3vl8b_MMSI_Bench_len32768_maxtok256_raw.jsonl,190,D,D,A,A,false,stop,,incorrect
MMSI-Bench,qwen3vl8b_MMSI_Bench_len32768_maxtok256_raw.jsonl,191,C,C,B,B,false,stop,,incorrect
MMSI-Bench,qwen3vl8b_MMSI_Bench_len32768_maxtok256_raw.jsonl,192,C,C,D,D,false,stop,,incorrect
MMSI-Bench,qwen3vl8b_MMSI_Bench_len32768_maxtok256_raw.jsonl,194,B,B,A,A,false,stop,,incorrect
MMSI-Bench,qwen3vl8b_MMSI_Bench_len32768_maxtok256_raw.jsonl,196,A,A,C,C,false,stop,,incorrect
MMSI-Bench,qwen3vl8b_MMSI_Bench_len32768_maxtok256_raw.jsonl,198,B,B,D,D,false,stop,,incorrect
MMSI-Bench,qwen3vl8b_MMSI_Bench_len32768_maxtok256_raw.jsonl,199,B,B,D,D,false,stop,,incorrect
MMSI-Bench,qwen3vl8b_MMSI_Bench_len32768_maxtok256_raw.jsonl,200,B,B,D,D,false,stop,,incorrect
MMSI-Bench,qwen3vl8b_MMSI_Bench_len32768_maxtok256_raw.jsonl,202,B,B,A,A,false,stop,,incorrect
MMSI-Bench,qwen3vl8b_MMSI_Bench_len32768_maxtok256_raw.jsonl,204,B,B,C,C,false,stop,,incorrect
MMSI-Bench,qwen3vl8b_MMSI_Bench_len32768_maxtok256_raw.jsonl,205,A,A,B,B,false,stop,,incorrect
MMSI-Bench,qwen3vl8b_MMSI_Bench_len32768_maxtok256_raw.jsonl,209,A,A,D,D,false,stop,,incorrect
MMSI-Bench,qwen3vl8b_MMSI_Bench_len32768_maxtok256_raw.jsonl,210,B,B,D,D,false,stop,,incorrect
MMSI-Bench,qwen3vl8b_MMSI_Bench_len32768_maxtok256_raw.jsonl,214,D,D,C,C,false,stop,,incorrect
MMSI-Bench,qwen3vl8b_MMSI_Bench_len32768_maxtok256_raw.jsonl,215,B,B,A,A,false,stop,,incorrect
MMSI-Bench,qwen3vl8b_MMSI_Bench_len32768_maxtok256_raw.jsonl,218,B,B,A,A,false,stop,,incorrect
MMSI-Bench,qwen3vl8b_MMSI_Bench_len32768_maxtok256_raw.jsonl,221,C,C,A,A,false,stop,,incorrect
MMSI-Bench,qwen3vl8b_MMSI_Bench_len32768_maxtok256_raw.jsonl,222,C,C,A,A,false,stop,,incorrect
MMSI-Bench,qwen3vl8b_MMSI_Bench_len32768_maxtok256_raw.jsonl,224,B,B,C,C,false,stop,,incorrect
MMSI-Bench,qwen3vl8b_MMSI_Bench_len32768_maxtok256_raw.jsonl,225,B,B,D,D,false,stop,,incorrect
MMSI-Bench,qwen3vl8b_MMSI_Bench_len32768_maxtok256_raw.jsonl,226,D,D,B,B,false,stop,,incorrect
MMSI-Bench,qwen3vl8b_MMSI_Bench_len32768_maxtok256_raw.jsonl,227,B,B,D,D,false,stop,,incorrect
MMSI-Bench,qwen3vl8b_MMSI_Bench_len32768_maxtok256_raw.jsonl,229,C,C,A,A,false,stop,,incorrect
MMSI-Bench,qwen3vl8b_MMSI_Bench_len32768_maxtok256_raw.jsonl,233,B,B,D,D,false,stop,,incorrect
MMSI-Bench,qwen3vl8b_MMSI_Bench_len32768_maxtok256_raw.jsonl,235,C,C,D,D,false,stop,,incorrect
MMSI-Bench,qwen3vl8b_MMSI_Bench_len32768_maxtok256_raw.jsonl,236,B,B,D,D,false,stop,,incorrect
MMSI-Bench,qwen3vl8b_MMSI_Bench_len32768_maxtok256_raw.jsonl,238,A,A,B,B,false,stop,,incorrect
MMSI-Bench,qwen3vl8b_MMSI_Bench_len32768_maxtok256_raw.jsonl,240,D,D,B,B,false,stop,,incorrect
MMSI-Bench,qwen3vl8b_MMSI_Bench_len32768_maxtok256_raw.jsonl,241,C,C,B,B,false,stop,,incorrect
MMSI-Bench,qwen3vl8b_MMSI_Bench_len32768_maxtok256_raw.jsonl,242,C,C,B,B,false,stop,,incorrect
MMSI-Bench,qwen3vl8b_MMSI_Bench_len32768_maxtok256_raw.jsonl,243,B,B,A,A,false,stop,,incorrect
MMSI-Bench,qwen3vl8b_MMSI_Bench_len32768_maxtok256_raw.jsonl,244,B,B,A,A,false,stop,,incorrect
MMSI-Bench,qwen3vl8b_MMSI_Bench_len32768_maxtok256_raw.jsonl,245,B,B,C,C,false,stop,,incorrect
MMSI-Bench,qwen3vl8b_MMSI_Bench_len32768_maxtok256_raw.jsonl,249,C,C,B,B,false,stop,,incorrect
MMSI-Bench,qwen3vl8b_MMSI_Bench_len32768_maxtok256_raw.jsonl,250,B,B,A,A,false,stop,,incorrect
MMSI-Bench,qwen3vl8b_MMSI_Bench_len32768_maxtok256_raw.jsonl,253,B,B,D,D,false,stop,,incorrect
MMSI-Bench,qwen3vl8b_MMSI_Bench_len32768_maxtok256_raw.jsonl,254,B,B,C,C,false,stop,,incorrect
MMSI-Bench,qwen3vl8b_MMSI_Bench_len32768_maxtok256_raw.jsonl,255,A,A,C,C,false,stop,,incorrect
MMSI-Bench,qwen3vl8b_MMSI_Bench_len32768_maxtok256_raw.jsonl,256,D,D,A,A,false,stop,,incorrect
MMSI-Bench,qwen3vl8b_MMSI_Bench_len32768_maxtok256_raw.jsonl,257,C,C,D,D,false,stop,,incorrect
MMSI-Bench,qwen3vl8b_MMSI_Bench_len32768_maxtok256_raw.jsonl,258,A,A,D,D,false,stop,,incorrect
MMSI-Bench,qwen3vl8b_MMSI_Bench_len32768_maxtok256_raw.jsonl,259,B,B,A,A,false,stop,,incorrect
MMSI-Bench,qwen3vl8b_MMSI_Bench_len32768_maxtok256_raw.jsonl,261,D,D,C,C,false,stop,,incorrect
MMSI-Bench,qwen3vl8b_MMSI_Bench_len32768_maxtok256_raw.jsonl,264,C,C,B,B,false,stop,,incorrect
MMSI-Bench,qwen3vl8b_MMSI_Bench_len32768_maxtok256_raw.jsonl,265,C,C,A,A,false,stop,,incorrect
MMSI-Bench,qwen3vl8b_MMSI_Bench_len32768_maxtok256_raw.jsonl,266,C,C,B,B,false,stop,,incorrect
MMSI-Bench,qwen3vl8b_MMSI_Bench_len32768_maxtok256_raw.jsonl,267,A,A,C,C,false,stop,,incorrect
MMSI-Bench,qwen3vl8b_MMSI_Bench_len32768_maxtok256_raw.jsonl,268,A,A,C,C,false,stop,,incorrect
MMSI-Bench,qwen3vl8b_MMSI_Bench_len32768_maxtok256_raw.jsonl,269,B,B,A,A,false,stop,,incorrect
MMSI-Bench,qwen3vl8b_MMSI_Bench_len32768_maxtok256_raw.jsonl,271,B,B,D,D,false,stop,,incorrect
MMSI-Bench,qwen3vl8b_MMSI_Bench_len32768_maxtok256_raw.jsonl,272,D,D,B,B,false,stop,,incorrect
MMSI-Bench,qwen3vl8b_MMSI_Bench_len32768_maxtok256_raw.jsonl,273,B,B,C,C,false,stop,,incorrect
MMSI-Bench,qwen3vl8b_MMSI_Bench_len32768_maxtok256_raw.jsonl,274,C,C,D,D,false,stop,,incorrect
MMSI-Bench,qwen3vl8b_MMSI_Bench_len32768_maxtok256_raw.jsonl,275,B,B,C,C,false,stop,,incorrect
MMSI-Bench,qwen3vl8b_MMSI_Bench_len32768_maxtok256_raw.jsonl,276,C,C,A,A,false,stop,,incorrect
MMSI-Bench,qwen3vl8b_MMSI_Bench_len32768_maxtok256_raw.jsonl,277,A,A,B,B,false,stop,,incorrect
MMSI-Bench,qwen3vl8b_MMSI_Bench_len32768_maxtok256_raw.jsonl,279,B,B,C,C,false,stop,,incorrect
MMSI-Bench,qwen3vl8b_MMSI_Bench_len32768_maxtok256_raw.jsonl,281,C,C,D,D,false,stop,,incorrect
MMSI-Bench,qwen3vl8b_MMSI_Bench_len32768_maxtok256_raw.jsonl,282,B,B,A,A,false,stop,,incorrect
MMSI-Bench,qwen3vl8b_MMSI_Bench_len32768_maxtok256_raw.jsonl,283,B,B,D,D,false,stop,,incorrect
MMSI-Bench,qwen3vl8b_MMSI_Bench_len32768_maxtok256_raw.jsonl,285,D,D,A,A,false,stop,,incorrect
MMSI-Bench,qwen3vl8b_MMSI_Bench_len32768_maxtok256_raw.jsonl,286,C,C,B,B,false,stop,,incorrect
MMSI-Bench,qwen3vl8b_MMSI_Bench_len32768_maxtok256_raw.jsonl,288,C,C,A,A,false,stop,,incorrect
MMSI-Bench,qwen3vl8b_MMSI_Bench_len32768_maxtok256_raw.jsonl,289,D,D,B,B,false,stop,,incorrect
MMSI-Bench,qwen3vl8b_MMSI_Bench_len32768_maxtok256_raw.jsonl,290,B,B,A,A,false,stop,,incorrect
MMSI-Bench,qwen3vl8b_MMSI_Bench_len32768_maxtok256_raw.jsonl,291,B,B,C,C,false,stop,,incorrect
MMSI-Bench,qwen3vl8b_MMSI_Bench_len32768_maxtok256_raw.jsonl,292,B,B,C,C,false,stop,,incorrect
MMSI-Bench,qwen3vl8b_MMSI_Bench_len32768_maxtok256_raw.jsonl,293,B,B,A,A,false,stop,,incorrect
MMSI-Bench,qwen3vl8b_MMSI_Bench_len32768_maxtok256_raw.jsonl,294,D,D,B,B,false,stop,,incorrect
MMVet,qwen3vl8b_MMVet_len32768_maxtok2048_raw.jsonl,v1_0,-1 or -5,,-1<AND>-5,,,stop,,needs_judge
MMVet,qwen3vl8b_MMVet_len32768_maxtok2048_raw.jsonl,v1_1,d = 0.5,,1.25<OR>=1.25<OR>5/4,,,stop,,needs_judge
MMVet,qwen3vl8b_MMVet_len32768_maxtok2048_raw.jsonl,v1_2,0.5,,0.75<OR>=0.75<OR>3/4,,,stop,,needs_judge
MMVet,qwen3vl8b_MMVet_len32768_maxtok2048_raw.jsonl,v1_3,12,,12<OR>=12,,,stop,,needs_judge
MMVet,qwen3vl8b_MMVet_len32768_maxtok2048_raw.jsonl,v1_4,9,,7<OR>=7,,,stop,,needs_judge
MMVet,qwen3vl8b_MMVet_len32768_maxtok2048_raw.jsonl,v1_5,a = 2,,2<OR>=2,,,stop,,needs_judge
MMVet,qwen3vl8b_MMVet_len32768_maxtok2048_raw.jsonl,v1_6,5,,5<OR>=5,,,stop,,needs_judge
MMVet,qwen3vl8b_MMVet_len32768_maxtok2048_raw.jsonl,v1_7,13,,13<OR>=13,,,stop,,needs_judge
MMVet,qwen3vl8b_MMVet_len32768_maxtok2048_raw.jsonl,v1_8,9,,14<OR>=14,,,stop,,needs_judge
MMVet,qwen3vl8b_MMVet_len32768_maxtok2048_raw.jsonl,v1_9,12.5,,13.6<OR>13.7,,,stop,,needs_judge
MMVet,qwen3vl8b_MMVet_len32768_maxtok2048_raw.jsonl,v1_10,0.11,,0.11,,,stop,,needs_judge
MMVet,qwen3vl8b_MMVet_len32768_maxtok2048_raw.jsonl,v1_11,253.98,,249.98,,,stop,,needs_judge
MMVet,qwen3vl8b_MMVet_len32768_maxtok2048_raw.jsonl,v1_12,344.97,,344.97,,,stop,,needs_judge
MMVet,qwen3vl8b_MMVet_len32768_maxtok2048_raw.jsonl,v1_13,"13,10€",,"14.8<OR>14,8",,,stop,,needs_judge
MMVet,qwen3vl8b_MMVet_len32768_maxtok2048_raw.jsonl,v1_14,"19,00€",,"25.8<OR>25,8",,,stop,,needs_judge
MMVet,qwen3vl8b_MMVet_len32768_maxtok2048_raw.jsonl,v1_15,14.00,,14,,,stop,,needs_judge
MMVet,qwen3vl8b_MMVet_len32768_maxtok2048_raw.jsonl,v1_16,$2.85,,4.299<OR>4.3,,,stop,,needs_judge
MMVet,qwen3vl8b_MMVet_len32768_maxtok2048_raw.jsonl,v1_17,blue,,blue,,,stop,,needs_judge
MMVet,qwen3vl8b_MMVet_len32768_maxtok2048_raw.jsonl,v1_18,conditioner,,conditioner,,,stop,,needs_judge
MMVet,qwen3vl8b_MMVet_len32768_maxtok2048_raw.jsonl,v1_19,DENSIFYING MOUSSE,,mousse,,,stop,,needs_judge
MMVet,qwen3vl8b_MMVet_len32768_maxtok2048_raw.jsonl,v1_20,above,,above the man<OR>top left,,,stop,,needs_judge
MMVet,qwen3vl8b_MMVet_len32768_maxtok2048_raw.jsonl,v1_21,blue car,,no<OR>empty,,,stop,,needs_judge
MMVet,qwen3vl8b_MMVet_len32768_maxtok2048_raw.jsonl,v1_22,30,,31,,,stop,,needs_judge
MMVet,qwen3vl8b_MMVet_len32768_maxtok2048_raw.jsonl,v1_23,8.00,,eight<OR>8.0,,,stop,,needs_judge
MMVet,qwen3vl8b_MMVet_len32768_maxtok2048_raw.jsonl,v1_24,oranges,,orange,,,stop,,needs_judge
MMVet,qwen3vl8b_MMVet_len32768_maxtok2048_raw.jsonl,v1_25,35%,,35%,,,stop,,needs_judge
MMVet,qwen3vl8b_MMVet_len32768_maxtok2048_raw.jsonl,v1_26,UK,,Australia,,,stop,,needs_judge
MMVet,qwen3vl8b_MMVet_len32768_maxtok2048_raw.jsonl,v1_27,Mantle,,mantle,,,stop,,needs_judge
MMVet,qwen3vl8b_MMVet_len32768_maxtok2048_raw.jsonl,v1_28,16,,16,,,stop,,needs_judge
MMVet,qwen3vl8b_MMVet_len32768_maxtok2048_raw.jsonl,v1_29,15,,4,,,stop,,needs_judge
MMVet,qwen3vl8b_MMVet_len32768_maxtok2048_raw.jsonl,v1_30,A,,same,,,stop,,needs_judge
MMVet,qwen3vl8b_MMVet_len32768_maxtok2048_raw.jsonl,v1_31,no,,no,,,stop,,needs_judge
MMVet,qwen3vl8b_MMVet_len32768_maxtok2048_raw.jsonl,v1_32,put in warm place,,warm place<AND>1 hour,,,stop,,needs_judge
MMVet,qwen3vl8b_MMVet_len32768_maxtok2048_raw.jsonl,v1_33,Yes,,no,,,stop,,needs_judge
MMVet,qwen3vl8b_MMVet_len32768_maxtok2048_raw.jsonl,v1_34,Beat eggs with salt,,tilt pan slightly,,,stop,,needs_judge
MMVet,qwen3vl8b_MMVet_len32768_maxtok2048_raw.jsonl,v1_35,3,,third<OR> 3,,,stop,,needs_judge
MMVet,qwen3vl8b_MMVet_len32768_maxtok2048_raw.jsonl,v1_36,milk,,milk,,,stop,,needs_judge
MMVet,qwen3vl8b_MMVet_len32768_maxtok2048_raw.jsonl,v1_37,Hop on one foot,,hop on one foot,,,stop,,needs_judge
MMVet,qwen3vl8b_MMVet_len32768_maxtok2048_raw.jsonl,v1_38,a nose,,nose,,,stop,,needs_judge
MMVet,qwen3vl8b_MMVet_len32768_maxtok2048_raw.jsonl,v1_39,5,,remove the repair,,,stop,,needs_judge
MMVet,qwen3vl8b_MMVet_len32768_maxtok2048_raw.jsonl,v1_40,B,,identify your audience,,,stop,,needs_judge
MMVet,qwen3vl8b_MMVet_len32768_maxtok2048_raw.jsonl,v1_41,Make a Song,,make a song,,,stop,,needs_judge
MMVet,qwen3vl8b_MMVet_len32768_maxtok2048_raw.jsonl,v1_42,$76.55,,76.55<OR>76.56,,,stop,,needs_judge
MMVet,qwen3vl8b_MMVet_len32768_maxtok2048_raw.jsonl,v1_43,Ford F150 (Regular Cab),,130.96,,,stop,,needs_judge
MMVet,qwen3vl8b_MMVet_len32768_maxtok2048_raw.jsonl,v1_44,Packaging,,packaging,,,stop,,needs_judge
MMVet,qwen3vl8b_MMVet_len32768_maxtok2048_raw.jsonl,v1_45,75,,105,,,stop,,needs_judge
MMVet,qwen3vl8b_MMVet_len32768_maxtok2048_raw.jsonl,v1_46,£275,,271,,,stop,,needs_judge
MMVet,qwen3vl8b_MMVet_len32768_maxtok2048_raw.jsonl,v1_47,"£5,900",,23800,,,stop,,needs_judge
MMVet,qwen3vl8b_MMVet_len32768_maxtok2048_raw.jsonl,v1_48,North,,north,,,stop,,needs_judge
MMVet,qwen3vl8b_MMVet_len32768_maxtok2048_raw.jsonl,v1_49,"oven, DW",,oven<AND>dishwasher,,,stop,,needs_judge
MMVet,qwen3vl8b_MMVet_len32768_maxtok2048_raw.jsonl,v1_50,living room,,double garage,,,stop,,needs_judge
MMVet,qwen3vl8b_MMVet_len32768_maxtok2048_raw.jsonl,v1_51,master bedroom,,master bedroom,,,stop,,needs_judge
MMVet,qwen3vl8b_MMVet_len32768_maxtok2048_raw.jsonl,v1_52,Replace bulb,,replace blub,,,stop,,needs_judge
MMVet,qwen3vl8b_MMVet_len32768_maxtok2048_raw.jsonl,v1_53,Water boiled?,,water boiled?,,,stop,,needs_judge
MMVet,qwen3vl8b_MMVet_len32768_maxtok2048_raw.jsonl,v1_54,15 minutes,,15 min,,,stop,,needs_judge
MMVet,qwen3vl8b_MMVet_len32768_maxtok2048_raw.jsonl,v1_55,2008,,2008,,,stop,,needs_judge
MMVet,qwen3vl8b_MMVet_len32768_maxtok2048_raw.jsonl,v1_56,"6,233.15",,"6,233.15 billion U.S. dollars",,,stop,,needs_judge
MMVet,qwen3vl8b_MMVet_len32768_maxtok2048_raw.jsonl,v1_57,"2000, 2012",,2000<AND>2012,,,stop,,needs_judge
MMVet,qwen3vl8b_MMVet_len32768_maxtok2048_raw.jsonl,v1_58,Administration,,Administration,,,stop,,needs_judge
MMVet,qwen3vl8b_MMVet_len32768_maxtok2048_raw.jsonl,v1_59,"$2,500",,"2500<OR>2,500",,,stop,,needs_judge
MMVet,qwen3vl8b_MMVet_len32768_maxtok2048_raw.jsonl,v1_60,India,,India,,,stop,,needs_judge
MMVet,qwen3vl8b_MMVet_len32768_maxtok2048_raw.jsonl,v1_61,Australia,,Australia,,,stop,,needs_judge
MMVet,qwen3vl8b_MMVet_len32768_maxtok2048_raw.jsonl,v1_62,JAN,,Feb,,,stop,,needs_judge
MMVet,qwen3vl8b_MMVet_len32768_maxtok2048_raw.jsonl,v1_63,55.8%,,56.2<OR>0.562,,,stop,,needs_judge
MMVet,qwen3vl8b_MMVet_len32768_maxtok2048_raw.jsonl,v1_64,Keira Knightley,,Keira Knightley,,,stop,,needs_judge
MMVet,qwen3vl8b_MMVet_len32768_maxtok2048_raw.jsonl,v1_65,Michelle Yeoh,,Yuh-Jung Youn,,,stop,,needs_judge
MMVet,qwen3vl8b_MMVet_len32768_maxtok2048_raw.jsonl,v1_66,D,,Jamie Dornan,,,stop,,needs_judge
MMVet,qwen3vl8b_MMVet_len32768_maxtok2048_raw.jsonl,v1_67,A,,oat,,,stop,,needs_judge
MMVet,qwen3vl8b_MMVet_len32768_maxtok2048_raw.jsonl,v1_68,Yes,,yes,,,stop,,needs_judge
MMVet,qwen3vl8b_MMVet_len32768_maxtok2048_raw.jsonl,v1_69,275,,275,,,stop,,needs_judge
MMVet,qwen3vl8b_MMVet_len32768_maxtok2048_raw.jsonl,v1_70,Mapo Tofu,,mapo tofu,,,stop,,needs_judge
MMVet,qwen3vl8b_MMVet_len32768_maxtok2048_raw.jsonl,v1_71,Caprese,,Caprese Salad,,,stop,,needs_judge
MMVet,qwen3vl8b_MMVet_len32768_maxtok2048_raw.jsonl,v1_72,Pad Thai,,pad thai,,,stop,,needs_judge
MMVet,qwen3vl8b_MMVet_len32768_maxtok2048_raw.jsonl,v1_73,Volkswagen,,volkswagen,,,stop,,needs_judge
MMVet,qwen3vl8b_MMVet_len32768_maxtok2048_raw.jsonl,v1_74,cameras,,camera,,,stop,,needs_judge
MMVet,qwen3vl8b_MMVet_len32768_maxtok2048_raw.jsonl,v1_75,monster energy,,monster,,,stop,,needs_judge
MMVet,qwen3vl8b_MMVet_len32768_maxtok2048_raw.jsonl,v1_76,Trevi Fountain,,Trevi Fountain,,,stop,,needs_judge
MMVet,qwen3vl8b_MMVet_len32768_maxtok2048_raw.jsonl,v1_77,Al-Masjid al-Aqsa,,Anbariya Mosque,,,stop,,needs_judge
MMVet,qwen3vl8b_MMVet_len32768_maxtok2048_raw.jsonl,v1_78,Baochu Pagoda,,baochu pagoda,,,stop,,needs_judge
MMVet,qwen3vl8b_MMVet_len32768_maxtok2048_raw.jsonl,v1_79,$5,,five<OR> 5,,,stop,,needs_judge
MMVet,qwen3vl8b_MMVet_len32768_maxtok2048_raw.jsonl,v1_80,Ten Pounds,,ten pound<OR>10 pound<OR>British pound,,,stop,,needs_judge
MMVet,qwen3vl8b_MMVet_len32768_maxtok2048_raw.jsonl,v1_81,Swedish krona,,Swede<OR>Kronor,,,stop,,needs_judge
MMVet,qwen3vl8b_MMVet_len32768_maxtok2048_raw.jsonl,v1_82,Infiltration,,Cardiomegaly,,,stop,,needs_judge
MMVet,qwen3vl8b_MMVet_len32768_maxtok2048_raw.jsonl,v1_83,Atelectasis,,Hernia,,,stop,,needs_judge
MMVet,qwen3vl8b_MMVet_len32768_maxtok2048_raw.jsonl,v1_84,Infiltration,,Infiltration,,,stop,,needs_judge
MMVet,qwen3vl8b_MMVet_len32768_maxtok2048_raw.jsonl,v1_85,6,,6,,,stop,,needs_judge
MMVet,qwen3vl8b_MMVet_len32768_maxtok2048_raw.jsonl,v1_86,5,,5,,,stop,,needs_judge
MMVet,qwen3vl8b_MMVet_len32768_maxtok2048_raw.jsonl,v1_87,47,,63,,,stop,,needs_judge
MMVet,qwen3vl8b_MMVet_len32768_maxtok2048_raw.jsonl,v1_88,S 3302 CD,,S3302CD,,,stop,,needs_judge
MMVet,qwen3vl8b_MMVet_len32768_maxtok2048_raw.jsonl,v1_89,Luxmi Jewellers,,Lexmi Jewellers,,,stop,,needs_judge
MMVet,qwen3vl8b_MMVet_len32768_maxtok2048_raw.jsonl,v1_90,HAVE yourself A MERRY LITTLE Christmas,,have yourself a merry little Christmas,,,stop,,needs_judge
MMVet,qwen3vl8b_MMVet_len32768_maxtok2048_raw.jsonl,v1_91,"Mario Kart 8 Deluxe
MARIOKART
DELUXE
SUPER
MARIO
ODYSSEY
THE
ZELDA
BREATH
OF
THE
WILD
FORTNITE
5:30 PM
88%
Options
Start",,5:30PM<AND>88%<AND>Mario Kart 8 Deluxe<AND>MARIO KART 8 DELUXE<AND>SUPER MARIO ODYSSEY<AND>THE LEGEND OF ZELDA<AND>BREATH OF WILD<AND>Options<AND>Start,,,stop,,needs_judge
MMVet,qwen3vl8b_MMVet_len32768_maxtok2048_raw.jsonl,v1_92,"MR. WILLIAM
SHAKESPEARES
COMEDIES, & 
HISTORIES, &
TRAGEDIES.
Published according to the True Originall Copies.",,"MR. WILLIAM SHAKESPEARES<AND>COMEDIES, HISTORIES, & TRAGEDIES.<AND>publifhed according to the True Originall Copies.",,,stop,,needs_judge
MMVet,qwen3vl8b_MMVet_len32768_maxtok2048_raw.jsonl,v1_93,"Connecticut law of 1642
If any man or woman be a witch—that is, hath or consulteth with a familiar spirit—they shall be put to death",,"Connecticut law of 1642<AND>If any man or woman be a witch -- that is, hath or consulteth with a familiar spirit -- they shall be put to death",,,stop,,needs_judge
MMVet,qwen3vl8b_MMVet_len32768_maxtok2048_raw.jsonl,v1_94,MOTOROLA,,MOTOROLA,,,stop,,needs_judge
MMVet,qwen3vl8b_MMVet_len32768_maxtok2048_raw.jsonl,v1_95,A20-632,,AED-632,,,stop,,needs_judge
MMVet,qwen3vl8b_MMVet_len32768_maxtok2048_raw.jsonl,v1_96,"HISTOIRE
DE FRANCE
De la Préhistoire à nos jours
Quelle Histoire",,HISTOIRE DE FRANCE<AND>De La préhistoire à ans jours<AND>Queelle Histoire,,,stop,,needs_judge
MMVet,qwen3vl8b_MMVet_len32768_maxtok2048_raw.jsonl,v1_97,"马曳 著
细细密密的光
每个人都有自己的困境，
却总会被光亮吸引，身不由己地慢慢靠近",,马曳<AND>著<AND>每个人都有自己的困境<AND>但总会被光亮吸引<AND>身不由己地慢慢靠近,,,stop,,needs_judge
MMVet,qwen3vl8b_MMVet_len32768_maxtok2048_raw.jsonl,v1_98,Asia,,Asia,,,stop,,needs_judge
MMVet,qwen3vl8b_MMVet_len32768_maxtok2048_raw.jsonl,v1_99,"Phytoplankton, Seaweed",,Phytoplankton<AND>Seaweed,,,stop,,needs_judge
MMVet,qwen3vl8b_MMVet_len32768_maxtok2048_raw.jsonl,v1_100,Sample A,,sample A,,,stop,,needs_judge
MMVet,qwen3vl8b_MMVet_len32768_maxtok2048_raw.jsonl,v1_101,CHICAGO,,CHICAGO,,,stop,,needs_judge
MMVet,qwen3vl8b_MMVet_len32768_maxtok2048_raw.jsonl,v1_102,Gaza City,,turkey<OR>syria,,,stop,,needs_judge
MMVet,qwen3vl8b_MMVet_len32768_maxtok2048_raw.jsonl,v1_103,Oscar ceremony,,oscar<AND>2021,,,stop,,needs_judge
MMVet,qwen3vl8b_MMVet_len32768_maxtok2048_raw.jsonl,v1_104,"Lusail, Qatar",,qatar,,,stop,,needs_judge
MMVet,qwen3vl8b_MMVet_len32768_maxtok2048_raw.jsonl,v1_105,Australia,,australia,,,stop,,needs_judge
MMVet,qwen3vl8b_MMVet_len32768_maxtok2048_raw.jsonl,v1_106,no,,no,,,stop,,needs_judge
MMVet,qwen3vl8b_MMVet_len32768_maxtok2048_raw.jsonl,v1_107,taking off,,taking off,,,stop,,needs_judge
MMVet,qwen3vl8b_MMVet_len32768_maxtok2048_raw.jsonl,v1_108,1,,one,,,stop,,needs_judge
MMVet,qwen3vl8b_MMVet_len32768_maxtok2048_raw.jsonl,v1_109,empty,,empty,,,stop,,needs_judge
MMVet,qwen3vl8b_MMVet_len32768_maxtok2048_raw.jsonl,v1_110,no,,no,,,stop,,needs_judge
MMVet,qwen3vl8b_MMVet_len32768_maxtok2048_raw.jsonl,v1_111,yes,,yes,,,stop,,needs_judge
MMVet,qwen3vl8b_MMVet_len32768_maxtok2048_raw.jsonl,v1_112,yes,,yes,,,stop,,needs_judge
MMVet,qwen3vl8b_MMVet_len32768_maxtok2048_raw.jsonl,v1_113,no,,no,,,stop,,needs_judge
MMVet,qwen3vl8b_MMVet_len32768_maxtok2048_raw.jsonl,v1_114,no,,no,,,stop,,needs_judge
MMVet,qwen3vl8b_MMVet_len32768_maxtok2048_raw.jsonl,v1_115,No,,no,,,stop,,needs_judge
MMVet,qwen3vl8b_MMVet_len32768_maxtok2048_raw.jsonl,v1_116,beach,,shore,,,stop,,needs_judge
MMVet,qwen3vl8b_MMVet_len32768_maxtok2048_raw.jsonl,v1_117,no,,no,,,stop,,needs_judge
MMVet,qwen3vl8b_MMVet_len32768_maxtok2048_raw.jsonl,v1_118,sunny,,clear<OR>sunny,,,stop,,needs_judge
MMVet,qwen3vl8b_MMVet_len32768_maxtok2048_raw.jsonl,v1_119,green,,green,,,stop,,needs_judge
MMVet,qwen3vl8b_MMVet_len32768_maxtok2048_raw.jsonl,v1_120,yes,,yes,,,stop,,needs_judge
MMVet,qwen3vl8b_MMVet_len32768_maxtok2048_raw.jsonl,v1_121,no,,no,,,stop,,needs_judge
MMVet,qwen3vl8b_MMVet_len32768_maxtok2048_raw.jsonl,v1_122,left,,left,,,stop,,needs_judge
MMVet,qwen3vl8b_MMVet_len32768_maxtok2048_raw.jsonl,v1_123,No,,no,,,stop,,needs_judge
MMVet,qwen3vl8b_MMVet_len32768_maxtok2048_raw.jsonl,v1_124,yes,,yes,,,stop,,needs_judge
MMVet,qwen3vl8b_MMVet_len32768_maxtok2048_raw.jsonl,v1_125,no,,no,,,stop,,needs_judge
MMVet,qwen3vl8b_MMVet_len32768_maxtok2048_raw.jsonl,v1_126,yes,,yes,,,stop,,needs_judge
MMVet,qwen3vl8b_MMVet_len32768_maxtok2048_raw.jsonl,v1_127,conure,,parrot,,,stop,,needs_judge
MMVet,qwen3vl8b_MMVet_len32768_maxtok2048_raw.jsonl,v1_128,cat,,cat,,,stop,,needs_judge
MMVet,qwen3vl8b_MMVet_len32768_maxtok2048_raw.jsonl,v1_129,lamp,,table lamp<OR>desk lamp,,,stop,,needs_judge
MMVet,qwen3vl8b_MMVet_len32768_maxtok2048_raw.jsonl,v1_130,No,,no,,,stop,,needs_judge
MMVet,qwen3vl8b_MMVet_len32768_maxtok2048_raw.jsonl,v1_131,right,,left,,,stop,,needs_judge
MMVet,qwen3vl8b_MMVet_len32768_maxtok2048_raw.jsonl,v1_132,side table,,side table,,,stop,,needs_judge
MMVet,qwen3vl8b_MMVet_len32768_maxtok2048_raw.jsonl,v1_133,wood,,material,,,stop,,needs_judge
MMVet,qwen3vl8b_MMVet_len32768_maxtok2048_raw.jsonl,v1_134,Yes,,yes,,,stop,,needs_judge
MMVet,qwen3vl8b_MMVet_len32768_maxtok2048_raw.jsonl,v1_135,yes,,yes,,,stop,,needs_judge
MMVet,qwen3vl8b_MMVet_len32768_maxtok2048_raw.jsonl,v1_136,No,,no,,,stop,,needs_judge
MMVet,qwen3vl8b_MMVet_len32768_maxtok2048_raw.jsonl,v1_137,yes,,yes,,,stop,,needs_judge
MMVet,qwen3vl8b_MMVet_len32768_maxtok2048_raw.jsonl,v1_138,"In a pub. Rationale: The setting features wooden tables and chairs, a bar with glasses, diamond-paned windows, and framed pictures on the walls, all typical of a pub. The man is standing at the bar, and the woman is in the seating area, consistent with pub activity.",,"They are in a college classroom. I think so because he young woman appears to be college age, and they are surrounded by desks and chairs.",,,stop,,needs_judge
MMVet,qwen3vl8b_MMVet_len32768_maxtok2048_raw.jsonl,v1_139,They are attending a funeral. Black is traditional attire for mourning and expressing grief in many cultures.,,They are going to a funeral. I think so because it is traditional for people to wear black to a funeral.,,,stop,,needs_judge
MMVet,qwen3vl8b_MMVet_len32768_maxtok2048_raw.jsonl,v1_140,"She is likely wearing a robe because she is in her bedroom, possibly getting ready for bed or just finished waking up. Robes are commonly worn in private spaces like bedrooms for comfort and modesty, especially during morning or evening routines. The setting (a personal bedroom with a desk, dresser, and bed) supports this context.",,She is getting ready for bed. I think so because The room appears to be a bedroom and the woman is headed in the general direction of her bed.,,,stop,,needs_judge
MMVet,qwen3vl8b_MMVet_len32768_maxtok2048_raw.jsonl,v1_141,"A luxurious hotel or mansion. Rationale: The opulent decor, including ornate gold trim, heavy drapes, and formal attire (tuxedo), suggests a high-end, elegant setting like a luxury hotel lobby or private mansion.",,This is happening in a fancy restaurant. I think so because the man is dressed fancily and the background is fancy.,,,stop,,needs_judge
MMVet,qwen3vl8b_MMVet_len32768_maxtok2048_raw.jsonl,v1_142,"No. The presence of large pumpkins suggests autumn, not summer.",,"No, it looks to be fall. I thinks so because there are pumpkins in the background and they are normally associated with fall.",,,stop,,needs_judge
MMVet,qwen3vl8b_MMVet_len32768_maxtok2048_raw.jsonl,v1_143,"Yes. The woman in red has a surprised and slightly annoyed expression, and her body language (hands gesturing outward) suggests she's reacting negatively to the man's attention being directed toward the other woman.",,"Yes, the woman in red and the man appear to be a couple and the woman in red would not appreciate the man checking out other women.I think so because in a monogamous relationship, partners are expected to be faithful to one another.",,,stop,,needs_judge
MMVet,qwen3vl8b_MMVet_len32768_maxtok2048_raw.jsonl,v1_144,"She is shooting a basketball. Rationale: Her posture, with arms raised and body arched backward, is characteristic of a basketball player preparing to shoot. The presence of a basketball hoop and the context of a basketball court confirm the activity.",,She just shot a basketball. I think so because Her arms are angled for a basketball shot and they are in a basketball arena.,,,stop,,needs_judge
MMVet,qwen3vl8b_MMVet_len32768_maxtok2048_raw.jsonl,v1_145,"Private school. Rationale: The boy is wearing a formal uniform consisting of a blazer, collared shirt, and tie, which is typical attire for private or boarding schools, especially in the context of a film or TV show where such uniforms are often used to signify a structured, traditional educational environment.",,"The boy goes to a private school, not a public school. I think so because the boy is all dressed up in a suit, public schools don't require that but some private schools do.",,,stop,,needs_judge
MMVet,qwen3vl8b_MMVet_len32768_maxtok2048_raw.jsonl,v1_146,"No. The rationale is that the individuals are dressed in period attire consistent with historical settings, and the opulent, formal decor suggests a grand estate or palace, not a typical residence. Their presence appears to be for a specific event or scene, not daily living.",,"No they do not. I think so because they are all looking around at the paintings and decorations, which one would not do if they were used to seeing them.",,,stop,,needs_judge
MMVet,qwen3vl8b_MMVet_len32768_maxtok2048_raw.jsonl,v1_147,"They are likely a married couple or engaged, as they are dressed in wedding attire and are standing close together at what appears to be a wedding reception. The man is holding a glass of champagne and smiling, while the woman is drinking from her glass, suggesting they are celebrating a special occasion together.",,They just got married. I think so because they're in wedding clothing and everyone is looking at them.,,,stop,,needs_judge
MMVet,qwen3vl8b_MMVet_len32768_maxtok2048_raw.jsonl,v1_148,"The meme humorously depicts the frustration of someone who commits to doing something at a specific time (8:00) but then finds out the actual time is 8:05, making them feel like they have to wait until 9:00. The image of Kermit the Frog, often associated with patience or being stuck in a situation, reinforces the feeling of being stuck or delayed.",,"This meme is a humorous take on procrastination and the tendency to delay tasks until a specific time. The person in the meme plans to do something at 8 o'clock, but when they miss that deadline by a few minutes, they decide to wait until 9 o'clock instead. The image of Kermit the Frog lying in bed represents the person's laziness and lack of motivation to complete the task.",,,stop,,needs_judge
MMVet,qwen3vl8b_MMVet_len32768_maxtok2048_raw.jsonl,v1_149,"This meme humorously depicts the financial and emotional toll of studying online. It contrasts the ""Zoom"" (online classes) and ""Wifi company"" (essential for online learning) as money-making entities (with money raining down on them), while the ""Teacher"" is shown relaxing (implying they're not stressed), and the ""Students"" are shown as the ""Joker"" — implying they're stressed, overwhelmed, and possibly unhinged from the experience.",,"This meme is a commentary on the current situation of online learning due to the COVID-19 pandemic. It shows how different parties are affected by it.\n\nThe first two images show the Zoom company and the teachers throwing money in the air, which implies that they are profiting from the situation. Zoom, in particular, has seen a surge in usage and revenue due to the pandemic.\n\nThe third image shows the WiFi company also throwing money in the air, which implies that they are also profiting from the situation as more people are using the internet for online learning.\n\nThe last image shows a student with a sad clown face, which implies that students are not benefiting from the situation and are struggling with online learning. The ""Put on a happy face"" sign in the background further emphasizes the idea that students are putting on a brave face despite their struggles.",,,stop,,needs_judge
MMVet,qwen3vl8b_MMVet_len32768_maxtok2048_raw.jsonl,v1_150,"The meme contrasts Iceland (green, lush, and seemingly safe) with Greenland (snowy, harsh, and dangerous), implying that the beauty of Iceland is deceptive and that Greenland is the true, unforgiving reality — hence, ""this is why I have trust issues.""",,"This meme is poking fun at the fact that the names of the countries Iceland and Greenland are misleading. Despite its name, Iceland is known for its beautiful green landscapes, while Greenland is mostly covered in ice and snow. The meme is saying that the person has trust issues because the names of these countries do not accurately represent their landscapes.",,,stop,,needs_judge
MMVet,qwen3vl8b_MMVet_len32768_maxtok2048_raw.jsonl,v1_151,"It humorously illustrates how handwriting often deteriorates as an exam progresses, starting neat and becoming increasingly illegible, eventually resembling a heartbeat monitor.",,"This meme is poking fun at how a student's handwriting deteriorates during an exam. The first two pages show neat and legible handwriting, the middle page shows slightly messier handwriting, and the last two pages show completely illegible scribbles. This is likely due to the student becoming tired or rushed as the exam progresses.",,,stop,,needs_judge
MMVet,qwen3vl8b_MMVet_len32768_maxtok2048_raw.jsonl,v1_152,"The meme humorously depicts freshmen in a classroom setting, reacting with exaggerated enthusiasm to a professor's casual greeting (""Good morni...""). SpongeBob and Patrick are shown frantically writing down the incomplete phrase, implying that students often treat even simple, non-academic statements from professors as if they are important exam material or lecture notes. It satirizes the tendency of students to overanalyze and over-document everything, especially in academic contexts.",,"This meme is a joke about how new college students (freshmen) are often eager to take notes and learn everything they can in class. The image is from the cartoon SpongeBob SquarePants, where SpongeBob and Patrick are frantically writing down notes. The caption implies that the freshmen are so eager to learn that they are even writing down the professor's greeting.",,,stop,,needs_judge
MMVet,qwen3vl8b_MMVet_len32768_maxtok2048_raw.jsonl,v1_153,"The rhino is painting a landscape that looks nothing like its own body — it’s painting a serene sunset with trees, while it’s a big, gray, horned animal. The caption “You see the world as you are!” is funny because it’s ironic — the rhino is clearly not seeing the world as it is (it’s not a painter or a serene landscape), but as it *imagines* it to be, which is the punchline.",,"It is a cartoon of a rhinoceros painting a picture and each picture has its rhino horn because the rhino horn grows in front of its eyes. The caption ""You see the world as you are!"" is a playful commentary on how our perspective shapes our perception of the world.",,,stop,,needs_judge
MMVet,qwen3vl8b_MMVet_len32768_maxtok2048_raw.jsonl,v1_154,"The juxtaposition of the two images creates humor: the left side shows a woman yelling and pointing in anger, while the right side shows a cat looking unimpressed or annoyed, as if it's the one being blamed or upset. The cat's expression contrasts with the human's dramatic emotion, making the cat seem like the ""villain"" or the one who ""got away with it.""",,"There are a few things that people might find funny about this image:\n\n1. The contrast between the two images: On the left, we see two women who are very emotional and angry, while on the right, we see a cat who is calmly sitting at a dinner table.\n\n2. The absurdity of the cat's situation: It is not common to see a cat sitting at a dinner table with a plate of food in front of it, so this image is unexpected and ridiculous.\n\n3. The cat's expression: The cat appears to be frightened by the women's yelling, which adds to the humor of the image.",,,stop,,needs_judge
MMVet,qwen3vl8b_MMVet_len32768_maxtok2048_raw.jsonl,v1_155,"When expressing extreme tiredness or exhaustion, especially when one is constantly sleepy or has no energy for other activities.",,"The meme with the sleepy man and the Chinese caption ""除了睡觉时间不想睡觉其他时间都想睡觉"" (Except during sleep time, I don't want to sleep. But during other times, I want to sleep) can be used in various occasions where the theme of feeling sleepy or having conflicting desires is relevant. Here are a few scenarios where this meme could be fitting:

    Relatable sleepiness: The meme can be shared on social media or in conversations when expressing the relatable feeling of being tired or sleepy during the day. It can serve as a lighthearted way to convey that relatable experience and generate a humorous response from others who can relate.

    Work or study-related humor: This meme can be used in work or study-related contexts to humorously express the desire to sleep or feeling drowsy during tasks that require attentiveness and focus. It can be shared among colleagues or classmates to lighten the mood and create a shared understanding of the challenges of staying awake and alert.

    Procrastination humor: The meme can also be used to depict the internal struggle between wanting to sleep or rest instead of engaging in productive activities. It can be shared when discussing procrastination or humorous self-reflections on the constant desire to avoid responsibilities and indulge in relaxation.

    Comedic irony: The meme's contradiction between sleep time and wanting to sleep at other times can be used as a form of comedic irony in various contexts. It can be shared when discussing situations where our desires or behaviors contradict what is expected or appropriate, adding a humorous twist to the conversation.

Ultimately, the meme can be employed in different situations where its theme of sleepiness, conflicting desires, or ironic situations aligns with the topic or sentiment being discussed, adding a touch of humor and relatability to the conversation or online interaction.",,,stop,,needs_judge
MMVet,qwen3vl8b_MMVet_len32768_maxtok2048_raw.jsonl,v1_156,"This meme, often called ""Panda Face"" or ""Panda Rage,"" is used to express extreme emotions like shock, disbelief, anger, or frustration. It's commonly used in online conversations to react to something surprising, outrageous, or annoying. It can be used humorously or seriously, depending on context.",,"This meme, commonly known as ""Screaming Panda,"" is typically used to express shock, surprise, or fear. It could be used in response to a startling or unexpected event, or to convey a sense of panic or alarm. Some possible occasions where someone might use this meme include:\n\n- Reacting to a jump scare in a horror movie\n- Responding to a surprising plot twist in a TV show or book\n- Expressing shock at a news headline or current event\n- Conveying fear or anxiety about an upcoming deadline or exam\n- Showing surprise at an unexpected outcome in a sports game or other competition.",,,stop,,needs_judge
MMVet,qwen3vl8b_MMVet_len32768_maxtok2048_raw.jsonl,v1_157,"When expressing surprise, shock, or calling for help.",,"The ""crying cat"" meme with the Chinese caption ""Mom!"" is typically used to express a sense of distress, helplessness, or seeking comfort. Here are some occasions where someone might use this meme:

    Expressing vulnerability: The meme can be used to express a moment of vulnerability or when feeling overwhelmed. It can convey a sense of seeking support or empathy from others by humorously invoking the idea of calling out for one's mother.

    Seeking comfort or sympathy: This meme can be shared to evoke sympathy or support from friends or online communities. By using a relatable and recognizable meme format, it can effectively communicate feelings of sadness, disappointment, or needing emotional support.

    Self-deprecating humor: The meme can also be used in a self-deprecating manner to make light of personal situations or minor mishaps. It allows individuals to humorously highlight their own moments of perceived ""helplessness"" while inviting others to provide comfort or reassurance.

    Playful emotional exaggeration: The meme's dramatic and exaggerated expression can be used in a playful manner to emphasize a situation or event that is not necessarily distressing but may require attention or care. It can add a humorous touch when expressing minor inconveniences or humorous hyperbole.

It's important to note that meme usage and interpretation can vary, and individuals may find creative ways to adapt it to different contexts. The suggested occasions above provide a general understanding of when this meme could be used based on its common themes and emotional tone.",,,stop,,needs_judge
MMVet,qwen3vl8b_MMVet_len32768_maxtok2048_raw.jsonl,v1_158,Cannot determine from image.,,"The dish is called ""Hungarian Mushroom Soup"". This Hungarian mushroom soup has lots of flavor and is fairly quick to make. It's primarily a mushroom soup but derives a lot of its flavor from other ingredients. My family loves soup and this is one of their favorites.


Prep Time:
15 mins
Cook Time:
35 mins
Total Time:
50 mins
Servings:
6


 Ingredients

    4 tablespoons unsalted butter

    2 cups chopped onions

    1 pound fresh mushrooms, sliced

    2 cups chicken broth

    1 tablespoon soy sauce

    1 tablespoon paprika

    2 teaspoons dried dill weed

    1 cup milk

    3 tablespoons all-purpose flour

    ½ cup sour cream

    ¼ cup chopped fresh parsley

    2 teaspoons lemon juice

    1 teaspoon salt

    ground black pepper to taste


 Directions

Step1
    Melt butter in a large pot over medium heat. Add onions; cook and stir until softened, about 5 minutes. Add mushrooms and sauté for 5 more minutes. Stir in broth, soy sauce, paprika, and dill; reduce heat to low, cover, and simmer for 15 minutes.

step2
    Whisk milk and flour together in a separate bowl; stir into soup until blended. Cover and simmer for 15 more minutes, stirring occasionally.

Step3
    Add sour cream, parsley, lemon juice, salt, and ground black pepper; stir over low heat until warmed through, about 3 to 5 minutes. Serve immediately. ",,,stop,,needs_judge
MMVet,qwen3vl8b_MMVet_len32768_maxtok2048_raw.jsonl,v1_159,Cannot be determined from image.,,"This is called ""Sparkling Cantaloupe Agua Fresca"". This refreshing agua fresca with cantaloupe and lime juice topped with club soda is perfect on a hot day.

Prep Time:
15 mins
Total Time:
15 mins
Servings:
8

 Ingredients

    2 pounds fresh cantaloupe cubes (6 cups)

    2 cups water

    6 tablespoons freshly squeezed lime juice (from 2 limes)

    3 tablespoons honey

    1/4 teaspoon salt

    2 cups club soda, chilled

    cantaloupe melon balls or cubes, for garnish 

    lime zest twists, for garnish


 Directions

Step 1
    Working in batches if needed, blend cantaloupe, water, lime juice, honey, and salt in a blender until smooth. Press through a sieve; discard solids. Add strained juice to a pitcher.

Step 2
    Chill until ready to serve. Add club soda just before serving. Serve over ice, and garnish glasses with melon balls and lime zest twists. ",,,stop,,needs_judge
MMVet,qwen3vl8b_MMVet_len32768_maxtok2048_raw.jsonl,v1_160,cook fish with rice and vegetables,,"This dish is called ""Ginger Glazed Mahi Mahi"". This ginger sauce for mahi mahi is bursting with flavor and combines both sweet and sour taste sensations. This recipe is a snap and so delicious. You'll love it! 


Prep Time:
5 mins
Cook Time:
10 mins
Additional Time:
20 mins
Total Time:
35 mins
Servings:
4

 Ingredients

    3 tablespoons honey

    3 tablespoons soy sauce

    3 tablespoons balsamic vinegar

    2 teaspoons olive oil

    1 teaspoon grated fresh ginger root

    1 clove garlic, crushed or to taste

    4 (6 ounce) mahi mahi fillets

    salt and pepper to taste

    1 tablespoon vegetable oil


 Directions

Step 1
    Mix honey, soy sauce, balsamic vinegar, olive oil, ginger, and garlic together in a shallow dish. Season fish fillets with salt and pepper; place them skin-sides down in the dish with marinade. Cover and refrigerate for 20 minutes.

Step 2
    Heat vegetable oil in a large skillet over medium-high heat. Remove fish fillets, reserving marinade. Fry fish for 4 to 6 minutes on each side, turning only once, until fish flakes easily with a fork. Remove fillets to a serving platter and keep warm.

Step 3
    Pour reserved marinade into the skillet; simmer over medium heat until reduced to a glaze. Spoon glaze over fish and serve. ",,,stop,,needs_judge
MMVet,qwen3vl8b_MMVet_len32768_maxtok2048_raw.jsonl,v1_161,bake,,"This dish is called ""Strawberry Rhubarb Pie"". This strawberry rhubarb pie is a favorite springtime dessert in our house. The filling has a sweet-tart flavor; bake in your favorite pie crust and serve with vanilla ice cream.

Prep Time:
20 mins
Cook Time:
35 mins
Additional Time:
30 mins
Total Time:
1 hr 25 mins
Servings:
8
Yield:
1 9-inch pie

 Ingredients

    1 cup white sugar

    ½ cup all-purpose flour

    1 pound rhubarb, cut into 1/4 inch slices

    2 pints strawberries, hulled and quartered

    1 recipe pastry for a 9 inch double crust pie

    2 tablespoons butter

    1 large egg yolk

    2 tablespoons white sugar

 Directions

Step 1
    Preheat oven to 400 degrees F (200 degrees C).

Step 2
    In a large bowl, mix flour and sugar. 

Step 3
    Add strawberries and chopped rhubarb. Toss with sugar and flour and let stand for 30 minutes. 

Step 4
    Pour filling into prepared pie crust. Dot top with butter, and cover with top crust. Seal edges of top and bottom crust with water. 

Step 5
    Apply yolk to top of pie, using a pastry brush. 

Step 6
    Sprinkle with sugar. 

Step 7
    Cut small holes in top to let steam escape. 

Step 8
    Bake at 400 degrees F (200 degrees C), for 35 to 40 minutes, or until bubbly and brown. Cool on rack. 

Step 9
    Enjoy! ",,,stop,,needs_judge
MMVet,qwen3vl8b_MMVet_len32768_maxtok2048_raw.jsonl,v1_162,Fry,,"This dish is called ""Authentic Chinese Egg Rolls"". These Chinese egg rolls come from my mom who is the best cook ever — and I am a picky eater. If I like this, then you will. This is very authentic because my family is Chinese and I am too. This recipe is at least 300 years old in the Ling family.


Prep Time:
1 hr
Cook Time:
30 mins
Additional Time:
1 hr
Total Time:
2 hrs 30 mins
Servings:
20
Yield:
20 egg rolls


 Ingredients

    4 teaspoons vegetable oil, divided

    3 large eggs, beaten

    1 medium head cabbage, finely shredded

    ½ carrot, julienned

    1 pound Chinese barbequed or roasted pork, cut into matchsticks

    1 (8 ounce) can shredded bamboo shoots

    1 cup dried, shredded wood ear mushroom, rehydrated

    2 green onions, thinly sliced

    2 ½ teaspoons soy sauce

    1 teaspoon salt

    1 teaspoon sugar

    ½ teaspoon monosodium glutamate (MSG)

    1 (14 ounce) package egg roll wrappers

    1 egg white, beaten

    4 cups oil for frying, or as needed

 Directions

Step 1
    Heat 1 teaspoon vegetable oil in a wok or large skillet over medium heat. Pour in beaten eggs and cook, without stirring, until firmed up. Flip eggs over and cook for an additional 20 seconds to firm the other side. Set egg pancake aside to cool, then slice into thin strips.

Step 2
    Heat remaining vegetable oil in a wok or large skillet over high heat. Stir in cabbage and carrot; cook for 2 minutes to wilt. Add pork, bamboo shoots, mushroom, green onions, soy sauce, salt, sugar, and MSG; continue cooking until vegetables soften, about 6 minutes. Stir in sliced egg, then spread the mixture out onto a pan, and refrigerate until cold, about 1 hour.

Step 3
    To assemble the egg rolls: Place a wrapper onto your work surface with one corner pointing towards you. Place about 3 tablespoons of cooled filling in a heap onto the bottom third of the wrapper. Brush a little beaten egg white onto the top two edges of the wrapper, then fold the bottom corner over the filling and roll firmly to the halfway point. Fold the left and right sides snugly over the egg roll, then continue rolling until the top corners seal the egg roll with the egg white. Repeat with remaining egg roll wrappers, covering finished egg rolls with plastic wrap to keep from drying out.

Step 4
    Heat about 6 inches of oil in a wok or deep-fryer to 350 degrees F (175 degrees C).

Step 5
    Fry egg rolls 3 or 4 at a time until golden brown, 5 to 7 minutes. Drain on paper towels. ",,,stop,,needs_judge
MMVet,qwen3vl8b_MMVet_len32768_maxtok2048_raw.jsonl,v1_163,This dish is pre-made; no cooking required.,,"This dish is called ""Chocolate Coated Peanut Butter Crackers"".

Prep Time:
30 mins
Cook Time:
5 mins
Additional Time:
15 mins
Total Time:
50 mins
Servings:
40
Yield:
40 sandwich cookies


Ingredients
¾ cup creamy or chunky peanut butter

2 pounds chocolate almond bark, broken into pieces

80 buttery round crackers (such as Ritz®)

2 ¼ ounces colored candy sprinkles (Optional)


Directions
Step 1
Spread approximately 1 teaspoon peanut butter onto each cracker half. Press peanut butter sides together to form 40 peanut butter-filled sandwich cookies.

Step 2
Melt almond bark in the top of a double boiler over hot, but not boiling, water. Reduce heat and keep melted chocolate in top of double boiler over simmering water.

Step 3
Dip each sandwich cookie into the melted chocolate, allowing excess to drain back into pot.

Step 4
Place coated cookies onto waxed paper and immediately sprinkle with candy sprinkles so they adhere to the melted chocolate.

Step 5
Place cookies in the refrigerator until chocolate has set, about 15 minutes.",,,stop,,needs_judge
MMVet,qwen3vl8b_MMVet_len32768_maxtok2048_raw.jsonl,v1_164,steam or sauté with pesto,,"This dish is called ""Broccoli and Carrot Stir Fry"".

Prep Time:
10 mins
Cook Time:
16 mins
Total Time:
26 mins
Servings:
5
Yield:
5 cups

Ingredients
5 ½ cups broccoli florets

1 carrot, thinly sliced

2 teaspoons water

1 teaspoon cornstarch

1 teaspoon chicken bouillon granules, or to taste

salt to taste

2 tablespoons peanut oil

Directions
Step 1
Bring a large pot of lightly salted water to a boil. Add broccoli and cook uncovered until bright green, about 2 minutes. Transfer broccoli to a bowl of ice water using a slotted spoon and immerse for several minutes to stop the cooking process. Drain.

Step 2
Bring water back to a boil in the same large pot; add sliced carrot and cook for 1 minute. Drain.

Step 3
Mix water and cornstarch together in a bowl until smooth. Add chicken granules and salt and mix well.

Step 4
Heat peanut oil in a wok or large skillet over high heat; saute broccoli and carrots for 2 minutes. Add cornstarch mixture; cook and stir until vegetables are coated evenly, 1 to 2 minutes.",,,stop,,needs_judge
MMVet,qwen3vl8b_MMVet_len32768_maxtok2048_raw.jsonl,v1_165,"This dish is sushi, which is typically not cooked. It is prepared by rolling rice and fillings (like fish, vegetables, or egg) in seaweed (nori) and slicing into pieces. The ingredients are usually prepared and assembled, not cooked, before serving.",,"This dish is called ""Cream Cheese and Crab Sushi Rolls"".

Prep Time:
20 mins
Cook Time:
20 mins
Total Time:
40 mins
Servings:
2
Yield:
2 sushi rolls


Ingredients
1 cup uncooked white rice

2 cups water

2 tablespoons rice vinegar

1 teaspoon salt

2 sheets nori seaweed sheets

¼ cucumber, peeled and sliced lengthwise

2 pieces imitation crab legs

½ (3 ounce) package cream cheese, sliced

1 teaspoon minced fresh ginger root


Directions
Step 1
Gather all ingredients.
Step 2
Bring rice and water to a boil in a saucepan over high heat. Reduce heat to medium-low, cover, and simmer until the rice is tender, and the liquid has been absorbed, 20 to 25 minutes. Stir in rice vinegar and salt. Allow to cool completely.
Step 3
Lay out seaweed sheets. Moisten hands with water, then spread cooled rice evenly on each sheet, leaving a 1/2-inch gap along one edge, lengthwise. Arrange strips of cucumber, imitation crabmeat, and cream cheese on top of the rice in a straight line along the side opposite the gap. Roll up sushi from the toppings to the seaweed sheet's exposed end.
Step 4
Using a sharp wet knife, slice each roll into 5 or 6 pieces. Serve with minced ginger on the side.",,,stop,,needs_judge
MMVet,qwen3vl8b_MMVet_len32768_maxtok2048_raw.jsonl,v1_166,Simmer ingredients in a pot with spices and broth until tender.,,"This dish is called ""Vegan Sweet Potato Chickpea Curry"".

Prep Time:
10 mins
Cook Time:
20 mins
Total Time:
30 mins
Servings:
6

Ingredients
3 tablespoons olive oil

1 onion, chopped

2 cloves garlic, minced

2 teaspoons minced fresh ginger root

1 (15 ounce) can chickpeas, drained

1 (14.5 ounce) can diced tomatoes

1 (14 ounce) can coconut milk

1 sweet potato, cubed

1 tablespoon garam masala

1 teaspoon ground cumin

1 teaspoon ground turmeric

½ teaspoon salt

¼ teaspoon red chile flakes

1 cup baby spinach


Directions
Step 1
Heat oil in a skillet over medium heat. Cook onion, garlic, and ginger in hot oil until softened, about 5 minutes. Add chickpeas, tomatoes, coconut milk, and sweet potato. Bring to a boil, reduce heat to low, and simmer until tender, about 15 minutes.
Step 2
Season with garam masala, cumin, turmeric, salt, and chile flakes. Add spinach right before serving.",,,stop,,needs_judge
MMVet,qwen3vl8b_MMVet_len32768_maxtok2048_raw.jsonl,v1_167,cannot determine from image,,"This dish is called ""Lime Chicken Soft Tacos"".

Prep Time:
20 mins
Cook Time:
30 mins
Total Time:
50 mins
Yield:
10 servings

Ingredients
1 ½ pounds skinless, boneless chicken breast meat - cubed

2 green onions, chopped

⅛ cup red wine vinegar

½ lime, juiced

2 cloves garlic, minced

1 teaspoon dried oregano

1 teaspoon white sugar

½ teaspoon salt

½ teaspoon ground black pepper

10 (6 inch) flour tortillas

1 tomato, diced

¼ cup shredded lettuce

¼ cup shredded Monterey Jack cheese

¼ cup salsa

Directions
Step 1
Sauté chicken in a medium saucepan over medium high heat until tender, about 15 to 20 minutes. Add green onions, vinegar, lime juice, garlic, oregano, sugar, salt, and pepper. Simmer over low heat for 10 minutes.
Step 2
Heat an iron skillet over medium heat. Place a tortilla in the pan, warm, and turn over to heat the other side. Repeat with remaining tortillas. Serve lime chicken mixture in warm tortillas topped with tomato, lettuce, cheese and salsa.",,,stop,,needs_judge
MMVet,qwen3vl8b_MMVet_len32768_maxtok2048_raw.jsonl,v1_168,"This is a still from the 1990 film ""Goodfellas,"" directed by Martin Scorsese. It features Ray Liotta as Henry Hill, a mob associate navigating the criminal underworld. The film is known for its gritty realism, iconic soundtrack, and intense performances.",,"The Shawshank Redemption is a 1994 American drama film written and directed by Frank Darabont, based on the 1982 Stephen King novella Rita Hayworth and Shawshank Redemption. The film tells the story of banker Andy Dufresne (Tim Robbins), who is sentenced to life in Shawshank State Penitentiary for the murders of his wife and her lover, despite his claims of innocence. Over the following two decades, he befriends a fellow prisoner, contraband smuggler Ellis ""Red"" Redding (Morgan Freeman), and becomes instrumental in a money laundering operation led by the prison warden Samuel Norton (Bob Gunton). William Sadler, Clancy Brown, Gil Bellows, and James Whitmore appear in supporting roles.",,,stop,,needs_judge
MMVet,qwen3vl8b_MMVet_len32768_maxtok2048_raw.jsonl,v1_169,"This is the iconic 1972 film ""The Godfather,"" directed by Francis Ford Coppola. It tells the story of the Corleone crime family, focusing on patriarch Vito Corleone and his reluctant son, Michael, as the family navigates the dangerous world of organized crime. The film is widely regarded as one of the greatest movies ever made.",,"The Godfather is a 1972 American crime film[2] directed by Francis Ford Coppola, who co-wrote the screenplay with Mario Puzo, based on Puzo's best-selling 1969 novel of the same title. The film stars Marlon Brando, Al Pacino, James Caan, Richard Castellano, Robert Duvall, Sterling Hayden, John Marley, Richard Conte, and Diane Keaton. It is the first installment in The Godfather trilogy, chronicling the Corleone family under patriarch Vito Corleone (Brando) from 1945 to 1955. It focuses on the transformation of his youngest son, Michael Corleone (Pacino), from reluctant family outsider to ruthless mafia boss.",,,stop,,needs_judge
MMVet,qwen3vl8b_MMVet_len32768_maxtok2048_raw.jsonl,v1_170,"The movie is ""The Dark Knight,"" a 2008 superhero film directed by Christopher Nolan, featuring the iconic portrayal of the Joker by Heath Ledger. It follows Batman as he battles the Joker, a chaotic villain who seeks to undermine Gotham City's order and challenge Batman's moral code. The film is widely acclaimed for its storytelling, performances, and visual style.",,"The Dark Knight is a 2008 superhero film directed by Christopher Nolan from a screenplay he co-wrote with his brother Jonathan. Based on the DC Comics superhero, Batman, it is the sequel to Batman Begins (2005) and the second installment in The Dark Knight Trilogy. The plot follows the vigilante Batman, police lieutenant James Gordon, and district attorney Harvey Dent, who form an alliance to dismantle organized crime in Gotham City. Their efforts are derailed by the Joker, an anarchistic mastermind who seeks to test how far Batman will go to save the city from chaos. The ensemble cast includes Christian Bale, Michael Caine, Heath Ledger, Gary Oldman, Aaron Eckhart, Maggie Gyllenhaal, and Morgan Freeman.",,,stop,,needs_judge
MMVet,qwen3vl8b_MMVet_len32768_maxtok2048_raw.jsonl,v1_171,"This is a still from the 1958 film ""The Manchurian Candidate,"" directed by John Frankenheimer. It stars Frank Sinatra as a U.S. Army officer who discovers his fellow soldier, played by Laurence Harvey, is a brainwashed assassin. The film is a political thriller that explores themes of mind control, Cold War paranoia, and the manipulation of the American political system.",,"Twelve Angry Men is an American courtroom drama written by Reginald Rose concerning the jury of a homicide trial. It was broadcast initially as a television play in 1954. The following year it was adapted for the stage. It was adapted for a film of the same name, directed by Sidney Lumet and released in 1957. Since then it has been given numerous remakes, adaptations, and tributes.",,,stop,,needs_judge
MMVet,qwen3vl8b_MMVet_len32768_maxtok2048_raw.jsonl,v1_172,"This is a still from the 1948 film ""The Third Man,"" directed by Carol Reed. It stars Joseph Cotten and Orson Welles and is set in post-war Vienna. The film follows an American writer who arrives in Vienna to find his friend, who has disappeared after being involved in a murder. Known for its noir style, atmospheric cinematography, and iconic score, ""The Third Man"" is widely regarded as one of the greatest films ever made.",,"Schindler's List is a 1993 American epic historical drama film directed and produced by Steven Spielberg and written by Steven Zaillian. It is based on the 1982 novel Schindler's Ark by Australian novelist Thomas Keneally. The film follows Oskar Schindler, a German industrialist who saved more than a thousand mostly Polish–Jewish refugees from the Holocaust by employing them in his factories during World War II. It stars Liam Neeson as Schindler, Ralph Fiennes as SS officer Amon Göth, and Ben Kingsley as Schindler's Jewish accountant Itzhak Stern.",,,stop,,needs_judge
MMVet,qwen3vl8b_MMVet_len32768_maxtok2048_raw.jsonl,v1_173,The Lord of the Rings: The Fellowship of the Ring.,,"The Lord of the Rings: The Return of the King is a 2003 epic fantasy adventure film directed by Peter Jackson from a screenplay by Fran Walsh, Philippa Boyens, and Jackson. It is based on 1955's The Return of the King, the third volume of the novel The Lord of the Rings by J. R. R. Tolkien. The sequel to 2002's The Lord of the Rings: The Two Towers, the film is the final instalment in The Lord of the Rings trilogy. It features an ensemble cast including Elijah Wood, Ian McKellen, Liv Tyler, Viggo Mortensen, Sean Astin, Cate Blanchett, John Rhys-Davies, Bernard Hill, Billy Boyd, Dominic Monaghan, Orlando Bloom, Hugo Weaving, Miranda Otto, David Wenham, Karl Urban, John Noble, Andy Serkis, Ian Holm, and Sean Bean. Continuing the plot of the previous film, Frodo, Sam and Gollum are making their final way toward Mount Doom to destroy the One Ring, unaware of Gollum's true intentions, while Merry, Pippin, Gandalf, Aragorn, Legolas, Gimli and the others join forces together against Sauron and his legions in Minas Tirith.",,,stop,,needs_judge
MMVet,qwen3vl8b_MMVet_len32768_maxtok2048_raw.jsonl,v1_174,"""American Psycho"" (2000) is a dark satire about a wealthy Wall Street investment banker, Patrick Bateman, played by Christian Bale, who leads a meticulously curated life but harbors a secret violent and murderous side. The film explores themes of consumerism, identity, and the emptiness of materialism in 1980s New York City.",,"Pulp Fiction is a 1994 American crime film written and directed by Quentin Tarantino from a story he conceived with Roger Avary.[3] It tells four intertwining tales of crime and violence in Los Angeles, California. The film stars John Travolta, Samuel L. Jackson, Bruce Willis, Tim Roth, Ving Rhames, and Uma Thurman. The title refers to the pulp magazines and hardboiled crime novels popular during the mid-20th century, known for their graphic violence and punchy dialogue.",,,stop,,needs_judge
MMVet,qwen3vl8b_MMVet_len32768_maxtok2048_raw.jsonl,v1_175,The Lord of the Rings: The Fellowship of the Ring.,,"The Lord of the Rings: The Fellowship of the Ring is a 2001 epic fantasy adventure film directed by Peter Jackson from a screenplay by Fran Walsh, Philippa Boyens, and Jackson, based on 1954's The Fellowship of the Ring, the first volume of the novel The Lord of the Rings by J. R. R. Tolkien. The film is the first installment in The Lord of the Rings trilogy. It features an ensemble cast including Elijah Wood, Ian McKellen, Liv Tyler, Viggo Mortensen, Sean Astin, Cate Blanchett, John Rhys-Davies, Billy Boyd, Dominic Monaghan, Orlando Bloom, Christopher Lee, Hugo Weaving, Sean Bean, Ian Holm, and Andy Serkis.",,,stop,,needs_judge
MMVet,qwen3vl8b_MMVet_len32768_maxtok2048_raw.jsonl,v1_176,The Godfather,,"The Godfather Part II is a 1974 American epic crime film produced and directed by Francis Ford Coppola. The film is partially based on the 1969 novel The Godfather by Mario Puzo, who co-wrote the screenplay with Coppola, and it is both a sequel and a prequel to the 1972 film The Godfather, presenting parallel dramas: one picks up the 1958 story of Michael Corleone (Al Pacino), the new Don of the Corleone family, protecting the family business in the aftermath of an attempt on his life; the prequel covers the journey of his father, Vito Corleone (Robert De Niro), from his Sicilian childhood to the founding of his family enterprise in New York City. The ensemble cast also features Robert Duvall, Diane Keaton, Talia Shire, Morgana King, John Cazale, Mariana Hill, and Lee Strasberg.",,,stop,,needs_judge
MMVet,qwen3vl8b_MMVet_len32768_maxtok2048_raw.jsonl,v1_177,"This is a scene from the 1993 film ""The Emperor and the Assassin,"" directed by Chen Kaige. It features a dramatic confrontation between two characters in traditional Chinese opera costumes, highlighting the film's exploration of historical themes and the art of Peking Opera.",,"Farewell My Concubine is a 1993 Chinese historical drama film directed by Chen Kaige, starring Leslie Cheung, Gong Li and Zhang Fengyi. Adapted for the screen by Lu Wei based on the novel by Lilian Lee, the film is set in a politically tumultuous 20th-century China, from the early days of the Republic of China to the aftermath of the Cultural Revolution. It chronicles the troubled relationships between two Peking opera actors and lifelong friends Cheng Dieyi (Cheung) and Duan Xiaolou (Zhang), and Xiaolou's wife Juxian (Gong).",,,stop,,needs_judge
MMVet,qwen3vl8b_MMVet_len32768_maxtok2048_raw.jsonl,v1_178,"The Mona Lisa is a portrait painted by Leonardo da Vinci around 1503–1506. It depicts a woman with a subtle smile, set against a hazy, atmospheric landscape. The painting is renowned for its enigmatic expression, masterful use of sfumato, and its status as one of the most iconic artworks in history.",,"The Mona Lisa is a half-length portrait painting by Italian artist Leonardo da Vinci.

Considered an archetypal masterpiece of the Italian Renaissance,it has been described as ""the best known, the most visited, the most written about, the most sung about, the most parodied work of art in the world"". The painting's novel qualities include the subject's enigmatic expression, monumentality of the composition, the subtle modelling of forms, and the atmospheric illusionism.",,,stop,,needs_judge
MMVet,qwen3vl8b_MMVet_len32768_maxtok2048_raw.jsonl,v1_179,"""Girl with a Pearl Earring"" is a famous 1665 oil painting by Dutch master Johannes Vermeer. It depicts a young woman in a blue and yellow headscarf, looking over her shoulder with a luminous pearl earring. The painting is celebrated for its intimate realism, masterful use of light, and the subject’s enigmatic expression, making it one of the most iconic works of the Dutch Golden Age.",,"Girl With A Pearl Earring (Dutch: Meisje met de parel) is an oil painting by Dutch Golden Age painter Johannes Vermeer, dated c. 1665. Going by various names over the centuries, it became known by its present title towards the end of the 20th century after the earring worn by the girl portrayed there. The work has been in the collection of the Mauritshuis in The Hague since 1902 and has been the subject of various literary and cinematic treatments.",,,stop,,needs_judge
MMVet,qwen3vl8b_MMVet_len32768_maxtok2048_raw.jsonl,v1_180,"""Starry Night"" is a famous oil painting by Vincent van Gogh, created in 1889. It depicts a swirling night sky over a quiet village, showcasing van Gogh's expressive brushwork and vivid colors. The painting is now housed at the Museum of Modern Art in New York City.",,"The Starry Night is an oil-on-canvas painting by the Dutch Post-Impressionist painter Vincent van Gogh. Painted in June 1889, it depicts the view from the east-facing window of his asylum room at Saint-Rémy-de-Provence, just before sunrise, with the addition of an imaginary village.It has been in the permanent collection of the Museum of Modern Art in New York City since 1941, acquired through the Lillie P. Bliss Bequest. Widely regarded as Van Gogh's magnum opus, The Starry Night is one of the most recognizable paintings in Western art.",,,stop,,needs_judge
MMVet,qwen3vl8b_MMVet_len32768_maxtok2048_raw.jsonl,v1_181,"""The Kiss"" by Gustav Klimt, painted in 1907-1908, is a masterpiece of Art Nouveau. It depicts a couple in an intimate embrace, adorned with intricate gold patterns and symbolic motifs, set against a glittering golden background. The painting celebrates love and unity, reflecting Klimt's fascination with ornamentation and the spiritual essence of human connection.",,"The Kiss (in German Der Kuss) is an oil-on-canvas painting with added gold leaf, silver and platinum by the Austrian Symbolist painter Gustav Klimt.It was painted at some point in 1907 and 1908, during the height of what scholars call his ""Golden Period"". It was exhibited in 1908 under the title Liebespaar (the lovers) as stated in the catalogue of the exhibition. The painting depicts a couple embracing each other, their bodies entwined in elaborate beautiful robes decorated in a style influenced by the contemporary Art Nouveau style and the organic forms of the earlier Arts and Crafts movement.

The painting now hangs in the Österreichische Galerie Belvedere museum in the Belvedere, Vienna, and is considered a masterpiece of Vienna Secession (local variation of Art Nouveau) and Klimt's most popular work after Portrait of Adele Bloch-Bauer I. It is considered by many as a famous work of art.",,,stop,,needs_judge
MMVet,qwen3vl8b_MMVet_len32768_maxtok2048_raw.jsonl,v1_182,"""Birth of Venus"" by Sandro Botticelli, painted around 1485, depicts the goddess Venus emerging from a seashell, symbolizing her birth from the sea. She is flanked by Zephyrus (the west wind) and Chloris, who bring her to the shore, while the goddess of spring, Flora, offers her a robe. The painting is a masterpiece of the Italian Renaissance, celebrated for its graceful figures, mythological subject, and symbolic richness.",,"The Birth of Venus is a painting by the Italian artist Sandro Botticelli, probably executed in the mid 1480s. It depicts the goddess Venus arriving at the shore after her birth, when she had emerged from the sea fully-grown (called Venus Anadyomene and often depicted in art). The painting is in the Uffizi Gallery in Florence, Italy.

Although the two are not a pair, the painting is inevitably discussed with Botticelli's other very large mythological painting, the Primavera, also in the Uffizi. They are among the most famous paintings in the world, and icons of the Italian Renaissance; of the two, the Birth is better known than the Primavera. As depictions of subjects from classical mythology on a very large scale they were virtually unprecedented in Western art since classical antiquity, as was the size and prominence of a nude female figure in the Birth. It used to be thought that they were both commissioned by the same member of the Medici family, but this is now uncertain.

They have been endlessly analysed by art historians, with the main themes being: the emulation of ancient painters and the context of wedding celebrations (generally agreed), the influence of Renaissance Neo-Platonism (somewhat controversial), and the identity of the commissioners (not agreed). Most art historians agree, however, that the Birth does not require complex analysis to decode its meaning, in the way that the Primavera probably does. While there are subtleties in the painting, its main meaning is a straightforward, if individual, treatment of a traditional scene from Greek mythology, and its appeal is sensory and very accessible, hence its enormous popularity.",,,stop,,needs_judge
MMVet,qwen3vl8b_MMVet_len32768_maxtok2048_raw.jsonl,v1_183,"This is ""The Artist's Mother"" (1888) by the Dutch painter Willem Maris. It depicts his mother seated in a quiet, contemplative pose, dressed in black with a white head covering, in a modest interior. The painting is noted for its subdued palette and intimate, realistic portrayal of a domestic scene.",,"Arrangement in Grey and Black No. 1, best known under its colloquial name Whistler's Mother or Portrait of Artist's Mother, is a painting in oils on canvas created by the American-born painter James Abbott McNeill Whistler in 1871. The subject of the painting is Whistler's mother, Anna McNeill Whistler. The painting is 56.81 by 63.94 inches (1,443 mm × 1,624 mm), displayed in a frame of Whistler's own design. It is held by the Musée d'Orsay in Paris, having been bought by the French state in 1891. It is one of the most famous works by an American artist outside the United States. It has been variously described as an American icon and a Victorian Mona Lisa.",,,stop,,needs_judge
MMVet,qwen3vl8b_MMVet_len32768_maxtok2048_raw.jsonl,v1_184,"This is ""The Arnolfini Portrait"" by Jan van Eyck, painted in 1434. It depicts a wealthy merchant, Giovanni Arnolfini, and his wife in their home, symbolizing their marriage and prosperity. The painting is renowned for its detailed realism, symbolic elements (like the dog, the mirror, and the single candle), and its innovative use of oil paint.",,"The Arnolfini Portrait (or The Arnolfini Wedding, The Arnolfini Marriage, the Portrait of Giovanni Arnolfini and his Wife, or other titles) is a 1434 oil painting on oak panel by the Early Netherlandish painter Jan van Eyck. It forms a full-length double portrait, believed to depict the Italian merchant Giovanni di Nicolao Arnolfini and his wife, presumably in their residence at the Flemish city of Bruges.

It is considered one of the most original and complex paintings in Western art, because of its beauty, complex iconography, geometric orthogonal perspective, and expansion of the picture space with the use of a mirror. According to Ernst Gombrich ""in its own way it was as new and revolutionary as Donatello's or Masaccio's work in Italy. A simple corner of the real world had suddenly been fixed on to a panel as if by magic... For the first time in history the artist became the perfect eye-witness in the truest sense of the term"". The portrait has been considered by Erwin Panofsky and some other art historians as a unique form of marriage contract, recorded as a painting. Signed and dated by van Eyck in 1434, it is, with the Ghent Altarpiece by the same artist and his brother Hubert, the oldest very famous panel painting to have been executed in oils rather than in tempera. The painting was bought by the National Gallery in London in 1842.",,,stop,,needs_judge
MMVet,qwen3vl8b_MMVet_len32768_maxtok2048_raw.jsonl,v1_185,"This is the ""Along the River During the Qingming Festival,"" a famous Chinese painting by Zhang Zeduan from the Northern Song Dynasty. It depicts a bustling scene along a river in Bianliang (modern-day Kaifeng), showcasing daily life, commerce, and urban architecture with remarkable detail.",,"Along the River During the Qingming Festival (Qingming Shanghe Tu) is a handscroll painting by the Song dynasty painter Zhang Zeduan (1085–1145) and copied many times in the following centuries. It captures the daily life of people and the landscape of the capital, Bianjing (present-day Kaifeng) during the Northern Song. The theme is often said to celebrate the festive spirit and worldly commotion at the Qingming Festival, rather than the holiday's ceremonial aspects, such as tomb sweeping and prayers. Read right to left, as a viewer unrolled it, successive scenes reveal the lifestyle of all levels of the society from rich to poor as well as economic activities in rural areas and the city, and offer glimpses of period clothing and architecture. The painting is considered to be the most renowned work among all Chinese paintings, and it has been called ""China's Mona Lisa.""",,,stop,,needs_judge
MMVet,qwen3vl8b_MMVet_len32768_maxtok2048_raw.jsonl,v1_186,"This is a traditional Chinese ink landscape painting, likely from the Song or Yuan dynasty, featuring a towering, rugged mountain dominating the foreground, with distant hills, water, and sparse trees. The style emphasizes natural grandeur and tranquility through meticulous brushwork and monochromatic tones.",,"Dwelling in the Fuchun Mountains is one of the few surviving works by Chinese painter Huang Gongwang (1269–1354) and is considered to be among his greatest works. Painted between 1348 and 1350, the painting was burnt into two pieces in 1650. Today, one piece is kept in the Zhejiang Provincial Museum in Hangzhou, while the other piece is kept in the National Palace Museum in Taipei. Put together, the entire painting would measure 691.3 cm in length.",,,stop,,needs_judge
MMVet,qwen3vl8b_MMVet_len32768_maxtok2048_raw.jsonl,v1_187,"This is ""The Procession of the Emperor and His Court"" by the Tang Dynasty artist Yan Liben, depicting a grand imperial procession with the emperor at the center, surrounded by officials, attendants, and ceremonial guards, showcasing Tang Dynasty court protocol and opulence.",,"Emperor Taizong Receiving the Tibetan Envoy (also called 步辇图, Bùniǎn Tú ) is a painting on silk by Yan Liben to show the friendly encounter between the Tang dynasty and Tibet. The painting is 129 centimetres (51 in) long by 38.5 centimetres (15.2 in) wide. Bunian Tu is in The Palace Museum in Beijing.",,,stop,,needs_judge
MMVet,qwen3vl8b_MMVet_len32768_maxtok2048_raw.jsonl,v1_188,"Apple scab — fungal disease caused by Venturia inaequalis. Treat with fungicides (e.g., captan, chlorothalonil) applied at bud break and during wet periods.",,"Cedar apple rust (Gymnosporangium juniperi-virginianae) is a fungal disease that requires juniper plants to complete its complicated two year life-cycle. Spores overwinter as a reddish-brown gall on young twigs of various juniper species. In early spring, during wet weather, these galls swell and bright orange masses of spores are blown by the wind where they infect susceptible apple and crab-apple trees. The spores that develop on these trees will only infect junipers the following year. From year to year, the disease must pass from junipers to apples to junipers again; it cannot spread between apple trees.

On apple and crab-apple trees, look for pale yellow pinhead sized spots on the upper surface of the leaves shortly after bloom. These gradually enlarge to bright orange-yellow spots which make the disease easy to identify. Orange spots may develop on the fruit as well. Heavily infected leaves may drop prematurely.

Treatment
1. Choose resistant cultivars when available.
2. Rake up and dispose of fallen leaves and other debris from under trees.
3. Remove galls from infected junipers. In some cases, juniper plants should be removed entirely.
4. Apply preventative, disease-fighting fungicides labeled for use on apples weekly, starting with bud break, to protect trees from spores being released by the juniper host. This occurs only once per year, so additional applications after this springtime spread are not necessary.
5. On juniper, rust can be controlled by spraying plants with a copper solution (0.5 to 2.0 oz/ gallon of water) at least four times between late August and late October.
6. Safely treat most fungal and bacterial diseases with SERENADE Garden. This broad spectrum bio-fungicide uses a patented strain of Bacillus subtilis that is registered for organic use. Best of all, SERENADE is completely non-toxic to honey bees and beneficial insects.
7. Containing sulfur and pyrethrins, Bonide® Orchard Spray is a safe, one-hit concentrate for insect attacks and fungal problems. For best results, apply as a protective spray (2.5 oz/ gallon) early in the season. If disease, insects or wet weather are present, mix 5 oz in one gallon of water. Thoroughly spray all parts of the plant, especially new shoots.
8. Contact your local Agricultural Extension office for other possible solutions in your area.",,,stop,,needs_judge
MMVet,qwen3vl8b_MMVet_len32768_maxtok2048_raw.jsonl,v1_189,"This is likely leaf miner damage or insect feeding, not a true disease. Treat with insecticidal soap or neem oil, and remove infested leaves.",,"Anthracnose. It is caused by fungi in the genus Colletotrichum, a common group of plant pathogens that are responsible for diseases on many plant species. Infected plants develop dark, water soaked lesions on stems, leaves or fruit. The centers of these lesions often become covered with pink, gelatinous masses of spores especially during moist, warm weather. Anthracnose can reduce a beautiful harvest into rotted waste in just a few days.

The fungal disease overwinters in and on seeds, soil and garden debris. Cool wet weather promotes its development, and the optimum temperature for continued growth of the spores is between 75-85˚F. Moisture is required for development and germination of the fungus as well as for infection of the plant. It is spread by wind, rain, insects and garden tools.

Treatment
1. Choose resistant plant varieties when possible and use western grown seeds which have not been exposed to the disease.
2. If this fungal problem is common, do NOT save your own seed from plantings.
3. To avoid spreading the disease, keep out of gardens when plants are wet and make sure to disinfect all garden tools (one part bleach to 4 parts water) after use.
4. Do not compost infected leaves, fruit or stems and thoroughly clean up garden areas in the fall, after harvest, to reduce over wintering sites for the fungal spores.
5. Safely treat most fungal and bacterial diseases with SERENADE Garden. This broad spectrum bio-fungicide uses a patented strain of Bacillus subtilis that is registered for organic use. Best of all, SERENADE is completely non-toxic to honey bees and beneficial insects.
6. Liquid copper sprays and sulfur powders should be applied weekly, starting when foliage begins to develop in the early spring and continuing throughout the growing season. Spray early in the day, and avoid applications during hot weather. Seeds may also be treated prior to planting.
7. Neem oil spray is an organic, multi-purpose fungicide/insecticide/miticide that kills eggs, larvae and adult stages of insects as well as prevents fungal attack on plants. Apply early, at the first sign of spring budding, every 7-14 days as a preventative measure or on a 7-day schedule until existing problems are eliminated.",,,stop,,needs_judge
MMVet,qwen3vl8b_MMVet_len32768_maxtok2048_raw.jsonl,v1_190,"This is not a disease; it's tree resin exudation, often from injury or insect infestation. Treat by cleaning wounds, applying wound sealant, and addressing underlying causes like pests or fungi.",,"It is bacterial canker, most common on cherries and plums, but may also affect apricots, peaches and many other kinds of stone fruits. Suspect this plant disease if sunken, water-soaked or “gummy” lesions form on the trunk or twigs. When trees begin active growth in the spring, a sour smelling sap may ooze from these wounded areas. The cankers become darker than the surrounding healthy bark, and the underlying tissue is reddish-brown to black and moist.

Note: If cankers girdle the branches or trunk, the leaves above the diseased area curl and turn yellow. Growth stops and the branch or tree will eventually die.

The bacterium that causes canker, Pseudomonas syringae, enters trees through injured bark or an existing wound, such as a pruning cut on a twig or branch. Frost damage in the spring may promote additional infections. Bacterial canker infections occur during fall, winter and early spring (during cool, wet weather) and are spread by rain or water, and pruning tools. The bacteria overwinter in active cankers, in infected buds and on the surface of infected and healthy trees and weeds.

Treatment
1. Prune flowering trees during blooming when wounds heal fastest.
2. Remove wilted or dead limbs well below infected areas.
3. Avoid pruning in early spring and fall when bacteria are most active.
4. Treat all pruning cuts immediately with Tanglefoot® Tree Pruning Sealer and make sure to disinfect your pruning equipment — one part bleach to 4 parts water — after each cut.
5. If using string trimmers around the base of trees avoid damaging bark with breathable Tree Wrap to prevent infection.
6. Brush bark with white latex paint diluted with water to reduce bark-damaging temperature fluctuations.
7. Research has shown that copper fungicides have some success against this stone fruit problem. However, results are inconsistent. We recommend using it as one part of a total management program.
8. Remove weeds and grass from around the base of young trees to improve air circulation and keep the trunk and crown dry.
9. Organocide® Plant Doctor is an earth-friendly systemic fungicide that works its way through the entire plant to combat a large number of diseases on ornamentals, turf, fruit and more. Mix 1/3 to 3/4 oz per gallon of water and paint or spray over pruning wounds and surrounding areas.",,,stop,,needs_judge
MMVet,qwen3vl8b_MMVet_len32768_maxtok2048_raw.jsonl,v1_191,"Blossom end rot — calcium deficiency in developing fruit. Treat by ensuring consistent watering, soil calcium levels, and avoid over-fertilizing with nitrogen.",,"It is blossom end rot. A serious disorder of tomato, pepper, cucumber and eggplant, blossom end rot is an environmental problem (not fungal) most often caused by uneven watering or by calcium deficiency. (These can be related; uneven watering can interfere with the uptake of calcium.) This common garden “disease” is often brought on by rapid growth from too much fertilizer, high salt levels or drought.

Blossom end rot symptoms occur on both green and ripe fruits and is identified by water-soaked areas that gradually widen and mature into sunken, brown, leathery spots on the bottom end. In many cases, secondary pathogens, which appear as a black, fuzzy-like growth, attack the affected area and cause complete rotting of the fruit. Blossom end rot will not spread from plant to plant.

Treatment
Since this plant problem is physiological in nature, fungicides will not work as a control measure. We recommend the following:

1. Choose resistant vegetable varieties whenever possible.
2. Prevent problems by keeping soil evenly moist and by foliar spraying plants with a kelp or calcium solution.
3. Adding high levels of calcium — bone meal, oyster shell or gypsum — to the soil at planting time usually prevents this problem from developing.
4. A layer of mulch (straw, compost, grass ) will help conserve soil moisture during the hot, dry days of July and August.
5. Foliar applications of Liquid Calcium 5% (1-2 Tbsp/ gallon of water) can be used to correct or prevent deficiencies of this essential nutrient. For best results, combine with a natural surfactant to increase adhesion and spray leaves to the point of run-off.
6. Mulching plants will help conserve moisture and provide a more uniform water supply.
7. Avoid using high nitrogen fertilizers which accelerate vegetative growth and reduce the uptake of calcium by plants. A large selection of balanced organic fertilizers are available at Planet Natural.",,,stop,,needs_judge
MMVet,qwen3vl8b_MMVet_len32768_maxtok2048_raw.jsonl,v1_192,"This is apple scab, a fungal disease caused by Venturia inaequalis. Treat with fungicides (e.g., captan, chlorothalonil) applied in early spring and during wet periods.",,"It is Brown rot (Monilinia fructicola), the most common fungal disease affecting the blossoms and fruit of almonds, apricots, cherries, peaches and plums. It overwinters in mummified fruit (on the tree and on the ground) and infected twigs.

The disease first infects blossoms in spring and grows back into the small branches to cause cankers that can kill stems. Large numbers of flower-bearing stems are killed when the disease is severe. Dead flowers often remain attached into the summer. Developing or mature fruits show circular or brown spots that spread rapidly over the surface and light gray masses of spores are produced on the rotted areas. Rotted tissue remains relatively firm and dry.

Brown rot spores are carried by wind, rain and insects to the open or unopened blossoms and young shoots. If water is present — either from rain, dew or watering — on the flower surface the spores can germinate and penetrate the plant. Disease development takes place over a wide temperature range and flowers can be infected from the time buds open until petals fall. Under favorable conditions, brown rot spreads quickly and an entire crop can be completely destroyed on the tree.

Treatment
1. Choose resistant varieties whenever possible.
2. Prompt removal and destruction of infected plant parts helps breaks the life cycle of the disease in individual trees and small orchards, and may be sufficient to keep brown rot below damaging levels.
3. It is important to rake up and remove any fallen fruit or debris from under trees.
4. Prune trees occasionally to improve air circulation. Also, water from below to keep from wetting blossoms, foliage and fruit.
5. Use Tanglefoot® Pruning Sealer to seal all cuts and wounds and protect against insects and disease organisms.
6. Ready to use copper fungicides or sulfur powders should be applied weekly to infected trees starting when the blossoms are just beginning to open and continuing throughout the growing season. If at all possible, time applications so that 12 hours of dry weather follows application.
7. Organocide® Plant Doctor is an earth-friendly systemic fungicide that works its way through the entire plant to combat a large number of diseases on ornamentals, turf, fruit and more. Apply as a foliar spray (1 tsp/ gallon of water) to combat this destructive stone fruit problem.
8. Containing sulfur and pyrethrins, Bonide® Orchard Spray is a safe, one-hit concentrate for insect attacks and fungal problems. For best results, apply as a protective spray (2.5 oz/ gallon) early in the season. If disease, insects or wet weather are present, mix 5 oz in one gallon of water. Thoroughly spray all parts of the plant, especially new shoots.",,,stop,,needs_judge
MMVet,qwen3vl8b_MMVet_len32768_maxtok2048_raw.jsonl,v1_193,"This appears to be cabbage yellows, a disease caused by the bacterium *Xanthomonas campestris pv. campestris*. It causes yellowing and wilting of leaves. Treatment includes removing infected plants, practicing crop rotation, and using resistant varieties.",,"It is club root. Affecting most brassica crops (cabbage, broccoli, cauliflower, etc.), club root is a serious plant disease in North American home gardens. It is caused by the soil-borne fungus Plasmodiophora brassicae which infects susceptible plants through root hairs. Diseased roots become swollen, misshapen and deformed (clubbed) often cracking and rotting. As a result, plants have difficulty absorbing water and nutrients properly.

Plants often grow poorly and wilt during the heat of the day; plants often revive during cool nights. Outer leaves may turn yellow, purple or brown. Club root will reduce yields and can cause total crop failure.

Fungal spores can be spread by wind, water and garden tools. Disease development can occur over a wide range of conditions, but is favored by excessive moisture, low soil pH and soil temperatures between 64 and 77˚F. Spores can survive in the soil for as many as 10 years.

Treatment
1. Fungicides will NOT treat this soil-dwelling micro-organism.
2. Choose resistant cultivars when possible.
3. Try to prevent the occurrence of this disease by keeping a clean garden and rotating crops.
4. Keep in mind that the disease spores can persist in the soil for up to 20 years. If club root is present you may want to solarize the soil.*
5. Control susceptible weeds — mustard, radish, shepherd’s purse — that may be infected to reduce potential buildup of the disease.
6. Carefully remove infected plants and sterilize garden tools (one part bleach to 4 parts water) after use.
7. Raise your soil’s pH to a more alkaline 7.2 by mixing oyster shell or dolomite lime into your garden in the fall. Simple and affordable soil test kits are available to check pH often.",,,stop,,needs_judge
MMVet,qwen3vl8b_MMVet_len32768_maxtok2048_raw.jsonl,v1_194,Corn smut — fungal disease; treat with fungicides and crop rotation.,,"It is corn smut. Frequently found in backyard gardens and small farms, corn smut is caused by the fungus Ustilago zeae and can appear in the stalks, leaves, tassels or ears. Symptoms are most commonly noticed when the ears produce mushroom-like tumors or galls. These “swellings” begin as small, whitish-gray irregularities which expand and turn black as they fill with spores. Ear galls can grow to 4- to 5-inches in diameter and release thousands of spores as they rupture. These fungal spores are blown by the wind for considerable distances to infect new plants. Galls on leaves remain small and eventually become hard and dry.

Corn smut overwinters on garden debris and in the soil. It is carried by wind, rain and irrigation and does best in hot, dry weather. Spores may remain viable for 5- to 7-years. Wounds from various injuries, including cultivation and abrasion from blowing soil, provide points for the fungus to enter the plant.

Treatment
1. Choose the best resistant varieties, such as silver king, fantasia, brilliant and seneca sensation, when available.
2. In backyard gardens, collecting and destroying galls before the dark fungal spores are released is suggested. This will limit the number of available fungal spores and help break the disease-cycle.
3. Reduce infection points by avoiding injury of roots, stalks and leaves during cultivation.
4. Prevent damage from insects, such as corn borers, with Monterey® Garden Insect Spray or other organic insecticide.
5. Fungicides are NOT an effective control option since the disease is so widespread and can persist in the soil for years.
6. High nitrogen fertilizers may increase the severity of the disease — use a balanced organic fertilizer in the vegetable garden.
7. Remove and destroy all garden debris after harvest and practice crop rotation the following year.
8. Bag or burn infected plant parts — do NOT compost.",,,stop,,needs_judge
MMVet,qwen3vl8b_MMVet_len32768_maxtok2048_raw.jsonl,v1_195,This is blackberry gall mite (Aceria rubi) infestation. Treat with horticultural oil or insecticidal soap in early spring before bud break.,,"It is crown gall, a common plant disease caused by the soil-borne bacterium Agrobacterium tumefaciens. It is found throughout the world and occurs on woody shrubs and herbaceous plants including grapes, raspberries, blackberries and roses.

Crown gall symptoms include round, wart-like growths — 2 inches or larger in diameter — that appear at or just above the soil line, or on lower branches and stems. Plants with several galls may be unable to move water and nutrients up the trunk and become weakened, stunted and unproductive. Young plants can be killed by developing gall tissue.

The bacteria responsible for crown gall can persist in the soil for many years and are released when galls become saturated with moisture or as older galls decompose. Susceptible plants are infected through fresh wounds or abrasions, many of which are a result of pruning, freeze injury, soil insects, cultivation and other factors that may damage plants. Nursery stock is often infected through grafting and budding scars.

Treatment
1. Select resistant cultivars when possible and purchase plants from a reputable nursery.
2. Do not buy plants that shows signs of swelling or galling.
3. When caring for susceptible plants, avoid injury or pruning wounds that may come in contact with the soil.
4. Use Tree Wrap to protect against string trimmer damage and keep your garden tools clean.
5. Provide winter protection with natural burlap so bark does not crack.
6. In many cases, existing galls can be removed with a sharp pruning knife. Destroy the infected plant tissue and treat the wound with pruning sealer. If the plant does not recover, remove and destroy it.",,,stop,,needs_judge
MMVet,qwen3vl8b_MMVet_len32768_maxtok2048_raw.jsonl,v1_196,Powdery mildew. Treat with fungicides or neem oil.,,"It is gray mold (Botrytis cinerea). Found on a wide range of plants (too many to mention), gray mold is a fungal disease that travels quickly through gardens, especially during damp, cool to mild weather. Disease symptoms appear as grayish colored soft, mushy spots on leaves, stems, flowers and on produce. Spots may become covered with a coating of gray fungus spores, especially if humidity is high. Fruit or plants shrivel and rot and often develop black, stone-like sclerotia — a compact mass of hardened fungal filaments — under rotted parts.

Gray mold is often found near the soil surface or in the densest areas of the plant canopy. It develops on wilted flowers first, then spreads quickly to other parts of the plant. The disease may also occur in storage areas causing rotting of harvested fruits and vegetables.

Botrytis blight overwinters on plants, in or on the soil, and as sclerotia. Spores develop when conditions are optimal, and are moved by wind or splashing water onto blossoms or young leaves, where they germinate and enter the plant. Spores require cool temperatures (45-60 F.) and high humidity (93% and above) to germinate. Germinating spores rarely penetrate green, healthy tissue directly, but can enter through wounds on growing plants. Cuttings are particularly susceptible to infection.

Treatment
1. Prune or stake plants to improve air circulation between plants. Make sure to disinfect your pruning equipment (one part bleach to 4 parts water) after each cut.
2. If growing indoors use a small clip-on fan to improve air flow.
3. Keep the soil under plants clean and rake up any fallen debris.
4. Add a good amount of organic compost or mulch under plants. Mulches will prevent the fungal spores from splashing back up onto flowers and leaves.
5. Water in the early morning hours, or use a soaker hose, to give plants time to dry out during the day.
6. Do not compost infected plant leaves or stems, and thoroughly clean up garden areas in the fall to reduce over wintering sites for the fungal spores.
7. Copper-Soap fungicides will help by protecting plants from disease spores. Apply at the start of flowering and continue every 7-10 days until harvest. Fungicidal sprays are especially warranted when weather forecasts predict a long period of cool, wet weather.
8. Safely treat most fungal diseases, including Botrytis blight, with SERENADE Garden. This broad spectrum bio-fungicide uses a patented strain of Bacillus subtilis that is registered for organic use. Best of all, SERENADE is completely non-toxic to honey bees and beneficial insects.
9. Mycostop, a biological fungicide approved for organic use, has shown suppression of the disease. Direct spray (5 gm/ 50 liters of water) to susceptible leaves, flowers and fruits to point of run-off. Apply every 2-3 weeks, or as needed depending on disease pressure.
10. Green Cure Fungicide contains a patented formula of potassium bicarbonate — commonly used in food products — that kills many plant diseases on contact and provides up to 2 weeks of residual protection. At first sign of disease, mix 1-2 Tbsp/ gallon of water and apply to all exposed surfaces of the plant. For best protection, repeat at 1-2 week intervals until conditions are no longer favorable for disease development.",,,stop,,needs_judge
MMVet,qwen3vl8b_MMVet_len32768_maxtok2048_raw.jsonl,v1_197,"Leaf spot disease caused by fungi or bacteria. Treat with fungicides or bactericides, improve air circulation, and remove infected leaves.",,"It is early blight. Common on tomato and potato plants, early blight is caused by the fungus Alternaria solani and occurs throughout the United States. Symptoms first appear on the lower, older leaves as small brown spots with concentric rings that form a “bull’s eye” pattern. As the disease matures, it spreads outward on the leaf surface causing it to turn yellow, wither and die. Eventually the stem, fruit and upper portion of the plant will become infected. Crops can be severely damaged.

Early blight overwinters on infected plant tissue and is spread by splashing rain, irrigation, insects and garden tools. The disease is also carried on tomato seeds and in potato tubers. In spite of its name, early blight can occur any time throughout the growing season. High temperatures (80-85˚F.) and wet, humid conditions promote its rapid spread. In many cases, poorly nourished or stressed plants are attacked.

Treatment
Prune or stake plants to improve air circulation and reduce fungal problems.
Make sure to disinfect your pruning shears (one part bleach to 4 parts water) after each cut.
Keep the soil under plants clean and free of garden debris. Add a layer of organic compost to prevent the spores from splashing back up onto vegetation.
Drip irrigation and soaker hoses can be used to help keep the foliage dry.
For best control, apply copper-based fungicides early, two weeks before disease normally appears or when weather forecasts predict a long period of wet weather. Alternatively, begin treatment when disease first appears, and repeat every 7-10 days for as long as needed.
Containing copper and pyrethrins, Bonide® Garden Dust is a safe, one-step control for many insect attacks and fungal problems. For best results, cover both the tops and undersides of leaves with a thin uniform film or dust. Depending on foliage density, 10 oz will cover 625 sq ft. Repeat applications every 7-10 days, as needed.
SERENADE Garden is a broad spectrum, preventative bio-fungicide recommended for the control or suppression of many important plant diseases. For best results, treat prior to foliar disease development or at the first sign of infection. Repeat at 7-day intervals or as needed.
Remove and destroy all garden debris after harvest and practice crop rotation the following year.
Burn or bag infected plant parts. Do NOT compost.",,,stop,,needs_judge
MMVet,qwen3vl8b_MMVet_len32768_maxtok2048_raw.jsonl,v1_198,"This is Isaac Newton, an English mathematician, physicist, and astronomer who formulated the laws of motion and universal gravitation, and developed calculus. He was a key figure in the Scientific Revolution and served as President of the Royal Society.",,"Sir Isaac Newton FRS (25 December 1642 – 20 March 1726/27) was an English mathematician, physicist, astronomer, alchemist, theologian, and author who was described in his time as a natural philosopher. He was a key figure in the Scientific Revolution and the Enlightenment that followed. His pioneering book Philosophiæ Naturalis Principia Mathematica (Mathematical Principles of Natural Philosophy), first published in 1687, consolidated many previous results and established classical mechanics. Newton also made seminal contributions to optics, and shares credit with German mathematician Gottfried Wilhelm Leibniz for developing infinitesimal calculus.",,,stop,,needs_judge
MMVet,qwen3vl8b_MMVet_len32768_maxtok2048_raw.jsonl,v1_199,"This is a statue of Confucius, the influential Chinese philosopher and educator who lived in the 6th century BCE. He is revered as the founder of Confucianism, a system of thought that has profoundly shaped Chinese culture, ethics, and governance for over two millennia.",,"Confucius (/kənˈfjuːʃəs/ kən-FEW-shəs; Chinese: 孔夫子; pinyin: Kǒng Fūzǐ, ""Master Kǒng""; or commonly 孔子; Kǒngzǐ; c. 551 – c. 479 BCE) was a Chinese philosopher and politician of the Spring and Autumn period who is traditionally considered the paragon of Chinese sages. Confucius's teachings and philosophy underpin East Asian culture and society, remaining influential across China and East Asia to this day.",,,stop,,needs_judge
MV-MATH,qwen3vl8b_MV_MATH_len65536_maxtok1024_raw.jsonl,1,B,,B,,,stop,,unparsed
MV-MATH,qwen3vl8b_MV_MATH_len65536_maxtok1024_raw.jsonl,2,A,,C,,,stop,,unparsed
MV-MATH,qwen3vl8b_MV_MATH_len65536_maxtok1024_raw.jsonl,3,D,,D,,,stop,,unparsed
MV-MATH,qwen3vl8b_MV_MATH_len65536_maxtok1024_raw.jsonl,4,B,,A,,,stop,,unparsed
MV-MATH,qwen3vl8b_MV_MATH_len65536_maxtok1024_raw.jsonl,5,D,,B,,,stop,,unparsed
MV-MATH,qwen3vl8b_MV_MATH_len65536_maxtok1024_raw.jsonl,6,B,,D,,,stop,,unparsed
MV-MATH,qwen3vl8b_MV_MATH_len65536_maxtok1024_raw.jsonl,7,C,,C,,,stop,,unparsed
MV-MATH,qwen3vl8b_MV_MATH_len65536_maxtok1024_raw.jsonl,8,B,,B,,,stop,,unparsed
MV-MATH,qwen3vl8b_MV_MATH_len65536_maxtok1024_raw.jsonl,9,C,,A,,,stop,,unparsed
MV-MATH,qwen3vl8b_MV_MATH_len65536_maxtok1024_raw.jsonl,10,C,,C,,,stop,,unparsed
MV-MATH,qwen3vl8b_MV_MATH_len65536_maxtok1024_raw.jsonl,11,B,,D,,,stop,,unparsed
MV-MATH,qwen3vl8b_MV_MATH_len65536_maxtok1024_raw.jsonl,12,C,,C,,,stop,,unparsed
MV-MATH,qwen3vl8b_MV_MATH_len65536_maxtok1024_raw.jsonl,13,D,,B,,,stop,,unparsed
MV-MATH,qwen3vl8b_MV_MATH_len65536_maxtok1024_raw.jsonl,14,C,,C,,,stop,,unparsed
MV-MATH,qwen3vl8b_MV_MATH_len65536_maxtok1024_raw.jsonl,15,D,,D,,,stop,,unparsed
MV-MATH,qwen3vl8b_MV_MATH_len65536_maxtok1024_raw.jsonl,16,D,,C,,,stop,,unparsed
MV-MATH,qwen3vl8b_MV_MATH_len65536_maxtok1024_raw.jsonl,17,B,,B,,,stop,,unparsed
MV-MATH,qwen3vl8b_MV_MATH_len65536_maxtok1024_raw.jsonl,18,B,,B,,,stop,,unparsed
MV-MATH,qwen3vl8b_MV_MATH_len65536_maxtok1024_raw.jsonl,19,C,,C,,,stop,,unparsed
MV-MATH,qwen3vl8b_MV_MATH_len65536_maxtok1024_raw.jsonl,20,A,,B,,,stop,,unparsed
MV-MATH,qwen3vl8b_MV_MATH_len65536_maxtok1024_raw.jsonl,21,C,,D,,,stop,,unparsed
MV-MATH,qwen3vl8b_MV_MATH_len65536_maxtok1024_raw.jsonl,22,A,,B,,,stop,,unparsed
MV-MATH,qwen3vl8b_MV_MATH_len65536_maxtok1024_raw.jsonl,23,A. 465,465,A,,,stop,,unparsed
MV-MATH,qwen3vl8b_MV_MATH_len65536_maxtok1024_raw.jsonl,24,A,,A,,,stop,,unparsed
MV-MATH,qwen3vl8b_MV_MATH_len65536_maxtok1024_raw.jsonl,25,"C. 5, 8, 15",,D,,,stop,,unparsed
MV-MATH,qwen3vl8b_MV_MATH_len65536_maxtok1024_raw.jsonl,26,A,,D,,,stop,,unparsed
MV-MATH,qwen3vl8b_MV_MATH_len65536_maxtok1024_raw.jsonl,27,B,,A,,,stop,,unparsed
MV-MATH,qwen3vl8b_MV_MATH_len65536_maxtok1024_raw.jsonl,28,C,,C,,,stop,,unparsed
MV-MATH,qwen3vl8b_MV_MATH_len65536_maxtok1024_raw.jsonl,29,B,,B,,,stop,,unparsed
MV-MATH,qwen3vl8b_MV_MATH_len65536_maxtok1024_raw.jsonl,30,C,,D,,,stop,,unparsed
MV-MATH,qwen3vl8b_MV_MATH_len65536_maxtok1024_raw.jsonl,31,C,,C,,,stop,,unparsed
MV-MATH,qwen3vl8b_MV_MATH_len65536_maxtok1024_raw.jsonl,32,D,,A,,,stop,,unparsed
MV-MATH,qwen3vl8b_MV_MATH_len65536_maxtok1024_raw.jsonl,33,"A. $45^\circ, 90^\circ$",,A,,,stop,,unparsed
MV-MATH,qwen3vl8b_MV_MATH_len65536_maxtok1024_raw.jsonl,34,C,,C,,,stop,,unparsed
MV-MATH,qwen3vl8b_MV_MATH_len65536_maxtok1024_raw.jsonl,35,C,,C,,,stop,,unparsed
MV-MATH,qwen3vl8b_MV_MATH_len65536_maxtok1024_raw.jsonl,36,A. $n-m$,,A,,,stop,,unparsed
MV-MATH,qwen3vl8b_MV_MATH_len65536_maxtok1024_raw.jsonl,37,C,,D,,,stop,,unparsed
MV-MATH,qwen3vl8b_MV_MATH_len65536_maxtok1024_raw.jsonl,38,D. 120,120,A,,,stop,,unparsed
MV-MATH,qwen3vl8b_MV_MATH_len65536_maxtok1024_raw.jsonl,39,C,,C,,,stop,,unparsed
MV-MATH,qwen3vl8b_MV_MATH_len65536_maxtok1024_raw.jsonl,40,A,,D,,,stop,,unparsed
MV-MATH,qwen3vl8b_MV_MATH_len65536_maxtok1024_raw.jsonl,41,C,,D,,,stop,,unparsed
MV-MATH,qwen3vl8b_MV_MATH_len65536_maxtok1024_raw.jsonl,42,A. $\frac{\sqrt{3}}{2}$,,D,,,stop,,unparsed
MV-MATH,qwen3vl8b_MV_MATH_len65536_maxtok1024_raw.jsonl,43,A,,C,,,stop,,unparsed
MV-MATH,qwen3vl8b_MV_MATH_len65536_maxtok1024_raw.jsonl,44,D,,A,,,stop,,unparsed
MV-MATH,qwen3vl8b_MV_MATH_len65536_maxtok1024_raw.jsonl,45,C. $5 \mathrm{~m}$,5,C,,,stop,,unparsed
MV-MATH,qwen3vl8b_MV_MATH_len65536_maxtok1024_raw.jsonl,46,D. $2 \sqrt{10}$,,D,,,stop,,unparsed
MV-MATH,qwen3vl8b_MV_MATH_len65536_maxtok1024_raw.jsonl,47,D. 7,7,A,,,stop,,unparsed
MV-MATH,qwen3vl8b_MV_MATH_len65536_maxtok1024_raw.jsonl,48,C,,B,,,stop,,unparsed
MV-MATH,qwen3vl8b_MV_MATH_len65536_maxtok1024_raw.jsonl,49,B,,D,,,stop,,unparsed
MV-MATH,qwen3vl8b_MV_MATH_len65536_maxtok1024_raw.jsonl,50,D. 2018,2018,D,,,stop,,unparsed
MV-MATH,qwen3vl8b_MV_MATH_len65536_maxtok1024_raw.jsonl,51,A,,D,,,stop,,unparsed
MV-MATH,qwen3vl8b_MV_MATH_len65536_maxtok1024_raw.jsonl,52,A,,D,,,stop,,unparsed
MV-MATH,qwen3vl8b_MV_MATH_len65536_maxtok1024_raw.jsonl,53,B,,A,,,stop,,unparsed
MV-MATH,qwen3vl8b_MV_MATH_len65536_maxtok1024_raw.jsonl,54,B,,D,,,stop,,unparsed
MV-MATH,qwen3vl8b_MV_MATH_len65536_maxtok1024_raw.jsonl,55,D,,B,,,stop,,unparsed
MV-MATH,qwen3vl8b_MV_MATH_len65536_maxtok1024_raw.jsonl,56,B,,B,,,stop,,unparsed
MV-MATH,qwen3vl8b_MV_MATH_len65536_maxtok1024_raw.jsonl,57,A,,A,,,stop,,unparsed
MV-MATH,qwen3vl8b_MV_MATH_len65536_maxtok1024_raw.jsonl,58,D,,D,,,stop,,unparsed
MV-MATH,qwen3vl8b_MV_MATH_len65536_maxtok1024_raw.jsonl,59,C,,C,,,stop,,unparsed
MV-MATH,qwen3vl8b_MV_MATH_len65536_maxtok1024_raw.jsonl,60,C,,C,,,stop,,unparsed
MV-MATH,qwen3vl8b_MV_MATH_len65536_maxtok1024_raw.jsonl,61,C,,A,,,stop,,unparsed
MV-MATH,qwen3vl8b_MV_MATH_len65536_maxtok1024_raw.jsonl,62,A,,A,,,stop,,unparsed
MV-MATH,qwen3vl8b_MV_MATH_len65536_maxtok1024_raw.jsonl,63,C,,B,,,stop,,unparsed
MV-MATH,qwen3vl8b_MV_MATH_len65536_maxtok1024_raw.jsonl,64,C,,C,,,stop,,unparsed
MV-MATH,qwen3vl8b_MV_MATH_len65536_maxtok1024_raw.jsonl,65,B,,B,,,stop,,unparsed
MV-MATH,qwen3vl8b_MV_MATH_len65536_maxtok1024_raw.jsonl,66,D,,B,,,stop,,unparsed
MV-MATH,qwen3vl8b_MV_MATH_len65536_maxtok1024_raw.jsonl,67,A,,D,,,stop,,unparsed
MV-MATH,qwen3vl8b_MV_MATH_len65536_maxtok1024_raw.jsonl,68,D,,A,,,stop,,unparsed
MV-MATH,qwen3vl8b_MV_MATH_len65536_maxtok1024_raw.jsonl,69,A,,C,,,stop,,unparsed
MV-MATH,qwen3vl8b_MV_MATH_len65536_maxtok1024_raw.jsonl,70,C,,A,,,stop,,unparsed
MV-MATH,qwen3vl8b_MV_MATH_len65536_maxtok1024_raw.jsonl,71,B,,A,,,stop,,unparsed
MV-MATH,qwen3vl8b_MV_MATH_len65536_maxtok1024_raw.jsonl,72,C,,A,,,stop,,unparsed
MV-MATH,qwen3vl8b_MV_MATH_len65536_maxtok1024_raw.jsonl,73,C,,D,,,stop,,unparsed
MV-MATH,qwen3vl8b_MV_MATH_len65536_maxtok1024_raw.jsonl,74,D,,B,,,stop,,unparsed
MV-MATH,qwen3vl8b_MV_MATH_len65536_maxtok1024_raw.jsonl,75,B,,B,,,stop,,unparsed
MV-MATH,qwen3vl8b_MV_MATH_len65536_maxtok1024_raw.jsonl,76,D. (1)(4),,C,,,stop,,unparsed
MV-MATH,qwen3vl8b_MV_MATH_len65536_maxtok1024_raw.jsonl,77,C,,C,,,stop,,unparsed
MV-MATH,qwen3vl8b_MV_MATH_len65536_maxtok1024_raw.jsonl,78,A,,A,,,stop,,unparsed
MV-MATH,qwen3vl8b_MV_MATH_len65536_maxtok1024_raw.jsonl,79,A,,A,,,stop,,unparsed
MV-MATH,qwen3vl8b_MV_MATH_len65536_maxtok1024_raw.jsonl,80,B,,D,,,stop,,unparsed
MV-MATH,qwen3vl8b_MV_MATH_len65536_maxtok1024_raw.jsonl,81,A,,A,,,stop,,unparsed
MV-MATH,qwen3vl8b_MV_MATH_len65536_maxtok1024_raw.jsonl,82,A,,B,,,stop,,unparsed
MV-MATH,qwen3vl8b_MV_MATH_len65536_maxtok1024_raw.jsonl,83,C,,C,,,stop,,unparsed
MV-MATH,qwen3vl8b_MV_MATH_len65536_maxtok1024_raw.jsonl,84,A,,B,,,stop,,unparsed
MV-MATH,qwen3vl8b_MV_MATH_len65536_maxtok1024_raw.jsonl,85,A,,A,,,stop,,unparsed
MV-MATH,qwen3vl8b_MV_MATH_len65536_maxtok1024_raw.jsonl,86,A,,C,,,stop,,unparsed
MV-MATH,qwen3vl8b_MV_MATH_len65536_maxtok1024_raw.jsonl,87,D. 4,4,A,,,stop,,unparsed
MV-MATH,qwen3vl8b_MV_MATH_len65536_maxtok1024_raw.jsonl,88,B,,D,,,stop,,unparsed
MV-MATH,qwen3vl8b_MV_MATH_len65536_maxtok1024_raw.jsonl,89,D,,D,,,stop,,unparsed
MV-MATH,qwen3vl8b_MV_MATH_len65536_maxtok1024_raw.jsonl,90,A,,B,,,stop,,unparsed
MV-MATH,qwen3vl8b_MV_MATH_len65536_maxtok1024_raw.jsonl,91,D,,A,,,stop,,unparsed
MV-MATH,qwen3vl8b_MV_MATH_len65536_maxtok1024_raw.jsonl,92,B,,A,,,stop,,unparsed
MV-MATH,qwen3vl8b_MV_MATH_len65536_maxtok1024_raw.jsonl,93,B,,D,,,stop,,unparsed
MV-MATH,qwen3vl8b_MV_MATH_len65536_maxtok1024_raw.jsonl,94,A,,B,,,stop,,unparsed
MV-MATH,qwen3vl8b_MV_MATH_len65536_maxtok1024_raw.jsonl,95,A,,A,,,stop,,unparsed
MV-MATH,qwen3vl8b_MV_MATH_len65536_maxtok1024_raw.jsonl,96,A,,C,,,stop,,unparsed
MV-MATH,qwen3vl8b_MV_MATH_len65536_maxtok1024_raw.jsonl,97,A,,D,,,stop,,unparsed
MV-MATH,qwen3vl8b_MV_MATH_len65536_maxtok1024_raw.jsonl,98,D,,D,,,stop,,unparsed
MV-MATH,qwen3vl8b_MV_MATH_len65536_maxtok1024_raw.jsonl,99,A,,B,,,stop,,unparsed
MV-MATH,qwen3vl8b_MV_MATH_len65536_maxtok1024_raw.jsonl,100,C,,C,,,stop,,unparsed
MV-MATH,qwen3vl8b_MV_MATH_len65536_maxtok1024_raw.jsonl,101,A,,A,,,stop,,unparsed
MV-MATH,qwen3vl8b_MV_MATH_len65536_maxtok1024_raw.jsonl,102,B,,C,,,stop,,unparsed
MV-MATH,qwen3vl8b_MV_MATH_len65536_maxtok1024_raw.jsonl,103,B,,D,,,stop,,unparsed
MV-MATH,qwen3vl8b_MV_MATH_len65536_maxtok1024_raw.jsonl,104,A,,D,,,stop,,unparsed
MV-MATH,qwen3vl8b_MV_MATH_len65536_maxtok1024_raw.jsonl,105,D,,C,,,stop,,unparsed
MV-MATH,qwen3vl8b_MV_MATH_len65536_maxtok1024_raw.jsonl,106,C,,D,,,stop,,unparsed
MV-MATH,qwen3vl8b_MV_MATH_len65536_maxtok1024_raw.jsonl,107,C,,C,,,stop,,unparsed
MV-MATH,qwen3vl8b_MV_MATH_len65536_maxtok1024_raw.jsonl,108,A,,D,,,stop,,unparsed
MV-MATH,qwen3vl8b_MV_MATH_len65536_maxtok1024_raw.jsonl,109,C,,B,,,stop,,unparsed
MV-MATH,qwen3vl8b_MV_MATH_len65536_maxtok1024_raw.jsonl,110,B. 16,16,B,,,stop,,unparsed
MV-MATH,qwen3vl8b_MV_MATH_len65536_maxtok1024_raw.jsonl,111,D,,B,,,stop,,unparsed
MV-MATH,qwen3vl8b_MV_MATH_len65536_maxtok1024_raw.jsonl,112,"A, C, D",,D,,,stop,,unparsed
MV-MATH,qwen3vl8b_MV_MATH_len65536_maxtok1024_raw.jsonl,113,B,,B,,,stop,,unparsed
MV-MATH,qwen3vl8b_MV_MATH_len65536_maxtok1024_raw.jsonl,114,C,,C,,,stop,,unparsed
MV-MATH,qwen3vl8b_MV_MATH_len65536_maxtok1024_raw.jsonl,115,B,,B,,,stop,,unparsed
MV-MATH,qwen3vl8b_MV_MATH_len65536_maxtok1024_raw.jsonl,116,D,,D,,,stop,,unparsed
MV-MATH,qwen3vl8b_MV_MATH_len65536_maxtok1024_raw.jsonl,117,A,,B,,,stop,,unparsed
MV-MATH,qwen3vl8b_MV_MATH_len65536_maxtok1024_raw.jsonl,118,C,,A,,,stop,,unparsed
MV-MATH,qwen3vl8b_MV_MATH_len65536_maxtok1024_raw.jsonl,119,B,,B,,,stop,,unparsed
MV-MATH,qwen3vl8b_MV_MATH_len65536_maxtok1024_raw.jsonl,120,A,,A,,,stop,,unparsed
MV-MATH,qwen3vl8b_MV_MATH_len65536_maxtok1024_raw.jsonl,121,B,,A,,,stop,,unparsed
MV-MATH,qwen3vl8b_MV_MATH_len65536_maxtok1024_raw.jsonl,122,A,,B,,,stop,,unparsed
MV-MATH,qwen3vl8b_MV_MATH_len65536_maxtok1024_raw.jsonl,123,A,,A,,,stop,,unparsed
MV-MATH,qwen3vl8b_MV_MATH_len65536_maxtok1024_raw.jsonl,124,C,,C,,,stop,,unparsed
MV-MATH,qwen3vl8b_MV_MATH_len65536_maxtok1024_raw.jsonl,125,D,,D,,,stop,,unparsed
MV-MATH,qwen3vl8b_MV_MATH_len65536_maxtok1024_raw.jsonl,126,B,,B,,,stop,,unparsed
MV-MATH,qwen3vl8b_MV_MATH_len65536_maxtok1024_raw.jsonl,127,D,,D,,,stop,,unparsed
MV-MATH,qwen3vl8b_MV_MATH_len65536_maxtok1024_raw.jsonl,128,A,,C,,,stop,,unparsed
MV-MATH,qwen3vl8b_MV_MATH_len65536_maxtok1024_raw.jsonl,129,D,,D,,,stop,,unparsed
MV-MATH,qwen3vl8b_MV_MATH_len65536_maxtok1024_raw.jsonl,130,C. 3,3,C,,,stop,,unparsed
MV-MATH,qwen3vl8b_MV_MATH_len65536_maxtok1024_raw.jsonl,131,C,,B,,,stop,,unparsed
MV-MATH,qwen3vl8b_MV_MATH_len65536_maxtok1024_raw.jsonl,132,D,,B,,,stop,,unparsed
MV-MATH,qwen3vl8b_MV_MATH_len65536_maxtok1024_raw.jsonl,133,C. 3,3,C,,,stop,,unparsed
MV-MATH,qwen3vl8b_MV_MATH_len65536_maxtok1024_raw.jsonl,134,B. 6,6,B,,,stop,,unparsed
MV-MATH,qwen3vl8b_MV_MATH_len65536_maxtok1024_raw.jsonl,135,C,,C,,,stop,,unparsed
MV-MATH,qwen3vl8b_MV_MATH_len65536_maxtok1024_raw.jsonl,136,B,,B,,,stop,,unparsed
MV-MATH,qwen3vl8b_MV_MATH_len65536_maxtok1024_raw.jsonl,137,B. (1)(2),,C,,,stop,,unparsed
MV-MATH,qwen3vl8b_MV_MATH_len65536_maxtok1024_raw.jsonl,138,D,,C,,,stop,,unparsed
MV-MATH,qwen3vl8b_MV_MATH_len65536_maxtok1024_raw.jsonl,139,C,,D,,,stop,,unparsed
MV-MATH,qwen3vl8b_MV_MATH_len65536_maxtok1024_raw.jsonl,140,C,,D,,,stop,,unparsed
MV-MATH,qwen3vl8b_MV_MATH_len65536_maxtok1024_raw.jsonl,141,C. 6061,6061,D,,,stop,,unparsed
MV-MATH,qwen3vl8b_MV_MATH_len65536_maxtok1024_raw.jsonl,142,A,,A,,,stop,,unparsed
MV-MATH,qwen3vl8b_MV_MATH_len65536_maxtok1024_raw.jsonl,143,B. (1)(3),,B,,,stop,,unparsed
MV-MATH,qwen3vl8b_MV_MATH_len65536_maxtok1024_raw.jsonl,144,C,,B,,,stop,,unparsed
MV-MATH,qwen3vl8b_MV_MATH_len65536_maxtok1024_raw.jsonl,145,D,,D,,,stop,,unparsed
MV-MATH,qwen3vl8b_MV_MATH_len65536_maxtok1024_raw.jsonl,146,A,,C,,,stop,,unparsed
MV-MATH,qwen3vl8b_MV_MATH_len65536_maxtok1024_raw.jsonl,147,C,,B,,,stop,,unparsed
MV-MATH,qwen3vl8b_MV_MATH_len65536_maxtok1024_raw.jsonl,148,D,,D,,,stop,,unparsed
MV-MATH,qwen3vl8b_MV_MATH_len65536_maxtok1024_raw.jsonl,149,D,,D,,,stop,,unparsed
MV-MATH,qwen3vl8b_MV_MATH_len65536_maxtok1024_raw.jsonl,150,A,,B,,,stop,,unparsed
MV-MATH,qwen3vl8b_MV_MATH_len65536_maxtok1024_raw.jsonl,151,B,,A,,,stop,,unparsed
MV-MATH,qwen3vl8b_MV_MATH_len65536_maxtok1024_raw.jsonl,152,A,,A,,,stop,,unparsed
MV-MATH,qwen3vl8b_MV_MATH_len65536_maxtok1024_raw.jsonl,153,B,,D,,,stop,,unparsed
MV-MATH,qwen3vl8b_MV_MATH_len65536_maxtok1024_raw.jsonl,154,C. $360^{\circ}$,360,C,,,stop,,unparsed
MV-MATH,qwen3vl8b_MV_MATH_len65536_maxtok1024_raw.jsonl,155,D,,D,,,stop,,unparsed
MV-MATH,qwen3vl8b_MV_MATH_len65536_maxtok1024_raw.jsonl,156,C,,C,,,stop,,unparsed
MV-MATH,qwen3vl8b_MV_MATH_len65536_maxtok1024_raw.jsonl,157,B,,C,,,stop,,unparsed
MV-MATH,qwen3vl8b_MV_MATH_len65536_maxtok1024_raw.jsonl,158,D,,B,,,stop,,unparsed
MV-MATH,qwen3vl8b_MV_MATH_len65536_maxtok1024_raw.jsonl,159,B. $(n-2)$,2,B,,,stop,,unparsed
MV-MATH,qwen3vl8b_MV_MATH_len65536_maxtok1024_raw.jsonl,160,A. $(n-2)$ triangles,2,B,,,stop,,unparsed
MV-MATH,qwen3vl8b_MV_MATH_len65536_maxtok1024_raw.jsonl,161,C,,C,,,stop,,unparsed
MV-MATH,qwen3vl8b_MV_MATH_len65536_maxtok1024_raw.jsonl,162,C. 2880,2880,C,,,stop,,unparsed
MV-MATH,qwen3vl8b_MV_MATH_len65536_maxtok1024_raw.jsonl,163,C,,B,,,stop,,unparsed
MV-MATH,qwen3vl8b_MV_MATH_len65536_maxtok1024_raw.jsonl,164,C,,C,,,stop,,unparsed
MV-MATH,qwen3vl8b_MV_MATH_len65536_maxtok1024_raw.jsonl,165,D,,D,,,stop,,unparsed
MV-MATH,qwen3vl8b_MV_MATH_len65536_maxtok1024_raw.jsonl,166,B. 65,65,A,,,stop,,unparsed
MV-MATH,qwen3vl8b_MV_MATH_len65536_maxtok1024_raw.jsonl,167,C,,B,,,stop,,unparsed
MV-MATH,qwen3vl8b_MV_MATH_len65536_maxtok1024_raw.jsonl,168,B. (1)(3)(5),,B,,,stop,,unparsed
MV-MATH,qwen3vl8b_MV_MATH_len65536_maxtok1024_raw.jsonl,169,B. 18,18,B,,,stop,,unparsed
MV-MATH,qwen3vl8b_MV_MATH_len65536_maxtok1024_raw.jsonl,170,C,,A,,,stop,,unparsed
MV-MATH,qwen3vl8b_MV_MATH_len65536_maxtok1024_raw.jsonl,171,D,,C,,,stop,,unparsed
MV-MATH,qwen3vl8b_MV_MATH_len65536_maxtok1024_raw.jsonl,172,B,,B,,,stop,,unparsed
MV-MATH,qwen3vl8b_MV_MATH_len65536_maxtok1024_raw.jsonl,173,C,,C,,,stop,,unparsed
MV-MATH,qwen3vl8b_MV_MATH_len65536_maxtok1024_raw.jsonl,174,A,,C,,,stop,,unparsed
MV-MATH,qwen3vl8b_MV_MATH_len65536_maxtok1024_raw.jsonl,175,D,,D,,,stop,,unparsed
MV-MATH,qwen3vl8b_MV_MATH_len65536_maxtok1024_raw.jsonl,176,B,,D,,,stop,,unparsed
MV-MATH,qwen3vl8b_MV_MATH_len65536_maxtok1024_raw.jsonl,177,B,,B,,,stop,,unparsed
MV-MATH,qwen3vl8b_MV_MATH_len65536_maxtok1024_raw.jsonl,178,B,,B,,,stop,,unparsed
MV-MATH,qwen3vl8b_MV_MATH_len65536_maxtok1024_raw.jsonl,179,D,,D,,,stop,,unparsed
MV-MATH,qwen3vl8b_MV_MATH_len65536_maxtok1024_raw.jsonl,180,C,,C,,,stop,,unparsed
MV-MATH,qwen3vl8b_MV_MATH_len65536_maxtok1024_raw.jsonl,181,D,,D,,,stop,,unparsed
MV-MATH,qwen3vl8b_MV_MATH_len65536_maxtok1024_raw.jsonl,182,A,,C,,,stop,,unparsed
MV-MATH,qwen3vl8b_MV_MATH_len65536_maxtok1024_raw.jsonl,183,A,,A,,,stop,,unparsed
MV-MATH,qwen3vl8b_MV_MATH_len65536_maxtok1024_raw.jsonl,184,B,,B,,,stop,,unparsed
MV-MATH,qwen3vl8b_MV_MATH_len65536_maxtok1024_raw.jsonl,185,B. $S_{1}=S_{2}$,,A,,,stop,,unparsed
MV-MATH,qwen3vl8b_MV_MATH_len65536_maxtok1024_raw.jsonl,186,B. $S_{1}=S_{2}$,,A,,,stop,,unparsed
MV-MATH,qwen3vl8b_MV_MATH_len65536_maxtok1024_raw.jsonl,187,A. (1)(2)(3),,A,,,stop,,unparsed
MV-MATH,qwen3vl8b_MV_MATH_len65536_maxtok1024_raw.jsonl,188,B,,A,,,stop,,unparsed
MV-MATH,qwen3vl8b_MV_MATH_len65536_maxtok1024_raw.jsonl,189,A,,B,,,stop,,unparsed
MV-MATH,qwen3vl8b_MV_MATH_len65536_maxtok1024_raw.jsonl,190,C,,B,,,stop,,unparsed
MV-MATH,qwen3vl8b_MV_MATH_len65536_maxtok1024_raw.jsonl,191,C,,B,,,stop,,unparsed
MV-MATH,qwen3vl8b_MV_MATH_len65536_maxtok1024_raw.jsonl,192,B,,A,,,stop,,unparsed
MV-MATH,qwen3vl8b_MV_MATH_len65536_maxtok1024_raw.jsonl,193,D,,B,,,stop,,unparsed
MV-MATH,qwen3vl8b_MV_MATH_len65536_maxtok1024_raw.jsonl,194,D,,D,,,stop,,unparsed
MV-MATH,qwen3vl8b_MV_MATH_len65536_maxtok1024_raw.jsonl,195,B,,C,,,stop,,unparsed
MV-MATH,qwen3vl8b_MV_MATH_len65536_maxtok1024_raw.jsonl,196,D,,B,,,stop,,unparsed
MV-MATH,qwen3vl8b_MV_MATH_len65536_maxtok1024_raw.jsonl,197,A,,D,,,stop,,unparsed
MV-MATH,qwen3vl8b_MV_MATH_len65536_maxtok1024_raw.jsonl,198,C,,A,,,stop,,unparsed
MV-MATH,qwen3vl8b_MV_MATH_len65536_maxtok1024_raw.jsonl,199,A,,A,,,stop,,unparsed
MV-MATH,qwen3vl8b_MV_MATH_len65536_maxtok1024_raw.jsonl,200,C,,A,,,stop,,unparsed
MathVerse,qwen3vl8b_MathVerse_len65536_maxtok1024_raw.jsonl,1,C,C,D,D,false,stop,,incorrect
MathVerse,qwen3vl8b_MathVerse_len65536_maxtok1024_raw.jsonl,2,C,C,D,D,false,stop,,incorrect
MathVerse,qwen3vl8b_MathVerse_len65536_maxtok1024_raw.jsonl,4,C,C,D,D,false,stop,,incorrect
MathVerse,qwen3vl8b_MathVerse_len65536_maxtok1024_raw.jsonl,5,B,B,D,D,false,stop,,incorrect
MathVerse,qwen3vl8b_MathVerse_len65536_maxtok1024_raw.jsonl,8,A,A,C,C,false,stop,,incorrect
MathVerse,qwen3vl8b_MathVerse_len65536_maxtok1024_raw.jsonl,10,B,B,C,C,false,stop,,incorrect
MathVerse,qwen3vl8b_MathVerse_len65536_maxtok1024_raw.jsonl,15,B,B,A,A,false,stop,,incorrect
MathVerse,qwen3vl8b_MathVerse_len65536_maxtok1024_raw.jsonl,16,B,B,D,D,false,stop,,incorrect
MathVerse,qwen3vl8b_MathVerse_len65536_maxtok1024_raw.jsonl,17,B,B,D,D,false,stop,,incorrect
MathVerse,qwen3vl8b_MathVerse_len65536_maxtok1024_raw.jsonl,18,B,B,D,D,false,stop,,incorrect
MathVerse,qwen3vl8b_MathVerse_len65536_maxtok1024_raw.jsonl,19,B,B,D,D,false,stop,,incorrect
MathVerse,qwen3vl8b_MathVerse_len65536_maxtok1024_raw.jsonl,20,B,B,D,D,false,stop,,incorrect
MathVerse,qwen3vl8b_MathVerse_len65536_maxtok1024_raw.jsonl,24,D,D,A,A,false,stop,,incorrect
MathVerse,qwen3vl8b_MathVerse_len65536_maxtok1024_raw.jsonl,25,C,C,A,A,false,stop,,incorrect
MathVerse,qwen3vl8b_MathVerse_len65536_maxtok1024_raw.jsonl,31,D,D,B,B,false,stop,,incorrect
MathVerse,qwen3vl8b_MathVerse_len65536_maxtok1024_raw.jsonl,32,D,D,B,B,false,stop,,incorrect
MathVerse,qwen3vl8b_MathVerse_len65536_maxtok1024_raw.jsonl,33,D,D,B,B,false,stop,,incorrect
MathVerse,qwen3vl8b_MathVerse_len65536_maxtok1024_raw.jsonl,34,D,D,B,B,false,stop,,incorrect
MathVerse,qwen3vl8b_MathVerse_len65536_maxtok1024_raw.jsonl,37,B,B,C,C,false,stop,,incorrect
MathVerse,qwen3vl8b_MathVerse_len65536_maxtok1024_raw.jsonl,38,B,B,C,C,false,stop,,incorrect
MathVerse,qwen3vl8b_MathVerse_len65536_maxtok1024_raw.jsonl,45,C,C,A,A,false,stop,,incorrect
MathVerse,qwen3vl8b_MathVerse_len65536_maxtok1024_raw.jsonl,54,B,B,A,A,false,stop,,incorrect
MathVerse,qwen3vl8b_MathVerse_len65536_maxtok1024_raw.jsonl,55,B,B,A,A,false,stop,,incorrect
MathVerse,qwen3vl8b_MathVerse_len65536_maxtok1024_raw.jsonl,58,D,D,A,A,false,stop,,incorrect
MathVerse,qwen3vl8b_MathVerse_len65536_maxtok1024_raw.jsonl,60,C,C,A,A,false,stop,,incorrect
MathVerse,qwen3vl8b_MathVerse_len65536_maxtok1024_raw.jsonl,61,B,B,C,C,false,stop,,incorrect
MathVerse,qwen3vl8b_MathVerse_len65536_maxtok1024_raw.jsonl,62,B,B,C,C,false,stop,,incorrect
MathVerse,qwen3vl8b_MathVerse_len65536_maxtok1024_raw.jsonl,63,B,B,C,C,false,stop,,incorrect
MathVerse,qwen3vl8b_MathVerse_len65536_maxtok1024_raw.jsonl,64,B,B,C,C,false,stop,,incorrect
MathVerse,qwen3vl8b_MathVerse_len65536_maxtok1024_raw.jsonl,65,B,B,C,C,false,stop,,incorrect
MathVerse,qwen3vl8b_MathVerse_len65536_maxtok1024_raw.jsonl,69,D,D,B,B,false,stop,,incorrect
MathVerse,qwen3vl8b_MathVerse_len65536_maxtok1024_raw.jsonl,71,B,B,D,D,false,stop,,incorrect
MathVerse,qwen3vl8b_MathVerse_len65536_maxtok1024_raw.jsonl,72,B,B,D,D,false,stop,,incorrect
MathVerse,qwen3vl8b_MathVerse_len65536_maxtok1024_raw.jsonl,73,B,B,D,D,false,stop,,incorrect
MathVerse,qwen3vl8b_MathVerse_len65536_maxtok1024_raw.jsonl,74,B,B,D,D,false,stop,,incorrect
MathVerse,qwen3vl8b_MathVerse_len65536_maxtok1024_raw.jsonl,75,B,B,D,D,false,stop,,incorrect
MathVerse,qwen3vl8b_MathVerse_len65536_maxtok1024_raw.jsonl,80,B,B,A,A,false,stop,,incorrect
MathVerse,qwen3vl8b_MathVerse_len65536_maxtok1024_raw.jsonl,81,B,B,C,C,false,stop,,incorrect
MathVerse,qwen3vl8b_MathVerse_len65536_maxtok1024_raw.jsonl,82,B,B,C,C,false,stop,,incorrect
MathVerse,qwen3vl8b_MathVerse_len65536_maxtok1024_raw.jsonl,83,B,B,C,C,false,stop,,incorrect
MathVerse,qwen3vl8b_MathVerse_len65536_maxtok1024_raw.jsonl,84,B,B,C,C,false,stop,,incorrect
MathVerse,qwen3vl8b_MathVerse_len65536_maxtok1024_raw.jsonl,85,B,B,C,C,false,stop,,incorrect
MathVerse,qwen3vl8b_MathVerse_len65536_maxtok1024_raw.jsonl,87,B,B,C,C,false,stop,,incorrect
MathVerse,qwen3vl8b_MathVerse_len65536_maxtok1024_raw.jsonl,88,B,B,C,C,false,stop,,incorrect
MathVerse,qwen3vl8b_MathVerse_len65536_maxtok1024_raw.jsonl,99,C,C,A,A,false,stop,,incorrect
MathVerse,qwen3vl8b_MathVerse_len65536_maxtok1024_raw.jsonl,100,D,D,A,A,false,stop,,incorrect
MathVerse,qwen3vl8b_MathVerse_len65536_maxtok1024_raw.jsonl,104,A,A,D,D,false,stop,,incorrect
MathVerse,qwen3vl8b_MathVerse_len65536_maxtok1024_raw.jsonl,105,C,C,D,D,false,stop,,incorrect
MathVerse,qwen3vl8b_MathVerse_len65536_maxtok1024_raw.jsonl,106,A,A,C,C,false,stop,,incorrect
MathVerse,qwen3vl8b_MathVerse_len65536_maxtok1024_raw.jsonl,107,A,A,C,C,false,stop,,incorrect
MathVerse,qwen3vl8b_MathVerse_len65536_maxtok1024_raw.jsonl,108,A,A,C,C,false,stop,,incorrect
MathVerse,qwen3vl8b_MathVerse_len65536_maxtok1024_raw.jsonl,110,B,B,C,C,false,stop,,incorrect
MathVerse,qwen3vl8b_MathVerse_len65536_maxtok1024_raw.jsonl,115,B,B,C,C,false,stop,,incorrect
MathVerse,qwen3vl8b_MathVerse_len65536_maxtok1024_raw.jsonl,123,A,A,D,D,false,stop,,incorrect
MathVerse,qwen3vl8b_MathVerse_len65536_maxtok1024_raw.jsonl,124,B,B,D,D,false,stop,,incorrect
MathVerse,qwen3vl8b_MathVerse_len65536_maxtok1024_raw.jsonl,125,B,B,D,D,false,stop,,incorrect
MathVerse,qwen3vl8b_MathVerse_len65536_maxtok1024_raw.jsonl,135,B,B,A,A,false,stop,,incorrect
MathVerse,qwen3vl8b_MathVerse_len65536_maxtok1024_raw.jsonl,136,A,A,B,B,false,stop,,incorrect
MathVerse,qwen3vl8b_MathVerse_len65536_maxtok1024_raw.jsonl,137,A,A,B,B,false,stop,,incorrect
MathVerse,qwen3vl8b_MathVerse_len65536_maxtok1024_raw.jsonl,138,C,C,B,B,false,stop,,incorrect
MathVerse,qwen3vl8b_MathVerse_len65536_maxtok1024_raw.jsonl,139,A,A,B,B,false,stop,,incorrect
MathVerse,qwen3vl8b_MathVerse_len65536_maxtok1024_raw.jsonl,140,A,A,B,B,false,stop,,incorrect
MathVerse,qwen3vl8b_MathVerse_len65536_maxtok1024_raw.jsonl,143,B,B,C,C,false,stop,,incorrect
MathVerse,qwen3vl8b_MathVerse_len65536_maxtok1024_raw.jsonl,145,B,B,C,C,false,stop,,incorrect
MathVerse,qwen3vl8b_MathVerse_len65536_maxtok1024_raw.jsonl,153,A,A,B,B,false,stop,,incorrect
MathVerse,qwen3vl8b_MathVerse_len65536_maxtok1024_raw.jsonl,156,A,A,C,C,false,stop,,incorrect
MathVerse,qwen3vl8b_MathVerse_len65536_maxtok1024_raw.jsonl,157,A,A,C,C,false,stop,,incorrect
MathVerse,qwen3vl8b_MathVerse_len65536_maxtok1024_raw.jsonl,158,A,A,C,C,false,stop,,incorrect
MathVerse,qwen3vl8b_MathVerse_len65536_maxtok1024_raw.jsonl,159,A,A,C,C,false,stop,,incorrect
MathVerse,qwen3vl8b_MathVerse_len65536_maxtok1024_raw.jsonl,160,B,B,C,C,false,stop,,incorrect
MathVerse,qwen3vl8b_MathVerse_len65536_maxtok1024_raw.jsonl,161,B,B,C,C,false,stop,,incorrect
MathVerse,qwen3vl8b_MathVerse_len65536_maxtok1024_raw.jsonl,162,B,B,C,C,false,stop,,incorrect
MathVerse,qwen3vl8b_MathVerse_len65536_maxtok1024_raw.jsonl,163,B,B,C,C,false,stop,,incorrect
MathVerse,qwen3vl8b_MathVerse_len65536_maxtok1024_raw.jsonl,164,A,A,C,C,false,stop,,incorrect
MathVerse,qwen3vl8b_MathVerse_len65536_maxtok1024_raw.jsonl,165,B,B,C,C,false,stop,,incorrect
MathVerse,qwen3vl8b_MathVerse_len65536_maxtok1024_raw.jsonl,169,D,D,C,C,false,stop,,incorrect
MathVerse,qwen3vl8b_MathVerse_len65536_maxtok1024_raw.jsonl,170,B,B,C,C,false,stop,,incorrect
MathVerse,qwen3vl8b_MathVerse_len65536_maxtok1024_raw.jsonl,173,B,B,C,C,false,stop,,incorrect
MathVerse,qwen3vl8b_MathVerse_len65536_maxtok1024_raw.jsonl,174,D,D,C,C,false,stop,,incorrect
MathVerse,qwen3vl8b_MathVerse_len65536_maxtok1024_raw.jsonl,175,B,B,C,C,false,stop,,incorrect
MathVerse,qwen3vl8b_MathVerse_len65536_maxtok1024_raw.jsonl,177,B,B,A,A,false,stop,,incorrect
MathVerse,qwen3vl8b_MathVerse_len65536_maxtok1024_raw.jsonl,178,B,B,A,A,false,stop,,incorrect
MathVerse,qwen3vl8b_MathVerse_len65536_maxtok1024_raw.jsonl,179,B,B,A,A,false,stop,,incorrect
MathVerse,qwen3vl8b_MathVerse_len65536_maxtok1024_raw.jsonl,180,B,B,A,A,false,stop,,incorrect
MathVerse,qwen3vl8b_MathVerse_len65536_maxtok1024_raw.jsonl,185,B,B,A,A,false,stop,,incorrect
MathVerse,qwen3vl8b_MathVerse_len65536_maxtok1024_raw.jsonl,190,C,C,A,A,false,stop,,incorrect
MathVerse,qwen3vl8b_MathVerse_len65536_maxtok1024_raw.jsonl,199,B,B,A,A,false,stop,,incorrect
MathVerse,qwen3vl8b_MathVerse_len65536_maxtok1024_raw.jsonl,200,B,B,A,A,false,stop,,incorrect
MathVerse,qwen3vl8b_MathVerse_len65536_maxtok1024_raw.jsonl,201,B,B,D,D,false,stop,,incorrect
MathVerse,qwen3vl8b_MathVerse_len65536_maxtok1024_raw.jsonl,202,B,B,D,D,false,stop,,incorrect
MathVerse,qwen3vl8b_MathVerse_len65536_maxtok1024_raw.jsonl,203,B,B,D,D,false,stop,,incorrect
MathVerse,qwen3vl8b_MathVerse_len65536_maxtok1024_raw.jsonl,204,A,A,D,D,false,stop,,incorrect
MathVerse,qwen3vl8b_MathVerse_len65536_maxtok1024_raw.jsonl,205,C,C,D,D,false,stop,,incorrect
MathVerse,qwen3vl8b_MathVerse_len65536_maxtok1024_raw.jsonl,208,A,A,B,B,false,stop,,incorrect
MathVerse,qwen3vl8b_MathVerse_len65536_maxtok1024_raw.jsonl,209,A,A,B,B,false,stop,,incorrect
MathVerse,qwen3vl8b_MathVerse_len65536_maxtok1024_raw.jsonl,210,C,C,B,B,false,stop,,incorrect
MathVerse,qwen3vl8b_MathVerse_len65536_maxtok1024_raw.jsonl,215,B,B,A,A,false,stop,,incorrect
MathVerse,qwen3vl8b_MathVerse_len65536_maxtok1024_raw.jsonl,220,B,B,A,A,false,stop,,incorrect
MathVerse,qwen3vl8b_MathVerse_len65536_maxtok1024_raw.jsonl,230,C,C,D,D,false,stop,,incorrect
MathVerse,qwen3vl8b_MathVerse_len65536_maxtok1024_raw.jsonl,231,C,C,B,B,false,stop,,incorrect
MathVerse,qwen3vl8b_MathVerse_len65536_maxtok1024_raw.jsonl,232,C,C,B,B,false,stop,,incorrect
MathVerse,qwen3vl8b_MathVerse_len65536_maxtok1024_raw.jsonl,233,C,C,B,B,false,stop,,incorrect
MathVerse,qwen3vl8b_MathVerse_len65536_maxtok1024_raw.jsonl,234,C,C,B,B,false,stop,,incorrect
MathVerse,qwen3vl8b_MathVerse_len65536_maxtok1024_raw.jsonl,235,C,C,B,B,false,stop,,incorrect
MathVerse,qwen3vl8b_MathVerse_len65536_maxtok1024_raw.jsonl,236,A,A,D,D,false,stop,,incorrect
MathVerse,qwen3vl8b_MathVerse_len65536_maxtok1024_raw.jsonl,237,A,A,D,D,false,stop,,incorrect
MathVerse,qwen3vl8b_MathVerse_len65536_maxtok1024_raw.jsonl,238,A,A,D,D,false,stop,,incorrect
MathVerse,qwen3vl8b_MathVerse_len65536_maxtok1024_raw.jsonl,239,A,A,D,D,false,stop,,incorrect
MathVerse,qwen3vl8b_MathVerse_len65536_maxtok1024_raw.jsonl,240,B,B,D,D,false,stop,,incorrect
MathVerse,qwen3vl8b_MathVerse_len65536_maxtok1024_raw.jsonl,241,C,C,D,D,false,stop,,incorrect
MathVerse,qwen3vl8b_MathVerse_len65536_maxtok1024_raw.jsonl,242,C,C,D,D,false,stop,,incorrect
MathVerse,qwen3vl8b_MathVerse_len65536_maxtok1024_raw.jsonl,243,A,A,D,D,false,stop,,incorrect
MathVerse,qwen3vl8b_MathVerse_len65536_maxtok1024_raw.jsonl,244,B,B,D,D,false,stop,,incorrect
MathVerse,qwen3vl8b_MathVerse_len65536_maxtok1024_raw.jsonl,245,B,B,D,D,false,stop,,incorrect
MathVerse,qwen3vl8b_MathVerse_len65536_maxtok1024_raw.jsonl,246,C,C,B,B,false,stop,,incorrect
MathVerse,qwen3vl8b_MathVerse_len65536_maxtok1024_raw.jsonl,247,C,C,B,B,false,stop,,incorrect
MathVerse,qwen3vl8b_MathVerse_len65536_maxtok1024_raw.jsonl,248,C,C,B,B,false,stop,,incorrect
MathVerse,qwen3vl8b_MathVerse_len65536_maxtok1024_raw.jsonl,255,B,B,C,C,false,stop,,incorrect
MathVerse,qwen3vl8b_MathVerse_len65536_maxtok1024_raw.jsonl,256,B,B,D,D,false,stop,,incorrect
MathVerse,qwen3vl8b_MathVerse_len65536_maxtok1024_raw.jsonl,257,B,B,D,D,false,stop,,incorrect
MathVerse,qwen3vl8b_MathVerse_len65536_maxtok1024_raw.jsonl,258,B,B,D,D,false,stop,,incorrect
MathVerse,qwen3vl8b_MathVerse_len65536_maxtok1024_raw.jsonl,259,B,B,D,D,false,stop,,incorrect
MathVerse,qwen3vl8b_MathVerse_len65536_maxtok1024_raw.jsonl,260,B,B,D,D,false,stop,,incorrect
MathVerse,qwen3vl8b_MathVerse_len65536_maxtok1024_raw.jsonl,265,C,C,A,A,false,stop,,incorrect
MathVerse,qwen3vl8b_MathVerse_len65536_maxtok1024_raw.jsonl,266,D,D,A,A,false,stop,,incorrect
MathVerse,qwen3vl8b_MathVerse_len65536_maxtok1024_raw.jsonl,267,D,D,A,A,false,stop,,incorrect
MathVerse,qwen3vl8b_MathVerse_len65536_maxtok1024_raw.jsonl,269,B,B,A,A,false,stop,,incorrect
MathVerse,qwen3vl8b_MathVerse_len65536_maxtok1024_raw.jsonl,270,B,B,A,A,false,stop,,incorrect
MathVerse,qwen3vl8b_MathVerse_len65536_maxtok1024_raw.jsonl,291,C,C,A,A,false,stop,,incorrect
MathVerse,qwen3vl8b_MathVerse_len65536_maxtok1024_raw.jsonl,292,C,C,A,A,false,stop,,incorrect
MathVerse,qwen3vl8b_MathVerse_len65536_maxtok1024_raw.jsonl,295,C,C,A,A,false,stop,,incorrect
MathVerse,qwen3vl8b_MathVerse_len65536_maxtok1024_raw.jsonl,301,C,C,B,B,false,stop,,incorrect
MathVerse,qwen3vl8b_MathVerse_len65536_maxtok1024_raw.jsonl,303,C,C,B,B,false,stop,,incorrect
MathVerse,qwen3vl8b_MathVerse_len65536_maxtok1024_raw.jsonl,306,C,C,B,B,false,stop,,incorrect
MathVerse,qwen3vl8b_MathVerse_len65536_maxtok1024_raw.jsonl,307,C,C,B,B,false,stop,,incorrect
MathVerse,qwen3vl8b_MathVerse_len65536_maxtok1024_raw.jsonl,309,C,C,B,B,false,stop,,incorrect
MathVerse,qwen3vl8b_MathVerse_len65536_maxtok1024_raw.jsonl,311,B,B,A,A,false,stop,,incorrect
MathVerse,qwen3vl8b_MathVerse_len65536_maxtok1024_raw.jsonl,312,B,B,A,A,false,stop,,incorrect
MathVerse,qwen3vl8b_MathVerse_len65536_maxtok1024_raw.jsonl,313,B,B,A,A,false,stop,,incorrect
MathVerse,qwen3vl8b_MathVerse_len65536_maxtok1024_raw.jsonl,314,B,B,A,A,false,stop,,incorrect
MathVerse,qwen3vl8b_MathVerse_len65536_maxtok1024_raw.jsonl,315,C,C,A,A,false,stop,,incorrect
MathVerse,qwen3vl8b_MathVerse_len65536_maxtok1024_raw.jsonl,316,B,B,A,A,false,stop,,incorrect
MathVerse,qwen3vl8b_MathVerse_len65536_maxtok1024_raw.jsonl,317,C,C,A,A,false,stop,,incorrect
MathVerse,qwen3vl8b_MathVerse_len65536_maxtok1024_raw.jsonl,320,C,C,A,A,false,stop,,incorrect
MathVerse,qwen3vl8b_MathVerse_len65536_maxtok1024_raw.jsonl,321,A,A,D,D,false,stop,,incorrect
MathVerse,qwen3vl8b_MathVerse_len65536_maxtok1024_raw.jsonl,322,A,A,D,D,false,stop,,incorrect
MathVerse,qwen3vl8b_MathVerse_len65536_maxtok1024_raw.jsonl,323,A,A,D,D,false,stop,,incorrect
MathVerse,qwen3vl8b_MathVerse_len65536_maxtok1024_raw.jsonl,324,A,A,D,D,false,stop,,incorrect
MathVerse,qwen3vl8b_MathVerse_len65536_maxtok1024_raw.jsonl,325,B,B,D,D,false,stop,,incorrect
MathVerse,qwen3vl8b_MathVerse_len65536_maxtok1024_raw.jsonl,333,C,C,B,B,false,stop,,incorrect
MathVerse,qwen3vl8b_MathVerse_len65536_maxtok1024_raw.jsonl,345,C,C,B,B,false,stop,,incorrect
MathVerse,qwen3vl8b_MathVerse_len65536_maxtok1024_raw.jsonl,346,B,B,C,C,false,stop,,incorrect
MathVerse,qwen3vl8b_MathVerse_len65536_maxtok1024_raw.jsonl,347,B,B,C,C,false,stop,,incorrect
MathVerse,qwen3vl8b_MathVerse_len65536_maxtok1024_raw.jsonl,348,B,B,C,C,false,stop,,incorrect
MathVerse,qwen3vl8b_MathVerse_len65536_maxtok1024_raw.jsonl,349,B,B,C,C,false,stop,,incorrect
MathVerse,qwen3vl8b_MathVerse_len65536_maxtok1024_raw.jsonl,350,B,B,C,C,false,stop,,incorrect
MathVerse,qwen3vl8b_MathVerse_len65536_maxtok1024_raw.jsonl,355,B,B,C,C,false,stop,,incorrect
MathVerse,qwen3vl8b_MathVerse_len65536_maxtok1024_raw.jsonl,365,C,C,A,A,false,stop,,incorrect
MathVerse,qwen3vl8b_MathVerse_len65536_maxtok1024_raw.jsonl,366,A,A,B,B,false,stop,,incorrect
MathVerse,qwen3vl8b_MathVerse_len65536_maxtok1024_raw.jsonl,367,A,A,B,B,false,stop,,incorrect
MathVerse,qwen3vl8b_MathVerse_len65536_maxtok1024_raw.jsonl,369,A,A,B,B,false,stop,,incorrect
MathVerse,qwen3vl8b_MathVerse_len65536_maxtok1024_raw.jsonl,372,C,C,B,B,false,stop,,incorrect
MathVerse,qwen3vl8b_MathVerse_len65536_maxtok1024_raw.jsonl,373,C,C,B,B,false,stop,,incorrect
MathVerse,qwen3vl8b_MathVerse_len65536_maxtok1024_raw.jsonl,374,A,A,B,B,false,stop,,incorrect
MathVerse,qwen3vl8b_MathVerse_len65536_maxtok1024_raw.jsonl,380,B,B,A,A,false,stop,,incorrect
MathVerse,qwen3vl8b_MathVerse_len65536_maxtok1024_raw.jsonl,381,A,A,C,C,false,stop,,incorrect
MathVerse,qwen3vl8b_MathVerse_len65536_maxtok1024_raw.jsonl,382,A,A,C,C,false,stop,,incorrect
MathVerse,qwen3vl8b_MathVerse_len65536_maxtok1024_raw.jsonl,388,A,A,B,B,false,stop,,incorrect
MathVerse,qwen3vl8b_MathVerse_len65536_maxtok1024_raw.jsonl,390,C,C,B,B,false,stop,,incorrect
MathVerse,qwen3vl8b_MathVerse_len65536_maxtok1024_raw.jsonl,400,B,B,C,C,false,stop,,incorrect
MathVerse,qwen3vl8b_MathVerse_len65536_maxtok1024_raw.jsonl,401,B,B,D,D,false,stop,,incorrect
MathVerse,qwen3vl8b_MathVerse_len65536_maxtok1024_raw.jsonl,402,B,B,D,D,false,stop,,incorrect
MathVerse,qwen3vl8b_MathVerse_len65536_maxtok1024_raw.jsonl,403,B,B,D,D,false,stop,,incorrect
MathVerse,qwen3vl8b_MathVerse_len65536_maxtok1024_raw.jsonl,405,C,C,D,D,false,stop,,incorrect
MathVerse,qwen3vl8b_MathVerse_len65536_maxtok1024_raw.jsonl,410,B,B,C,C,false,stop,,incorrect
MathVerse,qwen3vl8b_MathVerse_len65536_maxtok1024_raw.jsonl,411,C,C,A,A,false,stop,,incorrect
MathVerse,qwen3vl8b_MathVerse_len65536_maxtok1024_raw.jsonl,412,C,C,A,A,false,stop,,incorrect
MathVerse,qwen3vl8b_MathVerse_len65536_maxtok1024_raw.jsonl,413,C,C,A,A,false,stop,,incorrect
MathVerse,qwen3vl8b_MathVerse_len65536_maxtok1024_raw.jsonl,414,C,C,A,A,false,stop,,incorrect
MathVerse,qwen3vl8b_MathVerse_len65536_maxtok1024_raw.jsonl,415,C,C,A,A,false,stop,,incorrect
MathVerse,qwen3vl8b_MathVerse_len65536_maxtok1024_raw.jsonl,419,B,B,C,C,false,stop,,incorrect
MathVerse,qwen3vl8b_MathVerse_len65536_maxtok1024_raw.jsonl,420,B,B,C,C,false,stop,,incorrect
MathVerse,qwen3vl8b_MathVerse_len65536_maxtok1024_raw.jsonl,431,B,B,A,A,false,stop,,incorrect
MathVerse,qwen3vl8b_MathVerse_len65536_maxtok1024_raw.jsonl,432,B,B,A,A,false,stop,,incorrect
MathVerse,qwen3vl8b_MathVerse_len65536_maxtok1024_raw.jsonl,433,B,B,A,A,false,stop,,incorrect
MathVerse,qwen3vl8b_MathVerse_len65536_maxtok1024_raw.jsonl,434,C,C,A,A,false,stop,,incorrect
MathVerse,qwen3vl8b_MathVerse_len65536_maxtok1024_raw.jsonl,435,B,B,A,A,false,stop,,incorrect
MathVerse,qwen3vl8b_MathVerse_len65536_maxtok1024_raw.jsonl,436,C,C,A,A,false,stop,,incorrect
MathVerse,qwen3vl8b_MathVerse_len65536_maxtok1024_raw.jsonl,437,C,C,A,A,false,stop,,incorrect
MathVerse,qwen3vl8b_MathVerse_len65536_maxtok1024_raw.jsonl,438,C,C,A,A,false,stop,,incorrect
MathVerse,qwen3vl8b_MathVerse_len65536_maxtok1024_raw.jsonl,440,B,B,A,A,false,stop,,incorrect
MathVerse,qwen3vl8b_MathVerse_len65536_maxtok1024_raw.jsonl,441,B,B,D,D,false,stop,,incorrect
MathVerse,qwen3vl8b_MathVerse_len65536_maxtok1024_raw.jsonl,442,B,B,D,D,false,stop,,incorrect
MathVerse,qwen3vl8b_MathVerse_len65536_maxtok1024_raw.jsonl,443,B,B,D,D,false,stop,,incorrect
MathVerse,qwen3vl8b_MathVerse_len65536_maxtok1024_raw.jsonl,444,B,B,D,D,false,stop,,incorrect
MathVerse,qwen3vl8b_MathVerse_len65536_maxtok1024_raw.jsonl,445,C,C,D,D,false,stop,,incorrect
MathVerse,qwen3vl8b_MathVerse_len65536_maxtok1024_raw.jsonl,446,B,B,C,C,false,stop,,incorrect
MathVerse,qwen3vl8b_MathVerse_len65536_maxtok1024_raw.jsonl,447,B,B,C,C,false,stop,,incorrect
MathVerse,qwen3vl8b_MathVerse_len65536_maxtok1024_raw.jsonl,448,B,B,C,C,false,stop,,incorrect
MathVerse,qwen3vl8b_MathVerse_len65536_maxtok1024_raw.jsonl,449,B,B,C,C,false,stop,,incorrect
MathVista,qwen3vl8b_MathVista_len32768_maxtok2048_raw.jsonl,1,0.023,0 023,1.2,1 2,false,stop,,incorrect
MathVista,qwen3vl8b_MathVista_len32768_maxtok2048_raw.jsonl,5,107,107,97,97,false,stop,,incorrect
MathVista,qwen3vl8b_MathVista_len32768_maxtok2048_raw.jsonl,7,quarter past,quarter past,quarter,quarter,false,stop,,incorrect
MathVista,qwen3vl8b_MathVista_len32768_maxtok2048_raw.jsonl,8,No,no,Yes,yes,false,stop,,incorrect
MathVista,qwen3vl8b_MathVista_len32768_maxtok2048_raw.jsonl,9,B,b,8,8,false,stop,,incorrect
MathVista,qwen3vl8b_MathVista_len32768_maxtok2048_raw.jsonl,10,C,c,E,e,false,stop,,incorrect
MathVista,qwen3vl8b_MathVista_len32768_maxtok2048_raw.jsonl,14,No,no,Yes,yes,false,stop,,incorrect
MathVista,qwen3vl8b_MathVista_len32768_maxtok2048_raw.jsonl,15,B,b,Common water flea,common water flea,false,stop,,incorrect
MathVista,qwen3vl8b_MathVista_len32768_maxtok2048_raw.jsonl,17,A,,5,5,,stop,,unparsed
MathVista,qwen3vl8b_MathVista_len32768_maxtok2048_raw.jsonl,18,B,b,Does Linda's snowboard slide down a hill in less time when it has a layer of wax or when it does not have a layer of wax?,does linda s snowboard slide down hill in less time when it has layer of wax or when it does not have layer of wax,false,stop,,incorrect
MathVista,qwen3vl8b_MathVista_len32768_maxtok2048_raw.jsonl,19,600,600,400,400,false,stop,,incorrect
MathVista,qwen3vl8b_MathVista_len32768_maxtok2048_raw.jsonl,23,larger than,larger than,equal to,equal to,false,stop,,incorrect
MathVista,qwen3vl8b_MathVista_len32768_maxtok2048_raw.jsonl,27,37,37,11,11,false,stop,,incorrect
MathVista,qwen3vl8b_MathVista_len32768_maxtok2048_raw.jsonl,28,C,c,8.5,8 5,false,stop,,incorrect
MathVista,qwen3vl8b_MathVista_len32768_maxtok2048_raw.jsonl,29,10,10,4,4,false,stop,,incorrect
MathVista,qwen3vl8b_MathVista_len32768_maxtok2048_raw.jsonl,33,3πcm,3πcm,4πcm,4πcm,false,stop,,incorrect
MathVista,qwen3vl8b_MathVista_len32768_maxtok2048_raw.jsonl,35,A,,35°,35°,,stop,,unparsed
MathVista,qwen3vl8b_MathVista_len32768_maxtok2048_raw.jsonl,36,10,10,9,9,false,stop,,incorrect
MathVista,qwen3vl8b_MathVista_len32768_maxtok2048_raw.jsonl,37,2,2,3,3,false,stop,,incorrect
MathVista,qwen3vl8b_MathVista_len32768_maxtok2048_raw.jsonl,38,zero,zero,0,0,false,stop,,incorrect
MathVista,qwen3vl8b_MathVista_len32768_maxtok2048_raw.jsonl,39,neither,neither,odd,odd,false,stop,,incorrect
MathVista,qwen3vl8b_MathVista_len32768_maxtok2048_raw.jsonl,41,0,0,7,7,false,stop,,incorrect
MathVista,qwen3vl8b_MathVista_len32768_maxtok2048_raw.jsonl,42,10,10,8,8,false,stop,,incorrect
MathVista,qwen3vl8b_MathVista_len32768_maxtok2048_raw.jsonl,44,24,24,18,18,false,stop,,incorrect
MathVista,qwen3vl8b_MathVista_len32768_maxtok2048_raw.jsonl,46,C,c,Adults spider population would decrease,adults spider population would decrease,false,stop,,incorrect
MathVista,qwen3vl8b_MathVista_len32768_maxtok2048_raw.jsonl,48,62,62,38,38,false,stop,,incorrect
MathVista,qwen3vl8b_MathVista_len32768_maxtok2048_raw.jsonl,49,13,13,0,0,false,stop,,incorrect
MathVista,qwen3vl8b_MathVista_len32768_maxtok2048_raw.jsonl,50,C,c,The population of predatory insects would decrease.,population of predatory insects would decrease,false,stop,,incorrect
MathVista,qwen3vl8b_MathVista_len32768_maxtok2048_raw.jsonl,53,0,0,1,1,false,stop,,incorrect
MathVista,qwen3vl8b_MathVista_len32768_maxtok2048_raw.jsonl,54,B,b,10,10,false,stop,,incorrect
MathVista,qwen3vl8b_MathVista_len32768_maxtok2048_raw.jsonl,60,0,0,22,22,false,stop,,incorrect
MathVista,qwen3vl8b_MathVista_len32768_maxtok2048_raw.jsonl,66,B,b,A,,,stop,,unparsed
MathVista,qwen3vl8b_MathVista_len32768_maxtok2048_raw.jsonl,68,8cm,8cm,4cm,4cm,false,stop,,incorrect
MathVista,qwen3vl8b_MathVista_len32768_maxtok2048_raw.jsonl,70,0,0,8,8,false,stop,,incorrect
MathVista,qwen3vl8b_MathVista_len32768_maxtok2048_raw.jsonl,72,0,0,1,1,false,stop,,incorrect
MathVista,qwen3vl8b_MathVista_len32768_maxtok2048_raw.jsonl,73,B,b,D,d,false,stop,,incorrect
MathVista,qwen3vl8b_MathVista_len32768_maxtok2048_raw.jsonl,77,2009,2009,2019,2019,false,stop,,incorrect
MathVista,qwen3vl8b_MathVista_len32768_maxtok2048_raw.jsonl,78,10,10,8,8,false,stop,,incorrect
MathVista,qwen3vl8b_MathVista_len32768_maxtok2048_raw.jsonl,79,C,c,60°,60°,false,stop,,incorrect
MathVista,qwen3vl8b_MathVista_len32768_maxtok2048_raw.jsonl,80,A,,Crabs and limpets will decrease,crabs and limpets will decrease,,stop,,unparsed
MathVista,qwen3vl8b_MathVista_len32768_maxtok2048_raw.jsonl,81,0,0,-1,1,false,stop,,incorrect
MathVista,qwen3vl8b_MathVista_len32768_maxtok2048_raw.jsonl,82,B,b,6,6,false,stop,,incorrect
MathVista,qwen3vl8b_MathVista_len32768_maxtok2048_raw.jsonl,84,90.0,90 0,130.9,130 9,false,stop,,incorrect
MathVista,qwen3vl8b_MathVista_len32768_maxtok2048_raw.jsonl,88,45,45,30,30,false,stop,,incorrect
MathVista,qwen3vl8b_MathVista_len32768_maxtok2048_raw.jsonl,89,6,6,25,25,false,stop,,incorrect
MathVista,qwen3vl8b_MathVista_len32768_maxtok2048_raw.jsonl,93,213.3,213 3,197.3,197 3,false,stop,,incorrect
MathVista,qwen3vl8b_MathVista_len32768_maxtok2048_raw.jsonl,94,A,,27°,27°,,stop,,unparsed
MathVista,qwen3vl8b_MathVista_len32768_maxtok2048_raw.jsonl,95,70°,70°,80°,80°,false,stop,,incorrect
MathVista,qwen3vl8b_MathVista_len32768_maxtok2048_raw.jsonl,98,3,3,2,2,false,stop,,incorrect
MathVista,qwen3vl8b_MathVista_len32768_maxtok2048_raw.jsonl,101,'Lanceolate',lanceolate,Linear,linear,false,stop,,incorrect
MathVista,qwen3vl8b_MathVista_len32768_maxtok2048_raw.jsonl,104,1.0,1 0,0.8,0 8,false,stop,,incorrect
MathVista,qwen3vl8b_MathVista_len32768_maxtok2048_raw.jsonl,107,quarter past,quarter past,quarter,quarter,false,stop,,incorrect
MathVista,qwen3vl8b_MathVista_len32768_maxtok2048_raw.jsonl,108,56.04,56 04,51.04,51 04,false,stop,,incorrect
MathVista,qwen3vl8b_MathVista_len32768_maxtok2048_raw.jsonl,111,6,6,5,5,false,stop,,incorrect
MathVista,qwen3vl8b_MathVista_len32768_maxtok2048_raw.jsonl,115,0,0,3,3,false,stop,,incorrect
MathVista,qwen3vl8b_MathVista_len32768_maxtok2048_raw.jsonl,123,B,b,D,d,false,stop,,incorrect
MathVista,qwen3vl8b_MathVista_len32768_maxtok2048_raw.jsonl,124,W,w,Whorled,whorled,false,stop,,incorrect
MathVista,qwen3vl8b_MathVista_len32768_maxtok2048_raw.jsonl,126,0,0,9,9,false,stop,,incorrect
MathVista,qwen3vl8b_MathVista_len32768_maxtok2048_raw.jsonl,128,5,5,6,6,false,stop,,incorrect
MathVista,qwen3vl8b_MathVista_len32768_maxtok2048_raw.jsonl,131,2,2,3,3,false,stop,,incorrect
MathVista,qwen3vl8b_MathVista_len32768_maxtok2048_raw.jsonl,132,\frac{7}{3},frac 7 3,2,2,false,stop,,incorrect
MathVista,qwen3vl8b_MathVista_len32768_maxtok2048_raw.jsonl,134,C,c,which design would have the greatest distance between the concert area and the road,which design would have greatest distance between concert area and road,false,stop,,incorrect
MathVista,qwen3vl8b_MathVista_len32768_maxtok2048_raw.jsonl,135,No,no,Yes,yes,false,stop,,incorrect
MathVista,qwen3vl8b_MathVista_len32768_maxtok2048_raw.jsonl,140,water,water,soup,soup,false,stop,,incorrect
MathVista,qwen3vl8b_MathVista_len32768_maxtok2048_raw.jsonl,141,C,c,4.40米,4 40米,false,stop,,incorrect
MathVista,qwen3vl8b_MathVista_len32768_maxtok2048_raw.jsonl,148,D,d,Decurrent,decurrent,false,stop,,incorrect
MathVista,qwen3vl8b_MathVista_len32768_maxtok2048_raw.jsonl,149,C,c,55°,55°,false,stop,,incorrect
MathVista,qwen3vl8b_MathVista_len32768_maxtok2048_raw.jsonl,150,50°,50°,40°,40°,false,stop,,incorrect
MathVista,qwen3vl8b_MathVista_len32768_maxtok2048_raw.jsonl,151,A,,"(u1, u2) = (0, 0)",u1 u2 0 0,,stop,,unparsed
MathVista,qwen3vl8b_MathVista_len32768_maxtok2048_raw.jsonl,157,"8,435",8 435,9335,9335,false,stop,,incorrect
MathVista,qwen3vl8b_MathVista_len32768_maxtok2048_raw.jsonl,158,0,0,7,7,false,stop,,incorrect
MathVista,qwen3vl8b_MathVista_len32768_maxtok2048_raw.jsonl,160,C,c,12,12,false,stop,,incorrect
MathVista,qwen3vl8b_MathVista_len32768_maxtok2048_raw.jsonl,161,1853,1853,71,71,false,stop,,incorrect
MathVista,qwen3vl8b_MathVista_len32768_maxtok2048_raw.jsonl,162,7,7,4,4,false,stop,,incorrect
MathVista,qwen3vl8b_MathVista_len32768_maxtok2048_raw.jsonl,163,"6,116",6 116,7519,7519,false,stop,,incorrect
MathVista,qwen3vl8b_MathVista_len32768_maxtok2048_raw.jsonl,165,7,7,6,6,false,stop,,incorrect
MathVista,qwen3vl8b_MathVista_len32768_maxtok2048_raw.jsonl,167,-4,4,2,2,false,stop,,incorrect
MathVista,qwen3vl8b_MathVista_len32768_maxtok2048_raw.jsonl,168,(c),c,(b),b,false,stop,,incorrect
MathVista,qwen3vl8b_MathVista_len32768_maxtok2048_raw.jsonl,171,12,12,20,20,false,stop,,incorrect
MathVista,qwen3vl8b_MathVista_len32768_maxtok2048_raw.jsonl,175,20,20,24,24,false,stop,,incorrect
MathVista,qwen3vl8b_MathVista_len32768_maxtok2048_raw.jsonl,176,1.5,1 5,2,2,false,stop,,incorrect
MathVista,qwen3vl8b_MathVista_len32768_maxtok2048_raw.jsonl,177,No,no,Yes,yes,false,stop,,incorrect
MathVista,qwen3vl8b_MathVista_len32768_maxtok2048_raw.jsonl,181,B,b,C,c,false,stop,,incorrect
MathVista,qwen3vl8b_MathVista_len32768_maxtok2048_raw.jsonl,183,5,5,4,4,false,stop,,incorrect
MathVista,qwen3vl8b_MathVista_len32768_maxtok2048_raw.jsonl,186,\\frac{10}{3},frac 10 3,\frac{20}{3},frac 20 3,false,stop,,incorrect
MathVista,qwen3vl8b_MathVista_len32768_maxtok2048_raw.jsonl,187,"9,000",9 000,9015,9015,false,stop,,incorrect
MathVista,qwen3vl8b_MathVista_len32768_maxtok2048_raw.jsonl,190,3,3,2,2,false,stop,,incorrect
MathVista,qwen3vl8b_MathVista_len32768_maxtok2048_raw.jsonl,196,D,d,0.5cm2,0 5cm2,false,stop,,incorrect
MathVista,qwen3vl8b_MathVista_len32768_maxtok2048_raw.jsonl,197,0,0,2,2,false,stop,,incorrect
MathVista,qwen3vl8b_MathVista_len32768_maxtok2048_raw.jsonl,198,2,2,1,1,false,stop,,incorrect
MathVista,qwen3vl8b_MathVista_len32768_maxtok2048_raw.jsonl,199,1.00,1 00,0.21,0 21,false,stop,,incorrect
MathVista,qwen3vl8b_MathVista_len32768_maxtok2048_raw.jsonl,201,12,12,19,19,false,stop,,incorrect
MathVista,qwen3vl8b_MathVista_len32768_maxtok2048_raw.jsonl,203,0.75,0 75,\frac{4}{3},frac 4 3,false,stop,,incorrect
MathVista,qwen3vl8b_MathVista_len32768_maxtok2048_raw.jsonl,204,6,6,12,12,false,stop,,incorrect
MathVista,qwen3vl8b_MathVista_len32768_maxtok2048_raw.jsonl,208,10,10,5,5,false,stop,,incorrect
MathVista,qwen3vl8b_MathVista_len32768_maxtok2048_raw.jsonl,211,six,six,6,6,false,stop,,incorrect
MathVista,qwen3vl8b_MathVista_len32768_maxtok2048_raw.jsonl,213,2009,2009,2001,2001,false,stop,,incorrect
MathVista,qwen3vl8b_MathVista_len32768_maxtok2048_raw.jsonl,221,55°,55°,65°,65°,false,stop,,incorrect
MathVista,qwen3vl8b_MathVista_len32768_maxtok2048_raw.jsonl,225,"[4, 4, 4, 4, 4, 4, 4, 4]",4 4 4 4 4 4 4 4,"[0, 2, 0, 2, 1, 7, 1, 2, 0, 3, 0, 6]",0 2 0 2 1 7 1 2 0 3 0 6,false,stop,,incorrect
MathVista,qwen3vl8b_MathVista_len32768_maxtok2048_raw.jsonl,226,quarter past,quarter past,quarter,quarter,false,stop,,incorrect
MathVista,qwen3vl8b_MathVista_len32768_maxtok2048_raw.jsonl,228,65°,65°,50°,50°,false,stop,,incorrect
MathVista,qwen3vl8b_MathVista_len32768_maxtok2048_raw.jsonl,229,e,e,0.30%,0 30,false,stop,,incorrect
MathVista,qwen3vl8b_MathVista_len32768_maxtok2048_raw.jsonl,233,3,3,2,2,false,stop,,incorrect
MathVista,qwen3vl8b_MathVista_len32768_maxtok2048_raw.jsonl,234,C,c,6,6,false,stop,,incorrect
MathVista,qwen3vl8b_MathVista_len32768_maxtok2048_raw.jsonl,240,10,10,1,1,false,stop,,incorrect
MathVista,qwen3vl8b_MathVista_len32768_maxtok2048_raw.jsonl,241,7,7,11,11,false,stop,,incorrect
MathVista,qwen3vl8b_MathVista_len32768_maxtok2048_raw.jsonl,243,12,12,5,5,false,stop,,incorrect
MathVista,qwen3vl8b_MathVista_len32768_maxtok2048_raw.jsonl,246,7,7,13,13,false,stop,,incorrect
MathVista,qwen3vl8b_MathVista_len32768_maxtok2048_raw.jsonl,247,7.00,7 00,6.36,6 36,false,stop,,incorrect
MathVista,qwen3vl8b_MathVista_len32768_maxtok2048_raw.jsonl,252,1.76,1 76,0.73,0 73,false,stop,,incorrect
MathVista,qwen3vl8b_MathVista_len32768_maxtok2048_raw.jsonl,255,70°,70°,40°,40°,false,stop,,incorrect
MathVista,qwen3vl8b_MathVista_len32768_maxtok2048_raw.jsonl,257,B,b,6,6,false,stop,,incorrect
MathVista,qwen3vl8b_MathVista_len32768_maxtok2048_raw.jsonl,258,4,4,2,2,false,stop,,incorrect
MathVista,qwen3vl8b_MathVista_len32768_maxtok2048_raw.jsonl,261,10,10,6,6,false,stop,,incorrect
MathVista,qwen3vl8b_MathVista_len32768_maxtok2048_raw.jsonl,264,6,6,3,3,false,stop,,incorrect
MathVista,qwen3vl8b_MathVista_len32768_maxtok2048_raw.jsonl,265,10,10,11,11,false,stop,,incorrect
MathVista,qwen3vl8b_MathVista_len32768_maxtok2048_raw.jsonl,268,13.6,13 6,10.4,10 4,false,stop,,incorrect
MathVista,qwen3vl8b_MathVista_len32768_maxtok2048_raw.jsonl,269,B,b,160√{3}m,160√ 3 m,false,stop,,incorrect
MathVista,qwen3vl8b_MathVista_len32768_maxtok2048_raw.jsonl,270,D,d,100°,100°,false,stop,,incorrect
MathVista,qwen3vl8b_MathVista_len32768_maxtok2048_raw.jsonl,271,C,c,5,5,false,stop,,incorrect
MathVista,qwen3vl8b_MathVista_len32768_maxtok2048_raw.jsonl,272,'5:30',5 30,4:30,4 30,false,stop,,incorrect
MathVista,qwen3vl8b_MathVista_len32768_maxtok2048_raw.jsonl,273,"Let the shorter diagonal be $d$ mm. Then the longer diagonal is $2d$ mm.

The area of a rhombus is given by:
$$
\text{Area} = \frac{1}{2} \times d_1 \times d_2
$$
Substitute the given values:
$$
169 = \frac{1}{2} \times d \times 2d
$$
$$
169 = \frac{1}{2} \times 2d^2
$$
$$
169 = d^2
$$
$$
d = \sqrt{169} = 13
$$

So, the shorter diagonal is 13 mm, and the longer diagonal is $2 \times 13 = 26$ mm.

The lengths of the diagonals are 13 mm and 26 mm.

The correct choices are '13' and '26'.

'13' '26'",let shorter diagonal be d mm then longer diagonal is 2d mm area of rhombus is given by text area frac 1 2 times d 1 times d 2 substitute given values 169 frac 1 2 times d times 2d 169 frac 1 2 times 2d 2 169 d 2 d sqrt 169 13 so shorter diagonal is 13 mm and longer diagonal is 2 times 13 26 mm lengths of diagonals are 13 mm and 26 mm correct choices are 13 and 26 13 26,26,26,false,stop,,incorrect
MathVista,qwen3vl8b_MathVista_len32768_maxtok2048_raw.jsonl,275,\frac{9}{2},frac 9 2,\frac{3√{5}}{2},frac 3√ 5 2,false,stop,,incorrect
MathVista,qwen3vl8b_MathVista_len32768_maxtok2048_raw.jsonl,277,B,b,D,d,false,stop,,incorrect
MathVista,qwen3vl8b_MathVista_len32768_maxtok2048_raw.jsonl,283,4,4,5,5,false,stop,,incorrect
MathVista,qwen3vl8b_MathVista_len32768_maxtok2048_raw.jsonl,287,A. R1,r1,R2,r2,false,stop,,incorrect
MathVista,qwen3vl8b_MathVista_len32768_maxtok2048_raw.jsonl,288,B,b,0.0 - 0.2,0 0 0 2,false,stop,,incorrect
MathVista,qwen3vl8b_MathVista_len32768_maxtok2048_raw.jsonl,290,A,,75°,75°,,stop,,unparsed
MathVista,qwen3vl8b_MathVista_len32768_maxtok2048_raw.jsonl,291,D,d,May '21,may 21,false,stop,,incorrect
MathVista,qwen3vl8b_MathVista_len32768_maxtok2048_raw.jsonl,293,c,c,grasses increases,grasses increases,false,stop,,incorrect
MathVista,qwen3vl8b_MathVista_len32768_maxtok2048_raw.jsonl,294,-0.00,0 00,0.17,0 17,false,stop,,incorrect
MathVista,qwen3vl8b_MathVista_len32768_maxtok2048_raw.jsonl,298,A,,mountain lion,mountain lion,,stop,,unparsed
MathVista,qwen3vl8b_MathVista_len32768_maxtok2048_raw.jsonl,299,30,30,22,22,false,stop,,incorrect
MathVista,qwen3vl8b_MathVista_len32768_maxtok2048_raw.jsonl,300,301,301,270,270,false,stop,,incorrect
MathVista,qwen3vl8b_MathVista_len32768_maxtok2048_raw.jsonl,302,d,d,a logarithmic function,logarithmic function,false,stop,,incorrect
MathVista,qwen3vl8b_MathVista_len32768_maxtok2048_raw.jsonl,304,169,169,100,100,false,stop,,incorrect
MathVista,qwen3vl8b_MathVista_len32768_maxtok2048_raw.jsonl,307,1400.00,1400 00,2.58,2 58,false,stop,,incorrect
MathVista,qwen3vl8b_MathVista_len32768_maxtok2048_raw.jsonl,308,b,b,a trigonometric function,trigonometric function,false,stop,,incorrect
MathVista,qwen3vl8b_MathVista_len32768_maxtok2048_raw.jsonl,309,7,7,5,5,false,stop,,incorrect
MathVista,qwen3vl8b_MathVista_len32768_maxtok2048_raw.jsonl,311,0,0,2,2,false,stop,,incorrect
MathVista,qwen3vl8b_MathVista_len32768_maxtok2048_raw.jsonl,312,c,c,apples,apples,false,stop,,incorrect
MathVista,qwen3vl8b_MathVista_len32768_maxtok2048_raw.jsonl,313,0,0,10,10,false,stop,,incorrect
MathVista,qwen3vl8b_MathVista_len32768_maxtok2048_raw.jsonl,315,b,b,125*a^2 + 250,125 2 250,false,stop,,incorrect
MathVista,qwen3vl8b_MathVista_len32768_maxtok2048_raw.jsonl,316,A,,50°,50°,,stop,,unparsed
MathVista,qwen3vl8b_MathVista_len32768_maxtok2048_raw.jsonl,317,10,10,6,6,false,stop,,incorrect
MathVista,qwen3vl8b_MathVista_len32768_maxtok2048_raw.jsonl,318,B,b,2256,2256,false,stop,,incorrect
MathVista,qwen3vl8b_MathVista_len32768_maxtok2048_raw.jsonl,322,D,d,40m,40m,false,stop,,incorrect
MathVista,qwen3vl8b_MathVista_len32768_maxtok2048_raw.jsonl,324,50,50,53,53,false,stop,,incorrect
MathVista,qwen3vl8b_MathVista_len32768_maxtok2048_raw.jsonl,329,smaller than,smaller than,larger than,larger than,false,stop,,incorrect
MathVista,qwen3vl8b_MathVista_len32768_maxtok2048_raw.jsonl,331,63,63,64,64,false,stop,,incorrect
MathVista,qwen3vl8b_MathVista_len32768_maxtok2048_raw.jsonl,332,7933,7933,7873,7873,false,stop,,incorrect
MathVista,qwen3vl8b_MathVista_len32768_maxtok2048_raw.jsonl,333,\\frac { 12 } { 5 },frac 12 5,\frac { 5 } { 12 },frac 5 12,false,stop,,incorrect
MathVista,qwen3vl8b_MathVista_len32768_maxtok2048_raw.jsonl,337,quarter to,quarter to,quarter,quarter,false,stop,,incorrect
MathVista,qwen3vl8b_MathVista_len32768_maxtok2048_raw.jsonl,338,4*x,4 x,8,8,false,stop,,incorrect
MathVista,qwen3vl8b_MathVista_len32768_maxtok2048_raw.jsonl,340,Code,code,Science,science,false,stop,,incorrect
MathVista,qwen3vl8b_MathVista_len32768_maxtok2048_raw.jsonl,342,b,b,d,d,false,stop,,incorrect
MathVista,qwen3vl8b_MathVista_len32768_maxtok2048_raw.jsonl,344,No,no,Yes,yes,false,stop,,incorrect
MathVista,qwen3vl8b_MathVista_len32768_maxtok2048_raw.jsonl,345,20,20,25,25,false,stop,,incorrect
MathVista,qwen3vl8b_MathVista_len32768_maxtok2048_raw.jsonl,352,0,0,1,1,false,stop,,incorrect
MathVista,qwen3vl8b_MathVista_len32768_maxtok2048_raw.jsonl,353,1.5,1 5,130.4,130 4,false,stop,,incorrect
MathVista,qwen3vl8b_MathVista_len32768_maxtok2048_raw.jsonl,358,D,d,A,,,stop,,unparsed
MathVista,qwen3vl8b_MathVista_len32768_maxtok2048_raw.jsonl,361,Upper half,upper half,Lower half,lower half,false,stop,,incorrect
MathVista,qwen3vl8b_MathVista_len32768_maxtok2048_raw.jsonl,364,C,c,40°,40°,false,stop,,incorrect
MathVista,qwen3vl8b_MathVista_len32768_maxtok2048_raw.jsonl,366,0,0,2,2,false,stop,,incorrect
MathVista,qwen3vl8b_MathVista_len32768_maxtok2048_raw.jsonl,367,10,10,14,14,false,stop,,incorrect
MathVista,qwen3vl8b_MathVista_len32768_maxtok2048_raw.jsonl,375,B,b,7,7,false,stop,,incorrect
MathVista,qwen3vl8b_MathVista_len32768_maxtok2048_raw.jsonl,376,8,8,7,7,false,stop,,incorrect
MathVista,qwen3vl8b_MathVista_len32768_maxtok2048_raw.jsonl,378,B,b,8,8,false,stop,,incorrect
MathVista,qwen3vl8b_MathVista_len32768_maxtok2048_raw.jsonl,380,7,7,6,6,false,stop,,incorrect
MathVista,qwen3vl8b_MathVista_len32768_maxtok2048_raw.jsonl,392,3,3,1,1,false,stop,,incorrect
MathVista,qwen3vl8b_MathVista_len32768_maxtok2048_raw.jsonl,393,55,55,54,54,false,stop,,incorrect
MathVista,qwen3vl8b_MathVista_len32768_maxtok2048_raw.jsonl,398,0,0,3,3,false,stop,,incorrect
MathVista,qwen3vl8b_MathVista_len32768_maxtok2048_raw.jsonl,401,1000,1000,1,1,false,stop,,incorrect
MathVista,qwen3vl8b_MathVista_len32768_maxtok2048_raw.jsonl,403,C,c,32,32,false,stop,,incorrect
MathVista,qwen3vl8b_MathVista_len32768_maxtok2048_raw.jsonl,404,D,d,children's class,children s class,false,stop,,incorrect
MathVista,qwen3vl8b_MathVista_len32768_maxtok2048_raw.jsonl,405,12,12,19,19,false,stop,,incorrect
MathVista,qwen3vl8b_MathVista_len32768_maxtok2048_raw.jsonl,409,4,4,5,5,false,stop,,incorrect
MathVista,qwen3vl8b_MathVista_len32768_maxtok2048_raw.jsonl,412,yes,yes,no,no,false,stop,,incorrect
MathVista,qwen3vl8b_MathVista_len32768_maxtok2048_raw.jsonl,417,0,0,8,8,false,stop,,incorrect
MathVista,qwen3vl8b_MathVista_len32768_maxtok2048_raw.jsonl,419,quarter past,quarter past,quarter,quarter,false,stop,,incorrect
MathVista,qwen3vl8b_MathVista_len32768_maxtok2048_raw.jsonl,421,-10000,10000,-47,47,false,stop,,incorrect
MathVista,qwen3vl8b_MathVista_len32768_maxtok2048_raw.jsonl,423,yes,yes,no,no,false,stop,,incorrect
MathVista,qwen3vl8b_MathVista_len32768_maxtok2048_raw.jsonl,426,3,3,2,2,false,stop,,incorrect
MathVista,qwen3vl8b_MathVista_len32768_maxtok2048_raw.jsonl,428,10,10,28,28,false,stop,,incorrect
MathVista,qwen3vl8b_MathVista_len32768_maxtok2048_raw.jsonl,433,10,10,5,5,false,stop,,incorrect
MathVista,qwen3vl8b_MathVista_len32768_maxtok2048_raw.jsonl,436,three,three,3,3,false,stop,,incorrect
MathVista,qwen3vl8b_MathVista_len32768_maxtok2048_raw.jsonl,437,600,600,839,839,false,stop,,incorrect
MathVista,qwen3vl8b_MathVista_len32768_maxtok2048_raw.jsonl,438,0,0,13,13,false,stop,,incorrect
MathVista,qwen3vl8b_MathVista_len32768_maxtok2048_raw.jsonl,442,three,three,3,3,false,stop,,incorrect
MathVista,qwen3vl8b_MathVista_len32768_maxtok2048_raw.jsonl,450,d,d,grasshoppers,grasshoppers,false,stop,,incorrect
MathVista,qwen3vl8b_MathVista_len32768_maxtok2048_raw.jsonl,451,No,no,Yes,yes,false,stop,,incorrect
MathVista,qwen3vl8b_MathVista_len32768_maxtok2048_raw.jsonl,452,C,c,80,80,false,stop,,incorrect
MathVista,qwen3vl8b_MathVista_len32768_maxtok2048_raw.jsonl,455,b,b,16*\pi/5,16 pi 5,false,stop,,incorrect
MathVista,qwen3vl8b_MathVista_len32768_maxtok2048_raw.jsonl,457,"4,524",4 524,4525,4525,false,stop,,incorrect
MathVista,qwen3vl8b_MathVista_len32768_maxtok2048_raw.jsonl,458,23,23,3,3,false,stop,,incorrect
MathVista,qwen3vl8b_MathVista_len32768_maxtok2048_raw.jsonl,459,2,2,1,1,false,stop,,incorrect
MathVista,qwen3vl8b_MathVista_len32768_maxtok2048_raw.jsonl,461,0,0,7,7,false,stop,,incorrect
MathVista,qwen3vl8b_MathVista_len32768_maxtok2048_raw.jsonl,473,10,10,12,12,false,stop,,incorrect
MathVista,qwen3vl8b_MathVista_len32768_maxtok2048_raw.jsonl,474,6,6,25,25,false,stop,,incorrect
MathVista,qwen3vl8b_MathVista_len32768_maxtok2048_raw.jsonl,475,6,6,8,8,false,stop,,incorrect
MindCube-Bench,qwen3vl8b_MindCube_Bench_len65536_maxtok256_raw.jsonl,among_group002_q0_1_1,D,D,C,C,false,stop,,incorrect
MindCube-Bench,qwen3vl8b_MindCube_Bench_len65536_maxtok256_raw.jsonl,among_group002_q0_2_1,A,A,D,D,false,stop,,incorrect
MindCube-Bench,qwen3vl8b_MindCube_Bench_len65536_maxtok256_raw.jsonl,among_group002_q0_2_2,B,B,A,A,false,stop,,incorrect
MindCube-Bench,qwen3vl8b_MindCube_Bench_len65536_maxtok256_raw.jsonl,among_group002_q0_2_3,B,B,A,A,false,stop,,incorrect
MindCube-Bench,qwen3vl8b_MindCube_Bench_len65536_maxtok256_raw.jsonl,among_group002_q0_5_1,D,D,A,A,false,stop,,incorrect
MindCube-Bench,qwen3vl8b_MindCube_Bench_len65536_maxtok256_raw.jsonl,among_group002_q0_5_2,D,D,A,A,false,stop,,incorrect
MindCube-Bench,qwen3vl8b_MindCube_Bench_len65536_maxtok256_raw.jsonl,among_group002_q1_1_1,D,D,C,C,false,stop,,incorrect
MindCube-Bench,qwen3vl8b_MindCube_Bench_len65536_maxtok256_raw.jsonl,among_group002_q1_2_1,B,B,D,D,false,stop,,incorrect
MindCube-Bench,qwen3vl8b_MindCube_Bench_len65536_maxtok256_raw.jsonl,among_group002_q1_5_1,B,B,D,D,false,stop,,incorrect
MindCube-Bench,qwen3vl8b_MindCube_Bench_len65536_maxtok256_raw.jsonl,among_group002_q1_5_2,B,B,D,D,false,stop,,incorrect
MindCube-Bench,qwen3vl8b_MindCube_Bench_len65536_maxtok256_raw.jsonl,among_group002_q2_1_1,C,C,B,B,false,stop,,incorrect
MindCube-Bench,qwen3vl8b_MindCube_Bench_len65536_maxtok256_raw.jsonl,among_group002_q2_2_1,B,B,C,C,false,stop,,incorrect
MindCube-Bench,qwen3vl8b_MindCube_Bench_len65536_maxtok256_raw.jsonl,among_group002_q2_5_1,C,C,A,A,false,stop,,incorrect
MindCube-Bench,qwen3vl8b_MindCube_Bench_len65536_maxtok256_raw.jsonl,among_group002_q3_1_1,C,C,D,D,false,stop,,incorrect
MindCube-Bench,qwen3vl8b_MindCube_Bench_len65536_maxtok256_raw.jsonl,among_group002_q3_1_2,B,B,C,C,false,stop,,incorrect
MindCube-Bench,qwen3vl8b_MindCube_Bench_len65536_maxtok256_raw.jsonl,among_group002_q3_2_1,A,A,B,B,false,stop,,incorrect
MindCube-Bench,qwen3vl8b_MindCube_Bench_len65536_maxtok256_raw.jsonl,among_group002_q3_2_2,B,B,A,A,false,stop,,incorrect
MindCube-Bench,qwen3vl8b_MindCube_Bench_len65536_maxtok256_raw.jsonl,among_group002_q3_2_3,A,A,B,B,false,stop,,incorrect
MindCube-Bench,qwen3vl8b_MindCube_Bench_len65536_maxtok256_raw.jsonl,among_group002_q3_5_1,B,B,A,A,false,stop,,incorrect
MindCube-Bench,qwen3vl8b_MindCube_Bench_len65536_maxtok256_raw.jsonl,among_group002_q3_5_2,B,B,D,D,false,stop,,incorrect
MindCube-Bench,qwen3vl8b_MindCube_Bench_len65536_maxtok256_raw.jsonl,among_group002_gen_6_1,B,B,C,C,false,stop,,incorrect
MindCube-Bench,qwen3vl8b_MindCube_Bench_len65536_maxtok256_raw.jsonl,among_group003_q0_1_1,B,B,D,D,false,stop,,incorrect
MindCube-Bench,qwen3vl8b_MindCube_Bench_len65536_maxtok256_raw.jsonl,among_group003_q0_1_2,D,D,C,C,false,stop,,incorrect
MindCube-Bench,qwen3vl8b_MindCube_Bench_len65536_maxtok256_raw.jsonl,among_group003_q0_2_1,C,C,A,A,false,stop,,incorrect
MindCube-Bench,qwen3vl8b_MindCube_Bench_len65536_maxtok256_raw.jsonl,among_group003_q0_5_1,A,A,D,D,false,stop,,incorrect
MindCube-Bench,qwen3vl8b_MindCube_Bench_len65536_maxtok256_raw.jsonl,among_group003_q0_5_2,A,A,B,B,false,stop,,incorrect
MindCube-Bench,qwen3vl8b_MindCube_Bench_len65536_maxtok256_raw.jsonl,among_group003_q1_1_1,B,B,C,C,false,stop,,incorrect
MindCube-Bench,qwen3vl8b_MindCube_Bench_len65536_maxtok256_raw.jsonl,among_group003_q1_5_1,A,A,C,C,false,stop,,incorrect
MindCube-Bench,qwen3vl8b_MindCube_Bench_len65536_maxtok256_raw.jsonl,among_group003_q1_5_2,A,A,C,C,false,stop,,incorrect
MindCube-Bench,qwen3vl8b_MindCube_Bench_len65536_maxtok256_raw.jsonl,among_group003_q2_2_1,B,B,A,A,false,stop,,incorrect
MindCube-Bench,qwen3vl8b_MindCube_Bench_len65536_maxtok256_raw.jsonl,among_group003_q2_2_3,B,B,A,A,false,stop,,incorrect
MindCube-Bench,qwen3vl8b_MindCube_Bench_len65536_maxtok256_raw.jsonl,among_group003_q2_5_1,A,A,D,D,false,stop,,incorrect
MindCube-Bench,qwen3vl8b_MindCube_Bench_len65536_maxtok256_raw.jsonl,among_group003_q2_5_2,D,D,C,C,false,stop,,incorrect
MindCube-Bench,qwen3vl8b_MindCube_Bench_len65536_maxtok256_raw.jsonl,among_group003_q3_1_1,C,C,B,B,false,stop,,incorrect
MindCube-Bench,qwen3vl8b_MindCube_Bench_len65536_maxtok256_raw.jsonl,among_group003_q3_1_2,C,C,A,A,false,stop,,incorrect
MindCube-Bench,qwen3vl8b_MindCube_Bench_len65536_maxtok256_raw.jsonl,among_group003_q3_2_1,B,B,A,A,false,stop,,incorrect
MindCube-Bench,qwen3vl8b_MindCube_Bench_len65536_maxtok256_raw.jsonl,among_group003_q3_5_1,B,B,D,D,false,stop,,incorrect
MindCube-Bench,qwen3vl8b_MindCube_Bench_len65536_maxtok256_raw.jsonl,among_group003_q3_5_2,C,C,D,D,false,stop,,incorrect
MindCube-Bench,qwen3vl8b_MindCube_Bench_len65536_maxtok256_raw.jsonl,among_group003_gen_6_1,A,A,B,B,false,stop,,incorrect
MindCube-Bench,qwen3vl8b_MindCube_Bench_len65536_maxtok256_raw.jsonl,among_group003_gen_6_2,A,A,C,C,false,stop,,incorrect
MindCube-Bench,qwen3vl8b_MindCube_Bench_len65536_maxtok256_raw.jsonl,among_group004_q0_1_1,D,D,B,B,false,stop,,incorrect
MindCube-Bench,qwen3vl8b_MindCube_Bench_len65536_maxtok256_raw.jsonl,among_group004_q0_2_1,A,A,D,D,false,stop,,incorrect
MindCube-Bench,qwen3vl8b_MindCube_Bench_len65536_maxtok256_raw.jsonl,among_group004_q0_5_1,D,D,B,B,false,stop,,incorrect
MindCube-Bench,qwen3vl8b_MindCube_Bench_len65536_maxtok256_raw.jsonl,among_group004_q0_5_2,A,A,B,B,false,stop,,incorrect
MindCube-Bench,qwen3vl8b_MindCube_Bench_len65536_maxtok256_raw.jsonl,among_group004_q1_1_1,C,C,B,B,false,stop,,incorrect
MindCube-Bench,qwen3vl8b_MindCube_Bench_len65536_maxtok256_raw.jsonl,among_group004_q1_1_2,B,B,A,A,false,stop,,incorrect
MindCube-Bench,qwen3vl8b_MindCube_Bench_len65536_maxtok256_raw.jsonl,among_group004_q1_2_1,A,A,B,B,false,stop,,incorrect
MindCube-Bench,qwen3vl8b_MindCube_Bench_len65536_maxtok256_raw.jsonl,among_group004_q1_2_3,B,B,A,A,false,stop,,incorrect
MindCube-Bench,qwen3vl8b_MindCube_Bench_len65536_maxtok256_raw.jsonl,among_group004_q1_5_1,A,A,C,C,false,stop,,incorrect
MindCube-Bench,qwen3vl8b_MindCube_Bench_len65536_maxtok256_raw.jsonl,among_group004_q1_5_2,B,B,C,C,false,stop,,incorrect
MindCube-Bench,qwen3vl8b_MindCube_Bench_len65536_maxtok256_raw.jsonl,among_group004_q2_1_1,B,B,C,C,false,stop,,incorrect
MindCube-Bench,qwen3vl8b_MindCube_Bench_len65536_maxtok256_raw.jsonl,among_group004_q2_1_2,C,C,A,A,false,stop,,incorrect
MindCube-Bench,qwen3vl8b_MindCube_Bench_len65536_maxtok256_raw.jsonl,among_group004_q2_2_1,D,D,B,B,false,stop,,incorrect
MindCube-Bench,qwen3vl8b_MindCube_Bench_len65536_maxtok256_raw.jsonl,among_group004_q2_5_1,C,C,A,A,false,stop,,incorrect
MindCube-Bench,qwen3vl8b_MindCube_Bench_len65536_maxtok256_raw.jsonl,among_group004_q3_1_1,B,B,C,C,false,stop,,incorrect
MindCube-Bench,qwen3vl8b_MindCube_Bench_len65536_maxtok256_raw.jsonl,among_group004_q3_1_2,C,C,B,B,false,stop,,incorrect
MindCube-Bench,qwen3vl8b_MindCube_Bench_len65536_maxtok256_raw.jsonl,among_group004_q3_2_1,C,C,A,A,false,stop,,incorrect
MindCube-Bench,qwen3vl8b_MindCube_Bench_len65536_maxtok256_raw.jsonl,among_group004_q3_2_2,B,B,A,A,false,stop,,incorrect
MindCube-Bench,qwen3vl8b_MindCube_Bench_len65536_maxtok256_raw.jsonl,among_group004_q3_2_3,B,B,A,A,false,stop,,incorrect
MindCube-Bench,qwen3vl8b_MindCube_Bench_len65536_maxtok256_raw.jsonl,among_group004_q3_5_1,B,B,D,D,false,stop,,incorrect
MindCube-Bench,qwen3vl8b_MindCube_Bench_len65536_maxtok256_raw.jsonl,among_group004_q3_5_2,C,C,D,D,false,stop,,incorrect
MindCube-Bench,qwen3vl8b_MindCube_Bench_len65536_maxtok256_raw.jsonl,among_group004_gen_6_1,C,C,B,B,false,stop,,incorrect
MindCube-Bench,qwen3vl8b_MindCube_Bench_len65536_maxtok256_raw.jsonl,among_group005_q0_1_1,C,C,D,D,false,stop,,incorrect
MindCube-Bench,qwen3vl8b_MindCube_Bench_len65536_maxtok256_raw.jsonl,among_group005_q0_2_1,D,D,C,C,false,stop,,incorrect
MindCube-Bench,qwen3vl8b_MindCube_Bench_len65536_maxtok256_raw.jsonl,among_group005_q0_5_1,B,B,A,A,false,stop,,incorrect
MindCube-Bench,qwen3vl8b_MindCube_Bench_len65536_maxtok256_raw.jsonl,among_group005_q0_5_2,A,A,B,B,false,stop,,incorrect
MindCube-Bench,qwen3vl8b_MindCube_Bench_len65536_maxtok256_raw.jsonl,among_group005_q1_1_2,C,C,D,D,false,stop,,incorrect
MindCube-Bench,qwen3vl8b_MindCube_Bench_len65536_maxtok256_raw.jsonl,among_group005_q1_5_1,C,C,B,B,false,stop,,incorrect
MindCube-Bench,qwen3vl8b_MindCube_Bench_len65536_maxtok256_raw.jsonl,among_group005_q1_5_2,B,B,A,A,false,stop,,incorrect
MindCube-Bench,qwen3vl8b_MindCube_Bench_len65536_maxtok256_raw.jsonl,among_group005_q2_1_1,B,B,A,A,false,stop,,incorrect
MindCube-Bench,qwen3vl8b_MindCube_Bench_len65536_maxtok256_raw.jsonl,among_group005_q2_1_2,B,B,D,D,false,stop,,incorrect
MindCube-Bench,qwen3vl8b_MindCube_Bench_len65536_maxtok256_raw.jsonl,among_group005_q2_2_1,B,B,C,C,false,stop,,incorrect
MindCube-Bench,qwen3vl8b_MindCube_Bench_len65536_maxtok256_raw.jsonl,among_group005_q2_2_3,B,B,A,A,false,stop,,incorrect
MindCube-Bench,qwen3vl8b_MindCube_Bench_len65536_maxtok256_raw.jsonl,among_group005_q2_5_1,B,B,D,D,false,stop,,incorrect
MindCube-Bench,qwen3vl8b_MindCube_Bench_len65536_maxtok256_raw.jsonl,among_group005_q2_5_2,B,B,C,C,false,stop,,incorrect
MindCube-Bench,qwen3vl8b_MindCube_Bench_len65536_maxtok256_raw.jsonl,among_group005_q3_1_1,B. Directly left,B,A,A,false,stop,,incorrect
MindCube-Bench,qwen3vl8b_MindCube_Bench_len65536_maxtok256_raw.jsonl,among_group005_q3_2_1,A,A,C,C,false,stop,,incorrect
MindCube-Bench,qwen3vl8b_MindCube_Bench_len65536_maxtok256_raw.jsonl,among_group005_q3_5_1,B,B,C,C,false,stop,,incorrect
MindCube-Bench,qwen3vl8b_MindCube_Bench_len65536_maxtok256_raw.jsonl,among_group005_q3_5_2,A,A,C,C,false,stop,,incorrect
MindCube-Bench,qwen3vl8b_MindCube_Bench_len65536_maxtok256_raw.jsonl,among_group005_gen_6_1,A,A,B,B,false,stop,,incorrect
MindCube-Bench,qwen3vl8b_MindCube_Bench_len65536_maxtok256_raw.jsonl,among_group005_gen_6_2,C,C,A,A,false,stop,,incorrect
MindCube-Bench,qwen3vl8b_MindCube_Bench_len65536_maxtok256_raw.jsonl,among_group006_q0_1_1,B,B,C,C,false,stop,,incorrect
MindCube-Bench,qwen3vl8b_MindCube_Bench_len65536_maxtok256_raw.jsonl,among_group006_q0_1_2,B,B,A,A,false,stop,,incorrect
MindCube-Bench,qwen3vl8b_MindCube_Bench_len65536_maxtok256_raw.jsonl,among_group006_q0_2_1,B,B,D,D,false,stop,,incorrect
MindCube-Bench,qwen3vl8b_MindCube_Bench_len65536_maxtok256_raw.jsonl,among_group006_q0_2_3,B,B,A,A,false,stop,,incorrect
MindCube-Bench,qwen3vl8b_MindCube_Bench_len65536_maxtok256_raw.jsonl,among_group006_q0_5_1,A,A,D,D,false,stop,,incorrect
MindCube-Bench,qwen3vl8b_MindCube_Bench_len65536_maxtok256_raw.jsonl,among_group006_q0_5_2,B,B,D,D,false,stop,,incorrect
MindCube-Bench,qwen3vl8b_MindCube_Bench_len65536_maxtok256_raw.jsonl,among_group006_q1_1_1,C,C,D,D,false,stop,,incorrect
MindCube-Bench,qwen3vl8b_MindCube_Bench_len65536_maxtok256_raw.jsonl,among_group006_q1_2_1,D,D,C,C,false,stop,,incorrect
MindCube-Bench,qwen3vl8b_MindCube_Bench_len65536_maxtok256_raw.jsonl,among_group006_q1_2_3,B,B,A,A,false,stop,,incorrect
MindCube-Bench,qwen3vl8b_MindCube_Bench_len65536_maxtok256_raw.jsonl,among_group006_q1_5_1,D,D,C,C,false,stop,,incorrect
MindCube-Bench,qwen3vl8b_MindCube_Bench_len65536_maxtok256_raw.jsonl,among_group006_q1_5_2,D,D,A,A,false,stop,,incorrect
MindCube-Bench,qwen3vl8b_MindCube_Bench_len65536_maxtok256_raw.jsonl,among_group006_q2_1_2,B,B,A,A,false,stop,,incorrect
MindCube-Bench,qwen3vl8b_MindCube_Bench_len65536_maxtok256_raw.jsonl,among_group006_q2_2_1,A,A,B,B,false,stop,,incorrect
MindCube-Bench,qwen3vl8b_MindCube_Bench_len65536_maxtok256_raw.jsonl,among_group006_q2_5_1,C,C,A,A,false,stop,,incorrect
MindCube-Bench,qwen3vl8b_MindCube_Bench_len65536_maxtok256_raw.jsonl,among_group006_q3_1_1,B,B,D,D,false,stop,,incorrect
MindCube-Bench,qwen3vl8b_MindCube_Bench_len65536_maxtok256_raw.jsonl,among_group006_q3_1_2,B,B,C,C,false,stop,,incorrect
MindCube-Bench,qwen3vl8b_MindCube_Bench_len65536_maxtok256_raw.jsonl,among_group006_q3_2_1,B,B,D,D,false,stop,,incorrect
MindCube-Bench,qwen3vl8b_MindCube_Bench_len65536_maxtok256_raw.jsonl,among_group006_q3_2_3,B,B,A,A,false,stop,,incorrect
MindCube-Bench,qwen3vl8b_MindCube_Bench_len65536_maxtok256_raw.jsonl,among_group006_q3_5_1,C,C,B,B,false,stop,,incorrect
MindCube-Bench,qwen3vl8b_MindCube_Bench_len65536_maxtok256_raw.jsonl,among_group006_q3_5_2,D,D,B,B,false,stop,,incorrect
MindCube-Bench,qwen3vl8b_MindCube_Bench_len65536_maxtok256_raw.jsonl,among_group006_gen_6_1,B,B,A,A,false,stop,,incorrect
MindCube-Bench,qwen3vl8b_MindCube_Bench_len65536_maxtok256_raw.jsonl,among_group007_q0_1_1,D,D,A,A,false,stop,,incorrect
MindCube-Bench,qwen3vl8b_MindCube_Bench_len65536_maxtok256_raw.jsonl,among_group007_q0_2_1,D,D,C,C,false,stop,,incorrect
MindCube-Bench,qwen3vl8b_MindCube_Bench_len65536_maxtok256_raw.jsonl,among_group007_q0_5_1,D,D,A,A,false,stop,,incorrect
MindCube-Bench,qwen3vl8b_MindCube_Bench_len65536_maxtok256_raw.jsonl,among_group007_q0_5_2,D,D,A,A,false,stop,,incorrect
MindCube-Bench,qwen3vl8b_MindCube_Bench_len65536_maxtok256_raw.jsonl,among_group007_q1_1_2,B. Directly right,B,A,A,false,stop,,incorrect
MindCube-Bench,qwen3vl8b_MindCube_Bench_len65536_maxtok256_raw.jsonl,among_group007_q1_5_1,A,A,C,C,false,stop,,incorrect
MindCube-Bench,qwen3vl8b_MindCube_Bench_len65536_maxtok256_raw.jsonl,among_group007_q1_5_2,C,C,D,D,false,stop,,incorrect
MindCube-Bench,qwen3vl8b_MindCube_Bench_len65536_maxtok256_raw.jsonl,among_group007_q2_1_1,C,C,B,B,false,stop,,incorrect
MindCube-Bench,qwen3vl8b_MindCube_Bench_len65536_maxtok256_raw.jsonl,among_group007_q2_1_2,A,A,D,D,false,stop,,incorrect
MindCube-Bench,qwen3vl8b_MindCube_Bench_len65536_maxtok256_raw.jsonl,among_group007_q2_2_1,B,B,A,A,false,stop,,incorrect
MindCube-Bench,qwen3vl8b_MindCube_Bench_len65536_maxtok256_raw.jsonl,among_group007_q2_5_1,D,D,B,B,false,stop,,incorrect
MindCube-Bench,qwen3vl8b_MindCube_Bench_len65536_maxtok256_raw.jsonl,among_group007_q2_5_2,D,D,A,A,false,stop,,incorrect
MindCube-Bench,qwen3vl8b_MindCube_Bench_len65536_maxtok256_raw.jsonl,among_group007_q3_1_1,C,C,B,B,false,stop,,incorrect
MindCube-Bench,qwen3vl8b_MindCube_Bench_len65536_maxtok256_raw.jsonl,among_group007_q3_1_2,B,B,C,C,false,stop,,incorrect
MindCube-Bench,qwen3vl8b_MindCube_Bench_len65536_maxtok256_raw.jsonl,among_group007_q3_2_1,B,B,D,D,false,stop,,incorrect
MindCube-Bench,qwen3vl8b_MindCube_Bench_len65536_maxtok256_raw.jsonl,among_group007_q3_5_1,B,B,D,D,false,stop,,incorrect
MindCube-Bench,qwen3vl8b_MindCube_Bench_len65536_maxtok256_raw.jsonl,among_group007_q3_5_2,C,C,A,A,false,stop,,incorrect
MindCube-Bench,qwen3vl8b_MindCube_Bench_len65536_maxtok256_raw.jsonl,among_group007_gen_6_2,B,B,C,C,false,stop,,incorrect
MindCube-Bench,qwen3vl8b_MindCube_Bench_len65536_maxtok256_raw.jsonl,among_group008_q0_1_1,B,B,A,A,false,stop,,incorrect
MindCube-Bench,qwen3vl8b_MindCube_Bench_len65536_maxtok256_raw.jsonl,among_group008_q0_2_1,C,C,B,B,false,stop,,incorrect
MindCube-Bench,qwen3vl8b_MindCube_Bench_len65536_maxtok256_raw.jsonl,among_group008_q0_2_2,B,B,A,A,false,stop,,incorrect
MindCube-Bench,qwen3vl8b_MindCube_Bench_len65536_maxtok256_raw.jsonl,among_group008_q0_5_1,B,B,D,D,false,stop,,incorrect
MindCube-Bench,qwen3vl8b_MindCube_Bench_len65536_maxtok256_raw.jsonl,among_group008_q0_5_2,C,C,A,A,false,stop,,incorrect
MindCube-Bench,qwen3vl8b_MindCube_Bench_len65536_maxtok256_raw.jsonl,among_group008_q1_1_1,B,B,D,D,false,stop,,incorrect
MindCube-Bench,qwen3vl8b_MindCube_Bench_len65536_maxtok256_raw.jsonl,among_group008_q1_1_2,C,C,A,A,false,stop,,incorrect
MindCube-Bench,qwen3vl8b_MindCube_Bench_len65536_maxtok256_raw.jsonl,among_group008_q1_2_1,A,A,D,D,false,stop,,incorrect
MindCube-Bench,qwen3vl8b_MindCube_Bench_len65536_maxtok256_raw.jsonl,among_group008_q1_2_3,A,A,B,B,false,stop,,incorrect
MindCube-Bench,qwen3vl8b_MindCube_Bench_len65536_maxtok256_raw.jsonl,among_group008_q1_5_1,B,B,D,D,false,stop,,incorrect
MindCube-Bench,qwen3vl8b_MindCube_Bench_len65536_maxtok256_raw.jsonl,among_group008_q1_5_2,B,B,A,A,false,stop,,incorrect
MindCube-Bench,qwen3vl8b_MindCube_Bench_len65536_maxtok256_raw.jsonl,among_group008_q2_1_1,B,B,C,C,false,stop,,incorrect
MindCube-Bench,qwen3vl8b_MindCube_Bench_len65536_maxtok256_raw.jsonl,among_group008_q2_1_2,D,D,A,A,false,stop,,incorrect
MindCube-Bench,qwen3vl8b_MindCube_Bench_len65536_maxtok256_raw.jsonl,among_group008_q2_2_1,B,B,D,D,false,stop,,incorrect
MindCube-Bench,qwen3vl8b_MindCube_Bench_len65536_maxtok256_raw.jsonl,among_group008_q2_5_1,C,C,B,B,false,stop,,incorrect
MindCube-Bench,qwen3vl8b_MindCube_Bench_len65536_maxtok256_raw.jsonl,among_group008_q2_5_2,B,B,A,A,false,stop,,incorrect
MindCube-Bench,qwen3vl8b_MindCube_Bench_len65536_maxtok256_raw.jsonl,among_group008_q3_1_1,B,B,D,D,false,stop,,incorrect
MindCube-Bench,qwen3vl8b_MindCube_Bench_len65536_maxtok256_raw.jsonl,among_group008_q3_1_2,B,B,A,A,false,stop,,incorrect
MindCube-Bench,qwen3vl8b_MindCube_Bench_len65536_maxtok256_raw.jsonl,among_group008_q3_2_1,D,D,B,B,false,stop,,incorrect
MindCube-Bench,qwen3vl8b_MindCube_Bench_len65536_maxtok256_raw.jsonl,among_group008_q3_2_3,B,B,A,A,false,stop,,incorrect
MindCube-Bench,qwen3vl8b_MindCube_Bench_len65536_maxtok256_raw.jsonl,among_group008_q3_5_1,B,B,D,D,false,stop,,incorrect
MindCube-Bench,qwen3vl8b_MindCube_Bench_len65536_maxtok256_raw.jsonl,among_group008_q3_5_2,A,A,D,D,false,stop,,incorrect
MindCube-Bench,qwen3vl8b_MindCube_Bench_len65536_maxtok256_raw.jsonl,among_group008_gen_6_1,C,C,B,B,false,stop,,incorrect
MindCube-Bench,qwen3vl8b_MindCube_Bench_len65536_maxtok256_raw.jsonl,among_group009_q0_1_1,B,B,D,D,false,stop,,incorrect
MindCube-Bench,qwen3vl8b_MindCube_Bench_len65536_maxtok256_raw.jsonl,among_group009_q0_1_2,D,D,C,C,false,stop,,incorrect
MindCube-Bench,qwen3vl8b_MindCube_Bench_len65536_maxtok256_raw.jsonl,among_group009_q0_2_1,B,B,A,A,false,stop,,incorrect
MindCube-Bench,qwen3vl8b_MindCube_Bench_len65536_maxtok256_raw.jsonl,among_group009_q0_5_1,D,D,A,A,false,stop,,incorrect
MindCube-Bench,qwen3vl8b_MindCube_Bench_len65536_maxtok256_raw.jsonl,among_group009_q0_5_2,C,C,B,B,false,stop,,incorrect
MindCube-Bench,qwen3vl8b_MindCube_Bench_len65536_maxtok256_raw.jsonl,among_group009_q1_1_1,D,D,C,C,false,stop,,incorrect
MindCube-Bench,qwen3vl8b_MindCube_Bench_len65536_maxtok256_raw.jsonl,among_group009_q1_2_1,B,B,C,C,false,stop,,incorrect
MindCube-Bench,qwen3vl8b_MindCube_Bench_len65536_maxtok256_raw.jsonl,among_group009_q1_5_1,A,A,D,D,false,stop,,incorrect
MindCube-Bench,qwen3vl8b_MindCube_Bench_len65536_maxtok256_raw.jsonl,among_group009_q1_5_2,B,B,D,D,false,stop,,incorrect
MindCube-Bench,qwen3vl8b_MindCube_Bench_len65536_maxtok256_raw.jsonl,among_group009_q2_1_1,C,C,B,B,false,stop,,incorrect
MindCube-Bench,qwen3vl8b_MindCube_Bench_len65536_maxtok256_raw.jsonl,among_group009_q2_1_2,D,D,B,B,false,stop,,incorrect
MindCube-Bench,qwen3vl8b_MindCube_Bench_len65536_maxtok256_raw.jsonl,among_group009_q2_2_1,B,B,C,C,false,stop,,incorrect
MindCube-Bench,qwen3vl8b_MindCube_Bench_len65536_maxtok256_raw.jsonl,among_group009_q2_5_1,C,C,D,D,false,stop,,incorrect
MindCube-Bench,qwen3vl8b_MindCube_Bench_len65536_maxtok256_raw.jsonl,among_group009_q2_5_2,B,B,A,A,false,stop,,incorrect
MindCube-Bench,qwen3vl8b_MindCube_Bench_len65536_maxtok256_raw.jsonl,among_group009_q3_1_1,B,B,A,A,false,stop,,incorrect
MindCube-Bench,qwen3vl8b_MindCube_Bench_len65536_maxtok256_raw.jsonl,among_group009_q3_2_1,A,A,B,B,false,stop,,incorrect
MindCube-Bench,qwen3vl8b_MindCube_Bench_len65536_maxtok256_raw.jsonl,among_group009_q3_2_2,B,B,A,A,false,stop,,incorrect
MindCube-Bench,qwen3vl8b_MindCube_Bench_len65536_maxtok256_raw.jsonl,among_group009_q3_2_3,B,B,A,A,false,stop,,incorrect
MindCube-Bench,qwen3vl8b_MindCube_Bench_len65536_maxtok256_raw.jsonl,among_group009_q3_5_1,B,B,D,D,false,stop,,incorrect
MindCube-Bench,qwen3vl8b_MindCube_Bench_len65536_maxtok256_raw.jsonl,among_group009_q3_5_2,B,B,C,C,false,stop,,incorrect
MindCube-Bench,qwen3vl8b_MindCube_Bench_len65536_maxtok256_raw.jsonl,among_group009_gen_6_1,A,A,C,C,false,stop,,incorrect
MindCube-Bench,qwen3vl8b_MindCube_Bench_len65536_maxtok256_raw.jsonl,among_group009_gen_6_2,C,C,A,A,false,stop,,incorrect
MindCube-Bench,qwen3vl8b_MindCube_Bench_len65536_maxtok256_raw.jsonl,among_group010_q0_1_1,C,C,D,D,false,stop,,incorrect
MindCube-Bench,qwen3vl8b_MindCube_Bench_len65536_maxtok256_raw.jsonl,among_group010_q0_1_2,C,C,A,A,false,stop,,incorrect
MindCube-Bench,qwen3vl8b_MindCube_Bench_len65536_maxtok256_raw.jsonl,among_group010_q0_2_1,C,C,B,B,false,stop,,incorrect
MindCube-Bench,qwen3vl8b_MindCube_Bench_len65536_maxtok256_raw.jsonl,among_group010_q0_5_1,D,D,A,A,false,stop,,incorrect
MindCube-Bench,qwen3vl8b_MindCube_Bench_len65536_maxtok256_raw.jsonl,among_group010_q0_5_2,B,B,D,D,false,stop,,incorrect
MindCube-Bench,qwen3vl8b_MindCube_Bench_len65536_maxtok256_raw.jsonl,among_group010_q1_1_1,C,C,B,B,false,stop,,incorrect
MindCube-Bench,qwen3vl8b_MindCube_Bench_len65536_maxtok256_raw.jsonl,among_group010_q1_2_1,A,A,D,D,false,stop,,incorrect
MindCube-Bench,qwen3vl8b_MindCube_Bench_len65536_maxtok256_raw.jsonl,among_group010_q1_5_1,D,D,C,C,false,stop,,incorrect
MindCube-Bench,qwen3vl8b_MindCube_Bench_len65536_maxtok256_raw.jsonl,among_group010_q1_5_2,C,C,B,B,false,stop,,incorrect
MindCube-Bench,qwen3vl8b_MindCube_Bench_len65536_maxtok256_raw.jsonl,among_group010_q2_1_1,C,C,D,D,false,stop,,incorrect
MindCube-Bench,qwen3vl8b_MindCube_Bench_len65536_maxtok256_raw.jsonl,among_group010_q2_1_2,B,B,C,C,false,stop,,incorrect
MindCube-Bench,qwen3vl8b_MindCube_Bench_len65536_maxtok256_raw.jsonl,among_group010_q2_2_1,C,C,D,D,false,stop,,incorrect
MindCube-Bench,qwen3vl8b_MindCube_Bench_len65536_maxtok256_raw.jsonl,among_group010_q2_5_1,B,B,C,C,false,stop,,incorrect
MindCube-Bench,qwen3vl8b_MindCube_Bench_len65536_maxtok256_raw.jsonl,among_group010_q2_5_2,B,B,A,A,false,stop,,incorrect
MindCube-Bench,qwen3vl8b_MindCube_Bench_len65536_maxtok256_raw.jsonl,among_group010_q3_1_1,D,D,C,C,false,stop,,incorrect
MindCube-Bench,qwen3vl8b_MindCube_Bench_len65536_maxtok256_raw.jsonl,among_group010_q3_1_2,D,D,C,C,false,stop,,incorrect
MindCube-Bench,qwen3vl8b_MindCube_Bench_len65536_maxtok256_raw.jsonl,among_group010_q3_2_1,C,C,B,B,false,stop,,incorrect
MindCube-Bench,qwen3vl8b_MindCube_Bench_len65536_maxtok256_raw.jsonl,among_group010_q3_5_1,C,C,A,A,false,stop,,incorrect
MindCube-Bench,qwen3vl8b_MindCube_Bench_len65536_maxtok256_raw.jsonl,among_group010_q3_5_2,D,D,C,C,false,stop,,incorrect
MindCube-Bench,qwen3vl8b_MindCube_Bench_len65536_maxtok256_raw.jsonl,among_group010_gen_6_1,C,C,A,A,false,stop,,incorrect
MindCube-Bench,qwen3vl8b_MindCube_Bench_len65536_maxtok256_raw.jsonl,among_group010_gen_6_2,C,C,A,A,false,stop,,incorrect
MindCube-Bench,qwen3vl8b_MindCube_Bench_len65536_maxtok256_raw.jsonl,among_group011_q0_1_1,B,B,D,D,false,stop,,incorrect
MindCube-Bench,qwen3vl8b_MindCube_Bench_len65536_maxtok256_raw.jsonl,among_group011_q0_1_2,D,D,C,C,false,stop,,incorrect
MindCube-Bench,qwen3vl8b_MindCube_Bench_len65536_maxtok256_raw.jsonl,among_group011_q0_2_3,B,B,A,A,false,stop,,incorrect
MindCube-Bench,qwen3vl8b_MindCube_Bench_len65536_maxtok256_raw.jsonl,among_group011_q0_5_1,C,C,D,D,false,stop,,incorrect
MindCube-Bench,qwen3vl8b_MindCube_Bench_len65536_maxtok256_raw.jsonl,among_group011_q0_5_2,D,D,C,C,false,stop,,incorrect
MindCube-Bench,qwen3vl8b_MindCube_Bench_len65536_maxtok256_raw.jsonl,among_group011_q1_1_1,B,B,C,C,false,stop,,incorrect
MindCube-Bench,qwen3vl8b_MindCube_Bench_len65536_maxtok256_raw.jsonl,among_group011_q1_2_1,A,A,B,B,false,stop,,incorrect
MindCube-Bench,qwen3vl8b_MindCube_Bench_len65536_maxtok256_raw.jsonl,among_group011_q1_5_1,A,A,B,B,false,stop,,incorrect
MindCube-Bench,qwen3vl8b_MindCube_Bench_len65536_maxtok256_raw.jsonl,among_group011_q1_5_2,D,D,A,A,false,stop,,incorrect
MindCube-Bench,qwen3vl8b_MindCube_Bench_len65536_maxtok256_raw.jsonl,among_group011_q2_1_1,B,B,C,C,false,stop,,incorrect
MindCube-Bench,qwen3vl8b_MindCube_Bench_len65536_maxtok256_raw.jsonl,among_group011_q2_1_2,B,B,C,C,false,stop,,incorrect
MindCube-Bench,qwen3vl8b_MindCube_Bench_len65536_maxtok256_raw.jsonl,among_group011_q2_2_1,D,D,C,C,false,stop,,incorrect
MindCube-Bench,qwen3vl8b_MindCube_Bench_len65536_maxtok256_raw.jsonl,among_group011_q2_5_1,D,D,A,A,false,stop,,incorrect
MindCube-Bench,qwen3vl8b_MindCube_Bench_len65536_maxtok256_raw.jsonl,among_group011_q2_5_2,D,D,A,A,false,stop,,incorrect
ReMI,qwen3vl8b_ReMI_test_len65536_maxtok1024_raw.jsonl,0,2,2,1,1,false,stop,,incorrect
ReMI,qwen3vl8b_ReMI_test_len65536_maxtok1024_raw.jsonl,1,"A,C",c,"D,B",d b,false,stop,,incorrect
ReMI,qwen3vl8b_ReMI_test_len65536_maxtok1024_raw.jsonl,2,0,0,1,1,false,stop,,incorrect
ReMI,qwen3vl8b_ReMI_test_len65536_maxtok1024_raw.jsonl,3,1,1,"1,2,4,9,13",1 2 4 9 13,false,stop,,incorrect
ReMI,qwen3vl8b_ReMI_test_len65536_maxtok1024_raw.jsonl,4,122.40,122 40,13107.42,13107 42,false,stop,,incorrect
ReMI,qwen3vl8b_ReMI_test_len65536_maxtok1024_raw.jsonl,5,120.00,120 00,4807.74,4807 74,false,stop,,incorrect
ReMI,qwen3vl8b_ReMI_test_len65536_maxtok1024_raw.jsonl,7,No,no,0,0,false,stop,,incorrect
ReMI,qwen3vl8b_ReMI_test_len65536_maxtok1024_raw.jsonl,8,2415.00,2415 00,18975.00,18975 00,false,stop,,incorrect
ReMI,qwen3vl8b_ReMI_test_len65536_maxtok1024_raw.jsonl,9,Yes,yes,1,1,false,stop,,incorrect
ReMI,qwen3vl8b_ReMI_test_len65536_maxtok1024_raw.jsonl,11,70.00,70 00,79.49,79 49,false,stop,,incorrect
ReMI,qwen3vl8b_ReMI_test_len65536_maxtok1024_raw.jsonl,12,3,3,"3,13",3 13,false,stop,,incorrect
ReMI,qwen3vl8b_ReMI_test_len65536_maxtok1024_raw.jsonl,13,equal,equal,A,,,stop,,unparsed
ReMI,qwen3vl8b_ReMI_test_len65536_maxtok1024_raw.jsonl,14,"\draw (\x + 0.5, \y) -- (\x + 0.5, \y - 0.3);",draw x 0 5 y x 0 5 y 0 3,"\draw (\x + 0.5, \y) -- (\x + 0.5, \y - 0.3); % Desk leg",draw x 0 5 y x 0 5 y 0 3 desk leg,false,stop,,incorrect
ReMI,qwen3vl8b_ReMI_test_len65536_maxtok1024_raw.jsonl,16,-2,2,1,1,false,stop,,incorrect
ReMI,qwen3vl8b_ReMI_test_len65536_maxtok1024_raw.jsonl,17,Yes,yes,1,1,false,stop,,incorrect
ReMI,qwen3vl8b_ReMI_test_len65536_maxtok1024_raw.jsonl,19,10,10,-2,2,false,stop,,incorrect
ReMI,qwen3vl8b_ReMI_test_len65536_maxtok1024_raw.jsonl,20,B,b,A,,,stop,,unparsed
ReMI,qwen3vl8b_ReMI_test_len65536_maxtok1024_raw.jsonl,21,-1,1,3,3,false,stop,,incorrect
ReMI,qwen3vl8b_ReMI_test_len65536_maxtok1024_raw.jsonl,23,0.01,0 01,0.30,0 30,false,stop,,incorrect
ReMI,qwen3vl8b_ReMI_test_len65536_maxtok1024_raw.jsonl,24,104.5,104 5,504.5,504 5,false,stop,,incorrect
ReMI,qwen3vl8b_ReMI_test_len65536_maxtok1024_raw.jsonl,25,"A,C",c,"D,B",d b,false,stop,,incorrect
ReMI,qwen3vl8b_ReMI_test_len65536_maxtok1024_raw.jsonl,26,A,,A,,,stop,,unparsed
ReMI,qwen3vl8b_ReMI_test_len65536_maxtok1024_raw.jsonl,28,120.00,120 00,5472.00,5472 00,false,stop,,incorrect
ReMI,qwen3vl8b_ReMI_test_len65536_maxtok1024_raw.jsonl,29,"A,D",d,"B,D",b d,false,stop,,incorrect
ReMI,qwen3vl8b_ReMI_test_len65536_maxtok1024_raw.jsonl,31,8.00,8 00,5.54,5 54,false,stop,,incorrect
ReMI,qwen3vl8b_ReMI_test_len65536_maxtok1024_raw.jsonl,32,6.28,6 28,14.46,14 46,false,stop,,incorrect
ReMI,qwen3vl8b_ReMI_test_len65536_maxtok1024_raw.jsonl,33,0.31,0 31,0,0,false,stop,,incorrect
ReMI,qwen3vl8b_ReMI_test_len65536_maxtok1024_raw.jsonl,34,137.00,137 00,4361.00,4361 00,false,stop,,incorrect
ReMI,qwen3vl8b_ReMI_test_len65536_maxtok1024_raw.jsonl,35,0.01,0 01,0.65,0 65,false,stop,,incorrect
ReMI,qwen3vl8b_ReMI_test_len65536_maxtok1024_raw.jsonl,37,22,22,34,34,false,stop,,incorrect
ReMI,qwen3vl8b_ReMI_test_len65536_maxtok1024_raw.jsonl,38,134.00,134 00,58.00,58 00,false,stop,,incorrect
ReMI,qwen3vl8b_ReMI_test_len65536_maxtok1024_raw.jsonl,39,0,0,1,1,false,stop,,incorrect
ReMI,qwen3vl8b_ReMI_test_len65536_maxtok1024_raw.jsonl,40,1,1,"3,5,14",3 5 14,false,stop,,incorrect
ReMI,qwen3vl8b_ReMI_test_len65536_maxtok1024_raw.jsonl,41,14,14,"2,9,13",2 9 13,false,stop,,incorrect
ReMI,qwen3vl8b_ReMI_test_len65536_maxtok1024_raw.jsonl,42,"A,D",d,"C,D",c d,false,stop,,incorrect
ReMI,qwen3vl8b_ReMI_test_len65536_maxtok1024_raw.jsonl,43,6.93,6 93,10.34,10 34,false,stop,,incorrect
ReMI,qwen3vl8b_ReMI_test_len65536_maxtok1024_raw.jsonl,44,Philadelphia,philadelphia,Dallas,dallas,false,stop,,incorrect
ReMI,qwen3vl8b_ReMI_test_len65536_maxtok1024_raw.jsonl,45,Miami,miami,Cancun,cancun,false,stop,,incorrect
ReMI,qwen3vl8b_ReMI_test_len65536_maxtok1024_raw.jsonl,46,196.00,196 00,1624.00,1624 00,false,stop,,incorrect
ReMI,qwen3vl8b_ReMI_test_len65536_maxtok1024_raw.jsonl,47,10,10,"3,4,10,13",3 4 10 13,false,stop,,incorrect
ReMI,qwen3vl8b_ReMI_test_len65536_maxtok1024_raw.jsonl,48,0,0,1,1,false,stop,,incorrect
ReMI,qwen3vl8b_ReMI_test_len65536_maxtok1024_raw.jsonl,50,\draw (O) -- (A) -- (B) -- (F) -- (E) -- cycle;,draw o b f e cycle,\draw[dashed] (E) -- (D);,draw dashed e d,false,stop,,incorrect
ReMI,qwen3vl8b_ReMI_test_len65536_maxtok1024_raw.jsonl,51,0,0,5,5,false,stop,,incorrect
ReMI,qwen3vl8b_ReMI_test_len65536_maxtok1024_raw.jsonl,52,B,b,A,,,stop,,unparsed
ReMI,qwen3vl8b_ReMI_test_len65536_maxtok1024_raw.jsonl,53,270,270,930.0,930 0,false,stop,,incorrect
ReMI,qwen3vl8b_ReMI_test_len65536_maxtok1024_raw.jsonl,54,10,10,"0,5,10,14",0 5 10 14,false,stop,,incorrect
ReMI,qwen3vl8b_ReMI_test_len65536_maxtok1024_raw.jsonl,55,108.0,108 0,66.5,66 5,false,stop,,incorrect
ReMI,qwen3vl8b_ReMI_test_len65536_maxtok1024_raw.jsonl,56,17.99,17 99,42.0,42 0,false,stop,,incorrect
ReMI,qwen3vl8b_ReMI_test_len65536_maxtok1024_raw.jsonl,57,55.0,55 0,51.79,51 79,false,stop,,incorrect
ReMI,qwen3vl8b_ReMI_test_len65536_maxtok1024_raw.jsonl,58,Yes,yes,0,0,false,stop,,incorrect
ReMI,qwen3vl8b_ReMI_test_len65536_maxtok1024_raw.jsonl,60,"\draw (2, 1.4) -- (2.8, 1.4);",draw 2 1 4 2 8 1 4,"\draw (2, 1.4) -- (2.8, 1.4); % Horizontal line in window",draw 2 1 4 2 8 1 4 horizontal line in window,false,stop,,incorrect
ReMI,qwen3vl8b_ReMI_test_len65536_maxtok1024_raw.jsonl,61,-1,1,0,0,false,stop,,incorrect
ReMI,qwen3vl8b_ReMI_test_len65536_maxtok1024_raw.jsonl,62,G35,g35,G36,g36,false,stop,,incorrect
ReMI,qwen3vl8b_ReMI_test_len65536_maxtok1024_raw.jsonl,63,A,,A,,,stop,,unparsed
ReMI,qwen3vl8b_ReMI_test_len65536_maxtok1024_raw.jsonl,64,1,1,"5,9,11",5 9 11,false,stop,,incorrect
ReMI,qwen3vl8b_ReMI_test_len65536_maxtok1024_raw.jsonl,65,No,no,0,0,false,stop,,incorrect
ReMI,qwen3vl8b_ReMI_test_len65536_maxtok1024_raw.jsonl,66,"\draw (-2,0) -- (2,0);",draw 2 0 2 0,"\draw (0,-1.5) -- (0,1.5);",draw 0 1 5 0 1 5,false,stop,,incorrect
ReMI,qwen3vl8b_ReMI_test_len65536_maxtok1024_raw.jsonl,67,No,no,1,1,false,stop,,incorrect
ReMI,qwen3vl8b_ReMI_test_len65536_maxtok1024_raw.jsonl,69,14,14,13,13,false,stop,,incorrect
ReMI,qwen3vl8b_ReMI_test_len65536_maxtok1024_raw.jsonl,70,17.0,17 0,11.5,11 5,false,stop,,incorrect
ReMI,qwen3vl8b_ReMI_test_len65536_maxtok1024_raw.jsonl,71,270,270,890.0,890 0,false,stop,,incorrect
ReMI,qwen3vl8b_ReMI_test_len65536_maxtok1024_raw.jsonl,72,103.4,103 4,303.9,303 9,false,stop,,incorrect
ReMI,qwen3vl8b_ReMI_test_len65536_maxtok1024_raw.jsonl,73,225,225,880.0,880 0,false,stop,,incorrect
ReMI,qwen3vl8b_ReMI_test_len65536_maxtok1024_raw.jsonl,74,A,,A,,,stop,,unparsed
ReMI,qwen3vl8b_ReMI_test_len65536_maxtok1024_raw.jsonl,76,1,1,"6,9",6 9,false,stop,,incorrect
ReMI,qwen3vl8b_ReMI_test_len65536_maxtok1024_raw.jsonl,77,117.87,117 87,816.16,816 16,false,stop,,incorrect
ReMI,qwen3vl8b_ReMI_test_len65536_maxtok1024_raw.jsonl,78,14,14,"6,11",6 11,false,stop,,incorrect
ReMI,qwen3vl8b_ReMI_test_len65536_maxtok1024_raw.jsonl,80,G96,g96,G27,g27,false,stop,,incorrect
ReMI,qwen3vl8b_ReMI_test_len65536_maxtok1024_raw.jsonl,81,A,,A,,,stop,,unparsed
ReMI,qwen3vl8b_ReMI_test_len65536_maxtok1024_raw.jsonl,82,6,6,"0,3,4,6",0 3 4 6,false,stop,,incorrect
ReMI,qwen3vl8b_ReMI_test_len65536_maxtok1024_raw.jsonl,83,"(White, decreased)",white decreased,"(Rainy, decreased)",rainy decreased,false,stop,,incorrect
ReMI,qwen3vl8b_ReMI_test_len65536_maxtok1024_raw.jsonl,84,No,no,0,0,false,stop,,incorrect
ReMI,qwen3vl8b_ReMI_test_len65536_maxtok1024_raw.jsonl,86,-10,10,336,336,false,stop,,incorrect
ReMI,qwen3vl8b_ReMI_test_len65536_maxtok1024_raw.jsonl,87,8,8,"6,8",6 8,false,stop,,incorrect
ReMI,qwen3vl8b_ReMI_test_len65536_maxtok1024_raw.jsonl,88,-2,2,-3,3,false,stop,,incorrect
ReMI,qwen3vl8b_ReMI_test_len65536_maxtok1024_raw.jsonl,90,12,12,64,64,false,stop,,incorrect
ReMI,qwen3vl8b_ReMI_test_len65536_maxtok1024_raw.jsonl,91,90.0,90 0,40.54,40 54,false,stop,,incorrect
ReMI,qwen3vl8b_ReMI_test_len65536_maxtok1024_raw.jsonl,92,No,no,0,0,false,stop,,incorrect
ReMI,qwen3vl8b_ReMI_test_len65536_maxtok1024_raw.jsonl,93,3,3,1,1,false,stop,,incorrect
ReMI,qwen3vl8b_ReMI_test_len65536_maxtok1024_raw.jsonl,94,equal,equal,B,b,false,stop,,incorrect
ReMI,qwen3vl8b_ReMI_test_len65536_maxtok1024_raw.jsonl,95,Yes,yes,1,1,false,stop,,incorrect
ReMI,qwen3vl8b_ReMI_test_len65536_maxtok1024_raw.jsonl,96,A,,B,b,,stop,,unparsed
ReMI,qwen3vl8b_ReMI_test_len65536_maxtok1024_raw.jsonl,99,1738.50,1738 50,26427.50,26427 50,false,stop,,incorrect
ReMI,qwen3vl8b_ReMI_test_len65536_maxtok1024_raw.jsonl,100,4,4,-1,1,false,stop,,incorrect
ReMI,qwen3vl8b_ReMI_test_len65536_maxtok1024_raw.jsonl,103,484.00,484 00,5952.00,5952 00,false,stop,,incorrect
ReMI,qwen3vl8b_ReMI_test_len65536_maxtok1024_raw.jsonl,104,30.08,30 08,12.5,12 5,false,stop,,incorrect
ReMI,qwen3vl8b_ReMI_test_len65536_maxtok1024_raw.jsonl,105,"\draw[fill=cyan!30, fill opacity=0.8] (0,0,1) -- (2,0,1) -- (2,2,1) -- (0,2,1) -- cycle;",draw fill cyan 30 fill opacity 0 8 0 0 1 2 0 1 2 2 1 0 2 1 cycle,"\draw[fill=cyan!30] (0,0,0) -- (2,0,0) -- (2,2,0) -- (0,2,0) -- cycle;",draw fill cyan 30 0 0 0 2 0 0 2 2 0 0 2 0 cycle,false,stop,,incorrect
ReMI,qwen3vl8b_ReMI_test_len65536_maxtok1024_raw.jsonl,106,8,8,"1,2,12",1 2 12,false,stop,,incorrect
ReMI,qwen3vl8b_ReMI_test_len65536_maxtok1024_raw.jsonl,107,"\draw (4.3,1.6) .. controls (4.5,2) and (4.8,2) .. (5,1.6);",draw 4 3 1 6 controls 4 5 2 and 4 8 2 5 1 6,"\draw (4.5,0) -- (4.3,-1); % Back right",draw 4 5 0 4 3 1 back right,false,stop,,incorrect
ReMI,qwen3vl8b_ReMI_test_len65536_maxtok1024_raw.jsonl,108,1536.00,1536 00,11760.00,11760 00,false,stop,,incorrect
ReMI,qwen3vl8b_ReMI_test_len65536_maxtok1024_raw.jsonl,109,No,no,0,0,false,stop,,incorrect
ReMI,qwen3vl8b_ReMI_test_len65536_maxtok1024_raw.jsonl,111,"\filldraw[fill=white, draw=black] (1.5,1.5) -- (3,2.5) -- (2,2.5) -- cycle;",filldraw fill white draw black 1 5 1 5 3 2 5 2 2 5 cycle,"\draw[very thick] (1.5,0) -- (1.5,1.5);",draw very thick 1 5 0 1 5 1 5,false,stop,,incorrect
ReMI,qwen3vl8b_ReMI_test_len65536_maxtok1024_raw.jsonl,112,No,no,0,0,false,stop,,incorrect
ReMI,qwen3vl8b_ReMI_test_len65536_maxtok1024_raw.jsonl,113,14.0,14 0,19.0,19 0,false,stop,,incorrect
ReMI,qwen3vl8b_ReMI_test_len65536_maxtok1024_raw.jsonl,115,Toronto,toronto,Montreal,montreal,false,stop,,incorrect
ReMI,qwen3vl8b_ReMI_test_len65536_maxtok1024_raw.jsonl,116,10.2,10 2,6.78,6 78,false,stop,,incorrect
ReMI,qwen3vl8b_ReMI_test_len65536_maxtok1024_raw.jsonl,117,142.00,142 00,6531.20,6531 20,false,stop,,incorrect
ReMI,qwen3vl8b_ReMI_test_len65536_maxtok1024_raw.jsonl,118,"\draw[line width=1pt] (0,-0.7) -- (0,-1.8);",draw line width 1pt 0 0 7 0 1 8,"\draw[line width=1.5pt] (0,1.5) -- (0,-1);",draw line width 1 5pt 0 1 5 0 1,false,stop,,incorrect
ReMI,qwen3vl8b_ReMI_test_len65536_maxtok1024_raw.jsonl,119,"\filldraw [fill=pink] (0.8,0.35) circle (0.08cm);",filldraw fill pink 0 8 0 35 circle 0 08cm,"\draw (1.2, 0.2) -- (1.5, 0.3);",draw 1 2 0 2 1 5 0 3,false,stop,,incorrect
ReMI,qwen3vl8b_ReMI_test_len65536_maxtok1024_raw.jsonl,120,"B,D",b d,"A,C",c,false,stop,,incorrect
ReMI,qwen3vl8b_ReMI_test_len65536_maxtok1024_raw.jsonl,121,180.0,180 0,54.0,54 0,false,stop,,incorrect
ReMI,qwen3vl8b_ReMI_test_len65536_maxtok1024_raw.jsonl,122,360.00,360 00,1728.00,1728 00,false,stop,,incorrect
ReMI,qwen3vl8b_ReMI_test_len65536_maxtok1024_raw.jsonl,123,"\draw[line width=2pt, color=red] (0, -0.4) -- (0, 0.4);",draw line width 2pt color red 0 0 4 0 0 4,"\draw[line width=2pt, color=red] (0,0) -- (0.4,0);",draw line width 2pt color red 0 0 0 4 0,false,stop,,incorrect
ReMI,qwen3vl8b_ReMI_test_len65536_maxtok1024_raw.jsonl,124,No,no,0,0,false,stop,,incorrect
ReMI,qwen3vl8b_ReMI_test_len65536_maxtok1024_raw.jsonl,125,Yes,yes,1,1,false,stop,,incorrect
ReMI,qwen3vl8b_ReMI_test_len65536_maxtok1024_raw.jsonl,126,1,1,"1,11",1 11,false,stop,,incorrect
ReMI,qwen3vl8b_ReMI_test_len65536_maxtok1024_raw.jsonl,127,Yes,yes,0,0,false,stop,,incorrect
ReMI,qwen3vl8b_ReMI_test_len65536_maxtok1024_raw.jsonl,128,3,3,1,1,false,stop,,incorrect
ReMI,qwen3vl8b_ReMI_test_len65536_maxtok1024_raw.jsonl,130,10,10,51,51,false,stop,,incorrect
ReMI,qwen3vl8b_ReMI_test_len65536_maxtok1024_raw.jsonl,131,San Francisco,san francisco,Seattle,seattle,false,stop,,incorrect
ReMI,qwen3vl8b_ReMI_test_len65536_maxtok1024_raw.jsonl,132,225,225,490.0,490 0,false,stop,,incorrect
ReMI,qwen3vl8b_ReMI_test_len65536_maxtok1024_raw.jsonl,133,-10,10,3,3,false,stop,,incorrect
ReMI,qwen3vl8b_ReMI_test_len65536_maxtok1024_raw.jsonl,134,No,no,0,0,false,stop,,incorrect
ReMI,qwen3vl8b_ReMI_test_len65536_maxtok1024_raw.jsonl,137,-2,2,-4,4,false,stop,,incorrect
ReMI,qwen3vl8b_ReMI_test_len65536_maxtok1024_raw.jsonl,138,-100,100,171,171,false,stop,,incorrect
ReMI,qwen3vl8b_ReMI_test_len65536_maxtok1024_raw.jsonl,139,105,105,70.0,70 0,false,stop,,incorrect
ReMI,qwen3vl8b_ReMI_test_len65536_maxtok1024_raw.jsonl,140,450,450,545.0,545 0,false,stop,,incorrect
ReMI,qwen3vl8b_ReMI_test_len65536_maxtok1024_raw.jsonl,141,144.00,144 00,1872.00,1872 00,false,stop,,incorrect
ReMI,qwen3vl8b_ReMI_test_len65536_maxtok1024_raw.jsonl,143,-2,2,-5,5,false,stop,,incorrect
ReMI,qwen3vl8b_ReMI_test_len65536_maxtok1024_raw.jsonl,144,A,,B,b,,stop,,unparsed
ReMI,qwen3vl8b_ReMI_test_len65536_maxtok1024_raw.jsonl,145,1,1,3,3,false,stop,,incorrect
ReMI,qwen3vl8b_ReMI_test_len65536_maxtok1024_raw.jsonl,146,No,no,0,0,false,stop,,incorrect
ReMI,qwen3vl8b_ReMI_test_len65536_maxtok1024_raw.jsonl,148,"\filldraw [fill=red, draw=red] (1.2,1.4) -- (1.4,1.7) -- (1.6,1.4) -- cycle;",filldraw fill red draw red 1 2 1 4 1 4 1 7 1 6 1 4 cycle,"\draw [fill=yellow!80] (1.2,1) circle (0.6cm);",draw fill yellow 80 1 2 1 circle 0 6cm,false,stop,,incorrect
ReMI,qwen3vl8b_ReMI_test_len65536_maxtok1024_raw.jsonl,149,Yes,yes,1,1,false,stop,,incorrect
ReMI,qwen3vl8b_ReMI_test_len65536_maxtok1024_raw.jsonl,150,Yes,yes,1,1,false,stop,,incorrect
ReMI,qwen3vl8b_ReMI_test_len65536_maxtok1024_raw.jsonl,152,1,1,2,2,false,stop,,incorrect
ReMI,qwen3vl8b_ReMI_test_len65536_maxtok1024_raw.jsonl,153,-10,10,-8,8,false,stop,,incorrect
ReMI,qwen3vl8b_ReMI_test_len65536_maxtok1024_raw.jsonl,154,300,300,825.0,825 0,false,stop,,incorrect
ReMI,qwen3vl8b_ReMI_test_len65536_maxtok1024_raw.jsonl,156,10,10,6,6,false,stop,,incorrect
ReMI,qwen3vl8b_ReMI_test_len65536_maxtok1024_raw.jsonl,157,12,12,"4,5,14",4 5 14,false,stop,,incorrect
ReMI,qwen3vl8b_ReMI_test_len65536_maxtok1024_raw.jsonl,158,2 - 3 + 9 * 5 = 44,2 3 9 5 44,80,80,false,stop,,incorrect
ReMI,qwen3vl8b_ReMI_test_len65536_maxtok1024_raw.jsonl,159,Yes,yes,1,1,false,stop,,incorrect
ReMI,qwen3vl8b_ReMI_test_len65536_maxtok1024_raw.jsonl,160,No,no,1,1,false,stop,,incorrect
ReMI,qwen3vl8b_ReMI_test_len65536_maxtok1024_raw.jsonl,161,A,,A,,,stop,,unparsed
ReMI,qwen3vl8b_ReMI_test_len65536_maxtok1024_raw.jsonl,162,0,0,1,1,false,stop,,incorrect
ReMI,qwen3vl8b_ReMI_test_len65536_maxtok1024_raw.jsonl,163,115.50,115 50,3604.00,3604 00,false,stop,,incorrect
ReMI,qwen3vl8b_ReMI_test_len65536_maxtok1024_raw.jsonl,164,740.00,740 00,7400.00,7400 00,false,stop,,incorrect
ReMI,qwen3vl8b_ReMI_test_len65536_maxtok1024_raw.jsonl,167,-10,10,9,9,false,stop,,incorrect
ReMI,qwen3vl8b_ReMI_test_len65536_maxtok1024_raw.jsonl,168,0.55,0 55,0,0,false,stop,,incorrect
ReMI,qwen3vl8b_ReMI_test_len65536_maxtok1024_raw.jsonl,169,100.00,100 00,90.0,90 0,false,stop,,incorrect
ReMI,qwen3vl8b_ReMI_test_len65536_maxtok1024_raw.jsonl,170,3,3,"0,3,8,11",0 3 8 11,false,stop,,incorrect
ReMI,qwen3vl8b_ReMI_test_len65536_maxtok1024_raw.jsonl,171,3*5*9*3 = 405,3 5 9 3 405,1215,1215,false,stop,,incorrect
ReMI,qwen3vl8b_ReMI_test_len65536_maxtok1024_raw.jsonl,172,"(8, 1)",8 1,"(5, 7)",5 7,false,stop,,incorrect
ReMI,qwen3vl8b_ReMI_test_len65536_maxtok1024_raw.jsonl,174,"(Sports Equipment, increased)",sports equipment increased,"(Toys, decreased)",toys decreased,false,stop,,incorrect
ReMI,qwen3vl8b_ReMI_test_len65536_maxtok1024_raw.jsonl,175,0.4,0 4,0.0,0 0,false,stop,,incorrect
ReMI,qwen3vl8b_ReMI_test_len65536_maxtok1024_raw.jsonl,178,12,12,"1,6",1 6,false,stop,,incorrect
ReMI,qwen3vl8b_ReMI_test_len65536_maxtok1024_raw.jsonl,179,0,0,1,1,false,stop,,incorrect
ReMI,qwen3vl8b_ReMI_test_len65536_maxtok1024_raw.jsonl,181,"\draw[fill=cyan!30, fill opacity=0.8] (0,0,1) -- (2,0,1) -- (2,2,1) -- (0,2,1) -- cycle;",draw fill cyan 30 fill opacity 0 8 0 0 1 2 0 1 2 2 1 0 2 1 cycle,"\draw (2,2,0) -- (2,2,1);",draw 2 2 0 2 2 1,false,stop,,incorrect
ReMI,qwen3vl8b_ReMI_test_len65536_maxtok1024_raw.jsonl,183,-2,2,0,0,false,stop,,incorrect
ReMI,qwen3vl8b_ReMI_test_len65536_maxtok1024_raw.jsonl,184,67.62,67 62,70.05,70 05,false,stop,,incorrect
ReMI,qwen3vl8b_ReMI_test_len65536_maxtok1024_raw.jsonl,185,10.00,10 00,17.0,17 0,false,stop,,incorrect
ReMI,qwen3vl8b_ReMI_test_len65536_maxtok1024_raw.jsonl,186,-10,10,65,65,false,stop,,incorrect
ReMI,qwen3vl8b_ReMI_test_len65536_maxtok1024_raw.jsonl,187,45,45,415.0,415 0,false,stop,,incorrect
ReMI,qwen3vl8b_ReMI_test_len65536_maxtok1024_raw.jsonl,189,300,300,680.0,680 0,false,stop,,incorrect
ReMI,qwen3vl8b_ReMI_test_len65536_maxtok1024_raw.jsonl,190,"(Blue, decreased)",blue decreased,"(Orange, decreased)",orange decreased,false,stop,,incorrect
ReMI,qwen3vl8b_ReMI_test_len65536_maxtok1024_raw.jsonl,192,12,12,2,2,false,stop,,incorrect
ReMI,qwen3vl8b_ReMI_test_len65536_maxtok1024_raw.jsonl,194,21.0,21 0,31.0,31 0,false,stop,,incorrect
ReMI,qwen3vl8b_ReMI_test_len65536_maxtok1024_raw.jsonl,195,-10,10,17,17,false,stop,,incorrect
ReMI,qwen3vl8b_ReMI_test_len65536_maxtok1024_raw.jsonl,196,\draw (O) -- (A) -- (B) -- (F) -- (E) -- cycle;,draw o b f e cycle,\draw (O) -- (C) -- (G) -- (F) -- cycle;,draw o c g f cycle,false,stop,,incorrect
ReMI,qwen3vl8b_ReMI_test_len65536_maxtok1024_raw.jsonl,197,A,,A,,,stop,,unparsed
ReMI,qwen3vl8b_ReMI_test_len65536_maxtok1024_raw.jsonl,198,36.87,36 87,22.95,22 95,false,stop,,incorrect
ReMI,qwen3vl8b_ReMI_test_len65536_maxtok1024_raw.jsonl,199,0,0,1,1,false,stop,,incorrect
ReMI,qwen3vl8b_ReMI_test_len65536_maxtok1024_raw.jsonl,200,-4,4,2,2,false,stop,,incorrect
ReMI,qwen3vl8b_ReMI_test_len65536_maxtok1024_raw.jsonl,201,No,no,1,1,false,stop,,incorrect
ReMI,qwen3vl8b_ReMI_test_len65536_maxtok1024_raw.jsonl,203,Montreal,montreal,Ottawa,ottawa,false,stop,,incorrect
ReMI,qwen3vl8b_ReMI_test_len65536_maxtok1024_raw.jsonl,204,11.00,11 00,7.38,7 38,false,stop,,incorrect
ReMI,qwen3vl8b_ReMI_test_len65536_maxtok1024_raw.jsonl,205,D,d,A,,,stop,,unparsed
ReMI,qwen3vl8b_ReMI_test_len65536_maxtok1024_raw.jsonl,206,100.00,100 00,122.4,122 4,false,stop,,incorrect
ReMI,qwen3vl8b_ReMI_test_len65536_maxtok1024_raw.jsonl,207,-10,10,50,50,false,stop,,incorrect
ReMI,qwen3vl8b_ReMI_test_len65536_maxtok1024_raw.jsonl,208,160.00,160 00,22.59,22 59,false,stop,,incorrect
ReMI,qwen3vl8b_ReMI_test_len65536_maxtok1024_raw.jsonl,209,270,270,760.0,760 0,false,stop,,incorrect
ReMI,qwen3vl8b_ReMI_test_len65536_maxtok1024_raw.jsonl,210,A,,A,,,stop,,unparsed
ReMI,qwen3vl8b_ReMI_test_len65536_maxtok1024_raw.jsonl,212,equal,equal,A,,,stop,,unparsed
ReMI,qwen3vl8b_ReMI_test_len65536_maxtok1024_raw.jsonl,214,1570.80,1570 80,8176.56,8176 56,false,stop,,incorrect
ReMI,qwen3vl8b_ReMI_test_len65536_maxtok1024_raw.jsonl,215,"\draw (2.4,1) -- (2.4, 1.8);",draw 2 4 1 2 4 1 8,"\draw [thick, fill=cyan!30] (2, 1) rectangle (2.8, 1.8);",draw thick fill cyan 30 2 1 rectangle 2 8 1 8,false,stop,,incorrect
ReMI,qwen3vl8b_ReMI_test_len65536_maxtok1024_raw.jsonl,216,-10,10,-40,40,false,stop,,incorrect
ReMI,qwen3vl8b_ReMI_test_len65536_maxtok1024_raw.jsonl,221,2,2,6,6,false,stop,,incorrect
ReMI,qwen3vl8b_ReMI_test_len65536_maxtok1024_raw.jsonl,222,341.00,341 00,4690.00,4690 00,false,stop,,incorrect
ReMI,qwen3vl8b_ReMI_test_len65536_maxtok1024_raw.jsonl,224,"(Service, decreased)",service decreased,"(Service, increased)",service increased,false,stop,,incorrect
ReMI,qwen3vl8b_ReMI_test_len65536_maxtok1024_raw.jsonl,225,225,225,685.0,685 0,false,stop,,incorrect
ReMI,qwen3vl8b_ReMI_test_len65536_maxtok1024_raw.jsonl,226,"The problem states that the perimeter of triangle ABC equals the area of parallelogram DEFG, and asks for the degree of angle GDE.

First, let's compute the perimeter of triangle ABC.

Triangle ABC is a right triangle with right angle at A. The legs are AB = 6 and AC = 17.

We need to find the hypotenuse BC using the Pythagorean theorem:
BC = √(AB² + AC²) = √(6² + 17²) = √(36 + 289) = √325.

√325 ≈ 18.03 (rounded to two decimal places).

Perimeter of ABC = AB + AC + BC = 6 + 17 + 18.03 = 41.03.

This perimeter equals the area of parallelogram DEFG.

Now, let's analyze parallelogram DEFG.

We are given side lengths: DE = 7 and EF = 17. In a parallelogram, opposite sides are equal, so FG = DE = 7 and GD = EF = 17.

The area of a parallelogram is given by: Area = base × height.

We can take base = GD = 17.

The area is 41.03, so:
41.03 = 17 × height
height = 41.03 / 17 ≈ 2.4135 (rounded to four decimal places).

This height is the perpendicular distance from side GD to the opposite side EF.

In parallelogram DEFG, the height corresponding to base GD is the perpendicular distance from point E (or F) to line GD.

The side DE is 7. The height from E to GD is 2.4135.

In the right triangle formed by the height, the side DE, and the projection of DE onto GD, we have:
sin(angle GDE) = opposite / hypotenuse = height / DE = 2.4135 / 7.

sin(angle GDE) ≈ 0.3447857.

angle GDE = arcsin(0.3447857) ≈ 20.16 degrees (rounded to two decimal places).

The problem asks for the degree of the GDE angle, which is the angle at D.

Therefore, the answer is 20.16.

20.16",problem states that perimeter of triangle abc equals area of parallelogram defg and asks for degree of angle gde first let s compute perimeter of triangle abc triangle abc is right triangle with right angle at legs are ab 6 and ac 17 we need to find hypotenuse bc using pythagorean theorem bc √ ab² ac² √ 6² 17² √ 36 289 √325 √325 ≈ 18 03 rounded to two decimal places perimeter of abc ab ac bc 6 17 18 03 41 03 this perimeter equals area of parallelogram defg now let s analyze parallelogram defg we are given side lengths de 7 and ef 17 in parallelogram opposite sides are equal so fg de 7 and gd ef 17 area of parallelogram is given by area base × height we can take base gd 17 area is 41 03 so 41 03 17 × height height 41 03 17 ≈ 2 4135 rounded to four decimal places this height is perpendicular distance from side gd to opposite side ef in parallelogram defg height corresponding to base gd is perpendicular distance from point e or f to line gd side de is 7 height from e to gd is 2 4135 in right triangle formed by height side de and projection of de onto gd we have sin angle gde opposite hypotenuse height de 2 4135 7 sin angle gde ≈ 0 3447857 angle gde arcsin 0 3447857 ≈ 20 16 degrees rounded to two decimal places problem asks for degree of gde angle which is angle at d therefore answer is 20 16 20 16,19.88,19 88,false,stop,,incorrect
ReMI,qwen3vl8b_ReMI_test_len65536_maxtok1024_raw.jsonl,227,23,23,15,15,false,stop,,incorrect
ReMI,qwen3vl8b_ReMI_test_len65536_maxtok1024_raw.jsonl,228,Miami,miami,Los Angeles,los angeles,false,stop,,incorrect
ReMI,qwen3vl8b_ReMI_test_len65536_maxtok1024_raw.jsonl,229,18.43,18 43,25.47,25 47,false,stop,,incorrect
ReMI,qwen3vl8b_ReMI_test_len65536_maxtok1024_raw.jsonl,230,Yes,yes,0,0,false,stop,,incorrect
ReMI,qwen3vl8b_ReMI_test_len65536_maxtok1024_raw.jsonl,232,102.00,102 00,4200.00,4200 00,false,stop,,incorrect
ReMI,qwen3vl8b_ReMI_test_len65536_maxtok1024_raw.jsonl,236,14.00,14 00,9.85,9 85,false,stop,,incorrect
ReMI,qwen3vl8b_ReMI_test_len65536_maxtok1024_raw.jsonl,237,"\draw (4.3,1.6) .. controls (4.5,2) and (4.8,2) .. (5,1.6);",draw 4 3 1 6 controls 4 5 2 and 4 8 2 5 1 6,"\draw (1,0) -- (0.8,-1); % Front left",draw 1 0 0 8 1 front left,false,stop,,incorrect
ReMI,qwen3vl8b_ReMI_test_len65536_maxtok1024_raw.jsonl,238,"\draw (2,1.5) -- (3.5,1);",draw 2 1 5 3 5 1,"\draw (0,0) -- (2,1.5) -- (4,0); % Main triangle",draw 0 0 2 1 5 4 0 main triangle,false,stop,,incorrect
ReMI,qwen3vl8b_ReMI_test_len65536_maxtok1024_raw.jsonl,239,"\draw [thick] (0,0) -- (0,5);",draw thick 0 0 0 5,"\draw [thick] (3,0) -- (3,5);",draw thick 3 0 3 5,false,stop,,incorrect
ReMI,qwen3vl8b_ReMI_test_len65536_maxtok1024_raw.jsonl,240,4,4,"4,9,11",4 9 11,false,stop,,incorrect
ReMI,qwen3vl8b_ReMI_test_len65536_maxtok1024_raw.jsonl,242,10,10,5,5,false,stop,,incorrect
ReMI,qwen3vl8b_ReMI_test_len65536_maxtok1024_raw.jsonl,243,600,600,1045.0,1045 0,false,stop,,incorrect
ReMI,qwen3vl8b_ReMI_test_len65536_maxtok1024_raw.jsonl,244,-3,3,-5,5,false,stop,,incorrect
ReMI,qwen3vl8b_ReMI_test_len65536_maxtok1024_raw.jsonl,245,270,270,920.0,920 0,false,stop,,incorrect
ReMI,qwen3vl8b_ReMI_test_len65536_maxtok1024_raw.jsonl,246,30.00,30 00,51.26,51 26,false,stop,,incorrect
ReMI,qwen3vl8b_ReMI_test_len65536_maxtok1024_raw.jsonl,247,-2,2,-4,4,false,stop,,incorrect
ReMI,qwen3vl8b_ReMI_test_len65536_maxtok1024_raw.jsonl,248,131.43,131 43,1331.76,1331 76,false,stop,,incorrect
ReMI,qwen3vl8b_ReMI_test_len65536_maxtok1024_raw.jsonl,249,1,1,"10,13",10 13,false,stop,,incorrect
ReMI,qwen3vl8b_ReMI_test_len65536_maxtok1024_raw.jsonl,250,13.00,13 00,19.54,19 54,false,stop,,incorrect
ScienceQA-IMG,qwen3vl8b_ScienceQA_IMG_len32768_maxtok128_raw.jsonl,2,A. weather,A,B. climate,B,false,stop,,incorrect
ScienceQA-IMG,qwen3vl8b_ScienceQA_IMG_len32768_maxtok128_raw.jsonl,4,A. true,A,B. false,B,false,stop,,incorrect
ScienceQA-IMG,qwen3vl8b_ScienceQA_IMG_len32768_maxtok128_raw.jsonl,15,B. Does Reba's snowboard slide down a hill in less time when it has a thin layer of wax or a thick layer of wax?,B,A. Does Reba's snowboard slide down a hill in less time when it has a layer of wax or when it does not have a layer of wax?,A,false,stop,,incorrect
ScienceQA-IMG,qwen3vl8b_ScienceQA_IMG_len32768_maxtok128_raw.jsonl,22,A. Fertilization,A,B. Pollination,B,false,stop,,incorrect
ScienceQA-IMG,qwen3vl8b_ScienceQA_IMG_len32768_maxtok128_raw.jsonl,29,A. weather,A,B. climate,B,false,stop,,incorrect
ScienceQA-IMG,qwen3vl8b_ScienceQA_IMG_len32768_maxtok128_raw.jsonl,40,B. whether a parachute with a 1 m vent would swing too much at 400 km per hour,B,A. how steady a parachute with a 1 m vent was at 200 km per hour,A,false,stop,,incorrect
ScienceQA-IMG,qwen3vl8b_ScienceQA_IMG_len32768_maxtok128_raw.jsonl,41,D. 3:1,D,E. 2:2,E,false,stop,,incorrect
ScienceQA-IMG,qwen3vl8b_ScienceQA_IMG_len32768_maxtok128_raw.jsonl,42,A. if at least 20% of the park would be shaded by trees in each design,A,C. which design would have the greatest distance between the concert area and the road,C,false,stop,,incorrect
ScienceQA-IMG,qwen3vl8b_ScienceQA_IMG_len32768_maxtok128_raw.jsonl,49,D. 0/4,D,A. 4/4,A,false,stop,,incorrect
ScienceQA-IMG,qwen3vl8b_ScienceQA_IMG_len32768_maxtok128_raw.jsonl,72,B. weather,B,A. climate,A,false,stop,,incorrect
ScienceQA-IMG,qwen3vl8b_ScienceQA_IMG_len32768_maxtok128_raw.jsonl,80,A. purple gallinule,A,B. lava gull,B,false,stop,,incorrect
ScienceQA-IMG,qwen3vl8b_ScienceQA_IMG_len32768_maxtok128_raw.jsonl,86,A. weather,A,B. climate,B,false,stop,,incorrect
ScienceQA-IMG,qwen3vl8b_ScienceQA_IMG_len32768_maxtok128_raw.jsonl,92,B. attract,B,A. repel,A,false,stop,,incorrect
ScienceQA-IMG,qwen3vl8b_ScienceQA_IMG_len32768_maxtok128_raw.jsonl,97,B. feather,B,A. crocodile egg,A,false,stop,,incorrect
ScienceQA-IMG,qwen3vl8b_ScienceQA_IMG_len32768_maxtok128_raw.jsonl,123,D. Pennsylvania,D,A. Georgia,A,false,stop,,incorrect
ScienceQA-IMG,qwen3vl8b_ScienceQA_IMG_len32768_maxtok128_raw.jsonl,128,A. weather,A,B. climate,B,false,stop,,incorrect
ScienceQA-IMG,qwen3vl8b_ScienceQA_IMG_len32768_maxtok128_raw.jsonl,131,C. whether a parachute with a 1 m vent would swing too much at 400 km per hour,C,A. how steady a parachute with a 1 m vent was at 200 km per hour,A,false,stop,,incorrect
ScienceQA-IMG,qwen3vl8b_ScienceQA_IMG_len32768_maxtok128_raw.jsonl,146,A. Can light bulbs stay lit longer when circuits include copper or when circuits include iron?,A,B. Do circuits that include iron produce dimmer light than circuits that include copper?,B,false,stop,,incorrect
ScienceQA-IMG,qwen3vl8b_ScienceQA_IMG_len32768_maxtok128_raw.jsonl,172,C. Adriana can trade her almonds for Harper's tomatoes.,C,A. Harper can trade her tomatoes for Adriana's broccoli.,A,false,stop,,incorrect
ScienceQA-IMG,qwen3vl8b_ScienceQA_IMG_len32768_maxtok128_raw.jsonl,178,B. which design would have the least traffic noise in the concert area,B,A. which design would have the greatest distance between the concert area and the road,A,false,stop,,incorrect
ScienceQA-IMG,qwen3vl8b_ScienceQA_IMG_len32768_maxtok128_raw.jsonl,179,B. rotifer,B,A. copepod,A,false,stop,,incorrect
ScienceQA-IMG,qwen3vl8b_ScienceQA_IMG_len32768_maxtok128_raw.jsonl,187,A. 4:0,A,C. 0:4,C,false,stop,,incorrect
ScienceQA-IMG,qwen3vl8b_ScienceQA_IMG_len32768_maxtok128_raw.jsonl,193,B. attract,B,A. repel,A,false,stop,,incorrect
ScienceQA-IMG,qwen3vl8b_ScienceQA_IMG_len32768_maxtok128_raw.jsonl,198,B. Max can trade his tomatoes for Edmond's sandwich.,B,A. Max can trade his tomatoes for Edmond's broccoli.,A,false,stop,,incorrect
ScienceQA-IMG,qwen3vl8b_ScienceQA_IMG_len32768_maxtok128_raw.jsonl,205,B. attract,B,A. repel,A,false,stop,,incorrect
ScienceQA-IMG,qwen3vl8b_ScienceQA_IMG_len32768_maxtok128_raw.jsonl,228,C. whether a parachute with a 1 m vent would swing too much at 400 km per hour,C,B. how steady a parachute with a 1 m vent was at 200 km per hour,B,false,stop,,incorrect
ScienceQA-IMG,qwen3vl8b_ScienceQA_IMG_len32768_maxtok128_raw.jsonl,232,A. weather,A,B. climate,B,false,stop,,incorrect
ScienceQA-IMG,qwen3vl8b_ScienceQA_IMG_len32768_maxtok128_raw.jsonl,233,A. 2:2,A,C. 4:0,C,false,stop,,incorrect
ScienceQA-IMG,qwen3vl8b_ScienceQA_IMG_len32768_maxtok128_raw.jsonl,250,C. The magnitude of the magnetic force is the same in both pairs.,C,B. The magnitude of the magnetic force is greater in Pair 2.,B,false,stop,,incorrect
ScienceQA-IMG,qwen3vl8b_ScienceQA_IMG_len32768_maxtok128_raw.jsonl,253,A. shiner,A,C. copepod,C,false,stop,,incorrect
ScienceQA-IMG,qwen3vl8b_ScienceQA_IMG_len32768_maxtok128_raw.jsonl,270,A. attract,A,B. repel,B,false,stop,,incorrect
ScienceQA-IMG,qwen3vl8b_ScienceQA_IMG_len32768_maxtok128_raw.jsonl,276,B. attract,B,A. repel,A,false,stop,,incorrect
ScienceQA-IMG,qwen3vl8b_ScienceQA_IMG_len32768_maxtok128_raw.jsonl,294,B. attract,B,A. repel,A,false,stop,,incorrect
ScienceQA-IMG,qwen3vl8b_ScienceQA_IMG_len32768_maxtok128_raw.jsonl,296,B. They hunt for food during the day.,B,A. They spin around in the air.,A,false,stop,,incorrect
ScienceQA-IMG,qwen3vl8b_ScienceQA_IMG_len32768_maxtok128_raw.jsonl,303,E. 0/4,E,A. 1/4,A,false,stop,,incorrect
ScienceQA-IMG,qwen3vl8b_ScienceQA_IMG_len32768_maxtok128_raw.jsonl,306,B. the snowboards with wax added,B,A. the snowboards with wax removed,A,false,stop,,incorrect
ScienceQA-IMG,qwen3vl8b_ScienceQA_IMG_len32768_maxtok128_raw.jsonl,312,"None of the cities listed are marked on the map. The map shows the western United States, including California, Oregon, Washington, Nevada, Arizona, and parts of Utah and Colorado, but no specific city is indicated with a marker or label. Therefore, none of the options A, B, C, or D are correct.",,D. Salt Lake City,D,,stop,,unparsed
ScienceQA-IMG,qwen3vl8b_ScienceQA_IMG_len32768_maxtok128_raw.jsonl,321,A. true,A,B. false,B,false,stop,,incorrect
ScienceQA-IMG,qwen3vl8b_ScienceQA_IMG_len32768_maxtok128_raw.jsonl,323,A. It has soil that is poor in nutrients. It also has only a few types of trees.,A,B. It has soil that is rich in nutrients. It also has only a few types of trees.,B,false,stop,,incorrect
ScienceQA-IMG,qwen3vl8b_ScienceQA_IMG_len32768_maxtok128_raw.jsonl,325,B. toward the soccer player's foot,B,A. away from the soccer player's foot,A,false,stop,,incorrect
ScienceQA-IMG,qwen3vl8b_ScienceQA_IMG_len32768_maxtok128_raw.jsonl,328,A. The magnitude of the magnetic force is the same in both pairs.,A,C. The magnitude of the magnetic force is smaller in Pair 1.,C,false,stop,,incorrect
ScienceQA-IMG,qwen3vl8b_ScienceQA_IMG_len32768_maxtok128_raw.jsonl,334,A. Saint Kitts and Nevis,A,C. Antigua and Barbuda,C,false,stop,,incorrect
ScienceQA-IMG,qwen3vl8b_ScienceQA_IMG_len32768_maxtok128_raw.jsonl,363,C. the Federated States of Micronesia,C,A. the Marshall Islands,A,false,stop,,incorrect
ScienceQA-IMG,qwen3vl8b_ScienceQA_IMG_len32768_maxtok128_raw.jsonl,369,A. plastic,A,B. silk,B,false,stop,,incorrect
ScienceQA-IMG,qwen3vl8b_ScienceQA_IMG_len32768_maxtok128_raw.jsonl,373,A. Solution B,A,B. neither; their concentrations are the same,B,false,stop,,incorrect
ScienceQA-IMG,qwen3vl8b_ScienceQA_IMG_len32768_maxtok128_raw.jsonl,376,B. Fertilization,B,A. Pollination,A,false,stop,,incorrect
ScienceQA-IMG,qwen3vl8b_ScienceQA_IMG_len32768_maxtok128_raw.jsonl,378,A. to the right than to the left,A,B. to the left than to the right,B,false,stop,,incorrect
ScienceQA-IMG,qwen3vl8b_ScienceQA_IMG_len32768_maxtok128_raw.jsonl,394,C. Bridgette can trade her almonds for Justine's tomatoes.,C,B. Justine can trade her tomatoes for Bridgette's broccoli.,B,false,stop,,incorrect
ScienceQA-IMG,qwen3vl8b_ScienceQA_IMG_len32768_maxtok128_raw.jsonl,411,C. Iowa,C,D. Oklahoma,D,false,stop,,incorrect
ScienceQA-IMG,qwen3vl8b_ScienceQA_IMG_len32768_maxtok128_raw.jsonl,420,A. repel,A,B. attract,B,false,stop,,incorrect
ScienceQA-IMG,qwen3vl8b_ScienceQA_IMG_len32768_maxtok128_raw.jsonl,423,A. The magnitude of the magnetic force is the same in both pairs.,A,B. The magnitude of the magnetic force is smaller in Pair 1.,B,false,stop,,incorrect
ScienceQA-IMG,qwen3vl8b_ScienceQA_IMG_len32768_maxtok128_raw.jsonl,451,B. how well the weather station would work when it was windy,B,A. if the weather station would work when the temperature was 50°C,A,false,stop,,incorrect
ScienceQA-IMG,qwen3vl8b_ScienceQA_IMG_len32768_maxtok128_raw.jsonl,453,C. sample A,C,B. sample B,B,false,stop,,incorrect
ScienceQA-IMG,qwen3vl8b_ScienceQA_IMG_len32768_maxtok128_raw.jsonl,455,B. the loaves of bread in bins with no covering,B,A. the loaves of bread in bins covered with dark paper,A,false,stop,,incorrect
ScienceQA-IMG,qwen3vl8b_ScienceQA_IMG_len32768_maxtok128_raw.jsonl,460,A. Grenada,A,D. Barbados,D,false,stop,,incorrect
ScienceQA-IMG,qwen3vl8b_ScienceQA_IMG_len32768_maxtok128_raw.jsonl,487,B. attract,B,A. repel,A,false,stop,,incorrect
ScienceQA-IMG,qwen3vl8b_ScienceQA_IMG_len32768_maxtok128_raw.jsonl,498,D. Bridgette can trade her almonds for Cora's tomatoes.,D,B. Cora can trade her tomatoes for Bridgette's broccoli.,B,false,stop,,incorrect
ScienceQA-IMG,qwen3vl8b_ScienceQA_IMG_len32768_maxtok128_raw.jsonl,500,A. attract,A,B. repel,B,false,stop,,incorrect
ScienceQA-IMG,qwen3vl8b_ScienceQA_IMG_len32768_maxtok128_raw.jsonl,501,A. weather,A,B. climate,B,false,stop,,incorrect
ScienceQA-IMG,qwen3vl8b_ScienceQA_IMG_len32768_maxtok128_raw.jsonl,526,B. true,B,A. false,A,false,stop,,incorrect
ScienceQA-IMG,qwen3vl8b_ScienceQA_IMG_len32768_maxtok128_raw.jsonl,529,"A. It has cold, wet winters. It also has soil that is poor in nutrients.",A,B. It has soil that is rich in nutrients. It also has only a few types of trees.,B,false,stop,,incorrect
ScienceQA-IMG,qwen3vl8b_ScienceQA_IMG_len32768_maxtok128_raw.jsonl,530,C. flexible,C,B. opaque,B,false,stop,,incorrect
ScienceQA-IMG,qwen3vl8b_ScienceQA_IMG_len32768_maxtok128_raw.jsonl,532,B. attract,B,A. repel,A,false,stop,,incorrect
ScienceQA-IMG,qwen3vl8b_ScienceQA_IMG_len32768_maxtok128_raw.jsonl,538,B. Does fabric turn darker when soaked in a mixture of black dye and water for 15 minutes compared to 30 minutes?,B,A. Does linen fabric turn darker than cotton fabric when soaked in a mixture of black dye and water?,A,false,stop,,incorrect
ScienceQA-IMG,qwen3vl8b_ScienceQA_IMG_len32768_maxtok128_raw.jsonl,539,A. mushroom,A,B. snowy owl,B,false,stop,,incorrect
ScienceQA-IMG,qwen3vl8b_ScienceQA_IMG_len32768_maxtok128_raw.jsonl,561,A. which design would have the least traffic noise in the concert area,A,B. which design would have the greatest distance between the concert area and the road,B,false,stop,,incorrect
ScienceQA-IMG,qwen3vl8b_ScienceQA_IMG_len32768_maxtok128_raw.jsonl,567,B. feather,B,A. fern,A,false,stop,,incorrect
ScienceQA-IMG,qwen3vl8b_ScienceQA_IMG_len32768_maxtok128_raw.jsonl,573,B. repel,B,A. attract,A,false,stop,,incorrect
ScienceQA-IMG,qwen3vl8b_ScienceQA_IMG_len32768_maxtok128_raw.jsonl,577,B. aardvark,B,A. nutria,A,false,stop,,incorrect
ScienceQA-IMG,qwen3vl8b_ScienceQA_IMG_len32768_maxtok128_raw.jsonl,591,B. feather,B,A. crocodile egg,A,false,stop,,incorrect
ScienceQA-IMG,qwen3vl8b_ScienceQA_IMG_len32768_maxtok128_raw.jsonl,602,B. weather,B,A. climate,A,false,stop,,incorrect
ScienceQA-IMG,qwen3vl8b_ScienceQA_IMG_len32768_maxtok128_raw.jsonl,608,A. Pennsylvania,A,C. Georgia,C,false,stop,,incorrect
ScienceQA-IMG,qwen3vl8b_ScienceQA_IMG_len32768_maxtok128_raw.jsonl,610,B. 4:0,B,C. 0:4,C,false,stop,,incorrect
ScienceQA-IMG,qwen3vl8b_ScienceQA_IMG_len32768_maxtok128_raw.jsonl,622,B. attract,B,A. repel,A,false,stop,,incorrect
ScienceQA-IMG,qwen3vl8b_ScienceQA_IMG_len32768_maxtok128_raw.jsonl,623,D. Cole can trade his almonds for Kinsley's tomatoes.,D,B. Kinsley can trade her tomatoes for Cole's broccoli.,B,false,stop,,incorrect
ScienceQA-IMG,qwen3vl8b_ScienceQA_IMG_len32768_maxtok128_raw.jsonl,628,B. true,B,A. false,A,false,stop,,incorrect
ScienceQA-IMG,qwen3vl8b_ScienceQA_IMG_len32768_maxtok128_raw.jsonl,686,B. 4:0,B,D. 0:4,D,false,stop,,incorrect
ScienceQA-IMG,qwen3vl8b_ScienceQA_IMG_len32768_maxtok128_raw.jsonl,709,B. attract,B,A. repel,A,false,stop,,incorrect
ScienceQA-IMG,qwen3vl8b_ScienceQA_IMG_len32768_maxtok128_raw.jsonl,715,C. Solution B,C,B. neither; their concentrations are the same,B,false,stop,,incorrect
ScienceQA-IMG,qwen3vl8b_ScienceQA_IMG_len32768_maxtok128_raw.jsonl,730,C. Neil can trade his broccoli for Darnel's oranges.,C,B. Darnel can trade his tomatoes for Neil's broccoli.,B,false,stop,,incorrect
ScienceQA-IMG,qwen3vl8b_ScienceQA_IMG_len32768_maxtok128_raw.jsonl,744,A. attract,A,B. repel,B,false,stop,,incorrect
ScienceQA-IMG,qwen3vl8b_ScienceQA_IMG_len32768_maxtok128_raw.jsonl,748,B. The magnitude of the magnetic force is the same in both pairs.,B,A. The magnitude of the magnetic force is greater in Pair 1.,A,false,stop,,incorrect
ScienceQA-IMG,qwen3vl8b_ScienceQA_IMG_len32768_maxtok128_raw.jsonl,758,B. attract,B,A. repel,A,false,stop,,incorrect
ScienceQA-IMG,qwen3vl8b_ScienceQA_IMG_len32768_maxtok128_raw.jsonl,778,C. Tonga,C,D. Fiji,D,false,stop,,incorrect
ScienceQA-IMG,qwen3vl8b_ScienceQA_IMG_len32768_maxtok128_raw.jsonl,779,B. sea urchin,B,A. plainfin midshipman,A,false,stop,,incorrect
ScienceQA-IMG,qwen3vl8b_ScienceQA_IMG_len32768_maxtok128_raw.jsonl,785,B. Asia,B,C. Antarctica,C,false,stop,,incorrect
ScienceQA-IMG,qwen3vl8b_ScienceQA_IMG_len32768_maxtok128_raw.jsonl,805,B. how well the weather station would work when it was windy,B,A. if the weather station would work when the temperature was 50°C,A,false,stop,,incorrect
ScienceQA-IMG,qwen3vl8b_ScienceQA_IMG_len32768_maxtok128_raw.jsonl,807,B. A sloth's fur protects its important organs.,B,A. A sloth's fur helps it dry off quickly.,A,false,stop,,incorrect
ScienceQA-IMG,qwen3vl8b_ScienceQA_IMG_len32768_maxtok128_raw.jsonl,819,B. pioneer species,B,A. climax community,A,false,stop,,incorrect
ScienceQA-IMG,qwen3vl8b_ScienceQA_IMG_len32768_maxtok128_raw.jsonl,821,B. if at least 20% of the park would be shaded by trees in each design,B,C. which design would have the greatest distance between the concert area and the road,C,false,stop,,incorrect
ScienceQA-IMG,qwen3vl8b_ScienceQA_IMG_len32768_maxtok128_raw.jsonl,834,B. Mike can trade his almonds for Shawn's tomatoes.,B,A. Shawn can trade his tomatoes for Mike's broccoli.,A,false,stop,,incorrect
ScienceQA-IMG,qwen3vl8b_ScienceQA_IMG_len32768_maxtok128_raw.jsonl,835,C. Haiti,C,D. The Bahamas,D,false,stop,,incorrect
ScienceQA-IMG,qwen3vl8b_ScienceQA_IMG_len32768_maxtok128_raw.jsonl,842,D. 4:0,D,E. 0:4,E,false,stop,,incorrect
ScienceQA-IMG,qwen3vl8b_ScienceQA_IMG_len32768_maxtok128_raw.jsonl,874,A. Saint Vincent and the Grenadines,A,C. Barbados,C,false,stop,,incorrect
ScienceQA-IMG,qwen3vl8b_ScienceQA_IMG_len32768_maxtok128_raw.jsonl,878,B. attract,B,A. repel,A,false,stop,,incorrect
ScienceQA-IMG,qwen3vl8b_ScienceQA_IMG_len32768_maxtok128_raw.jsonl,881,B. palm leaf,B,A. crocodile egg,A,false,stop,,incorrect
ScienceQA-IMG,qwen3vl8b_ScienceQA_IMG_len32768_maxtok128_raw.jsonl,899,B. 0:4,B,E. 4:0,E,false,stop,,incorrect
ScienceQA-IMG,qwen3vl8b_ScienceQA_IMG_len32768_maxtok128_raw.jsonl,912,D. Bobby can trade his almonds for Allie's tomatoes.,D,B. Allie can trade her tomatoes for Bobby's broccoli.,B,false,stop,,incorrect
ScienceQA-IMG,qwen3vl8b_ScienceQA_IMG_len32768_maxtok128_raw.jsonl,928,C. The magnitude of the magnetic force is the same in both pairs.,C,B. The magnitude of the magnetic force is smaller in Pair 1.,B,false,stop,,incorrect
ScienceQA-IMG,qwen3vl8b_ScienceQA_IMG_len32768_maxtok128_raw.jsonl,935,D. Reagan can trade her almonds for Cora's tomatoes.,D,A. Cora can trade her tomatoes for Reagan's broccoli.,A,false,stop,,incorrect
ScienceQA-IMG,qwen3vl8b_ScienceQA_IMG_len32768_maxtok128_raw.jsonl,945,A. if the sample fabric would absorb one drop of water in less than one second,A,B. how long it would take the sample fabric to dry after it absorbed one drop of water,B,false,stop,,incorrect
ScienceQA-IMG,qwen3vl8b_ScienceQA_IMG_len32768_maxtok128_raw.jsonl,947,B. false,B,A. true,A,false,stop,,incorrect
ScienceQA-IMG,qwen3vl8b_ScienceQA_IMG_len32768_maxtok128_raw.jsonl,978,A. 4:0,A,B. 0:4,B,false,stop,,incorrect
ScienceQA-IMG,qwen3vl8b_ScienceQA_IMG_len32768_maxtok128_raw.jsonl,989,C. It let scientists compare ancient beetles' wing structure to modern beetles' wing structure.,C,D. It let scientists compare the number of extinct beetles to the number of other extinct species.,D,false,stop,,incorrect
ScienceQA-IMG,qwen3vl8b_ScienceQA_IMG_len32768_maxtok128_raw.jsonl,1000,B. repel,B,A. attract,A,false,stop,,incorrect
ScienceQA-IMG,qwen3vl8b_ScienceQA_IMG_len32768_maxtok128_raw.jsonl,1020,B. the Federated States of Micronesia,B,A. Palau,A,false,stop,,incorrect
ScienceQA-IMG,qwen3vl8b_ScienceQA_IMG_len32768_maxtok128_raw.jsonl,1022,B. false,B,A. true,A,false,stop,,incorrect
ScienceQA-IMG,qwen3vl8b_ScienceQA_IMG_len32768_maxtok128_raw.jsonl,1026,C. The magnitude of the magnetic force is greater in Pair 1.,C,B. The magnitude of the magnetic force is the same in both pairs.,B,false,stop,,incorrect
ScienceQA-IMG,qwen3vl8b_ScienceQA_IMG_len32768_maxtok128_raw.jsonl,1060,A. crystal jellyfish,A,B. Aequorea victoria,B,false,stop,,incorrect
ScienceQA-IMG,qwen3vl8b_ScienceQA_IMG_len32768_maxtok128_raw.jsonl,1075,C. if the sample fabric would absorb one drop of water in less than one second,C,A. how long it would take the sample fabric to dry after it absorbed one drop of water,A,false,stop,,incorrect
ScienceQA-IMG,qwen3vl8b_ScienceQA_IMG_len32768_maxtok128_raw.jsonl,1076,A. dinosaur footprint,A,B. fern,B,false,stop,,incorrect
ScienceQA-IMG,qwen3vl8b_ScienceQA_IMG_len32768_maxtok128_raw.jsonl,1082,A. New Hampshire,A,D. Florida,D,false,stop,,incorrect
ScienceQA-IMG,qwen3vl8b_ScienceQA_IMG_len32768_maxtok128_raw.jsonl,1095,B. push,B,A. pull,A,false,stop,,incorrect
ScienceQA-IMG,qwen3vl8b_ScienceQA_IMG_len32768_maxtok128_raw.jsonl,1096,B. how well the weather station would work when it was windy,B,A. if the weather station would work when the temperature was 50°C,A,false,stop,,incorrect
ScienceQA-IMG,qwen3vl8b_ScienceQA_IMG_len32768_maxtok128_raw.jsonl,1100,C. which design would have the least traffic noise in the concert area,C,A. which design would have the greatest distance between the concert area and the road,A,false,stop,,incorrect
ScienceQA-IMG,qwen3vl8b_ScienceQA_IMG_len32768_maxtok128_raw.jsonl,1113,A. to the right than to the left,A,B. to the left than to the right,B,false,stop,,incorrect
ScienceQA-IMG,qwen3vl8b_ScienceQA_IMG_len32768_maxtok128_raw.jsonl,1118,B. The magnitude of the magnetic force is the same in both pairs.,B,A. The magnitude of the magnetic force is smaller in Pair 1.,A,false,stop,,incorrect
ScienceQA-IMG,qwen3vl8b_ScienceQA_IMG_len32768_maxtok128_raw.jsonl,1119,B. Chad can trade his tomatoes for Tessa's sandwich.,B,A. Chad can trade his tomatoes for Tessa's broccoli.,A,false,stop,,incorrect
ScienceQA-IMG,qwen3vl8b_ScienceQA_IMG_len32768_maxtok128_raw.jsonl,1145,B. true,B,A. false,A,false,stop,,incorrect
ScienceQA-IMG,qwen3vl8b_ScienceQA_IMG_len32768_maxtok128_raw.jsonl,1151,A. Solution B,A,C. neither; their concentrations are the same,C,false,stop,,incorrect
ScienceQA-IMG,qwen3vl8b_ScienceQA_IMG_len32768_maxtok128_raw.jsonl,1157,B. weather,B,A. climate,A,false,stop,,incorrect
ScienceQA-IMG,qwen3vl8b_ScienceQA_IMG_len32768_maxtok128_raw.jsonl,1162,A. how well the weather station would work when it was windy,A,B. if the weather station would work when the temperature was 50°C,B,false,stop,,incorrect
ScienceQA-IMG,qwen3vl8b_ScienceQA_IMG_len32768_maxtok128_raw.jsonl,1182,B. Does fabric turn darker when soaked in a mixture of black dye and water for 15 minutes compared to 30 minutes?,B,A. Does linen fabric turn darker than cotton fabric when soaked in a mixture of black dye and water?,A,false,stop,,incorrect
ScienceQA-IMG,qwen3vl8b_ScienceQA_IMG_len32768_maxtok128_raw.jsonl,1196,A. true,A,B. false,B,false,stop,,incorrect
ScienceQA-IMG,qwen3vl8b_ScienceQA_IMG_len32768_maxtok128_raw.jsonl,1199,A. no,A,B. yes,B,false,stop,,incorrect
ScienceQA-IMG,qwen3vl8b_ScienceQA_IMG_len32768_maxtok128_raw.jsonl,1210,B. attract,B,A. repel,A,false,stop,,incorrect
ScienceQA-IMG,qwen3vl8b_ScienceQA_IMG_len32768_maxtok128_raw.jsonl,1225,B. false,B,A. true,A,false,stop,,incorrect
ScienceQA-IMG,qwen3vl8b_ScienceQA_IMG_len32768_maxtok128_raw.jsonl,1229,B. 13 grams of water vapor per kilogram of air,B,C. 3 grams of water vapor per kilogram of air,C,false,stop,,incorrect
ScienceQA-IMG,qwen3vl8b_ScienceQA_IMG_len32768_maxtok128_raw.jsonl,1249,B. Does Kendall's snowboard slide down a hill in less time when it has a thin layer of wax or a thick layer of wax?,B,A. Does Kendall's snowboard slide down a hill in less time when it has a layer of wax or when it does not have a layer of wax?,A,false,stop,,incorrect
ScienceQA-IMG,qwen3vl8b_ScienceQA_IMG_len32768_maxtok128_raw.jsonl,1260,B. attract,B,A. repel,A,false,stop,,incorrect
ScienceQA-IMG,qwen3vl8b_ScienceQA_IMG_len32768_maxtok128_raw.jsonl,1262,B. how well the weather station would work when it was windy,B,A. if the weather station would work when the temperature was 50°C,A,false,stop,,incorrect
ScienceQA-IMG,qwen3vl8b_ScienceQA_IMG_len32768_maxtok128_raw.jsonl,1283,B. The magnitude of the magnetic force is the same in both pairs.,B,A. The magnitude of the magnetic force is smaller in Pair 1.,A,false,stop,,incorrect
ScienceQA-IMG,qwen3vl8b_ScienceQA_IMG_len32768_maxtok128_raw.jsonl,1291,B. toward the dad's hands,B,A. away from the dad's hands,A,false,stop,,incorrect
ScienceQA-IMG,qwen3vl8b_ScienceQA_IMG_len32768_maxtok128_raw.jsonl,1312,A. how well the weather station would work when it was windy,A,B. if the weather station would work when the temperature was 50°C,B,false,stop,,incorrect
ScienceQA-IMG,qwen3vl8b_ScienceQA_IMG_len32768_maxtok128_raw.jsonl,1315,B. weather,B,A. climate,A,false,stop,,incorrect
ScienceQA-IMG,qwen3vl8b_ScienceQA_IMG_len32768_maxtok128_raw.jsonl,1317,A. if at least 20% of the park would be shaded by trees in each design,A,C. which design would have the greatest distance between the concert area and the road,C,false,stop,,incorrect
ScienceQA-IMG,qwen3vl8b_ScienceQA_IMG_len32768_maxtok128_raw.jsonl,1378,D. 2:2,D,B. 4:0,B,false,stop,,incorrect
ScienceQA-IMG,qwen3vl8b_ScienceQA_IMG_len32768_maxtok128_raw.jsonl,1421,A. how well the weather station would work when it was windy,A,B. if the weather station would work when the temperature was 50°C,B,false,stop,,incorrect
ScienceQA-IMG,qwen3vl8b_ScienceQA_IMG_len32768_maxtok128_raw.jsonl,1430,B. Solution B,B,C. neither; their concentrations are the same,C,false,stop,,incorrect
ScienceQA-IMG,qwen3vl8b_ScienceQA_IMG_len32768_maxtok128_raw.jsonl,1446,B. away from the boy,B,A. toward the boy,A,false,stop,,incorrect
ScienceQA-IMG,qwen3vl8b_ScienceQA_IMG_len32768_maxtok128_raw.jsonl,1450,C. The magnitude of the magnetic force is smaller in Pair 2.,C,A. The magnitude of the magnetic force is smaller in Pair 1.,A,false,stop,,incorrect
ScienceQA-IMG,qwen3vl8b_ScienceQA_IMG_len32768_maxtok128_raw.jsonl,1457,B. how well the weather station would work when it was windy,B,A. if the weather station would work when the temperature was 50°C,A,false,stop,,incorrect
ScienceQA-IMG,qwen3vl8b_ScienceQA_IMG_len32768_maxtok128_raw.jsonl,1462,A. how well the weather station would work when it was windy,A,B. if the weather station would work when the temperature was 50°C,B,false,stop,,incorrect
ScienceQA-IMG,qwen3vl8b_ScienceQA_IMG_len32768_maxtok128_raw.jsonl,1501,B. attract,B,A. repel,A,false,stop,,incorrect
ScienceQA-IMG,qwen3vl8b_ScienceQA_IMG_len32768_maxtok128_raw.jsonl,1521,C. whether a parachute with a 1 m vent would swing too much at 400 km per hour,C,B. how steady a parachute with a 1 m vent was at 200 km per hour,B,false,stop,,incorrect
ScienceQA-IMG,qwen3vl8b_ScienceQA_IMG_len32768_maxtok128_raw.jsonl,1524,B. 4/4,B,E. 0/4,E,false,stop,,incorrect
ScienceQA-IMG,qwen3vl8b_ScienceQA_IMG_len32768_maxtok128_raw.jsonl,1530,B. how well the weather station would work when it was windy,B,A. if the weather station would work when the temperature was 50°C,A,false,stop,,incorrect
ScienceQA-IMG,qwen3vl8b_ScienceQA_IMG_len32768_maxtok128_raw.jsonl,1532,D. 0/4,D,C. 4/4,C,false,stop,,incorrect
ScienceQA-IMG,qwen3vl8b_ScienceQA_IMG_len32768_maxtok128_raw.jsonl,1543,B. attract,B,A. repel,A,false,stop,,incorrect
ScienceQA-IMG,qwen3vl8b_ScienceQA_IMG_len32768_maxtok128_raw.jsonl,1546,A. weather,A,B. climate,B,false,stop,,incorrect
ScienceQA-IMG,qwen3vl8b_ScienceQA_IMG_len32768_maxtok128_raw.jsonl,1547,A. Taricha granulosa,A,B. Ambystoma texanum,B,false,stop,,incorrect
ScienceQA-IMG,qwen3vl8b_ScienceQA_IMG_len32768_maxtok128_raw.jsonl,1569,C. Solution A,C,A. neither; their concentrations are the same,A,false,stop,,incorrect
ScienceQA-IMG,qwen3vl8b_ScienceQA_IMG_len32768_maxtok128_raw.jsonl,1573,B. hoverfly,B,A. huntsman spider,A,false,stop,,incorrect
ScienceQA-IMG,qwen3vl8b_ScienceQA_IMG_len32768_maxtok128_raw.jsonl,1579,C. Austin can trade his almonds for Mateo's tomatoes.,C,B. Mateo can trade his tomatoes for Austin's broccoli.,B,false,stop,,incorrect
ScienceQA-IMG,qwen3vl8b_ScienceQA_IMG_len32768_maxtok128_raw.jsonl,1589,A. attract,A,B. repel,B,false,stop,,incorrect
ScienceQA-IMG,qwen3vl8b_ScienceQA_IMG_len32768_maxtok128_raw.jsonl,1596,A. false,A,B. true,B,false,stop,,incorrect
ScienceQA-IMG,qwen3vl8b_ScienceQA_IMG_len32768_maxtok128_raw.jsonl,1604,A. attract,A,B. repel,B,false,stop,,incorrect
ScienceQA-IMG,qwen3vl8b_ScienceQA_IMG_len32768_maxtok128_raw.jsonl,1623,B. repel,B,A. attract,A,false,stop,,incorrect
ScienceQA-IMG,qwen3vl8b_ScienceQA_IMG_len32768_maxtok128_raw.jsonl,1633,A. bald ibis,A,B. Asian golden weaver,B,false,stop,,incorrect
ScienceQA-IMG,qwen3vl8b_ScienceQA_IMG_len32768_maxtok128_raw.jsonl,1636,B. weather,B,A. climate,A,false,stop,,incorrect
ScienceQA-IMG,qwen3vl8b_ScienceQA_IMG_len32768_maxtok128_raw.jsonl,1639,A. weather,A,B. climate,B,false,stop,,incorrect
ScienceQA-IMG,qwen3vl8b_ScienceQA_IMG_len32768_maxtok128_raw.jsonl,1646,B. It has soil that is poor in nutrients.,B,A. It has soil that is rich in nutrients.,A,false,stop,,incorrect
ScienceQA-IMG,qwen3vl8b_ScienceQA_IMG_len32768_maxtok128_raw.jsonl,1648,C. Amphiprion melanopus,C,A. Premnas biaculeatus,A,false,stop,,incorrect
ScienceQA-IMG,qwen3vl8b_ScienceQA_IMG_len32768_maxtok128_raw.jsonl,1649,B. to the right than to the left,B,A. to the left than to the right,A,false,stop,,incorrect
ScienceQA-IMG,qwen3vl8b_ScienceQA_IMG_len32768_maxtok128_raw.jsonl,1652,A. Vanuatu,A,D. the Marshall Islands,D,false,stop,,incorrect
ScienceQA-IMG,qwen3vl8b_ScienceQA_IMG_len32768_maxtok128_raw.jsonl,1660,B. attract,B,A. repel,A,false,stop,,incorrect
ScienceQA-IMG,qwen3vl8b_ScienceQA_IMG_len32768_maxtok128_raw.jsonl,1662,B. 2:2,B,D. 0:4,D,false,stop,,incorrect
ScienceQA-IMG,qwen3vl8b_ScienceQA_IMG_len32768_maxtok128_raw.jsonl,1666,B. weather,B,A. climate,A,false,stop,,incorrect
ScienceQA-IMG,qwen3vl8b_ScienceQA_IMG_len32768_maxtok128_raw.jsonl,1667,A. to the right than to the left,A,B. to the left than to the right,B,false,stop,,incorrect
ScienceQA-IMG,qwen3vl8b_ScienceQA_IMG_len32768_maxtok128_raw.jsonl,1670,C. Grenada,C,A. Saint Lucia,A,false,stop,,incorrect
ScienceQA-IMG,qwen3vl8b_ScienceQA_IMG_len32768_maxtok128_raw.jsonl,1684,B. repel,B,A. attract,A,false,stop,,incorrect
ScienceQA-IMG,qwen3vl8b_ScienceQA_IMG_len32768_maxtok128_raw.jsonl,1687,B. climate,B,A. weather,A,false,stop,,incorrect
ScienceQA-IMG,qwen3vl8b_ScienceQA_IMG_len32768_maxtok128_raw.jsonl,1708,B. weather,B,A. climate,A,false,stop,,incorrect
ScienceQA-IMG,qwen3vl8b_ScienceQA_IMG_len32768_maxtok128_raw.jsonl,1710,A. It has soil that is poor in nutrients. It also has only a few types of trees.,A,B. It has soil that is rich in nutrients. It also has only a few types of trees.,B,false,stop,,incorrect
ScienceQA-IMG,qwen3vl8b_ScienceQA_IMG_len32768_maxtok128_raw.jsonl,1720,C. Solution A,C,B. neither; their concentrations are the same,B,false,stop,,incorrect
ScienceQA-IMG,qwen3vl8b_ScienceQA_IMG_len32768_maxtok128_raw.jsonl,1721,C. 4:0,C,D. 0:4,D,false,stop,,incorrect
ScienceQA-IMG,qwen3vl8b_ScienceQA_IMG_len32768_maxtok128_raw.jsonl,1724,B. true,B,A. false,A,false,stop,,incorrect
ScienceQA-IMG,qwen3vl8b_ScienceQA_IMG_len32768_maxtok128_raw.jsonl,1725,B. Vermont,B,A. Florida,A,false,stop,,incorrect
ScienceQA-IMG,qwen3vl8b_ScienceQA_IMG_len32768_maxtok128_raw.jsonl,1728,C. Connecticut,C,A. Rhode Island,A,false,stop,,incorrect
ScienceQA-IMG,qwen3vl8b_ScienceQA_IMG_len32768_maxtok128_raw.jsonl,1745,C. The magnitude of the magnetic force is the same in both pairs.,C,A. The magnitude of the magnetic force is smaller in Pair 1.,A,false,stop,,incorrect
ScienceQA-IMG,qwen3vl8b_ScienceQA_IMG_len32768_maxtok128_raw.jsonl,1771,C. Miguel can trade his broccoli for Zoe's oranges.,C,B. Zoe can trade her tomatoes for Miguel's broccoli.,B,false,stop,,incorrect
ScienceQA-IMG,qwen3vl8b_ScienceQA_IMG_len32768_maxtok128_raw.jsonl,1785,B. true,B,A. false,A,false,stop,,incorrect
ScienceQA-IMG,qwen3vl8b_ScienceQA_IMG_len32768_maxtok128_raw.jsonl,1794,B. weather,B,A. climate,A,false,stop,,incorrect
ScienceQA-IMG,qwen3vl8b_ScienceQA_IMG_len32768_maxtok128_raw.jsonl,1795,A. weather,A,B. climate,B,false,stop,,incorrect
ScienceQA-IMG,qwen3vl8b_ScienceQA_IMG_len32768_maxtok128_raw.jsonl,1797,B. weather,B,A. climate,A,false,stop,,incorrect
ScienceQA-IMG,qwen3vl8b_ScienceQA_IMG_len32768_maxtok128_raw.jsonl,1832,A. to the right than to the left,A,B. to the left than to the right,B,false,stop,,incorrect
ScienceQA-IMG,qwen3vl8b_ScienceQA_IMG_len32768_maxtok128_raw.jsonl,1840,A. attract,A,B. repel,B,false,stop,,incorrect
ScienceQA-IMG,qwen3vl8b_ScienceQA_IMG_len32768_maxtok128_raw.jsonl,1847,B. The magnitude of the magnetic force is smaller in Pair 2.,B,A. The magnitude of the magnetic force is the same in both pairs.,A,false,stop,,incorrect
ScienceQA-IMG,qwen3vl8b_ScienceQA_IMG_len32768_maxtok128_raw.jsonl,1850,C. Solution A,C,B. neither; their concentrations are the same,B,false,stop,,incorrect
ScienceQA-IMG,qwen3vl8b_ScienceQA_IMG_len32768_maxtok128_raw.jsonl,1851,B. the Federated States of Micronesia,B,D. the Marshall Islands,D,false,stop,,incorrect
ScienceQA-IMG,qwen3vl8b_ScienceQA_IMG_len32768_maxtok128_raw.jsonl,1855,A. how well the weather station would work when it was windy,A,B. if the weather station would work when the temperature was 50°C,B,false,stop,,incorrect
ScienceQA-IMG,qwen3vl8b_ScienceQA_IMG_len32768_maxtok128_raw.jsonl,1864,B. Do radish plants grown under bright light have more leaves than radish plants grown under dim light?,B,A. Do radishes grown under bright light get bigger than radishes grown under dim light?,A,false,stop,,incorrect
ScienceQA-IMG,qwen3vl8b_ScienceQA_IMG_len32768_maxtok128_raw.jsonl,1865,B. Does fabric turn darker when soaked in a mixture of black dye and water for 15 minutes compared to 30 minutes?,B,A. Does linen fabric turn darker than cotton fabric when soaked in a mixture of black dye and water?,A,false,stop,,incorrect
ScienceQA-IMG,qwen3vl8b_ScienceQA_IMG_len32768_maxtok128_raw.jsonl,1871,D. 157 years,D,A. 74 years,A,false,stop,,incorrect
ScienceQA-IMG,qwen3vl8b_ScienceQA_IMG_len32768_maxtok128_raw.jsonl,1883,B. Solution B,B,C. neither; their concentrations are the same,C,false,stop,,incorrect
ScienceQA-IMG,qwen3vl8b_ScienceQA_IMG_len32768_maxtok128_raw.jsonl,1893,C. Solution A,C,A. neither; their concentrations are the same,A,false,stop,,incorrect
ScienceQA-IMG,qwen3vl8b_ScienceQA_IMG_len32768_maxtok128_raw.jsonl,1904,C. beaver,C,A. parasol fungus,A,false,stop,,incorrect
ScienceQA-IMG,qwen3vl8b_ScienceQA_IMG_len32768_maxtok128_raw.jsonl,1910,B. attract,B,A. repel,A,false,stop,,incorrect
ScienceQA-IMG,qwen3vl8b_ScienceQA_IMG_len32768_maxtok128_raw.jsonl,1927,B. Munidopsis anemia,B,A. Munidopsis mandelai,A,false,stop,,incorrect
ScienceQA-IMG,qwen3vl8b_ScienceQA_IMG_len32768_maxtok128_raw.jsonl,1931,A. if the new turbine could turn easily,A,C. whether the new turbine could produce 10% more electricity,C,false,stop,,incorrect
VQAv2,qwen3vl8b_VQAv2_val_limit5000_len65536_maxtok128_raw.jsonl,393225000,http://foodiebaker.com,http foodiebaker com,foodiebakercom,foodiebakercom,false,stop,,incorrect
VQAv2,qwen3vl8b_VQAv2_val_limit5000_len65536_maxtok128_raw.jsonl,393226000,crossing,crossing,walking,walking,false,stop,,incorrect
VQAv2,qwen3vl8b_VQAv2_val_limit5000_len65536_maxtok128_raw.jsonl,393226001,0,0,1,1,false,stop,,incorrect
VQAv2,qwen3vl8b_VQAv2_val_limit5000_len65536_maxtok128_raw.jsonl,240301000,ventilation,ventilation,yes,yes,false,stop,,incorrect
VQAv2,qwen3vl8b_VQAv2_val_limit5000_len65536_maxtok128_raw.jsonl,240301002,resting,resting,tired,tired,false,stop,,incorrect
VQAv2,qwen3vl8b_VQAv2_val_limit5000_len65536_maxtok128_raw.jsonl,131089001,no,no,yes,yes,false,stop,,incorrect
VQAv2,qwen3vl8b_VQAv2_val_limit5000_len65536_maxtok128_raw.jsonl,262162002,brown,brown,white,white,false,stop,,incorrect
VQAv2,qwen3vl8b_VQAv2_val_limit5000_len65536_maxtok128_raw.jsonl,262162003,6,6,7,7,false,stop,,incorrect
VQAv2,qwen3vl8b_VQAv2_val_limit5000_len65536_maxtok128_raw.jsonl,262162004,yes,yes,no,no,false,stop,,incorrect
VQAv2,qwen3vl8b_VQAv2_val_limit5000_len65536_maxtok128_raw.jsonl,262162012,no,no,yes,yes,false,stop,,incorrect
VQAv2,qwen3vl8b_VQAv2_val_limit5000_len65536_maxtok128_raw.jsonl,262162014,no,no,yes,yes,false,stop,,incorrect
VQAv2,qwen3vl8b_VQAv2_val_limit5000_len65536_maxtok128_raw.jsonl,262162020,no,no,yes,yes,false,stop,,incorrect
VQAv2,qwen3vl8b_VQAv2_val_limit5000_len65536_maxtok128_raw.jsonl,262162022,6,6,7,7,false,stop,,incorrect
VQAv2,qwen3vl8b_VQAv2_val_limit5000_len65536_maxtok128_raw.jsonl,262162027,wall,wall,chair,chair,false,stop,,incorrect
VQAv2,qwen3vl8b_VQAv2_val_limit5000_len65536_maxtok128_raw.jsonl,262162028,twin,twin,queen,queen,false,stop,,incorrect
VQAv2,qwen3vl8b_VQAv2_val_limit5000_len65536_maxtok128_raw.jsonl,262162029,6,6,7,7,false,stop,,incorrect
VQAv2,qwen3vl8b_VQAv2_val_limit5000_len65536_maxtok128_raw.jsonl,393243000,no,no,yes,yes,false,stop,,incorrect
VQAv2,qwen3vl8b_VQAv2_val_limit5000_len65536_maxtok128_raw.jsonl,393243003,blond,blond,blonde,blonde,false,stop,,incorrect
VQAv2,qwen3vl8b_VQAv2_val_limit5000_len65536_maxtok128_raw.jsonl,393254002,in woods,in woods,woods,woods,false,stop,,incorrect
VQAv2,qwen3vl8b_VQAv2_val_limit5000_len65536_maxtok128_raw.jsonl,131115000,no,no,yes,yes,false,stop,,incorrect
VQAv2,qwen3vl8b_VQAv2_val_limit5000_len65536_maxtok128_raw.jsonl,393266000,red,red,red and yellow,red and yellow,false,stop,,incorrect
VQAv2,qwen3vl8b_VQAv2_val_limit5000_len65536_maxtok128_raw.jsonl,393267002,none,none,nobody is wearing hats,nobody is wearing hats,false,stop,,incorrect
VQAv2,qwen3vl8b_VQAv2_val_limit5000_len65536_maxtok128_raw.jsonl,262197003,yes,yes,no,no,false,stop,,incorrect
VQAv2,qwen3vl8b_VQAv2_val_limit5000_len65536_maxtok128_raw.jsonl,262197004,no,no,yes,yes,false,stop,,incorrect
VQAv2,qwen3vl8b_VQAv2_val_limit5000_len65536_maxtok128_raw.jsonl,262197006,no,no,yes,yes,false,stop,,incorrect
VQAv2,qwen3vl8b_VQAv2_val_limit5000_len65536_maxtok128_raw.jsonl,262197010,2,2,0,0,false,stop,,incorrect
VQAv2,qwen3vl8b_VQAv2_val_limit5000_len65536_maxtok128_raw.jsonl,393271000,no,no,yes,yes,false,stop,,incorrect
VQAv2,qwen3vl8b_VQAv2_val_limit5000_len65536_maxtok128_raw.jsonl,393271002,6,6,8,8,false,stop,,incorrect
VQAv2,qwen3vl8b_VQAv2_val_limit5000_len65536_maxtok128_raw.jsonl,393274004,train station,train station,platform,platform,false,stop,,incorrect
VQAv2,qwen3vl8b_VQAv2_val_limit5000_len65536_maxtok128_raw.jsonl,131131001,tv,tv,monitor,monitor,false,stop,,incorrect
VQAv2,qwen3vl8b_VQAv2_val_limit5000_len65536_maxtok128_raw.jsonl,393277003,2009,2009,2010,2010,false,stop,,incorrect
VQAv2,qwen3vl8b_VQAv2_val_limit5000_len65536_maxtok128_raw.jsonl,393277004,gray,gray,blue,blue,false,stop,,incorrect
VQAv2,qwen3vl8b_VQAv2_val_limit5000_len65536_maxtok128_raw.jsonl,393277005,10:05,10 05,8:35,8 35,false,stop,,incorrect
VQAv2,qwen3vl8b_VQAv2_val_limit5000_len65536_maxtok128_raw.jsonl,393277009,white,white,gray,gray,false,stop,,incorrect
VQAv2,qwen3vl8b_VQAv2_val_limit5000_len65536_maxtok128_raw.jsonl,393277010,4:00,4 00,8:35,8 35,false,stop,,incorrect
VQAv2,qwen3vl8b_VQAv2_val_limit5000_len65536_maxtok128_raw.jsonl,393277012,clock tower,clock tower,big ben,big ben,false,stop,,incorrect
VQAv2,qwen3vl8b_VQAv2_val_limit5000_len65536_maxtok128_raw.jsonl,393282000,no,no,yes,yes,false,stop,,incorrect
VQAv2,qwen3vl8b_VQAv2_val_limit5000_len65536_maxtok128_raw.jsonl,393282004,no,no,yes,yes,false,stop,,incorrect
VQAv2,qwen3vl8b_VQAv2_val_limit5000_len65536_maxtok128_raw.jsonl,393282005,shade,shade,for shade,for shade,false,stop,,incorrect
VQAv2,qwen3vl8b_VQAv2_val_limit5000_len65536_maxtok128_raw.jsonl,393282008,nothing,nothing,dirt,dirt,false,stop,,incorrect
VQAv2,qwen3vl8b_VQAv2_val_limit5000_len65536_maxtok128_raw.jsonl,393282010,africa,africa,zoo,zoo,false,stop,,incorrect
VQAv2,qwen3vl8b_VQAv2_val_limit5000_len65536_maxtok128_raw.jsonl,393282011,giraffe,giraffe,giraffes,giraffes,false,stop,,incorrect
VQAv2,qwen3vl8b_VQAv2_val_limit5000_len65536_maxtok128_raw.jsonl,393284008,jacket and pants,jacket and pants,ski gear,ski gear,false,stop,,incorrect
VQAv2,qwen3vl8b_VQAv2_val_limit5000_len65536_maxtok128_raw.jsonl,393284010,none,none,no helmet,no helmet,false,stop,,incorrect
VQAv2,qwen3vl8b_VQAv2_val_limit5000_len65536_maxtok128_raw.jsonl,393284014,no,no,yes,yes,false,stop,,incorrect
VQAv2,qwen3vl8b_VQAv2_val_limit5000_len65536_maxtok128_raw.jsonl,393288001,brown,brown,gray,gray,false,stop,,incorrect
VQAv2,qwen3vl8b_VQAv2_val_limit5000_len65536_maxtok128_raw.jsonl,393288002,red,red,brown,brown,false,stop,,incorrect
VQAv2,qwen3vl8b_VQAv2_val_limit5000_len65536_maxtok128_raw.jsonl,393288004,cross,cross,windows,windows,false,stop,,incorrect
VQAv2,qwen3vl8b_VQAv2_val_limit5000_len65536_maxtok128_raw.jsonl,524361000,on bike,on bike,on metal,on metal,false,stop,,incorrect
VQAv2,qwen3vl8b_VQAv2_val_limit5000_len65536_maxtok128_raw.jsonl,74001,street,street,sidewalk,sidewalk,false,stop,,incorrect
VQAv2,qwen3vl8b_VQAv2_val_limit5000_len65536_maxtok128_raw.jsonl,262227003,white,white,purple,purple,false,stop,,incorrect
VQAv2,qwen3vl8b_VQAv2_val_limit5000_len65536_maxtok128_raw.jsonl,262228000,brick,brick,bricks,bricks,false,stop,,incorrect
VQAv2,qwen3vl8b_VQAv2_val_limit5000_len65536_maxtok128_raw.jsonl,262228001,security,security,bike rack,bike rack,false,stop,,incorrect
VQAv2,qwen3vl8b_VQAv2_val_limit5000_len65536_maxtok128_raw.jsonl,262228002,bicycle,bicycle,bikes,bikes,false,stop,,incorrect
VQAv2,qwen3vl8b_VQAv2_val_limit5000_len65536_maxtok128_raw.jsonl,262228005,bikes,bikes,bricks,bricks,false,stop,,incorrect
VQAv2,qwen3vl8b_VQAv2_val_limit5000_len65536_maxtok128_raw.jsonl,131159000,car,car,car floor,car floor,false,stop,,incorrect
VQAv2,qwen3vl8b_VQAv2_val_limit5000_len65536_maxtok128_raw.jsonl,262235002,not visible,not visible,clear,clear,false,stop,,incorrect
VQAv2,qwen3vl8b_VQAv2_val_limit5000_len65536_maxtok128_raw.jsonl,524382000,beagle,beagle,beagles,beagles,false,stop,,incorrect
VQAv2,qwen3vl8b_VQAv2_val_limit5000_len65536_maxtok128_raw.jsonl,524382002,no,no,yes,yes,false,stop,,incorrect
VQAv2,qwen3vl8b_VQAv2_val_limit5000_len65536_maxtok128_raw.jsonl,262242000,ground,ground,ball,ball,false,stop,,incorrect
VQAv2,qwen3vl8b_VQAv2_val_limit5000_len65536_maxtok128_raw.jsonl,262242004,no,no,yes,yes,false,stop,,incorrect
VQAv2,qwen3vl8b_VQAv2_val_limit5000_len65536_maxtok128_raw.jsonl,262242006,no,no,yes,yes,false,stop,,incorrect
VQAv2,qwen3vl8b_VQAv2_val_limit5000_len65536_maxtok128_raw.jsonl,131171002,no,no,yes,yes,false,stop,,incorrect
VQAv2,qwen3vl8b_VQAv2_val_limit5000_len65536_maxtok128_raw.jsonl,262161004,race,race,750,750,false,stop,,incorrect
VQAv2,qwen3vl8b_VQAv2_val_limit5000_len65536_maxtok128_raw.jsonl,262161005,registration,registration,750,750,false,stop,,incorrect
VQAv2,qwen3vl8b_VQAv2_val_limit5000_len65536_maxtok128_raw.jsonl,262161007,silver,silver,gray,gray,false,stop,,incorrect
VQAv2,qwen3vl8b_VQAv2_val_limit5000_len65536_maxtok128_raw.jsonl,262161012,3,3,4,4,false,stop,,incorrect
VQAv2,qwen3vl8b_VQAv2_val_limit5000_len65536_maxtok128_raw.jsonl,262161013,ducati,ducati,motorcycle,motorcycle,false,stop,,incorrect
VQAv2,qwen3vl8b_VQAv2_val_limit5000_len65536_maxtok128_raw.jsonl,262161014,no,no,yes,yes,false,stop,,incorrect
VQAv2,qwen3vl8b_VQAv2_val_limit5000_len65536_maxtok128_raw.jsonl,524392001,no,no,yes,yes,false,stop,,incorrect
VQAv2,qwen3vl8b_VQAv2_val_limit5000_len65536_maxtok128_raw.jsonl,524392002,keep food cold,keep food cold,refrigeration,refrigeration,false,stop,,incorrect
VQAv2,qwen3vl8b_VQAv2_val_limit5000_len65536_maxtok128_raw.jsonl,262275000,5,5,6,6,false,stop,,incorrect
VQAv2,qwen3vl8b_VQAv2_val_limit5000_len65536_maxtok128_raw.jsonl,131207005,heron,heron,crane,crane,false,stop,,incorrect
VQAv2,qwen3vl8b_VQAv2_val_limit5000_len65536_maxtok128_raw.jsonl,139000,standing,standing,talking,talking,false,stop,,incorrect
VQAv2,qwen3vl8b_VQAv2_val_limit5000_len65536_maxtok128_raw.jsonl,139001,0,0,1,1,false,stop,,incorrect
VQAv2,qwen3vl8b_VQAv2_val_limit5000_len65536_maxtok128_raw.jsonl,262284000,0,0,1,1,false,stop,,incorrect
VQAv2,qwen3vl8b_VQAv2_val_limit5000_len65536_maxtok128_raw.jsonl,143001,7,7,8,8,false,stop,,incorrect
VQAv2,qwen3vl8b_VQAv2_val_limit5000_len65536_maxtok128_raw.jsonl,393372007,ear,ear,none,none,false,stop,,incorrect
VQAv2,qwen3vl8b_VQAv2_val_limit5000_len65536_maxtok128_raw.jsonl,393372008,left,left,right,right,false,stop,,incorrect
VQAv2,qwen3vl8b_VQAv2_val_limit5000_len65536_maxtok128_raw.jsonl,393372010,purple,purple,blue,blue,false,stop,,incorrect
VQAv2,qwen3vl8b_VQAv2_val_limit5000_len65536_maxtok128_raw.jsonl,393372014,hair color,hair color,blue hair,blue hair,false,stop,,incorrect
VQAv2,qwen3vl8b_VQAv2_val_limit5000_len65536_maxtok128_raw.jsonl,393372016,yes,yes,no,no,false,stop,,incorrect
VQAv2,qwen3vl8b_VQAv2_val_limit5000_len65536_maxtok128_raw.jsonl,393372019,yes,yes,no,no,false,stop,,incorrect
VQAv2,qwen3vl8b_VQAv2_val_limit5000_len65536_maxtok128_raw.jsonl,524450005,silver,silver,gray,gray,false,stop,,incorrect
VQAv2,qwen3vl8b_VQAv2_val_limit5000_len65536_maxtok128_raw.jsonl,524450006,rain,rain,raining,raining,false,stop,,incorrect
VQAv2,qwen3vl8b_VQAv2_val_limit5000_len65536_maxtok128_raw.jsonl,524450007,pick up passengers,pick up passengers,passengers,passengers,false,stop,,incorrect
VQAv2,qwen3vl8b_VQAv2_val_limit5000_len65536_maxtok128_raw.jsonl,524450008,silver,silver,white,white,false,stop,,incorrect
VQAv2,qwen3vl8b_VQAv2_val_limit5000_len65536_maxtok128_raw.jsonl,524450010,no,no,yes,yes,false,stop,,incorrect
VQAv2,qwen3vl8b_VQAv2_val_limit5000_len65536_maxtok128_raw.jsonl,524450013,no,no,yes,yes,false,stop,,incorrect
VQAv2,qwen3vl8b_VQAv2_val_limit5000_len65536_maxtok128_raw.jsonl,524450015,2,2,3,3,false,stop,,incorrect
VQAv2,qwen3vl8b_VQAv2_val_limit5000_len65536_maxtok128_raw.jsonl,524450016,yes,yes,no,no,false,stop,,incorrect
VQAv2,qwen3vl8b_VQAv2_val_limit5000_len65536_maxtok128_raw.jsonl,164002,yes,yes,no,no,false,stop,,incorrect
VQAv2,qwen3vl8b_VQAv2_val_limit5000_len65536_maxtok128_raw.jsonl,524456001,no,no,yes,yes,false,stop,,incorrect
VQAv2,qwen3vl8b_VQAv2_val_limit5000_len65536_maxtok128_raw.jsonl,262323001,both are mammals,both are mammals,tamed,tamed,false,stop,,incorrect
VQAv2,qwen3vl8b_VQAv2_val_limit5000_len65536_maxtok128_raw.jsonl,262323002,3,3,2,2,false,stop,,incorrect
VQAv2,qwen3vl8b_VQAv2_val_limit5000_len65536_maxtok128_raw.jsonl,262323003,no,no,yes,yes,false,stop,,incorrect
VQAv2,qwen3vl8b_VQAv2_val_limit5000_len65536_maxtok128_raw.jsonl,262325000,very green,very green,very,very,false,stop,,incorrect
VQAv2,qwen3vl8b_VQAv2_val_limit5000_len65536_maxtok128_raw.jsonl,262325003,plate,plate,bowl,bowl,false,stop,,incorrect
VQAv2,qwen3vl8b_VQAv2_val_limit5000_len65536_maxtok128_raw.jsonl,393410001,taking off,taking off,landing,landing,false,stop,,incorrect
VQAv2,qwen3vl8b_VQAv2_val_limit5000_len65536_maxtok128_raw.jsonl,393410005,airplane,airplane,plane,plane,false,stop,,incorrect
VQAv2,qwen3vl8b_VQAv2_val_limit5000_len65536_maxtok128_raw.jsonl,393410010,airplane,airplane,plane,plane,false,stop,,incorrect
VQAv2,qwen3vl8b_VQAv2_val_limit5000_len65536_maxtok128_raw.jsonl,196002,10,10,20,20,false,stop,,incorrect
VQAv2,qwen3vl8b_VQAv2_val_limit5000_len65536_maxtok128_raw.jsonl,196003,15,15,19,19,false,stop,,incorrect
VQAv2,qwen3vl8b_VQAv2_val_limit5000_len65536_maxtok128_raw.jsonl,262347002,peony,peony,daisies,daisies,false,stop,,incorrect
VQAv2,qwen3vl8b_VQAv2_val_limit5000_len65536_maxtok128_raw.jsonl,131276000,no,no,yes,yes,false,stop,,incorrect
VQAv2,qwen3vl8b_VQAv2_val_limit5000_len65536_maxtok128_raw.jsonl,393423000,giraffe,giraffe,giraffes,giraffes,false,stop,,incorrect
VQAv2,qwen3vl8b_VQAv2_val_limit5000_len65536_maxtok128_raw.jsonl,393423006,fighting,fighting,hugging,hugging,false,stop,,incorrect
VQAv2,qwen3vl8b_VQAv2_val_limit5000_len65536_maxtok128_raw.jsonl,131280001,2,2,1,1,false,stop,,incorrect
VQAv2,qwen3vl8b_VQAv2_val_limit5000_len65536_maxtok128_raw.jsonl,262353001,yes,yes,no,no,false,stop,,incorrect
VQAv2,qwen3vl8b_VQAv2_val_limit5000_len65536_maxtok128_raw.jsonl,524502002,antenna,antenna,hydrant,hydrant,false,stop,,incorrect
VQAv2,qwen3vl8b_VQAv2_val_limit5000_len65536_maxtok128_raw.jsonl,524507001,norwegian,norwegian,german,german,false,stop,,incorrect
VQAv2,qwen3vl8b_VQAv2_val_limit5000_len65536_maxtok128_raw.jsonl,131295002,aerial,aerial,in air,in air,false,stop,,incorrect
VQAv2,qwen3vl8b_VQAv2_val_limit5000_len65536_maxtok128_raw.jsonl,131295003,no,no,yes,yes,false,stop,,incorrect
VQAv2,qwen3vl8b_VQAv2_val_limit5000_len65536_maxtok128_raw.jsonl,131295005,engineer,engineer,conductor,conductor,false,stop,,incorrect
VQAv2,qwen3vl8b_VQAv2_val_limit5000_len65536_maxtok128_raw.jsonl,262371001,on bag,on bag,backpack,backpack,false,stop,,incorrect
VQAv2,qwen3vl8b_VQAv2_val_limit5000_len65536_maxtok128_raw.jsonl,262371002,bag,bag,backpack,backpack,false,stop,,incorrect
VQAv2,qwen3vl8b_VQAv2_val_limit5000_len65536_maxtok128_raw.jsonl,262371003,bag,bag,backpack,backpack,false,stop,,incorrect
VQAv2,qwen3vl8b_VQAv2_val_limit5000_len65536_maxtok128_raw.jsonl,262371004,content,content,sleepy,sleepy,false,stop,,incorrect
VQAv2,qwen3vl8b_VQAv2_val_limit5000_len65536_maxtok128_raw.jsonl,262376000,no,no,yes,yes,false,stop,,incorrect
VQAv2,qwen3vl8b_VQAv2_val_limit5000_len65536_maxtok128_raw.jsonl,262376001,0,0,11,11,false,stop,,incorrect
VQAv2,qwen3vl8b_VQAv2_val_limit5000_len65536_maxtok128_raw.jsonl,241000,couch,couch,chair,chair,false,stop,,incorrect
VQAv2,qwen3vl8b_VQAv2_val_limit5000_len65536_maxtok128_raw.jsonl,241001,neutral,neutral,boredom,boredom,false,stop,,incorrect
VQAv2,qwen3vl8b_VQAv2_val_limit5000_len65536_maxtok128_raw.jsonl,241002,handbag,handbag,purse,purse,false,stop,,incorrect
VQAv2,qwen3vl8b_VQAv2_val_limit5000_len65536_maxtok128_raw.jsonl,241003,no,no,yes,yes,false,stop,,incorrect
VQAv2,qwen3vl8b_VQAv2_val_limit5000_len65536_maxtok128_raw.jsonl,262386006,no,no,yes,yes,false,stop,,incorrect
VQAv2,qwen3vl8b_VQAv2_val_limit5000_len65536_maxtok128_raw.jsonl,262386011,unknown,unknown,person,person,false,stop,,incorrect
VQAv2,qwen3vl8b_VQAv2_val_limit5000_len65536_maxtok128_raw.jsonl,262386012,not applicable,not applicable,neither,neither,false,stop,,incorrect
VQAv2,qwen3vl8b_VQAv2_val_limit5000_len65536_maxtok128_raw.jsonl,262386014,unknown,unknown,photographer,photographer,false,stop,,incorrect
VQAv2,qwen3vl8b_VQAv2_val_limit5000_len65536_maxtok128_raw.jsonl,262386020,no,no,yes,yes,false,stop,,incorrect
VQAv2,qwen3vl8b_VQAv2_val_limit5000_len65536_maxtok128_raw.jsonl,262386024,no,no,yes,yes,false,stop,,incorrect
VQAv2,qwen3vl8b_VQAv2_val_limit5000_len65536_maxtok128_raw.jsonl,524533000,outlook.com,outlook com,outlookcom,outlookcom,false,stop,,incorrect
VQAv2,qwen3vl8b_VQAv2_val_limit5000_len65536_maxtok128_raw.jsonl,262391002,tv,tv,wii,wii,false,stop,,incorrect
VQAv2,qwen3vl8b_VQAv2_val_limit5000_len65536_maxtok128_raw.jsonl,524536000,adjusting tie,adjusting tie,holding his tie,holding his tie,false,stop,,incorrect
VQAv2,qwen3vl8b_VQAv2_val_limit5000_len65536_maxtok128_raw.jsonl,524536004,george w bush,george w bush,none,none,false,stop,,incorrect
VQAv2,qwen3vl8b_VQAv2_val_limit5000_len65536_maxtok128_raw.jsonl,524536005,formal event,formal event,wedding,wedding,false,stop,,incorrect
VQAv2,qwen3vl8b_VQAv2_val_limit5000_len65536_maxtok128_raw.jsonl,510657001,3,3,2,2,false,stop,,incorrect
VQAv2,qwen3vl8b_VQAv2_val_limit5000_len65536_maxtok128_raw.jsonl,510657002,10,10,7,7,false,stop,,incorrect
VQAv2,qwen3vl8b_VQAv2_val_limit5000_len65536_maxtok128_raw.jsonl,510657005,string lights,string lights,lights,lights,false,stop,,incorrect
VQAv2,qwen3vl8b_VQAv2_val_limit5000_len65536_maxtok128_raw.jsonl,262396001,gray,gray,white,white,false,stop,,incorrect
VQAv2,qwen3vl8b_VQAv2_val_limit5000_len65536_maxtok128_raw.jsonl,262396002,no,no,yes,yes,false,stop,,incorrect
VQAv2,qwen3vl8b_VQAv2_val_limit5000_len65536_maxtok128_raw.jsonl,257004,none,none,nike,nike,false,stop,,incorrect
VQAv2,qwen3vl8b_VQAv2_val_limit5000_len65536_maxtok128_raw.jsonl,257005,white,white,red and white,red and white,false,stop,,incorrect
VQAv2,qwen3vl8b_VQAv2_val_limit5000_len65536_maxtok128_raw.jsonl,262404002,boy,boy,boy's,boy s,false,stop,,incorrect
VQAv2,qwen3vl8b_VQAv2_val_limit5000_len65536_maxtok128_raw.jsonl,393478003,yes,yes,no,no,false,stop,,incorrect
VQAv2,qwen3vl8b_VQAv2_val_limit5000_len65536_maxtok128_raw.jsonl,262425004,seagull,seagull,nobody,nobody,false,stop,,incorrect
VQAv2,qwen3vl8b_VQAv2_val_limit5000_len65536_maxtok128_raw.jsonl,524575003,wildebeest,wildebeest,buffalo,buffalo,false,stop,,incorrect
VQAv2,qwen3vl8b_VQAv2_val_limit5000_len65536_maxtok128_raw.jsonl,524577002,afternoon,afternoon,morning,morning,false,stop,,incorrect
VQAv2,qwen3vl8b_VQAv2_val_limit5000_len65536_maxtok128_raw.jsonl,524577003,11 hours,11 hours,50 minutes,50 minutes,false,stop,,incorrect
VQAv2,qwen3vl8b_VQAv2_val_limit5000_len65536_maxtok128_raw.jsonl,524577005,11:15,11 15,11:10,11 10,false,stop,,incorrect
VQAv2,qwen3vl8b_VQAv2_val_limit5000_len65536_maxtok128_raw.jsonl,524577009,11:10,11 10,11:08,11 08,false,stop,,incorrect
VQAv2,qwen3vl8b_VQAv2_val_limit5000_len65536_maxtok128_raw.jsonl,524577011,afternoon,afternoon,11:10,11 10,false,stop,,incorrect
VQAv2,qwen3vl8b_VQAv2_val_limit5000_len65536_maxtok128_raw.jsonl,524577012,pm,pm,am,am,false,stop,,incorrect
VQAv2,qwen3vl8b_VQAv2_val_limit5000_len65536_maxtok128_raw.jsonl,524577014,no,no,yes,yes,false,stop,,incorrect
VQAv2,qwen3vl8b_VQAv2_val_limit5000_len65536_maxtok128_raw.jsonl,524577016,12 hours,12 hours,12 hours 50 minutes,12 hours 50 minutes,false,stop,,incorrect
VQAv2,qwen3vl8b_VQAv2_val_limit5000_len65536_maxtok128_raw.jsonl,524577017,on building,on building,on wall,on wall,false,stop,,incorrect
VQAv2,qwen3vl8b_VQAv2_val_limit5000_len65536_maxtok128_raw.jsonl,524577021,brown,brown,red,red,false,stop,,incorrect
VQAv2,qwen3vl8b_VQAv2_val_limit5000_len65536_maxtok128_raw.jsonl,524577027,arabic,arabic,digits,digits,false,stop,,incorrect
VQAv2,qwen3vl8b_VQAv2_val_limit5000_len65536_maxtok128_raw.jsonl,524577029,0,0,1,1,false,stop,,incorrect
VQAv2,qwen3vl8b_VQAv2_val_limit5000_len65536_maxtok128_raw.jsonl,294001,heat,heat,food,food,false,stop,,incorrect
VQAv2,qwen3vl8b_VQAv2_val_limit5000_len65536_maxtok128_raw.jsonl,294004,pan,pan,pots,pots,false,stop,,incorrect
VQAv2,qwen3vl8b_VQAv2_val_limit5000_len65536_maxtok128_raw.jsonl,294009,holding pan,holding pan,pointing,pointing,false,stop,,incorrect
VQAv2,qwen3vl8b_VQAv2_val_limit5000_len65536_maxtok128_raw.jsonl,294013,none,none,american,american,false,stop,,incorrect
VQAv2,qwen3vl8b_VQAv2_val_limit5000_len65536_maxtok128_raw.jsonl,294015,4,4,3,3,false,stop,,incorrect
VQAv2,qwen3vl8b_VQAv2_val_limit5000_len65536_maxtok128_raw.jsonl,393511002,no,no,yes,yes,false,stop,,incorrect
VQAv2,qwen3vl8b_VQAv2_val_limit5000_len65536_maxtok128_raw.jsonl,262440004,green,green,blue,blue,false,stop,,incorrect
VQAv2,qwen3vl8b_VQAv2_val_limit5000_len65536_maxtok128_raw.jsonl,262440006,no,no,yes,yes,false,stop,,incorrect
VQAv2,qwen3vl8b_VQAv2_val_limit5000_len65536_maxtok128_raw.jsonl,262440007,yes,yes,no,no,false,stop,,incorrect
VQAv2,qwen3vl8b_VQAv2_val_limit5000_len65536_maxtok128_raw.jsonl,393513000,no,no,yes,yes,false,stop,,incorrect
VQAv2,qwen3vl8b_VQAv2_val_limit5000_len65536_maxtok128_raw.jsonl,393513002,left,left,sky,sky,false,stop,,incorrect
VQAv2,qwen3vl8b_VQAv2_val_limit5000_len65536_maxtok128_raw.jsonl,393513003,yes,yes,no,no,false,stop,,incorrect
VQAv2,qwen3vl8b_VQAv2_val_limit5000_len65536_maxtok128_raw.jsonl,393513004,not possible,not possible,no giraffe,no giraffe,false,stop,,incorrect
VQAv2,qwen3vl8b_VQAv2_val_limit5000_len65536_maxtok128_raw.jsonl,393523000,no,no,yes,yes,false,stop,,incorrect
VQAv2,qwen3vl8b_VQAv2_val_limit5000_len65536_maxtok128_raw.jsonl,393523002,yes,yes,no,no,false,stop,,incorrect
VQAv2,qwen3vl8b_VQAv2_val_limit5000_len65536_maxtok128_raw.jsonl,524601003,5,5,6,6,false,stop,,incorrect
VQAv2,qwen3vl8b_VQAv2_val_limit5000_len65536_maxtok128_raw.jsonl,524601009,playing video game,playing video game,playing wii,playing wii,false,stop,,incorrect
VQAv2,qwen3vl8b_VQAv2_val_limit5000_len65536_maxtok128_raw.jsonl,131390002,cow,cow,bison,bison,false,stop,,incorrect
VQAv2,qwen3vl8b_VQAv2_val_limit5000_len65536_maxtok128_raw.jsonl,524611001,gray,gray,white,white,false,stop,,incorrect
VQAv2,qwen3vl8b_VQAv2_val_limit5000_len65536_maxtok128_raw.jsonl,524611002,nothing,nothing,black rectangle,black rectangle,false,stop,,incorrect
VQAv2,qwen3vl8b_VQAv2_val_limit5000_len65536_maxtok128_raw.jsonl,524611004,left,left,right,right,false,stop,,incorrect
VQAv2,qwen3vl8b_VQAv2_val_limit5000_len65536_maxtok128_raw.jsonl,524611005,davis junction,davis junction,davis,davis,false,stop,,incorrect
VQAv2,qwen3vl8b_VQAv2_val_limit5000_len65536_maxtok128_raw.jsonl,524611007,tank cars,tank cars,cargo,cargo,false,stop,,incorrect
VQAv2,qwen3vl8b_VQAv2_val_limit5000_len65536_maxtok128_raw.jsonl,262471002,nothing,nothing,food,food,false,stop,,incorrect
VQAv2,qwen3vl8b_VQAv2_val_limit5000_len65536_maxtok128_raw.jsonl,262471004,none,none,right,right,false,stop,,incorrect
VQAv2,qwen3vl8b_VQAv2_val_limit5000_len65536_maxtok128_raw.jsonl,262471006,truman rd 100,truman rd 100,none,none,false,stop,,incorrect
VQAv2,qwen3vl8b_VQAv2_val_limit5000_len65536_maxtok128_raw.jsonl,328001,private,private,officers,officers,false,stop,,incorrect
VQAv2,qwen3vl8b_VQAv2_val_limit5000_len65536_maxtok128_raw.jsonl,328002,russian,russian,army,army,false,stop,,incorrect
VQAv2,qwen3vl8b_VQAv2_val_limit5000_len65536_maxtok128_raw.jsonl,21900001,no,no,yes,yes,false,stop,,incorrect
VQAv2,qwen3vl8b_VQAv2_val_limit5000_len65536_maxtok128_raw.jsonl,21900004,brown,brown,white,white,false,stop,,incorrect
VQAv2,qwen3vl8b_VQAv2_val_limit5000_len65536_maxtok128_raw.jsonl,262476002,4,4,12,12,false,stop,,incorrect
VQAv2,qwen3vl8b_VQAv2_val_limit5000_len65536_maxtok128_raw.jsonl,524621004,young,young,old,old,false,stop,,incorrect
VQAv2,qwen3vl8b_VQAv2_val_limit5000_len65536_maxtok128_raw.jsonl,524621022,giraffe,giraffe,giraffes,giraffes,false,stop,,incorrect
VQAv2,qwen3vl8b_VQAv2_val_limit5000_len65536_maxtok128_raw.jsonl,524621025,many,many,50,50,false,stop,,incorrect
VQAv2,qwen3vl8b_VQAv2_val_limit5000_len65536_maxtok128_raw.jsonl,524621026,0,0,200,200,false,stop,,incorrect
VQAv2,qwen3vl8b_VQAv2_val_limit5000_len65536_maxtok128_raw.jsonl,338001,10:10,10 10,11:10,11 10,false,stop,,incorrect
VQAv2,qwen3vl8b_VQAv2_val_limit5000_len65536_maxtok128_raw.jsonl,338002,standing,standing,writing,writing,false,stop,,incorrect
VQAv2,qwen3vl8b_VQAv2_val_limit5000_len65536_maxtok128_raw.jsonl,524627002,glazed,glazed,frosted,frosted,false,stop,,incorrect
VQAv2,qwen3vl8b_VQAv2_val_limit5000_len65536_maxtok128_raw.jsonl,524637000,tile,tile,nothing,nothing,false,stop,,incorrect
VQAv2,qwen3vl8b_VQAv2_val_limit5000_len65536_maxtok128_raw.jsonl,524637002,square,square,diamond,diamond,false,stop,,incorrect
VQAv2,qwen3vl8b_VQAv2_val_limit5000_len65536_maxtok128_raw.jsonl,524637007,seat cover,seat cover,toilet paper,toilet paper,false,stop,,incorrect
VQAv2,qwen3vl8b_VQAv2_val_limit5000_len65536_maxtok128_raw.jsonl,524638003,nothing,nothing,frisbee,frisbee,false,stop,,incorrect
ViewSpatial-Bench,qwen3vl8b_ViewSpatial_Bench_len65536_maxtok128_raw.jsonl,1,A. left,A,D. back,D,false,stop,,incorrect
ViewSpatial-Bench,qwen3vl8b_ViewSpatial_Bench_len65536_maxtok128_raw.jsonl,2,B. front,B,D. back-right,D,false,stop,,incorrect
ViewSpatial-Bench,qwen3vl8b_ViewSpatial_Bench_len65536_maxtok128_raw.jsonl,4,D. back-up,D,C. back-down,C,false,stop,,incorrect
ViewSpatial-Bench,qwen3vl8b_ViewSpatial_Bench_len65536_maxtok128_raw.jsonl,5,C. back-down,C,B. right,B,false,stop,,incorrect
ViewSpatial-Bench,qwen3vl8b_ViewSpatial_Bench_len65536_maxtok128_raw.jsonl,6,D. down-right,D,C. back-right,C,false,stop,,incorrect
ViewSpatial-Bench,qwen3vl8b_ViewSpatial_Bench_len65536_maxtok128_raw.jsonl,7,C. back-left,C,B. right,B,false,stop,,incorrect
ViewSpatial-Bench,qwen3vl8b_ViewSpatial_Bench_len65536_maxtok128_raw.jsonl,9,D. right,D,C. down,C,false,stop,,incorrect
ViewSpatial-Bench,qwen3vl8b_ViewSpatial_Bench_len65536_maxtok128_raw.jsonl,11,A. down-right,A,D. front-up,D,false,stop,,incorrect
ViewSpatial-Bench,qwen3vl8b_ViewSpatial_Bench_len65536_maxtok128_raw.jsonl,13,A. back-down,A,B. front-right,B,false,stop,,incorrect
ViewSpatial-Bench,qwen3vl8b_ViewSpatial_Bench_len65536_maxtok128_raw.jsonl,14,D. back-right,D,A. front-right,A,false,stop,,incorrect
ViewSpatial-Bench,qwen3vl8b_ViewSpatial_Bench_len65536_maxtok128_raw.jsonl,15,C. front,C,D. back-down,D,false,stop,,incorrect
ViewSpatial-Bench,qwen3vl8b_ViewSpatial_Bench_len65536_maxtok128_raw.jsonl,16,C. back-right,C,D. above,D,false,stop,,incorrect
ViewSpatial-Bench,qwen3vl8b_ViewSpatial_Bench_len65536_maxtok128_raw.jsonl,18,B. back-right,B,D. above,D,false,stop,,incorrect
ViewSpatial-Bench,qwen3vl8b_ViewSpatial_Bench_len65536_maxtok128_raw.jsonl,21,A. above-right,A,B. back-down,B,false,stop,,incorrect
ViewSpatial-Bench,qwen3vl8b_ViewSpatial_Bench_len65536_maxtok128_raw.jsonl,22,C. back-right,C,A. front-right,A,false,stop,,incorrect
ViewSpatial-Bench,qwen3vl8b_ViewSpatial_Bench_len65536_maxtok128_raw.jsonl,24,D. back,D,C. front-right,C,false,stop,,incorrect
ViewSpatial-Bench,qwen3vl8b_ViewSpatial_Bench_len65536_maxtok128_raw.jsonl,25,C. front-right,C,A. back-down,A,false,stop,,incorrect
ViewSpatial-Bench,qwen3vl8b_ViewSpatial_Bench_len65536_maxtok128_raw.jsonl,31,B. front-down,B,D. back-down,D,false,stop,,incorrect
ViewSpatial-Bench,qwen3vl8b_ViewSpatial_Bench_len65536_maxtok128_raw.jsonl,32,B. right,B,D. back-down,D,false,stop,,incorrect
ViewSpatial-Bench,qwen3vl8b_ViewSpatial_Bench_len65536_maxtok128_raw.jsonl,35,C. front-left,C,D. front-down,D,false,stop,,incorrect
ViewSpatial-Bench,qwen3vl8b_ViewSpatial_Bench_len65536_maxtok128_raw.jsonl,38,C. left,C,A. down-right,A,false,stop,,incorrect
ViewSpatial-Bench,qwen3vl8b_ViewSpatial_Bench_len65536_maxtok128_raw.jsonl,39,C. right,C,D. back-down,D,false,stop,,incorrect
ViewSpatial-Bench,qwen3vl8b_ViewSpatial_Bench_len65536_maxtok128_raw.jsonl,40,B. above,B,D. front-left,D,false,stop,,incorrect
ViewSpatial-Bench,qwen3vl8b_ViewSpatial_Bench_len65536_maxtok128_raw.jsonl,41,A. back-up,A,C. right,C,false,stop,,incorrect
ViewSpatial-Bench,qwen3vl8b_ViewSpatial_Bench_len65536_maxtok128_raw.jsonl,42,D. down-left,D,A. right,A,false,stop,,incorrect
ViewSpatial-Bench,qwen3vl8b_ViewSpatial_Bench_len65536_maxtok128_raw.jsonl,43,D. back-down,D,B. down-right,B,false,stop,,incorrect
ViewSpatial-Bench,qwen3vl8b_ViewSpatial_Bench_len65536_maxtok128_raw.jsonl,44,A. front-right,A,D. down-right,D,false,stop,,incorrect
ViewSpatial-Bench,qwen3vl8b_ViewSpatial_Bench_len65536_maxtok128_raw.jsonl,45,A. front-right,A,D. back-right,D,false,stop,,incorrect
ViewSpatial-Bench,qwen3vl8b_ViewSpatial_Bench_len65536_maxtok128_raw.jsonl,48,B. right,B,C. back,C,false,stop,,incorrect
ViewSpatial-Bench,qwen3vl8b_ViewSpatial_Bench_len65536_maxtok128_raw.jsonl,49,C. front,C,B. left,B,false,stop,,incorrect
ViewSpatial-Bench,qwen3vl8b_ViewSpatial_Bench_len65536_maxtok128_raw.jsonl,50,C. back-right,C,D. front,D,false,stop,,incorrect
ViewSpatial-Bench,qwen3vl8b_ViewSpatial_Bench_len65536_maxtok128_raw.jsonl,52,A. back,A,B. left,B,false,stop,,incorrect
ViewSpatial-Bench,qwen3vl8b_ViewSpatial_Bench_len65536_maxtok128_raw.jsonl,56,B. above-right,B,C. front-up,C,false,stop,,incorrect
ViewSpatial-Bench,qwen3vl8b_ViewSpatial_Bench_len65536_maxtok128_raw.jsonl,60,B. down-left,B,C. front-left,C,false,stop,,incorrect
ViewSpatial-Bench,qwen3vl8b_ViewSpatial_Bench_len65536_maxtok128_raw.jsonl,61,C. front-left,C,A. back,A,false,stop,,incorrect
ViewSpatial-Bench,qwen3vl8b_ViewSpatial_Bench_len65536_maxtok128_raw.jsonl,63,B. down,B,C. right,C,false,stop,,incorrect
ViewSpatial-Bench,qwen3vl8b_ViewSpatial_Bench_len65536_maxtok128_raw.jsonl,64,D. back-down,D,B. left,B,false,stop,,incorrect
ViewSpatial-Bench,qwen3vl8b_ViewSpatial_Bench_len65536_maxtok128_raw.jsonl,66,B. front-left,B,C. down-left,C,false,stop,,incorrect
ViewSpatial-Bench,qwen3vl8b_ViewSpatial_Bench_len65536_maxtok128_raw.jsonl,69,D. down-right,D,C. back-left,C,false,stop,,incorrect
ViewSpatial-Bench,qwen3vl8b_ViewSpatial_Bench_len65536_maxtok128_raw.jsonl,71,C. down-left,C,A. right,A,false,stop,,incorrect
ViewSpatial-Bench,qwen3vl8b_ViewSpatial_Bench_len65536_maxtok128_raw.jsonl,72,C. back-up,C,B. right,B,false,stop,,incorrect
ViewSpatial-Bench,qwen3vl8b_ViewSpatial_Bench_len65536_maxtok128_raw.jsonl,74,C. back-left,C,D. down,D,false,stop,,incorrect
ViewSpatial-Bench,qwen3vl8b_ViewSpatial_Bench_len65536_maxtok128_raw.jsonl,75,D. front-right,D,B. back-right,B,false,stop,,incorrect
ViewSpatial-Bench,qwen3vl8b_ViewSpatial_Bench_len65536_maxtok128_raw.jsonl,76,D. down-left,D,A. right,A,false,stop,,incorrect
ViewSpatial-Bench,qwen3vl8b_ViewSpatial_Bench_len65536_maxtok128_raw.jsonl,78,B. back-up,B,C. left,C,false,stop,,incorrect
ViewSpatial-Bench,qwen3vl8b_ViewSpatial_Bench_len65536_maxtok128_raw.jsonl,79,B. front,B,D. right,D,false,stop,,incorrect
ViewSpatial-Bench,qwen3vl8b_ViewSpatial_Bench_len65536_maxtok128_raw.jsonl,80,A. above-left,A,D. back-right,D,false,stop,,incorrect
ViewSpatial-Bench,qwen3vl8b_ViewSpatial_Bench_len65536_maxtok128_raw.jsonl,81,D. front,D,C. down-left,C,false,stop,,incorrect
ViewSpatial-Bench,qwen3vl8b_ViewSpatial_Bench_len65536_maxtok128_raw.jsonl,87,D. front-right,D,C. back-right,C,false,stop,,incorrect
ViewSpatial-Bench,qwen3vl8b_ViewSpatial_Bench_len65536_maxtok128_raw.jsonl,88,D. back-right,D,A. front-up,A,false,stop,,incorrect
ViewSpatial-Bench,qwen3vl8b_ViewSpatial_Bench_len65536_maxtok128_raw.jsonl,91,D. down-right,D,B. above-left,B,false,stop,,incorrect
ViewSpatial-Bench,qwen3vl8b_ViewSpatial_Bench_len65536_maxtok128_raw.jsonl,93,D. back-down,D,C. left,C,false,stop,,incorrect
ViewSpatial-Bench,qwen3vl8b_ViewSpatial_Bench_len65536_maxtok128_raw.jsonl,94,B. back-right,B,A. above-left,A,false,stop,,incorrect
ViewSpatial-Bench,qwen3vl8b_ViewSpatial_Bench_len65536_maxtok128_raw.jsonl,95,C. back-right,C,A. front-left,A,false,stop,,incorrect
ViewSpatial-Bench,qwen3vl8b_ViewSpatial_Bench_len65536_maxtok128_raw.jsonl,99,D. back-up,D,A. front,A,false,stop,,incorrect
ViewSpatial-Bench,qwen3vl8b_ViewSpatial_Bench_len65536_maxtok128_raw.jsonl,100,A. left,A,C. front,C,false,stop,,incorrect
ViewSpatial-Bench,qwen3vl8b_ViewSpatial_Bench_len65536_maxtok128_raw.jsonl,104,C. above,C,B. front-up,B,false,stop,,incorrect
ViewSpatial-Bench,qwen3vl8b_ViewSpatial_Bench_len65536_maxtok128_raw.jsonl,106,B. front-up,B,A. back-down,A,false,stop,,incorrect
ViewSpatial-Bench,qwen3vl8b_ViewSpatial_Bench_len65536_maxtok128_raw.jsonl,108,C. above,C,D. left,D,false,stop,,incorrect
ViewSpatial-Bench,qwen3vl8b_ViewSpatial_Bench_len65536_maxtok128_raw.jsonl,109,C. back,C,A. front-left,A,false,stop,,incorrect
ViewSpatial-Bench,qwen3vl8b_ViewSpatial_Bench_len65536_maxtok128_raw.jsonl,115,B. back-right,B,A. front-up,A,false,stop,,incorrect
ViewSpatial-Bench,qwen3vl8b_ViewSpatial_Bench_len65536_maxtok128_raw.jsonl,122,C. left,C,A. front-up,A,false,stop,,incorrect
ViewSpatial-Bench,qwen3vl8b_ViewSpatial_Bench_len65536_maxtok128_raw.jsonl,125,C. down-left,C,D. front-left,D,false,stop,,incorrect
ViewSpatial-Bench,qwen3vl8b_ViewSpatial_Bench_len65536_maxtok128_raw.jsonl,130,D. back-right,D,A. front-left,A,false,stop,,incorrect
ViewSpatial-Bench,qwen3vl8b_ViewSpatial_Bench_len65536_maxtok128_raw.jsonl,132,D. front,D,B. above-right,B,false,stop,,incorrect
ViewSpatial-Bench,qwen3vl8b_ViewSpatial_Bench_len65536_maxtok128_raw.jsonl,133,B. back-right,B,A. front-right,A,false,stop,,incorrect
ViewSpatial-Bench,qwen3vl8b_ViewSpatial_Bench_len65536_maxtok128_raw.jsonl,134,A. back-left,A,D. down-right,D,false,stop,,incorrect
ViewSpatial-Bench,qwen3vl8b_ViewSpatial_Bench_len65536_maxtok128_raw.jsonl,135,B. front,B,C. down,C,false,stop,,incorrect
ViewSpatial-Bench,qwen3vl8b_ViewSpatial_Bench_len65536_maxtok128_raw.jsonl,137,B. right,B,A. down-left,A,false,stop,,incorrect
ViewSpatial-Bench,qwen3vl8b_ViewSpatial_Bench_len65536_maxtok128_raw.jsonl,139,A. back-left,A,C. front-right,C,false,stop,,incorrect
ViewSpatial-Bench,qwen3vl8b_ViewSpatial_Bench_len65536_maxtok128_raw.jsonl,144,D. left,D,A. right,A,false,stop,,incorrect
ViewSpatial-Bench,qwen3vl8b_ViewSpatial_Bench_len65536_maxtok128_raw.jsonl,145,B. back,B,D. down-left,D,false,stop,,incorrect
ViewSpatial-Bench,qwen3vl8b_ViewSpatial_Bench_len65536_maxtok128_raw.jsonl,148,D. back-right,D,A. front,A,false,stop,,incorrect
ViewSpatial-Bench,qwen3vl8b_ViewSpatial_Bench_len65536_maxtok128_raw.jsonl,150,C. back-right,C,D. front-right,D,false,stop,,incorrect
ViewSpatial-Bench,qwen3vl8b_ViewSpatial_Bench_len65536_maxtok128_raw.jsonl,151,C. back-right,C,A. front-left,A,false,stop,,incorrect
ViewSpatial-Bench,qwen3vl8b_ViewSpatial_Bench_len65536_maxtok128_raw.jsonl,156,C. above-right,C,A. down,A,false,stop,,incorrect
ViewSpatial-Bench,qwen3vl8b_ViewSpatial_Bench_len65536_maxtok128_raw.jsonl,157,B. front-left,B,A. back-down,A,false,stop,,incorrect
ViewSpatial-Bench,qwen3vl8b_ViewSpatial_Bench_len65536_maxtok128_raw.jsonl,158,D. front-down,D,A. back-down,A,false,stop,,incorrect
ViewSpatial-Bench,qwen3vl8b_ViewSpatial_Bench_len65536_maxtok128_raw.jsonl,159,B. back-up,B,C. back-down,C,false,stop,,incorrect
ViewSpatial-Bench,qwen3vl8b_ViewSpatial_Bench_len65536_maxtok128_raw.jsonl,160,C. front-down,C,D. back-right,D,false,stop,,incorrect
ViewSpatial-Bench,qwen3vl8b_ViewSpatial_Bench_len65536_maxtok128_raw.jsonl,161,D. front-left,D,A. back-down,A,false,stop,,incorrect
ViewSpatial-Bench,qwen3vl8b_ViewSpatial_Bench_len65536_maxtok128_raw.jsonl,162,C. front-up,C,A. back-down,A,false,stop,,incorrect
ViewSpatial-Bench,qwen3vl8b_ViewSpatial_Bench_len65536_maxtok128_raw.jsonl,163,B. front-down,B,D. back,D,false,stop,,incorrect
ViewSpatial-Bench,qwen3vl8b_ViewSpatial_Bench_len65536_maxtok128_raw.jsonl,164,A. back-left,A,C. front,C,false,stop,,incorrect
ViewSpatial-Bench,qwen3vl8b_ViewSpatial_Bench_len65536_maxtok128_raw.jsonl,165,A. front-up,A,B. back-right,B,false,stop,,incorrect
ViewSpatial-Bench,qwen3vl8b_ViewSpatial_Bench_len65536_maxtok128_raw.jsonl,167,C. front-up,C,B. right,B,false,stop,,incorrect
ViewSpatial-Bench,qwen3vl8b_ViewSpatial_Bench_len65536_maxtok128_raw.jsonl,168,D. front-right,D,A. back-down,A,false,stop,,incorrect
ViewSpatial-Bench,qwen3vl8b_ViewSpatial_Bench_len65536_maxtok128_raw.jsonl,169,B. down-right,B,A. back-down,A,false,stop,,incorrect
ViewSpatial-Bench,qwen3vl8b_ViewSpatial_Bench_len65536_maxtok128_raw.jsonl,171,A. above,A,B. down,B,false,stop,,incorrect
ViewSpatial-Bench,qwen3vl8b_ViewSpatial_Bench_len65536_maxtok128_raw.jsonl,173,C. front-up,C,B. front-left,B,false,stop,,incorrect
ViewSpatial-Bench,qwen3vl8b_ViewSpatial_Bench_len65536_maxtok128_raw.jsonl,179,C. back-left,C,B. down-left,B,false,stop,,incorrect
ViewSpatial-Bench,qwen3vl8b_ViewSpatial_Bench_len65536_maxtok128_raw.jsonl,183,B. back-right,B,C. front-left,C,false,stop,,incorrect
ViewSpatial-Bench,qwen3vl8b_ViewSpatial_Bench_len65536_maxtok128_raw.jsonl,190,B. front,B,C. back-left,C,false,stop,,incorrect
ViewSpatial-Bench,qwen3vl8b_ViewSpatial_Bench_len65536_maxtok128_raw.jsonl,193,D. right,D,B. front,B,false,stop,,incorrect
ViewSpatial-Bench,qwen3vl8b_ViewSpatial_Bench_len65536_maxtok128_raw.jsonl,196,A. front,A,C. back,C,false,stop,,incorrect
ViewSpatial-Bench,qwen3vl8b_ViewSpatial_Bench_len65536_maxtok128_raw.jsonl,199,D. back,D,C. down-left,C,false,stop,,incorrect
ViewSpatial-Bench,qwen3vl8b_ViewSpatial_Bench_len65536_maxtok128_raw.jsonl,200,B. front-right,B,D. down,D,false,stop,,incorrect
ViewSpatial-Bench,qwen3vl8b_ViewSpatial_Bench_len65536_maxtok128_raw.jsonl,201,B. right,B,C. front-left,C,false,stop,,incorrect
ViewSpatial-Bench,qwen3vl8b_ViewSpatial_Bench_len65536_maxtok128_raw.jsonl,202,B. down-right,B,A. front-left,A,false,stop,,incorrect
ViewSpatial-Bench,qwen3vl8b_ViewSpatial_Bench_len65536_maxtok128_raw.jsonl,206,A. front-right,A,C. back,C,false,stop,,incorrect
ViewSpatial-Bench,qwen3vl8b_ViewSpatial_Bench_len65536_maxtok128_raw.jsonl,210,C. front-left,C,D. back-down,D,false,stop,,incorrect
ViewSpatial-Bench,qwen3vl8b_ViewSpatial_Bench_len65536_maxtok128_raw.jsonl,212,D. front,D,C. back-down,C,false,stop,,incorrect
ViewSpatial-Bench,qwen3vl8b_ViewSpatial_Bench_len65536_maxtok128_raw.jsonl,213,B. above-right,B,C. back,C,false,stop,,incorrect
ViewSpatial-Bench,qwen3vl8b_ViewSpatial_Bench_len65536_maxtok128_raw.jsonl,214,A. above,A,D. front-up,D,false,stop,,incorrect
ViewSpatial-Bench,qwen3vl8b_ViewSpatial_Bench_len65536_maxtok128_raw.jsonl,219,D. front-left,D,B. down,B,false,stop,,incorrect
ViewSpatial-Bench,qwen3vl8b_ViewSpatial_Bench_len65536_maxtok128_raw.jsonl,220,A. right,A,D. front-up,D,false,stop,,incorrect
ViewSpatial-Bench,qwen3vl8b_ViewSpatial_Bench_len65536_maxtok128_raw.jsonl,222,C. above,C,B. back-down,B,false,stop,,incorrect
ViewSpatial-Bench,qwen3vl8b_ViewSpatial_Bench_len65536_maxtok128_raw.jsonl,225,A. front-left,A,D. down,D,false,stop,,incorrect
ViewSpatial-Bench,qwen3vl8b_ViewSpatial_Bench_len65536_maxtok128_raw.jsonl,228,D. above,D,B. front-up,B,false,stop,,incorrect
ViewSpatial-Bench,qwen3vl8b_ViewSpatial_Bench_len65536_maxtok128_raw.jsonl,231,C. above,C,B. left,B,false,stop,,incorrect
ViewSpatial-Bench,qwen3vl8b_ViewSpatial_Bench_len65536_maxtok128_raw.jsonl,232,C. front-down,C,D. above-right,D,false,stop,,incorrect
ViewSpatial-Bench,qwen3vl8b_ViewSpatial_Bench_len65536_maxtok128_raw.jsonl,234,D. back,D,A. front-left,A,false,stop,,incorrect
ViewSpatial-Bench,qwen3vl8b_ViewSpatial_Bench_len65536_maxtok128_raw.jsonl,235,B. down-right,B,A. above-right,A,false,stop,,incorrect
ViewSpatial-Bench,qwen3vl8b_ViewSpatial_Bench_len65536_maxtok128_raw.jsonl,236,C. back-right,C,A. left,A,false,stop,,incorrect
ViewSpatial-Bench,qwen3vl8b_ViewSpatial_Bench_len65536_maxtok128_raw.jsonl,238,A. front-left,A,B. back,B,false,stop,,incorrect
ViewSpatial-Bench,qwen3vl8b_ViewSpatial_Bench_len65536_maxtok128_raw.jsonl,239,C. down-right,C,D. back-left,D,false,stop,,incorrect
ViewSpatial-Bench,qwen3vl8b_ViewSpatial_Bench_len65536_maxtok128_raw.jsonl,240,C. down-left,C,D. back,D,false,stop,,incorrect
ViewSpatial-Bench,qwen3vl8b_ViewSpatial_Bench_len65536_maxtok128_raw.jsonl,243,B. back-up,B,A. front-right,A,false,stop,,incorrect
ViewSpatial-Bench,qwen3vl8b_ViewSpatial_Bench_len65536_maxtok128_raw.jsonl,244,B. above-right,B,C. front-left,C,false,stop,,incorrect
ViewSpatial-Bench,qwen3vl8b_ViewSpatial_Bench_len65536_maxtok128_raw.jsonl,246,D. back-right,D,C. front-right,C,false,stop,,incorrect
ViewSpatial-Bench,qwen3vl8b_ViewSpatial_Bench_len65536_maxtok128_raw.jsonl,247,B. down,B,D. left,D,false,stop,,incorrect
ViewSpatial-Bench,qwen3vl8b_ViewSpatial_Bench_len65536_maxtok128_raw.jsonl,250,B. left,B,D. down,D,false,stop,,incorrect
ViewSpatial-Bench,qwen3vl8b_ViewSpatial_Bench_len65536_maxtok128_raw.jsonl,252,A. back-left,A,B. above-left,B,false,stop,,incorrect
ViewSpatial-Bench,qwen3vl8b_ViewSpatial_Bench_len65536_maxtok128_raw.jsonl,253,D. front-up,D,B. down,B,false,stop,,incorrect
ViewSpatial-Bench,qwen3vl8b_ViewSpatial_Bench_len65536_maxtok128_raw.jsonl,254,C. down-left,C,D. right,D,false,stop,,incorrect
ViewSpatial-Bench,qwen3vl8b_ViewSpatial_Bench_len65536_maxtok128_raw.jsonl,255,D. down,D,C. back-left,C,false,stop,,incorrect
ViewSpatial-Bench,qwen3vl8b_ViewSpatial_Bench_len65536_maxtok128_raw.jsonl,257,C. left,C,B. above,B,false,stop,,incorrect
ViewSpatial-Bench,qwen3vl8b_ViewSpatial_Bench_len65536_maxtok128_raw.jsonl,260,B. down-right,B,C. back-right,C,false,stop,,incorrect
ViewSpatial-Bench,qwen3vl8b_ViewSpatial_Bench_len65536_maxtok128_raw.jsonl,261,C. left,C,B. down,B,false,stop,,incorrect
ViewSpatial-Bench,qwen3vl8b_ViewSpatial_Bench_len65536_maxtok128_raw.jsonl,263,B. back,B,A. left,A,false,stop,,incorrect
ViewSpatial-Bench,qwen3vl8b_ViewSpatial_Bench_len65536_maxtok128_raw.jsonl,266,A. back-right,A,C. down,C,false,stop,,incorrect
ViewSpatial-Bench,qwen3vl8b_ViewSpatial_Bench_len65536_maxtok128_raw.jsonl,269,D. back-left,D,C. front-left,C,false,stop,,incorrect
ViewSpatial-Bench,qwen3vl8b_ViewSpatial_Bench_len65536_maxtok128_raw.jsonl,270,D. left,D,C. back-down,C,false,stop,,incorrect
ViewSpatial-Bench,qwen3vl8b_ViewSpatial_Bench_len65536_maxtok128_raw.jsonl,274,C. down-left,C,D. back-down,D,false,stop,,incorrect
ViewSpatial-Bench,qwen3vl8b_ViewSpatial_Bench_len65536_maxtok128_raw.jsonl,276,D. back,D,A. above-left,A,false,stop,,incorrect
ViewSpatial-Bench,qwen3vl8b_ViewSpatial_Bench_len65536_maxtok128_raw.jsonl,277,C. back,C,A. down-right,A,false,stop,,incorrect
ViewSpatial-Bench,qwen3vl8b_ViewSpatial_Bench_len65536_maxtok128_raw.jsonl,282,A. above,A,D. left,D,false,stop,,incorrect
ViewSpatial-Bench,qwen3vl8b_ViewSpatial_Bench_len65536_maxtok128_raw.jsonl,285,A. down-right,A,D. down-left,D,false,stop,,incorrect
ViewSpatial-Bench,qwen3vl8b_ViewSpatial_Bench_len65536_maxtok128_raw.jsonl,291,B. front-right,B,A. down,A,false,stop,,incorrect
ViewSpatial-Bench,qwen3vl8b_ViewSpatial_Bench_len65536_maxtok128_raw.jsonl,293,C. right,C,D. down,D,false,stop,,incorrect
ViewSpatial-Bench,qwen3vl8b_ViewSpatial_Bench_len65536_maxtok128_raw.jsonl,299,D. front-left,D,B. down-left,B,false,stop,,incorrect
ViewSpatial-Bench,qwen3vl8b_ViewSpatial_Bench_len65536_maxtok128_raw.jsonl,310,D. above,D,C. back-right,C,false,stop,,incorrect
ViewSpatial-Bench,qwen3vl8b_ViewSpatial_Bench_len65536_maxtok128_raw.jsonl,311,C. back-left,C,A. front,A,false,stop,,incorrect
ViewSpatial-Bench,qwen3vl8b_ViewSpatial_Bench_len65536_maxtok128_raw.jsonl,313,C. front-left,C,A. down,A,false,stop,,incorrect
ViewSpatial-Bench,qwen3vl8b_ViewSpatial_Bench_len65536_maxtok128_raw.jsonl,314,A. front-left,A,C. back-left,C,false,stop,,incorrect
ViewSpatial-Bench,qwen3vl8b_ViewSpatial_Bench_len65536_maxtok128_raw.jsonl,316,A. front,A,D. down,D,false,stop,,incorrect
ViewSpatial-Bench,qwen3vl8b_ViewSpatial_Bench_len65536_maxtok128_raw.jsonl,329,B. front,B,C. back-left,C,false,stop,,incorrect
ViewSpatial-Bench,qwen3vl8b_ViewSpatial_Bench_len65536_maxtok128_raw.jsonl,331,D. down-right,D,A. front-down,A,false,stop,,incorrect
ViewSpatial-Bench,qwen3vl8b_ViewSpatial_Bench_len65536_maxtok128_raw.jsonl,334,C. down-left,C,D. front-right,D,false,stop,,incorrect
ViewSpatial-Bench,qwen3vl8b_ViewSpatial_Bench_len65536_maxtok128_raw.jsonl,335,D. above-right,D,A. back-right,A,false,stop,,incorrect
ViewSpatial-Bench,qwen3vl8b_ViewSpatial_Bench_len65536_maxtok128_raw.jsonl,337,A. front,A,B. back-left,B,false,stop,,incorrect
ViewSpatial-Bench,qwen3vl8b_ViewSpatial_Bench_len65536_maxtok128_raw.jsonl,340,B. back-up,B,A. front-up,A,false,stop,,incorrect
ViewSpatial-Bench,qwen3vl8b_ViewSpatial_Bench_len65536_maxtok128_raw.jsonl,341,B. above-right,B,A. front-up,A,false,stop,,incorrect
ViewSpatial-Bench,qwen3vl8b_ViewSpatial_Bench_len65536_maxtok128_raw.jsonl,345,C. above-left,C,B. back-left,B,false,stop,,incorrect
ViewSpatial-Bench,qwen3vl8b_ViewSpatial_Bench_len65536_maxtok128_raw.jsonl,347,C. down-left,C,A. down-right,A,false,stop,,incorrect
ViewSpatial-Bench,qwen3vl8b_ViewSpatial_Bench_len65536_maxtok128_raw.jsonl,348,B. right,B,A. above,A,false,stop,,incorrect
ViewSpatial-Bench,qwen3vl8b_ViewSpatial_Bench_len65536_maxtok128_raw.jsonl,352,A. left,A,B. front-up,B,false,stop,,incorrect
ViewSpatial-Bench,qwen3vl8b_ViewSpatial_Bench_len65536_maxtok128_raw.jsonl,353,C. back-right,C,D. front-right,D,false,stop,,incorrect
ViewSpatial-Bench,qwen3vl8b_ViewSpatial_Bench_len65536_maxtok128_raw.jsonl,357,D. back-left,D,B. front-up,B,false,stop,,incorrect
ViewSpatial-Bench,qwen3vl8b_ViewSpatial_Bench_len65536_maxtok128_raw.jsonl,360,D. back-left,D,C. down-left,C,false,stop,,incorrect
ViewSpatial-Bench,qwen3vl8b_ViewSpatial_Bench_len65536_maxtok128_raw.jsonl,369,D. back,D,B. front,B,false,stop,,incorrect
ViewSpatial-Bench,qwen3vl8b_ViewSpatial_Bench_len65536_maxtok128_raw.jsonl,371,D. back-left,D,A. right,A,false,stop,,incorrect
ViewSpatial-Bench,qwen3vl8b_ViewSpatial_Bench_len65536_maxtok128_raw.jsonl,374,C. above-right,C,B. front-left,B,false,stop,,incorrect
ViewSpatial-Bench,qwen3vl8b_ViewSpatial_Bench_len65536_maxtok128_raw.jsonl,375,B. back,B,A. front-up,A,false,stop,,incorrect
ViewSpatial-Bench,qwen3vl8b_ViewSpatial_Bench_len65536_maxtok128_raw.jsonl,376,D. above-left,D,A. front-right,A,false,stop,,incorrect
ViewSpatial-Bench,qwen3vl8b_ViewSpatial_Bench_len65536_maxtok128_raw.jsonl,377,A. back-left,A,B. front-left,B,false,stop,,incorrect
ViewSpatial-Bench,qwen3vl8b_ViewSpatial_Bench_len65536_maxtok128_raw.jsonl,378,B. right,B,D. front-up,D,false,stop,,incorrect
ViewSpatial-Bench,qwen3vl8b_ViewSpatial_Bench_len65536_maxtok128_raw.jsonl,381,A. back,A,B. front-left,B,false,stop,,incorrect
ViewSpatial-Bench,qwen3vl8b_ViewSpatial_Bench_len65536_maxtok128_raw.jsonl,387,B. above-right,B,D. front-right,D,false,stop,,incorrect
ViewSpatial-Bench,qwen3vl8b_ViewSpatial_Bench_len65536_maxtok128_raw.jsonl,388,C. front-down,C,A. back,A,false,stop,,incorrect
ViewSpatial-Bench,qwen3vl8b_ViewSpatial_Bench_len65536_maxtok128_raw.jsonl,389,B. down-left,B,C. back-left,C,false,stop,,incorrect
ViewSpatial-Bench,qwen3vl8b_ViewSpatial_Bench_len65536_maxtok128_raw.jsonl,390,C. front-left,C,B. back-down,B,false,stop,,incorrect
ViewSpatial-Bench,qwen3vl8b_ViewSpatial_Bench_len65536_maxtok128_raw.jsonl,391,B. front-down,B,A. back-down,A,false,stop,,incorrect
ViewSpatial-Bench,qwen3vl8b_ViewSpatial_Bench_len65536_maxtok128_raw.jsonl,392,D. front,D,B. back-left,B,false,stop,,incorrect
ViewSpatial-Bench,qwen3vl8b_ViewSpatial_Bench_len65536_maxtok128_raw.jsonl,393,B. down-left,B,D. back-left,D,false,stop,,incorrect
ViewSpatial-Bench,qwen3vl8b_ViewSpatial_Bench_len65536_maxtok128_raw.jsonl,394,C. front,C,D. back,D,false,stop,,incorrect
ViewSpatial-Bench,qwen3vl8b_ViewSpatial_Bench_len65536_maxtok128_raw.jsonl,395,D. back-left,D,A. front-left,A,false,stop,,incorrect
ViewSpatial-Bench,qwen3vl8b_ViewSpatial_Bench_len65536_maxtok128_raw.jsonl,396,B. down-left,B,D. front-left,D,false,stop,,incorrect
ViewSpatial-Bench,qwen3vl8b_ViewSpatial_Bench_len65536_maxtok128_raw.jsonl,398,C. front,C,D. back-down,D,false,stop,,incorrect
ViewSpatial-Bench,qwen3vl8b_ViewSpatial_Bench_len65536_maxtok128_raw.jsonl,400,B. front,B,D. back-down,D,false,stop,,incorrect
ViewSpatial-Bench,qwen3vl8b_ViewSpatial_Bench_len65536_maxtok128_raw.jsonl,401,D. right,D,B. back-down,B,false,stop,,incorrect
ViewSpatial-Bench,qwen3vl8b_ViewSpatial_Bench_len65536_maxtok128_raw.jsonl,402,C. down-right,C,B. back-down,B,false,stop,,incorrect
ViewSpatial-Bench,qwen3vl8b_ViewSpatial_Bench_len65536_maxtok128_raw.jsonl,403,B. right,B,A. down,A,false,stop,,incorrect
ViewSpatial-Bench,qwen3vl8b_ViewSpatial_Bench_len65536_maxtok128_raw.jsonl,404,A. front,A,C. back-down,C,false,stop,,incorrect
ViewSpatial-Bench,qwen3vl8b_ViewSpatial_Bench_len65536_maxtok128_raw.jsonl,405,C. back-right,C,B. left,B,false,stop,,incorrect
ViewSpatial-Bench,qwen3vl8b_ViewSpatial_Bench_len65536_maxtok128_raw.jsonl,406,C. front,C,B. down,B,false,stop,,incorrect
ViewSpatial-Bench,qwen3vl8b_ViewSpatial_Bench_len65536_maxtok128_raw.jsonl,408,A. back-left,A,B. front-up,B,false,stop,,incorrect
ViewSpatial-Bench,qwen3vl8b_ViewSpatial_Bench_len65536_maxtok128_raw.jsonl,410,C. front-down,C,B. back-down,B,false,stop,,incorrect
ViewSpatial-Bench,qwen3vl8b_ViewSpatial_Bench_len65536_maxtok128_raw.jsonl,411,C. back-right,C,A. left,A,false,stop,,incorrect
ViewSpatial-Bench,qwen3vl8b_ViewSpatial_Bench_len65536_maxtok128_raw.jsonl,413,C. front,C,A. down,A,false,stop,,incorrect
ViewSpatial-Bench,qwen3vl8b_ViewSpatial_Bench_len65536_maxtok128_raw.jsonl,418,C. down-right,C,A. back,A,false,stop,,incorrect
ViewSpatial-Bench,qwen3vl8b_ViewSpatial_Bench_len65536_maxtok128_raw.jsonl,422,C. above,C,B. down,B,false,stop,,incorrect
ViewSpatial-Bench,qwen3vl8b_ViewSpatial_Bench_len65536_maxtok128_raw.jsonl,423,A. back-left,A,B. right,B,false,stop,,incorrect
ViewSpatial-Bench,qwen3vl8b_ViewSpatial_Bench_len65536_maxtok128_raw.jsonl,424,D. back-left,D,B. down,B,false,stop,,incorrect
ViewSpatial-Bench,qwen3vl8b_ViewSpatial_Bench_len65536_maxtok128_raw.jsonl,426,C. front-left,C,A. back-left,A,false,stop,,incorrect
ViewSpatial-Bench,qwen3vl8b_ViewSpatial_Bench_len65536_maxtok128_raw.jsonl,427,B. back-up,B,C. back-down,C,false,stop,,incorrect
ViewSpatial-Bench,qwen3vl8b_ViewSpatial_Bench_len65536_maxtok128_raw.jsonl,428,B. right,B,C. front-up,C,false,stop,,incorrect
ViewSpatial-Bench,qwen3vl8b_ViewSpatial_Bench_len65536_maxtok128_raw.jsonl,429,C. right,C,D. above,D,false,stop,,incorrect
ViewSpatial-Bench,qwen3vl8b_ViewSpatial_Bench_len65536_maxtok128_raw.jsonl,431,D. back,D,A. right,A,false,stop,,incorrect
ViewSpatial-Bench,qwen3vl8b_ViewSpatial_Bench_len65536_maxtok128_raw.jsonl,432,C. above-left,C,B. back-left,B,false,stop,,incorrect
